Index,entry_date,exit_date,r,planned_rr,status,hit_target,ticker,signal_date,pa,osc
570,2023-04-03,2023-05-03,0.505669112333714,0.8027314414119227,be,True,SBUX,2023-03-31,4,2
608,2023-04-03,2023-05-15,1.0483183260918552,1.2032072735245563,time,True,MAR,2023-03-31,4,2
622,2023-04-03,2023-05-15,0.21235664134262106,1.0216424829315665,time,False,HLT,2023-03-31,4,2
1335,2023-04-03,2023-05-15,0.4174879887398301,1.4643263711901462,time,False,VST,2023-03-31,4,2
1601,2023-04-03,2023-05-02,-1.032270862589012,4.153231169660119,stop,False,BEN,2023-03-31,4,2
1747,2023-04-03,2023-04-26,-1.023494585985254,1.7826637215147816,stop,False,CINF,2023-03-31,4,2
2142,2023-04-03,2023-04-05,-1.036391710501513,1.4229613972815673,stop,False,CHRW,2023-03-31,4,2
2171,2023-04-03,2023-04-26,-1.0687460861274554,2.1711689948814135,gap_stop,False,ODFL,2023-03-31,4,2
2201,2023-04-03,2023-05-15,0.834051723638764,1.0894941836911944,time,False,PNR,2023-03-31,4,2
2321,2023-04-03,2023-05-10,-1.01971620056453,1.765788837268111,stop,False,NUE,2023-03-31,4,2
2402,2023-04-03,2023-05-15,-0.49922811426512587,0.7506757547428188,time,False,DOW,2023-03-31,4,2
2472,2023-04-03,2023-05-15,-0.30084474292703567,0.5702545952220518,time,False,VICI,2023-03-31,4,2
3439,2023-04-03,2023-05-15,0.4197655192342713,3.2478610098284384,time,False,UAL,2023-03-31,4,2
761,2023-04-04,2023-05-16,0.753041537152903,0.5120317504854472,time,True,TOL,2023-04-03,4,2
969,2023-04-04,2023-05-05,0.9789882040813369,1.171422339188173,ema20_runner,True,MO,2023-04-03,4,2
2419,2023-04-06,2023-05-18,-0.25415245522430635,1.07203164613352,time,False,OLN,2023-04-05,4,3
176,2023-04-11,2023-05-22,0.9910280851703978,0.7216905058860357,time,True,LRCX,2023-04-10,4,3
703,2023-04-11,2023-05-22,-0.15448346915060626,0.8429779390309634,time,False,LKQ,2023-04-10,4,3
873,2023-04-11,2023-04-21,-1.0161558047457238,1.2350330313393967,stop,False,ANF,2023-04-10,4,3
3491,2023-04-11,2023-05-04,-1.2154790612007715,1.5304480773774674,gap_stop,False,BWA,2023-04-10,4,3
2181,2023-04-11,2023-04-13,-1.055587855594198,1.3736946126075753,stop,False,FAST,2023-04-10,4,2
2441,2023-04-11,2023-05-22,0.004744647727800002,1.007010153977389,time,False,PLD,2023-04-10,4,2
1952,2023-04-11,2023-05-04,-3.337460737950609,2.3614540525639796,gap_stop,False,NVST,2023-04-10,5,2
2192,2023-04-11,2023-05-22,0.9236043432538041,2.1042645052274684,time,False,AOS,2023-04-10,4,1
3369,2023-04-11,2023-05-22,7.726330706022099,7.752408949688685,time,True,PTGX,2023-04-10,4,1
3171,2023-04-17,2023-05-26,1.2989898754472526,1.0387057336829129,time,True,DKNG,2023-04-14,4,2
805,2023-04-17,2023-04-25,0.3170173060677999,0.512061421885655,be,True,WYNN,2023-04-14,5,2
1023,2023-04-18,2023-05-24,1.2457781755400539,0.6917655165108653,ema20_runner,True,MNST,2023-04-17,6,3
229,2023-04-18,2023-04-20,-1.1630063246973095,2.1587659776518215,gap_stop,False,NXPI,2023-04-17,4,2
678,2023-04-18,2023-05-12,-1.019065503043401,1.915368887816283,stop,False,ABNB,2023-04-17,5,2
3045,2023-04-19,2023-04-24,-1.015773293445305,2.7214297572756805,stop,False,AEHR,2023-04-18,4,3
1748,2023-04-19,2023-05-31,0.7557650534651974,0.9081395107735751,time,True,UNM,2023-04-18,4,2
560,2023-04-20,2023-06-01,-0.184387618456086,0.6389624459099563,time,False,LOW,2023-04-19,5,2
2064,2023-04-21,2023-04-26,-1.0215678283241745,0.8422181092540845,stop,False,CARR,2023-04-20,4,2
3206,2023-04-24,2023-06-05,0.04740008371029357,1.3154388980194398,time,False,FOUR,2023-04-21,4,1
2003,2023-04-27,2023-05-30,3.117935543493398,3.313610011239465,ema20_runner,True,OSCR,2023-04-26,4,3
369,2023-04-28,2023-06-09,11.579261590828578,3.4554871844942294,time,True,SMCI,2023-04-27,5,2
1314,2023-04-28,2023-06-09,4.054953213047848,3.480565411471105,time,True,DT,2023-04-27,6,2
1714,2023-05-01,2023-05-02,-1.064274905993571,3.028064569953585,stop,False,PGR,2023-04-28,4,2
210,2023-05-02,2023-05-24,-1.0270702496719795,0.9407056063109637,stop,False,ADI,2023-05-01,4,2
219,2023-05-02,2023-06-13,1.5523062018983258,1.7083827468086554,time,False,MCHP,2023-05-01,4,2
2082,2023-05-03,2023-05-11,0.39443288914941044,0.6434386626338786,be,True,XYL,2023-05-02,4,2
2269,2023-05-08,2023-05-10,-1.0344342242404339,0.6960316181488897,stop,False,AXON,2023-05-05,4,2
2525,2023-05-08,2023-06-20,-0.5724191263423699,1.0631749700518567,time,False,CUBE,2023-05-05,4,2
2962,2023-05-08,2023-06-20,2.2276372411663465,1.1853067779493591,time,True,PANW,2023-05-05,4,2
356,2023-05-11,2023-06-20,2.3850015462321754,2.8446322226939444,ema20_runner,True,ANET,2023-05-10,4,2
1963,2023-05-12,2023-05-23,-1.0524024456561218,1.29220028976776,stop,False,HCA,2023-05-11,4,2
2581,2023-05-15,2023-06-23,0.7400600326151743,0.5463299715437405,ema20_runner,True,SKT,2023-05-12,4,1
125,2023-05-18,2023-05-24,0.5225118022963883,1.0957100500836485,gap_stop,True,INTU,2023-05-17,4,3
1015,2023-05-18,2023-05-18,-1.1405885579996853,3.90142360645875,stop,False,CAG,2023-05-17,4,3
321,2023-05-18,2023-05-31,0.2727881250317427,0.5940958447654912,gap_stop,True,HPQ,2023-05-17,4,2
1008,2023-05-18,2023-05-22,-1.0966034049434257,2.343137917801557,stop,False,CPB,2023-05-17,4,2
476,2023-05-19,2023-06-20,0.45603212388877773,0.7842831309662607,be,True,EA,2023-05-18,4,3
806,2023-05-19,2023-05-23,-1.027004880104761,0.904260647117938,stop,False,WYNN,2023-05-18,4,2
3277,2023-05-23,2023-06-26,0.664270236113594,0.5529994231979135,ema20_runner,True,CCJ,2023-05-22,4,3
2881,2023-05-26,2023-06-27,1.1309888916473791,1.011090112596059,ema20_runner,True,NTES,2023-05-25,4,3
87,2023-05-26,2023-06-27,0.6176186902923968,0.8020328184519571,ema20_runner,True,CSCO,2023-05-25,4,2
705,2023-05-26,2023-05-31,-1.6574560332182744,0.8866772799843375,gap_stop,False,ORLY,2023-05-25,5,2
846,2023-05-30,2023-07-12,0.9614329122665144,0.6192777993304174,time,True,DECK,2023-05-26,4,2
1890,2023-06-01,2023-07-14,3.608126006686298,3.7543435550384903,time,True,SYK,2023-05-31,4,3
1964,2023-06-01,2023-07-14,5.124501949399941,4.946272084325341,time,True,HCA,2023-05-31,4,3
1024,2023-06-01,2023-06-08,-1.1207178084127496,0.8620108897670081,gap_stop,False,MNST,2023-05-31,4,2
2842,2023-06-01,2023-07-14,1.353406508391044,2.5890395087005573,time,False,EIX,2023-05-31,4,2
3334,2023-06-01,2023-06-21,0.6377845081384799,0.8056285832825184,ema20_runner,True,BA,2023-05-31,4,2
1798,2023-06-01,2023-07-10,1.2028834795676473,1.2454423375900148,ema20_runner,True,LLY,2023-05-31,5,2
746,2023-06-02,2023-07-10,2.3897150709173784,1.984716756242036,ema20_runner,True,LEN,2023-06-01,4,3
635,2023-06-02,2023-07-17,0.44163798440550084,1.4901886663239396,time,False,YUM,2023-06-01,4,2
925,2023-06-02,2023-07-10,2.6470902724637644,2.6335010430206354,ema20_runner,True,WMT,2023-06-01,4,2
1038,2023-06-02,2023-07-11,0.8152514547822646,0.8724763000845808,ema20_runner,True,TAP,2023-06-01,4,2
1961,2023-06-02,2023-07-17,1.3477306464771073,2.4232670588504055,time,False,XRAY,2023-06-01,4,2
3356,2023-06-02,2023-06-26,-1.0193722868691482,1.4847424828648657,stop,False,VKTX,2023-06-01,4,2
583,2023-06-05,2023-07-18,1.779003338332026,1.2533221140609019,time,True,TJX,2023-06-02,4,3
2238,2023-06-05,2023-07-18,0.4719164554039131,1.2307921824469392,time,False,CP,2023-06-02,5,3
2500,2023-06-05,2023-06-23,0.3304438550133671,0.5472377284511318,ema20_runner,True,IRM,2023-06-02,5,3
126,2023-06-05,2023-07-10,0.7873224847920844,0.9401973205199853,ema20_runner,True,INTU,2023-06-02,4,2
597,2023-06-05,2023-07-18,1.3168963429274922,0.9315890996443977,time,True,BKNG,2023-06-02,4,2
945,2023-06-05,2023-07-18,0.670485031173367,2.580688553406611,time,False,PG,2023-06-02,4,2
2106,2023-06-08,2023-07-21,-0.3366145734034535,0.8002332534770696,time,False,RTX,2023-06-07,4,2
1005,2023-06-09,2023-06-28,-1.503161272210087,3.269120405545743,gap_stop,False,GIS,2023-06-08,4,3
1829,2023-06-09,2023-07-17,-1.0619526640836465,2.491194311668118,stop,False,MRK,2023-06-08,4,3
788,2023-06-13,2023-07-26,0.8535904835422422,0.5896064154403421,time,True,MGM,2023-06-12,4,3
992,2023-06-20,2023-08-01,-0.25926507052504016,0.9980250493429274,time,False,CL,2023-06-16,4,2
1298,2023-06-22,2023-08-03,1.6496592930595497,1.2895404671251394,time,True,TRGP,2023-06-21,4,3
2782,2023-06-22,2023-08-03,-0.35571924049460807,1.049298862370326,time,False,NI,2023-06-21,4,3
3041,2023-06-22,2023-06-22,-1.0586629516029014,4.7811824925375594,stop,False,ARRY,2023-06-21,4,3
3172,2023-06-22,2023-07-07,0.7842450975159331,0.9729297516423545,ema20_runner,True,DKNG,2023-06-21,4,1
3102,2023-06-23,2023-08-04,2.6149695278215224,1.1629026135957263,time,True,IONQ,2023-06-22,4,3
3197,2023-06-23,2023-07-20,1.3321205090259576,1.7132358101630683,ema20_runner,True,TOST,2023-06-22,4,2
344,2023-06-26,2023-08-03,2.994678329411214,3.3752252955193396,ema20_runner,True,AKAM,2023-06-23,4,1
3370,2023-06-26,2023-07-03,-1.0170412203304378,0.5125939897307101,stop,False,PTGX,2023-06-23,4,1
1110,2023-06-27,2023-07-14,-1.068760336052623,4.706466783572997,stop,False,XOM,2023-06-26,4,3
99,2023-06-27,2023-08-08,2.0433211073355433,1.5923175433382148,time,True,IBM,2023-06-26,4,2
477,2023-06-27,2023-08-02,0.27625517584949544,0.5209173292624072,be,True,EA,2023-06-26,6,2
52,2023-06-28,2023-08-04,0.9110129188531348,1.0675220339656524,ema20_runner,True,AVGO,2023-06-27,4,3
1444,2023-07-05,2023-08-03,0.8907306891089254,1.0484718957315697,ema20_runner,True,COF,2023-07-03,4,2
1780,2023-07-10,2023-07-31,0.5074063824224979,0.5752696036827168,ema20_runner,True,ACGL,2023-07-07,5,2
199,2023-07-11,2023-08-21,0.5097726314162505,4.812199664037533,time,False,MU,2023-07-10,4,3
2004,2023-07-11,2023-07-12,-1.04294341042312,5.308193347373522,stop,False,OSCR,2023-07-10,4,3
3403,2023-07-11,2023-08-02,-1.0223858151949459,2.600158944785001,stop,False,CRSP,2023-07-10,5,3
3278,2023-07-11,2023-08-21,2.682569436684104,1.9023801691950253,time,True,CCJ,2023-07-10,6,3
579,2023-07-11,2023-07-20,0.3181338437208514,0.5612806261092658,be,True,CMG,2023-07-10,4,2
63,2023-07-12,2023-08-09,-1.0869234487324497,4.0536643438865925,stop,False,ORCL,2023-07-11,4,2
1899,2023-07-12,2023-07-31,0.344378954233197,0.5656743086641267,be,True,MDT,2023-07-11,5,2
156,2023-07-14,2023-08-11,-1.0244216508863637,1.681351294220117,stop,False,AMD,2023-07-13,5,2
1026,2023-07-14,2023-08-04,-1.0735389232156172,2.2281086234431124,stop,False,MNST,2023-07-13,5,2
986,2023-07-14,2023-08-22,-1.0904463346660669,3.6544718547366934,stop,False,MDLZ,2023-07-13,6,2
2944,2023-07-18,2023-07-20,0.4028101381361762,0.6327156346038804,be,True,ZS,2023-07-17,4,2
3098,2023-07-19,2023-07-20,-1.0181441692534396,3.3275286880026393,stop,False,SOUN,2023-07-18,4,3
2327,2023-07-19,2023-08-29,-0.21635926827600127,0.6054116561890985,time,False,STLD,2023-07-18,6,3
1799,2023-07-19,2023-08-29,2.464589512132317,0.8947010352475724,time,True,LLY,2023-07-18,5,2
811,2023-07-20,2023-08-10,0.8992216010287871,0.9617182085337532,ema20_runner,True,RCL,2023-07-19,4,3
1081,2023-07-21,2023-08-16,0.6237929501612397,0.8612749170171612,ema20_runner,True,KR,2023-07-20,4,2
946,2023-07-21,2023-08-17,0.6720069644584579,0.9040995433969674,ema20_runner,True,PG,2023-07-20,5,2
1923,2023-07-21,2023-07-28,-1.0821360857886662,1.6472293912285445,stop,False,ZBH,2023-07-20,5,2
636,2023-07-24,2023-08-16,-1.0431959549420209,0.5625970958297953,stop,False,YUM,2023-07-21,4,2
1013,2023-07-24,2023-08-22,-1.033959320047293,1.0635362534963853,stop,False,MKC,2023-07-21,5,2
167,2023-07-25,2023-08-10,1.3073113650323986,1.3084312350614808,ema20_runner,True,AMAT,2023-07-24,4,3
531,2023-07-25,2023-08-11,-1.016580709989597,0.7735053139259953,stop,False,TSLA,2023-07-24,4,2
278,2023-07-26,2023-08-08,-1.1259055758632426,2.236246823625673,gap_stop,False,GLW,2023-07-25,4,3
26,2023-07-26,2023-08-03,-1.0564439628394562,1.5402238536675261,gap_stop,False,MSFT,2023-07-25,5,3
693,2023-07-28,2023-08-03,-1.0446285873159074,1.2005382826973603,stop,False,GM,2023-07-27,4,2
1423,2023-07-31,2023-08-18,0.5706080696826663,0.9359687903679877,ema20_runner,True,V,2023-07-28,4,1
2974,2023-08-01,2023-08-17,-1.0180633203325238,1.0658763917303933,stop,False,NET,2023-07-31,4,3
117,2023-08-01,2023-08-08,-1.0368334875514513,1.0525735458498644,stop,False,NOW,2023-07-31,5,3
2294,2023-08-02,2023-08-18,-1.0568763422767602,0.7278672566110992,stop,False,ECL,2023-08-01,5,3
88,2023-08-02,2023-09-13,0.8419599412037186,0.5164963312099368,time,True,CSCO,2023-08-01,4,2
328,2023-08-04,2023-09-15,3.8328187487646455,1.112016479413831,time,True,DELL,2023-08-03,4,3
497,2023-08-07,2023-09-06,-1.0232289333302447,1.697892242174843,stop,False,LYV,2023-08-04,4,3
1734,2023-08-08,2023-09-19,0.29590868783472724,1.0794623989884626,time,False,HIG,2023-08-07,4,3
2005,2023-08-08,2023-08-14,-1.0300703994631522,5.067332492703792,stop,False,OSCR,2023-08-07,4,2
2301,2023-08-08,2023-08-10,-1.2528882389931941,10.238773038018413,stop,False,PPG,2023-08-07,4,2
670,2023-08-08,2023-09-19,-0.24924370647165872,1.5038786434126241,time,False,EXPE,2023-08-07,5,2
2219,2023-08-08,2023-08-17,-1.0955684989562573,4.216972532831605,stop,False,FBIN,2023-08-07,5,2
3105,2023-08-09,2023-08-11,-1.0249338766992444,3.566709226662005,stop,False,COIN,2023-08-08,4,2
3452,2023-08-09,2023-08-11,-1.0590417141155528,5.095674268402625,stop,False,AAL,2023-08-08,4,2
829,2023-08-09,2023-08-11,-1.061845188776099,6.260457970564569,gap_stop,False,NCLH,2023-08-08,4,1
747,2023-08-09,2023-08-17,-1.043729280695308,0.9739904554034208,stop,False,LEN,2023-08-08,5,1
789,2023-08-09,2023-08-15,-1.0763762831773172,4.46940400920606,stop,False,MGM,2023-08-08,5,1
823,2023-08-09,2023-08-11,-1.0367048994922587,1.4917107191015029,stop,False,CCL,2023-08-08,5,1
2542,2023-08-10,2023-08-16,-1.0530388414390968,0.6658388581968822,stop,False,KIM,2023-08-09,4,3
3492,2023-08-10,2023-08-11,-1.0606410480690582,3.2203034307316623,stop,False,BWA,2023-08-09,4,3
2507,2023-08-11,2023-09-20,1.576576398148193,1.3485511095309715,ema20_runner,True,DLR,2023-08-10,4,3
3372,2023-08-11,2023-08-17,-1.017828527015433,1.0178943510731173,stop,False,IMVT,2023-08-10,4,2
3173,2023-08-14,2023-08-16,-1.0315080427678907,2.8182710076511674,stop,False,DKNG,2023-08-11,4,3
37,2023-08-15,2023-09-08,0.5803416145976139,0.7439648891836194,ema20_runner,True,NVDA,2023-08-14,4,3
157,2023-08-15,2023-08-17,-1.0317272002599438,2.8579487952292237,stop,False,AMD,2023-08-14,4,3
241,2023-08-15,2023-08-16,-1.0644758459167514,4.886536482964134,stop,False,ON,2023-08-14,4,3
2289,2023-08-15,2023-09-18,-1.0391014560379137,0.5035929947896349,stop,False,SHW,2023-08-14,4,3
2302,2023-08-15,2023-09-07,-1.1171986102710165,5.551819649398552,stop,False,PPG,2023-08-14,4,3
3057,2023-08-15,2023-08-25,-1.5644539791077552,2.5681724135948207,gap_stop,False,MRVL,2023-08-14,4,3
2993,2023-08-15,2023-08-18,-1.2095898992230165,4.669161316688874,gap_stop,False,MDB,2023-08-14,5,3
2006,2023-08-16,2023-08-24,-1.015994933490966,2.330548385251116,stop,False,OSCR,2023-08-15,4,3
65,2023-08-16,2023-09-12,0.6801180662469115,1.480582978407193,gap_stop,True,ORCL,2023-08-15,5,2
168,2023-08-21,2023-09-11,1.0032250161527478,1.1272582055159477,ema20_runner,True,AMAT,2023-08-18,4,3
718,2023-08-21,2023-08-22,-1.0502615228248706,1.6169226810732125,stop,False,WSM,2023-08-18,4,3
1039,2023-08-21,2023-10-02,-0.09976970362864047,6.4581295396422425,time,False,TAP,2023-08-18,4,3
3483,2023-08-22,2023-09-25,-1.2174107530829912,2.5187224113997657,gap_stop,False,LI,2023-08-21,4,3
2866,2023-08-22,2023-09-21,2.988223170244335,3.0557287171181224,ema20_runner,True,PDD,2023-08-21,5,3
12,2023-08-22,2023-09-27,-1.0654491624471734,3.6803315911206846,stop,False,AAPL,2023-08-21,4,2
405,2023-08-22,2023-09-15,-1.0679993365470641,6.116197997813162,stop,False,NFLX,2023-08-21,4,2
3426,2023-08-22,2023-09-07,-1.0822211357907159,7.276124409149136,stop,False,DAL,2023-08-21,4,2
3440,2023-08-22,2023-09-05,-1.0699464321627117,5.683041912668859,stop,False,UAL,2023-08-21,4,2
1992,2023-08-22,2023-10-03,0.27159970537728273,1.3216002442899035,time,False,CI,2023-08-21,5,2
3336,2023-08-22,2023-09-11,-1.0256662790144504,0.7767236379459738,stop,False,BA,2023-08-21,4,1
679,2023-08-23,2023-10-04,0.06529156887115761,6.95093184382669,time,False,ABNB,2023-08-22,4,3
2931,2023-08-23,2023-09-21,0.6475631998003202,0.8624391688365737,ema20_runner,True,TEAM,2023-08-22,5,3
119,2023-08-23,2023-09-28,-1.0338956192289568,1.405683803723692,stop,False,NOW,2023-08-22,4,2
2337,2023-08-23,2023-09-21,-1.0990073641617366,1.478724576752142,gap_stop,False,ATI,2023-08-22,4,2
3257,2023-08-23,2023-10-04,0.750283926636722,2.929682978619537,time,False,TTD,2023-08-22,4,2
2854,2023-08-23,2023-08-31,-1.0701599658141958,2.5557229147448948,stop,False,PCG,2023-08-22,5,2
0,2023-08-24,2023-08-25,-1.1031612177770327,3.4822028281858737,stop,False,IWM,2023-08-23,4,3
2519,2023-08-25,2023-09-11,-1.0469463049078715,1.57379199026666,stop,False,ELS,2023-08-24,4,2
1668,2023-08-25,2023-10-02,2.5307182145641836,2.9311601006134995,ema20_runner,True,AIG,2023-08-24,5,2
2963,2023-08-29,2023-10-10,0.7415038018293395,0.764107007874751,time,True,PANW,2023-08-28,4,3
3345,2023-08-29,2023-09-12,-1.021425148166143,3.9049802555611,stop,False,RKLB,2023-08-28,4,3
200,2023-08-31,2023-09-21,0.39449632029226167,0.6234611402492792,be,True,MU,2023-08-30,4,2
2460,2023-09-05,2023-09-28,-1.0449887597325695,2.008742375746997,stop,False,SPG,2023-09-01,4,2
856,2023-09-06,2023-09-25,-1.021308153898369,2.5055452729797114,stop,False,ONON,2023-09-05,4,2
813,2023-09-07,2023-09-21,-1.051349479839665,3.744731403789086,stop,False,RCL,2023-09-06,4,1
1059,2023-09-08,2023-10-19,1.3279859604596616,1.8456744613181362,time,False,CAH,2023-09-07,4,2
2843,2023-09-08,2023-09-26,-1.0619150427923145,2.237701077410717,stop,False,EIX,2023-09-07,4,2
1082,2023-09-11,2023-10-02,-1.034356398645448,1.0242246019425747,stop,False,KR,2023-09-08,4,2
1693,2023-09-11,2023-10-04,0.6392366434309298,1.0037552864810986,ema20_runner,True,AFL,2023-09-08,4,2
1819,2023-09-11,2023-09-29,0.43949563160828914,0.742752119408903,be,True,ABBV,2023-09-08,4,2
2975,2023-09-12,2023-10-23,-0.6938551982584071,1.3904599022174136,time,False,NET,2023-09-11,4,3
2995,2023-09-12,2023-09-21,-1.0164099379219533,1.0399335149985693,stop,False,MDB,2023-09-11,4,3
892,2023-09-13,2023-09-25,-1.20399078052101,1.5810597473475374,gap_stop,False,URBN,2023-09-12,4,2
1830,2023-09-15,2023-09-27,-1.0527940683660122,1.4973582472319957,stop,False,MRK,2023-09-14,4,3
2322,2023-09-15,2023-09-15,-1.1278051692978641,4.654098110178905,stop,False,NUE,2023-09-14,4,3
947,2023-09-15,2023-09-25,-1.0936280014169912,1.081404996683182,stop,False,PG,2023-09-14,5,3
651,2023-09-18,2023-09-20,-1.1063989148252416,1.667754238556327,stop,False,ROST,2023-09-15,4,2
1750,2023-09-19,2023-10-04,-1.083310494149937,1.9036785954204358,stop,False,UNM,2023-09-18,4,1
112,2023-09-20,2023-09-22,-1.0337785010398035,0.8012576639068797,stop,False,ADBE,2023-09-19,4,3
763,2023-09-20,2023-09-21,-1.0452162391449225,1.5495943845541653,gap_stop,False,TOL,2023-09-19,4,1
2358,2023-09-21,2023-10-27,-1.043177492631131,2.2779392382425363,stop,False,CRH,2023-09-20,4,3
882,2023-09-22,2023-11-02,5.7640010482279695,5.177200996139784,time,True,AEO,2023-09-21,4,2
2290,2023-09-26,2023-09-27,-1.1661773814109218,8.725124295825484,stop,False,SHW,2023-09-25,4,3
2065,2023-09-26,2023-10-06,-1.2592918316512811,6.120246811737082,gap_stop,False,CARR,2023-09-25,6,3
38,2023-09-26,2023-10-26,-1.0711557491775252,6.7846703796029475,stop,False,NVDA,2023-09-25,4,2
53,2023-09-26,2023-10-23,1.7749855843122453,2.334999915913829,ema20_runner,True,AVGO,2023-09-25,4,2
1217,2023-09-26,2023-11-06,4.214200473360794,3.9183916496486213,time,True,RRC,2023-09-25,4,2
1800,2023-09-26,2023-09-29,-1.117501927998764,5.1348053393442035,stop,False,LLY,2023-09-25,4,2
2146,2023-09-26,2023-10-16,3.1150900571836857,3.525211201865196,ema20_runner,True,XPO,2023-09-25,4,2
2274,2023-09-26,2023-10-02,-1.1416205357377989,3.361910627703696,stop,False,LIN,2023-09-25,4,2
2328,2023-09-26,2023-10-17,0.4550563282049398,0.7371524986197778,ema20_runner,True,STLD,2023-09-25,4,2
2932,2023-09-26,2023-10-05,-1.0642416516678939,3.3071597300080575,stop,False,TEAM,2023-09-25,4,2
370,2023-09-26,2023-10-31,-1.026189686921072,5.8536853631219135,stop,False,SMCI,2023-09-25,5,2
2323,2023-09-26,2023-10-12,-1.088757484234846,5.63689689798523,stop,False,NUE,2023-09-25,5,2
3243,2023-09-27,2023-10-23,-1.0388396799901263,2.843965007014621,stop,False,APP,2023-09-26,4,2
1138,2023-09-27,2023-10-04,-1.0312882485678223,0.7128788097544536,stop,False,EOG,2023-09-26,5,2
3214,2023-09-28,2023-10-03,-1.0402582351423646,3.786424474439956,stop,False,CELH,2023-09-27,5,3
2172,2023-09-29,2023-10-19,-1.0569719199329564,1.7688898807835332,stop,False,ODFL,2023-09-28,4,3
2210,2023-09-29,2023-10-03,-1.0749391133069746,2.266293150029993,stop,False,FTV,2023-09-28,4,3
121,2023-09-29,2023-11-09,1.5206408644939688,1.470978351996938,time,True,NOW,2023-09-28,5,3
609,2023-09-29,2023-10-03,-1.0432113627635402,1.0887075590218473,stop,False,MAR,2023-09-28,4,2
113,2023-10-02,2023-10-25,4.316397920415338,5.4488102555928615,ema20_runner,True,ADBE,2023-09-29,4,2
89,2023-10-03,2023-10-24,-1.060367675453828,2.030868943940776,stop,False,CSCO,2023-10-02,4,2
652,2023-10-03,2023-11-13,1.1806375736120807,1.1847645811508791,time,True,ROST,2023-10-02,4,2
1234,2023-10-05,2023-10-23,2.3941046384976676,3.0155600352577556,ema20_runner,True,EQT,2023-10-04,4,3
1326,2023-10-05,2023-10-23,1.0322775574499705,1.1128292292405202,ema20_runner,True,CEG,2023-10-04,4,2
2275,2023-10-05,2023-10-23,-1.134295009119841,1.0676415510918884,gap_stop,False,LIN,2023-10-04,4,2
3307,2023-10-05,2023-11-07,1.5440342017152129,1.703549446538528,ema20_runner,True,UEC,2023-10-04,4,2
1433,2023-10-06,2023-10-19,-1.135728103289453,3.9131152209754854,stop,False,MA,2023-10-05,4,2
1684,2023-10-06,2023-10-23,-1.1103297906977256,5.036018925635681,stop,False,PRU,2023-10-05,4,2
2211,2023-10-06,2023-10-18,-1.1084302624509195,3.9469482284184085,stop,False,FTV,2023-10-05,4,2
2508,2023-10-06,2023-10-23,-1.1246638188290645,8.179740586100511,stop,False,DLR,2023-10-05,4,2
2896,2023-10-06,2023-10-23,-1.059498669435642,1.9327590603709912,gap_stop,False,GRAB,2023-10-05,4,2
100,2023-10-06,2023-10-13,-1.1427003904976893,4.930081298805663,stop,False,IBM,2023-10-05,5,2
273,2023-10-06,2023-10-12,-1.2479294096221814,8.953219476810107,stop,False,CTSH,2023-10-05,5,2
1274,2023-10-06,2023-10-25,1.8087651797886009,2.0235951418278013,ema20_runner,True,WMB,2023-10-05,5,2
1160,2023-10-10,2023-10-27,-1.074825865682013,4.6248268382801205,stop,False,PSX,2023-10-09,4,3
1337,2023-10-12,2023-11-22,0.7895637444063079,0.651265105974614,time,True,VST,2023-10-11,4,2
1397,2023-10-12,2023-10-18,-1.0363159849826786,1.4579227295511457,stop,False,BX,2023-10-11,4,2
2040,2023-10-13,2023-10-18,-1.0328889819833154,1.8173321178668425,stop,False,ETN,2023-10-12,4,2
1111,2023-10-16,2023-10-31,-1.037094860302361,1.610771111938042,stop,False,XOM,2023-10-13,4,3
1168,2023-10-17,2023-10-26,-1.044869804873115,3.914709678975614,stop,False,VLO,2023-10-16,5,3
2409,2023-10-18,2023-10-25,-1.0399286329741535,1.5990483860032711,stop,False,LYB,2023-10-17,4,2
101,2023-10-18,2023-10-23,-1.0717633589835518,2.8629296743731416,stop,False,IBM,2023-10-17,5,2
843,2023-10-18,2023-10-23,-1.0322469593569024,0.984876424249334,stop,False,MAT,2023-10-17,5,2
1820,2023-10-19,2023-10-19,-1.0611034021968675,0.8285013011141503,stop,False,ABBV,2023-10-18,4,2
3292,2023-10-20,2023-12-01,-0.2728063658864138,1.3586606944473583,time,False,UUUU,2023-10-19,4,2
3296,2023-10-20,2023-12-01,2.438287108798192,2.408061452611488,time,True,DNN,2023-10-19,4,2
127,2023-11-03,2023-12-15,3.8277998993996385,3.00825163945354,time,True,INTU,2023-11-02,4,3
1112,2023-11-03,2023-11-07,-1.0527382849252782,2.8452653373595496,stop,False,XOM,2023-11-02,4,3
90,2023-11-03,2023-11-16,-2.6533566212893733,1.8815412226813313,gap_stop,False,CSCO,2023-11-02,4,2
1181,2023-11-03,2023-11-08,-1.0772486153957732,1.234901151977245,gap_stop,False,HAL,2023-11-02,4,2
1855,2023-11-03,2023-12-15,0.4401539205245495,0.9512877157960351,time,False,AMGN,2023-11-02,4,2
1288,2023-11-03,2023-12-15,-0.16706907116477498,1.1664829997366308,time,False,EPD,2023-11-02,5,2
2367,2023-11-06,2023-11-21,-1.0363243250324101,1.4292515200881686,stop,False,CF,2023-11-03,4,2
3244,2023-11-06,2023-11-10,0.6831911565439915,1.0481134910131473,be,True,APP,2023-11-03,4,2
39,2023-11-07,2023-12-01,0.45690809403669286,0.6453825760184919,ema20_runner,True,NVDA,2023-11-06,4,2
374,2023-11-08,2023-12-20,0.7725990305679119,0.8616721604312246,time,True,GOOGL,2023-11-07,4,2
3374,2023-11-08,2023-11-09,-1.0220741814616678,2.960325039205162,stop,False,IMVT,2023-11-07,4,2
385,2023-11-09,2023-12-21,0.6624765217122617,0.6807276249131523,time,True,GOOG,2023-11-08,4,2
2135,2023-11-09,2023-12-14,0.3557543327818037,0.567080362731586,be,True,VRSK,2023-11-08,5,2
79,2023-11-13,2023-12-26,1.4215713509244423,0.7790817651122499,time,True,CRM,2023-11-10,4,3
3032,2023-11-13,2023-12-26,2.27943354718692,0.915167412264951,time,True,ESTC,2023-11-10,4,3
1783,2023-11-13,2023-12-06,-1.0321557490625504,0.7532765869377954,stop,False,ACGL,2023-11-10,5,3
2612,2023-11-13,2023-12-06,-1.0720397442781116,2.7114014446954804,stop,False,OHI,2023-11-10,5,3
3375,2023-11-14,2023-12-21,2.6120130990430566,2.9987899789783707,ema20_runner,True,IMVT,2023-11-13,4,2
1989,2023-11-14,2023-12-11,-1.0482208673290405,1.812395020062605,stop,False,HUM,2023-11-13,6,2
1398,2023-11-15,2023-12-28,1.2838031275929394,0.8802915853237706,time,True,BX,2023-11-14,4,3
1300,2023-11-15,2023-12-06,0.5875580722988512,0.9455257597442412,be,True,TRGP,2023-11-14,4,2
1675,2023-11-15,2023-12-28,0.6497655288468044,0.6594061683879622,time,True,MET,2023-11-14,4,2
1685,2023-11-15,2023-12-28,1.0015344632664902,0.7271423084612471,time,True,PRU,2023-11-14,4,2
2410,2023-11-15,2023-12-28,0.0498426126433421,0.6383219843259987,time,False,LYB,2023-11-14,4,2
1182,2023-11-15,2023-11-16,-1.048418961562832,2.7639016347664422,stop,False,HAL,2023-11-14,5,2
2934,2023-11-17,2024-01-02,1.5419550091611984,1.3701029910452391,time,True,TEAM,2023-11-16,4,1
681,2023-11-21,2024-01-04,0.3588929108561032,1.4712519819358918,time,False,ABNB,2023-11-20,4,3
1802,2023-11-21,2024-01-04,0.4148078390899015,0.5062692794260523,time,True,LLY,2023-11-20,4,1
1994,2023-11-22,2023-11-29,-1.0561388630254644,3.107767834617781,stop,False,CI,2023-11-21,4,2
1219,2023-11-24,2023-11-30,-1.067194335314663,4.752240693572766,stop,False,RRC,2023-11-22,4,3
883,2023-11-28,2024-01-04,2.2368460938276518,2.1543543513076533,ema20_runner,True,AEO,2023-11-27,4,3
1866,2023-12-01,2024-01-16,2.313504361288161,1.8428155309266443,time,True,GILD,2023-11-30,4,2
2559,2023-12-04,2024-01-04,0.6129450876361043,0.5708147675326658,ema20_runner,True,BRX,2023-12-01,4,2
114,2023-12-08,2023-12-14,0.27759444314372295,0.6737961191230587,gap_stop,True,ADBE,2023-12-07,4,3
3010,2023-12-11,2024-01-02,-1.0420317452017458,3.721089942030896,gap_stop,False,PLTR,2023-12-08,6,3
3293,2023-12-11,2023-12-13,-1.03402262139985,3.2061590856935975,stop,False,UUUU,2023-12-08,4,2
407,2023-12-11,2024-01-03,0.6340465126037087,0.8458949313240047,ema20_runner,True,NFLX,2023-12-08,5,2
1784,2023-12-12,2023-12-13,-1.0902803520477216,5.9002794106462,stop,False,ACGL,2023-12-11,4,2
3176,2023-12-12,2023-12-20,-1.0311045700781323,1.108612274073148,stop,False,DKNG,2023-12-11,4,2
2147,2023-12-13,2024-01-02,0.5340366341677115,0.8404272262194793,be,True,XPO,2023-12-12,5,2
3404,2023-12-14,2024-01-29,0.3098244883434967,1.513184880716066,time,False,CRSP,2023-12-13,5,2
330,2023-12-15,2024-01-30,1.4286275421559722,0.7864864283567277,time,True,DELL,2023-12-14,4,2
1203,2023-12-15,2024-01-30,0.5416391732585237,1.9533504846578613,time,False,FANG,2023-12-14,4,2
1621,2023-12-19,2024-01-05,-1.0616089896197083,1.4391089039552545,stop,False,CME,2023-12-18,5,3
1694,2023-12-19,2024-02-01,0.6548808908838916,1.978977491033719,gap_stop,True,AFL,2023-12-18,4,2
28,2023-12-19,2024-02-01,1.868367933133439,1.1773437369911812,time,True,MSFT,2023-12-18,6,2
1632,2023-12-20,2024-01-04,0.4919579534632259,0.7546539662082294,ema20_runner,True,NDAQ,2023-12-19,6,3
584,2023-12-20,2024-02-02,0.8996930397732357,0.514778920622087,time,True,TJX,2023-12-19,5,2
1715,2023-12-20,2024-02-02,1.4321783944323963,0.824796449102684,time,True,PGR,2023-12-19,5,2
2394,2023-12-20,2024-01-16,0.3496416117487404,0.580775386903218,be,True,DD,2023-12-19,5,2
1656,2023-12-20,2023-12-21,-1.1435923435117175,2.6421384857888666,stop,False,CB,2023-12-19,6,2
2276,2023-12-26,2024-02-05,-1.0590479879684938,1.5408046219694875,stop,False,LIN,2023-12-22,5,3
1027,2023-12-26,2024-01-18,0.7951262878974871,1.0858448992517638,ema20_runner,True,MNST,2023-12-22,4,2
3177,2023-12-26,2024-01-02,-1.0394127794272792,1.8337883910472728,stop,False,DKNG,2023-12-22,4,2
442,2023-12-26,2024-01-31,0.7012379678056831,0.6589532069831894,ema20_runner,True,TMUS,2023-12-22,6,2
1071,2023-12-27,2024-02-08,0.9736462865636513,0.7396410541731842,time,True,MCK,2023-12-26,4,2
1550,2023-12-27,2024-02-08,-0.43080350199247813,0.5343179156127128,time,False,MTB,2023-12-26,4,2
1657,2023-12-27,2024-02-08,2.772836446389365,1.6679735620881757,time,True,CB,2023-12-26,5,2
1702,2023-12-28,2024-02-09,2.7049293101827603,1.4996719047809388,time,True,ALL,2023-12-27,4,2
1812,2023-12-28,2024-01-12,-1.125139643119083,3.4013812015232405,stop,False,UNH,2023-12-27,4,2
1327,2023-12-28,2024-02-09,0.9753180945365653,0.7957266037965597,time,True,CEG,2023-12-27,4,1
2833,2023-12-28,2024-01-19,-1.1193438115933865,3.329631084732154,stop,False,ETR,2023-12-27,4,1
708,2024-01-02,2024-01-05,-1.1334305620946323,3.6588837983010456,stop,False,ORLY,2023-12-29,4,3
1770,2024-01-02,2024-02-13,2.1504808386889187,1.06054972268783,time,True,WRB,2023-12-29,5,2
948,2024-01-03,2024-02-14,0.9080329833981291,0.749880467532125,time,True,PG,2024-01-02,5,2
1060,2024-01-03,2024-01-25,0.5600132090441505,0.7607488613390363,ema20_runner,True,CAH,2024-01-02,5,2
848,2024-01-04,2024-01-05,-1.1340672725453533,4.667093177211986,stop,False,DECK,2024-01-03,4,2
1220,2024-01-04,2024-02-05,-1.0194938215240192,1.884083757569472,stop,False,RRC,2024-01-03,4,2
2801,2024-01-04,2024-01-17,-1.0523313286040512,1.0262784281347008,stop,False,CNP,2024-01-03,5,2
519,2024-01-05,2024-02-07,-2.510882289967647,1.029693154716525,gap_stop,False,SNAP,2024-01-04,4,2
3155,2024-01-05,2024-01-16,-1.0284233118958355,1.6306465397400811,stop,False,RBLX,2024-01-04,4,2
814,2024-01-08,2024-02-02,0.4934577430781516,0.7853186339433716,be,True,RCL,2024-01-05,5,2
599,2024-01-09,2024-02-21,0.7713441641901533,0.5386261655487239,time,True,BKNG,2024-01-08,4,3
2203,2024-01-09,2024-02-21,1.6428050091180288,1.44268802191218,time,True,PNR,2024-01-08,4,3
2329,2024-01-09,2024-01-17,-1.1266169153565624,1.976479335705258,gap_stop,False,STLD,2024-01-08,4,3
170,2024-01-12,2024-02-26,5.496049583941127,2.6435469573577586,time,True,AMAT,2024-01-11,4,3
345,2024-01-16,2024-02-14,0.3824723111618148,0.6712733457288133,be,True,AKAM,2024-01-12,4,2
1653,2024-01-16,2024-02-27,0.47517191999874203,1.0146721957643243,time,False,AJG,2024-01-12,4,2
66,2024-01-19,2024-02-16,0.720187479155924,0.8941082110810048,ema20_runner,True,ORCL,2024-01-18,4,3
221,2024-01-19,2024-02-13,-1.0292532243035892,1.0348472189518017,stop,False,MCHP,2024-01-18,4,3
232,2024-01-19,2024-03-01,2.437012061289693,1.920541369772922,time,True,NXPI,2024-01-18,4,3
247,2024-01-19,2024-02-14,3.9575064281355066,4.186509688719956,ema20_runner,True,TEL,2024-01-18,4,3
3069,2024-01-19,2024-03-01,0.32762966417962,1.5283065452558724,time,False,SWKS,2024-01-18,4,3
2544,2024-01-26,2024-02-13,-1.1168866956248795,1.186697634155142,gap_stop,False,KIM,2024-01-25,4,3
1267,2024-01-29,2024-02-07,-1.0564659105826237,1.1474551634686245,stop,False,KMI,2024-01-26,5,2
825,2024-01-30,2024-02-06,-1.028300509211445,2.3833205072725243,stop,False,CCL,2024-01-29,4,3
1983,2024-01-30,2024-02-06,-1.05759512696597,2.0259781700067543,stop,False,CNC,2024-01-29,4,3
755,2024-01-31,2024-03-13,3.30703583197348,3.50639303639462,time,True,DHI,2024-01-30,5,3
2533,2024-02-02,2024-02-07,-3.092307922148577,2.7189807509541724,gap_stop,False,REXR,2024-02-01,4,3
2601,2024-02-02,2024-02-02,-1.1000830694006076,3.3136503191390596,stop,False,WELL,2024-02-01,4,3
2826,2024-02-02,2024-03-15,1.1573795479093738,1.276399225999089,time,True,FE,2024-02-01,4,3
479,2024-02-02,2024-02-28,0.7549911855117407,1.0927936146812476,ema20_runner,True,EA,2024-02-01,4,1
739,2024-02-05,2024-02-06,-1.112663422693796,6.80759047927333,stop,False,LULU,2024-02-02,4,3
719,2024-02-05,2024-03-18,5.491478333890545,1.9752607656286465,time,True,WSM,2024-02-02,4,2
3216,2024-02-05,2024-03-18,5.689573432124427,3.0379982887428834,time,True,CELH,2024-02-02,4,2
3156,2024-02-05,2024-02-21,1.4660187642991271,2.206431938978552,ema20_runner,True,RBLX,2024-02-02,5,2
3137,2024-02-06,2024-02-20,-1.0304159192180444,2.4357254924822316,gap_stop,False,AFRM,2024-02-05,6,2
884,2024-02-06,2024-03-11,1.6727356679571737,1.5086020396524626,ema20_runner,True,AEO,2024-02-05,4,1
1604,2024-02-06,2024-03-19,1.0291658892980535,0.7002220827670128,time,True,RJF,2024-02-05,4,1
1583,2024-02-07,2024-02-13,-1.0491756085299344,3.4685183665518915,stop,False,IVZ,2024-02-06,4,3
1943,2024-02-07,2024-03-20,2.1229492497092606,1.5937116526548476,time,True,IQV,2024-02-06,4,3
2631,2024-02-07,2024-02-13,-1.1890147372607225,2.8567081770796134,gap_stop,False,EPRT,2024-02-06,4,3
1258,2024-02-08,2024-03-21,2.699888030402431,1.275780557564882,time,True,OKE,2024-02-07,6,3
2867,2024-02-08,2024-03-05,-1.027692337786878,2.4941190205953863,stop,False,PDD,2024-02-07,4,2
1061,2024-02-08,2024-02-08,-1.0551048088625727,1.4365978993838202,stop,False,CAH,2024-02-07,5,2
1633,2024-02-08,2024-02-13,-1.1060180990351958,3.4744740965134406,stop,False,NDAQ,2024-02-07,5,2
915,2024-02-09,2024-03-22,0.03588840450732539,0.7456568711108762,time,False,KSS,2024-02-08,4,3
3125,2024-02-09,2024-03-06,-1.0159628900084066,2.1965299762609876,stop,False,SOFI,2024-02-08,5,3
1590,2024-02-13,2024-02-13,-1.0748746686016997,2.2163847326075046,stop,False,TROW,2024-02-12,4,3
2403,2024-02-13,2024-03-26,1.0817998303796943,0.7830168727894655,time,True,DOW,2024-02-12,4,3
3308,2024-02-13,2024-02-20,-1.0209275673741987,0.6258227759133943,stop,False,UEC,2024-02-12,5,3
2520,2024-02-13,2024-03-14,-1.2037427658428106,11.107984322061508,stop,False,ELS,2024-02-12,4,2
2813,2024-02-13,2024-03-26,0.7783416899240109,2.0295940893515345,time,False,PPL,2024-02-12,4,2
3376,2024-02-13,2024-03-04,-1.03469391493937,4.603962678637205,stop,False,IMVT,2024-02-12,4,2
422,2024-02-13,2024-02-20,-1.055674508219409,2.8797012655207332,stop,False,CMCSA,2024-02-12,5,2
1028,2024-02-14,2024-03-27,1.9206002082137323,1.9742579448609372,time,True,MNST,2024-02-13,4,3
498,2024-02-15,2024-03-28,2.408942662916008,1.3724742629115898,time,True,LYV,2024-02-14,4,3
826,2024-02-15,2024-02-16,-1.0526015064549947,7.330822092548153,stop,False,CCL,2024-02-14,4,3
279,2024-02-16,2024-03-19,0.5940972790061909,0.8154788346126409,ema20_runner,True,GLW,2024-02-15,4,3
428,2024-02-16,2024-04-01,0.8834792172589939,1.9158945043306965,time,False,T,2024-02-15,4,3
472,2024-02-20,2024-04-02,1.7225009281549433,1.2751299934373428,time,True,OMC,2024-02-16,4,2
1644,2024-02-21,2024-03-25,-1.0960433907800808,3.76310957197258,stop,False,SPGI,2024-02-20,4,2
1486,2024-02-22,2024-03-14,0.5120294404600924,0.844114079079571,gap_stop,True,TFC,2024-02-21,4,3
2128,2024-02-22,2024-04-04,1.088898195858509,0.903752325857679,time,True,CSGP,2024-02-21,4,3
139,2024-02-22,2024-03-19,0.7097764744524255,0.9728863911264455,ema20_runner,True,TXN,2024-02-21,4,2
202,2024-02-22,2024-03-15,0.8878559456900951,0.7570003493472578,ema20_runner,True,MU,2024-02-21,4,2
1052,2024-02-26,2024-04-08,1.8606461474508857,2.32536448215407,time,False,TSN,2024-02-23,4,3
2983,2024-02-27,2024-04-02,1.1192328208185622,0.6820926027131443,ema20_runner,True,OKTA,2024-02-26,4,2
1526,2024-02-28,2024-03-15,0.8044565488162885,1.0454788629485685,ema20_runner,True,RF,2024-02-27,4,3
258,2024-03-01,2024-03-11,0.3463607940311281,0.5668894565275119,be,True,CDNS,2024-02-29,4,3
1497,2024-03-01,2024-04-05,0.7524801419334289,0.7863905438007083,ema20_runner,True,FITB,2024-02-29,4,3
3157,2024-03-04,2024-03-05,-1.0284017787871451,1.9397346428678,stop,False,RBLX,2024-03-01,4,3
2633,2024-03-05,2024-04-04,1.4732744909240627,1.6777008256189574,ema20_runner,True,EPRT,2024-03-04,4,2
2554,2024-03-05,2024-04-11,-1.0304653068640137,1.3001634670029212,stop,False,REG,2024-03-04,5,2
893,2024-03-06,2024-04-09,-1.023449377804054,1.0814444015441267,stop,False,URBN,2024-03-05,4,2
1075,2024-03-11,2024-04-02,-1.0802191122179488,3.937528044529571,stop,False,CVS,2024-03-08,4,2
1400,2024-03-11,2024-03-19,-1.0563038571344947,1.262064387713822,stop,False,BX,2024-03-08,4,2
2910,2024-03-13,2024-04-10,-1.0395741316606384,3.875383916549469,stop,False,SHOP,2024-03-12,4,3
885,2024-03-14,2024-04-25,-0.15646741280952595,1.723565209747805,time,False,AEO,2024-03-13,6,3
585,2024-03-14,2024-04-11,-1.0640304817463122,1.2434887680811446,stop,False,TJX,2024-03-13,4,2
1832,2024-03-18,2024-04-09,2.1085941238180923,2.4540290481002245,ema20_runner,True,MRK,2024-03-15,4,3
2346,2024-03-19,2024-04-15,1.7864955330453265,1.6138383830260734,ema20_runner,True,CLF,2024-03-18,4,3
1519,2024-03-19,2024-04-12,0.8677939626663039,0.9992427174021941,ema20_runner,True,HBAN,2024-03-18,4,1
1794,2024-03-20,2024-04-10,2.1536723143650938,3.410808316530972,be,True,FNF,2024-03-19,4,3
987,2024-03-20,2024-03-26,-1.0638536942687744,1.9933286320914179,stop,False,MDLZ,2024-03-19,4,2
1509,2024-03-20,2024-04-11,0.9399783363213612,1.1083241702141688,ema20_runner,True,KEY,2024-03-19,4,2
2917,2024-03-20,2024-04-15,-1.0491496665662392,3.3057740575362256,stop,False,WDAY,2024-03-19,4,2
3259,2024-03-20,2024-04-22,-1.0359109935697597,2.8675358563648707,stop,False,TTD,2024-03-19,4,2
3310,2024-03-20,2024-05-01,1.5076578417514306,6.154134964679491,time,False,UEC,2024-03-19,4,2
2197,2024-03-20,2024-04-09,0.49968768355847654,0.8255248273007764,be,True,MAS,2024-03-19,5,2
2249,2024-03-21,2024-03-26,-1.726860551712018,1.67389789291149,gap_stop,False,CSX,2024-03-20,4,3
2957,2024-03-22,2024-04-19,-1.016658132910991,0.900813654876104,stop,False,CRWD,2024-03-21,4,2
3262,2024-03-25,2024-04-02,-1.1200774610763093,6.567186569394283,gap_stop,False,CIEN,2024-03-22,4,2
1858,2024-03-26,2024-04-05,-1.158148700789154,2.9877283876172758,gap_stop,False,AMGN,2024-03-25,4,2
1877,2024-03-27,2024-04-04,-1.0599133308036237,1.843016084256449,stop,False,VRTX,2024-03-26,4,2
1985,2024-03-27,2024-04-02,-1.04480471851162,0.8504271423743989,stop,False,CNC,2024-03-26,5,2
2277,2024-03-27,2024-04-24,-1.2498403806092009,0.5784848880224921,gap_stop,False,LIN,2024-03-26,4,1
102,2024-03-28,2024-04-12,-1.112875928577282,1.1010559250071625,gap_stop,False,IBM,2024-03-27,4,3
234,2024-03-28,2024-04-15,-1.033777225082987,1.0934959574876573,stop,False,NXPI,2024-03-27,4,3
875,2024-04-01,2024-04-10,-1.0220773557734417,1.2608609746235817,stop,False,ANF,2024-03-28,5,3
54,2024-04-02,2024-05-13,0.15722108371442134,0.8987663544558767,time,False,AVGO,2024-04-01,4,2
180,2024-04-02,2024-04-05,0.31035144673415666,0.5195311844730852,ema20_runner,True,LRCX,2024-04-01,4,2
310,2024-04-02,2024-05-13,-0.1880324901874487,0.9620076776624137,time,False,HPE,2024-04-01,4,2
2889,2024-04-03,2024-04-16,-1.2032214096675127,5.339944810021342,gap_stop,False,SE,2024-04-02,6,3
80,2024-04-03,2024-04-04,-1.0559378103355948,1.1696448470692455,stop,False,CRM,2024-04-02,4,2
158,2024-04-04,2024-04-04,-1.0311474364659619,3.6817306306323494,stop,False,AMD,2024-04-03,4,3
2359,2024-04-04,2024-04-16,-1.0322305286938702,0.5029479097300031,stop,False,CRH,2024-04-03,4,2
1645,2024-04-08,2024-04-15,-1.0435642934222833,1.304922545725811,stop,False,SPGI,2024-04-05,4,3
122,2024-04-08,2024-04-18,-1.0316791266853338,0.5642216231935107,stop,False,NOW,2024-04-05,4,2
2116,2024-04-08,2024-04-10,-1.0614118659536247,0.9582845107864518,stop,False,LHX,2024-04-05,5,1
1413,2024-04-09,2024-04-10,-1.0655958349378118,1.0045021587292955,stop,False,AXP,2024-04-08,4,3
128,2024-04-09,2024-04-12,-1.0407459522752593,0.5241699872508576,stop,False,INTU,2024-04-08,4,2
2068,2024-04-09,2024-04-15,-1.0448496359974542,0.9355814826778319,stop,False,CARR,2024-04-08,5,2
1434,2024-04-09,2024-04-12,-1.0655072543202504,0.61027414888343,stop,False,MA,2024-04-08,6,2
639,2024-04-10,2024-05-01,4.534661018384369,7.303276787383963,be,True,YUM,2024-04-09,4,3
140,2024-04-10,2024-04-15,-1.0800855880022486,1.6480212337647018,stop,False,TXN,2024-04-09,4,2
159,2024-04-10,2024-04-10,-1.1710108591643604,30.493650881764044,stop,False,AMD,2024-04-09,4,2
223,2024-04-10,2024-04-15,-1.0456169782625206,1.0805367344506875,stop,False,MCHP,2024-04-09,4,2
473,2024-04-10,2024-04-10,-1.1693462487202795,3.9204323678125568,stop,False,OMC,2024-04-09,4,2
949,2024-04-10,2024-04-19,-1.273945824661216,5.873451038396981,stop,False,PG,2024-04-09,4,2
1093,2024-04-10,2024-04-12,-1.0928151859218833,2.9315630402119353,stop,False,SYY,2024-04-09,4,2
1466,2024-04-10,2024-04-15,-1.0456954707719823,0.8900368084911275,stop,False,USB,2024-04-09,4,2
1592,2024-04-10,2024-04-15,-1.0484515240481216,0.6898960005781427,stop,False,TROW,2024-04-09,4,2
1821,2024-04-10,2024-04-12,-1.8024083845196759,8.202395477758522,gap_stop,False,ABBV,2024-04-09,4,2
936,2024-04-11,2024-05-22,1.6061490267590608,1.4591081198152123,time,True,COST,2024-04-10,4,2
1833,2024-04-11,2024-05-06,0.5147202023014535,0.7806586494955994,ema20_runner,True,MRK,2024-04-10,4,1
3013,2024-04-12,2024-04-16,-1.070644167726574,4.320473404525068,gap_stop,False,PLTR,2024-04-11,4,3
3116,2024-04-12,2024-04-17,-1.0167821791218061,0.7110163373522922,stop,False,HOOD,2024-04-11,4,3
171,2024-04-12,2024-04-16,0.2526357094347864,0.5047101469963483,ema20_runner,True,AMAT,2024-04-11,5,3
1414,2024-04-12,2024-05-23,4.959603357013716,4.456831088129329,time,True,AXP,2024-04-11,4,2
2173,2024-04-12,2024-04-17,-1.048195395659268,1.1065331972207548,stop,False,ODFL,2024-04-11,4,2
3234,2024-04-12,2024-04-16,-1.044383348253199,2.1428613971244816,stop,False,BROS,2024-04-11,4,2
40,2024-04-12,2024-04-18,-1.0255183618289432,1.026150557248195,stop,False,NVDA,2024-04-11,5,2
1552,2024-04-16,2024-05-24,0.928332658645974,0.8116078252226766,ema20_runner,True,MTB,2024-04-15,4,3
2890,2024-04-17,2024-05-29,1.8832710776179975,1.530160067584679,time,True,SE,2024-04-16,4,3
876,2024-04-17,2024-04-18,-1.026871236434939,2.4893540192032444,stop,False,ANF,2024-04-16,4,2
1510,2024-04-18,2024-05-29,-1.100372428481112,5.196551053283527,stop,False,KEY,2024-04-17,4,3
1622,2024-04-18,2024-05-03,-1.0950657868757245,2.308743707757408,stop,False,CME,2024-04-17,4,3
1822,2024-04-18,2024-04-26,-1.0624972930042378,2.9043256324034465,stop,False,ABBV,2024-04-17,5,2
1295,2024-04-18,2024-05-02,1.372936527039334,1.7869618416302564,ema20_runner,True,ET,2024-04-17,4,1
1686,2024-04-19,2024-05-31,4.142502285176932,3.7430209313407037,time,True,PRU,2024-04-18,4,2
2673,2024-04-19,2024-05-24,1.1242513530016414,0.7727044340392146,ema20_runner,True,AEP,2024-04-18,4,2
429,2024-04-19,2024-05-31,3.738359073125692,3.4640273300315445,time,True,T,2024-04-18,5,2
1785,2024-04-19,2024-04-26,0.5586761505313687,0.9355183814210237,be,True,ACGL,2024-04-18,5,2
2634,2024-04-19,2024-05-24,3.1888668547594534,3.0037700382865475,ema20_runner,True,EPRT,2024-04-18,5,2
2791,2024-04-19,2024-05-24,0.9491604387032165,0.8699365510732294,ema20_runner,True,CMS,2024-04-18,5,2
1360,2024-04-19,2024-05-01,0.820766984981747,1.0116040399180828,ema20_runner,True,BAC,2024-04-18,6,2
1190,2024-04-22,2024-05-01,-1.1210418564379494,3.8234594286454517,stop,False,BKR,2024-04-19,4,2
1348,2024-04-22,2024-05-21,1.6518363778927163,1.7865235152277579,ema20_runner,True,JPM,2024-04-19,4,2
1658,2024-04-22,2024-04-24,-1.0976465803259854,0.7786858540198758,gap_stop,False,CB,2024-04-19,4,2
1669,2024-04-22,2024-05-24,1.0760777613416268,1.1815569779146313,ema20_runner,True,AIG,2024-04-19,4,2
1676,2024-04-22,2024-05-02,-1.0455233354602045,0.8604247421228156,stop,False,MET,2024-04-19,4,2
1724,2024-04-22,2024-06-03,-0.36915697243817713,1.3898310568836187,time,False,TRV,2024-04-19,4,2
1795,2024-04-22,2024-06-03,0.6677151594834216,2.0355373620463246,time,False,FNF,2024-04-19,4,2
1995,2024-04-22,2024-05-02,-1.093941932867766,1.4822245700616774,stop,False,CI,2024-04-19,4,2
1927,2024-04-24,2024-04-26,-1.0660032669100636,2.1124641924780367,stop,False,DXCM,2024-04-23,5,3
81,2024-04-24,2024-05-01,-1.0555401656815726,3.8661058052177357,stop,False,CRM,2024-04-23,4,2
129,2024-04-25,2024-05-24,0.5744184376725402,1.0590213687223369,gap_stop,True,INTU,2024-04-24,4,2
1659,2024-04-26,2024-06-07,3.0919564739607597,2.6726012963982075,time,True,CB,2024-04-25,4,3
2260,2024-04-26,2024-05-29,-1.068831223561288,0.737694825450631,gap_stop,False,UNP,2024-04-25,4,3
1134,2024-04-26,2024-04-30,-1.0867669573353942,1.6903342548048332,stop,False,COP,2024-04-25,6,3
1040,2024-04-30,2024-04-30,-1.1343929835073654,6.81007109400495,stop,False,TAP,2024-04-29,4,3
2194,2024-04-30,2024-06-11,-0.6683288384903708,1.3314682642106404,time,False,AOS,2024-04-29,4,3
859,2024-05-03,2024-05-10,-1.0264590086971015,1.0475836572298893,stop,False,ONON,2024-05-02,4,3
3180,2024-05-03,2024-05-28,-1.1472123274551658,0.6092477568754536,gap_stop,False,DKNG,2024-05-02,4,3
2985,2024-05-03,2024-05-30,-1.029811073164783,2.619236299442617,stop,False,OKTA,2024-05-02,4,2
1191,2024-05-06,2024-06-04,-1.1000844167851316,3.2888883477483004,stop,False,BKR,2024-05-03,4,3
2016,2024-05-06,2024-05-24,1.0854837139436013,1.35110104341083,ema20_runner,True,HON,2024-05-03,4,3
1221,2024-05-06,2024-05-23,0.6026302447767511,0.9574593362926618,be,True,RRC,2024-05-03,5,3
2224,2024-05-06,2024-06-07,1.864288502410357,1.4985803912240956,ema20_runner,True,JCI,2024-05-03,5,3
287,2024-05-06,2024-06-17,2.2696640849090595,1.9653878725898812,time,True,STX,2024-05-03,4,2
408,2024-05-06,2024-06-17,1.5943325352075965,1.300878433199493,time,True,NFLX,2024-05-03,4,2
414,2024-05-06,2024-05-07,-1.6185127947681128,1.731208525734265,gap_stop,False,DIS,2024-05-03,4,2
2279,2024-05-07,2024-06-18,0.6427611855326678,2.698733260730505,time,False,LIN,2024-05-06,4,3
625,2024-05-10,2024-06-24,0.9121185373313263,0.8750541441322792,time,True,HLT,2024-05-09,4,2
1084,2024-05-13,2024-05-17,-1.062354301293684,1.1750280853618549,stop,False,KR,2024-05-10,4,3
1606,2024-05-13,2024-06-11,-1.0296295030912677,0.5184986291868917,stop,False,RJF,2024-05-10,4,3
2527,2024-05-17,2024-05-29,-1.0678544047719276,0.5805098630073775,gap_stop,False,CUBE,2024-05-16,4,2
259,2024-05-21,2024-07-03,1.3122206861956573,1.490300657468808,time,True,CDNS,2024-05-20,4,3
920,2024-05-22,2024-07-02,-1.0221776079117444,1.2636378051322155,stop,False,M,2024-05-21,4,3
2412,2024-05-28,2024-05-29,-1.1329986968583021,5.288742268794392,stop,False,LYB,2024-05-24,4,3
3319,2024-05-28,2024-06-04,-1.0301662987096782,0.9363416315835836,stop,False,URG,2024-05-24,4,3
3427,2024-05-28,2024-05-29,-1.0960015552814477,0.7148630933656915,gap_stop,False,DAL,2024-05-24,4,2
767,2024-05-28,2024-05-29,-1.045357723192416,2.1660947174294045,stop,False,TOL,2024-05-24,5,2
1716,2024-05-29,2024-05-29,-1.2092436555984,6.2698091913816425,stop,False,PGR,2024-05-28,4,3
887,2024-05-29,2024-05-30,-1.6883435687422903,1.9998072817693044,gap_stop,False,AEO,2024-05-28,4,2
721,2024-05-31,2024-07-02,-1.0623270307176087,4.456097675042699,gap_stop,False,WSM,2024-05-30,4,3
999,2024-05-31,2024-07-05,4.753452960165783,4.9382972693159335,ema20_runner,True,KMB,2024-05-30,4,3
1528,2024-05-31,2024-06-10,-1.0460208787220315,2.258395465234034,stop,False,RF,2024-05-30,4,3
1717,2024-05-31,2024-06-12,-1.068650713410507,1.5274175168266002,stop,False,PGR,2024-05-30,4,3
2753,2024-05-31,2024-06-26,-1.0758650858827306,1.317880414537024,stop,False,EVRG,2024-05-30,4,3
1289,2024-05-31,2024-07-15,2.467143553366705,2.384424983405103,time,True,EPD,2024-05-30,4,2
1498,2024-05-31,2024-06-10,-1.0452768009284443,1.0487765985936155,stop,False,FITB,2024-05-30,4,2
1579,2024-05-31,2024-06-11,-1.0770377904944923,1.919481256696224,stop,False,STT,2024-05-30,4,1
1585,2024-05-31,2024-07-15,0.5536091138854865,1.012749717283298,time,False,IVZ,2024-05-30,4,1
2098,2024-05-31,2024-07-15,1.4985796328456737,1.7253397915358886,time,True,MMM,2024-05-30,4,1
2496,2024-05-31,2024-07-15,1.7593940405025659,1.8259421434195078,ema20_runner,True,EQR,2024-05-30,4,1
3428,2024-05-31,2024-06-14,-1.045108864816366,1.4278664391974283,stop,False,DAL,2024-05-30,4,1
1997,2024-06-03,2024-07-01,-1.0572959863502411,1.9573160562610281,stop,False,CI,2024-05-31,4,3
641,2024-06-03,2024-06-11,0.718773451599035,1.137235739681858,ema20_runner,True,YUM,2024-05-31,5,3
1140,2024-06-03,2024-06-03,-1.07593772529278,4.230038583867409,stop,False,EOG,2024-05-31,5,3
1179,2024-06-03,2024-06-03,-1.079005759579309,5.468981092861077,stop,False,OXY,2024-05-31,5,3
3200,2024-06-03,2024-06-04,-1.0292241894191536,2.1498489619379644,stop,False,TOST,2024-05-31,5,3
580,2024-06-03,2024-06-03,-1.0707358631243657,1.1810781018661531,stop,False,CMG,2024-05-31,4,2
768,2024-06-03,2024-06-04,-1.0429067766443396,2.0777569603231263,stop,False,TOL,2024-05-31,4,2
1016,2024-06-03,2024-06-10,-1.0544703128565331,1.184149223141702,stop,False,CAG,2024-05-31,4,2
1446,2024-06-03,2024-06-14,-1.0693223656737918,2.8076195957569006,stop,False,COF,2024-05-31,4,2
1100,2024-06-04,2024-06-14,-1.094400879556008,2.6019687953000394,stop,False,USFD,2024-06-03,4,2
1834,2024-06-04,2024-06-14,0.8421581589897128,1.12991237130744,ema20_runner,True,MRK,2024-06-03,5,2
68,2024-06-05,2024-07-18,1.698959698645624,1.3657404865273999,ema20_runner,True,ORCL,2024-06-04,5,2
524,2024-06-05,2024-07-16,1.801739289122457,1.6115369598974594,ema20_runner,True,AMZN,2024-06-04,6,2
3506,2024-06-07,2024-06-07,-1.1802035591242133,7.243314271464361,stop,False,CTVA,2024-06-06,4,3
1205,2024-06-07,2024-07-22,2.52297877795666,2.80096593403716,time,True,FANG,2024-06-06,5,3
2563,2024-06-07,2024-07-22,1.3427944588051892,0.8207301100244075,time,True,BRX,2024-06-06,4,2
2964,2024-06-10,2024-07-19,1.8842387783164265,1.7123361347816055,ema20_runner,True,PANW,2024-06-07,4,2
686,2024-06-10,2024-07-23,2.3567409942258237,2.3353434900209105,time,True,F,2024-06-07,5,2
742,2024-06-11,2024-07-01,-1.0559517817671784,2.3726853364744716,stop,False,PHM,2024-06-10,4,3
769,2024-06-11,2024-06-20,-1.071735818565498,4.88418966688084,stop,False,TOL,2024-06-10,4,3
779,2024-06-11,2024-07-02,-1.3339475785714108,3.125268885213867,gap_stop,False,KBH,2024-06-10,4,3
1193,2024-06-11,2024-06-14,-1.0667794050093031,2.1833718492497587,stop,False,BKR,2024-06-10,4,3
2083,2024-06-11,2024-06-26,-1.0802904273586542,1.8118363830424828,stop,False,XYL,2024-06-10,4,3
520,2024-06-12,2024-07-12,0.8464972652069933,1.3141258884789544,be,True,SNAP,2024-06-11,5,3
1529,2024-06-14,2024-07-29,3.1369480557054232,2.5177483616718694,time,True,RF,2024-06-13,4,2
3298,2024-06-14,2024-06-25,-1.0304556654961654,2.34244029232138,stop,False,DNN,2024-06-13,5,2
3246,2024-06-17,2024-07-12,1.3998202102938537,1.7547740571868118,ema20_runner,True,APP,2024-06-14,6,3
1009,2024-06-17,2024-07-24,1.2544975133342817,1.4036820940072658,ema20_runner,True,CPB,2024-06-14,4,2
1415,2024-06-17,2024-07-26,4.735122701941528,4.896956298641433,ema20_runner,True,AXP,2024-06-14,4,2
2069,2024-06-17,2024-07-25,0.4030464926450854,0.6642953988696253,be,True,CARR,2024-06-14,4,2
1859,2024-06-17,2024-07-30,6.516725681739519,5.384344643566108,time,True,AMGN,2024-06-14,4,1
4,2024-06-18,2024-07-31,4.116966011798038,2.891728131389462,time,True,IWM,2024-06-17,4,3
1660,2024-06-20,2024-06-26,-1.1162707286072047,2.1697531013350484,stop,False,CB,2024-06-18,4,3
1114,2024-06-25,2024-08-06,-0.02894116454048171,1.3041178674375937,time,False,XOM,2024-06-24,4,2
1141,2024-06-25,2024-08-06,-0.25750960712535703,1.6308532101419755,time,False,EOG,2024-06-24,4,2
1389,2024-06-26,2024-07-23,1.2039866034000244,1.2671883569518234,ema20_runner,True,C,2024-06-25,4,2
224,2024-06-27,2024-07-24,-1.1035677600946352,6.017171136973461,stop,False,MCHP,2024-06-26,4,3
1975,2024-06-27,2024-07-08,-1.0470643866201048,1.1571312974179198,stop,False,THC,2024-06-26,4,3
660,2024-07-01,2024-07-19,0.31494933334772474,0.5443084681203277,be,True,EBAY,2024-06-28,4,3
2765,2024-07-01,2024-08-12,1.7198793202514049,0.685555018717767,time,True,PNW,2024-06-28,4,2
332,2024-07-02,2024-07-17,-1.0208733214624381,2.871646317738049,stop,False,DELL,2024-07-01,4,3
151,2024-07-02,2024-07-17,-1.0781017554991987,6.15100244350007,stop,False,QCOM,2024-07-01,4,2
3084,2024-07-02,2024-08-07,-1.0147275926418917,3.494589304634093,stop,False,SMTC,2024-07-01,4,2
694,2024-07-03,2024-07-23,0.5551360338682952,0.8919085005063867,be,True,GM,2024-07-02,4,2
3431,2024-07-05,2024-07-05,-1.1262719370252174,8.624389250095561,stop,False,DAL,2024-07-03,4,3
42,2024-07-05,2024-07-24,-1.0233111317942565,1.1599019827257706,stop,False,NVDA,2024-07-03,6,3
582,2024-07-08,2024-07-08,-1.0519815543308917,2.6860849573375813,stop,False,CMG,2024-07-05,4,3
921,2024-07-08,2024-07-15,-1.783145944517025,0.5116920993008449,gap_stop,False,M,2024-07-05,4,2
3416,2024-07-12,2024-08-02,-1.0156221473161855,6.163331371400174,stop,False,NVAX,2024-07-11,4,3
723,2024-07-12,2024-08-05,-1.3434321657424095,0.9866422388854498,gap_stop,False,WSM,2024-07-11,4,2
3190,2024-07-15,2024-08-05,0.9933350261360637,1.543303736142617,be,True,RSI,2024-07-12,4,2
3235,2024-07-15,2024-07-18,-1.0230533535739283,0.6270441126725527,stop,False,BROS,2024-07-12,5,2
1704,2024-07-16,2024-07-25,0.3946991372483521,0.6351572949228698,be,True,ALL,2024-07-15,4,2
2261,2024-07-16,2024-08-02,0.35691493225504856,0.5750917231818102,be,True,UNP,2024-07-15,4,2
3442,2024-07-17,2024-08-01,-1.02937799974378,2.8709211433543063,stop,False,UAL,2024-07-16,4,3
491,2024-07-17,2024-08-01,-1.0454340704796088,2.0201974234608544,stop,False,TTWO,2024-07-16,4,2
853,2024-07-17,2024-07-24,-1.0309947557683286,3.3071559687030274,stop,False,DECK,2024-07-16,4,2
2113,2024-07-17,2024-07-24,-1.0431406048566192,0.5531838447373321,stop,False,GD,2024-07-16,4,2
1426,2024-07-18,2024-07-24,-1.1810171969507886,0.6181663089713882,gap_stop,False,V,2024-07-17,5,2
3412,2024-07-18,2024-08-01,-2.314770258497961,4.253959637500504,gap_stop,False,MRNA,2024-07-17,4,1
377,2024-07-23,2024-07-24,-1.479976585512425,1.4677426301099292,gap_stop,False,GOOGL,2024-07-22,4,3
521,2024-07-23,2024-07-24,-1.3494924486928654,2.342262911949729,gap_stop,False,SNAP,2024-07-22,4,3
388,2024-07-23,2024-07-24,-1.4698445386138443,1.417468325204402,gap_stop,False,GOOG,2024-07-22,4,2
938,2024-07-23,2024-07-25,-1.0671353570687718,1.711666536178993,stop,False,COST,2024-07-22,4,2
1319,2024-07-23,2024-08-02,-1.030816949114917,2.13433476683249,stop,False,NRG,2024-07-22,4,2
2225,2024-07-23,2024-08-02,0.5100846575680009,0.8881683206104062,gap_stop,True,JCI,2024-07-22,4,2
3236,2024-07-23,2024-08-02,-1.0216773718388832,0.9664387190860175,stop,False,BROS,2024-07-22,4,2
501,2024-07-24,2024-08-05,-1.0271597979239482,1.007272406482646,stop,False,LYV,2024-07-23,5,2
1671,2024-07-24,2024-08-02,-1.038057261409767,0.77792240854354,stop,False,AIG,2024-07-23,5,2
55,2024-07-24,2024-07-24,-1.0452684486502868,3.2893464469404177,stop,False,AVGO,2024-07-23,6,2
192,2024-07-24,2024-07-24,-1.0410043920488496,2.4310095979307595,stop,False,KLAC,2024-07-23,4,1
3282,2024-07-24,2024-07-25,-1.069541870557238,6.6365921077559085,stop,False,CCJ,2024-07-23,4,1
434,2024-07-25,2024-09-05,1.6395078897045823,1.9715526299545774,time,True,VZ,2024-07-24,5,2
1725,2024-07-29,2024-09-09,1.0542609171823147,0.6759439146336387,time,True,TRV,2024-07-26,4,3
3287,2024-07-29,2024-07-29,-1.0137456191325145,3.47975192732209,stop,False,SMR,2024-07-26,4,3
1772,2024-07-29,2024-09-09,1.0669061515162173,0.7586070736429269,time,True,WRB,2024-07-26,4,2
2195,2024-07-29,2024-09-05,-1.0302548392468969,1.3404735482523966,stop,False,AOS,2024-07-26,4,2
212,2024-07-30,2024-08-02,-1.3750878522527463,1.1496814757740732,gap_stop,False,ADI,2024-07-29,4,2
602,2024-07-30,2024-08-01,-1.0640881076341349,3.1726158796931196,stop,False,BKNG,2024-07-29,4,2
794,2024-07-30,2024-08-01,-1.7297381388385262,2.638180711018036,gap_stop,False,MGM,2024-07-29,4,2
1277,2024-07-30,2024-08-05,-1.677523675259715,2.128486932530838,gap_stop,False,WMB,2024-07-29,4,2
1909,2024-07-30,2024-07-30,-1.1134531987125647,2.8121078610147463,stop,False,BSX,2024-07-29,4,2
2986,2024-07-30,2024-08-01,-1.0461942469639118,2.1652076997509595,stop,False,OKTA,2024-07-29,4,2
950,2024-07-30,2024-07-30,-1.2542175746702817,5.852672323409147,stop,False,PG,2024-07-29,6,2
2396,2024-07-30,2024-08-02,0.39148088668838205,0.6896098704652217,be,True,DD,2024-07-29,6,2
2511,2024-07-30,2024-09-10,1.3154492958773292,2.09257042216012,time,False,DLR,2024-07-29,4,1
1786,2024-07-31,2024-09-11,0.8181846185950234,0.5013938008767073,time,True,ACGL,2024-07-30,4,2
193,2024-08-01,2024-08-02,-1.4784846980264177,0.9356074992401888,gap_stop,False,KLAC,2024-07-31,4,3
939,2024-08-01,2024-08-05,-1.320501453325092,4.307113633851184,gap_stop,False,COST,2024-07-31,4,3
1206,2024-08-01,2024-08-01,-1.075881113338912,2.2777765635230187,stop,False,FANG,2024-07-31,4,3
3061,2024-08-01,2024-08-02,-1.3670576613997294,3.318921143172193,gap_stop,False,MRVL,2024-07-31,4,3
1910,2024-08-02,2024-08-05,-1.0813839439074995,2.1195617309631807,stop,False,BSX,2024-08-01,5,3
1806,2024-08-02,2024-08-05,-1.3842399354132555,3.319225528107365,gap_stop,False,LLY,2024-08-01,4,2
2118,2024-08-02,2024-09-13,0.15649806072052364,1.9068174087921228,time,False,LHX,2024-08-01,6,2
642,2024-08-05,2024-09-16,-0.014965991315721417,0.6029134022192755,time,False,YUM,2024-08-02,4,2
1468,2024-08-07,2024-09-09,1.0907035808487098,1.2114469544710837,ema20_runner,True,USB,2024-08-06,4,2
1586,2024-08-07,2024-09-04,1.1301273383582648,1.3554235986090926,ema20_runner,True,IVZ,2024-08-06,4,2
1115,2024-08-08,2024-08-20,0.3576021844141934,0.6009906817343895,be,True,XOM,2024-08-07,4,2
2688,2024-08-08,2024-09-19,0.6113237587510407,0.5739988770600557,time,True,D,2024-08-07,5,2
1696,2024-08-08,2024-09-19,0.6358621440486616,0.5150010486131857,time,True,AFL,2024-08-07,4,1
305,2024-08-09,2024-08-30,1.7419978919637151,2.5981738877900065,ema20_runner,True,NTAP,2024-08-08,4,3
16,2024-08-09,2024-09-20,0.9498797851532487,1.4268441040523554,time,False,AAPL,2024-08-08,4,2
142,2024-08-09,2024-09-04,1.2713338405143586,1.4997760860968723,ema20_runner,True,TXN,2024-08-08,4,2
940,2024-08-09,2024-09-20,1.1824110903713505,1.1049073955190996,time,True,COST,2024-08-08,4,2
1244,2024-08-09,2024-09-10,0.5445301649836242,0.6299942030641237,ema20_runner,True,CNX,2024-08-08,4,2
1737,2024-08-09,2024-09-20,0.8811984554843222,0.680057438080154,time,True,HIG,2024-08-08,4,2
2149,2024-08-09,2024-08-29,0.32652050904908997,0.5137647957190341,be,True,XPO,2024-08-08,4,2
1719,2024-08-09,2024-09-20,1.5912471697024009,0.7327527494904897,time,True,PGR,2024-08-08,5,2
1911,2024-08-09,2024-09-20,1.3051218877971034,0.9178466776455168,time,True,BSX,2024-08-08,5,2
2965,2024-08-09,2024-09-06,0.7266196554083413,0.7368124026368617,ema20_runner,True,PANW,2024-08-08,5,2
3260,2024-08-09,2024-09-09,0.8332438039406511,0.9045142411621507,ema20_runner,True,TTD,2024-08-08,5,2
1944,2024-08-12,2024-09-09,0.7692423119165999,0.8898427548485505,ema20_runner,True,IQV,2024-08-09,4,3
288,2024-08-12,2024-09-23,1.6300023935351458,2.6656669569079026,time,False,STX,2024-08-09,4,2
325,2024-08-12,2024-09-23,0.9590725630007955,3.0345168152803814,time,False,HPQ,2024-08-09,4,2
781,2024-08-12,2024-09-23,1.019558551803383,1.0133796991222237,time,True,KBH,2024-08-09,4,2
861,2024-08-12,2024-09-23,0.97273498015477,0.6104055646248485,time,True,ONON,2024-08-09,4,2
1361,2024-08-12,2024-09-23,0.4476637148805151,1.6482638342597864,time,False,BAC,2024-08-09,4,2
1860,2024-08-20,2024-10-01,-0.34649627838467384,0.5986223854747759,time,False,AMGN,2024-08-19,5,3
525,2024-09-03,2024-10-14,0.3646120973484986,0.8569141855172436,time,False,AMZN,2024-08-30,4,3
612,2024-09-03,2024-10-14,0.6978897903985051,0.6237450851501584,time,True,MAR,2024-08-30,4,3
1072,2024-09-04,2024-09-05,-1.0262483551316195,1.351644920830654,stop,False,MCK,2024-09-03,4,2
654,2024-09-05,2024-10-16,-0.2548169773729263,0.673448166726365,time,False,ROST,2024-09-04,5,1
130,2024-09-06,2024-10-01,-1.0770375005055421,2.8600181174178547,stop,False,INTU,2024-09-05,4,1
1848,2024-09-10,2024-10-21,-0.0959616118971986,0.5877615638014526,time,False,DHR,2024-09-09,4,2
2183,2024-09-10,2024-10-07,0.5497275210067439,0.6953995896761921,ema20_runner,True,FAST,2024-09-09,4,2
502,2024-09-11,2024-10-22,1.9520659452857079,0.8062339158669247,time,True,LYV,2024-09-10,4,2
3381,2024-09-11,2024-10-22,1.0666900962346826,3.066488845624481,time,False,INCY,2024-09-10,5,2
574,2024-09-11,2024-10-04,0.7148612936455012,0.9056847366512821,ema20_runner,True,SBUX,2024-09-10,6,2
3099,2024-09-12,2024-10-23,0.15373646336994634,2.6197744926627635,time,False,SOUN,2024-09-11,4,2
3201,2024-09-12,2024-10-23,1.3490128079584507,1.151499685618113,time,True,TOST,2024-09-11,4,2
2164,2024-09-12,2024-09-20,-3.022047031955824,2.975407313163398,gap_stop,False,FDX,2024-09-11,5,2
2099,2024-09-12,2024-10-11,0.5225528816736305,0.6082373251355638,ema20_runner,True,MMM,2024-09-11,6,2
2361,2024-09-12,2024-10-03,1.2592854715992274,1.5395160034091808,ema20_runner,True,CRH,2024-09-11,4,1
1807,2024-09-13,2024-09-27,-1.0402591259083513,0.6586027262876321,stop,False,LLY,2024-09-12,4,2
1879,2024-09-13,2024-09-23,-1.047239285140355,1.3820844191686752,stop,False,VRTX,2024-09-12,4,2
1558,2024-09-16,2024-10-25,2.000179917226807,2.178322773835849,time,True,ZION,2024-09-13,4,3
963,2024-09-23,2024-10-04,-1.1230401418116536,3.382459256330579,stop,False,PM,2024-09-20,4,2
507,2024-09-24,2024-10-25,0.4080802605261474,0.5696898138668933,ema20_runner,True,MTCH,2024-09-23,4,3
2585,2024-09-24,2024-10-04,-1.054111007137212,1.1168197320771032,stop,False,HR,2024-09-23,4,3
2626,2024-09-24,2024-10-24,0.3517236691136654,0.6222814159327944,be,True,NNN,2024-09-23,4,3
481,2024-09-24,2024-11-04,4.042897917803006,4.103177353892749,time,True,EA,2024-09-23,4,2
2966,2024-09-24,2024-10-24,1.3565287045266774,1.6423065160260852,ema20_runner,True,PANW,2024-09-23,4,2
511,2024-09-24,2024-11-04,0.982377958502399,0.7004417941971186,time,True,ZM,2024-09-23,5,2
1617,2024-09-24,2024-10-07,0.6503839364838253,1.174826688815946,be,True,ICE,2024-09-23,5,2
2176,2024-09-25,2024-11-05,0.3216998612651758,0.734528144431432,time,False,ODFL,2024-09-24,4,3
643,2024-09-25,2024-10-08,0.5376446647335241,0.88213200606763,be,True,YUM,2024-09-24,4,2
972,2024-09-25,2024-10-03,-1.0645844314797304,1.3699205843578688,stop,False,MO,2024-09-24,4,2
993,2024-09-25,2024-10-02,-1.0863322860385574,1.9122991991044327,stop,False,CL,2024-09-24,4,2
589,2024-09-26,2024-10-03,-1.0726527374872172,0.620568421025287,stop,False,TJX,2024-09-25,4,2
1055,2024-09-27,2024-11-07,-0.4470273779989532,3.4648621071983023,time,False,TSN,2024-09-26,4,3
1489,2024-09-27,2024-10-21,0.6635340738151206,1.0617865343803046,be,True,TFC,2024-09-26,4,3
1260,2024-10-01,2024-10-30,2.6033072594359736,2.6931635246773467,ema20_runner,True,OKE,2024-09-30,4,2
1720,2024-10-01,2024-10-07,-1.0768857110834944,1.1846882375309165,stop,False,PGR,2024-09-30,4,2
3459,2024-10-02,2024-10-18,0.8977532702270132,1.2188867857047343,ema20_runner,True,LUV,2024-10-01,4,3
2049,2024-10-03,2024-11-13,0.8847212040718773,0.611345194382382,time,True,EMR,2024-10-02,5,2
2522,2024-10-04,2024-10-07,-1.1273619683894474,5.376421476013446,stop,False,ELS,2024-10-03,4,3
326,2024-10-04,2024-10-22,0.3539182881366301,0.5626477550631859,be,True,HPQ,2024-10-03,5,2
2479,2024-10-04,2024-10-08,-1.0827759617792443,1.508399051845783,stop,False,WPC,2024-10-03,4,1
1007,2024-10-07,2024-10-09,-1.093718539397518,1.2816034935232063,stop,False,GIS,2024-10-04,4,3
1480,2024-10-07,2024-11-05,0.5079017131325784,0.5135710286993302,ema20_runner,True,PNC,2024-10-04,4,3
2546,2024-10-07,2024-10-28,4.8142388284106215,5.484138621247307,ema20_runner,True,KIM,2024-10-04,4,3
3023,2024-10-07,2024-11-15,2.8367298861326318,3.0928387627631926,time,True,BOX,2024-10-04,4,2
3181,2024-10-07,2024-11-04,-1.0196049832999052,0.7301707997921401,stop,False,DKNG,2024-10-04,4,2
2541,2024-10-07,2024-10-07,-1.1230795420646758,5.763773217778416,stop,False,COLD,2024-10-04,6,2
1841,2024-10-08,2024-10-25,1.147928479817166,1.8742761684234088,be,True,ABT,2024-10-07,4,3
3086,2024-10-08,2024-11-15,0.6978365726634909,1.071876836071282,be,True,SMTC,2024-10-07,4,2
493,2024-10-08,2024-11-18,2.8228952955995483,1.6916482735326188,time,True,TTWO,2024-10-07,6,2
994,2024-10-09,2024-10-25,-1.30361340348282,2.834837945898498,gap_stop,False,CL,2024-10-08,4,3
2662,2024-10-11,2024-10-28,1.1126109528689716,1.2250246822339053,ema20_runner,True,DUK,2024-10-10,4,2
6,2024-10-14,2024-10-22,0.4252360324249983,0.7299978015682411,be,True,IWM,2024-10-11,4,3
3414,2024-10-14,2024-10-18,-1.0245184551553166,1.1423939792496778,stop,False,BNTX,2024-10-11,4,3
2523,2024-10-16,2024-11-26,0.49095270164463933,1.5934787259532437,time,False,ELS,2024-10-15,4,2
655,2024-10-18,2024-10-29,-1.0268542915310235,1.1299627299202986,stop,False,ROST,2024-10-17,5,2
1010,2024-10-18,2024-10-30,-1.0480280031397757,1.770252561618607,stop,False,CPB,2024-10-17,6,2
2768,2024-10-21,2024-12-02,1.2580001431170533,1.0547160755339393,time,True,PNW,2024-10-18,4,3
526,2024-10-21,2024-10-31,0.47081272702077714,0.7751607850041787,be,True,AMZN,2024-10-18,4,2
160,2024-10-22,2024-10-22,-1.1048982526344286,5.552957901040403,stop,False,AMD,2024-10-21,4,3
2433,2024-10-22,2024-12-03,5.6115502491785545,3.1567161713819325,time,True,IP,2024-10-21,4,3
1330,2024-10-22,2024-11-04,-1.7104983425665758,0.7543388001631285,gap_stop,False,CEG,2024-10-21,4,2
398,2024-10-23,2024-10-31,0.6472143903896037,1.0635024695574458,be,True,META,2024-10-22,4,3
1391,2024-10-23,2024-12-04,1.6353200634616125,1.1270194011296168,time,True,C,2024-10-22,4,3
973,2024-10-23,2024-12-04,3.6873937533684087,2.991513848368998,time,True,MO,2024-10-22,5,3
3486,2024-10-23,2024-11-20,1.686862156070775,1.9928865606128183,ema20_runner,True,XPEV,2024-10-22,4,2
144,2024-10-24,2024-11-14,0.7676826777247521,1.028124668376038,ema20_runner,True,TXN,2024-10-23,4,3
2458,2024-10-24,2024-10-29,-1.4082633805635085,4.1210987630110205,gap_stop,False,CCI,2024-10-23,4,3
543,2024-10-25,2024-10-29,-1.2947271709761283,1.9859200418184328,gap_stop,False,HD,2024-10-24,4,2
733,2024-10-25,2024-10-28,-1.0762549144647768,3.582087729086766,stop,False,BBY,2024-10-24,5,2
333,2024-10-28,2024-10-31,0.4061257013121005,0.6408077481298484,be,True,DELL,2024-10-25,4,3
2878,2024-10-29,2024-11-06,-1.1125486275572023,1.2558515298026247,gap_stop,False,JD,2024-10-28,4,2
3154,2024-10-29,2024-12-10,2.889634424261111,1.9887853790611505,time,True,PYPL,2024-10-28,4,2
3471,2024-10-29,2024-10-29,-1.027089332447699,2.6396981254230294,stop,False,JBLU,2024-10-28,4,2
161,2024-10-29,2024-10-30,-1.029066879179486,1.0897595633676773,stop,False,AMD,2024-10-28,5,2
3494,2024-10-29,2024-10-31,-1.0782783567441825,3.4974195275335567,stop,False,BWA,2024-10-28,5,2
3460,2024-10-29,2024-12-10,1.5597227763126773,1.2970046322147584,time,True,LUV,2024-10-28,6,2
3140,2024-10-30,2024-12-11,2.6062220763783754,1.3763616114119048,time,True,AFRM,2024-10-29,4,3
1103,2024-10-30,2024-12-11,1.6467708404990895,0.5745914533824394,time,True,USFD,2024-10-29,4,2
2912,2024-10-30,2024-10-31,-1.062912648024883,1.5400565059792575,stop,False,SHOP,2024-10-29,5,2
2100,2024-10-30,2024-12-11,0.25010169007595534,2.4201817761576057,time,False,MMM,2024-10-29,4,1
1490,2024-10-31,2024-12-05,1.1295846754838577,0.8023668011476032,ema20_runner,True,TFC,2024-10-30,4,3
836,2024-10-31,2024-11-06,-1.0774433784070179,3.890066664742789,stop,False,HAS,2024-10-30,5,3
989,2024-10-31,2024-11-06,-1.0710068203953342,2.8292243395982117,stop,False,MDLZ,2024-10-30,5,3
70,2024-10-31,2024-11-29,1.763267658391318,1.3884695968336132,ema20_runner,True,ORCL,2024-10-30,4,2
2529,2024-10-31,2024-11-06,-1.1334569416133757,9.120212664314307,stop,False,CUBE,2024-10-30,4,2
2518,2024-10-31,2024-11-07,-1.596722848173676,1.851046236026345,gap_stop,False,SUI,2024-10-30,5,2
131,2024-11-04,2024-11-20,1.4923336165813492,1.9258518317540538,ema20_runner,True,INTU,2024-11-01,4,3
549,2024-11-04,2024-11-19,-1.108234715484486,3.9605711798244956,stop,False,MCD,2024-11-01,4,3
1595,2024-11-04,2024-12-13,0.815452273443203,0.5492415672223186,ema20_runner,True,TROW,2024-11-01,4,3
2095,2024-11-04,2024-12-10,2.7499111729052634,2.9872732716569717,ema20_runner,True,TT,2024-11-01,4,3
3120,2024-11-05,2024-12-17,4.970804178894308,2.3488581438910963,time,True,HOOD,2024-11-04,4,2
2368,2024-11-05,2024-12-09,0.7548905493019603,0.8180419812375577,ema20_runner,True,CF,2024-11-04,5,2
1697,2024-11-06,2024-12-03,0.5562995869590213,0.8904495165695855,be,True,AFL,2024-11-05,4,3
2705,2024-11-06,2024-12-09,3.748351148387613,3.0114882619809813,ema20_runner,True,SRE,2024-11-05,4,3
1618,2024-11-06,2024-11-06,-1.0436537580868337,0.9384064404639352,stop,False,ICE,2024-11-05,5,3
2505,2024-11-06,2024-11-06,-1.066505896093221,2.132251255278487,stop,False,IRM,2024-11-05,5,3
205,2024-11-06,2024-11-11,0.3713825838400167,0.5906632310719208,be,True,MU,2024-11-05,4,2
291,2024-11-06,2024-11-13,-1.0371981213896653,1.9272412814986084,stop,False,STX,2024-11-05,4,2
31,2024-11-07,2024-12-19,1.1182707852146392,1.1115004108024753,ema20_runner,True,MSFT,2024-11-06,4,2
941,2024-11-07,2024-12-19,1.119398278694963,0.595493494795635,ema20_runner,True,COST,2024-11-06,4,2
837,2024-11-11,2024-11-14,-1.05781437722284,3.7548054789033882,stop,False,HAS,2024-11-08,4,3
1056,2024-11-13,2024-12-23,-1.025635907660756,0.8691179284388156,stop,False,TSN,2024-11-12,4,3
3300,2024-11-13,2024-12-03,0.5009623921572727,0.7787838666433717,be,True,DNN,2024-11-12,4,2
17,2024-11-15,2024-12-30,1.988371082932328,1.31544285820504,time,True,AAPL,2024-11-14,4,2
964,2024-11-15,2024-12-30,-0.7198835902855285,0.5015958363991561,time,False,PM,2024-11-14,4,2
2604,2024-11-18,2024-12-02,0.31120334383176496,0.5260458027380848,be,True,WELL,2024-11-15,4,3
2654,2024-11-18,2024-12-04,-1.1175934768588989,4.195680110664126,stop,False,SO,2024-11-15,4,3
2663,2024-11-18,2024-12-12,-1.0768383994772444,2.577978759952931,stop,False,DUK,2024-11-15,4,3
1619,2024-11-19,2024-12-18,-1.0571069909105446,1.7379396792994728,stop,False,ICE,2024-11-18,4,3
2588,2024-11-20,2024-12-10,0.5968083927772883,0.9483517933030475,be,True,HR,2024-11-19,6,3
400,2024-11-20,2024-12-19,2.7811774236222404,2.603652080609923,ema20_runner,True,META,2024-11-19,4,2
1663,2024-11-26,2024-12-10,-1.0508529476042001,1.2571839505512428,stop,False,CB,2024-11-25,4,2
424,2024-12-02,2024-12-09,-1.077580272392038,1.8700211726405678,stop,False,CMCSA,2024-11-29,5,3
57,2024-12-03,2025-01-16,4.76814182865159,2.8197043197296847,time,True,AVGO,2024-12-02,4,2
2143,2024-12-03,2024-12-19,1.1797907364080065,1.6302540035569795,ema20_runner,True,CHRW,2024-12-02,4,2
2948,2024-12-03,2024-12-20,-1.0243380792362295,1.2952233236712312,stop,False,ZS,2024-12-02,4,2
3160,2024-12-03,2025-01-16,1.6095714283678224,0.7659827876986548,time,True,RBLX,2024-12-02,4,2
327,2024-12-03,2024-12-18,-1.0244445371329194,1.0821302928021175,stop,False,HPQ,2024-12-02,5,2
43,2024-12-04,2024-12-16,-1.0265790945730047,0.9476387027624531,stop,False,NVDA,2024-12-03,4,2
307,2024-12-04,2024-12-20,-1.0227408335946506,0.7723901705380022,stop,False,NTAP,2024-12-03,4,1
2296,2024-12-05,2024-12-18,-1.0631512023341485,1.7467259548622185,stop,False,ECL,2024-12-04,4,2
838,2024-12-05,2024-12-17,-1.0181455662512335,0.6504540189624424,stop,False,HAS,2024-12-04,5,2
513,2024-12-09,2025-01-23,-1.0198433886133311,0.7458607111127455,stop,False,ZM,2024-12-06,4,2
3202,2024-12-09,2025-01-13,-1.0173014017738962,1.0682025861224262,stop,False,TOST,2024-12-06,4,2
1448,2024-12-12,2024-12-18,-1.0528616652002853,1.5614252617492874,stop,False,COF,2024-12-11,4,3
3324,2024-12-12,2024-12-12,-1.029001174569987,21.82544105681185,stop,False,LTBR,2024-12-11,4,3
3301,2024-12-12,2024-12-17,-1.0192789884434972,0.9366232548710082,stop,False,DNN,2024-12-11,5,3
2050,2024-12-12,2024-12-18,-1.0565559016875194,0.7032245635548415,stop,False,EMR,2024-12-11,4,2
2576,2024-12-13,2024-12-18,-1.064668408049855,1.4578828192842275,stop,False,AKR,2024-12-12,4,3
1251,2024-12-13,2025-01-28,0.7226892847553751,0.5113855246210839,ema20_runner,True,AR,2024-12-12,4,2
415,2024-12-13,2025-01-10,-1.0373684909607348,0.6074752254307781,stop,False,DIS,2024-12-12,4,1
845,2024-12-13,2024-12-19,-1.0293410087378532,0.9747268673370701,stop,False,MAT,2024-12-12,4,1
2284,2024-12-16,2024-12-16,-1.1384834058144628,5.336813475291092,stop,False,APD,2024-12-13,4,3
2706,2024-12-16,2024-12-17,-1.0820448903950035,2.548287767987139,stop,False,SRE,2024-12-13,4,2
1309,2024-12-16,2024-12-18,-1.0412676040660092,1.1999608814019709,stop,False,MPLX,2024-12-13,5,2
1469,2024-12-17,2024-12-18,-1.068724603668793,1.8401847541493563,stop,False,USB,2024-12-16,4,3
1520,2024-12-17,2024-12-17,-1.1536304778889923,5.265953593838679,stop,False,HBAN,2024-12-16,4,2
1763,2024-12-17,2024-12-17,-1.506163008648036,32.74291269471079,stop,False,LNC,2024-12-16,4,2
3207,2024-12-17,2024-12-18,-1.038156794091771,2.50445127499765,stop,False,FOUR,2024-12-16,5,2
2108,2024-12-17,2025-01-06,-1.0640119169434394,2.6346910051442225,stop,False,RTX,2024-12-16,6,2
3487,2024-12-17,2025-01-02,-1.0200281208028585,2.5949303533436447,stop,False,XPEV,2024-12-16,4,1
2035,2024-12-18,2025-02-03,0.5083162255464729,0.5145287938310732,time,True,DE,2024-12-17,4,3
2885,2024-12-18,2024-12-20,-1.0868507678460344,7.698676297419253,gap_stop,False,BABA,2024-12-17,4,2
132,2024-12-18,2024-12-20,-1.0259149159016236,0.6544880194931941,stop,False,INTU,2024-12-17,5,2
3443,2024-12-18,2025-01-24,1.2736155501845776,1.3872141936667033,ema20_runner,True,UAL,2024-12-17,4,1
91,2024-12-23,2025-01-28,1.5971593709019365,1.898032599649995,ema20_runner,True,CSCO,2024-12-20,4,3
862,2024-12-23,2025-02-03,0.4446188959621577,0.7580260816746486,gap_stop,True,ONON,2024-12-20,4,3
1104,2024-12-23,2025-01-13,-1.1256800313029918,4.822743857798336,stop,False,USFD,2024-12-20,4,3
1588,2024-12-23,2025-01-10,-1.053143767609999,2.213528343328705,stop,False,IVZ,2024-12-20,4,3
3461,2024-12-23,2025-01-16,-1.0406136757540652,1.655714198878338,stop,False,LUV,2024-12-20,4,3
82,2024-12-23,2025-01-10,-1.03415997935456,1.222002662983681,stop,False,CRM,2024-12-20,5,3
313,2024-12-23,2025-01-28,1.2207010631774762,1.8825519974194689,be,True,HPE,2024-12-20,5,3
613,2024-12-23,2025-01-02,-1.0782503136315027,1.4467481644004132,stop,False,MAR,2024-12-20,5,3
1245,2024-12-23,2025-01-03,-1.043438441139733,3.222520273166191,stop,False,CNX,2024-12-20,5,3
2270,2024-12-23,2024-12-30,-1.0376139203018981,1.7939457687033513,stop,False,AXON,2024-12-20,5,3
3193,2024-12-23,2025-01-13,0.9987674341999501,1.5442601928298738,be,True,RSI,2024-12-20,5,3
3247,2024-12-23,2025-02-06,0.6931969399576892,1.4567701562099278,time,False,APP,2024-12-20,5,3
3183,2024-12-23,2024-12-24,-1.0364211993016372,2.413311052262421,stop,False,DKNG,2024-12-20,6,3
1041,2024-12-23,2024-12-23,-1.1114592180388068,4.888748974082073,stop,False,TAP,2024-12-20,4,2
1596,2024-12-23,2025-01-08,-1.064702991993847,2.370224818853025,stop,False,TROW,2024-12-20,4,2
1607,2024-12-23,2025-02-05,3.0845633352274286,3.4769052329800094,ema20_runner,True,RJF,2024-12-20,4,2
1775,2024-12-23,2025-01-10,-1.0840992882866083,4.621138494367469,stop,False,WRB,2024-12-20,4,2
2434,2024-12-23,2025-01-02,-1.0965625225550812,5.366947969138069,stop,False,IP,2024-12-20,4,2
2727,2024-12-23,2025-01-06,-1.0884693390958262,3.6399151684171245,stop,False,WEC,2024-12-20,4,2
645,2024-12-24,2025-01-07,-1.0756398714273194,1.8887988279933676,stop,False,YUM,2024-12-23,4,2
3209,2024-12-30,2025-01-06,-1.08282486557271,6.581875303378791,stop,False,FLYW,2024-12-27,4,2
801,2024-12-30,2024-12-30,-1.418668593305373,21.729066679341226,stop,False,LVS,2024-12-27,4,1
2548,2025-01-02,2025-01-02,-1.1105120454802635,5.091354159870118,stop,False,KIM,2024-12-31,4,3
334,2025-01-03,2025-01-13,-1.0307644919809615,3.869696026151894,stop,False,DELL,2025-01-02,4,3
3002,2025-01-03,2025-02-18,4.645907106502354,4.334168275217954,time,True,SNOW,2025-01-02,4,3
965,2025-01-03,2025-01-10,-1.1023315646022658,4.422694266657192,stop,False,PM,2025-01-02,4,2
1279,2025-01-03,2025-01-27,0.4676162575123704,0.7392028876651033,be,True,WMB,2025-01-02,4,2
2464,2025-01-03,2025-02-18,1.6315040688005078,1.5157843744058435,time,True,SPG,2025-01-02,4,2
974,2025-01-06,2025-01-07,-1.0704461107111591,2.3819410448249454,stop,False,MO,2025-01-03,4,2
1637,2025-01-06,2025-01-06,-1.0946919453857002,2.8349636250974477,stop,False,NDAQ,2025-01-03,4,2
2900,2025-01-06,2025-01-08,-1.0271031820840588,1.9048269870845687,stop,False,GRAB,2025-01-03,4,2
451,2025-01-06,2025-01-10,-1.047448931396403,3.8929395128750106,stop,False,CHTR,2025-01-03,5,2
3110,2025-01-06,2025-01-13,-1.0161203831087262,1.990894777171813,stop,False,COIN,2025-01-03,5,2
18,2025-01-07,2025-01-08,-1.2932809001450445,9.54719598652703,stop,False,AAPL,2025-01-06,4,2
3396,2025-01-07,2025-01-13,-1.0179193877973558,1.6939691913790385,stop,False,BEAM,2025-01-06,4,2
2185,2025-01-08,2025-02-21,1.5863862968988767,7.009073191347137,time,False,FAST,2025-01-07,4,2
3433,2025-01-08,2025-02-11,1.2697581580202997,1.4112167878317754,ema20_runner,True,DAL,2025-01-07,4,2
2435,2025-01-08,2025-02-03,6.08780816146322,8.562930384490832,ema20_runner,True,IP,2025-01-07,6,2
1679,2025-01-10,2025-02-24,-0.19145138773233708,1.6970507208627346,time,False,MET,2025-01-08,4,3
1705,2025-01-10,2025-01-10,-1.078096614073898,3.9929830618378306,stop,False,ALL,2025-01-08,4,3
1896,2025-01-10,2025-02-13,2.8666585638205584,3.2248685366897165,ema20_runner,True,SYK,2025-01-08,4,3
2927,2025-01-10,2025-02-24,2.112850518969562,7.804122166576217,time,False,VEEV,2025-01-08,4,3
1437,2025-01-10,2025-01-10,-1.3845019529403624,8.297929771026974,stop,False,MA,2025-01-08,5,3
2271,2025-01-10,2025-02-20,2.7206622186475675,3.990794627354559,ema20_runner,True,AXON,2025-01-08,5,3
2783,2025-01-10,2025-01-27,1.4323885015291231,2.2643108706099087,be,True,NI,2025-01-08,5,3
503,2025-01-10,2025-02-24,5.65615329282661,4.01311903293195,time,True,LYV,2025-01-08,4,2
533,2025-01-13,2025-02-06,-1.0612081787628889,8.21683337423149,stop,False,TSLA,2025-01-10,4,2
3184,2025-01-13,2025-02-25,1.839342107944543,2.026696562369664,ema20_runner,True,DKNG,2025-01-10,5,2
277,2025-01-14,2025-02-24,3.11225471960725,2.602536488214218,ema20_runner,True,CTSH,2025-01-13,4,3
576,2025-01-14,2025-02-26,1.5451639288482772,1.112915950064307,time,True,SBUX,2025-01-13,4,3
1352,2025-01-14,2025-02-21,0.9572449248893069,0.6154402444272836,ema20_runner,True,JPM,2025-01-13,4,3
1513,2025-01-14,2025-02-26,-0.47000756858379467,4.325878298244188,time,False,KEY,2025-01-13,4,3
19,2025-01-16,2025-01-16,-1.0585470317050234,2.645467714047474,stop,False,AAPL,2025-01-15,4,3
378,2025-01-16,2025-01-27,0.3416883218750343,0.6662678743525092,gap_stop,True,GOOGL,2025-01-15,4,3
389,2025-01-16,2025-01-27,0.3106511914119821,0.6072052967345144,gap_stop,True,GOOG,2025-01-15,4,3
2914,2025-01-16,2025-02-24,2.4308551676193577,2.7308447058569225,ema20_runner,True,SHOP,2025-01-15,4,3
2209,2025-01-23,2025-03-06,-0.3478334332838893,0.5215040655886602,time,False,AME,2025-01-22,4,2
308,2025-01-24,2025-02-28,-1.9646292917716874,0.5438690223671616,gap_stop,False,NTAP,2025-01-23,4,3
1105,2025-01-27,2025-02-03,0.48883792265182463,0.786689163839592,be,True,USFD,2025-01-24,4,3
1096,2025-01-27,2025-01-28,-1.050429807884901,1.9298504538355603,stop,False,SYY,2025-01-24,5,2
942,2025-01-28,2025-02-28,0.7952911328408563,0.6720280743721581,ema20_runner,True,COST,2025-01-27,4,3
953,2025-01-28,2025-03-11,0.58530321746264,0.7518582623063951,time,True,PG,2025-01-27,4,2
1087,2025-01-28,2025-02-27,0.9156235234107444,0.8314496119502232,ema20_runner,True,KR,2025-01-27,4,2
1482,2025-01-28,2025-03-04,-1.0205859011274552,0.5470020881684553,stop,False,PNC,2025-01-27,4,2
662,2025-01-28,2025-02-27,0.3737834172537148,0.7803138458463572,gap_stop,True,EBAY,2025-01-27,5,2
104,2025-01-29,2025-02-28,1.4767014732786763,1.0967844590216502,ema20_runner,True,IBM,2025-01-28,4,3
976,2025-02-03,2025-03-17,2.617175413931958,2.2975575828659527,time,True,MO,2025-01-31,4,2
2637,2025-02-03,2025-02-13,-1.038189850248817,1.553648410412111,stop,False,EPRT,2025-01-31,4,1
551,2025-02-04,2025-03-13,0.8694729456052468,0.9146395586235609,ema20_runner,True,MCD,2025-02-03,4,2
2664,2025-02-04,2025-03-18,0.8424913370373872,0.701839223748056,time,True,DUK,2025-02-03,4,2
895,2025-02-05,2025-02-21,-1.0420571416751907,2.0345385943707397,stop,False,URBN,2025-02-04,4,3
72,2025-02-06,2025-03-06,-1.0162740960651209,1.1210610261913259,stop,False,ORCL,2025-02-05,4,3
2292,2025-02-06,2025-03-20,-0.7707667695940277,0.7466123375942715,time,False,SHW,2025-02-05,6,3
2371,2025-02-11,2025-02-12,-1.0416367508523965,2.6337825470796803,stop,False,CF,2025-02-10,5,3
866,2025-02-12,2025-03-04,-1.0516999185695097,5.724281597414034,stop,False,VFC,2025-02-11,4,3
417,2025-02-13,2025-03-06,-1.0724239605799615,3.0177905892793904,stop,False,DIS,2025-02-12,4,2
437,2025-02-13,2025-03-13,0.994342267887134,1.1412039067008157,ema20_runner,True,VZ,2025-02-12,4,2
1363,2025-02-18,2025-02-21,-1.0606937119077946,0.7691672746001944,stop,False,BAC,2025-02-14,5,3
3129,2025-02-18,2025-02-24,-1.0154888205837105,0.8736093738105514,stop,False,SOFI,2025-02-14,4,2
1065,2025-02-20,2025-03-10,-1.0702565727593012,1.6663032038819694,stop,False,CAH,2025-02-19,4,3
1852,2025-02-21,2025-03-17,2.326845702278326,2.6508557811543008,ema20_runner,True,BMY,2025-02-20,4,2
390,2025-02-21,2025-02-21,-1.0900958649548247,4.898646311775587,stop,False,GOOG,2025-02-20,4,1
2920,2025-02-21,2025-03-04,-1.041066334925818,2.465519863753736,stop,False,WDAY,2025-02-20,5,1
1897,2025-02-26,2025-03-07,-1.0608562527846812,0.9798745858216436,stop,False,SYK,2025-02-25,5,2
896,2025-02-28,2025-03-04,0.48383885543054383,0.7594757704575088,be,True,URBN,2025-02-27,4,3
1450,2025-03-03,2025-03-04,-1.0402166057073587,0.935305733666581,stop,False,COF,2025-02-28,4,2
1353,2025-03-03,2025-03-04,-1.047093979113633,1.3244062914559467,stop,False,JPM,2025-02-28,5,2
1885,2025-03-06,2025-03-06,-1.0744023120889066,3.591995516156837,stop,False,ISRG,2025-03-05,4,3
2921,2025-03-06,2025-03-07,-1.0631309458962326,4.58615130882545,stop,False,WDAY,2025-03-05,4,3
3003,2025-03-06,2025-03-06,-1.0449485127226017,3.5161206908155647,stop,False,SNOW,2025-03-05,4,3
3162,2025-03-06,2025-03-07,-1.0359179649987895,3.4812037848046997,gap_stop,False,RBLX,2025-03-05,4,3
92,2025-03-06,2025-03-11,-1.0467446928022406,0.867303178130288,stop,False,CSCO,2025-03-05,4,2
1237,2025-03-06,2025-03-06,-1.031705823803568,2.3494281964384682,stop,False,EQT,2025-03-05,4,2
2977,2025-03-06,2025-03-06,-1.0347038757904536,4.499710998738054,stop,False,NET,2025-03-05,4,2
3016,2025-03-06,2025-03-10,-1.0180559033185874,3.845992786845937,stop,False,PLTR,2025-03-05,4,2
1225,2025-03-06,2025-03-06,-1.0527426418417003,3.5402454738113818,stop,False,RRC,2025-03-05,4,1
1252,2025-03-06,2025-03-06,-1.0774266344504642,5.9967233448790225,stop,False,AR,2025-03-05,4,1
2086,2025-03-10,2025-03-11,-1.0825127225521203,0.941685714458837,stop,False,XYL,2025-03-07,4,2
105,2025-03-25,2025-04-04,-1.0417898399754335,1.4098566370348544,stop,False,IBM,2025-03-24,6,3
402,2025-03-25,2025-03-31,-1.1831348743625996,2.013472634103114,gap_stop,False,META,2025-03-24,4,2
458,2025-03-25,2025-04-03,-1.0189803522188015,0.7251354016215907,stop,False,WBD,2025-03-24,4,2
673,2025-03-25,2025-04-03,-1.0158241696684625,1.2339911473134921,stop,False,EXPE,2025-03-24,4,2
1451,2025-03-25,2025-04-03,-1.0148802923130473,1.038588347428331,stop,False,COF,2025-03-24,5,2
977,2025-03-26,2025-04-02,0.30910472641319897,0.5172481977218284,be,True,MO,2025-03-25,4,2
1571,2025-03-26,2025-04-03,-1.209766693676993,1.5551409210590204,gap_stop,False,NTRS,2025-03-25,4,2
1648,2025-03-26,2025-04-04,-1.0260420498265552,0.7442192925529246,stop,False,SPGI,2025-03-25,4,2
2186,2025-03-26,2025-04-07,-1.03760156708956,1.1131961707742444,stop,False,FAST,2025-03-25,4,2
2438,2025-03-26,2025-04-03,-1.0158738678673278,0.5613718877347732,stop,False,IP,2025-03-25,4,2
2480,2025-03-26,2025-04-04,-1.08592636716385,2.63415427136228,stop,False,WPC,2025-03-25,4,2
2969,2025-03-26,2025-03-28,-1.021485961474751,1.001291535849398,stop,False,PANW,2025-03-25,4,2
1374,2025-03-26,2025-04-03,-1.016787287211966,1.1004208609589785,stop,False,GS,2025-03-25,5,2
2063,2025-03-26,2025-03-31,-1.021210948899315,1.031650360426708,stop,False,PH,2025-03-25,5,2
2268,2025-03-26,2025-04-04,-1.3517266545966138,1.15281610404411,gap_stop,False,WAB,2025-03-25,5,2
2363,2025-03-26,2025-03-28,-1.048371719954721,1.8045359316436829,gap_stop,False,CRH,2025-03-25,6,2
484,2025-05-19,2025-07-01,1.0725747981512077,1.1289957805600577,time,True,EA,2025-05-16,4,2
978,2025-05-19,2025-06-26,0.4782811854391688,0.6114264431043074,ema20_runner,True,MO,2025-05-16,4,2
1630,2025-05-19,2025-07-01,0.9203809938463849,1.122088335572257,time,False,CBOE,2025-05-16,4,2
1789,2025-05-19,2025-07-01,-0.3741134577555172,0.7493085241105323,time,False,RYAN,2025-05-16,4,2
2665,2025-05-19,2025-07-01,0.4230805898189658,1.2243651203507933,time,False,DUK,2025-05-16,4,2
2741,2025-05-19,2025-07-01,0.005073387524359662,1.0569356860593693,time,False,AWK,2025-05-16,4,2
1088,2025-05-19,2025-06-09,-1.0370040842763402,1.022569259132666,stop,False,KR,2025-05-16,5,2
2305,2025-05-19,2025-07-01,2.501177967493974,2.262739622713114,time,True,NEM,2025-05-16,5,2
2453,2025-05-19,2025-07-01,0.9209867063003168,1.2935777398248518,time,False,AMT,2025-05-16,5,2
2656,2025-05-19,2025-07-01,0.5719050658057379,0.6052725669403952,time,True,SO,2025-05-16,5,2
2679,2025-05-19,2025-07-01,0.27601581636241684,1.1512422272557097,time,False,AEP,2025-05-16,5,2
2696,2025-05-19,2025-07-01,-0.24196290032133677,1.5796617366396843,time,False,EXC,2025-05-16,5,2
2744,2025-05-19,2025-07-01,-0.4500752197955987,1.0566507339054168,time,False,ATO,2025-05-16,5,2
2803,2025-05-19,2025-06-17,-1.0508489698570544,1.168388101412164,stop,False,CNP,2025-05-16,5,2
1901,2025-05-20,2025-05-22,-1.045968848049053,2.581870124027361,stop,False,MDT,2025-05-19,4,2
2000,2025-05-20,2025-07-02,-0.0899338765155335,0.8557022205350172,time,False,CI,2025-05-19,6,2
1912,2025-05-28,2025-06-06,-1.0693430850297683,0.75312183420417,stop,False,BSX,2025-05-27,4,3
452,2025-05-28,2025-06-16,-1.024804410541798,0.7707555841307713,stop,False,CHTR,2025-05-27,4,2
494,2025-05-28,2025-07-10,0.708352273194951,0.824751619304248,time,True,TTWO,2025-05-27,4,2
1722,2025-05-28,2025-06-09,-1.0871298110177967,2.5393999389251922,stop,False,PGR,2025-05-27,4,2
1777,2025-05-28,2025-07-10,-1.0359597873519901,0.5104654862844527,stop,False,WRB,2025-05-27,4,2
2606,2025-05-29,2025-07-11,0.3706184416359591,0.602168439032927,time,False,WELL,2025-05-28,4,1
1673,2025-05-30,2025-07-14,-0.2764633436950954,0.8758305015779284,time,False,AIG,2025-05-29,4,2
2616,2025-05-30,2025-07-14,0.8590119228392064,1.1220421647922714,time,False,OHI,2025-05-29,4,2
2467,2025-05-30,2025-07-14,1.39831938166143,1.4955650716345916,time,True,O,2025-05-29,5,2
687,2025-06-02,2025-06-02,-1.053920730978781,1.3540546459298923,stop,False,F,2025-05-30,4,3
697,2025-06-02,2025-07-15,0.8613297479907421,0.8948002429221062,time,True,GM,2025-05-30,4,3
1949,2025-06-02,2025-06-27,1.2711645828481724,1.496743473087432,ema20_runner,True,DGX,2025-05-30,4,3
1011,2025-06-02,2025-06-10,-1.7382655816065435,1.5844832799757598,gap_stop,False,SJM,2025-05-30,4,2
2350,2025-06-02,2025-06-02,-1.3186723016126911,8.454964525488384,stop,False,VMC,2025-05-30,4,1
552,2025-06-03,2025-06-09,-1.069038215102728,1.2195519545031244,stop,False,MCD,2025-06-02,4,2
2036,2025-06-03,2025-06-23,0.3980782829515076,0.6365888081190705,be,True,DE,2025-06-02,4,2
3130,2025-06-03,2025-07-16,2.3847575939827337,0.7431089118376438,time,True,SOFI,2025-06-02,4,2
2784,2025-06-09,2025-07-02,0.4059283395163301,0.666667419722998,be,True,NI,2025-06-06,4,3
2922,2025-06-09,2025-06-23,-1.0308489901245983,1.336643009670695,stop,False,WDAY,2025-06-06,4,2
353,2025-06-09,2025-07-22,1.2712784596534024,1.2487675071734952,time,True,LDOS,2025-06-06,6,2
1226,2025-06-10,2025-07-01,0.493600427981994,0.7911508315417833,be,True,RRC,2025-06-09,4,2
1246,2025-06-10,2025-07-01,0.5062007794337027,0.8130261334930827,be,True,CNX,2025-06-09,4,2
2332,2025-06-16,2025-07-29,-0.49161399901553143,0.5599037906786193,time,False,STLD,2025-06-13,5,3
462,2025-06-17,2025-07-02,0.61790690950728,0.9983328088078403,be,True,FOX,2025-06-16,5,3
453,2025-06-23,2025-07-25,-3.128522888086065,2.365000797392273,gap_stop,False,CHTR,2025-06-20,4,2
1428,2025-06-24,2025-08-05,-0.8500664737977891,1.2706703023777681,time,False,V,2025-06-23,4,3
3168,2025-06-30,2025-08-07,2.2395324621728387,1.601208178908576,ema20_runner,True,U,2025-06-27,4,3
674,2025-06-30,2025-07-31,0.6185192201579977,0.5506949340573695,ema20_runner,True,EXPE,2025-06-27,5,3
1440,2025-07-01,2025-08-12,0.4368036757342899,0.9752984883647587,time,False,MA,2025-06-30,4,2
2372,2025-07-01,2025-08-07,-3.806344664026826,5.8438245322972255,gap_stop,False,CF,2025-06-30,4,2
537,2025-07-03,2025-08-14,0.3644864624756753,1.0293809101799225,time,False,TSLA,2025-07-02,4,3
2364,2025-07-03,2025-07-31,0.3363763706013718,0.5385239206739573,be,True,CRH,2025-07-02,4,2
1625,2025-07-07,2025-08-12,0.4566950004267292,0.7423308476699582,be,True,CME,2025-07-03,4,3
3017,2025-07-07,2025-08-15,1.4120026251984188,0.8136229320367248,time,True,PLTR,2025-07-03,4,3
3238,2025-07-07,2025-07-10,-1.060577697735183,5.000595034043545,stop,False,BROS,2025-07-03,4,3
3325,2025-07-07,2025-07-08,-1.0279584753392141,5.239758955346756,stop,False,LTBR,2025-07-03,4,3
1323,2025-07-07,2025-07-15,-1.0282472042384427,0.8288150404299769,stop,False,NRG,2025-07-03,5,3
943,2025-07-07,2025-07-09,-1.154902531980493,6.0344728056525065,stop,False,COST,2025-07-03,6,3
864,2025-07-08,2025-07-22,-1.032130277060401,2.1005795277032306,stop,False,ONON,2025-07-07,4,2
3419,2025-07-08,2025-08-18,0.677405283870874,3.542841801256892,time,False,OCGN,2025-07-07,4,2
2680,2025-07-10,2025-08-19,1.3047708752603147,0.982961372609332,ema20_runner,True,AEP,2025-07-09,4,3
2748,2025-07-10,2025-08-18,1.6541740320602856,1.3859232714858851,ema20_runner,True,LNT,2025-07-09,4,3
2819,2025-07-10,2025-08-20,6.443885517173974,5.9411314839358935,time,True,PPL,2025-07-09,4,3
2293,2025-07-10,2025-07-22,-1.03108222290124,0.5289800112749447,stop,False,SHW,2025-07-09,5,3
1665,2025-07-10,2025-07-15,-1.2184498085301139,7.138430818564667,stop,False,CB,2025-07-09,4,2
2725,2025-07-10,2025-08-18,2.043647856598847,2.072904353207735,ema20_runner,True,XEL,2025-07-09,4,2
2742,2025-07-10,2025-08-20,1.5617475511651524,2.273612740297201,time,False,AWK,2025-07-09,4,2
1291,2025-07-10,2025-08-18,0.2876193383524544,0.5092055008311747,be,True,EPD,2025-07-09,5,2
2666,2025-07-10,2025-08-19,1.8222452135826597,1.8696197424887566,ema20_runner,True,DUK,2025-07-09,5,2
2593,2025-07-11,2025-08-19,4.108725608571795,4.68381186593526,ema20_runner,True,VTR,2025-07-10,4,3
206,2025-07-14,2025-07-17,-1.032699901031262,1.1815289240545217,stop,False,MU,2025-07-11,5,3
1238,2025-07-14,2025-07-22,-1.0504682386336643,2.3959445497916643,stop,False,EQT,2025-07-11,4,2
956,2025-07-14,2025-07-23,-1.1249863522461323,3.2997931551135062,stop,False,KO,2025-07-11,5,2
1729,2025-07-15,2025-07-15,-1.3806899256383525,16.372852158370424,stop,False,TRV,2025-07-14,4,3
1741,2025-07-15,2025-07-15,-1.136180904190014,4.939084806161937,stop,False,HIG,2025-07-14,4,3
2894,2025-07-15,2025-08-25,2.4305538783913416,1.9005417799445128,time,True,SE,2025-07-14,5,3
1227,2025-07-15,2025-07-21,-1.0295197171095651,1.4503311149763827,stop,False,RRC,2025-07-14,4,2
1253,2025-07-15,2025-07-21,-1.035622878661895,3.4052933302431643,stop,False,AR,2025-07-14,4,2
2978,2025-07-16,2025-07-22,0.32733817738611837,0.5271961926848102,be,True,NET,2025-07-15,4,3
2513,2025-07-17,2025-08-01,0.3054967210667213,0.5118491869993426,be,True,DLR,2025-07-16,5,2
207,2025-07-21,2025-07-22,-1.0745065277033763,5.079896864113014,stop,False,MU,2025-07-18,4,2
1472,2025-07-21,2025-08-29,0.7338515584093028,0.6940613893568413,time,True,USB,2025-07-18,4,2
2468,2025-07-23,2025-07-31,-1.0734828491721886,0.5755427420254643,stop,False,O,2025-07-22,4,3
1958,2025-07-23,2025-07-31,-1.0846385858317904,0.6752515687273197,gap_stop,False,HSIC,2025-07-22,5,3
2381,2025-07-23,2025-08-07,-1.032586446245912,1.0510810708208422,stop,False,NTR,2025-07-22,5,3
1031,2025-07-23,2025-08-01,-1.0892404264808244,3.4542780588461057,stop,False,MNST,2025-07-22,4,2
2240,2025-07-23,2025-07-24,-1.0948841143120829,3.273146904287563,stop,False,CP,2025-07-22,5,2
93,2025-07-24,2025-08-01,0.060131551447184406,0.5188998382445879,gap_stop,True,CSCO,2025-07-23,4,3
1163,2025-07-24,2025-09-04,0.7349768743564874,0.8040030402035739,time,True,PSX,2025-07-23,5,3
1296,2025-07-24,2025-09-04,1.5555938114507064,3.5744390178458323,time,False,ET,2025-07-23,4,2
208,2025-07-25,2025-07-31,-1.0684228509863605,5.575813503871981,stop,False,MU,2025-07-24,4,3
2206,2025-07-29,2025-08-22,0.6326142133146104,0.8033790978594151,ema20_runner,True,PNR,2025-07-28,4,3
411,2025-07-31,2025-07-31,-1.094894302085236,5.992736438036681,stop,False,NFLX,2025-07-30,4,3
1228,2025-07-31,2025-08-04,-1.0425301806445044,4.013854143365622,stop,False,RRC,2025-07-30,4,2
1239,2025-07-31,2025-08-08,-1.0441853021409315,3.082896051504384,stop,False,EQT,2025-07-30,4,2
1270,2025-07-31,2025-08-19,-1.068968797914177,1.034140178348108,gap_stop,False,KMI,2025-07-30,4,2
448,2025-07-31,2025-09-08,0.5407220842498595,0.8601909271417167,be,True,TMUS,2025-07-30,5,2
1968,2025-07-31,2025-09-11,1.4846299700143681,1.4229310776165047,ema20_runner,True,HCA,2025-07-30,5,2
182,2025-08-04,2025-08-18,0.5050895567520648,0.6850049967680693,ema20_runner,True,LRCX,2025-08-01,4,3
2928,2025-08-05,2025-08-28,0.3614082664496829,0.6109175100541921,gap_stop,True,VEEV,2025-08-04,4,3
2951,2025-08-05,2025-08-07,-1.0446809915038786,2.380933146073087,stop,False,ZS,2025-08-04,4,3
3078,2025-08-05,2025-09-11,1.2130420704646776,1.4018095517440292,ema20_runner,True,QRVO,2025-08-04,4,3
3255,2025-08-05,2025-08-07,-1.0294396277735443,1.4704680579732434,stop,False,MGNI,2025-08-04,4,3
3446,2025-08-07,2025-09-18,1.2064079616674985,0.6991043936007092,time,True,UAL,2025-08-06,4,2
2317,2025-08-08,2025-09-19,1.0906346792128014,2.300223105795101,time,False,FCX,2025-08-07,4,3
2043,2025-08-08,2025-08-15,-1.0702820439375291,3.3401220243592227,stop,False,ETN,2025-08-07,4,2
1371,2025-08-11,2025-09-22,2.493361410833418,2.3882931925048307,time,True,WFC,2025-08-08,4,3
1504,2025-08-11,2025-09-22,1.7825713288976093,1.653190910514767,time,True,FITB,2025-08-08,4,3
2229,2025-08-11,2025-09-22,1.0143340337573261,1.8471038413187115,time,False,JCI,2025-08-08,4,3
463,2025-08-12,2025-09-10,2.1653154702083177,2.266174002894247,ema20_runner,True,FOX,2025-08-11,6,3
3512,2025-08-12,2025-09-23,-0.7771277608018211,1.028402105767247,time,False,CTVA,2025-08-11,5,2
418,2025-08-14,2025-09-25,-0.6513714318386465,2.055537921960982,time,False,DIS,2025-08-13,4,2
1067,2025-08-15,2025-09-26,0.2348844422616984,1.3242332047080951,time,False,CAH,2025-08-14,4,3
605,2025-08-15,2025-09-26,0.17178254887759004,1.5836858219344643,time,False,BKNG,2025-08-14,4,2
820,2025-08-18,2025-09-11,2.109502900807701,2.3529109732143865,ema20_runner,True,RCL,2025-08-15,4,3
135,2025-08-18,2025-08-20,-1.0726898194510155,4.689796349972884,stop,False,INTU,2025-08-15,5,3
3004,2025-08-18,2025-09-17,2.623632004272462,3.021467962347262,ema20_runner,True,SNOW,2025-08-15,5,3
146,2025-08-18,2025-09-15,-1.1129404529162972,1.424992334159732,gap_stop,False,TXN,2025-08-15,4,2
2131,2025-08-18,2025-09-24,-1.0340601238844773,1.4637524143294445,stop,False,CSGP,2025-08-15,4,2
3151,2025-08-19,2025-08-19,-1.0377096288020926,6.400316925309631,stop,False,UPST,2025-08-18,6,3
3163,2025-08-19,2025-09-30,2.832933688703517,4.474958624110307,time,False,RBLX,2025-08-18,4,2
3302,2025-08-19,2025-08-19,-1.0259601108659921,1.603564693621073,stop,False,DNN,2025-08-18,4,2
3328,2025-08-19,2025-09-30,-0.08045540512479553,0.6229247297174532,time,False,GEV,2025-08-18,5,2
3268,2025-08-19,2025-09-02,0.5282644372451126,0.8261166340421411,be,True,CIEN,2025-08-18,6,2
1156,2025-08-20,2025-10-01,2.8622835616541735,2.3923803974945024,time,True,MPC,2025-08-19,4,2
226,2025-08-21,2025-10-02,0.004363615264333487,1.7769914299322564,time,False,MCHP,2025-08-20,4,3
967,2025-08-21,2025-10-02,-0.8741992988312113,0.6438399585092596,time,False,PM,2025-08-20,4,2
2477,2025-08-21,2025-09-10,1.3354960795386122,1.8412402603693179,ema20_runner,True,VICI,2025-08-20,4,2
3132,2025-08-22,2025-10-01,0.8276852090939188,0.6398658672631369,ema20_runner,True,SOFI,2025-08-21,4,3
3112,2025-08-25,2025-10-06,3.2513035784476787,5.779948740943142,time,False,COIN,2025-08-22,4,3
2734,2025-08-28,2025-10-09,1.2343262134362831,0.6308443243180808,time,True,ES,2025-08-27,5,3
2382,2025-08-29,2025-10-10,0.23800894561299712,1.2990762778603182,time,False,NTR,2025-08-28,4,3
646,2025-09-02,2025-10-07,0.7040957434804398,0.902313794886921,ema20_runner,True,YUM,2025-08-29,4,3
262,2025-09-04,2025-09-10,-1.0856585804250551,3.411944987336343,stop,False,CDNS,2025-09-03,4,3
508,2025-09-04,2025-10-01,-1.028192750787392,0.5263654789524795,stop,False,MTCH,2025-09-03,4,3
74,2025-09-08,2025-09-29,1.2605877520203574,0.9005916917654025,ema20_runner,True,ORCL,2025-09-05,4,3
95,2025-09-10,2025-10-21,1.7490179912438566,2.349800587661634,time,False,CSCO,2025-09-09,4,3
2681,2025-09-10,2025-09-16,-1.1258229930106638,3.5245138922228456,stop,False,AEP,2025-09-09,4,3
2690,2025-09-10,2025-09-26,2.2688390888467214,2.8431449335714545,ema20_runner,True,D,2025-09-09,4,2
1128,2025-09-11,2025-09-29,0.5522864225406713,0.9237324001263245,be,True,CVX,2025-09-10,4,2
2657,2025-09-11,2025-09-19,-1.1617680081525856,3.2273533285075824,stop,False,SO,2025-09-10,4,2
2721,2025-09-11,2025-10-22,0.6371586989954005,2.9171778714679553,time,False,PEG,2025-09-10,5,2
36,2025-09-15,2025-10-24,0.8018366911173955,2.496633979647156,time,False,MSFT,2025-09-12,4,2
3037,2025-09-16,2025-10-23,0.6504201307907764,0.6315999731117451,ema20_runner,True,FSLR,2025-09-15,4,3
1002,2025-09-17,2025-09-25,-1.035867438921733,1.333667420670365,stop,False,EL,2025-09-16,4,2
3054,2025-09-18,2025-10-01,-1.0221162787946418,2.287587124457639,stop,False,ALGM,2025-09-17,4,2
372,2025-09-19,2025-10-30,0.64461072518663,2.418149792958082,time,False,SMCI,2025-09-18,4,3
1979,2025-09-19,2025-10-10,0.566427771928456,0.6920602864227158,ema20_runner,True,THC,2025-09-18,5,3
2055,2025-09-22,2025-09-26,-1.0556366196802873,3.4567870421127185,stop,False,EMR,2025-09-19,4,2
2187,2025-09-22,2025-10-10,-1.0898227731746986,2.669984246385429,stop,False,FAST,2025-09-19,4,2
2777,2025-09-22,2025-10-29,1.281033206024732,1.6979816739035316,ema20_runner,True,OGE,2025-09-19,4,2
1430,2025-09-23,2025-11-03,-0.7169116640483156,1.0817298578556696,time,False,V,2025-09-22,6,3
981,2025-09-24,2025-10-21,-1.0917081684326582,1.736844633044168,stop,False,MO,2025-09-23,4,3
594,2025-09-25,2025-10-07,0.46023462464677123,0.7723153602062005,be,True,TJX,2025-09-24,4,3
3362,2025-09-25,2025-10-23,1.0840761108202892,1.478665002389417,ema20_runner,True,ALNY,2025-09-24,5,3
1505,2025-09-26,2025-09-30,-1.079267788197705,0.6931800967572177,stop,False,FITB,2025-09-25,4,2
237,2025-09-26,2025-10-10,-1.0473526788050764,1.6559766169262622,stop,False,NXPI,2025-09-25,4,1
3187,2025-09-26,2025-10-06,-1.0382854114891875,0.8449996216987861,stop,False,PENN,2025-09-25,4,1
839,2025-09-29,2025-10-10,-1.0413086718853173,1.419530211244498,stop,False,HAS,2025-09-26,4,3
2324,2025-09-29,2025-11-07,1.3952606461126145,1.703484041207265,time,True,NUE,2025-09-26,4,3
2565,2025-09-29,2025-10-02,-1.1572052955356829,2.3656432340011544,stop,False,BRX,2025-09-26,4,3
527,2025-09-30,2025-10-14,-1.1455484179401592,2.588935935313658,gap_stop,False,AMZN,2025-09-29,4,2
772,2025-09-30,2025-10-07,-1.061644578261515,2.482912739618284,stop,False,TOL,2025-09-29,5,2
784,2025-09-30,2025-10-07,-1.0496382304925285,1.6395621796852942,stop,False,KBH,2025-09-29,5,2
1946,2025-10-01,2025-11-06,1.1295013326882763,1.05858450393322,ema20_runner,True,IQV,2025-09-30,4,2
1919,2025-10-01,2025-10-13,-1.0317727859030792,0.9792420460429686,stop,False,EW,2025-09-30,5,2
2550,2025-10-01,2025-10-02,-1.1540749524752196,4.1009104983166536,stop,False,KIM,2025-09-30,6,2
2139,2025-10-01,2025-10-09,-1.0656067140574172,1.1191512186850514,stop,False,EXPD,2025-09-30,4,1
1020,2025-10-02,2025-10-13,1.3498267002163844,2.1516590309036063,be,True,HSY,2025-10-01,4,2
2536,2025-10-02,2025-10-10,-1.06768274985015,1.1356378790251043,stop,False,REXR,2025-10-01,4,2
1441,2025-10-02,2025-10-10,-1.102846767723671,2.337240294616064,stop,False,MA,2025-10-01,5,2
1766,2025-10-03,2025-10-10,-1.0527770841423418,1.9167177837839542,stop,False,LNC,2025-10-02,6,3
870,2025-10-07,2025-10-09,-1.0345172476111295,0.7416500585586192,stop,False,PVH,2025-10-06,5,3
1598,2025-10-07,2025-10-31,-1.0379330505163793,1.8159369199485773,stop,False,TROW,2025-10-06,4,2
2152,2025-10-07,2025-10-29,-1.0230464828200496,0.6628597998168042,stop,False,XPO,2025-10-06,4,2
3435,2025-10-07,2025-11-04,-1.042110820411,1.9028032129778587,stop,False,DAL,2025-10-06,4,2
3447,2025-10-07,2025-10-30,-1.0403943963664495,2.6349053070870956,stop,False,UAL,2025-10-06,5,2
1118,2025-10-08,2025-10-16,-1.0610199477290805,0.9037778303434189,stop,False,XOM,2025-10-07,4,2
58,2025-10-09,2025-11-05,0.8182456050593752,1.1589706809233746,ema20_runner,True,AVGO,2025-10-08,4,2
803,2025-10-09,2025-10-10,-1.0424572008155337,1.9152018009512863,stop,False,LVS,2025-10-08,4,2
2566,2025-10-09,2025-10-10,-1.1178549392244908,2.2465586753497213,stop,False,BRX,2025-10-08,4,2
404,2025-10-10,2025-10-30,-1.502380633957077,1.4449443676025668,gap_stop,False,META,2025-10-09,4,2
1640,2025-10-10,2025-10-29,-1.03581402262448,1.071343455730209,stop,False,NDAQ,2025-10-09,4,2
3164,2025-10-10,2025-10-30,-1.0393401838255045,3.6380025506123648,stop,False,RBLX,2025-10-09,4,2
75,2025-10-10,2025-10-30,-1.032975703037749,1.3857022386882734,gap_stop,False,ORCL,2025-10-09,5,2
3169,2025-10-10,2025-10-13,-1.0214962971027794,2.0709395437769307,stop,False,U,2025-10-09,5,2
3195,2025-10-10,2025-10-17,-1.0326339650610152,3.2536258746907634,stop,False,RSI,2025-10-09,5,2
263,2025-10-10,2025-10-10,-1.0894455741141535,3.400493526605989,stop,False,CDNS,2025-10-09,4,1
555,2025-10-14,2025-11-24,0.483971083291042,2.0661505389172246,time,False,MCD,2025-10-13,5,2
712,2025-10-14,2025-10-23,-1.0557969816762751,1.3623037715926294,stop,False,ORLY,2025-10-13,5,2
2144,2025-10-15,2025-11-25,2.7237555200065127,1.5514906389037586,time,True,CHRW,2025-10-14,4,3
3496,2025-10-15,2025-11-18,1.3274542644071035,1.7220649064567732,ema20_runner,True,BWA,2025-10-14,5,3
773,2025-10-15,2025-11-18,-1.1784713262715296,2.185335752039505,gap_stop,False,TOL,2025-10-14,6,3
464,2025-10-15,2025-10-16,-1.07345182115471,4.692400937620048,stop,False,FOX,2025-10-14,4,2
665,2025-10-15,2025-10-30,0.5731062571787632,1.4481718937521815,gap_stop,True,EBAY,2025-10-14,4,2
690,2025-10-15,2025-11-18,3.026008795679383,2.835571435430261,ema20_runner,True,F,2025-10-14,4,2
293,2025-10-16,2025-10-20,-1.030696464048903,2.694815523554817,stop,False,STX,2025-10-15,4,3
2607,2025-10-16,2025-11-26,1.4571473221369362,0.5843733899836221,time,True,WELL,2025-10-15,5,2
1902,2025-10-20,2025-10-29,-1.0437488167895808,0.6335707965598448,stop,False,MDT,2025-10-17,4,3
1823,2025-10-20,2025-11-03,-1.0301260689748204,0.7070161108057281,stop,False,ABBV,2025-10-17,5,3
675,2025-10-21,2025-11-05,-1.0490213594556348,2.455689509113307,stop,False,EXPE,2025-10-20,4,3
1229,2025-10-21,2025-10-29,-1.0356831568536524,1.3621214454336232,stop,False,RRC,2025-10-20,4,3
2930,2025-10-22,2025-11-19,-1.029353212837447,0.8896702421160775,stop,False,VEEV,2025-10-21,6,3
366,2025-10-23,2025-11-05,0.7873105182187413,1.4150101056451414,gap_stop,True,ANET,2025-10-22,4,2
3384,2025-10-23,2025-10-28,0.44000232155889163,0.6987181004726931,be,True,INCY,2025-10-22,5,2
3284,2025-10-24,2025-11-07,1.0251983658906314,1.4888024164220721,ema20_runner,True,CCJ,2025-10-23,4,3
1247,2025-10-24,2025-12-05,2.148966254497687,0.7076621717131919,time,True,CNX,2025-10-23,5,3
1292,2025-10-28,2025-12-09,1.0606946544486855,0.8767340018471717,time,True,EPD,2025-10-27,4,2
715,2025-10-29,2025-10-31,-1.014317206729636,0.9739117663154528,stop,False,AAP,2025-10-28,4,2
3363,2025-10-30,2025-10-30,-1.1694745082227758,8.110718142624158,stop,False,ALNY,2025-10-29,4,2
3479,2025-10-30,2025-11-04,-1.0272014151616826,2.548652000450981,stop,False,RIVN,2025-10-29,4,2
2658,2025-10-31,2025-11-03,-1.1062222211219803,3.291783092485505,stop,False,SO,2025-10-30,4,3
1745,2025-10-31,2025-12-05,4.993468925026999,5.465191806138627,ema20_runner,True,HIG,2025-10-30,4,2
2306,2025-10-31,2025-12-12,2.5129020184209985,2.5209557377983156,time,True,NEM,2025-10-30,4,2
2365,2025-11-03,2025-11-05,-1.0652529957295502,0.5855616537281074,stop,False,CRH,2025-10-31,4,3
2466,2025-11-03,2025-12-15,4.539057431524983,5.086136263251165,time,False,SPG,2025-10-31,4,3
1240,2025-11-03,2025-11-21,1.0199729171496619,1.16412045003636,ema20_runner,True,EQT,2025-10-31,4,2
1493,2025-11-03,2025-12-15,1.0125923742320702,0.7590795732212269,time,True,TFC,2025-10-31,4,2
1682,2025-11-03,2025-11-06,-1.082758744564925,1.9426267095616283,stop,False,MET,2025-10-31,4,2
2114,2025-11-03,2025-12-15,-0.23115851945274765,0.8497867749376278,time,False,GD,2025-10-31,4,2
2253,2025-11-03,2025-11-07,-1.0804147826186685,1.2596163009275627,stop,False,CSX,2025-10-31,5,2
2618,2025-11-03,2025-12-11,0.8887870926622878,0.614964463434846,ema20_runner,True,OHI,2025-10-31,5,2
2538,2025-11-03,2025-12-15,0.12420676371382929,2.0720441416672983,time,False,REXR,2025-10-31,4,1
3364,2025-11-03,2025-11-03,-1.0459480926161489,1.9453622895210982,stop,False,ALNY,2025-10-31,4,1
618,2025-11-04,2025-12-08,1.9778951854277567,1.3392971109713234,ema20_runner,True,MAR,2025-11-03,4,3
1165,2025-11-04,2025-11-19,0.4368478339217604,0.7005055472688386,be,True,PSX,2025-11-03,4,3
3449,2025-11-04,2025-11-04,-1.0824896494109688,6.944179895852847,stop,False,UAL,2025-11-03,6,3
1230,2025-11-04,2025-11-26,1.2945385825943974,1.6150568515166401,ema20_runner,True,RRC,2025-11-03,4,2
1950,2025-11-04,2025-12-16,-0.1937630323961803,3.180260599342143,time,False,DGX,2025-11-03,4,2
595,2025-11-05,2025-12-17,1.9251868956374811,1.0714998594513945,time,True,TJX,2025-11-04,4,3
1980,2025-11-05,2025-11-20,-1.0211763587278366,0.5052235214562911,stop,False,THC,2025-11-04,4,3
2730,2025-11-05,2025-12-02,-1.0810501207710512,2.0297101153047525,stop,False,WEC,2025-11-04,4,3
2874,2025-11-05,2025-11-14,-1.0272636795999246,2.575846961759552,stop,False,BIDU,2025-11-04,4,3
702,2025-11-06,2025-11-14,-1.0779127243948246,1.5551124153988338,gap_stop,False,APTV,2025-11-05,4,3
2589,2025-11-06,2025-12-16,-1.0543680762969387,1.5612134656640355,stop,False,HR,2025-11-05,4,3
3397,2025-11-07,2025-11-07,-1.3423042411493993,71.6664664795907,stop,False,BEAM,2025-11-06,4,2
3450,2025-11-07,2025-11-17,-1.0592485133443046,5.332654006365787,stop,False,UAL,2025-11-06,4,1
1962,2025-11-07,2025-12-11,0.8500061591826572,1.0424534203076783,ema20_runner,True,TMDX,2025-11-06,5,1
1903,2025-11-10,2025-12-10,2.262350623586898,2.254195058338525,ema20_runner,True,MDT,2025-11-07,4,3
1849,2025-11-14,2025-12-29,0.9456830688115606,1.2209563542247333,time,False,DHR,2025-11-13,4,2
1914,2025-11-14,2025-11-19,-1.0291613360267635,0.6358090796208741,stop,False,BSX,2025-11-13,5,2
1130,2025-11-17,2025-11-20,-1.0532415359596476,0.5621699070537087,stop,False,CVX,2025-11-14,5,2
1042,2025-11-19,2026-01-02,-0.25516790701420516,0.7138875129075225,time,False,ADM,2025-11-18,4,2
1888,2025-11-19,2025-12-10,1.0325491727134952,1.3509578545659804,ema20_runner,True,ISRG,2025-11-18,4,1
1474,2025-11-20,2026-01-05,1.9901177477465162,1.111455353401112,time,True,USB,2025-11-19,4,2
1546,2025-11-20,2026-01-05,1.6223861118486587,0.9103497206889393,time,True,CFG,2025-11-19,4,2
2482,2025-11-24,2025-12-12,-1.0581064900705501,1.0945136241262956,stop,False,WPC,2025-11-21,5,3
1004,2025-11-24,2026-01-07,2.516564339530372,2.451383726142573,time,True,EL,2025-11-21,4,2
1699,2025-11-24,2026-01-07,-0.14878902471113734,0.6089594597347315,time,False,AFL,2025-11-21,4,1
2887,2025-11-25,2025-12-16,-1.0192151169854395,1.5415505827164544,stop,False,BABA,2025-11-24,4,3
3377,2025-11-25,2025-12-31,1.0158780571479904,1.135453998175488,ema20_runner,True,IMVT,2025-11-24,4,3
1175,2025-11-25,2025-12-16,-1.0321438970983432,0.8592759557366335,stop,False,VLO,2025-11-24,4,2
2779,2025-11-25,2025-12-08,-1.0518278852132619,1.3569940182635474,stop,False,OGE,2025-11-24,4,2
528,2025-11-26,2026-01-09,0.9943181924948102,1.632785508876003,time,False,AMZN,2025-11-25,4,2
2999,2025-11-26,2026-01-05,2.552475546676864,2.282823860882026,ema20_runner,True,MDB,2025-11-25,4,2
48,2025-12-02,2026-01-14,0.07896828111799137,2.2589573082168,time,False,NVDA,2025-12-01,4,3
1324,2025-12-05,2025-12-17,-1.023829017084365,0.727230213481409,stop,False,NRG,2025-12-04,4,2
2972,2025-12-05,2026-01-02,-1.0242282669709266,1.6626871928572926,stop,False,PANW,2025-12-04,4,2
3385,2025-12-08,2025-12-08,-1.0956386784605094,4.108844018227139,stop,False,INCY,2025-12-05,4,3
2231,2025-12-08,2026-01-06,1.9167561740703185,3.388227530756018,gap_stop,True,JCI,2025-12-05,4,2
804,2025-12-09,2026-01-07,-1.035363930432725,0.8701369879798945,stop,False,LVS,2025-12-08,4,2
1078,2025-12-09,2026-01-22,0.7782972693122733,1.0706967730403951,time,False,CVS,2025-12-08,4,2
3038,2025-12-11,2025-12-31,0.6242628934681965,0.8980932266099249,ema20_runner,True,FSLR,2025-12-10,4,3
2850,2025-12-11,2026-01-08,0.7691930006659955,0.8989766901183068,ema20_runner,True,EIX,2025-12-10,6,3
346,2025-12-11,2026-01-26,1.8734435568660543,1.3133445240726633,time,True,AKAM,2025-12-10,4,2
1825,2025-12-11,2026-01-05,-1.0774716753940456,2.7999044020444868,stop,False,ABBV,2025-12-10,4,2
2014,2025-12-12,2026-01-21,1.913234081466649,2.0078269920008047,ema20_runner,True,GE,2025-12-11,4,3
1836,2025-12-12,2026-01-27,0.8641310315511379,0.7633903189899559,ema20_runner,True,MRK,2025-12-11,6,3
2763,2025-12-15,2025-12-19,-1.1038894062112417,2.792173613004842,stop,False,EVRG,2025-12-12,4,3
1809,2025-12-15,2026-01-15,0.8088441712251907,1.266362404638026,be,True,LLY,2025-12-12,4,2
1732,2025-12-15,2026-01-02,0.4377899870183818,0.7386813868177192,be,True,TRV,2025-12-12,5,2
1068,2025-12-16,2025-12-16,-1.1774646481174844,6.509000094430285,stop,False,CAH,2025-12-15,4,3
2839,2025-12-16,2025-12-22,-1.091854370326509,1.964511378034981,stop,False,ETR,2025-12-15,4,3
2699,2025-12-16,2026-01-05,-1.082944925431657,3.6798085292769995,stop,False,EXC,2025-12-15,4,2
2772,2025-12-16,2026-01-29,3.2642044205309824,3.368395664084679,time,True,PNW,2025-12-15,4,2
2808,2025-12-16,2026-01-29,1.0492747022880249,1.5378259400284489,time,False,CNP,2025-12-15,4,2
2832,2025-12-16,2026-01-29,4.46121792306598,4.685954164712162,time,True,FE,2025-12-15,4,2
3388,2025-12-17,2026-01-08,-1.0344423731736356,1.182079131695485,stop,False,JAZZ,2025-12-16,4,2
2167,2025-12-19,2026-02-03,3.2464437283718013,1.2300586347787832,time,True,FDX,2025-12-18,4,2
2642,2025-12-19,2026-01-06,-1.081947315187217,1.973315432736042,stop,False,ADC,2025-12-18,4,2
1069,2025-12-22,2026-01-23,0.9883130168767645,1.2964451398379235,ema20_runner,True,CAH,2025-12-19,4,2
911,2025-12-29,2026-01-23,0.42558939596209505,0.5289159081519125,ema20_runner,True,DLTR,2025-12-26,6,2
1148,2025-12-31,2026-02-12,1.6041190553152826,0.6234048908687576,time,True,SLB,2025-12-30,4,2
1213,2025-12-31,2026-01-05,-1.0429944040607069,2.507772307078858,stop,False,APA,2025-12-30,4,2
2104,2026-01-05,2026-01-20,-1.1145311994118805,4.566359237546993,stop,False,MMM,2026-01-02,4,3
2648,2026-01-05,2026-01-07,-1.0631151273643988,2.078916590145685,stop,False,NEE,2026-01-02,4,3
3386,2026-01-05,2026-01-13,0.3714445821083911,0.588904623845752,be,True,INCY,2026-01-02,4,3
2348,2026-01-05,2026-01-07,-1.0162286554359103,1.6631728663937166,stop,False,CLF,2026-01-02,4,2
691,2026-01-06,2026-01-20,0.3994877908575857,0.7030055597650491,ema20_runner,True,F,2026-01-05,4,2
867,2026-01-06,2026-01-20,0.8677842824823049,1.414379626337712,ema20_runner,True,VFC,2026-01-05,4,2
922,2026-01-06,2026-01-12,-1.038890866277254,1.0859045669446212,stop,False,M,2026-01-05,4,2
1904,2026-01-06,2026-02-13,1.7824333539161044,2.2988276445821856,ema20_runner,True,MDT,2026-01-05,4,2
1942,2026-01-06,2026-01-20,-1.0382681843461221,2.288363592490033,stop,False,A,2026-01-05,4,2
1970,2026-01-06,2026-02-18,2.63181147401677,2.3277532479955827,time,True,HCA,2026-01-05,4,2
1873,2026-01-07,2026-02-19,2.1986705248990828,0.8509306562853992,time,True,GILD,2026-01-06,4,3
2620,2026-01-07,2026-01-29,-1.2755599669031044,0.7710046057914275,gap_stop,False,OHI,2026-01-06,4,3
109,2026-01-07,2026-02-03,-1.0427304186914745,1.4673473688328353,stop,False,IBM,2026-01-06,4,2
1108,2026-01-07,2026-02-19,2.9701322422184044,0.7951590125533212,time,True,USFD,2026-01-06,4,2
1611,2026-01-07,2026-01-20,0.32187633386121955,0.5461491796577997,be,True,RJF,2026-01-06,4,2
1708,2026-01-07,2026-01-12,0.32184328179735305,0.5477648245200307,be,True,ALL,2026-01-06,4,2
1826,2026-01-08,2026-01-13,-1.0335328995081419,0.5051437758593634,stop,False,ABBV,2026-01-07,5,3
1249,2026-01-08,2026-02-20,1.2583430965108666,1.7724937502714986,time,False,CNX,2026-01-07,6,2
3081,2026-01-12,2026-02-24,3.307863720818314,1.5508202479797404,time,True,MTSI,2026-01-09,4,3
22,2026-01-12,2026-01-16,-1.1328826544368527,7.182736298668738,stop,False,AAPL,2026-01-09,4,2
1208,2026-01-12,2026-02-24,2.2701120552183913,1.9507749706312554,time,True,FANG,2026-01-09,4,1
3389,2026-01-13,2026-02-25,3.128024691985953,2.501376717331957,time,True,JAZZ,2026-01-12,4,3
3269,2026-01-13,2026-02-25,1.6033412658858948,0.7184470651753193,time,True,CIEN,2026-01-12,4,2
556,2026-01-14,2026-02-26,1.2898315628304484,0.9294871335597423,time,True,MCD,2026-01-13,4,3
2683,2026-01-15,2026-02-27,1.5047401919980543,0.9538052889179089,time,True,AEP,2026-01-14,5,3
796,2026-01-16,2026-01-20,-1.064763154218533,2.956422149527082,stop,False,MGM,2026-01-15,5,3
923,2026-01-20,2026-01-20,-1.2305574104996369,15.549124072152729,stop,False,M,2026-01-16,4,3
3146,2026-01-20,2026-01-26,-1.134066180924534,12.487746916123204,stop,False,AFRM,2026-01-16,5,3
1393,2026-01-20,2026-02-12,1.6795590831931677,2.1117578787928375,ema20_runner,True,C,2026-01-16,4,2
1475,2026-01-20,2026-02-24,1.8581668322706,2.161924206340044,ema20_runner,True,USB,2026-01-16,4,2
2569,2026-01-20,2026-03-03,2.051690249034253,1.4012808510549262,time,True,BRX,2026-01-16,4,2
2088,2026-01-20,2026-01-28,-1.0315789664293369,0.9313462487438595,stop,False,XYL,2026-01-16,5,2
3466,2026-01-20,2026-02-26,1.9910209935034007,1.1113889799087833,ema20_runner,True,LUV,2026-01-16,5,1
1810,2026-01-21,2026-01-28,-1.06056910735936,2.449205600770914,stop,False,LLY,2026-01-20,4,2
607,2026-01-22,2026-02-03,-1.0387939589472668,1.0601441346313645,stop,False,BKNG,2026-01-21,4,3
1456,2026-01-23,2026-01-23,-3.268927071539512,175.15443507829264,stop,False,COF,2026-01-22,4,3
516,2026-01-23,2026-02-18,1.0847092762023394,1.2596687366165773,ema20_runner,True,ZM,2026-01-22,4,2
529,2026-01-23,2026-02-05,-1.0435081028976183,2.0690234929089626,stop,False,AMZN,2026-01-22,4,2
1666,2026-01-26,2026-03-09,2.2090967725021278,1.7871243978362386,ema20_runner,True,CB,2026-01-23,4,1
1461,2026-01-27,2026-01-27,-1.0908742123835138,7.099677036135272,stop,False,SYF,2026-01-26,4,3
3000,2026-01-27,2026-01-29,-1.0202226015763076,0.5415901888852487,stop,False,MDB,2026-01-26,4,2
1853,2026-01-28,2026-03-09,0.8766280606415691,0.5686351763454192,ema20_runner,True,BMY,2026-01-27,4,3
2447,2026-01-28,2026-03-06,1.6204083808965006,1.5507277031048725,ema20_runner,True,PLD,2026-01-27,4,3
1372,2026-01-28,2026-02-13,-1.0635155950627697,3.1002340342651955,stop,False,WFC,2026-01-27,5,2
1757,2026-01-29,2026-02-06,-2.745007611641628,1.750673420290333,gap_stop,False,UNM,2026-01-28,4,3
1700,2026-01-29,2026-02-24,1.356516035689884,1.6194239159479262,ema20_runner,True,AFL,2026-01-28,4,2
1022,2026-01-29,2026-03-10,0.9303462893247035,0.5046082566803254,ema20_runner,True,HSY,2026-01-28,4,1
1691,2026-01-30,2026-02-04,-1.578774114971405,3.8653120281159175,gap_stop,False,PRU,2026-01-29,5,3
692,2026-01-30,2026-02-19,0.36077212688597415,0.5886234226091219,be,True,F,2026-01-29,4,2
760,2026-02-03,2026-02-26,1.1527106077023157,1.3665948607911613,ema20_runner,True,DHI,2026-02-02,4,3
619,2026-02-03,2026-03-03,1.1436763804581662,1.4470722429915435,ema20_runner,True,MAR,2026-02-02,5,3
2366,2026-02-03,2026-02-27,-1.0399365690276343,1.0168099302773412,stop,False,CRH,2026-02-02,5,3
3346,2026-02-04,2026-02-04,-1.0199188853116459,2.1708896099795876,stop,False,RKLB,2026-02-03,4,3
243,2026-02-05,2026-03-02,1.0905573261900223,1.234075121003435,ema20_runner,True,ON,2026-02-04,4,3
577,2026-02-05,2026-03-19,-0.05246586463220418,0.6440779131938437,time,False,SBUX,2026-02-04,4,3
3339,2026-02-06,2026-03-02,-1.0319807742017146,0.9136203535746237,stop,False,BA,2026-02-05,5,2
1710,2026-02-12,2026-03-10,0.4481641222561218,0.6394916314158142,ema20_runner,True,ALL,2026-02-11,4,2
3451,2026-02-18,2026-03-02,-1.0360303882748465,0.7029301934622786,gap_stop,False,UAL,2026-02-17,5,3
3457,2026-02-18,2026-02-23,-1.030389285519348,2.5856888336836987,stop,False,AAL,2026-02-17,5,3
699,2026-02-18,2026-03-02,-1.0339095787250967,1.0824391899602597,stop,False,GM,2026-02-17,4,2
3348,2026-02-18,2026-03-27,-1.0182155006664806,3.6023207355843945,stop,False,RKLB,2026-02-17,4,2
3438,2026-02-18,2026-03-02,-1.2493729608932258,1.3720892772676694,gap_stop,False,DAL,2026-02-17,5,2
1612,2026-02-19,2026-02-27,-1.0391229494381933,1.7316698299671494,stop,False,RJF,2026-02-18,4,3
1383,2026-02-19,2026-03-02,-1.058892254040169,1.2756984200875805,gap_stop,False,MS,2026-02-18,4,2
1463,2026-02-19,2026-02-23,-1.049958499229966,5.270960056185182,stop,False,SYF,2026-02-18,4,2
3294,2026-02-20,2026-03-06,-1.014779504055957,1.9434241612942158,stop,False,UUUU,2026-02-19,4,2
1421,2026-02-23,2026-02-23,-1.085375144133739,5.140648799194992,stop,False,AXP,2026-02-20,4,3
1483,2026-02-23,2026-02-24,-1.0305877359628355,0.6949866143414816,stop,False,PNC,2026-02-20,4,3
1563,2026-02-23,2026-02-27,-1.024855789613956,0.639199063656295,stop,False,ZION,2026-02-20,4,3
1811,2026-02-24,2026-03-05,-1.0380536103312104,1.5224049776525206,stop,False,LLY,2026-02-23,4,3
3390,2026-02-24,2026-04-07,0.6119081340988858,3.8911172413424655,time,False,ILMN,2026-02-23,4,3
2388,2026-02-24,2026-02-27,0.3482161196885344,0.5434642903906126,be,True,ALB,2026-02-23,5,3
1091,2026-02-24,2026-03-25,0.5005790079236704,0.5309518125172955,ema20_runner,True,KR,2026-02-23,4,2
166,2026-02-25,2026-03-03,-1.0169933964239708,2.0094791118583664,stop,False,AMD,2026-02-24,4,3
541,2026-02-25,2026-03-03,-1.031576688666929,3.2249304692746086,stop,False,TSLA,2026-02-24,4,3
3313,2026-02-25,2026-03-03,-1.0149692901983538,1.723651984206349,stop,False,UEC,2026-02-24,4,3
380,2026-02-26,2026-03-06,-1.0361917505611071,2.003543776057637,stop,False,GOOGL,2026-02-25,4,3
392,2026-02-26,2026-03-06,-1.0372874935988274,2.121481658600509,stop,False,GOOG,2026-02-25,4,3
1367,2026-02-26,2026-02-27,-1.0406538548333049,2.108799451383532,stop,False,BAC,2026-02-25,4,3
2579,2026-02-27,2026-03-20,-1.0265603194534187,0.8296609859362118,stop,False,AKR,2026-02-26,4,3
3276,2026-02-27,2026-04-10,3.300874045107474,2.811662817291628,time,True,ACLS,2026-02-26,4,3
2375,2026-02-27,2026-04-10,1.23585116496195,0.7637124298392198,ema20_runner,True,CF,2026-02-26,5,3
880,2026-02-27,2026-03-05,-1.0239984112207237,4.308934405614512,stop,False,ANF,2026-02-26,4,2
1641,2026-02-27,2026-04-10,-0.3977398142199931,1.2892130730209705,time,False,NDAQ,2026-02-26,4,2
2057,2026-02-27,2026-03-05,-1.0890586121719459,2.017566621977271,gap_stop,False,EMR,2026-02-26,4,2
1874,2026-03-02,2026-03-20,-1.030729463627898,0.8970853562816749,stop,False,GILD,2026-02-27,4,3
425,2026-03-02,2026-03-18,-1.0321413578184881,1.0224278728439529,stop,False,CMCSA,2026-02-27,4,2
716,2026-03-02,2026-03-20,-1.01869284011651,2.2470731778630513,stop,False,AAP,2026-02-27,4,2
2325,2026-03-02,2026-03-03,-1.0825180760597355,4.494543157347811,stop,False,NUE,2026-02-27,4,2
3355,2026-03-03,2026-03-30,-1.0149984000061776,3.5131929622551854,stop,False,ASTS,2026-03-02,4,3
3323,2026-03-03,2026-03-05,-1.016042032144452,1.5655215233976232,stop,False,URG,2026-03-02,6,3
2287,2026-03-03,2026-03-24,4.685094793955997,6.462455557324194,ema20_runner,True,APD,2026-03-02,4,2
3030,2026-03-03,2026-04-13,3.440794809403411,3.0230554785466333,ema20_runner,True,DOCN,2026-03-02,4,2
318,2026-03-03,2026-04-14,1.6572982549102269,1.766092693714589,time,True,HPE,2026-03-02,5,2
2030,2026-03-03,2026-04-14,0.8035402209210448,0.7852712922526048,time,True,CAT,2026-03-02,5,1
3047,2026-03-03,2026-03-06,-1.014174828958901,0.7793588869642241,stop,False,ONTO,2026-03-02,6,1
348,2026-03-04,2026-04-10,0.8292666667455577,0.9413309132706963,ema20_runner,True,AKAM,2026-03-03,4,3
10,2026-03-05,2026-03-06,-1.2880980415146577,1.8076587420813344,gap_stop,False,IWM,2026-03-04,4,3
1518,2026-03-05,2026-03-06,-1.427806870691837,4.744269151710123,gap_stop,False,KEY,2026-03-04,4,3
3314,2026-03-05,2026-03-05,-1.026503515998522,5.23156741065588,stop,False,UEC,2026-03-04,4,3
3340,2026-03-05,2026-03-05,-1.0797924540040975,4.756469670521995,stop,False,BA,2026-03-04,4,3
3341,2026-03-09,2026-03-10,-1.0485255809030698,2.817186152385902,stop,False,BA,2026-03-06,4,3
648,2026-03-09,2026-03-11,-1.0989173995085708,3.0113712675578395,stop,False,YUM,2026-03-06,4,2
3379,2026-03-09,2026-03-16,-1.1157038899995275,1.3007444648941187,gap_stop,False,BMRN,2026-03-06,4,2
295,2026-03-10,2026-04-21,2.9336284124635315,2.061324068490398,time,True,STX,2026-03-09,4,3
300,2026-03-10,2026-03-27,0.8643863383338324,1.2221886813861504,ema20_runner,True,WDC,2026-03-09,4,3
632,2026-03-10,2026-04-21,2.4159012820452594,2.2550602128006063,time,True,HLT,2026-03-09,4,3
1070,2026-03-10,2026-03-17,-1.0544593475860657,1.391714894771359,stop,False,CAH,2026-03-09,4,3
2058,2026-03-10,2026-03-12,-1.038944542419054,3.070285893864262,stop,False,EMR,2026-03-09,4,3
2389,2026-03-10,2026-03-19,-1.0217308570209471,2.1235288184269776,stop,False,ALB,2026-03-09,4,3
3051,2026-03-10,2026-03-31,1.5852489693559004,2.119185260950718,ema20_runner,True,FORM,2026-03-09,4,3
3393,2026-03-10,2026-03-18,-1.0533978169040192,1.9499564678813925,stop,False,BIIB,2026-03-09,4,3
147,2026-03-10,2026-03-19,-1.249055258932726,5.219731449216344,gap_stop,False,TXN,2026-03-09,5,3
2649,2026-03-10,2026-04-14,0.49188995183760503,0.8132643435476979,ema20_runner,True,NEE,2026-03-09,5,3
11,2026-03-10,2026-03-19,-1.090736941571407,1.8843291694794928,gap_stop,False,IWM,2026-03-09,4,2
1149,2026-03-11,2026-03-12,-1.0439629972152054,2.1744266076209797,stop,False,SLB,2026-03-10,4,2
1120,2026-03-12,2026-04-08,0.5402077047069498,0.8711415120984698,be,True,XOM,2026-03-11,4,3
175,2026-03-12,2026-04-23,1.7941103667133775,1.7042468022160602,time,True,AMAT,2026-03-11,4,2
1150,2026-03-17,2026-04-06,2.6694430661412962,3.149989247807035,ema20_runner,True,SLB,2026-03-16,4,3
1854,2026-03-17,2026-03-19,-1.061977310463442,1.260341017560811,stop,False,BMY,2026-03-16,4,3
186,2026-03-18,2026-04-29,0.8071315875532928,0.839521036781328,ema20_runner,True,LRCX,2026-03-17,4,2
2154,2026-03-18,2026-04-29,2.6054101395277964,2.715865696579693,time,True,XPO,2026-03-17,4,2
3290,2026-03-19,2026-03-27,0.779914411425636,1.2127979651143042,be,True,BWXT,2026-03-18,4,2
1196,2026-03-20,2026-05-01,0.9254778583333554,0.8277946364497556,time,True,BKR,2026-03-19,4,2
3082,2026-03-24,2026-05-05,1.4450522337221616,0.9682452644907197,time,True,MTSI,2026-03-23,4,2
505,2026-03-26,2026-03-27,-1.048869729017047,2.185422866814979,stop,False,LYV,2026-03-25,4,2
2188,2026-03-26,2026-04-13,0.8619812804036849,1.3591527565308203,be,True,FAST,2026-03-25,4,2
2384,2026-03-26,2026-04-08,-1.0340128818263414,1.9989732654198717,stop,False,NTR,2026-03-25,4,1
557,2026-04-07,2026-04-13,-1.0798781113844858,3.589105149196626,stop,False,MCD,2026-04-06,4,3
1565,2026-04-07,2026-05-18,0.22658988057559895,0.9952728921739549,time,False,ZION,2026-04-06,4,3
2256,2026-04-07,2026-05-18,0.9449592698893504,0.6539907372222552,time,True,CSX,2026-04-06,4,3
3295,2026-04-07,2026-05-18,-0.19489840695357832,6.229924455508258,time,False,UUUU,2026-04-06,4,3
649,2026-04-07,2026-05-11,-1.0538660651568743,1.9085414818983475,stop,False,YUM,2026-04-06,4,2
840,2026-04-07,2026-05-18,1.2589855128787724,5.481779011844509,time,False,HAS,2026-04-06,4,2
1484,2026-04-07,2026-05-18,0.19628411866074372,2.0525426670131095,time,False,PNC,2026-04-06,4,2
1548,2026-04-07,2026-05-18,0.07844701841829099,1.2987623378226936,time,False,CFG,2026-04-06,4,2
1971,2026-04-07,2026-04-24,-1.9947845040787515,2.2790922198484527,gap_stop,False,HCA,2026-04-06,4,2
2062,2026-04-07,2026-04-30,-1.8331399080948427,8.860960310165936,gap_stop,False,ITW,2026-04-06,4,2
2109,2026-04-07,2026-04-22,-1.0320139724680293,1.2987783404561735,stop,False,RTX,2026-04-06,4,2
2217,2026-04-07,2026-05-01,1.521192150996833,1.6954121060558964,ema20_runner,True,FTV,2026-04-06,4,2
3413,2026-04-08,2026-04-28,-1.0201575338788094,1.4078572470616024,stop,False,MRNA,2026-04-07,6,3
148,2026-04-08,2026-05-19,2.1353847288136865,1.0534858614825353,time,True,TXN,2026-04-07,5,2
23,2026-04-10,2026-05-21,1.818184282407171,1.277389591306214,time,True,AAPL,2026-04-09,4,2
569,2026-04-10,2026-05-13,-1.0198434898697952,1.722496404557034,stop,False,LOW,2026-04-09,4,2
1033,2026-04-10,2026-05-21,1.893691705552496,1.9591674857873074,time,True,MNST,2026-04-09,4,2
996,2026-04-10,2026-04-15,-1.0560351338861602,4.19965520409677,stop,False,CL,2026-04-09,5,2
2247,2026-04-13,2026-05-21,1.1412093212581595,1.268906645199651,ema20_runner,True,NSC,2026-04-10,4,2
1603,2026-04-14,2026-05-26,0.8619340722697884,0.5227421446543945,time,True,BEN,2026-04-13,4,3
1931,2026-04-14,2026-04-28,0.4775548168470678,0.7436281406018198,be,True,ALGN,2026-04-13,4,3
1214,2026-04-14,2026-04-17,-1.015032646533519,1.2801568924149036,stop,False,APA,2026-04-13,4,2
2405,2026-04-14,2026-04-17,-1.0183014923425004,0.6514554903941577,stop,False,DOW,2026-04-13,4,2
2413,2026-04-14,2026-04-17,-1.0227129789715037,1.3443334189637466,stop,False,LYB,2026-04-13,4,2
1109,2026-04-15,2026-05-07,-1.201503515645675,2.2294906558060164,gap_stop,False,USFD,2026-04-14,4,3
1186,2026-04-17,2026-04-17,-1.1912281010716785,13.120334311632329,stop,False,HAL,2026-04-16,4,3
1262,2026-04-17,2026-04-17,-1.4891450607083585,35.21059149758768,stop,False,OKE,2026-04-16,4,3
1293,2026-04-17,2026-04-17,-1.7988584298511205,29.75425588821929,stop,False,EPD,2026-04-16,4,3
440,2026-04-17,2026-05-29,0.8280997857630288,2.3433263465703074,time,False,VZ,2026-04-16,5,3
2385,2026-04-17,2026-04-17,-1.076330576579673,6.352768861100081,stop,False,NTR,2026-04-16,5,3
1092,2026-04-17,2026-05-06,-1.1103247908524292,7.7505641969126104,stop,False,KR,2026-04-16,6,3
431,2026-04-17,2026-05-11,-1.0409543281343532,2.223434372038574,stop,False,T,2026-04-16,4,2
2038,2026-04-21,2026-05-21,-1.047446563506632,1.716371825011073,gap_stop,False,DE,2026-04-20,5,2
1136,2026-04-22,2026-06-03,-0.18110278619248008,1.4245330765679427,time,False,COP,2026-04-21,4,3
1158,2026-04-22,2026-05-28,2.3449697767359745,2.474081823871882,ema20_runner,True,MPC,2026-04-21,4,3
1242,2026-04-23,2026-05-07,-1.0421216334055416,3.2341897954387018,stop,False,EQT,2026-04-22,4,3
968,2026-04-24,2026-05-29,0.9768880940222581,1.2354972925961278,ema20_runner,True,PM,2026-04-23,4,2
2440,2026-04-28,2026-06-09,-0.14197929550997104,1.3890737053065696,time,False,SON,2026-04-27,5,2
1368,2026-04-28,2026-06-09,0.2540641378308109,0.5232969753066998,time,False,BAC,2026-04-27,4,1
1131,2026-04-30,2026-06-11,-0.23880072493863502,1.7965679509689325,time,False,CVX,2026-04-29,4,2
668,2026-04-30,2026-05-28,0.7929957629866254,0.6837832238959288,ema20_runner,True,EBAY,2026-04-29,5,2
1535,2026-05-01,2026-06-12,0.3428008818745424,0.9000205783001574,time,False,RF,2026-04-30,4,3
2644,2026-05-01,2026-05-13,-1.0669344048414142,1.6495810504977755,stop,False,ADC,2026-04-30,4,3
2487,2026-05-01,2026-06-12,0.5410465035916044,0.7278634378616701,time,False,EXR,2026-04-30,5,3
3425,2026-05-05,2026-05-05,-1.0379114072439704,1.8162401639051942,stop,False,PCVX,2026-05-04,6,3
460,2026-05-06,2026-06-05,-1.0925924454864073,3.228464233324888,stop,False,WBD,2026-05-05,4,3
1701,2026-05-06,2026-05-28,0.34095302697020136,0.5295390794688044,ema20_runner,True,AFL,2026-05-05,4,3
3501,2026-05-07,2026-06-11,0.5510211722230987,0.7256087227981899,ema20_runner,True,MGA,2026-05-06,4,3
633,2026-05-07,2026-06-18,1.679375323846202,1.5820694123355397,time,True,HLT,2026-05-06,5,3
1264,2026-05-12,2026-05-27,0.39112798101492346,0.6181198593648982,be,True,OKE,2026-05-11,4,3
2047,2026-05-12,2026-05-18,-1.0272996030119488,0.5446662153128314,stop,False,ETN,2026-05-11,4,3
1642,2026-05-13,2026-05-20,0.5439296253581232,0.8791704050644422,be,True,NDAQ,2026-05-12,4,3
2237,2026-05-13,2026-06-18,0.6937915726938062,0.8038428554212025,ema20_runner,True,CNI,2026-05-12,5,3
1122,2026-05-18,2026-06-15,-1.2103229923112802,1.1514756307415135,gap_stop,False,XOM,2026-05-15,4,2
1667,2026-05-18,2026-05-29,-1.0650392283474546,1.8553604986508587,stop,False,CB,2026-05-15,4,2
1216,2026-05-18,2026-06-15,-1.0918350292429393,1.666243072861053,gap_stop,False,APA,2026-05-15,5,2
1050,2026-05-19,2026-05-19,-1.0861024166693576,3.526843741497678,stop,False,BG,2026-05-18,4,3
3233,2026-05-19,2026-06-03,-1.100725769941646,2.4055600766825114,gap_stop,False,CAVA,2026-05-18,4,2
2981,2026-05-19,2026-06-11,2.16428035833853,2.8790754096960764,ema20_runner,True,NET,2026-05-18,5,2
2712,2026-05-20,2026-05-29,-1.0646511432456882,3.1530831483909227,stop,False,SRE,2026-05-19,4,3
2809,2026-05-20,2026-07-02,1.2052407077348937,1.1257716027682012,time,True,CNP,2026-05-19,4,3
2852,2026-05-20,2026-07-02,0.6909386148239468,0.722549472615933,time,True,EIX,2026-05-19,4,3
2788,2026-05-20,2026-06-01,-1.2165093435697296,0.5051288131226545,gap_stop,False,NI,2026-05-19,5,3
2218,2026-05-21,2026-06-11,1.8517838131081477,2.402974209004672,ema20_runner,True,FTV,2026-05-20,4,3
2031,2026-05-21,2026-06-10,0.6288277110710876,0.9845843187285953,be,True,CAT,2026-05-20,4,2
2552,2026-05-21,2026-06-01,0.30835119135255223,0.5475527635079988,be,True,KIM,2026-05-20,4,2
2571,2026-05-21,2026-06-18,0.7640893636547443,0.8659428530830661,ema20_runner,True,BRX,2026-05-20,4,2
342,2026-05-26,2026-06-09,-1.0257577148657093,0.6665268423608104,stop,False,KEYS,2026-05-22,6,3
3482,2026-05-28,2026-06-16,-1.1246128969672093,2.398456513518423,gap_stop,False,NIO,2026-05-27,4,3
2190,2026-05-28,2026-07-10,0.9546892662938486,2.459221168774706,time,False,FAST,2026-05-27,4,2
3475,2026-05-28,2026-06-10,-1.024895873091918,1.0021568775666114,stop,False,WH,2026-05-27,4,2
382,2026-05-29,2026-06-02,-1.0378555106080425,1.0478445552869688,stop,False,GOOGL,2026-05-28,4,2
49,2026-05-29,2026-06-25,-1.0208769988567483,1.0107358728831006,stop,False,NVDA,2026-05-28,4,1
3342,2026-06-01,2026-06-03,-1.0303533827838267,0.962975333585513,stop,False,BA,2026-05-29,5,2
1485,2026-06-03,2026-07-10,1.5960332799641248,0.9073295295370168,time,True,PNC,2026-06-02,4,3
1549,2026-06-03,2026-07-09,2.035219057750497,1.6685418912159273,ema20_runner,True,CFG,2026-06-02,4,3
1566,2026-06-03,2026-07-10,1.4645408199585297,0.7470130022985099,time,True,ZION,2026-06-02,4,3
2407,2026-06-03,2026-06-09,-1.0500495033706083,5.344164549050402,stop,False,DOW,2026-06-02,4,2
3049,2026-06-03,2026-06-04,-1.0186397477924132,2.0893797112635246,stop,False,AMBA,2026-06-02,4,2
1146,2026-06-03,2026-07-01,-1.0250100550119379,0.9248825605943187,stop,False,EOG,2026-06-02,5,2
3395,2026-06-04,2026-07-09,0.33181733130300245,0.5075253308426717,ema20_runner,True,BIIB,2026-06-03,4,3
254,2026-06-04,2026-07-08,-1.018294891477749,1.458251684474469,stop,False,TEL,2026-06-03,4,2
2449,2026-06-04,2026-06-17,0.31492841062366445,0.5370126072657175,be,True,PLD,2026-06-03,4,2
383,2026-06-05,2026-06-10,-1.0789645375881018,4.335458192748064,stop,False,GOOGL,2026-06-04,4,3
3458,2026-06-09,2026-07-10,0.9364810041924471,0.6825743514717403,time,True,AAL,2026-06-08,4,1
2097,2026-06-10,2026-06-26,0.6816055287052591,1.070056429839617,be,True,TT,2026-06-09,4,3
2417,2026-06-10,2026-06-16,0.47112714380017945,0.7350754084982757,be,True,HUN,2026-06-09,4,3
2789,2026-06-11,2026-07-01,0.6029033193303146,0.9789931873953375,be,True,NI,2026-06-10,5,2
1631,2026-06-11,2026-06-16,-1.019334944548769,2.2233379057087324,stop,False,CBOE,2026-06-10,6,2
24,2026-06-12,2026-06-25,-1.063116649123951,2.108969308021783,stop,False,AAPL,2026-06-11,4,3
510,2026-06-12,2026-07-10,3.431614983858234,3.400230983162011,time,True,MTCH,2026-06-11,4,3
3147,2026-06-12,2026-07-10,1.7821370742053328,1.3307501301457343,time,True,AFRM,2026-06-11,4,3
149,2026-06-12,2026-06-25,0.9668726627377049,1.1680459495177378,ema20_runner,True,TXN,2026-06-11,5,3
227,2026-06-12,2026-07-02,-1.0227124534688634,1.4530241176384286,stop,False,MCHP,2026-06-11,5,3
239,2026-06-12,2026-06-26,-1.0247523941792256,1.474099737138562,stop,False,NXPI,2026-06-11,5,3
343,2026-06-12,2026-06-26,0.5473731793133098,0.8559739411561474,be,True,KEYS,2026-06-11,5,3
3083,2026-06-12,2026-07-02,-1.015188216213085,0.714985083977328,stop,False,MTSI,2026-06-11,6,3
517,2026-06-15,2026-06-17,-1.0463559636060182,5.02349238448416,stop,False,ZM,2026-06-12,4,2
2422,2026-06-15,2026-06-16,-1.0334766902082557,3.306499297564774,stop,False,OLN,2026-06-12,4,2
76,2026-06-16,2026-06-23,-1.2547596710947073,3.6714598272850534,gap_stop,False,ORCL,2026-06-15,4,3
284,2026-06-16,2026-06-23,0.658800567802161,1.0129393283762902,be,True,GLW,2026-06-15,4,2
677,2026-06-16,2026-07-10,1.0356037539706477,1.266462008997596,time,False,EXPE,2026-06-15,4,2
683,2026-06-16,2026-07-10,0.566987470042814,0.5341331492994589,time,True,ABNB,2026-06-15,4,2
1797,2026-06-17,2026-07-10,0.506528409455557,0.6250875698411804,time,True,FAF,2026-06-16,5,2
3034,2026-06-22,2026-06-23,-1.0214528289066522,4.4084115078239705,stop,False,ENPH,2026-06-18,4,3
3050,2026-06-22,2026-06-25,-1.014500213680309,2.530773996057351,stop,False,AMBA,2026-06-18,4,3
3368,2026-06-22,2026-07-10,2.8827224659973165,2.6374330781243263,time,True,FATE,2026-06-18,4,2
3402,2026-06-22,2026-07-10,1.476826233526965,3.249497390339294,time,False,EDIT,2026-06-18,5,2
1306,2026-06-23,2026-07-10,1.1406358242901997,1.3430200038654088,time,True,TRGP,2026-06-22,4,3
2248,2026-06-23,2026-07-10,2.492951328230556,2.4401413470223443,time,True,NSC,2026-06-22,4,3
2597,2026-06-23,2026-07-10,1.2040561507240632,1.1992003081549274,time,True,VTR,2026-06-22,4,3
2524,2026-06-25,2026-07-10,0.7735365673857281,1.0233601179775647,ema20_runner,True,ELS,2026-06-24,4,2
2645,2026-06-25,2026-07-10,0.7742425122212755,0.8753289227623668,time,True,ADC,2026-06-24,4,2
2701,2026-06-25,2026-07-10,-0.13809249245749383,0.7372064216600127,time,False,EXC,2026-06-24,4,2
2799,2026-06-25,2026-07-10,-0.045345636403136665,0.5512284787187922,time,False,CMS,2026-06-24,4,2
1044,2026-06-26,2026-07-10,0.7555812238780908,1.6831586792160667,time,False,ADM,2026-06-25,4,2
1930,2026-06-26,2026-07-10,0.856279232876562,2.464877742471416,time,False,NVCR,2026-06-25,4,2
2483,2026-06-26,2026-07-10,-0.44959315973594505,0.79307044981315,time,False,WPC,2026-06-25,5,2
62,2026-07-01,2026-07-02,-1.0560823436331879,9.039406573055325,stop,False,AVGO,2026-06-30,4,2
319,2026-07-01,2026-07-02,-1.0388644677975358,8.446552346728229,stop,False,HPE,2026-06-30,4,2
2401,2026-07-02,2026-07-10,-0.5970689524144865,1.4728249663082358,time,False,DD,2026-07-01,4,3
530,2026-07-02,2026-07-10,0.19210357195780886,2.1038301135308743,time,False,AMZN,2026-07-01,4,2
1384,2026-07-02,2026-07-10,0.7536051686862751,1.541668695156888,time,False,MS,2026-07-01,4,2
98,2026-07-02,2026-07-02,-1.0513624817589708,2.784306259951943,stop,False,CSCO,2026-07-01,4,1
1297,2026-07-06,2026-07-10,0.32166924709420064,1.3983472116611664,time,False,ET,2026-07-02,6,3
2450,2026-07-06,2026-07-10,0.31059749076493204,2.055349824266822,time,False,PLD,2026-07-02,4,2
3343,2026-07-06,2026-07-10,-0.26794673748358877,0.7900902377301218,time,False,BA,2026-07-02,4,2
1265,2026-07-08,2026-07-10,-0.16789472884111697,0.5377965559258838,time,False,OKE,2026-07-07,4,2
218,2026-07-09,2026-07-10,-0.028135698049773852,1.8250872273552148,time,False,ADI,2026-07-08,4,3
228,2026-07-09,2026-07-10,-0.01039749134227022,2.2102257137633585,time,False,MCHP,2026-07-08,4,3
822,2026-07-10,2026-07-10,-0.2063778062502879,1.6491554733192977,time,False,RCL,2026-07-09,4,3
3094,2026-07-10,2026-07-10,0.5028048153247398,4.389790692418037,time,False,POWI,2026-07-09,4,3
518,2026-07-10,2026-07-10,-0.14285068136057508,2.597544240969791,time,False,ZM,2026-07-09,4,2
2180,2026-07-10,2026-07-10,0.0549974672556367,1.6623069438101126,time,False,ODFL,2026-07-09,5,2
265,2026-07-10,2026-07-10,-0.14820609222114203,0.8716421529772004,time,False,CDNS,2026-07-09,6,2
