ticker,signal_date,pa,osc,rsi14,mom21,mom63,mom126,rs63,atr_pct,ema20_dist,ema50_dist,vol_ratio,body_pct,lower_wick,close_location,spy_strength,qqq_strength,stop_pct,entry_date,exit_date,r,planned_rr,status
IWM,2023-08-29,4,2,49.89773256104474,-0.05274021212456548,0.0755058629703429,0.006736791731769554,0.5368589743589743,0.015590390403293351,0.0025545129104116437,0.0018784981734731865,0.9174841073798875,0.7078976533513247,0.2552602836537673,0.963157937005092,0.06913661396084558,0.1180337416671029,0.034162978869899586,2023-08-30,2023-09-19,-1.0585429042243786,1.5633268366735278,stop
IWM,2024-04-23,5,2,46.81887135831269,-0.031696676835482385,0.015840217410607815,0.20045716943487668,0.43929712460063897,0.01806644580439905,-0.004298219689219618,-0.007397812682953808,0.9398522930269951,0.7899787323923094,0.031023758539823417,0.8210024909321328,0.07541106692150334,0.06705589193512607,0.03627576141690089,2024-04-24,2024-06-05,0.9033039093538675,1.7597724061751354,time
IWM,2026-03-04,4,3,49.35968367285491,-0.0016018910847309664,0.06928501755559613,0.12604870751301767,0.5207006369426752,0.020808270599995463,-0.0032364869401056984,0.008505101509234558,0.9137823429294871,0.13526562926160596,0.5748826100737863,0.7101482393353923,0.04762218852665545,0.0435697020118575,0.024034258498003613,2026-03-05,2026-03-06,-1.2880980415146577,1.8076587420813344,gap_stop
IWM,2026-03-09,4,2,40.880589404660746,-0.00863852676087229,0.010525301070655857,0.0732737041454159,0.46178343949044587,0.023713708550989393,-0.025617056508194014,-0.02036510426913518,1.5524324596470154,0.5877194939314316,0.3118907077494166,0.8996102016808482,0.036040535215572156,0.03740163641254868,0.036256424648533514,2026-03-10,2026-03-19,-1.090736941571407,1.8843291694794928,gap_stop
AAPL,2025-01-28,4,2,52.280254688910865,-0.07722686280835078,0.034488924875414995,0.09560568674918635,0.5668789808917197,0.024735748318939533,0.014919536896375929,0.005986083289415189,1.4190804232296452,0.7899770304915341,0.004265301076249562,0.7942423315677837,0.08317127413897163,0.08541948244872088,0.06547647499654387,2025-01-29,2025-03-11,-1.0305453218137592,1.6099510744101468,stop
AAPL,2025-12-19,5,2,49.017344112899224,0.01902752481997072,0.06972555249552248,0.3610232182392237,0.6847133757961783,0.01824621245796921,-0.005481962248166883,0.019288486530664173,3.317157930129414,0.3234075709369502,0.47872216089864095,0.8021297318355912,0.07639780510458882,0.0878877879822797,0.02818048994216721,2025-12-22,2026-01-06,-1.0709710868797688,1.861919114318097,stop
MSFT,2023-07-25,5,3,59.36454283653653,0.04763894922757306,0.2483487130484059,0.45365786882906356,0.8557692307692307,0.02340182960941174,0.023657442410950136,0.059619353154942045,1.4280927255166662,0.567451829710307,0.29911669157590615,0.8665685212862132,0.1032524661680605,0.16408501080305982,0.044697343240284966,2023-07-26,2023-08-03,-1.0564439628394562,1.5402238536675261,gap_stop
MSFT,2024-08-13,4,2,43.47743552612169,-0.0880032988280598,0.0025059693816431583,0.00063530616625318,0.4601910828025478,0.023275311686898226,-0.010195666480558585,-0.030249194272718105,0.8040271138568705,0.8215630885122436,0.0037154266784656474,0.8252785151907093,0.07306895403782354,0.06764055428102878,0.07276670371350752,2024-08-14,2024-09-25,0.5718097179731514,1.6965581699872747,time
NVDA,2024-12-20,5,2,46.6186812900734,-0.07663795939946771,0.15869001573219932,0.14063850657114907,0.8232484076433121,0.03971728856718775,-0.012423720944564343,-0.009794347449142426,1.3842667361821352,0.6926347139732513,0.22521202375703425,0.9178467377302856,0.07751654913303985,0.09985707762667562,0.0730480647177113,2024-12-23,2025-01-06,1.5632895594409166,1.590668792658509,target
NVDA,2026-07-08,4,2,51.028657663224564,-0.0047782104201083975,0.1474334242493851,0.08637545402998659,0.6751592356687898,0.03490993030482683,0.011527603490542937,0.0030298018537548987,0.9861212058191406,0.8851482216723019,0.011880697492423486,0.8970289191647254,0.081076727176836,0.11278022245847241,0.07518626938107706,2026-07-09,2026-07-10,0.3962300374420452,1.992072414830503,time
AVGO,2024-08-09,6,2,46.923068296781985,-0.1309241012993574,0.1391143579559211,0.17170419088851596,0.85828025477707,0.06016269929902373,-0.01806918674334812,-0.025335235784345933,0.6010039820950768,0.7463227456832254,0.0165434370406923,0.7628661827239178,0.05652800980650574,0.040703641045809924,0.13824931619388556,2024-08-12,2024-09-23,1.227662505950353,1.7376489005044855,time
AVGO,2025-12-23,5,2,45.511622163369836,0.028772413526835683,0.031470853289833345,0.3247234396859462,0.571656050955414,0.04766311477943293,-0.02784131886271901,-0.021262367871604404,0.6290679266177288,0.7355252225519257,0.1961965051104533,0.9317217276623789,0.08621292141135739,0.09614519633811436,0.08996207456767295,2025-12-24,2026-01-23,-1.0222315904742227,1.9353853744481786,stop
ORCL,2023-07-24,4,2,55.803969351057866,-0.01737970658043153,0.24523755858651497,0.36367363228259086,0.8541666666666666,0.02271231140380708,0.010459335021598015,0.05623487646474756,0.6811029200953043,0.07182178384758452,0.6685086831900152,0.7403304670375996,0.10139171980203288,0.15815808814228682,0.04225822306202106,2023-07-25,2023-08-09,-1.0473280667070326,1.7005904917171892,stop
CSCO,2023-11-02,4,2,47.376181615488484,-0.01309630050486843,0.009518887184637226,0.17141958503814103,0.7827476038338658,0.014197759542734412,-0.0009867001742965842,-0.009858184658045333,1.1879132849224272,0.6935500741406213,0.22580585618566382,0.919355930326285,0.017468063959012348,0.05311329612189808,0.04214984693439883,2023-11-03,2023-11-16,-2.6533566212893733,1.8815412226813313,gap_stop
CSCO,2024-12-20,4,3,52.91719437082223,0.01773906374271328,0.12985681035199725,0.2578766121453775,0.785031847133758,0.014993576212640506,0.001595983193010353,0.025694352577579016,3.584703903919383,0.6291402774374273,0.19867521227172102,0.8278154897091483,0.07751654913303985,0.09985707762667562,0.016303907962089,2024-12-23,2024-12-26,1.77536262355282,1.898032599649995,target
CSCO,2026-02-18,5,1,48.07404902641142,0.03976588976715956,0.00767106523099792,0.1810746038385289,0.34235668789808915,0.03288074318835132,-0.01580065625821636,0.006207174964535156,0.750584735854245,0.7725103231825055,0.02843846949327669,0.8009487926757821,0.05488952935164959,0.03925716580539507,0.0671504075750551,2026-02-19,2026-04-01,-0.041240417652224824,1.8634593921179092,time
IBM,2023-06-26,4,2,48.89151931320196,0.04503496782208716,0.06258198080376842,-0.051877156959978965,0.5080128205128205,0.01545220085770813,-0.008847085048107162,0.009713823001256117,0.9051672203785914,0.9285672765320492,0.03809599930245888,0.9666632758345081,0.06426253474719723,0.1364100945538791,0.03574210976140317,2023-06-27,2023-07-20,1.5363611374810613,1.5923175433382148,target
IBM,2025-12-24,5,2,51.563721489860995,0.0014467526700521205,0.08811558119215324,0.056108472706801304,0.6926751592356688,0.021785368933335277,0.0006290668323953863,0.019820375019274028,0.3404027977926962,0.2806968700810645,0.5122873143517902,0.7929841844328547,0.08905822180189249,0.09826631744080028,0.03168292710453993,2025-12-26,2026-01-02,-1.0631254805908832,1.9252671496772658,stop
ADBE,2024-01-09,5,2,47.815311902642996,-0.03709060087914362,0.10752146562795395,0.16139006924105703,0.4968051118210863,0.02093149884360588,-0.004967417271837804,0.002196932092549675,0.5450695798899338,0.7206966514451157,0.09615287877348208,0.8168495302185979,0.08817871399272526,0.12020753403919127,0.03982879353601735,2024-01-10,2024-01-29,1.8921717243333993,1.942386652339978,target
NOW,2023-08-14,4,2,51.56125864749776,-0.02441503602561612,0.2438707779694531,0.23529540518551162,0.8269230769230769,0.0258807965219367,0.004029131628595417,0.02435673812836492,0.5586272364292495,0.8930571990228262,0.07317113901824567,0.9662283380410719,0.07268212631221682,0.11619839359214534,0.047939892151800126,2023-08-15,2023-08-18,-1.2741946124753005,1.609907854792097,gap_stop
NOW,2025-01-15,5,2,47.960257845690826,-0.08210411364277903,0.11584752711564894,0.38557287445921395,0.7977707006369427,0.0250649218217472,-0.006713620534968823,0.010079890064429442,1.09793119915406,0.044133830461705235,0.6636171016539921,0.7077509321156973,0.06923825023171104,0.08284859129170496,0.05862047108655186,2025-01-16,2025-01-27,1.4738171599129577,1.5079349341807053,target
INTU,2024-11-01,4,3,53.16194691468932,0.031420630947553096,0.03285746722968952,-0.00893919019709044,0.34076433121019106,0.019329134837603498,0.010319246728492049,0.0016100682404880384,1.2139849033331784,0.7159960110479355,0.08554318145032833,0.8015391924982639,0.07430899031735017,0.0731002557791911,0.03940882039459907,2024-11-04,2024-11-07,1.8751017717427652,1.9258518317540538,target
TXN,2024-02-09,4,2,49.31618900826521,-0.0213360401578071,0.12712795815234323,-0.014192535813293716,0.4680511182108626,0.019342192341718124,-0.00046818468004228286,0.003492367313281175,0.5790329359606857,0.605405762077172,0.3513497909123211,0.9567555529894931,0.12476631708522246,0.16837979533089098,0.03727886665464583,2024-02-12,2024-02-13,-1.053649699668398,1.9805822650881124,stop
TXN,2024-04-09,4,2,56.52418872415484,0.006732438657559792,0.03731349162545006,0.12376663820821987,0.4233226837060703,0.02030532223097261,0.01780561005303971,0.031456867542642986,0.9151505564464719,0.7256658279582562,0.25663577398982995,0.9823016019480861,0.11315231417032012,0.11917812808918016,0.024973282333193868,2024-04-10,2024-04-15,-1.0800855880022486,1.6480212337647018,stop
AMD,2023-07-13,5,2,53.94390790128991,-0.10271695968486039,0.2554965435943082,0.7034532398298101,0.8381410256410257,0.036550454711710624,0.01602270600046496,0.05247241825845639,0.7470587806624356,0.06201392215657399,0.8449607589172182,0.9069746810737922,0.09790336763802499,0.18174497260236544,0.08189454551234893,2023-07-14,2023-08-11,-1.0244216508863637,1.681351294220117,stop
AMD,2025-09-15,4,2,49.24296552592235,-0.10936719325722577,0.3873966820016441,0.5961176756831092,0.9092356687898089,0.03853938202218139,-0.0020587173510119294,0.02118325495001283,0.816981746216443,0.24468295786948208,0.5127638230109182,0.7574467808804002,0.10636103780132466,0.12710054827371753,0.07914169286547343,2025-09-16,2025-10-06,5.07061171444928,1.9063948384238127,target
AMAT,2024-04-25,4,2,45.94598571592027,-0.04437015756261675,0.14600438678538175,0.46967987665755295,0.8162939297124601,0.030711144170547166,-0.015603720256147313,0.001732522857621932,0.885725839399889,0.2515471182857238,0.5525768525306057,0.8041239708163295,0.06927467434229717,0.06406509451320375,0.05469511144486553,2024-04-26,2024-05-15,1.5228758907285236,1.5594422299710364,target
AMAT,2026-03-11,4,2,52.01079296149849,0.06333871716485917,0.3108139266248158,1.1541093954577,0.9219745222929936,0.04784036617298523,0.002802616767342281,0.06991528092488619,0.5644778342605505,0.3241823578129169,0.47201696351748007,0.796199321330397,0.03238792377618749,0.036515472290391315,0.08486455727967705,2026-03-12,2026-04-09,1.6806798378187928,1.7042468022160602,target
KLAC,2024-04-23,4,2,42.24989488685048,-0.08774784134394387,0.04895715617350915,0.40869892551331644,0.5383386581469649,0.030881889976368548,-0.03425301812526149,-0.02749468638350694,0.8258897418004187,0.6697843448466979,0.011557453455267857,0.6813417983019657,0.07541106692150334,0.06705589193512607,0.05852239520051436,2024-04-24,2024-05-10,1.6679988078486634,1.7021737590472161,target
KLAC,2026-02-09,4,1,51.547068920478154,0.08724153677819291,0.195769599080573,0.5803628131084915,0.732484076433121,0.052380655967914705,0.0032116823112857684,0.05944360136720239,1.1606229356141735,0.004929627105902916,0.47643976597193977,0.48136939307784266,0.0702662043961979,0.05643991818841165,0.10297005096147752,2026-02-10,2026-03-24,0.9631281307023302,1.7780718441364212,time
ADI,2023-08-28,4,2,45.09163345921421,-0.09117017429433072,0.026419063669459453,-0.010788907742911635,0.4182692307692308,0.025843501420732797,-0.00862436372121822,-0.02695292843245989,0.8422454759984996,0.1276632009544923,0.45212528508932204,0.5797884860438143,0.05463558269514457,0.09543739877208335,0.059568283738440544,2023-08-29,2023-10-10,-0.2133141696551523,1.9142776690856202,time
ADI,2026-07-08,4,3,44.53774629254993,-0.03983661817287154,0.18034154682588,0.39805155110064794,0.7356687898089171,0.04759164059221912,-0.0353975321323009,-0.027074125318277575,0.4544381954476073,0.7179648920094245,0.0,0.7179648920094245,0.081076727176836,0.11278022245847241,0.06659300090634498,2026-07-09,2026-07-10,-0.028135698049773852,1.8250872273552148,time
MCHP,2023-05-01,4,2,42.590374537030044,-0.08939324889006262,0.0002668576990638716,0.24161406289806653,0.5721153846153846,0.031181244073722098,-0.025078906100004517,-0.04215300077440387,1.3445235651653415,0.7586188752930456,0.0,0.7586188752930456,0.040873698939212,0.0698985694572225,0.08171752062860563,2023-05-02,2023-06-13,1.5523062018983258,1.7083827468086554,time
MCHP,2024-02-21,4,2,46.805455374286986,-0.08000875218188042,0.004607808029410965,0.042162147116997284,0.22843450479233227,0.0275731730386558,-0.0067961397744750185,-0.014792575043140799,0.8476898842022731,0.7326761467716658,0.25742450852642573,0.9901006552980915,0.10693891964730495,0.12627207865954326,0.05697449631804244,2024-02-22,2024-03-07,1.8635763840631112,1.898679809793031,target
MCHP,2025-08-20,4,3,48.81664420646042,-0.11294174314806726,0.10652387319203793,0.06591682506107177,0.6878980891719745,0.03798600242649095,0.0008196608843391573,0.002384931198631035,1.0141701088587023,0.5448917359334638,0.4086682114403002,0.953559947373764,0.08534232446848766,0.09781168360051229,0.08796609832305999,2025-08-21,2025-10-02,0.004363615264333487,1.7769914299322564,time
NXPI,2024-01-18,4,3,47.3887396448606,-0.09152967168644455,0.07519420165861335,-0.030089129670723858,0.46166134185303515,0.028373150525033104,-0.010712006530765539,0.0060163243384299125,1.6785725709289805,0.24193475612507295,0.4704318827858108,0.7123666389108837,0.08834180809971048,0.13158584812568996,0.057937547740231674,2024-01-19,2024-02-12,1.886021441367129,1.920541369772922,target
NXPI,2025-09-25,4,1,53.473238717983044,-0.0418994583045762,0.043772189207041734,0.11260157771198775,0.4856687898089172,0.027311577227537985,0.008967605705109571,0.0188442033946703,0.9237120420333274,0.3351739448097563,0.550646321587139,0.8858202663968953,0.09538132187447057,0.12025917600317815,0.042236258865794046,2025-09-26,2025-10-10,-1.0473526788050764,1.6559766169262622,stop
NXPI,2026-07-08,4,3,46.97318232645393,-0.03779992428530676,0.45947483057722005,0.2785895087557646,0.9235668789808917,0.05273448569838872,-0.0195496022193824,-0.0008835059883243179,0.8105150714940272,0.807794695521629,0.04637111659843966,0.8541658121200686,0.081076727176836,0.11278022245847241,0.09169684381244077,2026-07-09,2026-07-10,-0.02479483416823411,1.6699871121497751,time
ON,2023-08-29,5,2,53.74647610467244,-0.09410672287376742,0.16243895666736563,0.26094814613901995,0.7708333333333334,0.03427661768529955,0.0250949577454207,0.02983272744167831,1.0962698433336127,0.9077874587066606,0.0368853291976155,0.9446727879042761,0.06913661396084558,0.1180337416671029,0.09161084405058244,2023-08-30,2023-10-04,-1.1111589623979963,1.5265471314640087,gap_stop
TEL,2025-11-26,4,2,43.45728484617014,-0.049928165072622877,0.0802249286158363,0.39603485053998333,0.714968152866242,0.03016630784143086,-0.025684469325237047,-0.008722969598978225,0.6865096158367424,0.5277771438073233,0.0,0.5277771438073233,0.08603090981297945,0.100171977859282,0.059708141778574406,2025-11-28,2026-01-12,0.6322854486485521,1.7026751013474626,time
CDNS,2025-02-04,4,2,48.19666613256999,0.006752703557400652,0.08528907260248242,0.20045670618967826,0.6767515923566879,0.03217913444634457,-0.007987353437376665,-0.0031350407752708254,0.6419374862955951,0.8820147452054471,0.0,0.8820147452054471,0.07417594867743382,0.0864324087866224,0.046658773847547415,2025-02-05,2025-02-19,-1.042864392590658,1.9101302855051412,stop
STX,2023-09-28,6,2,53.278798909008096,-7.138311341603476e-05,0.07192864537665988,0.05229701304464851,0.7987220447284346,0.029576460505744747,0.014838277770671704,0.022763830037318966,0.6120634744800465,0.7756119800146996,0.10731584774700438,0.882927827761704,0.01367204385688403,0.04964488932627287,0.07004122558239942,2023-09-29,2023-11-03,1.5110834114301843,1.5396380231373583,target
STX,2024-05-03,4,2,52.16592619055491,-0.03591883986791966,0.007921453887947294,0.24867301631728744,0.42012779552715657,0.031887864564394346,0.009748344499999062,0.004172894457488363,0.5468320309983797,-0.23770543062260202,0.672130224879303,0.672130224879303,0.08112116645842504,0.08698530975032304,0.0685705767806237,2024-05-06,2024-06-11,1.936220843611861,1.9653878725898812,target
STX,2024-09-09,4,3,51.891255742623535,0.061707848034068924,0.061426907086466365,0.10956260081853042,0.5222929936305732,0.03149529044768465,0.010939958572441899,0.012711723049105172,1.1933469044267329,0.5852945400364398,0.40294046368850706,0.9882350037249469,0.06443457079486103,0.034412311238605664,0.06802784094552913,2024-09-10,2024-10-15,1.6735824140657227,1.702982141768406,target
STX,2024-11-05,4,2,41.60397710481349,-0.042212399695826464,0.11111750260873277,0.1508686216192543,0.5334394904458599,0.027552698048090032,-0.024059198609406085,-0.0255726346557541,0.6050578776982715,0.7826083350955488,0.0978260418869456,0.8804343769824945,0.08327336583091838,0.08197730454913699,0.053766156066033396,2024-11-06,2024-11-13,-1.0371981213896653,1.9272412814986084,stop
STX,2026-07-08,4,3,46.137575993496895,0.015532406898567164,0.83613512914618,1.9746215268629794,0.9777070063694268,0.0901305547063412,-0.05895014217791028,0.02796822971842472,1.0083564947461643,0.9532664102248898,0.0,0.9532664102248898,0.081076727176836,0.11278022245847241,0.15616712729728868,2026-07-09,2026-07-10,-0.09577448659015914,1.500876110009637,time
WDC,2024-01-10,4,3,53.811206831292345,0.05536977271239407,0.1137815333295844,0.3146796901840707,0.5319488817891374,0.02232038186535275,0.004452809327435414,0.043034309411340566,0.8759259836823212,0.6608170565422958,0.24561574377408804,0.9064328003163838,0.09330658231835032,0.12636759932667285,0.03215261239019293,2024-01-11,2024-01-18,1.4845594876443542,1.5245522322757314,target
NTAP,2023-08-29,5,2,49.969818974080994,-0.02038172375551972,0.1132298447482687,0.2012039342998324,0.6586538461538461,0.019182531374735808,0.0001917649662988019,0.01250282084760701,0.6542891375345431,0.4521703940079516,0.20000265369892,0.6521730477068717,0.06913661396084558,0.1180337416671029,0.02997636554347356,2023-08-30,2023-10-11,0.4951815070902747,1.682561452068396,time
NTAP,2024-01-09,4,2,49.831760836274924,-0.02815979929967405,0.1386498074912994,0.10652575646763052,0.5798722044728435,0.01732737117242186,-0.006469454822419118,0.02603964663707181,0.880056221605085,0.5793667613275186,0.22222087665227455,0.8015876379797932,0.08817871399272526,0.12020753403919127,0.03244616980579909,2024-01-10,2024-02-12,1.5538842086682718,1.6155247663048327,target
NTAP,2024-11-06,5,2,51.0133483128007,-0.04282902973127756,0.02034449388767734,0.11557397885073506,0.28821656050955413,0.021677474627791866,0.008017717563794324,-0.0026512094818296195,1.810149910177786,0.28464233259611255,0.5767797646601631,0.8614220972562756,0.10899346689459932,0.11013719745378792,0.054012945119615026,2024-11-07,2024-11-22,2.035329478513929,1.7724105587187473,target
HPE,2024-08-15,5,2,49.333110297843554,-0.09851021626514145,0.05026581035981725,0.24828297179476522,0.5971337579617835,0.03332139857093241,0.011120096527849954,-0.018140095340280382,1.1775248646042407,0.6618722213074288,0.27337943904714423,0.9352516603545731,0.09304952799495658,0.09320232912710846,0.11463399808922332,2024-08-16,2024-09-10,-1.09095420086666,1.8743911014301415,gap_stop
HPE,2024-12-20,5,3,51.875849278347516,0.02669140033944295,0.15482342539456395,0.06990235931462885,0.8184713375796179,0.03718535592492374,0.00677586055793844,0.029196001980949404,2.6980616159438773,0.9615393785338715,0.009615613864238455,0.9711549923981099,0.07751654913303985,0.09985707762667562,0.05825197174085454,2024-12-23,2025-01-22,1.9446180017513457,1.8825519974194689,target
HPE,2026-03-02,5,2,52.04611921441821,0.005452056472070144,0.03404992916085403,-0.03364661728408347,0.42038216560509556,0.0375779315292695,0.019051410392908252,-0.003289703939845401,0.880650085271114,0.8671576976675478,0.10516638279303289,0.9723240804605807,0.05046657960126488,0.03977617086808771,0.0895465080928087,2026-03-03,2026-03-25,1.7437579311136049,1.766092693714589,target
HPQ,2024-01-19,4,2,45.21835696193394,-0.037673430951478015,0.0867998617317256,-0.08934640553612261,0.39456869009584666,0.021023168134140405,-0.01625608486305674,-0.0023977635945359177,1.3333958218289974,0.40425622576501924,0.36170208448737745,0.7659583102523967,0.1007930822209735,0.1522603575359993,0.03280601263073777,2024-01-22,2024-02-05,-1.0609644342490465,1.7833187750059707,stop
HPQ,2024-02-15,4,2,51.26152515441603,0.013263526982626228,0.03593494868228242,-0.05561545748634533,0.2747603833865815,0.018937099722881594,0.007240365994084508,0.001960815265326765,0.9031967196888276,0.882354041146359,0.0,0.882354041146359,0.1213235665782213,0.15446867605858228,0.04087527042004725,2024-02-16,2024-02-29,-1.0489293399027668,1.7081825417062517,stop
DELL,2023-10-09,5,2,53.15621516699013,-0.04709204739643169,0.2136226848292453,0.6469453556387963,0.9680511182108626,0.027003518554067685,-0.0008138908378713117,0.059720831691143283,1.2403901994217357,0.6438376923679847,0.16438220155200864,0.8082198939199933,0.021926943307821523,0.07056044758343272,0.04754064081852906,2023-10-10,2023-11-06,1.555963224601769,1.598032493453957,target
DELL,2025-08-22,4,2,48.83427356040682,0.019400004639740454,0.17351353494255495,0.12429714260867009,0.7070063694267515,0.03211325426465228,-0.013972849124572861,0.03168420623780155,0.824442341843062,0.5063578159397715,0.18575305660494493,0.6921108725447164,0.09565063329067569,0.10736790276570685,0.05387519417912826,2025-08-25,2025-08-29,-1.0371228360374953,1.5518029221705696,stop
ANET,2024-07-22,5,2,50.247321935959874,0.006026008343151812,0.39071069660412716,0.2987741548747056,0.9473684210526315,0.03054644000195585,-0.009276923340679866,0.04000478027771348,1.0187359169395098,0.7230749625237685,0.13846251873811577,0.8615374812618842,0.10999957882555456,0.12305807941248048,0.04846281549043013,2024-07-23,2024-07-24,-1.0412687537808227,1.9527675346650415,stop
ANET,2024-11-20,4,2,44.758572799410004,-0.03744706020511179,0.08387987875465552,0.2060347281361079,0.554140127388535,0.03149516600346661,-0.02438250270340836,-0.009764945223366461,0.874750076172557,0.22382044194481282,0.6544490069822807,0.8782694489270935,0.09615389492202109,0.09290332588255579,0.06327093892377947,2024-11-21,2024-12-04,1.492857052397611,1.5244671412317492,target
SMCI,2024-04-29,5,2,50.400990360403576,-0.11849147931456838,0.7962555984857884,2.718157806700333,0.9920127795527156,0.08820280665656877,0.018671849353558923,0.032428331710184555,0.9553565466913555,0.7569287622920584,0.13266538610333875,0.8895941483953972,0.08148590699921865,0.08309924369726573,0.24298303758139583,2024-04-30,2024-06-11,-0.5174552289120599,1.6295509428789323,time
GOOGL,2026-06-30,5,2,47.969740088978796,-0.059832085976835536,0.3074349497995801,0.14138358853308275,0.7977707006369427,0.033441810912025624,-0.003708667586192038,-0.0031599275042085706,0.8668662864435965,0.4257906910262741,0.4221412050357709,0.847931896062045,0.08771384962833007,0.158967690743836,0.08194071292376999,2026-07-01,2026-07-10,-0.06493227992698106,1.6330360531381038,time
NFLX,2025-08-08,4,2,52.097857828771325,-0.03114527304709025,0.05872793115165309,0.19293478771169315,0.482484076433121,0.023204609821448053,0.01297387268216843,0.011159692814220357,0.9635466960524804,0.8432130283083505,0.08357961907303098,0.9267926473813815,0.09206821907393326,0.12546506505594368,0.05939948258258316,2025-08-11,2025-09-22,0.15159794570014826,1.6701106473398633,time
DIS,2024-05-03,4,2,50.23956033165083,-0.029293582503482907,0.17018443269123695,0.4065675750309268,0.8466453674121406,0.019059538763088663,0.0017054461677370458,0.013767486829844744,0.9531599765668055,0.09160532078460966,0.5648849182313742,0.6564902390159839,0.08112116645842504,0.08698530975032304,0.041869684622908646,2024-05-06,2024-05-07,-1.6185127947681128,1.731208525734265,gap_stop
CMCSA,2024-11-29,5,3,53.01530411611423,0.022490692551364377,0.09965859385834919,0.09592462106824118,0.5605095541401274,0.02055934163815012,0.0043928616607675774,0.02358887599005355,0.4796638486187797,0.8588236420837967,0.04706197834612393,0.9058856204299206,0.11137765036657932,0.10068899796244168,0.025779749649412896,2024-12-02,2024-12-09,-1.077580272392038,1.8700211726405678,stop
T,2024-02-15,4,3,51.09526249757633,0.04143812508109179,0.1112465861517109,0.25536144217486134,0.48083067092651754,0.019989912427831772,-0.0006094707354610263,0.020383540105237907,0.5731643583898244,0.5357152588555857,0.0,0.5357152588555857,0.1213235665782213,0.15446867605858228,0.03446402765215285,2024-02-16,2024-04-01,0.8834792172589939,1.9158945043306965,time
VZ,2024-02-15,4,2,53.34446759297203,0.04425017654793906,0.15034769653235314,0.26707161455695094,0.5926517571884984,0.018988468777695687,0.002731666617923789,0.035468871991804374,0.5559964609955923,0.8636414866962053,0.06817925665189732,0.9318207433481027,0.1213235665782213,0.15446867605858228,0.041625272251363254,2024-02-16,2024-04-01,1.1385323200175286,1.6122905237322045,time
VZ,2024-07-24,5,2,44.06400207659049,-0.020665410410932172,0.015597077592463204,-0.029786267694022595,0.4354066985645933,0.02050634895638578,-0.02065064862651378,-0.012400196584533507,1.1988153782941038,0.5512757185545322,0.24359206349982218,0.7948677820543544,0.08109548311209092,0.07684768575335377,0.031142861442366467,2024-07-25,2024-09-03,1.9073324553344244,1.9715526299545774,target
VZ,2024-11-15,5,2,49.73453777885013,-0.05017089910507466,0.03829601893786738,0.07320106743993726,0.45063694267515925,0.017784347390116275,0.004326958079082122,-0.005121045300037541,1.0745636906266984,0.8762899166273368,0.0,0.8762899166273368,0.09047782930924453,0.08156054729895623,0.040174649255037,2024-11-18,2024-11-26,1.6045462712033964,1.6543289086896278,target
TMUS,2023-05-08,5,2,47.05670770148136,-0.03629465401748577,0.015566623336133345,-0.026928739668389157,0.6794871794871795,0.016393288914732903,-0.005707314921692186,-0.008112341699133219,0.8810431207981844,0.11320320147404869,0.8050325329648242,0.918235734438873,0.032585461962995055,0.07162167397274,0.030292353331339703,2023-05-09,2023-05-18,-1.066023262640703,1.6279117813569106,stop
WBD,2025-08-13,4,2,49.65950731140115,0.0016625484794363654,0.3126361427178761,0.2233502257932778,0.8821656050955414,0.045504642206890385,-0.008275145184133192,0.03639497787953894,0.7980549749159721,0.7684217289215347,0.04210523145680306,0.8105269603783377,0.10205965467985423,0.13239658331257598,0.09813249895828591,2025-08-14,2025-09-11,1.6370676378234195,1.6574482458913966,target
FOX,2023-08-30,5,2,50.2784470418954,-0.002362938043512508,0.06662804439542769,-0.027584195498387865,0.46794871794871795,0.01830896181055314,0.002963868925165425,0.0005477153226511877,0.5716704668994911,0.7961142036006174,0.03883574251228801,0.8349499461129054,0.07275526714711056,0.12288040074783035,0.03910120530511609,2023-08-31,2023-09-01,-1.0511493184006355,1.574067356892482,stop
FOXA,2023-08-29,4,2,48.399868015254,-0.008275011077369387,0.05378663606545153,-0.05273554212492093,0.4599358974358974,0.019724795645472037,-0.0023729347568135495,-0.004202990604032397,0.9947230279100385,0.5826770234469385,0.11023603126257703,0.6929130547095156,0.06913661396084558,0.1180337416671029,0.03289913151796743,2023-08-30,2023-09-01,-1.0607918783177521,1.7947137770229642,stop
OMC,2024-07-16,5,2,68.30694953927531,0.0666740057795514,0.0611640909696991,0.09079764028636061,0.43221690590111644,0.017913109280999675,0.045147194969337834,0.045227282708059535,1.6632147381724836,0.6212089101929359,0.28283042350773907,0.9040393337006749,0.13540416462897809,0.16124587282376024,0.03799881318921125,2024-07-17,2024-07-30,1.7695950417647877,1.822228264545752,target
EA,2024-01-09,5,2,56.002621836674884,0.016008686569819908,0.10691945741835118,0.005817158927276411,0.4952076677316294,0.012022907379578902,0.006671197587917899,0.02256498974216936,0.7854741964188052,0.678111840941981,0.0,0.678111840941981,0.08817871399272526,0.12020753403919127,0.020589372162925276,2024-01-10,2024-01-31,-1.193917770620661,1.7748318983551368,gap_stop
EA,2024-10-07,4,2,48.09266718730143,-0.007707762416643726,0.017798929860399992,0.10221806583975535,0.2961783439490446,0.01713699623206012,-0.0019265215452659579,-0.005137765528578586,0.7257374814844025,0.2190429134029911,0.4190487262581237,0.6380916396611148,0.0886180916204582,0.08058330295384297,0.03572344292873375,2024-10-08,2024-11-04,1.7173096022389358,1.773295247407289,target
TTWO,2024-10-07,6,2,49.919266105035895,-0.028095229419171197,0.019081454819692256,-0.009371866188210398,0.29936305732484075,0.022296102552480938,0.0012079122736188275,-0.0012553923250846477,0.640641194797366,0.3714341766817317,0.466663275834508,0.8380974525162397,0.0886180916204582,0.08058330295384297,0.03841451758994613,2024-10-08,2024-10-24,1.639584623499345,1.6916482735326188,target
TTWO,2025-11-11,5,2,39.64928630644378,-0.06225649128689115,0.019310568181502452,0.06429073687076903,0.5334394904458599,0.028396402735483106,-0.03628050729890431,-0.033513992235651324,1.1724104766188321,0.8068047189173856,0.10449587567510443,0.91130059459249,0.0999969093926063,0.12387972353796961,0.060085062325533914,2025-11-12,2025-12-24,0.6951289362039428,1.5476955537308625,time
LYV,2023-08-04,4,3,40.8057660659591,-0.04266691465251704,0.30803643590449736,0.07617771061813916,0.8605769230769231,0.03696691564821682,-0.037146078163943774,-0.008209515717261251,1.2154811751366688,0.2547944976411594,0.4520550235884058,0.7068495212295652,0.0742954955847892,0.12933557055141365,0.08609951957612903,2023-08-07,2023-09-06,-1.0232289333302447,1.697892242174843,stop
AMZN,2024-06-04,6,2,44.31542991510258,-0.03689388393897175,0.029979332455126295,0.21975105642960324,0.5559105431309904,0.02081559747582256,-0.012560597286267017,-0.0060413010167437164,0.7401522326903381,0.5029569504135216,0.3550281700314204,0.857985120444942,0.09421227995790393,0.10803254538957563,0.03666472892866674,2024-06-05,2024-06-24,1.5569886226142051,1.6115369598974594,target
AMZN,2025-11-25,4,2,49.07626462213262,0.011895831756271402,0.0024005021974469187,0.12187376318615906,0.5270700636942676,0.03095550461094029,-0.004707560091468332,0.001628177234589856,0.6720973599314305,0.48958224531223743,0.3839287741654216,0.8735110194776591,0.07951819693536666,0.09163529269831217,0.07051645791261026,2025-11-26,2026-01-09,0.9943181924948102,1.632785508876003,time
TSLA,2024-08-15,5,3,50.22704763505735,-0.13826962016238054,0.23076034616288266,0.13475699099698324,0.9522292993630573,0.05690154127230491,0.0081158475586256,0.016638427270020628,0.9883844462762833,0.8245928689289045,0.018082910704332614,0.8426757796332371,0.09304952799495658,0.09320232912710846,0.14382422152806018,2024-08-16,2024-09-27,1.609816887113109,1.9261747498099935,time
TSLA,2026-01-22,4,2,51.76461474350142,-0.06616796768028743,0.015273337448770574,0.3512147842507418,0.45222929936305734,0.034921000169664734,0.011819464537135671,0.015864205039715085,1.1354972576595441,0.8417300414619499,0.14997033263627088,0.9917003740982206,0.07156999833009992,0.07640436839959563,0.07053438697327968,2026-01-23,2026-01-29,-1.0283549639519467,1.5496540970968335,stop
HD,2024-10-24,4,2,50.55603323325283,0.014486184082029396,0.12688335946724316,0.2288154817578565,0.7181528662420382,0.017694959690846297,-0.0067150760898182504,0.028864946397870295,0.8055910921582563,0.06382702421920466,0.6873979212139081,0.7512249454331128,0.09550691778191411,0.08962107013913179,0.019881449599299415,2024-10-25,2024-10-29,-1.2947271709761283,1.9859200418184328,gap_stop
LOW,2023-08-14,4,2,50.90966679142552,-0.0077954941920501675,0.11658401266259455,0.09249797809371141,0.5849358974358975,0.015605764658661815,-0.0001280505719124525,0.017259026065799876,1.3936748092111841,0.5390072073241999,0.25531891868492984,0.7943261260091298,0.07268212631221682,0.11619839359214534,0.028911130021763286,2023-08-15,2023-08-18,-1.0691775104776073,1.9333005065474504,stop
LOW,2026-04-09,4,2,55.13441694929169,-0.01314167364803065,0.007295729574515519,0.04275619553162113,0.4984076433121019,0.02953672516610411,0.033332514894338194,-0.0006960478067200571,0.8527348914334372,0.6299712751166282,0.2608699334457882,0.8908412085624163,0.03963153823124754,0.041420784754163,0.10078872280648073,2026-04-10,2026-05-13,-1.0198434898697952,1.722496404557034,stop
SBUX,2023-05-05,5,2,49.502218387202404,0.022020829178971413,0.033050987969860834,0.2812302276725174,0.7628205128205128,0.02204096816910625,-0.008143096455126453,0.012979315425955429,1.1739483173076923,0.7904720038364819,0.08095490677633474,0.8714269106128166,0.0326483466720664,0.06974320321370087,0.0431404864706303,2023-05-08,2023-05-23,-1.0906193779459652,1.6031286865879322,gap_stop
BKNG,2025-08-14,4,2,47.06984718577006,-0.03063903430416559,0.05323225206844939,0.0971249292915426,0.4681528662420382,0.02086215053600612,-0.005781456645158611,-0.001103534490995095,0.8849078426064916,0.17702743786576902,0.47897697043399423,0.6560044082997633,0.1010428040100495,0.1300397516433358,0.033867878909449936,2025-08-15,2025-09-26,0.17178254887759004,1.5836858219344643,time
MAR,2026-07-06,4,2,50.401940684527396,0.00796284007962833,0.14632479845015167,0.22883818378029908,0.6289808917197452,0.023900006529899733,-0.0012247298674018525,0.018696186488088795,1.0323665355687313,0.7893469000195815,0.19249398698750844,0.98184088700709,0.09142905115824829,0.13312579064079477,0.046075061412131135,2026-07-07,2026-07-10,-0.3864419084228185,1.520658164671349,time
HLT,2023-08-29,5,2,48.51298150369772,-0.03543562078508877,0.10214667790247267,0.038933886767285486,0.6217948717948718,0.017898212967763224,-0.003747906768301612,0.004836963792475224,1.0845815558206071,0.5335666183202405,0.36396232213816493,0.8975289404584054,0.06913661396084558,0.1180337416671029,0.024549109569902406,2023-08-30,2023-09-11,1.64975716008066,1.7312265100913027,target
HLT,2024-08-14,4,3,45.55314541136844,-0.08939922393141453,0.012871263604518735,0.09462569921899355,0.49363057324840764,0.022955285749372858,-0.009783505526565373,-0.014190844154009952,0.8443140623564942,0.8976994673066843,0.06649495599914021,0.9641944233058245,0.07563609508101465,0.06726475422289391,0.05857060324664682,2024-08-15,2024-09-24,1.469462218451124,1.5036090410743739,target
HLT,2024-12-20,5,2,49.802102610196094,-0.002878424374914923,0.1108774686655345,0.15067876514708245,0.7515923566878981,0.018682463783544625,-0.0038279451551143096,0.01720329688494804,2.2586126191871503,0.5136477225398495,0.158808829654313,0.6724565521941626,0.07751654913303985,0.09985707762667562,0.023515516694792595,2024-12-23,2025-01-07,-1.0850502256003114,1.7104430490044986,stop
HLT,2026-05-06,5,3,50.90011274958179,0.06403890314409688,0.041617233503567386,0.2422111012767696,0.5748407643312102,0.026496864210071816,-0.0003649648057948429,0.01953152211384568,1.0520160571179638,0.45454616499751727,0.36491624303002324,0.8194624080275406,0.10579175626314519,0.1638013305387771,0.04320382989611774,2026-05-07,2026-06-05,1.5357772200736746,1.5820694123355397,target
YUM,2024-05-08,5,2,47.06329658617818,-0.00043797654371613426,0.06175100315083615,0.09420428834094374,0.5399361022364217,0.016268826865160062,-0.006265522418496761,-0.0005112414391134079,0.8418568932319781,0.6250010365959878,0.17934769087878208,0.8043487274747699,0.09059495577422427,0.09521946158899652,0.02553071977557192,2024-05-09,2024-06-04,1.4301668104726257,1.5085038106661581,target
YUM,2024-10-18,5,2,48.39713350093372,0.0242581582908592,0.04921811521565167,-0.02091650116993471,0.4171974522292994,0.01637394165973408,-0.002975186102894267,-0.0011761683975909376,0.6706899434260413,-0.10294068148413772,0.8308855703530832,0.8308855703530832,0.11010487171942596,0.09846413420516975,0.030914455958275716,2024-10-21,2024-12-02,1.4156587741229338,1.739179499528073,time
YUM,2024-12-23,4,2,45.58059377529862,0.002150226172852543,0.00529603553237723,0.021535026645195465,0.5254777070063694,0.017782389298347977,-0.009608103853007255,-0.00858839900269004,0.8571859080978018,0.3034814162516726,0.6567168711283876,0.9601982873800602,0.08306436659019245,0.10935228973488309,0.026441081433113696,2024-12-24,2025-01-07,-1.0756398714273194,1.8887988279933676,stop
YUM,2026-04-06,4,2,48.77703131234159,-0.007943490273325526,0.05047004138100175,0.04944739118470354,0.6337579617834395,0.02311618991777776,-0.000973479480457895,-0.0016149319982117216,0.6119528693123034,0.7885937828025982,0.016774451220453707,0.8053682340230518,0.008387126843659498,0.005226320010581542,0.037129127478968287,2026-04-07,2026-05-11,-1.0538660651568743,1.9085414818983475,stop
ROST,2023-09-15,4,2,52.46784418359473,0.028342221136681944,0.09840454863967896,0.1515052449792882,0.8035143769968051,0.015156329847831102,-0.0002922972223381448,0.02402847083804427,1.3903573273977503,0.19841356342718222,0.603172873145624,0.8015864365728061,0.0512320153510013,0.0915248333658818,0.018797184193889385,2023-09-18,2023-09-20,-1.1063989148252416,1.667754238556327,stop
EBAY,2026-02-10,4,2,42.83178918524614,-0.03772960075641585,0.047597060354869436,-0.07593042206010192,0.4299363057324841,0.03330474687160939,-0.029506893398114298,-0.019364162975403665,0.7538501663875211,0.19653457050371928,0.4682078375684692,0.6647424080721884,0.06672798747073028,0.0509997619705127,0.07488973373993153,2026-02-11,2026-02-12,-1.0267059301738923,1.5264233575112116,stop
EXPE,2023-08-07,5,2,42.97515045465956,-0.039238450030273375,0.14913411032181711,-0.09443974734163607,0.6458333333333334,0.04143284596228711,-0.05467329131306253,-0.027279239505103248,1.8968688734143089,0.7668158903556579,0.00896881698173444,0.7757847073373924,0.0827710763375542,0.13732562155144246,0.09399625348824249,2023-08-08,2023-09-19,-0.24924370647165872,1.5038786434126241,time
EXPE,2024-02-22,5,3,45.021245759185994,-0.0632995799377084,0.03113430419044283,0.2809653791506699,0.28753993610223644,0.03818816443731858,-0.021405389447182954,-0.021614217384774093,0.7468729295217861,0.840112973323907,0.10839980647321854,0.9485127797971256,0.1283895951206533,0.1574106265577344,0.08380425975040551,2024-02-23,2024-04-05,-0.47765071379894847,1.9379322191186592,time
EXPE,2025-10-27,5,2,54.00346056427426,-0.0016601383320045127,0.21940916840371227,0.38584206880160044,0.8407643312101911,0.03384273191692752,0.016635526792817767,0.042217471655525474,0.7672045055222625,0.683128993265416,0.04732421783017156,0.7304532110955875,0.11590030333854484,0.15283414848665533,0.05438551046761702,2025-10-28,2025-11-05,-1.0367745008331009,1.555774665450006,stop
ABNB,2023-04-17,5,2,48.53890353887624,-0.031835984355639835,0.15741750513104713,0.031247195698064445,0.907051282051282,0.03446239194153291,-0.004180180123464661,-0.00012330118190251316,0.6643907881492621,0.47169693625392867,0.5220124277248627,0.9937093639787913,0.040433306768640875,0.06480816770699072,0.10490150694934035,2023-04-18,2023-05-12,-1.019065503043401,1.915368887816283,stop
F,2025-06-04,5,2,50.52512885570839,0.021574893659970895,0.0766235921051095,-0.03603417403087161,0.7420382165605095,0.027060575167310336,-0.0029431487058112493,0.018113580888027725,1.2567299021068052,0.26315947979460635,0.05262788047924859,0.31578736027385496,0.05584196954798282,0.08525986384648876,0.03408924339588228,2025-06-05,2025-06-24,1.6381456413580548,1.6847345061133518,target
APTV,2025-11-05,4,3,50.253991724368426,-0.019352586025537466,0.2706686433522585,0.4190428243159636,0.8837579617834395,0.026718048215806346,-0.0001963199914782887,0.01894324320413099,1.6530042361669497,0.848024358400564,0.09726431786506874,0.9452886762656327,0.095269034315002,0.13228138754294583,0.040589473034149316,2025-11-06,2025-11-14,-1.0779127243948246,1.5551124153988338,gap_stop
ORLY,2023-06-08,5,3,47.66021005292905,-0.04906342651447482,0.10260116461665714,0.09283320731626832,0.7259615384615384,0.021032498498149116,-0.006531205082657365,0.004724855340987988,0.813389456804971,0.8764117369736365,0.09551623575746702,0.9719279727311034,0.0636808423325479,0.14088862048881245,0.03629558542160678,2023-06-09,2023-06-30,1.6212737703148985,1.6763768903436334,target
ORLY,2025-01-13,4,2,48.494209947108565,-0.044387370335008614,0.033106834057935686,0.16347311252973507,0.6528662420382165,0.016588172354682743,-0.001213096577356576,2.3628501243599942e-05,1.050178839104172,0.7102539120324267,0.05973957464217082,0.7699934866745974,0.049960318078692056,0.06101865979274668,0.031109947397894043,2025-01-14,2025-01-27,1.7260137929269677,1.7903019119141244,target
AAP,2025-09-26,6,3,52.836198898864744,0.003784632244126618,0.3173536829727994,0.5292721630126338,0.9060509554140127,0.038928976154343604,0.009769763252397645,0.04350590277937627,0.7220302251174958,0.6980208864464735,0.12871225426321278,0.8267331407096863,0.10054358747712366,0.12346866931002065,0.06705871901636266,2025-09-29,2025-10-07,-1.029824607885993,1.9624639871646115,stop
WSM,2023-08-18,4,3,52.5196751071941,0.029643696752844617,0.14601624446643968,0.030441285685033348,0.8125,0.02531005764357673,0.0014924274833032491,0.03229819758587826,1.292638740380833,0.9503729506644916,0.0,0.9503729506644916,0.042829308068448535,0.07560773283374589,0.039791870353167016,2023-08-21,2023-08-22,-1.0502615228248706,1.6169226810732125,stop
WSM,2024-02-02,4,2,49.80152312749801,0.034325855994553844,0.3456474469401616,0.4261036243995371,0.84185303514377,0.027645493342410822,-0.006377691521164297,0.032842875387578685,1.0439593970585244,0.5799782823821631,0.2720347481885372,0.8520130305707002,0.11597718888843045,0.1560057141649398,0.03479156109928255,2024-02-05,2024-02-08,1.9177755612627736,1.9752607656286465,target
BBY,2024-10-09,4,2,54.20180690593672,0.0333597074011005,0.15782914535390868,0.25916642621528974,0.7547770700636943,0.022687283224165123,0.0038962616970594777,0.04763222035098069,0.6619414049264672,0.3826103109471676,0.5478229717447386,0.9304332826919062,0.1042787217908252,0.10314330806160288,0.025940409221268407,2024-10-10,2024-10-21,-1.0770997860110938,1.9976392233853877,stop
PHM,2024-10-31,4,1,37.3426503865481,-0.09609215128927373,0.01601959911399775,0.14134715006123932,0.36942675159235666,0.031737626188052516,-0.051634470840197566,-0.043757302713790525,1.096797417633972,0.023586399493291638,0.4292408015201183,0.45282720101340995,0.07059360935759207,0.06600182040171099,0.07257494301364073,2024-11-01,2024-12-11,-1.0275577205706397,1.841452900480305,stop
LEN,2023-06-01,4,3,43.83536984713192,-0.043347549865548896,0.12953215066302848,0.2605930422131124,0.842948717948718,0.020803782163837305,-0.017346098375256802,-0.0010306964497011073,1.081050130278751,0.9485957559642643,0.0,0.9485957559642643,0.048801976348448184,0.14549996301320234,0.030504300145074145,2023-06-02,2023-06-06,1.919152229585523,1.984716756242036,target
TOL,2023-09-19,4,1,45.6041309826737,0.021079074367930772,0.03811852515661163,0.3634525454580988,0.645367412140575,0.029257491043440113,-0.019490044703779685,-0.00673035655695986,0.5690267772068711,0.2792208113905789,0.5454518431912679,0.8246726545818469,0.04861331108087463,0.08836192920192465,0.047571419885132624,2023-09-20,2023-09-21,-1.0452162391449225,1.5495943845541653,gap_stop
TOL,2025-10-31,4,2,47.9424199966459,-0.031081566060968124,0.08178717233974653,0.29865605491354863,0.6496815286624203,0.03028922417836781,-0.006180457043869825,0.002783820885130961,0.48899890205461394,0.4936383014245337,0.45292498359586547,0.9465632850203991,0.1057800006003462,0.14752166106366738,0.05727463420941747,2025-11-03,2025-11-18,-1.1630398950502467,1.9626657574823811,gap_stop
KBH,2023-08-29,6,2,43.40085321496425,-0.08132805961084077,0.11592889810854667,0.41057080423099657,0.6666666666666666,0.031025508148052057,-0.021890627699379772,-0.022215745510641538,0.7298972573660525,0.9345255800963234,0.053571631308738446,0.9880972114050618,0.06913661396084558,0.1180337416671029,0.0589968640956857,2023-08-30,2023-09-21,-1.1391896368680887,1.8921523273515193,gap_stop
KBH,2024-11-05,5,2,53.725448118683886,0.025634608754924404,0.064227240754265,0.18380162178768478,0.39490445859872614,0.03181613614404567,0.02082309765771817,0.013818969401492298,0.7167375277918633,0.8322382785638641,0.10855096396608782,0.9407892425299519,0.08327336583091838,0.08197730454913699,0.07641479031761064,2024-11-06,2024-12-12,-1.0261729436367906,1.5426257142055328,stop
KBH,2025-09-29,5,2,53.16698374868865,0.010874664079047802,0.21605838752730033,0.12100893701929794,0.8407643312101911,0.030230754139712875,0.006156735877531627,0.03646325820281593,0.7313181951256419,0.551723321468312,0.3448274047707366,0.8965507262390486,0.10249969793069136,0.12722833450372573,0.040291524902384176,2025-09-30,2025-10-07,-1.0496382304925285,1.6395621796852942,stop
KBH,2025-10-14,6,2,46.903967929292165,-0.06013193462611521,0.12182923766948162,0.21168326698252282,0.7133757961783439,0.03318342658194674,-0.010995418930128453,-0.0075455092416093494,1.3280338622180008,0.9381721863540524,0.0,0.9381721863540524,0.08787644377303083,0.11015381823178139,0.07326039823440893,2025-10-15,2025-11-25,0.541403564482714,1.5314163480694487,time
MGM,2025-09-26,5,2,47.819935564530894,-0.10485295287012086,0.03578701136051721,0.12622580786863047,0.4394904458598726,0.028048687296103242,-0.003106210730405401,-0.010489139811711956,0.9720350682733933,0.8425191410626481,0.0,0.8425191410626481,0.10054358747712366,0.12346866931002065,0.0560759378252996,2025-09-29,2025-10-03,-1.0356659215621298,1.950238404920944,stop
LVS,2025-10-08,4,2,49.45230009966497,-0.013518512223559487,0.05948876535388803,0.7549496420922526,0.5843949044585988,0.02922569749936756,-0.0021295784839673315,0.012191931176438686,0.9839846084387569,0.5726496005164513,0.03846160116201306,0.6111112016784643,0.10973771865714554,0.14040565383924397,0.047106261401676515,2025-10-09,2025-10-10,-1.0424572008155337,1.9152018009512863,stop
WYNN,2024-05-06,4,2,48.90436506971098,-0.089242403723932,0.0062772675355673435,0.09624289631059812,0.3514376996805112,0.026252920328971373,0.00234067739582966,-0.011534240802425488,1.270709763412196,0.0848480364730913,0.4242448062366787,0.5090928427097701,0.09128359561441557,0.09781115694309772,0.06876841173233483,2024-05-07,2024-06-12,-1.029083120427218,1.7850801110649417,stop
RCL,2024-12-24,4,2,53.57480679441758,-0.004927743626389924,0.35448953041732567,0.4923271234361313,0.9267515923566879,0.028692978606724904,0.004032103044364632,0.06025740423613413,0.24966491190582568,0.45618609406953087,0.43814299197734774,0.8943290860468786,0.0940673083853878,0.12300495821121604,0.04661577050491568,2024-12-26,2025-01-03,-1.042903935263477,1.718041325561723,stop
RCL,2025-01-14,6,2,45.82469189549145,-0.06214293638558088,0.17667049277067925,0.3761079270618368,0.8805732484076433,0.027510813361310373,-0.009406807531200045,0.010442659456173065,1.0030175955215967,0.01946516281607882,0.8175182752744551,0.8369834380905339,0.05086750026727005,0.059378662302784324,0.059722840167933645,2025-01-15,2025-01-28,1.6160655631579401,1.6495535887504311,target
RCL,2026-07-09,4,3,46.21913810324064,0.05911759769215297,0.03693201946352809,-0.022279236396738678,0.47611464968152867,0.04490368872246303,-0.02925376611423791,-0.0040121055961575,0.5678614427137784,0.5885992179641353,0.06939244737896974,0.657991665343105,0.08925038931835871,0.12982341793720864,0.08721624962139243,2026-07-10,2026-07-10,-0.2063778062502879,1.6491554733192977,time
NCLH,2025-08-13,4,2,59.54672874102232,0.08883027608158778,0.2802481920130022,-0.05460100328429551,0.8694267515923567,0.035471837511072135,0.03640327626545892,0.1083805326908398,0.8272542922449001,0.6333367241839706,0.16666454738501837,0.8000012715689889,0.10205965467985423,0.13239658331257598,0.0628735368381476,2025-08-14,2025-09-11,1.7121711555312487,1.743981040907166,target
NCLH,2025-10-14,5,2,44.58185328455314,-0.08688966585906843,0.03036879766199596,0.4570552829230037,0.4840764331210191,0.03697419795372966,-0.017667816187566965,-0.017667664939389538,0.8723753060918801,0.7843138721528471,0.05882360274309023,0.8431374748959374,0.08787644377303083,0.11015381823178139,0.06557144593817839,2025-10-15,2025-10-28,-1.0305010812463344,1.9990266260965501,stop
ONON,2023-06-05,4,2,47.88221383608745,-0.11927449450861816,0.2750333998231522,0.48985961001216216,0.9407051282051282,0.047381697463031204,-0.0027381785993626506,-0.004857281207675812,0.6902372394717261,0.49252326728354884,0.39313992578625634,0.8856631930698052,0.06060812545333505,0.1513821699209572,0.11185677499133627,2023-06-06,2023-07-17,1.902046505703339,1.9199265134199472,target
ANF,2024-04-23,4,2,51.005762044671066,-0.11306217676680086,0.1666504080733433,0.9656813807074041,0.8402555910543131,0.04598857957412083,0.014570636022783745,0.018872632112514776,0.7024400835979697,0.727271437556452,0.23140533647336256,0.9586767740298145,0.07541106692150334,0.06705589193512607,0.10017108752145454,2024-04-24,2024-05-17,1.6087974471058895,1.6287632880434917,target
ANF,2024-08-09,5,2,45.46104544284127,-0.15484199000465426,0.10995241328821082,0.36861726891987834,0.7993630573248408,0.05850478517976381,-0.015186444980954783,-0.05203686633570481,1.053679321904817,0.6228318926895748,0.0694059103786271,0.6922378030682019,0.05652800980650574,0.040703641045809924,0.1868419200753982,2024-08-12,2024-09-23,-0.28507947589886895,1.724051878795047,time
AEO,2024-02-05,4,1,51.90206921802068,0.00489497616041823,0.12824072324763658,0.36428009828850105,0.5,0.030858697607497633,0.0051485008840939095,0.028891180341324763,0.7648850028883907,0.22641638446340542,0.6415088907522518,0.8679252752156573,0.11067688154667477,0.15272450763200052,0.037382755650906166,2024-02-06,2024-02-08,1.4551014358265508,1.5086020396524626,target
AEO,2024-03-13,6,3,55.91482384475108,0.03201425040132122,0.12499083288674306,0.5019409131953123,0.5958466453674122,0.0391633233679458,0.015839683122866655,0.06101755374538098,0.9581049307847109,0.885415921607898,0.010416915019587672,0.8958328366274857,0.12727650646009558,0.13909333397271473,0.07517831556171446,2024-03-14,2024-04-25,-0.15646741280952595,1.723565209747805,time
AEO,2024-05-28,4,2,51.90173750761986,-0.019680258036784637,0.004925028599813475,0.45271969910678167,0.44568690095846647,0.030983569885781367,0.009563455976166368,0.015649638199088267,1.9838171187767215,0.7199986775716124,0.13333384195963652,0.8533325195312489,0.10225289906982171,0.12706444159115593,0.05300430251370524,2024-05-29,2024-05-30,-1.6883435687422903,1.9998072817693044,gap_stop
AEO,2026-02-02,4,2,49.13797649324618,-0.06099598775291015,0.49706969387216726,1.3247243460874731,0.9808917197452229,0.04213399505541826,-0.005399144709376524,0.035843378374309065,1.085186144776783,0.9133853773995811,0.07086623633692864,0.9842516137365098,0.07585439318809994,0.07935080410190398,0.07711059305974571,2026-02-03,2026-02-05,-1.0259367736732408,1.8384447765941885,stop
AEO,2026-02-19,4,1,53.18889861338881,-0.021952073966054586,0.41919009885800507,1.000903053344385,0.9012738853503185,0.04623899820275105,0.01662568358696981,0.03962296594638537,0.6200317810319981,0.322918405137132,0.4687492549412267,0.7916676600783588,0.051562206557666634,0.034913668548647525,0.07845842286687257,2026-02-20,2026-03-02,-1.025491208297592,1.8958131856051543,stop
URBN,2023-09-12,4,2,47.61938246901466,-0.08047240641183451,0.0333332705399656,0.2996894116755058,0.5808,0.028618910658615083,-0.002031974861601782,-0.007716954693592792,1.2132831920453822,0.6736108167676853,0.03472163353537066,0.708332450303056,0.055551065685975454,0.10074447648888496,0.07608863030026966,2023-09-13,2023-09-25,-1.20399078052101,1.5810597473475374,gap_stop
URBN,2025-09-04,4,2,45.518077839894545,-0.0830227385575747,0.011482811852578934,0.2443320244899041,0.34076433121019106,0.043370822151643715,-0.02608736788522692,-0.018910365984149524,1.2563550970299706,0.909306763390581,0.08830609331527044,0.9976128567058515,0.09409205249215269,0.10458134262034746,0.08182325083710015,2025-09-05,2025-10-16,-0.7818297589340178,1.6019498906742298,time
TGT,2024-05-09,4,2,51.65081557005531,-0.042535664488171254,0.12304723829233843,0.5020363513610737,0.6980830670926518,0.01983593742856137,0.008094997847395646,0.013073490528417775,0.7899749747880327,0.9104485684923121,0.0746285652469733,0.9850771337392855,0.09582247819721412,0.09654375416651217,0.05550049352251611,2024-05-10,2024-05-22,-2.564794386952085,1.7886186048443806,gap_stop
TGT,2026-05-13,4,2,45.99671264999844,0.025916086306801756,0.06995677402390776,0.3825236340410767,0.7245222929936306,0.029827114996305828,-0.02078580459313928,0.005407830844873507,0.8119307622602098,0.30120507768813826,0.6465871452251899,0.9477922229133282,0.11250200101589214,0.18480072251516,0.04443455563535114,2026-05-14,2026-05-27,1.7287735944147147,1.7737836090621628,target
COST,2024-07-22,4,2,49.85443831447153,-0.017415742514386157,0.19629051735137493,0.22311440764184542,0.7926634768740032,0.017690239914884547,-0.004186786538175502,0.021583173002489353,0.899283692111715,0.1519540600129887,0.6505906331743193,0.802544693187308,0.10999957882555456,0.12305807941248048,0.02979056174455512,2024-07-23,2024-07-25,-1.0671353570687718,1.711666536178993,stop
COST,2026-04-15,4,2,46.17683585059129,-0.01696043872107944,0.04688815452087303,0.05550727780533071,0.5939490445859873,0.019151929967947446,-0.011197478209659772,-0.0007941927292287598,1.3320161917576459,0.8454325522889922,0.11768195283716776,0.96311450512616,0.06794833702764724,0.08511501943300304,0.02628018149512721,2026-04-16,2026-05-01,1.6870463957928628,1.763149370970977,target
PEP,2026-04-06,5,1,51.156772421651276,-0.01599107737709271,0.1117924864180384,0.12203573597686446,0.7340764331210191,0.019603261958360166,0.0056393665045781916,0.006318513822464844,0.560291713423174,0.2191716396852017,0.6917843295047231,0.9109559691899248,0.008387126843659498,0.005226320010581542,0.04774768860032664,2026-04-07,2026-05-12,-1.0418868443400697,1.7341187777893008,stop
PM,2023-08-25,4,3,45.16523762756253,-0.035605415712303246,0.06147930063014195,-0.009580576712668765,0.5224358974358975,0.013448439586635887,-0.004590006405539859,-0.0088763624450936,0.8677646827804096,0.3518511977507333,0.5925952089970818,0.9444464067478151,0.04856550315138253,0.08829748636944279,0.027859989351273658,2023-08-28,2023-09-26,-1.0717875364122695,1.8046548284262032,stop
PM,2023-09-13,4,2,50.208759160426276,-0.006259866743636544,0.03453635043530978,0.004832005508799364,0.6256,0.013124323882402377,0.0026627121136089116,-0.002934923700113834,1.5385726099683648,0.2688171160898083,0.37634232179627064,0.645159437886079,0.05618499198590654,0.1037849058895246,0.02897103058777855,2023-09-14,2023-09-26,-1.0690344789061008,1.7202501255820486,stop
MO,2023-06-27,6,2,52.18704671970848,0.013430436493021336,0.022125292921875817,0.009883550976163225,0.3557692307692308,0.013618688847552062,0.005765544094554764,0.0013988075924757926,0.7662245136984888,0.44999904632931464,0.44999904632931464,0.8999980926586293,0.075118093562629,0.1541588517114323,0.031890363275603156,2023-06-28,2023-08-09,-0.11242388952026464,1.8873311115624536,time
MO,2025-09-23,4,3,52.138620343075225,-0.02588491742400012,0.1002898125818803,0.18421401387019065,0.6194267515923567,0.015636180874229216,0.001090334126027992,0.024513155187608993,0.8967851918124554,0.8871001482812262,0.10483975167508937,0.9919398999563155,0.10615844974779476,0.13187858056793678,0.02180830818215078,2025-09-24,2025-10-21,-1.0917081684326582,1.736844633044168,stop
MO,2025-10-23,4,2,47.37218191729816,-0.008598105531380629,0.09648255839876385,0.13697673643796504,0.7006369426751592,0.015827813596658802,-0.006220807998447486,0.0024195578126144923,0.6913533960432497,-0.14286233288122477,0.587301395078481,0.587301395078481,0.09637206948571264,0.12393749488155437,0.026219322978881722,2025-10-24,2025-10-29,-1.0762796202484288,1.5550481355402184,stop
MDLZ,2023-06-02,5,2,46.05407325711151,-0.03570511558919398,0.136487086485368,0.11094903672694945,0.8525641025641025,0.015387514392144608,-0.010969856896805408,0.011797774622960278,0.9824265448974803,0.581394936214758,0.31394936214758057,0.8953442983623386,0.06329213369673359,0.15232432741838942,0.028475389923137383,2023-06-05,2023-06-07,-1.0702360882642354,1.8668374996143928,stop
MDLZ,2024-03-19,4,2,49.92097429817811,0.0037509601004854787,0.02797412636350516,0.017558680150694173,0.43929712460063897,0.014472619834574594,0.002731692161543897,-0.0018965170340119464,1.249158297396811,0.6704466638923452,0.11364266888612122,0.7840893327784665,0.12473352354456901,0.13038909757846828,0.03132160202950133,2024-03-20,2024-03-26,-1.0638536942687744,1.9933286320914179,stop
CL,2024-09-24,4,2,47.43831906561649,-0.004030291767216032,0.056935051039520346,0.18371501304564486,0.42038216560509556,0.013732577766923992,-0.006930276462865037,0.011051799432773013,0.6703385760944511,0.2097922991148849,0.5454535754109441,0.7552458745258289,0.10506661826954655,0.09688164243977071,0.023166304192463603,2024-09-25,2024-10-02,-1.0863322860385574,1.9122991991044327,stop
GIS,2024-05-31,5,2,47.65050050737625,-0.01771663537765311,0.08436635649482183,0.11795915598731255,0.6853035143769968,0.01858053470359726,-0.005417241162465558,-0.000653259212257673,2.282757057057514,0.9722233014852629,0.0,0.9722233014852629,0.09416874254783036,0.101477621973451,0.043495870824800095,2024-06-03,2024-06-12,-1.0459813762105357,1.5943114247713446,stop
CPB,2024-10-17,6,2,51.67831796094853,-0.03896798793483913,0.057963479385718664,0.13227421612761336,0.43789808917197454,0.01686504413466952,0.0062851918341442214,0.005028128833914236,0.5952481497121774,0.7719226625084401,0.17544153175883512,0.9473641942672753,0.10707623195253513,0.09239190480946746,0.04164237255876347,2024-10-18,2024-10-30,-1.0480280031397757,1.770252561618607,stop
SJM,2025-05-30,4,2,49.97389814538069,-0.022103188799201257,0.02868053285099581,0.011087608420433659,0.6847133757961783,0.020194395103318587,0.0003308133974000427,0.0029268110384432777,1.4541248194134848,-0.07562701954146653,0.4285723444632445,0.4285723444632445,0.045976766774775024,0.06805141460433561,0.03993217182737836,2025-06-02,2025-06-10,-1.7382655816065435,1.5844832799757598,gap_stop
MKC,2024-10-23,4,2,43.88998539485802,-0.047448471318839,0.06708183616900398,0.058158367354965934,0.49044585987261147,0.01728511689220452,-0.012400426641785867,-0.0056080619623571915,0.9540542114230308,0.8216567938070772,0.12739147548630894,0.9490482692933861,0.09419294735012818,0.08183093453470813,0.041384552368798,2024-10-24,2024-11-08,-1.0826476243131584,1.578666298524687,gap_stop
CAG,2024-10-18,5,2,46.88653707798167,-0.06390876018747449,0.03419037358113708,0.01317590780115463,0.36942675159235666,0.01975831683875984,-0.001624785344076951,-0.011114393783722587,0.9374971028747068,0.15624776482368638,0.6562537252938497,0.8125014901175361,0.11010487171942596,0.09846413420516975,0.046125397940424334,2024-10-21,2024-11-05,-1.043360059518255,1.9457056974020044,stop
MNST,2024-02-13,4,3,50.17130089655936,-0.048941565232648365,0.015918977705274617,-0.04829687434648011,0.20766773162939298,0.016147790223667188,0.0011031892390838127,0.003395238351681318,1.0650685970035303,0.19230825661152479,0.5192311924586436,0.7115394490701683,0.1062362372779353,0.14215804019697487,0.026543581189082198,2024-02-14,2024-02-29,1.9639803012600572,1.9742579448609372,target
MNST,2024-12-26,4,2,48.852780839333775,-0.04201530361084205,0.012689864808914209,0.04152656687352185,0.5318471337579618,0.020387277182530802,0.00012151223337464323,-0.0026368937252908564,0.6109782407499396,0.4499964237179029,0.16250149011754048,0.6124979138354434,0.09311611096254468,0.12087856266890351,0.041069466445489096,2024-12-27,2025-01-10,-1.048697978646851,1.8014924312086245,stop
MNST,2026-04-09,4,2,53.65943866961983,-0.006649211566202351,0.0005252910666555533,0.1179750658182197,0.47611464968152867,0.02478241245355854,0.0215821892012813,-0.0017816028136483641,0.7327055201900969,0.6475410861245215,0.0491814043074768,0.6967224904319984,0.03963153823124754,0.041420784754163,0.07219134695174095,2026-04-10,2026-05-08,1.9314633344665546,1.9591674857873074,target
ADM,2026-06-25,4,2,45.37622464574816,-0.0188437531143254,0.07514141688990761,0.34183834074712127,0.5302547770700637,0.03029799747914576,-0.018010507403631415,-0.0012350655785525744,1.0871926104075096,0.8832470992827599,0.07614285935587811,0.959389958638638,0.07204379262013894,0.13218293075184362,0.06608974893971133,2026-06-26,2026-07-10,0.7555812238780908,1.6831586792160667,time
CAH,2023-09-07,4,2,48.528480154033254,-0.03454646416737628,0.06959442137750238,0.2340710398421184,0.6432,0.017814734522256296,0.0006099789525437771,-0.006511649094700367,0.9392016552143343,0.4662140566844972,0.19594713020527765,0.6621611868897749,0.05468783722385151,0.10210172688760699,0.03975831750931739,2023-09-08,2023-10-19,1.3279859604596616,1.8456744613181362,time
CAH,2025-02-19,4,3,54.026802971044695,0.0038013419169042884,0.04950611608434374,0.16413356701316628,0.6273885350318471,0.020690827779583386,0.0033882231881410263,0.024956131920511826,0.9246909892381099,0.6381601072133034,0.1052607803080875,0.7434208875213909,0.08546240949512884,0.10687769907892974,0.028467087440373517,2025-02-20,2025-03-10,-1.0702565727593012,1.6663032038819694,stop
CVS,2025-06-03,4,1,49.69275683818632,-0.057367244973669185,0.0005539221740278322,0.08509110508521056,0.4713375796178344,0.029742077182572615,0.0038566790944412066,-0.003800345574434316,0.6301956032001937,0.08546891505927913,0.5470121418417483,0.6324810569010274,0.056718719884067514,0.08317084575815992,0.08623935686236946,2025-06-04,2025-07-17,-0.08695428151938984,1.5480470719658552,time
KR,2025-01-14,4,2,47.42240348036096,-0.022990369572465474,0.0882644413017093,0.1629772758252399,0.7659235668789809,0.02156670860400067,-0.008531086956399148,0.004792403134984857,0.6638649154725348,0.45652065745608406,0.0,0.45652065745608406,0.05086750026727005,0.059378662302784324,0.03304911025411401,2025-01-15,2025-01-16,-1.0605160013271775,1.549374890661141,stop
SYY,2024-04-19,5,2,43.32368424168284,-0.04875080474204252,0.026630463484620392,0.19256278278572436,0.5063897763578274,0.014111290600081736,-0.008269452109788245,-0.014248280544810754,1.0247717644009169,0.7395910322739527,0.218749254941239,0.9583402872151918,0.054573885343396134,0.04214579327731127,0.032926009614116215,2024-04-22,2024-04-30,-1.1008207005492858,1.9185443427509714,gap_stop
SYY,2025-01-24,5,2,48.3211282054911,-0.021994476331504975,0.006781917927418224,0.06439189253459299,0.5159235668789809,0.016564447184813123,0.0016783997420783958,-0.009116105153990195,1.6479835708328476,0.9161679382338233,0.005984741194200681,0.9221526794280239,0.09108493594815847,0.10341450721652179,0.039659084257562975,2025-01-27,2025-01-28,-1.050429807884901,1.9298504538355603,stop
XOM,2023-10-13,4,3,45.075796276630385,-0.07298354409785812,0.09262816633202764,-0.0372093606294881,0.8801916932907349,0.026186886221651547,-0.018498890108765043,-0.014693512310157475,1.5079132261966959,0.7796624963631058,0.08050948824879657,0.8601719846119024,0.019022612333937206,0.06361374666289565,0.0539158250953894,2023-10-16,2023-10-31,-1.037094860302361,1.610771111938042,stop
XOM,2024-09-16,4,2,45.67863109240733,-0.0507032827166366,0.04131068362781187,0.029390271825709302,0.3821656050955414,0.02157202902497749,-0.010604361895205638,-0.015995570684954385,0.848720262409341,0.4714277929155338,0.2571444141689409,0.7285722070844748,0.09185941542468368,0.07351789599284331,0.04267390495556127,2024-09-17,2024-10-01,1.5340413005697695,1.5809083496969285,target
CVX,2024-06-11,4,1,44.86557418059085,-0.04673596325042295,0.04068890626597432,0.10730431839528976,0.6517571884984026,0.017131410400773223,-0.009634133497125164,-0.008671170106264059,0.7982299577320751,0.1409721241942172,0.7444930663386337,0.8854651905328509,0.10609546846493112,0.13397007369926683,0.027735713404577013,2024-06-12,2024-06-12,-1.0721091962130658,1.6304944496056584,stop
CVX,2024-06-20,4,2,49.79492598955488,-0.02792597217830195,0.02375766650087119,0.06860105090913704,0.5878594249201278,0.017774855581801894,0.0030142392124232753,-0.002311446684255314,1.2523680964635926,0.7043245424201253,0.11057843964347219,0.8149029820635975,0.1188176052604788,0.1555314749767711,0.03283445739536563,2024-06-21,2024-08-02,-1.1622160263556724,1.5173859568842891,gap_stop
CVX,2025-02-04,4,3,49.41621738538968,0.044373128995275124,0.040068314930770565,0.053620276583076,0.571656050955414,0.020413458414091715,-0.003174654556830969,0.0016965976619072176,1.048736274091635,0.9635978082227631,0.0,0.9635978082227631,0.07417594867743382,0.0864324087866224,0.04204722503470283,2025-02-05,2025-03-19,1.6416777711677621,1.689243335800133,target
CVX,2025-10-14,5,2,43.736553228922844,-0.03127587095056372,0.027791053693174694,0.152551257205773,0.47611464968152867,0.01835844079152083,-0.012856058781525292,-0.012056928858043214,0.9022080866200717,0.6789473050189323,0.039472046322431016,0.7184193513413633,0.08787644377303083,0.11015381823178139,0.028055977664260278,2025-10-15,2025-11-25,-0.7032916482894503,1.9000350083857296,time
CVX,2026-04-29,4,2,52.6416390472001,-0.08775096082881906,0.14223727230394445,0.26396300879387646,0.8073248407643312,0.026391087704888915,0.01224202707016775,0.019457378931424518,0.7374025849950183,0.6698716694706407,0.20192495794044618,0.871796627411087,0.07720958968052027,0.11430903963373895,0.06842203814747841,2026-04-30,2026-06-11,-0.23880072493863502,1.7965679509689325,time
COP,2024-04-25,6,3,61.40679767009335,0.0327011635148422,0.16946152536871084,0.09794812519780671,0.854632587859425,0.017990327034746605,0.010936406107483698,0.050320013445930734,0.9052548930528156,0.17521551443066283,0.5982889262751548,0.7735044407058176,0.06927467434229717,0.06406509451320375,0.023050249327852664,2024-04-26,2024-04-30,-1.0867669573353942,1.6903342548048332,stop
EOG,2024-06-24,4,2,55.94485752198363,-0.00595009872248109,0.01048134420042346,0.04706829819507208,0.5287539936102237,0.02080497103367389,0.023660321410285734,0.006605410232779274,0.8395802551035793,0.7813411273263504,0.034986220380495245,0.8163273477068457,0.11114462452850415,0.1360345901085791,0.06427639476145643,2024-06-25,2024-08-06,-0.25750960712535703,1.6308532101419755,time
EOG,2024-09-17,5,2,49.15673171631246,-0.038029035448611914,0.041722397298556535,0.010668695399154604,0.39171974522292996,0.02043134078106481,0.002539504744759169,-0.00958106764143396,1.2801098094295655,0.8376979244891128,0.08900410628405496,0.9267020307731677,0.09130313187735895,0.07329388345198606,0.05775779382119463,2024-09-18,2024-10-07,1.5831105351681787,1.6177378965627562,target
EOG,2026-04-21,4,2,46.687570693315216,-0.0380002307753442,0.25655048490647214,0.26840938039857365,0.8949044585987261,0.03330121180521948,-0.01789898589106953,0.015127187449506252,0.7786094916801267,0.6846330699723203,0.1859841489847371,0.8706172189570575,0.07101319928044614,0.09270260367835403,0.0715164812619776,2026-04-22,2026-06-03,0.819952293160578,1.7331916719569485,time
EOG,2026-05-11,4,2,46.988378867191166,-0.013546872422468104,0.17981080308420339,0.2916736277581815,0.8423566878980892,0.030104144879946927,-0.01436964731494339,0.004927737035875124,0.8304421451978732,0.6614755266345264,0.26848267508965257,0.9299582017241789,0.11044555962418245,0.1867292752929488,0.07613567162537194,2026-05-12,2026-06-24,0.006048372353279104,1.5498898225605051,time
MPC,2023-10-09,5,2,47.032147961607954,-0.05627469870901425,0.2275125156944766,0.13013798558424972,0.9744408945686901,0.02812987244154163,-0.013241116897407368,0.015924705528944427,0.8707899809822999,0.3312527418032066,0.5124978542409666,0.8437505960441732,0.021926943307821523,0.07056044758343272,0.04609469217999194,2023-10-10,2023-11-02,1.9056436910347485,1.9490326346508668,target
PSX,2025-10-14,5,2,47.758975164095474,-0.0025918284732776575,0.0684140587842772,0.36377005221288217,0.5923566878980892,0.02689860878209086,-0.008744792343036156,0.007106429504031508,0.6822758695827901,0.509433093127503,0.08867942454245231,0.5981125176699552,0.08787644377303083,0.11015381823178139,0.04193408059019307,2025-10-15,2025-11-11,1.709057577332307,1.7567514809985227,target
VLO,2025-10-07,4,1,52.60183410560426,0.03692173174857594,0.10353360918976473,0.5552577954405271,0.6703821656050956,0.028359276932559203,-0.00345897423298247,0.04907556416096881,0.6586986035686578,0.0020355395889123315,0.8737281762186865,0.8757637158075988,0.10437752622961805,0.1290737620768716,0.05865955596126643,2025-10-08,2025-11-06,1.522884282011708,1.5569793235991454,target
HAL,2025-11-28,5,2,51.458901898092606,-0.04585157240010207,0.16224931949393695,0.35985698764916174,0.8296178343949044,0.034333561295752525,-0.000503008792387627,0.03435845858534625,0.4001466152202531,0.7341762677817821,0.012658502902063263,0.7468347706838454,0.09096069345959124,0.10788874576700391,0.053013757725910306,2025-12-01,2025-12-05,1.6145532319062859,1.6522792880432668,target
DVN,2026-04-21,5,2,43.822594655070624,-0.06288537222050583,0.2631073799670296,0.4534740411637572,0.8996815286624203,0.03818244964172486,-0.02742420308251814,-0.0005673788075183372,0.7969604373239528,0.5409829401906099,0.35245891387547507,0.893441854066085,0.07101319928044614,0.09270260367835403,0.092480693939447,2026-04-22,2026-06-03,0.02068657769751943,1.5153455039370742,time
FANG,2023-12-14,4,2,52.347810297255265,-0.015084645203172431,0.006479212698117243,0.24464465216993392,0.28594249201277955,0.02159422410886454,0.010345510779921963,0.004478561400754977,1.4497206069416682,0.7331298824696867,0.05214676545890928,0.785276647928596,0.09566733866479549,0.13430435206959368,0.0478240275848733,2023-12-15,2024-01-30,0.5416391732585237,1.9533504846578613,time
FANG,2026-01-09,4,1,47.711625349477025,-0.06802806787320648,0.029231163815213845,0.03577499437687659,0.49203821656050956,0.03323331934153086,-0.008271516513083332,-0.006301713560852518,1.0112703581327362,0.009403998851999629,0.529780924136615,0.5391849229886146,0.08600732615929396,0.09346505182068765,0.05682600371014829,2026-01-12,2026-01-29,2.08071984011331,1.9507749706312554,target
APA,2025-10-14,4,1,46.20661677744501,0.0,0.28016112849087005,0.5528167973254772,0.893312101910828,0.04617193872855599,-0.031633352868608355,0.010985435903604124,0.9234229409874692,0.5488718677533301,0.05263135251103152,0.6015032202643615,0.08787644377303083,0.11015381823178139,0.0626950011348273,2025-10-15,2025-11-13,1.6517344844200055,1.683634954374523,target
APA,2026-04-21,4,2,49.70120764044496,-0.038609096132825815,0.4973392275207258,0.704374424630251,0.9713375796178344,0.05453754047609872,-0.014274512626102243,0.06031965209260992,0.6940722437528174,0.7650269009407515,0.2021854278406505,0.9672123287814021,0.07101319928044614,0.09270260367835403,0.1252576388800943,2026-04-22,2026-06-03,0.11099144022181189,1.5657370607769574,time
APA,2026-05-15,5,2,53.511451477945485,0.035380176243279715,0.4054767164349289,0.6581861228940766,0.9315286624203821,0.043289131657816775,0.022578304776847302,0.058020143457778284,1.255876314881093,0.8511905032220562,0.10714301933233727,0.9583335225543935,0.1052899909776821,0.17094857486482118,0.0979057261863898,2026-05-18,2026-06-15,-1.0918350292429393,1.666243072861053,gap_stop
RRC,2024-01-03,4,2,49.36128682959463,-0.05060223377552708,0.0017337491888744783,0.06204361522777013,0.16134185303514376,0.02747184135880551,0.005405426131274371,-0.01993742350680483,1.0600561732792737,0.33333262690761406,0.6444446328246346,0.9777772597322487,0.0800809784424672,0.10454718158197074,0.1025966097789349,2024-01-04,2024-02-05,-1.0194938215240192,1.884083757569472,stop
RRC,2025-11-03,4,2,51.7132354957289,-0.034013584236606165,0.05036018812770515,0.05812648760236372,0.5764331210191083,0.03497591933532265,0.0099151634237713,0.01250435274938666,0.7702830920765259,0.7530121174099568,0.16264859511121332,0.9156607125211702,0.10666760108479112,0.15125963535887665,0.057715740919059434,2025-11-04,2025-11-20,1.5804042598986134,1.6150568515166401,target
EQT,2024-12-24,5,2,55.78658428810078,-0.029180958687222147,0.27327731409252043,0.1917160688143671,0.893312101910828,0.029257124764279233,0.01567448258154558,0.06041772314706573,0.27083718631153136,0.43363085793762784,0.40707982526618436,0.8407106832038123,0.0940673083853878,0.12300495821121604,0.0457525239006112,2024-12-26,2025-01-03,1.7578797040539624,1.79164622020905,target
CNX,2026-01-07,6,2,46.51536283411383,-0.10024455099895635,0.09621684753051474,0.13022105911972126,0.7197452229299363,0.030316598932607814,-0.012885900162475594,0.0044796671822902034,0.8369283676168378,0.677420281056958,0.17204279022453384,0.8494630712814918,0.08078221026083532,0.09081729896892843,0.08076257714100939,2026-01-08,2026-02-20,1.2583430965108666,1.7724937502714986,time
KMI,2024-02-15,6,3,51.006671335703864,-0.017593353878783025,0.026849070039086875,0.020019756116816056,0.26357827476038337,0.016578138542309027,0.005679869076641975,-0.0008617685412667386,1.096166946625382,0.8301850125776891,0.03773666387162549,0.8679216764493145,0.1213235665782213,0.15446867605858228,0.031121603289166744,2024-02-16,2024-03-06,1.6078765704729012,1.672140611801909,target
WMB,2025-07-24,4,2,49.795574034432526,-0.03877627437880826,0.01304775108663403,0.009713305957503415,0.21656050955414013,0.022870437853294154,0.001622278993945958,-0.0007321672036945115,0.6785359880687786,0.8161765530859796,0.05147034074206671,0.8676468938280463,0.09808987080272846,0.12091194687407447,0.03911300825932654,2025-07-25,2025-08-18,-1.0511338833039798,1.9494463590721867,stop
WMB,2026-04-23,4,2,48.18901090593818,-0.03773833801313964,0.1325381018873637,0.16718842375356102,0.7945859872611465,0.022910057974680827,-0.0027781618277008535,0.007589331837169588,0.963401758832232,0.18987512916839816,0.3291162467285365,0.5189913758969347,0.07596151621042102,0.1023723578496869,0.03641884621904886,2026-04-24,2026-04-30,1.5362235168542544,1.5911401385388233,target
ET,2024-04-17,4,1,44.24873286884379,-0.02120823032185981,0.13092204194166812,0.14679675447656138,0.7699680511182109,0.015515630874143243,-0.015541750385763442,0.008971880112371045,1.027872839736078,0.7333305782759443,0.13333312140584672,0.866663699681791,0.06732967912592214,0.07141903068710764,0.023751338840597967,2024-04-18,2024-04-19,1.7027560621825135,1.7869618416302564,target
MPLX,2024-12-23,6,2,51.35893936197779,-0.007250840119201851,0.0848289222734957,0.17658826113547543,0.7165605095541401,0.021261361912067827,0.0006902227621874424,0.025080034418707653,0.6252510113922438,0.43965233748125426,0.4224139065007493,0.8620662439820036,0.08306436659019245,0.10935228973488309,0.04687518916939102,2024-12-24,2025-01-21,1.5738903510086744,1.6165568454898525,target
NRG,2024-06-18,4,2,51.282985324652536,-0.028918719827591977,0.20557122164602948,0.6606818123732787,0.8977635782747604,0.03885340591561886,0.0012933014270142262,0.04154135910557755,1.0089958633787188,0.7188742837883384,0.14457823942151696,0.8634525232098553,0.12320636272977414,0.16633063304108298,0.05653957272021177,2024-06-20,2024-07-15,-1.0353734544457398,1.5477484330380882,stop
NRG,2024-12-23,4,2,46.43249065096218,-0.04799242969982376,0.05389221929539212,0.13241592253176426,0.6369426751592356,0.03703328174292416,-0.0164684116602154,-0.002938567593343877,1.0078780855161944,0.47338794299110876,0.45098060167504783,0.9243685446661566,0.08306436659019245,0.10935228973488309,0.058117907481530624,2024-12-24,2025-01-15,1.8629831311955798,1.8277145052342532,target
VST,2025-08-26,5,2,48.82814593324602,-0.0038799693411318836,0.19228168639172494,0.4189741190013927,0.7754777070063694,0.04254497703063382,-0.008331948794377042,0.02478995216304991,0.7598443900348495,0.7412709869307013,0.17460205969831044,0.9158730466290117,0.0933797391696296,0.10627610339408688,0.05815228636450259,2025-08-27,2025-09-02,-1.034392456858254,1.8978278787490475,stop
TLN,2026-07-06,5,3,48.066222866587445,-0.0047419263161152525,0.15327560910556337,0.00787005718667233,0.64171974522293,0.05739857561698332,-0.022055485417596943,0.0047512892442946875,0.6824779853589376,0.5013098952083833,0.2365670746340293,0.7378769698424126,0.09142905115824829,0.13312579064079477,0.11397335163483997,2026-07-07,2026-07-10,0.381420635342595,1.8681577373278195,time
JPM,2024-04-19,4,2,43.907044063473705,-0.04811413513210672,0.09731532248980068,0.28871312315744,0.7252396166134185,0.019742958074066456,-0.01718547728074027,-0.0016250987314719856,1.306276605335809,0.760628238651495,0.22147426488158078,0.9821025035330758,0.054573885343396134,0.04214579327731127,0.038479618434264985,2024-04-22,2024-05-10,1.734547947865607,1.7865235152277579,target
JPM,2024-09-17,5,2,46.287810074380324,-0.022059156827283655,0.079133754640073,0.09849896497612765,0.4872611464968153,0.023018360167960775,-0.012316963644992351,-0.003061007316158215,0.8791421825265079,0.669608647137116,0.030833658228358745,0.7004423053654747,0.09130313187735895,0.07329388345198606,0.04249397451552176,2024-09-18,2024-10-11,1.6803801700906005,1.727445666382774,target
JPM,2026-02-20,4,2,50.037936874667466,0.028969587339970015,0.042690279552779264,0.07346610815251853,0.39012738853503187,0.024334931701724696,0.0017078243027788265,-0.0010515362892913327,0.7315011463879978,0.44925025526885837,0.5112777210513666,0.9605279763202249,0.05854375390308664,0.04361384759275988,0.042248462811017094,2026-02-23,2026-02-23,-1.0473390004494663,1.9461899402871143,stop
BAC,2024-08-09,4,2,39.05205279026777,-0.08442956253410938,0.006082143732377698,0.1710180661734737,0.4984076433121019,0.02847398459114571,-0.03374933545003067,-0.037884962935418875,0.5392457517695686,0.22221986747482234,0.46296217804716144,0.6851820455219838,0.05652800980650574,0.040703641045809924,0.09010360718736932,2024-08-12,2024-09-23,0.4476637148805151,1.6482638342597864,time
WFC,2023-09-12,4,2,53.083253821264435,-0.027212102120033332,0.024927587054508482,0.12491801722501261,0.5472,0.020818045052899765,0.01432053707840164,0.0031383722608304687,1.3793566316938792,0.664706212343906,0.08235254518731279,0.7470587575312188,0.055551065685975454,0.10074447648888496,0.058500695813369204,2023-09-13,2023-10-02,-1.0341876275519946,1.5725176981256748,stop
MS,2024-06-17,4,2,53.15625909817248,-0.02550705401501885,0.11342384131325622,0.08629333630836489,0.7843450479233227,0.017558424080247773,0.0037624108659326527,0.020412044932109907,0.9555447512772356,0.8087637655741355,0.13147472119298004,0.9402384867671156,0.1217489811135053,0.1679224778430226,0.0329867477766423,2024-06-18,2024-07-09,1.7247106144030804,1.7853410231218263,target
MS,2026-07-01,4,2,50.15094599140333,0.004028274136977483,0.2942730953120034,0.1902452309676117,0.8232484076433121,0.028094567805943434,-0.009609938414066654,0.037821022760292644,0.719913119226976,0.4482215377649062,0.34621407581753605,0.7944356135824423,0.08531136659127836,0.13969122767860975,0.0441302971532719,2026-07-02,2026-07-10,0.7536051686862751,1.541668695156888,time
BX,2024-08-09,4,2,47.8332050182375,0.040126735716583095,0.0703929355057129,0.03709716450741629,0.6910828025477707,0.03293283613068542,-0.015157423451964469,0.010429162998745412,0.3226210683405293,0.13357277424614636,0.5270748179404373,0.6606475921865836,0.05652800980650574,0.040703641045809924,0.05350825925021503,2024-08-12,2024-09-12,1.8196540894267197,1.7982982757029218,target
SCHW,2024-01-19,5,2,43.472362136643845,-0.07978656902916714,0.2359520679875422,-0.053311267315753974,0.7795527156549521,0.027124209442954888,-0.025968589566002898,0.007024566116376141,1.450071926360184,0.3947373176221165,0.5947361129794242,0.9894734306015407,0.1007930822209735,0.1522603575359993,0.06817530495618662,2024-01-22,2024-03-04,0.9038048336050725,1.652426915072101,time
SCHW,2024-05-31,5,2,46.84698455325031,-0.014073069493409585,0.10607149432874596,0.23831848300159253,0.7460063897763578,0.022797900479890717,-0.012657147898430088,0.003971272141342963,1.2040124433527752,0.8491597014734409,0.10055877827457028,0.9497184797480112,0.09416874254783036,0.101477621973451,0.05323136402937389,2024-06-03,2024-07-16,-1.0375718345090006,1.5094761180147127,stop
SCHW,2025-01-16,5,2,52.04426618179554,-0.05066610532968352,0.05293058374406989,0.1923482679499986,0.6831210191082803,0.021402027232259053,0.011318990705977638,0.005816791141541211,1.0386050889054426,0.9452769743484675,0.04975062060169839,0.9950275949501659,0.06646908567152865,0.07445755422890965,0.06099511544843668,2025-01-17,2025-01-28,1.5171656495028387,1.549955160356224,target
MA,2024-04-23,4,2,45.097658648659745,-0.03780369651147819,0.05629738990097399,0.20754299472940363,0.5734824281150159,0.014915775905810103,-0.006733451880289176,-0.003271623703002824,0.8859460686716266,0.7654296401948422,0.20635108587421216,0.9717807260690543,0.07541106692150334,0.06705589193512607,0.028778437551547926,2024-04-24,2024-04-30,-1.0694964761869925,1.6120342355994148,stop
COF,2024-12-11,4,3,56.98734626947148,-0.01869708422775962,0.3570863875699082,0.36752785063573934,0.8757961783439491,0.02181528106141605,0.010280377707930333,0.06998217311505495,1.0458896685279746,0.3359185250607224,0.4832034823202847,0.819122007381007,0.11044711173433397,0.13315663021310908,0.037834600790994426,2024-12-12,2024-12-18,-1.0528616652002853,1.5614252617492874,stop
USB,2024-02-15,4,3,52.17640909207393,0.017883461340332696,0.1623392729275288,0.15109442982773458,0.6230031948881789,0.026802740706495524,0.010303929852629734,0.02019781147292532,0.694802553897556,0.7263137606058521,0.0947369266414263,0.8210506872472784,0.1213235665782213,0.15446867605858228,0.0581131549377302,2024-02-16,2024-03-28,1.6223882047633114,1.6568038203350877,target
USB,2024-12-16,4,3,52.153067186727114,0.020870652575735837,0.16228572277105502,0.34510700282952156,0.7595541401273885,0.018223944472747996,-0.001340392047268879,0.030503915774457102,1.2380213635849453,0.27397381966399303,0.7123298408799938,0.9863036605439869,0.10575261791622159,0.1461532898056992,0.029101659278221125,2024-12-17,2024-12-18,-1.068724603668793,1.8401847541493563,stop
FITB,2025-08-08,4,3,48.500395044576,-0.05471048799148681,0.12760338091999834,-0.04246277780599472,0.6496815286624203,0.01899813689501985,-0.005520294301424755,0.012875541634462806,0.49845125461036605,0.19117795554757658,0.6617599210133626,0.8529378765609391,0.09206821907393326,0.12546506505594368,0.03600146904046233,2025-08-11,2025-08-22,1.5976376219044555,1.653190910514767,target
KEY,2026-02-25,4,3,47.38681843018635,0.008454577376665995,0.21823837884609087,0.15359308043455489,0.7722929936305732,0.029556963734403394,-0.01328317252812139,0.012561632624524588,0.6650662191930347,0.5000000000000038,0.4999999999999962,1.0,0.06250204641658774,0.0557493655192518,0.04835300182116037,2026-02-26,2026-02-27,-1.0413624785364362,1.5843961837944094,stop
HBAN,2026-02-18,4,2,49.830112993324114,-0.007214186919154764,0.14733627292478912,0.0916983874172872,0.6560509554140127,0.029929419494345882,-0.0035438721530809403,0.013779950985309819,0.5536488230329861,0.844441147798081,0.06666807951510471,0.9111092273131857,0.05488952935164959,0.03925716580539507,0.05327750911062725,2026-02-19,2026-02-27,-1.03753929253425,1.7515855418586692,stop
RF,2024-04-22,4,2,45.653792601689794,-0.04813896359641856,0.01893692430295202,0.1958574461035818,0.476038338658147,0.02617310607748918,-0.014487291060661378,-0.0032714303121786914,1.9322939950281595,0.5964918151276231,0.24561309579580312,0.8421049109234262,0.06360525455740218,0.05207533668886799,0.04626826113193805,2024-04-23,2024-05-29,-1.0432261760237072,1.948547903230176,stop
RF,2025-10-14,5,2,40.52005929459686,-0.06468406319539433,0.05505823550389821,0.3339668263002282,0.5557324840764332,0.024661575891582764,-0.025343082040456544,-0.024780185864654247,2.1110650692296855,0.8155350952564346,0.04854300613315466,0.8640781013895893,0.08787644377303083,0.11015381823178139,0.04792610405399493,2025-10-15,2025-10-16,-1.041730911357759,1.8002132843490983,stop
CFG,2025-01-13,4,3,47.225273682449476,-0.04827597552433327,0.07998794628018246,0.1790942149469552,0.7515923566878981,0.02599431943442571,-0.0055363348102904775,-0.00481111407546031,1.130984695426768,0.8966086758244124,0.07108037986775025,0.9676890556921627,0.049960318078692056,0.06101865979274668,0.06027254811062101,2025-01-14,2025-02-26,0.21699120354610085,1.5933561112004049,time
CFG,2026-06-02,4,3,49.00065507992857,-0.03275375435622807,0.05157964916771429,0.16818763844082918,0.6257961783439491,0.024179745989210615,-0.002593985856568226,0.0011706429909503768,1.4312716218150234,0.8723434044193739,0.05850901933729684,0.9308524237566707,0.12183612268081889,0.20750449641792312,0.038956030569491956,2026-06-03,2026-06-09,1.617201958200106,1.6685418912159273,target
ZION,2024-08-16,4,2,50.18537452783123,-0.04460373062041545,0.05085055438276864,0.14286490009762254,0.5828025477707006,0.033395610144944916,-0.0010729037514094486,0.019603100987735544,0.5414940167661769,0.9655186021529018,0.0,0.9655186021529018,0.09445988317655818,0.09357833983029518,0.07828699466880175,2024-08-19,2024-09-30,0.14162253232291636,1.634371165977067,time
ZION,2025-08-12,4,2,49.535898273077464,-0.06605760913059144,0.08421686002885953,-0.035439668104105815,0.6194267515923567,0.02460766387841343,-0.0022671569482032305,0.013973140147832241,0.7913784881372201,0.7678558047969671,0.16071416407245334,0.9285699688694204,0.09942752821573664,0.13333882896781857,0.05322865602331456,2025-08-13,2025-08-27,1.5076707621533108,1.54524450812811,target
NTRS,2024-02-12,5,2,53.10942973916646,-0.025048128136476167,0.18319059586163777,0.03777061310218954,0.5543130990415336,0.02156986618184179,0.01033661901024674,0.016323979904564023,0.9970013003210997,0.8250003178922449,0.0,0.8250003178922449,0.12288410000579875,0.16191460433865168,0.044548677531850885,2024-02-13,2024-02-13,-1.0448947109276154,1.7411367155472581,stop
NTRS,2024-02-15,5,3,51.40109322211153,-0.025801721056176286,0.10452687420442941,0.076419044584632,0.46645367412140576,0.02431350057203538,0.007736865370773449,0.010731805102833114,0.6910009640636947,0.7264600225803138,0.10762256662903363,0.8340825892093475,0.1213235665782213,0.15446867605858228,0.04646463335275313,2024-02-16,2024-03-21,1.6436458798850657,1.68668937029241,target
NTRS,2025-03-25,4,2,46.53603655213835,-0.0923661910096285,0.0187965967261714,0.12189993436737412,0.5589171974522293,0.024459169697289045,-0.0015216509228053177,-0.023762231250946453,0.6778452399908614,0.17646945683952037,0.025209006513814854,0.2016784633533352,0.017914747372443474,0.011564619339333726,0.0704357070953925,2025-03-26,2025-04-03,-1.209766693676993,1.5551409210590204,gap_stop
NTRS,2026-05-12,5,2,57.126935190252524,0.05428931144183058,0.09614729168790626,0.26382384487641475,0.7627388535031847,0.02295628097299094,0.011862020901176162,0.054217795624374565,0.6974772361420022,0.34974245856211866,0.5233170862833012,0.8730595448454198,0.1075646566444961,0.1745989199281408,0.03824001301078389,2026-05-13,2026-06-04,1.714194380562368,1.766495617997512,target
STT,2024-05-30,4,1,43.69649315358242,0.024279469279966603,0.01617297254814587,0.0781274632695601,0.512779552715655,0.01636669840964042,-0.014806799777106638,-0.008563478290237736,0.9212851469462261,0.18750049670584393,0.6562477648236944,0.8437482615295383,0.08532032787989996,0.104656919209964,0.02596128454830215,2024-05-31,2024-06-11,-1.0770377904944923,1.919481256696224,stop
STT,2026-03-11,5,2,47.71515445163119,-0.061662172964000894,0.02221146699718002,0.14012309878270135,0.49522292993630573,0.034097740852498955,-0.005453420707117518,-0.009325987871397157,1.6492432516773288,0.8215063890110317,0.13548345813836055,0.9569898471493923,0.03238792377618749,0.036515472290391315,0.06170132286185033,2026-03-12,2026-04-08,1.680516310503652,1.7129305263945822,target
TROW,2025-01-23,4,1,46.71165216038443,0.003629192185907959,0.004774463265020401,-0.009272306672762798,0.5143312101910829,0.019488291161017093,-0.0041006290879403995,-0.01118674391195884,1.2700031530146323,0.4135298234342487,0.43609100191594885,0.8496208253501976,0.0952821896070235,0.11084019443246707,0.050066013679351824,2025-01-24,2025-02-12,-1.0399472586894778,1.9126909717962477,stop
TROW,2025-10-06,4,2,55.5601433749879,-0.010945121113893008,0.07255050464600155,0.31273852945366465,0.5796178343949044,0.019109279535999637,0.015882812922429324,0.020046761937318136,1.0662937101385528,0.5546223605630375,0.38235492112543484,0.9369772816884723,0.10965130495124908,0.13652477625572113,0.052724470422868305,2025-10-07,2025-10-31,-1.0379330505163793,1.8159369199485773,stop
RJF,2026-02-18,4,3,44.428940423502794,-0.061823200712243676,0.018734680140176208,-0.013302746552282141,0.3646496815286624,0.031241414881925212,-0.018976051122276072,-0.021765751927581456,0.8475751674345698,0.6685411558969242,0.21348174944708087,0.8820229053440051,0.05488952935164959,0.03925716580539507,0.05112089013533142,2026-02-19,2026-02-27,-1.0391229494381933,1.7316698299671494,stop
ICE,2024-11-18,4,3,45.86865561414369,-0.05478629126951462,0.0024152241943251607,0.1584940590817394,0.34554140127388533,0.01763307965819097,-0.005357992611144002,-0.008401051296942352,1.1520771395066005,0.921502968440779,0.04778148109572663,0.9692844495365056,0.09391239066604351,0.08811035075203244,0.035021981864407914,2024-11-19,2024-12-18,-1.0571069909105446,1.7379396792994728,stop
AON,2025-10-02,5,2,50.63792042233909,-0.035481261658872776,0.018962382325112825,-0.08530229373098486,0.46656050955414013,0.01736538551655816,0.003973796506394844,-0.0021405259629995177,0.49004992782944085,0.42782136463577525,0.37532890389398205,0.8031502685297573,0.10811282890863017,0.13585784847596094,0.033161312927873596,2025-10-03,2025-10-16,-1.0603112429338981,1.5373990632590202,stop
CB,2023-12-26,5,2,51.14333076245896,-0.018156033573234476,0.05164811045487738,0.1796315344839332,0.2939297124600639,0.014239894614309837,0.0006505570387485005,0.01321736476280111,0.4874181064953985,0.8288335968107771,0.0,0.8288335968107771,0.10107835401193643,0.14623676798982643,0.019981880441138394,2023-12-27,2024-01-02,1.5678828821398345,1.6679735620881757,target
CB,2024-07-11,4,2,49.080072997025034,-0.032892515324604576,0.04389122030858972,0.15282709903184277,0.5422647527910686,0.015331869494727746,-0.0002118962910040434,0.0008402880649858169,1.1464718433572338,0.5603948837161623,0.3590615367284905,0.9194564204446528,0.12300395702452671,0.15656121992246463,0.029256904768953724,2024-07-12,2024-07-30,1.8476353111226955,1.9159952424207705,target
CB,2026-01-23,4,1,43.35694593970309,-0.032288234324724385,0.08820343057816493,0.11373899058881709,0.643312101910828,0.015704963155436853,-0.011185245830521717,-0.0011272102577931653,1.2404874898205611,0.11817866555694855,0.42500346788735766,0.5431821334443062,0.07119171380669931,0.07894628179064744,0.023432601965008758,2026-01-26,2026-02-04,2.46520071024836,1.7871243978362386,target
CB,2026-05-15,4,2,49.937773357158264,-0.013001722377503633,0.0004828225256834351,0.1023187953174367,0.571656050955414,0.018390965323877635,0.0019737170395015546,-0.00031394818112073786,0.8839164558721754,0.40807138067413157,0.21748799146058645,0.625559372134718,0.1052899909776821,0.17094857486482118,0.030750672337555084,2026-05-18,2026-05-29,-1.0650392283474546,1.8553604986508587,stop
MET,2025-01-08,4,3,51.9855875726946,-0.02816246436428449,0.001423689135194195,0.17387311104827274,0.5238853503184714,0.020153032483596112,0.006089135224379705,0.0066883177652363734,1.1740973584035068,0.39534784691542463,0.5162789872429462,0.9116268341583708,0.06564654616662491,0.08276915066469015,0.04529544113098201,2025-01-10,2025-02-24,-0.19145138773233708,1.6970507208627346,time
MET,2025-10-31,4,2,50.6316058424109,-0.01856645727113282,0.0748431235654492,0.041319104524322636,0.6273885350318471,0.01891937535587951,0.0032921256171938307,0.0019911698476149375,1.6037298938840066,0.8111858637486404,0.0629398238303864,0.8741256875790269,0.1057800006003462,0.14752166106366738,0.024166630493421534,2025-11-03,2025-11-06,-1.082758744564925,1.9426267095616283,stop
AFL,2023-12-18,4,2,47.953437617850966,0.0022191671419968806,0.05611273409716211,0.21202095518066377,0.45527156549520764,0.015850019382137728,-0.008409161299056223,0.010081804324931554,0.8890983410222606,0.2920357567246393,0.4778748514637559,0.7699106081883952,0.09790846695946676,0.14371921050629455,0.018064717316958023,2023-12-19,2024-01-19,1.8840499377356674,1.978977491033719,target
AFL,2026-01-28,4,2,47.84565592806461,-0.008917234449312361,0.01802148460496711,0.0919019852511831,0.4840764331210191,0.01557895586447021,-0.0025076233605166864,-0.004951924620188897,0.7879024071053632,0.49729671770804584,0.405405739783817,0.9027024574918628,0.07827961124493688,0.0941800890979907,0.029704653110137418,2026-01-29,2026-02-04,1.5520943971488175,1.6194239159479262,target
PGR,2024-05-30,4,3,48.166507686168636,-0.006338635564661521,0.09215311834283768,0.27446750771212636,0.7396166134185304,0.0180570869666007,-0.004448161780986726,0.006001919058845395,1.1055291402365208,0.942644378403272,0.012465800859209836,0.9551101792624818,0.08532032787989996,0.104656919209964,0.029132982028033945,2024-05-31,2024-06-12,-1.068650713410507,1.5274175168266002,stop
HIG,2025-02-03,4,1,51.4403897521902,0.02650832565464012,0.0004930885308025434,0.03296824997468928,0.5079617834394905,0.022375212145445342,0.0038929867560701936,-0.0014048293375323873,1.8474952652374643,0.5538946502809602,0.34430992736077587,0.8982045776417361,0.06781425983536593,0.07419114954918737,0.06670168768798551,2025-02-04,2025-03-18,0.9424573124863054,1.5493954832294696,time
CINF,2023-03-31,4,2,50.421865589855386,-0.05589811892238017,0.08359611088424423,0.23684304992045568,0.6147672552166934,0.028708995001063067,0.008576958155443126,-0.0010486401721490068,0.549633218052839,0.5748073122232802,0.2992112266536959,0.8740185388769761,0.03242293905110771,0.07868700086898639,0.0851259946123445,2023-04-03,2023-04-26,-1.023494585985254,1.7826637215147816,stop
UNM,2023-09-18,4,1,47.450907673158035,-0.013240881189366838,0.07497603626118376,0.34261806547230966,0.7523961661341853,0.01618658050374725,-0.004838769739150095,0.004383961317720342,0.8624411485568603,0.05000143051966406,0.6749954700210733,0.7249969005407374,0.051306042859263545,0.09165615642511349,0.0240065794880598,2023-09-19,2023-10-04,-1.083310494149937,1.9036785954204358,stop
UNM,2024-08-09,4,2,53.72260938943451,0.04961762835039618,0.02630165254831418,0.14968620311306546,0.5573248407643312,0.021857127795919026,0.006688550627070411,0.02446410686238054,0.6156282749328269,0.5084763844437956,0.32203148740827253,0.8305078718520681,0.05652800980650574,0.040703641045809924,0.040628730206908034,2024-08-12,2024-09-23,1.7923692881372852,1.841595537390331,target
UNM,2025-02-13,4,2,52.07861894128148,0.03948600517938661,0.08034298613135804,0.4242459719391658,0.7595541401273885,0.020895006899396648,-0.0008583828643667912,0.025027581170570024,0.8934057050467722,0.2573573135567566,0.4926454913664496,0.7500028049232063,0.08252281724350796,0.10300650447806836,0.03355875803317854,2025-02-14,2025-02-27,2.209747591102461,1.5021422512435685,target
UNM,2026-01-28,4,3,44.4198630648326,-0.032343794148165905,0.006464340088259801,-0.052092628347344294,0.4410828025477707,0.01986831819006849,-0.01239337177744193,-0.010110758500976536,0.8961968898576331,0.46715190261125544,0.3284698361075691,0.7956217387188246,0.07827961124493688,0.0941800890979907,0.027538657592787334,2026-01-29,2026-02-06,-2.745007611641628,1.750673420290333,gap_stop
LNC,2024-08-15,4,2,48.96511333799325,-0.06436841519120207,0.038535198039937546,0.15950869853692917,0.5589171974522293,0.035140186785719056,0.0009181534973121686,-0.005952475740368612,0.8661800802607826,0.5578950115846251,0.16842075675501855,0.7263157683396436,0.09304952799495658,0.09320232912710846,0.0984270799203375,2024-08-16,2024-09-27,0.2315215820291212,1.861537141141535,time
LNC,2025-10-02,6,3,48.11851040165332,-0.06791409880129062,0.17585602399196576,0.11214291927291775,0.8184713375796179,0.023483383153088584,-0.007695610685387044,0.017092095418762998,0.6280977106443238,0.5466664632161413,0.19999694824218975,0.746663411458331,0.10811282890863017,0.13585784847596094,0.0378952348827367,2025-10-03,2025-10-10,-1.0527770841423418,1.9167177837839542,stop
LNC,2026-01-29,4,2,46.740752891346936,-0.07390607431382168,0.048665134971075386,0.24421753483168596,0.5429936305732485,0.026991881212044946,-0.007152837436742332,-0.011646343713643259,0.9302424967642677,0.2571434799510275,0.6095236711219947,0.8666671510730222,0.07532521968504557,0.08668358595824976,0.060583533868510994,2026-01-30,2026-02-11,-1.0330122703693838,1.845670565045485,stop
LNC,2026-02-18,4,2,53.54394802855221,0.02298287223300366,0.030081023126655948,0.0638623488501655,0.39331210191082805,0.03285425102437395,0.021518130935656687,0.008293330639710383,0.7754982787312154,0.2631594797946104,0.5526303901540423,0.8157898699486525,0.05488952935164959,0.03925716580539507,0.07582067658641566,2026-02-19,2026-02-23,-1.0263780289235553,1.5066521758589035,stop
WRB,2025-01-14,5,2,48.77127445433721,-0.028180014632337103,0.009982596671553656,0.10137776701697532,0.5971337579617835,0.01888744798559834,0.0015876294551206982,-0.007034338227084214,0.894769717800881,0.8456789105970983,0.1358033121955007,0.981482222792599,0.05086750026727005,0.059378662302784324,0.057385362422585205,2025-01-15,2025-02-27,0.8061635193081699,1.5527968429338643,time
ACGL,2024-11-06,4,2,42.325440713549355,-0.07469755296135516,0.03353647200795806,0.027999497496280945,0.3105095541401274,0.026017370380509146,-0.022989257060735957,-0.04377606828973302,1.6018013007225695,-0.09890128316376992,0.8516459792664849,0.8516459792664849,0.10899346689459932,0.11013719745378792,0.07043589588099249,2024-11-07,2024-12-17,-1.028394612931156,1.9551824825993362,stop
FNF,2023-08-23,4,2,54.29362002961269,0.052409972014913375,0.16405390168361178,-0.022004203227820596,0.7932692307692307,0.018566905015065503,0.0007739347322710532,0.040947916422432895,0.46800084718773727,0.6190458250134976,0.23809792914642466,0.8571437541599223,0.05681731840688031,0.1053935403566828,0.03276053247908611,2023-08-24,2023-09-01,1.6554878576868464,1.716536926448985,target
LLY,2023-10-05,5,2,45.87101705897356,-0.032985245372678995,0.20031991407170935,0.5019108768289489,0.963258785942492,0.02236087996236786,-0.013940313296443962,0.014423915289186517,0.9902176284041143,0.7291085180078685,0.1772259026353253,0.9063344206431938,0.003890531919509721,0.04901361389664838,0.052648514893172106,2023-10-06,2023-10-11,1.8764450982220722,1.914432874402619,target
LLY,2026-02-23,4,3,53.44751286531867,-0.024879214102043634,0.01021992019133533,0.49599049196149947,0.339171974522293,0.03579652324695575,0.02031599977799603,0.02720785181672003,1.328344194832731,0.37898382816321075,0.42758753397529176,0.8065713621385026,0.0472371689758313,0.03061169565134203,0.05255743101882947,2026-02-24,2026-03-05,-1.0380536103312104,1.5224049776525206,stop
MRK,2024-03-08,4,1,44.44099095869187,-0.031144490285030857,0.17764126097692845,0.1602952388815435,0.6805111821086262,0.015362994245072365,-0.014426593459969772,0.016314146115385286,1.4032839533157757,0.13636170975211948,0.5909110175206099,0.7272727272727294,0.12224604436831266,0.14076063938078898,0.022300328041498493,2024-03-11,2024-03-11,-1.089684779357425,1.7767161744121915,stop
ABT,2024-03-27,4,2,45.325846942621126,-0.049581223610289826,0.043927664134711275,0.19151458952600264,0.43929712460063897,0.018592820491774492,-0.010172459526247346,-0.005390048290376592,1.1780343367907813,0.8409136228466394,0.034089628325951395,0.8750032511725908,0.1320280547094188,0.1368253582720751,0.03867389893796917,2024-03-28,2024-04-16,-1.0517144651799368,1.7694225516269422,stop
ABT,2024-10-07,4,3,49.924880666368864,-0.004391367593669204,0.12122591029637664,0.03625227201320924,0.5939490445859873,0.01494450990944727,-0.0019294888753988992,0.011407900762705037,1.4062299757318584,0.5856348002023295,0.2762434665317804,0.8618782667341098,0.0886180916204582,0.08058330295384297,0.019687177483115166,2024-10-08,2024-10-15,1.7726872026249691,1.8742761684234088,target
GILD,2023-11-30,4,2,51.40160140579396,-0.024700846669883703,0.011380487921422988,0.02476042669048928,0.5383386581469649,0.018106241670100304,0.006886787825232776,0.0007687159160691959,1.6261152201887612,0.8531475247155036,0.04895082509483214,0.9020983498103358,0.0674480379511857,0.10572041178401803,0.038143963977856465,2023-12-01,2023-12-13,1.7903825955043833,1.8428155309266443,target
GILD,2024-08-13,4,2,52.938859730397255,0.044767676463365325,0.10878347597859594,0.016176355024047906,0.7738853503184714,0.025927480816294406,0.0013831593130599895,0.03505103649656682,0.6579948893600827,0.6519020348247687,0.1772142119037694,0.8291162467285381,0.07306895403782354,0.06764055428102878,0.039747215047031166,2024-08-14,2024-08-28,1.5061577423831354,1.5564757331564132,target
GILD,2025-09-05,4,3,52.24269664620402,0.04325362958573509,0.04894906451553971,0.005516292040278259,0.44904458598726116,0.02043451118132035,0.004706921778538264,0.015931785991280867,1.159684942723681,0.7415733708231178,0.04494487972979895,0.7865182505529168,0.08993727274565311,0.10500779149030115,0.03169785286096632,2025-09-08,2025-09-16,-1.0630957563205443,1.7993528239833105,stop
VRTX,2024-03-26,4,2,51.68075537908427,-0.03464985501193907,0.03259714115997059,0.19331558283158934,0.43610223642172524,0.01673468352130091,0.00518860338313587,0.007038993896586243,0.9180997917791316,0.2302742025741466,0.5373173175778556,0.7675915201520022,0.1240855609290985,0.1345264187462396,0.03338155253887216,2024-03-27,2024-04-04,-1.0599133308036237,1.843016084256449,stop
SYK,2024-04-25,4,2,43.877381188609874,-0.0355570936292976,0.08339425075776075,0.278306931724265,0.6821086261980831,0.01807752234423716,-0.00891739119419166,-0.010441798488215026,1.4026328129070353,0.2885451746691099,0.5528645465728316,0.8414097212419415,0.06927467434229717,0.06406509451320375,0.03594819096074863,2024-04-26,2024-05-01,-1.0556356230048898,1.9579215731040716,stop
MDT,2026-01-14,5,3,53.96814073026059,-0.004045131559345605,0.03030881694473586,0.11629092103656102,0.49363057324840764,0.017440991596922167,0.009486847437689905,0.015009629825391224,1.6293916316361086,0.8197279882496713,0.17006832731717536,0.9897963155668467,0.07751259108140296,0.07822848041621233,0.03437908742276153,2026-01-15,2026-02-03,1.9068395288663018,1.9650144296542689,target
EW,2024-04-09,5,2,55.161805354843814,0.00987631504381814,0.22968158191320254,0.2625509756412159,0.865814696485623,0.022170827150471747,0.006564439183790904,0.05164186517671676,0.7422930304332814,0.3659823816265534,0.6030910806984426,0.969073462324996,0.11315231417032012,0.11917812808918016,0.023398036806516212,2024-04-10,2024-04-12,-1.085477256768953,1.8214582036328777,stop
ZBH,2023-07-20,5,2,56.58266334809095,-0.004821652361184148,0.03509487023766966,0.17333024619797022,0.40224358974358976,0.016175556559887064,0.008206870960274948,0.02838628001758159,1.348404585809029,0.7653952514341457,0.1290328354468916,0.8944280868810371,0.09868947446387422,0.16348537622127357,0.024349833338125498,2023-07-21,2023-07-28,-1.0821360857886662,1.6472293912285445,stop
RMD,2024-07-05,4,2,44.1232866741112,-0.07784811487133336,0.05499140957941173,0.18020301029297547,0.6523125996810207,0.03012514781641074,-0.01627810286837772,-0.031852562147182684,0.5165457877150028,0.7464808029142187,0.207745457280706,0.9542262601949247,0.12500846285041556,0.17463763583137415,0.07983878386679334,2024-07-08,2024-08-02,1.7469269447915448,1.771977426564124,target
RMD,2026-02-17,6,2,49.47010044082497,-0.016445749544048094,0.01706633265235702,-0.09781857897401924,0.37101910828025475,0.031054875348029167,-0.005550678846001467,0.0023675443506665506,1.0197137579042799,0.5420457520759737,0.234090550477963,0.7761363025539366,0.05018127796674832,0.03196142570319482,0.046869509357242364,2026-02-18,2026-03-11,-1.0426716649571872,1.6514897474820285,stop
IQV,2024-02-06,4,3,49.73506924874202,-0.023172503679248835,0.09234283466366722,-0.01773825506391058,0.4233226837060703,0.02389119677392165,0.0018565410386517378,0.0018150625511312857,1.1872395459117688,0.8387606545432179,0.13488302772369515,0.973643682266913,0.11264059021542017,0.14869155734684014,0.051549237942795166,2024-02-07,2024-02-14,1.554913794920861,1.5937116526548476,target
IQV,2024-10-14,4,2,48.32763596590426,-0.022957669868455377,0.0010730995350907158,0.008911565694577961,0.34554140127388533,0.02194030615677263,9.73819132856768e-05,-0.008947031587733467,0.6765498524176414,0.8024438905843087,0.1262718237813178,0.9287157143656264,0.11439969328408539,0.10939322117581574,0.04235111669490845,2024-10-15,2024-10-22,-1.0472242565504877,1.7992483732600262,stop
CRL,2025-11-11,4,3,48.67058261325423,0.016760434954180337,0.11935483870967745,0.2046937567906748,0.7484076433121019,0.041644827458771294,-0.011729860739213449,0.015364030826263475,0.7905437593575609,0.47798798873728193,0.26414989318843557,0.7421378819257175,0.0999969093926063,0.12387972353796961,0.0794228869318753,2025-11-12,2025-11-19,-1.0251816583010323,1.8651356357982636,stop
HCA,2023-08-23,4,2,53.68154035241271,-0.02927872586462854,0.037333223594836706,0.09575536695130205,0.4519230769230769,0.018200675779201488,0.013266354281674664,5.902642856825402e-05,0.636871636409471,0.10638270242190687,0.6766054152327894,0.7829881176546962,0.05681731840688031,0.1053935403566828,0.04766968805355655,2023-08-24,2023-09-12,-1.041955382585114,1.9944482639094083,stop
THC,2023-08-23,4,2,52.499852186345144,-0.027202053848901175,0.08135351726638063,0.2645226342132423,0.6009615384615384,0.027359934913479753,0.01587849774909933,0.005154400654739488,0.8337983203960984,0.857757812731225,0.12500041106656976,0.9827582237977948,0.05681731840688031,0.1053935403566828,0.07521869642130936,2023-08-24,2023-09-15,-1.0265891340205864,1.703830059904115,stop
THC,2024-10-11,5,2,46.15414896120919,-0.013859801650220605,0.1856643547042689,0.5513739898116745,0.8248407643312102,0.03157706274486552,-0.015791051517911936,0.0006290808363780265,0.7023925748599094,0.257145170431544,0.5061253215248843,0.7632704919564283,0.10663202363170043,0.10137204596396288,0.059232896649745924,2024-10-14,2024-10-25,-1.8730114931171105,1.5688837395467041,gap_stop
THC,2026-05-06,4,2,52.939033945287065,-0.00046254673102019694,0.020192965335034785,-0.03416259448663639,0.5207006369426752,0.04606816159902499,0.029816720957129172,-0.012551710738616162,1.2682673041964863,0.6802179154831332,0.09560547169748046,0.7758233871806136,0.10579175626314519,0.1638013305387771,0.14121553562410727,2026-05-07,2026-06-01,-1.0141627476832555,1.864409541335299,stop
HUM,2023-11-13,6,2,49.109158658830516,-0.017431699911645282,0.005517808465989482,-0.04490736242608573,0.6869009584664537,0.023810263957855213,-0.003383786246791365,0.003988521587449334,0.4660771207355637,0.7190242863229536,0.06282488282914862,0.7818491691521022,0.037472715263679346,0.08714468806718534,0.04147581971831347,2023-11-14,2023-12-11,-1.0482208673290405,1.812395020062605,stop
CI,2023-10-06,4,2,54.10375179063252,0.024672221729238553,0.040156452505033524,0.09645627897514952,0.7843450479233227,0.017177884502068023,0.006966817836896455,0.015671123257043007,0.9825492816884295,0.5513117452548525,0.1909350463954329,0.7422467916502854,0.015649581925371914,0.06588400982588904,0.02355699355745931,2023-10-09,2023-10-13,1.879832073541027,1.9647325509776608,target
CI,2024-05-31,4,3,53.37882905991777,-0.035164268206251514,0.03933963490572645,0.3226504760052975,0.5654952076677316,0.01710669884216758,0.012544598166570387,0.004941195967847145,2.1205326921098093,0.8858425536263398,0.1103508820824373,0.996193435708777,0.09416874254783036,0.101477621973451,0.03490645902793818,2024-06-03,2024-07-01,-1.0572959863502411,1.9573160562610281,stop
GE,2023-09-28,4,2,48.002432543470874,-0.025224668857503074,0.04421760756517901,0.1960871254816634,0.7571884984025559,0.01905622928228322,-0.00525822373122764,0.002238189687973957,1.0611214592017273,0.5925912812569184,0.10648373533967273,0.6990750165965912,0.01367204385688403,0.04964488932627287,0.027471191087511775,2023-09-29,2023-10-02,-1.0728035414856543,1.504735970967,stop
GE,2024-11-20,5,1,46.4128072461304,0.007471912170898154,0.050469049022959345,0.11028729833572837,0.4745222929936306,0.023255668180698793,-0.009070314541927416,-0.007093751401565318,0.6988941507105626,-0.047248304407639816,0.7795279374748398,0.7795279374748398,0.09615389492202109,0.09290332588255579,0.047048507489290764,2024-11-21,2024-12-11,-1.0425093187165446,1.8365653022528539,stop
GE,2025-11-28,4,2,48.31040457991309,-0.05036899009358975,0.08580915027434766,0.21691301796885742,0.7133757961783439,0.026333847692526332,-0.0037680747654379454,0.004141815830096318,0.32247974837020504,0.42105544946728823,0.5116984634054871,0.9327539128727753,0.09096069345959124,0.10788874576700391,0.04225175026492466,2025-12-01,2025-12-05,-1.047335317175258,1.5474340280331373,stop
HON,2024-08-23,4,2,51.394367279251405,0.0056205969385316745,0.0210537275411653,0.0257228629269175,0.37579617834394907,0.016312990622883366,0.007492816848842843,-0.004600844603992682,0.9301270358706897,0.4072123112179108,0.43814949790728125,0.845361809125192,0.10426536326131597,0.09941832134029638,0.046242808131755554,2024-08-26,2024-10-07,-0.07086639404173582,1.5827115610934392,time
HON,2024-12-24,5,3,53.30526307921305,-0.0009166564108658015,0.11242312722302739,0.08365973990753028,0.7436305732484076,0.02088997036321358,0.004052699101649404,0.026367235656270527,0.457553199965157,0.6198347458888427,0.2754802192615059,0.8953149651503486,0.0940673083853878,0.12300495821121604,0.026655263470717245,2024-12-26,2025-01-06,-1.07503208520888,1.901023897330915,stop
CAT,2024-04-29,4,2,45.90292572519183,-0.04190397391650935,0.15770852674701064,0.4548595614430013,0.8242811501597445,0.02755301428200729,-0.017844360695500883,0.010397227681550936,0.8413230089095618,0.8350036997631318,0.0,0.8350036997631318,0.08148590699921865,0.08309924369726573,0.05090120211441597,2024-04-30,2024-05-02,-1.039291802883248,1.7946070287145297,stop
DE,2026-04-20,5,2,53.79093708894491,0.05052831698824667,0.15913454755654555,0.30877904990926863,0.8343949044585988,0.02650642796114836,0.012183087986472163,0.03005957415917737,0.6895052636707404,0.5611896157589381,0.3003689257395497,0.8615585414984878,0.07884118550321273,0.0978973070427096,0.0750233542570578,2026-04-21,2026-05-21,-1.047446563506632,1.716371825011073,gap_stop
ETN,2023-10-12,4,2,53.00650534472114,-0.017885460203418413,0.07301084543289327,0.36558099555916845,0.84185303514377,0.023473735902264068,0.013457967774954227,0.014233233997983596,1.1989905265540641,0.19569469286838537,0.21526237051679392,0.4109570633851793,0.024319401180657563,0.07784250841366824,0.06081063868181153,2023-10-13,2023-10-18,-1.0328889819833154,1.8173321178668425,stop
ETN,2024-07-22,5,2,49.72956222036854,-0.009033526398928737,0.060253135719370965,0.31759572315172413,0.4688995215311005,0.026666247575652256,0.0005228261769392173,0.0009559212864953537,1.1038690549116659,0.6314074432775492,0.17355205149157757,0.8049594947691266,0.10999957882555456,0.12305807941248048,0.047481729967102745,2024-07-23,2024-07-24,-1.0421214644324392,1.5442782220530962,stop
ETN,2026-02-26,4,1,55.981416842677774,0.09789254646526757,0.13364401345729315,0.06705366535296386,0.6050955414012739,0.03307243565167795,0.013463448333121963,0.047456370823537375,0.6836650895987056,0.09958528992771357,0.891424048963225,0.9910093388909386,0.056005706432325386,0.04256594846950734,0.06374072997534669,2026-02-27,2026-03-06,-1.0313771116329158,1.6950280837157723,stop
OTIS,2024-05-06,4,2,43.615982637099,-0.04786746960832666,0.0280533975910211,0.19289693068679958,0.43130990415335463,0.017315505431678164,-0.01143404106171464,-0.016074653421921936,0.6743869906068256,0.49424289460068255,0.47126708935132333,0.9655099839520059,0.09128359561441557,0.09781115694309772,0.034712844235622126,2024-05-07,2024-05-31,1.8457520370411558,1.903367598198418,target
IR,2024-05-07,4,3,45.52972022878953,-0.044250608877415276,0.07964916567982638,0.3753916458177067,0.5830670926517572,0.0258047155227495,-0.014416485517123379,-0.003988286509499672,1.1110697300256605,0.5042727797358368,0.3205122771095771,0.824785056845414,0.09148334299907712,0.09691636118793001,0.04439322110747661,2024-05-08,2024-05-22,1.4723802279465557,1.517432151418339,target
IR,2026-04-08,4,2,52.948633514510306,-0.02296337340137189,0.015084513697994018,0.015589340316567002,0.5414012738853503,0.03497601430683427,0.02822547037128853,-0.004051566780713389,0.9937839314075956,0.8328258666549173,0.0,0.8328258666549173,0.03408016886896892,0.03485401440471558,0.0984298899789137,2026-04-09,2026-05-04,-1.0203190311441825,1.9904379707023085,stop
XYL,2024-06-10,4,3,51.49337360501321,-0.0210059682643281,0.10646968349037311,0.3204595356282629,0.7827476038338658,0.019045123653158438,0.00020799182852027087,0.02617169168314204,0.8781611207816651,0.8656767405315491,0.13432325946845092,1.0,0.10461572299472555,0.12775951209709446,0.024909569743178466,2024-06-11,2024-06-26,-1.0802904273586542,1.8118363830424828,stop
TT,2025-11-28,4,2,51.67258841367432,-0.014035755885677514,0.01646086974782346,-0.016048286870715023,0.5238853503184714,0.02555533667452733,0.006869727186795682,0.0023153383158505125,0.30650170172617297,0.12527667109339735,0.7626396769823086,0.887916348075706,0.09096069345959124,0.10788874576700391,0.047727264616946825,2025-12-01,2025-12-08,-1.041904769025666,1.9489429947249148,stop
MMM,2024-05-30,4,1,52.36005227025332,0.024577874036740166,0.2837917301888553,0.220457139578212,0.9281150159744409,0.019432373612742186,-0.003532748545083675,0.04086157310411509,0.9445500259629539,0.38059178874610283,0.597015435244285,0.9776072239903879,0.08532032787989996,0.104656919209964,0.03973185026766708,2024-05-31,2024-07-12,1.675002342196723,1.7253397915358886,target
MMM,2024-11-18,4,1,49.011432413461485,-0.031654020978510555,0.030287767116055075,0.2592098967373948,0.4156050955414013,0.02207668458973323,-0.0022255333057257243,0.0038878942163529384,0.5602182848064103,0.21546956668352893,0.6685044680492342,0.8839740347327631,0.09391239066604351,0.08811035075203244,0.04229128823479033,2024-11-19,2025-01-02,0.079177365831197,1.994009422474332,time
LHX,2024-08-01,6,2,49.00289128790008,0.0251341435569028,0.08807170988004787,0.11143618300525637,0.5869218500797448,0.021210718630287822,-0.007437316145090245,0.011838130978948591,1.0407606465906294,0.3565401862600239,0.4789032999507462,0.8354434862107701,0.07921430338463087,0.06360506203690619,0.03466632623415434,2024-08-02,2024-09-13,0.15649806072052364,1.9068174087921228,time
EXPD,2025-10-14,6,2,42.89644900092253,-0.05467868994632852,0.03949352046203658,0.05486248961324747,0.5063694267515924,0.021855995508318397,-0.02014169598688509,-0.01981898688569217,1.2472456280793258,0.7128304255676203,0.1466396504465757,0.859470076014196,0.08787644377303083,0.11015381823178139,0.0423739363631978,2025-10-15,2025-11-04,2.40138054626079,1.7736076603528492,target
CHRW,2024-12-02,4,2,44.38599273392571,0.030473527545946455,0.031060763715032413,0.23493674215557636,0.35668789808917195,0.020747101993048158,-0.01249789809973556,-0.0021589767579947017,0.9882368441639183,0.07664184798044286,0.4489054346797057,0.5255472826601485,0.11211507494387418,0.11142715406865156,0.03873671423852774,2024-12-03,2024-12-12,1.578623398346515,1.6302540035569795,target
CHRW,2025-10-14,4,3,45.32881704279952,-0.03969380521242949,0.3130867227153018,0.4013639400392677,0.9076433121019108,0.024113758571336037,-0.01957808832545327,0.018811005517123558,0.878737574079621,0.7995544710915968,0.16703765755785158,0.9665921286494484,0.08787644377303083,0.11015381823178139,0.04253247916433048,2025-10-15,2025-10-30,3.7495619007169334,1.5514906389037586,target
UPS,2026-04-27,5,1,65.63165405567037,0.11015383998416883,0.025983580934152428,0.28297530850801467,0.552547770700637,0.021115215008403642,0.0406320903196038,0.04615102454319775,1.3749707034519705,0.7357166212534112,0.06428337874658879,0.8,0.08433730214089308,0.12130245000220263,0.09153332358837667,2026-04-28,2026-06-09,0.5768074244389699,1.694877684365703,time
ODFL,2023-09-28,4,3,47.870279492641565,-0.04996952679465416,0.08163148140728915,0.22802255851561637,0.8210862619808307,0.0259350094205102,-0.007078279549599276,0.009321818978763163,1.1810336010825355,0.550725100619687,0.20531330931893296,0.75603840993862,0.01367204385688403,0.04964488932627287,0.035105013177606885,2023-09-29,2023-10-19,-1.0569719199329564,1.7688898807835332,stop
ODFL,2026-07-09,5,2,54.82175729464913,-0.08566450295085004,0.08965589641761595,0.3409053374466504,0.5955414012738853,0.03357582576843601,0.019291499149597602,0.03518931896569244,0.8541354482657798,0.7453427451456127,0.0,0.7453427451456127,0.08925038931835871,0.12982341793720864,0.06484211039903863,2026-07-10,2026-07-10,0.0549974672556367,1.6623069438101126,time
FAST,2026-04-17,4,2,49.60853518931098,0.015527934722920023,0.05750698982556379,0.09546827606035158,0.6003184713375797,0.028711027530544518,-0.002841731044854856,0.0062741793846328164,1.0336347856206183,0.6321838072479269,0.11494091596694476,0.7471247232148717,0.08186014252132146,0.10247878744597005,0.049592903695527824,2026-04-20,2026-05-11,-1.0403283504486622,1.6899212225005824,stop
PNR,2023-08-23,4,3,49.69796448931194,0.01748296187186793,0.17330078780138636,0.24483911876826103,0.8028846153846154,0.020340667081839476,-0.006087015740309121,0.02683504137446535,0.562714206009724,0.7786261320287695,0.08396959902157995,0.8625957310503495,0.05681731840688031,0.1053935403566828,0.030973757042038065,2023-08-24,2023-09-21,-1.0645707912438769,1.950296002058604,stop
PNR,2025-11-04,4,2,43.09679622801154,-0.04129768409315948,0.047514371977697145,0.17574664991459144,0.5748407643312102,0.0237658229449136,-0.011956427365399702,-0.009726647423969559,0.995878809836511,0.4780497063617912,0.3756075594161495,0.8536572657779408,0.09253268848040674,0.1264578962308911,0.031111412980565543,2025-11-05,2025-11-17,-1.0642850905309043,1.9384326782614487,stop
FTV,2026-04-06,4,2,55.51906176663109,-0.021677465831665077,0.02495137171951045,0.14174612558493882,0.5796178343949044,0.026847540833661344,0.01989805364213182,0.017075318270225237,0.6642740924696192,0.7685180933542898,0.16203662822527987,0.9305547215795696,0.008387126843659498,0.005226320010581542,0.05714738829751322,2026-04-07,2026-04-27,1.6604148811680701,1.6954121060558964,target
FBIN,2024-11-25,4,2,53.65595203451431,-0.04997913527726072,0.024177700119204948,0.1880743695118945,0.3646496815286624,0.02854905913000885,0.028634154872759332,0.0019633615436471796,1.3558936618844835,0.6324435511286647,0.1683776657825764,0.8008212169112411,0.105753333265036,0.0971344972775805,0.08519496036263502,2024-11-26,2024-12-18,-1.0234755669993498,1.521026185030702,stop
JCI,2025-08-08,4,3,49.04976708885142,-0.00733567234376975,0.16104051075370474,0.20919588654123356,0.714968152866242,0.022518667320021984,-0.005321308660818036,0.020348257087746235,1.3345276181945585,0.315153813075383,0.4242401823654787,0.7393939954408617,0.09206821907393326,0.12546506505594368,0.034025903920287016,2025-08-11,2025-09-22,1.0143340337573261,1.8471038413187115,time
CSX,2024-03-20,4,3,54.37797946317985,0.023583107899441735,0.09901741694205701,0.2248208960243243,0.597444089456869,0.015636653348245544,0.004126189444962236,0.02902557804516337,1.1672301065529451,0.7528117338453866,0.16853686971728613,0.9213486035626727,0.13361226489509903,0.1421576750538558,0.031168902310505873,2024-03-21,2024-03-26,-1.726860551712018,1.67389789291149,gap_stop
UNP,2024-03-28,4,2,48.61067696062374,-0.03173375346774587,0.005649506494454393,0.22819081198148594,0.3210862619808307,0.014767880000801705,-0.0022141090740942504,0.0037977341665789144,0.9695100035941057,0.02362114849724695,0.649605613326838,0.6732267618240849,0.13032903051992828,0.13321068979152595,0.021845956116662416,2024-04-01,2024-04-04,-1.0915501243946266,1.9663284099507126,stop
WAB,2024-07-03,4,2,41.359384494524,-0.04658464644807936,0.06738660408018893,0.25839655355331526,0.7129186602870813,0.019537358949883395,-0.01602274713647267,-0.011179934819350645,0.7721629960427978,0.8056443126375157,0.13166076724385348,0.9373050798813691,0.11996527464310014,0.16456037588706196,0.04056302814810595,2024-07-05,2024-08-02,-1.0493059835842997,1.79713630119642,stop
WAB,2025-01-13,6,2,47.04189319438487,-0.054369763252345105,0.04359944399604965,0.1805664365256736,0.6831210191082803,0.02027336225900833,-0.004792686582414163,-0.004422987251871513,0.9117884834454121,0.9745201263464782,0.0,0.9745201263464782,0.049960318078692056,0.06101865979274668,0.03497161802866741,2025-01-14,2025-01-22,1.9357160571972016,1.9533226088790796,target
AXON,2024-12-20,5,3,55.18089346012093,0.03586303311554029,0.6035182985392868,1.1581481930195552,0.9665605095541401,0.038546707020677896,0.00686384936254858,0.11141241034376148,7.179476709168308,0.8445375688028575,0.10138854208509299,0.9459261108879504,0.07751654913303985,0.09985707762667562,0.05317180405412508,2024-12-23,2024-12-30,-1.0376139203018981,1.7939457687033513,stop
LIN,2023-12-22,5,3,54.98962352606571,0.0009464158177143744,0.09411153655232796,0.11507995981478669,0.4776357827476038,0.016499424677827616,0.008068679460251138,0.028930249650452433,0.3718272902349351,0.042612035407428715,0.5198841715578763,0.562496206965305,0.09756360842068612,0.14093941122332132,0.03387075612241256,2023-12-26,2024-02-05,-1.0590479879684938,1.5408046219694875,stop
APD,2024-11-08,5,2,53.39401592250941,-0.005149072303615609,0.14942426069939718,0.2653616648982826,0.5764331210191083,0.020444467393054867,0.0018925169853722945,0.033482375840137246,1.8393593442599623,0.332244837098336,0.4022813688212949,0.7345262059196309,0.11974839989419239,0.12607272723895346,0.03708628627467473,2024-11-11,2024-11-22,1.4967650880685632,1.5506933780350285,target
ECL,2024-12-04,4,2,51.55065975542526,0.017832248679303442,0.011031609814758925,0.04522545698031499,0.32802547770700635,0.014124182167662635,0.004126914310956131,0.00028540795419940146,0.6202031165206605,0.49549339015281946,0.4144156528512817,0.9099090430041011,0.11697177621394328,0.12590316655923006,0.031670022518613464,2024-12-05,2024-12-18,-1.0631512023341485,1.7467259548622185,stop
ECL,2026-04-09,4,1,50.47517498367472,-0.029104733774523606,0.0165591028827643,-0.018007112586693297,0.517515923566879,0.024403373542550042,0.009169383793357522,-0.01029751266717549,0.5816597076586875,0.469799894861174,0.39149877451816745,0.8612986693793415,0.03963153823124754,0.041420784754163,0.07933539175003504,2026-04-10,2026-05-08,-1.0252094299389292,1.5284974283814021,stop
FCX,2023-08-29,5,2,49.654689675693795,-0.09988821109035306,0.17845731642096974,-0.011806746759684295,0.8012820512820513,0.029144325753001424,0.0031270952596778034,0.0005731671715429876,0.9764600453468676,0.867546824711121,0.11258393585254406,0.980130760563665,0.06913661396084558,0.1180337416671029,0.06153955061870046,2023-08-30,2023-09-21,-1.0324994248396777,1.7779865010049791,stop
FCX,2026-03-11,4,1,46.62182248750293,-0.03254206263207826,0.3709631936143385,0.410677151274512,0.9538216560509554,0.052516419131263946,-0.02926276517030635,0.022115860561735312,0.9784311661630687,0.10697645535033148,0.7860470892993371,0.8930235446496685,0.03238792377618749,0.036515472290391315,0.09009209521836739,2026-03-12,2026-03-18,-1.0221995059072868,1.603689316124555,stop
NUE,2023-03-31,4,2,49.455245345413495,-0.11823147230662034,0.16050672896044005,0.47771514621627587,0.7736757624398074,0.033092417755589826,0.006711217023497529,-0.007590832032641548,0.9439050985308604,0.6854571057290458,0.16023943094400292,0.8456965366730487,0.03242293905110771,0.07868700086898639,0.10143942254259944,2023-04-03,2023-05-10,-1.01971620056453,1.765788837268111,stop
NUE,2025-09-26,4,3,45.8314223511352,-0.08115483323475714,0.05539424357243039,0.09311121902850239,0.5047770700636943,0.026699453643122786,-0.010576446358256941,-0.01064979208450223,0.6780247533732401,0.8771449497767896,0.0,0.8771449497767896,0.10054358747712366,0.12346866931002065,0.050716446843485766,2025-09-29,2025-10-28,1.664049101962169,1.703484041207265,target
STLD,2024-01-08,4,3,49.84431531398362,0.03318858882925779,0.08501499934012124,0.12084137496744773,0.3738019169329074,0.026205389633012333,-0.00641384754067742,0.021838667262651157,0.8133328131483839,0.4465238296318482,0.4866312124012413,0.9331550420330895,0.09079866991632257,0.11935134210778364,0.04772176997080509,2024-01-09,2024-01-17,-1.1266169153565624,1.976479335705258,gap_stop
STLD,2024-01-22,4,2,50.88435692871227,-0.06067774738044107,0.16771395683182,0.15953719529523824,0.5638977635782748,0.024787155765466442,0.0035639750154008443,0.011753049395863302,2.0047995353316113,0.9641783498674525,0.0,0.9641783498674525,0.10198978900759048,0.15200243336822306,0.060200357182644486,2024-01-23,2024-02-23,1.5507456875878907,1.5839680818326975,target
ATI,2026-03-17,5,2,50.422215077444044,0.0340443924450915,0.3659141251981133,0.9216269553956715,0.9442675159235668,0.04356893071207192,-0.01175684970287827,0.06420438136829665,0.7362050984056911,0.22529944634090443,0.47035089200632063,0.6956503383472251,0.023198984964924785,0.028190883700228264,0.06561831301990545,2026-03-18,2026-03-30,-1.0304792962201466,1.8693465128567728,stop
CLF,2024-03-18,4,3,49.76520787005925,0.004504512244739356,0.06359294129419713,0.404478638796419,0.5543130990415336,0.03206394468852203,-0.005570349015113885,0.019293522796819618,0.8456398335125854,0.418606920596337,0.2558118903669664,0.6744188109633034,0.11992169026101895,0.12905920020627426,0.042217651132842884,2024-03-19,2024-03-21,1.5751715260619215,1.6138383830260734,target
CLF,2025-10-27,4,2,54.907196284240285,0.11317708853328057,0.2679558833408635,0.6854345568145923,0.8805732484076433,0.06676657431889713,0.03719972339587452,0.12342397663290239,0.6952854260795449,0.7073184063863639,0.1585356209119921,0.8658540272983559,0.11590030333854484,0.15283414848665533,0.1318731382409978,2025-10-28,2025-11-03,-1.0151660908861135,1.5875282439889506,stop
CLF,2026-01-02,4,2,59.124912683960346,0.05426362663871198,0.07086618785206644,0.5419502099813591,0.7117834394904459,0.03637015373684181,0.03390046416352255,0.07628059950492472,0.8022268552212921,0.2727277981677889,0.7272722018322111,1.0,0.07338309306658286,0.0746103498883448,0.12323879867302219,2026-01-05,2026-01-07,-1.0162286554359103,1.6631728663937166,stop
CRH,2024-09-11,4,1,50.94857174624736,0.04542109773845282,0.09516478899314218,0.02946864648478531,0.5971337579617835,0.027845592657850585,-0.0030440390059955913,0.024696778711703615,0.6479387170340916,0.23297538085432726,0.7168456429061671,0.9498210237604944,0.07844590659056472,0.06547422414072046,0.038800672259815816,2024-09-12,2024-09-18,1.4879705047485476,1.5395160034091808,target
CRH,2025-03-25,6,2,50.63774383220611,-0.013579088087053326,0.06379974679661427,0.06947114226203555,0.6831210191082803,0.03571477338799344,0.006760835028696732,0.0024469205058299526,1.4191028406152084,0.3820229053440084,0.5280916213760336,0.910114526720042,0.017914747372443474,0.011564619339333726,0.06846063025612226,2025-03-26,2025-03-28,-1.048371719954721,1.8045359316436829,gap_stop
CF,2026-04-15,4,3,48.74548279172062,-0.012425446226755454,0.465608018640324,0.3850964631891285,0.9745222929936306,0.059186181589555305,-0.023136381069982837,0.052534280336011374,0.43466849016072995,0.3937794749554317,0.595855618672647,0.9896350936280788,0.06794833702764724,0.08511501943300304,0.08864088772617704,2026-04-16,2026-04-17,-1.0225629509282246,1.9503663620703982,stop
CF,2026-04-21,5,3,50.2414108199862,-0.028743042951540176,0.3792988955987351,0.4691056000952951,0.945859872611465,0.059876965209294766,-0.00562805129528976,0.05167582668751769,0.6646506086354369,0.825326914427547,0.005822547239481303,0.8311494616670283,0.07101319928044614,0.09270260367835403,0.10072094858306681,2026-04-22,2026-06-03,-0.3568915058281511,1.6434198705695249,time
NTR,2026-03-25,4,1,53.22638478292767,0.05305121654658085,0.22259465028761327,0.359233746264185,0.8678343949044586,0.03639895708075219,0.00867389075438263,0.057289213511773296,0.912046863675792,0.06896718040909346,0.5689649880516517,0.6379321684607452,0.004496117062292582,0.002870448672321446,0.058801250955780246,2026-03-26,2026-04-08,-1.0340128818263414,1.9989732654198717,stop
DD,2023-06-27,4,2,53.28072579904239,0.045701114510542595,0.009145577219902279,0.03502101507596578,0.3141025641025641,0.021114700341123272,0.006906455594325678,0.009781431756493708,0.7166451818961965,0.8865290111216435,0.10637986033279452,0.992908871454438,0.075118093562629,0.1541588517114323,0.0367499262298456,2023-06-28,2023-07-12,1.4926322390673723,1.547054117018674,target
DD,2024-11-22,5,2,49.57374913351319,-0.010803909424640712,0.025248252080984912,0.03663503109072841,0.40605095541401276,0.018036180387627523,0.001386879111854089,-0.0014643497993528376,0.909399744042914,0.6595755686888143,0.05319616692747018,0.7127717356162845,0.10318770274238664,0.09647237501564887,0.0402509573058814,2024-11-25,2024-12-16,-1.049688259208378,1.6654580617933243,stop
LYB,2023-10-17,4,2,50.702475844081754,-0.05749517125471715,0.05187211787997725,0.002102211572821977,0.8226837060702875,0.022048531770514627,0.0061936410562446476,-0.0011774122603146475,0.5672906513070447,0.8852465167471323,0.0,0.8852465167471323,0.02909136323294792,0.07055025370948287,0.05008936823092916,2023-10-18,2023-10-25,-1.0399286329741535,1.5990483860032711,stop
LYB,2026-04-21,5,3,48.81949402346755,-0.025913738493495986,0.47947491556009814,0.6100197388932664,0.9665605095541401,0.055686193884394934,-0.021026099687769917,0.0476537528172003,0.9821758832655633,0.7632489876905327,0.1696123838742209,0.9328613715647537,0.07101319928044614,0.09270260367835403,0.08953481183542189,2026-04-22,2026-06-03,-0.6113465807216099,1.8249603017321538,time
EMN,2026-03-12,4,3,42.31493257497531,-0.12408489737799366,0.16831322588034525,0.11310220620787348,0.821656050955414,0.04106482587478525,-0.03258033737595478,-0.01614095016568695,2.0432383142909636,0.6606333435749117,0.2963796609233281,0.9570130044982398,0.016542117271128642,0.018535669277855105,0.08655515311990578,2026-03-13,2026-03-20,-1.0231066542881553,1.7126059185473146,stop
PLD,2026-01-27,4,3,50.03329566218546,-0.0034842566052512014,0.02588466540850831,0.22161338385251428,0.47611464968152867,0.0202144749309796,-0.0019560987116886697,0.012401637333770088,0.8790834499010933,0.7032636650124979,0.25519342920273647,0.9584570942152344,0.07923723478923272,0.09160198074994597,0.027571854072750236,2026-01-28,2026-02-04,1.4781899624537411,1.5507277031048725,target
CCI,2024-10-14,6,2,45.29410698789504,-0.05738329902647876,0.09260897904459608,0.20575087968877148,0.6130573248407644,0.02021750350563249,-0.013690915826237715,-0.00025051997001002135,0.515129741163553,0.6899568556245982,0.1353700588029464,0.8253269144275446,0.11439969328408539,0.10939322117581574,0.03258627614185862,2024-10-15,2024-10-22,-1.1220016771008068,1.9491231645400446,gap_stop
SPG,2025-01-02,4,2,46.77067771160174,-0.03217096716909351,0.041504559469417,0.1989091369606173,0.643312101910828,0.019331850789936406,-0.006358376501857554,-0.0027033123049828855,0.7457817627451487,0.38721705310738963,0.3458634971260758,0.7330805502334654,0.05986311657567733,0.07609892334494583,0.03375739349537901,2025-01-03,2025-02-11,1.456538094023628,1.5157843744058435,target
VICI,2024-11-05,5,2,44.48439418587929,-0.011720952222697534,0.031032515438805808,0.11477795974228533,0.28503184713375795,0.01677244262884054,-0.009189595409550999,-0.007128339103578352,0.8437162957696319,0.7042243683595446,0.29577563164045534,1.0,0.08327336583091838,0.08197730454913699,0.025965077596390808,2024-11-06,2024-11-06,-1.0770265366076937,1.8834480578791926,stop
VICI,2025-08-20,4,2,52.0020421041995,-0.014349744203406067,0.04692072996343044,0.11124162696603435,0.5031847133757962,0.014677919268477136,0.004290676121922132,0.01007529329275858,1.731958266718204,0.6050456803974967,0.11764705882353316,0.72269273922103,0.08534232446848766,0.09781168360051229,0.018246555673923304,2025-08-21,2025-08-27,1.7316305326080255,1.8412402603693179,target
WPC,2024-10-03,4,1,50.70967081756092,0.021680751071015747,0.12396010162211457,0.14056728558496645,0.5859872611464968,0.01619186417933326,-0.004663286204767636,0.02078092394403286,0.5519164421759062,0.13432818825190096,0.6716409412595282,0.8059691295114292,0.09071791774605886,0.08132759942660384,0.024161603888503445,2024-10-04,2024-10-08,-1.0827759617792443,1.508399051845783,stop
EQR,2024-05-30,4,1,42.20107130948743,-0.0077640574384006955,0.07269724281396361,0.1454566881479633,0.6773162939297125,0.017342097433643025,-0.022526407432481133,-0.004694441896147428,0.9554257090132967,0.41071927302947975,0.41071246108677806,0.8214317341162578,0.08532032787989996,0.104656919209964,0.03346007351767006,2024-05-31,2024-06-21,1.766169411630864,1.8259421434195078,target
IRM,2023-10-09,4,2,45.652010347462536,-0.044232571608320614,0.02336013601141529,0.15662662450173492,0.7523961661341853,0.021521016087886063,-0.009082017381640939,-0.012477016374530692,0.5976214216557564,0.9285720773293483,0.06547654188672929,0.9940486192160776,0.021926943307821523,0.07056044758343272,0.0492006743846139,2023-10-10,2023-11-20,1.3029181888546206,1.6649331421984637,time
IRM,2024-04-22,6,2,45.99720409127783,-0.06277021141155759,0.139480632176463,0.29222307796249414,0.8115015974440895,0.02003657794061658,-0.010673548090529561,0.004723531458754371,0.8290851150487631,0.4098356555019128,0.4918015358831326,0.9016371913850454,0.06360525455740218,0.05207533668886799,0.03678108924609042,2024-04-23,2024-05-15,1.858551178209975,1.7614046456792625,target
DLR,2024-01-08,4,3,50.724147155764285,-0.004249892243490483,0.1493927310055072,0.1946342148865836,0.5846645367412141,0.01933316629240495,-0.00045524199443858215,0.01622734235864609,0.6307085323887915,0.852239695308033,0.05013245726341041,0.9023721525714434,0.09079866991632257,0.11935134210778364,0.02133571607456348,2024-01-09,2024-01-12,1.6193889887512145,1.713128518889807,target
DLR,2026-06-15,4,2,47.1371370171956,-0.03478118738678149,0.026939521566897273,0.18939813103926517,0.4713375796178344,0.022816446937673915,-0.0056749389583987675,-0.009216283795753455,1.3587764705882353,0.017856413004482267,0.407736567953824,0.4255929809583063,0.10561142655171785,0.18696237281808314,0.052788591600771186,2026-06-16,2026-07-01,-1.0378869740478316,1.9351086672197981,stop
SUI,2024-10-30,5,2,47.70070033467889,-0.006355574043458656,0.004617574387220991,0.1958769379793981,0.34076433121019106,0.023178155781604492,-0.007575727076268968,-0.002689669233201575,0.7059173357121618,0.78658156477079,0.012197731649904535,0.7987792964206946,0.0927753719779405,0.0943334121922983,0.05982816631759419,2024-10-31,2024-11-07,-1.596722848173676,1.851046236026345,gap_stop
ELS,2023-08-24,4,2,46.90923000032895,-0.06892270486444874,0.07385798996206994,-0.01943732791663555,0.5865384615384616,0.019112921818573617,-0.006274093356823829,-0.006158220993341179,0.6157783386388347,0.35245891387548217,0.13934887560346806,0.4918077894789502,0.04173346588971327,0.0808856972292964,0.04260186193407212,2023-08-25,2023-09-11,-1.0469463049078715,1.57379199026666,stop
ELS,2024-10-15,4,2,46.913140642873344,-0.07476933275741704,0.010574561978518915,0.14939020216539634,0.3678343949044586,0.019715321954841308,-0.0037688757789045013,-0.008249897600483225,1.0482795412109895,0.6690652615401476,0.08632746034359604,0.7553927218837435,0.10457894867535877,0.09353511058576314,0.058585393848804804,2024-10-16,2024-11-26,0.49095270164463933,1.5934787259532437,time
CUBE,2024-11-08,5,2,48.79613018617969,-0.020637084732616495,0.03736656147307382,0.16915124938363735,0.3057324840764331,0.024651331821246986,0.0026207202832220222,-0.011685278097088081,0.7651132769852095,0.8416679117406773,0.02499896685347812,0.8666668785941555,0.11974839989419239,0.12607272723895346,0.07079400676401552,2024-11-11,2024-12-18,-1.028250979022374,1.6242565897300536,stop
COLD,2023-06-02,4,2,55.55225350669678,0.03328724449130771,0.00354157104893571,0.014174113537741118,0.5913461538461539,0.018700042323613126,0.012709880425897824,0.01817136830180277,0.867281200861815,0.5399971008300762,0.22000122070313016,0.7599983215332063,0.06329213369673359,0.15232432741838942,0.03455957048165017,2023-06-05,2023-06-14,1.7181344458687131,1.7760055354721538,target
KIM,2025-10-14,4,2,46.79011562556411,-0.04252466799400989,0.01014679078093228,0.07886101008213364,0.43471337579617836,0.016345022764367077,-0.004636793853891041,-0.007761626582311942,1.426287626102437,0.8400001525878931,0.0,0.8400001525878931,0.08787644377303083,0.11015381823178139,0.0347138567639228,2025-10-15,2025-10-31,-1.0576138806356588,1.8727881942279205,stop
REG,2023-08-29,4,2,46.283607139156,-0.05035863784604511,0.1276629178101345,0.011190740055954329,0.6923076923076923,0.01842742781261018,-0.00547896790606095,-0.004747599565549154,0.7002139091215027,0.47916616996081707,0.42708358168625254,0.9062497516470697,0.06913661396084558,0.1180337416671029,0.038771245824562664,2023-08-30,2023-09-26,-1.051584620443972,1.745930200490948,stop
BRX,2024-01-19,4,2,48.28497576711346,-0.026214569269061183,0.10788824822775145,-0.001923210152616539,0.46485623003194887,0.01956058351948654,-0.006931658654524053,0.010059423968675762,1.1119456808880201,0.36363825522441207,0.47272487671574953,0.8363631319401615,0.1007930822209735,0.1522603575359993,0.03543449859601771,2024-01-22,2024-02-13,-1.0564421701800168,1.7064568640789057,stop
BRX,2025-10-14,6,2,49.980304413520585,-0.026455481202051212,0.06960288057628983,0.10316627060371131,0.5955414012738853,0.015306098016736387,0.0002526148306516429,0.006318402258273403,1.1149113892478368,0.6800003051757834,0.139999389648437,0.8199996948242203,0.08787644377303083,0.11015381823178139,0.02257652395194973,2025-10-15,2025-10-23,1.4642330478632681,1.552820644618936,target
SKT,2026-01-30,5,2,46.38522625953781,-0.030712812572481707,0.009863277805861603,0.10977319805031782,0.3853503184713376,0.020260701956165278,-0.0045859317379800535,-0.009032751395946614,1.6161962013862055,0.20512782892564524,0.7564122314736729,0.961540060399318,0.07134928674354857,0.07284557675811798,0.030873786908301643,2026-02-02,2026-02-03,-1.0647798731636067,1.9084675771926263,stop
HR,2025-11-05,4,3,47.99809381619837,-0.0016703352390192716,0.0783587951776783,0.22070206185094032,0.6353503184713376,0.020431266262939562,-0.005900951677870081,0.008269208459825483,0.8553982296614934,0.5675718866309958,0.2702669264792339,0.8378388131102297,0.095269034315002,0.13228138754294583,0.036786293284991736,2025-11-06,2025-12-16,-1.0543680762969387,1.5612134656640355,stop
WELL,2024-01-08,4,2,53.07667681989619,0.027339122539000282,0.11010908112615114,0.15083121338800587,0.46166134185303515,0.01684789176082258,0.003513174298884314,0.02001208940259458,0.6940083916301159,0.8684227697774952,0.12499686290650323,0.9934196326839985,0.09079866991632257,0.11935134210778364,0.025430816670450093,2024-01-09,2024-01-29,-1.0786447413748983,1.7834375019634439,stop
WELL,2025-01-14,5,2,48.41819891994363,-0.013375809847101183,0.018519808551807904,0.21729753642616179,0.6273885350318471,0.01809807108991812,0.0018834032139594115,-0.011360082246785752,0.6490551695134462,0.8692324847118994,0.030769862788595993,0.9000023475004953,0.05086750026727005,0.059378662302784324,0.04692160093550189,2025-01-15,2025-02-03,1.7948927371000825,1.837517028687004,target
NNN,2024-02-14,4,2,43.386299126681635,-0.057615568660440486,0.07369416985142929,0.06059075446305062,0.3258785942492013,0.01894793406679587,-0.01272949900889242,-0.013800343395400705,1.3499195814762965,0.3636371517994079,0.5227278638495652,0.8863650156489731,0.11499930838843753,0.15283088658651645,0.03639804996751647,2024-02-15,2024-03-11,1.7455025033931788,1.8004505020300536,target
EPRT,2024-03-04,4,2,49.461139808374284,-0.030098855146318937,0.04255082376059738,0.04440198610181478,0.3402555910543131,0.019637532471102226,0.0017793165558412927,-0.0017731647629654068,1.204744457554493,0.3058795546240719,0.305884042491129,0.6117635971152009,0.12906662155988435,0.16052129447921448,0.041470057061122,2024-03-05,2024-03-22,1.6412107836529066,1.6777008256189574,target
EPRT,2025-01-31,4,1,53.87093419197873,0.03833081224729096,0.003291270614740105,0.10455744499823938,0.5111464968152867,0.02331536766830593,0.013778297935802764,0.00907217996969445,1.5472841164188176,0.0704213622748454,0.661969939152976,0.7323913014278214,0.07578194645572478,0.08366525714016326,0.052369935649641826,2025-02-03,2025-02-13,-1.038189850248817,1.553648410412111,stop
ADC,2025-12-18,4,2,46.62309928055386,-0.017409975047464776,0.027110209379576533,-0.009382987468371184,0.5748407643312102,0.014716010477401608,-0.004017655737598602,-0.005753543524605331,1.672506019579855,0.08045987091343386,0.4137961274028318,0.49425599831626565,0.06754917823494533,0.07483854612936658,0.024405924653306797,2025-12-19,2026-01-06,-1.081947315187217,1.973315432736042,stop
ADC,2026-04-30,4,3,50.75577841516498,0.026540286784069167,0.086610993231508,0.06744368719570071,0.6815286624203821,0.017612817198531475,0.0016716719232801047,0.006606002745254358,0.88561617631083,0.880433881213407,0.04347934254390692,0.9239132237573139,0.08697643486010276,0.12330757681175841,0.02987999975107788,2026-05-01,2026-05-13,-1.0669344048414142,1.6495810504977755,stop
NEE,2025-09-22,4,2,53.54851406338088,-0.04167363595361673,0.030813899929299504,0.036955647461844876,0.3996815286624204,0.020238000077821908,0.01110135500690812,0.007084235284251061,0.9939185298794697,0.7480265766361086,0.10236570508584909,0.8503922817219577,0.11340075892632195,0.1409593285561137,0.04169785216961919,2025-09-23,2025-10-01,1.7377668676233782,1.7857309687925311,target
DUK,2025-07-09,5,2,51.963729955482144,0.016835814202691868,0.011772125747706808,0.1071629860879093,0.1035031847133758,0.015470920000532875,0.003239452285664246,0.0038267279110113517,0.7253373070283005,0.46236576782037075,0.4139765539758978,0.8763423217962686,0.09110625344188983,0.11792051012182059,0.02676897292014757,2025-07-10,2025-08-01,1.794906379149564,1.8696197424887566,target
DUK,2026-05-19,6,2,47.751037906061704,-0.01739121223778972,0.003164827434968487,0.03256786170218495,0.5796178343949044,0.016284774294805734,-0.001291196013410878,-0.00913073584483537,1.4254019271683898,0.8139529107006618,0.13953265555969555,0.9534855662603573,0.09496960021255041,0.15501398131086486,0.03209974871663405,2026-05-20,2026-06-01,-1.062305783688693,1.9913626094871326,stop
AEP,2023-05-08,4,2,49.65146073491036,-0.028980743384306118,0.00534082986719997,0.05849055652875612,0.6490384615384616,0.018183191194281585,-0.0017918770890122948,0.0025834259874566445,1.115128320576317,0.055557027280486775,0.4305537158993999,0.4861107431798867,0.032585461962995055,0.07162167397274,0.025424865056059346,2023-05-09,2023-05-16,-1.0786631510369944,1.6030248574721302,stop
AEP,2024-06-27,4,2,50.74313008183851,-0.003610981963521498,0.05148889612884089,0.11721318607010489,0.7113237639553429,0.0164322004167962,0.0018165727874317472,0.009089572720093697,1.3854103284752606,0.9605280329267673,0.0,0.9605280329267673,0.11472328938635279,0.14922149064506618,0.032209983556775984,2024-06-28,2024-07-17,1.4554758188232815,1.5175683683731636,target
AEP,2026-05-19,6,2,45.18271010984434,-0.025688273561431885,0.020321161592917747,0.07900258585635678,0.6146496815286624,0.02115952184938957,-0.013390615263231709,-0.010690231358294833,1.0897950375469487,0.6931409732034407,0.2635394374072146,0.9566804106106552,0.09496960021255041,0.15501398131086486,0.039326550167043436,2026-05-20,2026-06-01,-1.0508562279555365,1.6184567340931741,stop
EXC,2025-05-16,5,2,45.52238944874485,-0.04356963391678648,0.047782406963434054,0.17655845062608866,0.7054140127388535,0.02352622378806885,-0.013633073467006596,-0.005609210585108548,1.113142764699747,0.9000027743291314,0.07272557029803205,0.9727283446271635,0.05883114057164729,0.0795782332996311,0.051600743225545885,2025-05-19,2025-07-01,-0.24196290032133677,1.5796617366396843,time
EXC,2025-11-12,4,3,49.41790919727447,-0.022139068436537568,0.037649489445731765,0.10635771521433646,0.5573248407643312,0.018544438700327626,-0.002892393358333467,0.009623532537052393,1.094553027263522,0.5274721128815256,0.15384550892680976,0.6813176218083354,0.09950823702593814,0.12162118223451479,0.023047954261265366,2025-11-13,2025-12-03,-1.086775597405676,1.8725148189742975,stop
PEG,2023-06-02,4,2,46.17910254724591,-0.0343300393677044,0.020956731540898277,0.027173832976108425,0.6538461538461539,0.0169654969128923,-0.004096668849674412,-0.009503725832079923,1.481472773993939,0.749999372582873,0.03947457580328082,0.7894739483861538,0.06329213369673359,0.15232432741838942,0.03438816359054686,2023-06-05,2023-07-05,1.573954490490178,1.6321140370078,target
PEG,2024-01-10,4,3,52.07890653146712,-0.008949975298409019,0.05968582940956768,-0.00828165437959183,0.34824281150159747,0.015009823459313728,0.004148983521672145,0.006370934890788993,0.7724420990911756,0.32557974485902713,0.45348734053689754,0.7790670853959247,0.09330658231835032,0.12636759932667285,0.029675870461181537,2024-01-11,2024-01-11,-1.06739482174975,1.5576229100338561,stop
WEC,2024-11-06,4,1,48.8864826942465,0.017594162384624967,0.10368721536909886,0.15264855652964715,0.5031847133757962,0.016825192155296244,-0.004096591875778377,0.013161495482658214,1.27676178729607,0.386138651256774,0.405941117594851,0.792079768851625,0.10899346689459932,0.11013719745378792,0.02376351407592034,2024-11-07,2024-11-18,1.5806947551539525,1.6648573917745437,target
EVRG,2024-10-14,6,2,44.90777105244858,-0.021781916018952296,0.10259110044494535,0.21244221242533778,0.6401273885350318,0.012941521332512083,-0.009728039548853373,0.005252365061161779,0.5681391876414572,0.6119417431506148,0.11940035072535891,0.7313420938759737,0.11439969328408539,0.10939322117581574,0.019099434524902877,2024-10-15,2024-11-08,1.8102975877115388,1.9150127297955777,target
PNW,2025-01-16,5,2,54.317029680734315,-0.012678566263208624,0.0034561834331059416,0.07148583180093371,0.5557324840764332,0.01771412574801528,0.017548833858380686,-0.0017539218642170784,1.170579387292702,0.912503337868592,0.008331955800262128,0.9208352936688541,0.06646908567152865,0.07445755422890965,0.05610128905422401,2025-01-17,2025-03-03,1.7836506092529856,1.8193004139850466,target
OGE,2025-09-19,4,2,46.59170725686325,-0.02518217941889822,0.013459610671832767,-0.006065666738055753,0.35509554140127386,0.013620016932618773,-0.004097658434847773,-0.007997112371189274,2.0219184958223098,0.2000050862759522,0.5166639116005228,0.716668997876475,0.10942242422253856,0.1358536545239144,0.02330556988002009,2025-09-22,2025-09-29,1.6121652784969296,1.6979816739035316,target
CMS,2025-09-23,4,2,51.56887893297508,-0.022292138698054242,0.03306084043212243,-0.00796623369618843,0.4156050955414013,0.013247659868123166,0.004516405001309343,0.0016565935994605763,0.8583021616033044,0.8620707798836057,0.055168531049071455,0.9172393109326771,0.10615844974779476,0.13187858056793678,0.025114786362706334,2025-09-24,2025-10-07,1.4732158403407847,1.552850202788313,target
CNP,2025-12-15,4,2,44.18752079337475,-0.029475697560937375,0.020275000319327052,0.07406501335540283,0.5063694267515924,0.014885847903008167,-0.008369927197332871,-0.01297021112624619,1.092412473179375,0.5555567329292491,0.3888865341414818,0.9444432670707309,0.07644002054990695,0.0797050885368662,0.029936454408162817,2025-12-16,2026-01-29,1.0492747022880249,1.5378259400284489,time
AES,2025-11-28,5,2,53.45580601575195,-0.009133834372998972,0.05160604041610406,0.43031740790057005,0.6162420382165605,0.02961125148605897,0.01127558525815986,0.02163723010784091,0.24370014041522153,0.5294124246878043,0.35294348640734713,0.8823559110951514,0.09096069345959124,0.10788874576700391,0.05873003025158991,2025-12-01,2026-01-13,-0.05839628908916454,1.5197999918895189,time
PPL,2025-06-12,4,2,50.97937855094359,0.02571623963418479,0.014903427998735008,0.06223126815498947,0.34076433121019106,0.015332793061365752,0.005218619641727651,-0.0013542580510582658,0.9302931805102436,0.8181843402992176,0.16363686805984354,0.9818212083590612,0.06577688688276906,0.08959633372905196,0.03004778216559767,2025-06-13,2025-06-17,-1.066560652928649,1.7530932166825497,stop
FE,2025-11-07,5,3,53.77669708899361,-0.006864014917928207,0.06968964579835868,0.10160843082884585,0.6162420382165605,0.014720477675816402,0.0037973397152615274,0.02156279776556813,1.1437801099118694,0.5060276956875392,0.42168591637980535,0.9277136120673446,0.08278212072648872,0.1052889650552098,0.02095562733165639,2025-11-10,2025-11-25,1.8863353717662061,1.9817751297055317,target
ETR,2025-12-15,4,3,47.83963875819134,-0.007095958629492305,0.06929117672909801,0.16239817431563397,0.6496815286624203,0.018616202831551316,-0.0035875785137332583,-0.0008704145392085527,0.8849877198170456,0.6639369635570548,0.2254084392539466,0.8893454028110015,0.07644002054990695,0.0797050885368662,0.021773596540814826,2025-12-16,2025-12-22,-1.091854370326509,1.964511378034981,stop
ETR,2026-06-03,4,2,43.89072407014841,-0.06649482613665358,0.025946299892055213,0.16261227123312816,0.5987261146496815,0.021890513063400032,-0.016580613885808004,-0.012935461150484384,0.8170959664374221,0.05161410995685698,0.08387169813178186,0.13548580808863883,0.11270222303392408,0.20190503919817027,0.04573750017440761,2026-06-04,2026-07-10,1.0204714448571748,1.6237491857552837,time
PCG,2024-07-10,4,2,50.11871867403929,-0.02215521688723443,0.03885205688467308,-0.02155419743253717,0.6188197767145136,0.01629574354016378,0.0038902463299850254,0.0003186285555905055,0.7475886685364722,0.6785648599124,0.2500051089570222,0.9285699688694222,0.13417344097338302,0.18435714605144504,0.04051556131137197,2024-07-11,2024-08-21,1.258471337228005,1.536654432610653,time
BABA,2025-11-24,4,3,47.87562880240248,-0.07996572571333072,0.29422646350849213,0.36752532827711115,0.945859872611465,0.03949433938210692,-0.006090246966775292,-5.451283291690867e-05,1.6426894568858643,0.26071247568133166,0.4642862981673124,0.724998773848644,0.07031441212918477,0.0859481449759365,0.10408471629475496,2025-11-25,2025-12-16,-1.0192151169854395,1.5415505827164544,stop
SE,2024-04-16,4,3,56.699199368643285,-0.030104936656536352,0.5783874339690023,0.23721749935668313,0.9792332268370607,0.04157286001627907,0.0299904735487444,0.0896544100558867,2.7930011446726004,0.8011601045186548,0.04658326470752962,0.8477433692261844,0.07441089482070185,0.08543250374353861,0.08091765489682157,2024-04-17,2024-04-24,1.7407467262459642,1.530160067584679,target
SE,2025-07-14,5,3,46.290025786838854,-0.02149706858155709,0.3108951831835647,0.3819844282206528,0.7022292993630573,0.03463869297941762,-0.013637549912897562,0.0006517280599982467,0.9222486210288046,0.6177151617114057,0.10955756556132158,0.7272727272727273,0.08944539930367057,0.1140208782230332,0.060580756013102456,2025-07-15,2025-08-12,1.8675279958384274,1.9005417799445128,target
SE,2025-08-04,4,2,49.73781177970342,0.048638550967335936,0.10551563579256906,0.28696940894086853,0.5875796178343949,0.03403171801247148,-0.0032758049804454403,0.014119359265223785,0.5266312372669105,0.38629557446403956,0.44236820839473306,0.8286637828587726,0.085496908864519,0.11008871629039607,0.06610140692053044,2025-08-05,2025-08-12,1.613569703407958,1.6438262454873795,target
GRAB,2023-10-05,4,2,48.101865777765745,-0.05434783805858867,0.04819279790599551,0.11538466240997791,0.8130990415335463,0.03745610136969601,-0.0034081821089260167,-0.009586385660047658,0.8657385652882573,0.8461541283057624,0.0,0.8461541283057624,0.003890531919509721,0.04901361389664838,0.06754630398187436,2023-10-06,2023-10-23,-1.059498669435642,1.9327590603709912,gap_stop
GRAB,2025-01-03,4,2,44.81672841570711,-0.090737244335508,0.29999996778127347,0.35492957954580784,0.9028662420382165,0.03788466661911287,-0.023531083251076224,0.01250362530075777,0.6226245952470054,0.5882344691402349,0.4117655308597651,1.0,0.0723349880522679,0.09269054966698254,0.07379207333652282,2025-01-06,2025-01-08,-1.0271031820840588,1.9048269870845687,stop
GRAB,2025-02-07,4,3,52.56300752684313,0.010548563955535384,0.14319806597582563,0.5110409610630129,0.785031847133758,0.04822242737791462,0.023758262507072914,0.024174444051337396,1.0788475819165984,0.6153834867769504,0.07692476983457433,0.6923082566115247,0.06991604982345367,0.0803315753274989,0.09876792391709836,2025-02-10,2025-03-10,-1.020249489112262,1.905311709430485,stop
GRAB,2025-06-17,4,2,48.92886841639561,-0.056974450522478626,0.04347832396711104,-0.07335900582947252,0.5828025477707006,0.03643788081071772,-0.0066284340379269,0.00530003143520541,1.924662310348318,0.6666681804351479,0.1428558453413018,0.8095240257764497,0.0530070802993976,0.07762191609799385,0.055960286975566244,2025-06-18,2025-06-20,-1.035739630872037,1.8077289638708531,stop
GRAB,2025-11-26,4,2,43.51824033240014,-0.10437708410548441,0.07042261493862756,0.08793462513626182,0.695859872611465,0.050352972161501024,-0.025649080697918603,-0.04981482822404282,0.5820668490775744,0.20000127156494676,0.5333324856233688,0.7333337571883156,0.08603090981297945,0.100171977859282,0.11400877545311941,2025-11-28,2026-01-12,-0.8606205815377392,1.9081127928694455,time
SHOP,2023-08-29,5,2,52.50268494152056,-0.12992012956648824,0.010482911578409526,0.42926592390411367,0.29967948717948717,0.039395105212130965,0.02759434160637042,-0.005122509806111064,0.807009662215848,0.8028036020270517,0.0860148018520544,0.888818403879106,0.06913661396084558,0.1180337416671029,0.13008435885715763,2023-08-30,2023-09-28,-1.015374638562013,1.6378162553040332,stop
SHOP,2024-10-29,5,2,52.35432065914186,0.0031195408273523295,0.3135620651549038,0.14515673624486403,0.9315286624203821,0.025396955684906634,-0.0003509706089738218,0.04024852936239931,1.0988076781416225,0.6257863295026511,0.11635037547083803,0.7421367049734892,0.09711436185367694,0.10371325639749829,0.03179010998247867,2024-10-30,2024-10-31,-1.062912648024883,1.5400565059792575,stop
SHOP,2024-12-24,5,2,52.14640552685929,0.030104723712274017,0.39010847004269134,0.683422543049254,0.9410828025477707,0.03859226553945696,-0.0041155285533354125,0.07991115925856507,0.2597765794936008,0.30000041240004455,0.6027020450918209,0.9027024574918654,0.0940673083853878,0.12300495821121604,0.051969470082234036,2024-12-26,2025-01-10,-1.0621095586288003,1.81174845493951,gap_stop
WDAY,2023-10-10,5,2,45.77129383819624,-0.12406331117710356,0.008398741658353526,0.12725789868920634,0.707667731629393,0.03041857227690813,-0.00942954742422597,-0.027955711593559363,0.7720394796523758,0.6908020269402697,0.03913834136086883,0.7299403683011386,0.02696727249214126,0.0756706729575054,0.08557546502357342,2023-10-11,2023-11-21,0.85233178694294,1.6599299333442774,time
ZS,2023-09-28,6,2,48.52223330047963,0.04522473029226304,0.041977368025271966,0.3633243209528543,0.7507987220447284,0.03473055965622601,-0.008708505112340004,0.007936929460585329,0.5041704363776073,0.43379960444047466,0.29964963208710815,0.7334492365275829,0.01367204385688403,0.04964488932627287,0.05071913060974386,2023-09-29,2023-10-09,1.5997592417265294,1.6391920943002243,target
PANW,2024-06-07,4,2,51.28136478534716,-0.0036632976910538906,0.07744461364769561,0.051183778080261755,0.7332268370607029,0.029822821356690184,0.003555476324422102,0.010793952408156615,0.6052307906523404,0.6958746263960988,0.16881390593047035,0.8646885323265692,0.1023725344335642,0.12466657476769538,0.046017352015572256,2024-06-10,2024-06-13,1.6688742684985738,1.7123361347816055,target
PANW,2024-09-23,4,2,52.01579533478563,-0.015193995054559761,0.08680693882703716,0.2001186097103107,0.5063694267515924,0.029203589176141954,0.006636024401585061,0.021646788039688003,0.8702051801121891,0.5537900776743944,0.30195640981637206,0.8557464874907664,0.10307841818276087,0.0926799765303854,0.05021187938514732,2024-09-24,2024-10-11,1.6024753042791773,1.6423065160260852,target
PANW,2025-12-04,4,2,46.08260403638949,-0.08782403142576423,0.006273711404881199,-0.007254872559191772,0.5159235668789809,0.028604603077993913,-0.00462993613633822,-0.027013386640412085,0.632793015088242,0.45377921389615494,0.45658306406113763,0.9103622779572925,0.0887320618053935,0.10962651732045381,0.08254820711691677,2025-12-05,2026-01-02,-1.0242282669709266,1.6626871928572926,stop
NET,2025-08-22,6,2,48.90849220223491,0.023958640223515237,0.23993420039309643,0.2909317550789745,0.8057324840764332,0.04000394361788043,-0.011049705023393197,0.03281001682657814,0.47628012681080245,0.5150374260312973,0.24274731032129934,0.7577847363525967,0.09565063329067569,0.10736790276570685,0.0649605754817613,2025-08-25,2025-09-08,1.6460952957528263,1.6768832003421497,target
BILL,2024-12-26,4,3,55.25566878292374,-0.05108789255963986,0.6789960068421226,0.7680842957130292,0.9681528662420382,0.039958973797507125,0.012390038009926219,0.10964489136005429,0.5501784912172865,0.7058829087164177,0.10216788469442227,0.8080507934108399,0.09311611096254468,0.12087856266890351,0.06682009141348619,2024-12-27,2025-01-08,-1.0299311173883898,1.5785705603489169,stop
DOCN,2023-06-28,4,2,49.266358270747425,0.10361109839545346,0.14002873118456582,0.6052525067570234,0.7211538461538461,0.04657097856707859,-0.01851100011598117,0.03837687415251212,0.6839874991883507,0.3372782000031601,0.02662615710696736,0.3639043571101275,0.07485125176201524,0.154614087673286,0.0895771961671757,2023-06-29,2023-07-07,1.9591549605537726,1.9814820715326364,target
ESTC,2024-01-08,5,3,55.55000639202949,-0.03643617463791826,0.3416862063357029,0.6241782040550712,0.9089456869009584,0.03641756170056286,0.011306908932330328,0.10541380536322587,0.978793091357597,0.7649576063265283,0.1581191913494409,0.9230767976759692,0.09079866991632257,0.11935134210778364,0.05224710914835134,2024-01-09,2024-01-18,1.722314590771199,1.6983885586044372,target
SEDG,2026-06-29,4,2,47.67349425509244,-0.2436125322625704,0.06955182390955916,0.8009108985864462,0.4315286624203822,0.10063907192044425,-0.029697145094457533,0.010034423507779833,0.7185060870028503,0.41396676352171546,0.4931608709264579,0.9071276344481733,0.08026178219145175,0.14140168411452847,0.20516824112075058,2026-06-30,2026-07-10,-0.3874327598988002,1.7135360822187238,time
FORM,2026-05-21,4,2,48.55594397863498,-0.1243671746249394,0.35363793681028044,1.629416581708417,0.9219745222929936,0.07991198225021687,-0.021655211192984525,0.047992150641834375,0.6183402953932617,0.5468747121366961,0.09801169768094613,0.6448864098176423,0.10603574503994473,0.17231578228920497,0.14249402656379107,2026-05-22,2026-06-30,1.5278851017173904,1.5419207777960973,target
MRVL,2024-03-27,5,2,55.697446134492196,0.04600021718348146,0.18375325352852778,0.4014325762172988,0.792332268370607,0.04368000141639659,0.04312492023514314,0.0599821586664131,1.2644476551113089,0.31404755449346555,0.49587003537267216,0.8099175898661377,0.1320280547094188,0.1368253582720751,0.12299819068220223,2024-03-28,2024-04-19,-1.0162604017905232,1.5053481697881184,stop
MRVL,2024-04-26,4,2,53.320777765905085,-0.036391447544938726,0.024082058555821906,0.4669246022181508,0.4696485623003195,0.04071853940740014,0.026884071011152644,0.0191370545333156,0.9670065293338354,0.5618592176310339,0.37628746377010597,0.9381466814011399,0.07855277044241804,0.07962094304143408,0.11678389535054737,2024-04-29,2024-06-10,-0.02820526473198942,1.9326064506275225,time
MRVL,2026-02-25,4,3,51.86828092614981,-0.010395010977377384,0.045554887901339436,0.11078615205589393,0.4140127388535032,0.0416536271217233,0.014695339018056641,-0.008265272462211315,0.8220886881277636,0.86035810021307,0.018018420510004875,0.8783765207230749,0.06250204641658774,0.0557493655192518,0.13262311598724724,2026-02-26,2026-04-01,1.9438766992377945,1.9589570265631782,target
SWKS,2024-01-18,4,3,47.59618782821899,-0.07869262877052452,0.09224574934052487,-0.08154790198989936,0.5111821086261981,0.025042603760973385,-0.011624165693382982,0.007473535335167147,1.7338515091656639,0.436171450369699,0.47163190602316607,0.907803356392865,0.08834180809971048,0.13158584812568996,0.06056634258586948,2024-01-19,2024-03-01,0.32762966417962,1.5283065452558724,time
SWKS,2024-02-06,5,3,46.18175253130244,-0.0021303395302388894,0.14002523037027315,-0.05170750653598466,0.5638977635782748,0.027537513639826268,-0.013578420362430621,-0.006291989011020571,1.000804158775218,0.9431302926649406,0.04265228050129453,0.9857825731662352,0.11264059021542017,0.14869155734684014,0.05448212256293061,2024-02-07,2024-03-20,0.3341834698168564,1.8337759671146698,time
QRVO,2024-08-13,4,2,47.00473775994665,-0.12120010762809597,0.12872398432665566,-0.023916303002001982,0.8232484076433121,0.04123349964608786,-0.011471097666282182,-0.017765803561700877,0.7852028063226788,0.8179288649725278,0.15686207463984767,0.9747909396123754,0.07306895403782354,0.06764055428102878,0.10359863117071204,2024-08-14,2024-09-16,-1.0193052743786195,1.6732268971204918,stop
MTSI,2026-01-09,4,3,52.981834024104586,-0.07023610477063502,0.3150097814371742,0.2839206977636015,0.9299363057324841,0.03729430996694016,0.009863432051905097,0.045639034608475626,1.7949956720413873,0.6888284219133942,0.12101105652850572,0.8098394784419,0.08600732615929396,0.09346505182068765,0.06273264463268588,2026-01-12,2026-01-12,1.5189389202960366,1.5508202479797404,target
SMTC,2025-08-21,4,2,48.57659268130563,-0.04375609040588524,0.28252405978505557,0.2758977152613713,0.8773885350318471,0.04860694308910319,-0.016334560239628537,0.03256677255787066,0.9998873013686622,0.7656263659410788,0.21874925494122976,0.9843756208823086,0.08011772233848236,0.09172165757600359,0.07328078229246932,2025-08-22,2025-08-26,1.6635580120058617,1.6908502970693295,target
AI,2023-06-28,4,2,50.93375059522308,0.07650274932678225,0.4538745375911133,2.2532110390343285,0.9599358974358975,0.11642030771055228,-0.016511707457964375,0.1256341670279566,0.5808463114506202,0.7348068044945999,0.06629777198430704,0.801104576478907,0.07485125176201524,0.154614087673286,0.17480853360880513,2023-06-29,2023-08-10,-0.49382033490567706,1.969950467927037,time
AI,2025-02-05,5,2,53.11139583386791,-0.07041871230419339,0.3659607546455521,0.4305438984275387,0.9315286624203821,0.06028677991772789,0.0332242599606456,0.029611052353787803,0.7471952374907015,0.5442141211152401,0.43537337291619094,0.979587494031431,0.07768922133070943,0.09037146794118978,0.16085431566513736,2025-02-06,2025-02-20,-1.0124336110705512,1.7984956877982774,stop
SOUN,2025-08-05,4,2,51.04135811040102,-0.01845343023155932,0.21545164160149644,-0.215589869674777,0.7659235668789809,0.07170615500338912,0.006841974967549902,0.032674994470982544,0.7065584698458953,0.45871553211519683,0.321101222452815,0.7798167545680118,0.07913447156837639,0.10142788304654382,0.137877869589399,2025-08-06,2025-08-08,1.4900925037203305,1.5045980948348148,target
BBAI,2025-08-15,5,2,45.142209831190904,-0.25304140303818357,0.6868131015197416,-0.37218813556958585,0.9808917197452229,0.11295794648072953,-0.06637880622877779,0.0009184493125995452,0.8129035558510033,0.560606016819351,0.31818194954194723,0.8787879663612982,0.09738977119530223,0.1236721341503153,0.22633988846197886,2025-08-18,2025-09-10,-1.0088362683819911,1.9179814222451184,stop
IONQ,2023-08-22,5,2,50.33949758675988,0.03683111329577704,0.37384903756607546,2.215517350347377,0.9775641025641025,0.10379614262822066,-0.0027885383658470264,0.07894065636414282,0.627553384994892,0.022222740267749477,0.8111109462784434,0.8333336865461928,0.04577343227435415,0.08938764830808443,0.18626533023450925,2023-08-23,2023-09-06,1.8947283788604,1.9054657501011025,target
RGTI,2025-08-26,6,3,50.54474276367248,-0.017341008951921144,0.07822414680589995,0.6943522306949856,0.5398089171974523,0.07915762571424917,-0.004184634048064351,0.05828731179264568,1.0574245729352612,0.918367466098355,0.030611956928975628,0.9489794230273305,0.0933797391696296,0.10627610339408688,0.1177966957829942,2025-08-27,2025-09-12,1.5233070029247373,1.5402854078511743,target
QUBT,2025-08-05,5,2,50.76671530688781,-0.15040240932298232,1.3042291358045253,0.6974874083837654,0.9952229299363057,0.08215247787747411,0.011710417037391396,0.0646838138851793,1.9077734376274715,0.2876712776165459,0.47260243996914275,0.7602737175856886,0.07913447156837639,0.10142788304654382,0.17585673412548522,2025-08-06,2025-08-20,-1.0113728940204978,1.6890286917670654,stop
COIN,2024-08-16,4,2,46.48103069765369,-0.1197479303583231,0.030827933153065645,0.23927083858131493,0.5063694267515924,0.07279399163227711,-0.014734247724386362,-0.06194221551192258,0.7550578165816286,0.7162314764138199,0.21112385082754273,0.9273553272413626,0.09445988317655818,0.09357833983029518,0.21493324317211304,2024-08-19,2024-09-05,-1.0093052148215083,1.5524077130037537,stop
COIN,2025-01-03,5,2,46.71154748958339,-0.1251010552561015,0.6594113045263124,0.2099874944505431,0.9665605095541401,0.07105986943018518,-0.030569697188803424,0.0010269295755125363,0.5992807590542831,0.8276907113882211,0.10000140850360577,0.9276921198918269,0.0723349880522679,0.09269054966698254,0.12406653033682337,2025-01-06,2025-01-13,-1.0161203831087262,1.990894777171813,stop
COIN,2025-09-30,5,2,56.911481848458145,0.10819590452790306,0.006441427097495511,0.9595308518051096,0.4012738853503185,0.04291049967917862,0.04426608145486988,0.0492020495154879,0.7609574243711131,0.8874393445231088,0.04028391463758579,0.9277232591606945,0.10547947493902154,0.1288522084276702,0.15192040183884348,2025-10-01,2025-11-07,-1.0306495526529986,1.9016329765536328,gap_stop
AFRM,2023-09-28,4,2,51.05466211648045,0.08877288756154678,0.35565671172478086,0.985714322044736,0.9760383386581469,0.062336250984700824,-0.01164638665908313,0.07772264962927466,0.6640847105809401,0.6183588322233239,0.1690814133916165,0.7874402456149403,0.01367204385688403,0.04964488932627287,0.11278061400396673,2023-09-29,2023-10-03,-1.017733544170363,1.7591243903907205,stop
AFRM,2024-12-24,6,2,52.06878761032323,-0.00976711489214177,0.5240517800140749,1.0980580021017876,0.9554140127388535,0.06540210084926279,-0.0025285000558838977,0.10860809415984352,0.20737646462091155,0.18831310378994304,0.6980530096606391,0.8863661134505821,0.0940673083853878,0.12300495821121604,0.061685243980367455,2024-12-26,2024-12-31,-1.0324226649834851,1.8468926902496923,stop
PYPL,2024-10-28,4,2,68.57521842041862,0.07331791802191279,0.30609369894424776,0.24779810693082682,0.9219745222929936,0.022162817528719587,0.044645347154805615,0.10047865566169434,1.8832364957606023,0.8571416594355086,0.08241843463242371,0.9395600940679323,0.09641180713763298,0.09434994299690125,0.028001725842136282,2024-10-29,2024-11-07,1.917361210019739,1.9887853790611505,target
RBLX,2024-01-04,4,2,50.94141247580715,0.03468349068766985,0.44170326554327977,0.06703352515911187,0.9648562300319489,0.03620880280293169,-0.01345578884768317,0.06555415676999687,0.7181371418978748,0.429863853108076,0.3959285390640171,0.8257923921720931,0.07578191447607119,0.09778258548536711,0.07036477688910824,2024-01-05,2024-01-16,-1.0284233118958355,1.6306465397400811,stop
RBLX,2024-03-01,4,3,49.033131249879666,0.06467400754230801,0.06825231046586056,0.46628812091371885,0.3738019169329074,0.03864397187949083,-0.00503186215742768,0.003992667168777997,0.5929126857755976,0.8695658354894658,0.04347805483684475,0.9130438903263105,0.1317468483734272,0.16655880411873625,0.07041812468820524,2024-03-04,2024-03-05,-1.0284017787871451,1.9397346428678,stop
RBLX,2024-10-11,4,2,40.98939814223172,-0.08390225470366619,0.011919188919840229,0.08418033964426974,0.34235668789808915,0.03593323845506872,-0.03370566054159163,-0.022715601819628173,0.5357088950739898,0.5090858648911083,0.4,0.9090858648911083,0.10663202363170043,0.10137204596396288,0.10344412217202449,2024-10-14,2024-10-31,2.1758250381244264,1.5147644853146516,target
RBLX,2025-02-11,4,2,49.959890677416105,0.06842451274369288,0.24364530771412074,0.7841707789040855,0.9299363057324841,0.0487205790576801,-0.016379815939115194,0.05747957099293699,0.825682366583511,0.6909096457741477,0.14545510031960227,0.83636474609375,0.07634744499820201,0.08882026541761578,0.08691760174188189,2025-02-12,2025-02-25,-1.0230102989488754,1.7584723735591499,stop
U,2025-01-22,4,2,51.20257785468245,0.03222915436153606,0.04296693031957877,0.40012145885424966,0.6385350318471338,0.06285164611759388,0.014156043830003684,0.017257731181535174,0.7145671336562724,0.4523798711177515,0.40476201288822483,0.8571418840059764,0.09038068646347952,0.10971961991277479,0.12211846065362811,2025-01-23,2025-02-10,-1.0163775402121447,1.9237050242486622,stop
U,2025-06-27,4,3,53.660153865582274,-0.008965004584165381,0.12696940596872852,0.08765648617940003,0.7054140127388535,0.056477941800302606,0.019410938933121846,0.053586215900629286,1.0778657537585734,0.7044017763531978,0.1698115923600498,0.8742133687132475,0.08182753671640741,0.11038553523894445,0.09628193265014086,2025-06-30,2025-07-07,1.5804358497191797,1.601208178908576,target
DKNG,2023-08-29,5,2,51.93594962542831,-0.09093773551148776,0.24044646861252805,0.5318132796767661,0.8862179487179487,0.04678020168567858,0.015242802170721381,0.03077272933285924,0.47057087770644845,0.7272722018322111,0.007575932722596307,0.7348481345548074,0.06913661396084558,0.1180337416671029,0.12392195794106861,2023-08-30,2023-10-11,0.5125100038573511,1.5293214356838873,time
DKNG,2023-12-22,4,2,50.030163713177735,-0.07652531181796751,0.30555557104734077,0.4185862107936842,0.8849840255591054,0.03994548895593773,-0.005434491381611561,0.03408305782359733,0.9597939847752389,0.492891286583117,0.0,0.492891286583117,0.09756360842068612,0.14093941122332132,0.05074496214331228,2023-12-26,2024-01-02,-1.0394127794272792,1.8337883910472728,stop
RSI,2024-07-12,4,2,48.81583225984271,-0.010022183017969422,0.29591839217186333,1.3272252614350264,0.9393939393939394,0.0404871336705502,-0.012146746605556813,0.035207783022140005,0.9153030447425968,0.057972456725214096,0.17391184161787715,0.23188429834309124,0.12862642486220688,0.16146787355350378,0.0562839142892094,2024-07-15,2024-07-15,1.5077696048502696,1.543303736142617,target
RSI,2024-12-20,5,3,55.71865315073292,0.11957412232478148,0.30813400246896694,0.4683135832615517,0.9140127388535032,0.04952638100768545,0.021214617334778696,0.09552645312802932,1.7895639500001463,0.7596153757981291,0.19230751596258294,0.9519228917607121,0.07751654913303985,0.09985707762667562,0.06506316116008314,2024-12-23,2025-01-07,1.5135208318099083,1.5442601928298738,target
TOST,2023-06-22,4,2,51.48678039962077,0.013615066944357546,0.3037440126124584,0.21496902624756387,0.8878205128205128,0.04395200459756924,-0.005261197831326725,0.04808565726914171,0.6445947144407007,0.4857139743107667,0.25714301284461666,0.7428569871553834,0.07821602408856188,0.16678071433396546,0.06358013333806166,2023-06-23,2023-07-11,1.6817794432918978,1.7132358101630683,target
TOST,2023-08-30,5,2,50.84440596415599,0.014226684392724342,0.05388655723014768,0.20043457711252066,0.42467948717948717,0.04312785760842764,0.009267196538574884,0.007034883091155741,0.6868346950667006,0.5151518654451926,0.4141413557591346,0.9292932212043272,0.07275526714711056,0.12288040074783035,0.11449894174377415,2023-08-31,2023-09-20,-1.0174674103493078,1.8209954258245384,stop
TOST,2025-08-22,5,2,47.617945426450504,-0.08466818640863116,0.03092782768007951,0.16710872969672952,0.339171974522293,0.038120003733865336,-0.006742638349808483,-0.0036243447305516208,0.617354717030932,0.8045978019472476,0.051724175730217856,0.8563219776774654,0.09565063329067569,0.10736790276570685,0.0655220223332439,2025-08-25,2025-09-04,-1.0305240883718154,1.9083469302940657,stop
FOUR,2024-12-20,6,2,51.757541577371285,0.015897891000286934,0.19648636915847995,0.4633870479106361,0.8519108280254777,0.044999622284367304,0.006122470722333295,0.042214284110447586,1.167195140586797,0.7137010837174035,0.0061347204583254026,0.7198358041757289,0.07751654913303985,0.09985707762667562,0.06741787456160882,2024-12-23,2025-01-21,1.7798192979649263,1.8094850210836866,target
CELH,2023-10-10,4,2,45.15745577116354,-0.16246305904928482,0.11472236124668811,0.9223155708664426,0.9041533546325878,0.044206457370545446,-0.020866902093381157,-0.0229449846788069,1.2224546858807657,0.6830464343356522,0.05773924339644924,0.7407856777321014,0.02696727249214126,0.0756706729575054,0.11400984039802559,2023-10-11,2023-11-14,-1.0175423454064816,1.9437217251836376,stop
CELH,2025-09-26,5,2,48.09672631466469,-0.08985942240145284,0.18522554179674655,0.5473683365164077,0.8009554140127388,0.03985878023473376,-0.010252020093279968,0.02041597650457616,0.9993924639827113,0.9054537686434659,0.014545787464488636,0.9199995561079546,0.10054358747712366,0.12346866931002065,0.08908322626047961,2025-09-29,2025-10-09,1.5245116569457227,1.5469625726113947,target
VITL,2024-11-29,4,2,53.48038008869957,-0.08741067102284528,0.05564387782343694,-0.19768004093839342,0.4601910828025478,0.051161245964235345,0.036798352191739436,-0.006511343399557279,0.8273661608644903,0.028039815468423566,0.8411195961410939,0.8691594116095175,0.11137765036657932,0.10068899796244168,0.15141799717780374,2024-12-02,2025-01-13,1.7387928743105998,1.7520013438272815,target
ELF,2024-08-22,4,2,50.21216200883674,-0.023322400971540147,0.09516158256080187,-0.06541642263090075,0.6719745222929936,0.06438043482004494,0.018795963343178013,-0.029038669155585062,0.5581275137049346,-0.025731173661329355,0.7052640220440739,0.7052640220440739,0.09380178592537836,0.08871042072016677,0.17745068684770593,2024-08-23,2024-09-03,-1.011270736876417,1.558399799150695,stop
SKIN,2025-09-05,4,2,52.813195583175705,0.2893081190446434,0.2812499511055655,0.6269841014542965,0.8630573248407644,0.06772342798824843,0.011331050861006497,0.06854866975495688,0.7791205514531774,0.7826078843980968,0.0,0.7826078843980968,0.08993727274565311,0.10500779149030115,0.14335769787329694,2025-09-08,2025-09-12,1.6778770171618114,1.6918281340510324,target
HIMS,2024-07-01,5,2,53.5502233932683,0.05154635217482206,0.36781611015364746,1.3720931018506244,0.9776714513556619,0.07347438514161067,0.008533865183508738,0.14355057830465,0.7243869129850783,0.7906986372057468,0.16279011312508224,0.9534887503308291,0.11017122681297331,0.146631964569083,0.12434869413602916,2024-07-02,2024-08-01,-1.0160838038058697,1.632290277347251,stop
HIMS,2024-12-23,6,2,48.284965879856045,0.14285717670538878,0.5981470555817059,0.19170986888213393,0.964968152866242,0.10027805508490134,-0.04136936551778636,0.054997222704345816,0.657308222905747,0.4466667175292969,0.48666636149088544,0.9333330790201823,0.08306436659019245,0.10935228973488309,0.12966628527048618,2024-12-24,2024-12-31,-1.0154242098925559,1.8956010155496619,stop
CAVA,2024-04-25,5,2,50.42728841374813,-0.08252713232738351,0.3639137281554754,0.8463126057621957,0.9616613418530351,0.049758266955512345,0.0011517363698623218,0.03924422902490843,1.3068567466044612,0.7263920639538911,0.13801441825881744,0.8644064822127085,0.06927467434229717,0.06406509451320375,0.08372525986810711,2024-04-26,2024-04-30,1.4959260563595327,1.5198137098962385,target
APP,2024-06-14,6,3,45.255430611255754,-0.07780158345791832,0.22794226724984257,1.0437647250028714,0.9201277955271565,0.05154410929421715,-0.029144785676681217,0.0115680763605146,0.6058296980642525,0.761731241169034,0.18411651779689261,0.9458477589659265,0.11425507985716044,0.15573923579604387,0.07621432600186379,2024-06-17,2024-07-05,1.7285322716207872,1.7547740571868118,target
APP,2025-06-24,4,2,46.36107568409355,-0.005661906357479984,0.028729570618611477,0.11629987801547137,0.5031847133757962,0.05662646894462231,-0.03633325479375615,0.005608646684709395,0.9328835742652201,0.24521960356407219,0.47657795386778856,0.7217975574318608,0.06998531438152944,0.09704135134966574,0.10517438502337156,2025-06-25,2025-08-06,0.9218875773532352,1.911369823984399,time
MGNI,2025-08-13,4,2,53.70799293054806,-0.030148582058352358,0.4003679276802605,0.1295747244414096,0.9203821656050956,0.04476225822392415,0.012172103390337252,0.07672115379546507,0.8093138386929161,0.33721012757048313,0.6511617075637409,0.988371835134224,0.10205965467985423,0.13239658331257598,0.08038527008354161,2025-08-14,2025-08-25,1.4863801194236426,1.511260299560146,target
TTD,2024-11-19,4,2,48.336877791884746,0.010236012975585851,0.1443081398094581,0.24851015435305812,0.7022292993630573,0.036811605501144214,-0.01887629039799299,0.02618120707427818,0.9029005843456867,0.8935560461354015,0.05322197693229927,0.9467780230677008,0.09684268575269339,0.09455511662892313,0.052766533692565676,2024-11-20,2024-12-02,1.5386715039463266,1.5765743158242609,target
CIEN,2025-01-29,4,2,46.55505979994346,-0.08005429257812802,0.2688708222909195,0.6229802289411861,0.9012738853503185,0.05714126673147567,-0.04366018782586123,0.010843284958126365,0.8896235307433955,0.19718178692188665,0.3145559917473781,0.5117377786692647,0.0774760403995729,0.08248309609480264,0.11367039468752872,2025-01-30,2025-03-03,-1.0175947308487654,1.7771580169455545,stop
LITE,2024-11-01,4,3,52.34270756495896,-0.0122431248965027,0.5758378719674675,0.4606615114539394,0.9617834394904459,0.03591051228560283,0.001784579617187143,0.05329986625279792,1.0453714236346097,0.6676731624057707,0.22960664840376308,0.8972798108095338,0.07430899031735017,0.0731002557791911,0.044799750878570695,2024-11-04,2024-11-06,1.8954217640594138,1.940064869451249,target
CCJ,2023-07-10,6,3,52.141460680323,0.018114782648094074,0.20198030664998945,0.32764648364311766,0.7980769230769231,0.03154587700681859,0.003730053248257814,0.036531125600720804,0.6389991079100467,0.8173073396177949,0.11538532076440583,0.9326926603822008,0.07665381150454365,0.14760835294872776,0.042665266890732134,2023-07-11,2023-07-18,1.8555036313047995,1.9023801691950253,target
CCJ,2024-03-22,4,2,54.07148692507968,0.05213153241753843,0.012186602401887736,0.1161773247801472,0.30990415335463256,0.038209394322447375,0.0301881932985808,0.009356678443431354,0.5196134752596503,0.5045863853823639,0.2752286193247656,0.7798150047071295,0.13214722228501796,0.14551304415211752,0.10513642563439639,2024-03-25,2024-04-12,1.6633342697719822,1.6765206183067871,target
CCJ,2025-11-25,4,2,48.930404555343856,0.008427559751253977,0.1603347913392923,0.44595261919306406,0.8343949044585988,0.05754264948147692,-0.003959671916448193,0.0037604254309289153,0.9326086539015537,0.6393129465345211,0.2996183845187287,0.9389313310532498,0.07951819693536666,0.09163529269831217,0.1307581733578234,2025-11-26,2026-01-09,1.791647570340614,1.7910846137396024,target
SMR,2025-09-02,4,3,47.79034106060649,-0.16182756194740333,0.16266010295752786,1.41035612545021,0.7070063694267515,0.08582473862932906,-0.0048431495548159065,-0.017085164856853408,1.7398740247697884,0.7028864095169197,0.08488959728088008,0.7877760067977998,0.08113179719574393,0.08831878815449778,0.2284087307113337,2025-09-03,2025-10-14,0.7181426804202948,1.5566449431461786,time
NNE,2025-08-27,4,2,47.65695394603599,-0.07221442364445085,0.029743232301384426,0.10964912506492963,0.3630573248407643,0.0739723229733809,-0.012994229287387804,-0.021616682928688014,0.8269456332223807,0.5563393902923889,0.05633670388239972,0.6126760941747886,0.09482655458508371,0.10678727094924079,0.17532221273148083,2025-08-28,2025-09-19,1.696535161594241,1.7079427292312246,target
OKLO,2024-11-19,4,2,54.51026055903369,-0.022859714974909906,2.0747529997024645,1.9301074018008677,0.9952229299363057,0.1478438427467815,0.04415763950698337,0.29853124704211464,0.7047150648777434,0.664206117448996,0.062730632500505,0.7269367499495011,0.09684268575269339,0.09455511662892313,0.18107465213738688,2024-11-20,2025-01-03,1.7189209443408764,1.9240951475390449,time
LEU,2024-11-21,4,2,49.94754766481088,-0.11741961114274224,1.0025062273257368,0.7396037664923572,0.982484076433121,0.12552029307171358,-0.014252186763965335,0.08786323468269641,0.6494719043928243,0.4132326120991259,0.3438175433021869,0.7570501554013127,0.10092066232289265,0.0957788948030811,0.24264666605632443,2024-11-22,2025-01-07,-0.5125906750014285,1.6622479863271105,time
UUUU,2026-02-19,4,2,52.060066963320345,-0.06590140791844856,0.4685828380569854,1.5938605219266835,0.928343949044586,0.10213442487362968,0.01679726376282309,0.09412324570835517,0.5856747618304836,0.5508012390620745,0.27807498630687494,0.8288762253689494,0.051562206557666634,0.034913668548647525,0.13532253805186942,2026-02-20,2026-03-06,-1.014779504055957,1.9434241612942158,stop
DNN,2024-02-27,4,2,47.11815947356597,-0.026041642413474064,0.010810800361494177,0.3169014516082047,0.25559105431309903,0.047683451511366375,-0.01639758287757409,-0.0031315606908226545,1.6179695760609072,0.7692309808449005,0.0,0.7692309808449005,0.12290412711546184,0.15091223009084787,0.07428705900147749,2024-02-28,2024-03-14,-1.026922589571896,1.9382111363829935,stop
DNN,2025-08-18,4,2,50.305936207370365,-0.037383251496717174,0.4405594533845394,0.27160489920744224,0.9363057324840764,0.05347766142522624,-0.010787234890704989,0.05343155279454015,0.6829037075936967,0.5714285714285714,0.14285714285714285,0.7142857142857143,0.09609149939430917,0.12184888449725984,0.07704127344925983,2025-08-19,2025-08-19,-1.0259601108659921,1.603564693621073,stop
UEC,2023-10-04,4,2,51.57527311729594,0.04449153548340434,0.489425955759595,0.7359154849765648,0.9920127795527156,0.06495466604249239,-0.009930787000143604,0.09431429285852833,0.9294521116695228,0.20588136296828194,0.7058827654298825,0.9117641283981645,0.004308196539137832,0.05263241678902042,0.09797213981128908,2023-10-05,2023-10-24,1.6831354798348064,1.703549446538528,target
UEC,2026-02-24,4,3,50.1129093839262,-0.13157898241213628,0.4633483979350579,0.5356125817993109,0.9044585987261147,0.07905532088218882,-0.0034614563204025117,0.03770367735821889,0.7690137586855758,0.45217446109090426,0.4782603647846934,0.9304348258755977,0.05427360496132927,0.04125015133493393,0.1336068693637828,2026-02-25,2026-03-03,-1.0149692901983538,1.723651984206349,stop
URG,2026-03-02,6,3,56.031456063312305,-0.08421050980480738,0.3700787682432456,0.2517985808948673,0.9092356687898089,0.06147389533313533,0.04068537562092267,0.06330924879906297,0.8519173822073334,0.7692309808449005,0.07692300638503319,0.8461539872299336,0.05046657960126488,0.03977617086808771,0.12467248425827847,2026-03-03,2026-03-05,-1.016042032144452,1.5655215233976232,stop
GEV,2026-06-12,4,2,44.1096090819231,-0.11473130050500402,0.1691992520538348,0.30279636141648125,0.7117834394904459,0.048151194354490924,-0.027876215284422856,-0.033539326873348596,1.0121283304802136,0.9165279120337788,0.0,0.9165279120337788,0.08760735767031536,0.15297752883765448,0.12218492499865023,2026-06-15,2026-06-30,1.7220831091464561,1.7384517405469508,target
RKLB,2026-06-11,5,3,50.01853668422704,-0.023647489256805043,0.6788064087804206,1.1482312955962701,0.9554140127388535,0.09584645441537966,-0.021294997656434833,0.09122911222647634,1.0100024632037192,0.8491451831964999,0.12337949467998852,0.9725246778764884,0.08271024826816631,0.14799731504716251,0.15183973730401504,2026-06-12,2026-06-12,-1.013171782535395,1.7982577041737364,stop
ASTS,2025-01-03,4,2,52.13398011570436,0.046267982234933,0.03229974255721246,0.9330645202225876,0.5764331210191083,0.07878809089930525,0.03079402094982653,0.005496804608162709,1.2477368967678006,0.9578057271991257,0.008439015517937938,0.9662447427170636,0.0723349880522679,0.09269054966698254,0.16749519433281218,2025-01-06,2025-01-13,-1.0119406410910274,1.5170203058126674,stop
ASTS,2026-05-14,5,3,53.50789889990354,-0.0448740232602155,0.009608378786163607,0.2227132550083284,0.5302547770700637,0.0923509090158643,0.0801295096084007,0.016805140749063252,1.3619611271436942,0.633853225844771,0.21597138611349756,0.8498246119582686,0.11993289551230868,0.19093219215909185,0.20629008471289118,2026-05-15,2026-05-22,1.6589591514566349,1.6686542369125525,target
VKTX,2025-12-23,4,2,51.95779286359999,0.06275544749596729,0.3672550129499881,0.34403837734692244,0.9617834394904459,0.05208505842446145,0.010816385735414658,0.03373122923057781,0.870363276511524,0.4232793019721346,0.26984194262624306,0.6931212445983777,0.08621292141135739,0.09614519633811436,0.09350172701365989,2025-12-24,2026-01-05,-1.0213899792429268,1.8235864573973344,stop
ALNY,2025-10-31,4,1,46.01472879012441,-0.010737720545594631,0.08694825817190432,0.7581247649914844,0.6560509554140127,0.03764358632307184,-0.021648120898095424,0.011044316802864884,1.6562860228085603,0.37951553518489883,0.41940721827568167,0.7989227534605805,0.1057800006003462,0.14752166106366738,0.04352737809397299,2025-11-03,2025-11-03,-1.0459480926161489,1.9453622895210982,stop
ALNY,2025-11-07,5,2,44.2227795449414,-0.031185030351949528,0.017701177487428055,0.7626917099966062,0.4713375796178344,0.03921065782229926,-0.025262136224390774,-0.01228873878934944,0.6999093844524141,0.38054570628566814,0.5424122887222759,0.9229579950079441,0.08278212072648872,0.1052889650552098,0.06682214802170285,2025-11-10,2025-12-09,-1.0299301961881027,1.6166421462600788,stop
FATE,2024-03-27,4,2,53.442437952649676,-0.016085775461857743,0.9731183054130439,2.6336634761854065,0.9936102236421726,0.08969756693778569,0.024060007101561087,0.13492916019568435,0.7514197717683502,0.616667368677039,0.33333306842375887,0.9500004371007978,0.1320280547094188,0.1368253582720751,0.10946878083389934,2024-03-28,2024-04-08,-1.018270049093126,1.9047216610745112,stop
BIIB,2026-03-09,4,3,50.83667735047712,0.015537359049035748,0.03439943901854736,0.3381673984745983,0.5095541401273885,0.030805277106607017,-0.0011534151413791216,0.025813450760529655,0.5327816911485141,0.733899374647625,0.22203371419999895,0.9559330888476241,0.036040535215572156,0.03740163641254868,0.03745471474226991,2026-03-10,2026-03-18,-1.0533978169040192,1.9499564678813925,stop
BEAM,2024-03-13,4,2,56.62259745460924,0.11886219235438755,0.40225138712199704,0.4274254582226542,0.9361022364217252,0.07209381150712964,0.039559106014105616,0.15433458540806555,0.6042497060763341,0.7108430781675371,0.24096308018978488,0.951806158357322,0.12727650646009558,0.13909333397271473,0.20451742197330738,2024-03-14,2024-04-04,-1.0097791179876159,1.6086330034564134,stop
BEAM,2025-01-06,4,2,48.646493676383,0.013066877271573851,0.12601455711951082,0.10524109806019055,0.7754777070063694,0.06704376771438504,-0.013053955527717043,0.0009983951636873822,1.102348151988238,0.3482146278328175,0.3660713297371861,0.7142859575700036,0.07767040251853552,0.1040927484093559,0.11161095583271655,2025-01-07,2025-01-13,-1.0179193877973558,1.6939691913790385,stop
BEAM,2025-03-07,4,2,52.16381362431474,0.023723934387206214,0.0962278692859746,0.18272423722886333,0.9076433121019108,0.0811943026016654,0.01829949226798555,0.036734038697181726,0.857233126144482,0.6334666198568044,0.13944171640214534,0.7729083362589497,0.01504741439476498,0.00430424323675771,0.15952738281509002,2025-03-10,2025-03-17,-1.0125370326066103,1.6287671912357782,stop
CRSP,2023-12-13,5,2,48.94227805217477,0.18111905955864072,0.19793295178424875,0.04189283003828281,0.8801916932907349,0.08360578058769759,-0.03604423100705545,0.0597005505179824,1.1410606051320393,0.5942328004385352,0.39620827504226735,0.9904410754808025,0.09321329471482453,0.13682288910500207,0.14455108188206792,2023-12-14,2024-01-29,0.3098244883434967,1.513184880716066,time
CRSP,2025-10-24,4,2,50.79799743289436,0.12085545345506477,0.06054902918198524,0.7666579514408083,0.5859872611464968,0.061997795251501765,-0.009439370946662806,0.061531958741518844,0.48872734685408614,-0.3198930244386654,0.4086031649671444,0.4086031649671444,0.10417496440282137,0.134404784828829,0.08914958248325407,2025-10-27,2025-10-30,-1.0224342048979946,1.831935117678526,stop
NVAX,2026-06-29,5,2,52.18488344536933,-0.09302326226118407,0.1076922920654182,0.34870310943859306,0.5286624203821656,0.0657194370621857,0.021322096092516007,0.02197881657913281,0.8464988700286762,0.8799991607666016,0.07999992370605469,0.9599990844726562,0.08026178219145175,0.14140168411452847,0.1202050231454668,2026-06-30,2026-07-10,-0.016638239797846812,1.981207545916724,time
PCVX,2026-05-04,6,3,48.05406846388532,0.0018842173405104745,0.01898954919184903,0.3070391436528894,0.5318471337579618,0.03822454596222039,-0.010224794705006257,0.010946772448681585,1.187766249988348,0.7829792967316951,0.0,0.7829792967316951,0.08410467465197091,0.1289807587940075,0.05275457033629626,2026-05-05,2026-05-05,-1.0379114072439704,1.8162401639051942,stop
DAL,2024-06-17,4,3,46.367202985163956,-0.05332306584696811,0.14651674323783892,0.17632450906450448,0.84185303514377,0.027445172025303388,-0.013267192669739747,0.003982600668362091,0.8114388559302854,0.8593746274706136,0.08593805879407966,0.9453126862646932,0.1217489811135053,0.1679224778430226,0.04631775717590938,2024-06-18,2024-06-26,-1.04317998370267,1.7464905460739424,stop
DAL,2025-10-06,4,2,50.20207792657473,-0.04772814173911499,0.15726555280728083,0.5741491161895076,0.7659235668789809,0.02915165118343285,0.002084929496160459,0.013113776682598832,0.9686433976763209,0.31351269985937225,0.5405409863784254,0.8540536862377976,0.10965130495124908,0.13652477625572113,0.04749373155118043,2025-10-07,2025-11-04,-1.042110820411,1.9028032129778587,stop
AAL,2024-03-20,5,3,50.545731739155876,-0.00884354531480891,0.023174152318131913,0.10462472769849884,0.3865814696485623,0.029565767118319354,0.004570276690256891,0.010023738238628344,1.156913940423764,0.9242421177354565,0.060606016819350926,0.9848481345548074,0.13361226489509903,0.1421576750538558,0.06040201650406767,2024-03-21,2024-04-05,-1.033111477327339,1.641135434805371,stop
LUV,2024-12-20,4,3,55.802939857244304,0.04752916129689644,0.12318619406439546,0.17528100129264756,0.7738853503184714,0.02596099058695213,0.011574370909007259,0.04083062555856354,2.158666547841161,0.8241759623728266,0.0,0.8241759623728266,0.07751654913303985,0.09985707762667562,0.049244496167028376,2024-12-23,2025-01-16,-1.0406136757540652,1.655714198878338,stop
JBLU,2024-11-08,4,2,48.863314072737964,-0.06764706253592934,0.3208333126372769,0.09878685850010172,0.8487261146496815,0.058431988471982034,-0.007570201333706006,0.0046187999663960255,1.214789729401539,0.9354839205866021,0.06451607941339789,1.0,0.11974839989419239,0.12607272723895346,0.14306482699166267,2024-11-11,2024-12-23,1.370902485131583,1.7661608012376384,time
JBLU,2025-02-07,4,2,45.687346174103396,-0.09864864995481326,0.13050846923394177,0.13628623617233138,0.7643312101910829,0.07155424959476245,-0.030324933347944838,-0.04479525614746582,0.7263501709637302,0.5,0.2916676600783603,0.7916676600783603,0.06991604982345367,0.0803315753274989,0.13883918742584428,2025-02-10,2025-03-10,-1.0144051548923694,1.807128043859267,stop
RIVN,2025-07-18,4,2,54.00712725059036,0.023151565197454982,0.1923411733829743,-0.017216626853841288,0.552547770700637,0.044895786137987934,0.03330287965038714,0.016107011425357864,1.8447772694729945,0.6320758621310133,0.21698080954394552,0.8490566716749588,0.09039824581922384,0.11886277095057363,0.14491607297067108,2025-07-21,2025-08-06,-1.1246326457115179,1.5617349330029129,gap_stop
NIO,2025-10-20,5,2,51.48467822045231,-0.0420624080859161,0.4091815609268419,0.9611111471682428,0.9426751592356688,0.06065143634077239,0.00047128562997400536,0.08444112362202771,0.6483291386865393,0.8611106328024106,0.08333388522798768,0.9444445180303983,0.09876558682560832,0.12987844720426023,0.09343311157696695,2025-10-21,2025-11-13,-1.0214056876223423,1.711055430541466,stop
XPEV,2024-10-22,4,2,50.45608883728176,0.1548116608028003,0.37142853419550237,0.5376044882730266,0.9442675159235668,0.07254146003480252,-0.015517312041582687,0.07931612060639304,0.6000796321608726,0.30909094061732184,0.0,0.30909094061732184,0.10532968023621403,0.09957104847887566,0.11082088163682759,2024-10-23,2024-11-07,1.9748394203044222,1.9928865606128183,target
XPEV,2025-09-12,4,2,51.86826618488635,0.03470504513097006,0.08528348081314352,-0.17672581754717076,0.5621019108280255,0.04057548324168089,0.007386021189316638,0.03410094004723141,0.5375204816725162,0.5714319774115211,0.10714200564711973,0.6785739830586408,0.10167985848652061,0.11896728377971999,0.09231072816097172,2025-09-15,2025-10-24,0.03879759649066411,1.680471404743841,time
BWA,2023-04-10,4,3,46.225834949081694,-0.04205820166612417,0.09106717298580236,0.38058427203199785,0.7548076923076923,0.02526216747447151,-0.01239981060490103,-0.0029434140897592886,0.6523712943764962,0.8468478668249072,0.14414548066713084,0.990993347492038,0.03137055104442332,0.06479184041300878,0.04966223783999169,2023-04-11,2023-05-04,-1.2154790612007715,1.5304480773774674,gap_stop
BWA,2023-09-12,5,2,52.89703776144391,0.01697908526202707,0.02860511235697305,0.019446535931487263,0.5648,0.022444659986909133,0.015386150704165713,-0.0039360888988587694,1.445647070376633,0.7974682933071313,0.0,0.7974682933071313,0.055551065685975454,0.10074447648888496,0.07172021938239861,2023-09-13,2023-10-04,-1.0278861389050746,1.6828734444816988,stop
BWA,2025-10-14,5,3,41.65309456877587,-0.048324661514713485,0.19182974377394668,0.5906374440626867,0.8264331210191083,0.022539541635316247,-0.026312196835189594,-0.0006942273503917074,0.7920684618960094,0.8157903322550109,0.006577841132965392,0.8223681733879763,0.08787644377303083,0.11015381823178139,0.0379548515119074,2025-10-15,2025-11-05,1.6693707205930095,1.7220649064567732,target
MGA,2026-02-04,4,2,50.65286430069116,-0.02979648180130512,0.0838238505680915,0.29244643113191704,0.5382165605095541,0.02425428301615159,0.0022281236789518655,0.017811461676714213,3.1697480994887823,0.5086200517943054,0.19827681177292597,0.7068968635672314,0.06024338743198654,0.04309828355107315,0.042704912376251916,2026-02-05,2026-02-11,1.87935362574996,1.9261866453889884,target
CTVA,2024-04-19,6,2,47.120102792405675,-0.016687625927226613,0.20529030531522885,0.07661880070924765,0.8961661341853036,0.018728058315739683,-0.008414291870505908,0.009453834094109714,0.7431974944330793,0.9374985098824595,0.020833830039182683,0.9583323399216422,0.054573885343396134,0.04214579327731127,0.031252249159426725,2024-04-22,2024-05-07,1.739731514113569,1.8037269081665672,target
CTVA,2024-05-31,6,2,49.84423149853015,0.03765533056546255,0.04248968692150501,0.23741937634919807,0.5846645367412141,0.01921040886770274,-0.000751709357550312,0.007473253706944627,0.9585786978065584,0.734298003457183,0.18840553002185417,0.9227035334790372,0.09416874254783036,0.101477621973451,0.029366293050110712,2024-06-03,2024-06-04,-1.0681052932553385,1.652679615595757,stop
