tier,family,sl_atr,rr,signals,rule,train_n,train_per_year,train_win,train_avg_r,train_pf,train_bars,train_unres,train_risk_pct,train_pct_per_trade,train_ann_est,valid_n,valid_per_year,valid_win,valid_avg_r,valid_pf,valid_bars,valid_unres,valid_risk_pct,valid_pct_per_trade,valid_ann_est
all,pullback,1.0,0.5,2677,"{""family"": ""pullback"", ""min_ddv"": 5000000.0, ""min_price"": 5.0, ""regime"": ""spy200"", ""trend"": true, ""mom_min"": 0.0, ""rsi2_max"": 100.0, ""rsi14_max"": 100.0, ""ret21_max"": 1.0, ""dist_ema20_max"": 1.0, ""dist_ema50_min"": -1.0, ""dist_hh60_min"": -1.0, ""atr_ratio_max"": 10.0, ""vol_ratio_min"": 0.0, ""atr_pct_min"": 0.0, ""atr_pct_max"": 1.0, ""up_close"": true, ""strong_close"": true}",1173,167.44035979663667,0.711849957374254,-0.05538514122720116,0.8418242188235161,1.0,0.0,0.02890530615797116,-0.0008008406433106954,-0.20181184211429526,692,172.88158795345655,0.5852601156069365,-0.20930236566500576,0.5626182185297888,2.0,0.0,0.04073391924913795,-0.00992623401977126,-1.2507054864911789
all,pullback,1.0,1.0,2677,"{""family"": ""pullback"", ""min_ddv"": 5000000.0, ""min_price"": 5.0, ""regime"": ""spy200"", ""trend"": true, ""mom_min"": 0.0, ""rsi2_max"": 100.0, ""rsi14_max"": 100.0, ""ret21_max"": 1.0, ""dist_ema20_max"": 1.0, ""dist_ema50_min"": -1.0, ""dist_hh60_min"": -1.0, ""atr_ratio_max"": 10.0, ""vol_ratio_min"": 0.0, ""atr_pct_min"": 0.0, ""atr_pct_max"": 1.0, ""up_close"": true, ""strong_close"": true}",1173,167.44035979663667,0.578005115089514,0.02063378811762937,1.04052977446263,2.0,0.0,0.02890530615797116,0.002017751339523595,0.254236668779973,692,172.88158795345655,0.434971098265896,-0.2345535761057898,0.6442215539173113,2.0,0.0,0.04073391924913795,-0.01265467213043592,-1.5944886884349259
all,pullback,1.0,2.0,2677,"{""family"": ""pullback"", ""min_ddv"": 5000000.0, ""min_price"": 5.0, ""regime"": ""spy200"", ""trend"": true, ""mom_min"": 0.0, ""rsi2_max"": 100.0, ""rsi14_max"": 100.0, ""ret21_max"": 1.0, ""dist_ema20_max"": 1.0, ""dist_ema50_min"": -1.0, ""dist_hh60_min"": -1.0, ""atr_ratio_max"": 10.0, ""vol_ratio_min"": 0.0, ""atr_pct_min"": 0.0, ""atr_pct_max"": 1.0, ""up_close"": true, ""strong_close"": true}",1173,167.44035979663667,0.42284739982949704,0.11330878693353293,1.162187936660308,4.0,0.0,0.02890530615797116,0.005864957406133921,0.36949231658643705,692,172.88158795345655,0.3179190751445087,-0.17333193381377554,0.7828939632125786,3.0,0.0,0.04073391924913795,-0.009963102439336919,-0.8369006049043012
all,pullback,1.0,3.0,2677,"{""family"": ""pullback"", ""min_ddv"": 5000000.0, ""min_price"": 5.0, ""regime"": ""spy200"", ""trend"": true, ""mom_min"": 0.0, ""rsi2_max"": 100.0, ""rsi14_max"": 100.0, ""ret21_max"": 1.0, ""dist_ema20_max"": 1.0, ""dist_ema50_min"": -1.0, ""dist_hh60_min"": -1.0, ""atr_ratio_max"": 10.0, ""vol_ratio_min"": 0.0, ""atr_pct_min"": 0.0, ""atr_pct_max"": 1.0, ""up_close"": true, ""strong_close"": true}",1173,167.44035979663667,0.3776641091219096,0.35080373069260495,1.4662714217595316,6.0,0.0,0.02890530615797116,0.012881661407182634,0.5410297791016706,692,172.88158795345655,0.24710982658959538,-0.14427057218929487,0.8362044681749904,4.0,0.0,0.04073391924913795,-0.009382422870698221,-0.5910926408539879
all,pullback,1.0,4.0,2677,"{""family"": ""pullback"", ""min_ddv"": 5000000.0, ""min_price"": 5.0, ""regime"": ""spy200"", ""trend"": true, ""mom_min"": 0.0, ""rsi2_max"": 100.0, ""rsi14_max"": 100.0, ""ret21_max"": 1.0, ""dist_ema20_max"": 1.0, ""dist_ema50_min"": -1.0, ""dist_hh60_min"": -1.0, ""atr_ratio_max"": 10.0, ""vol_ratio_min"": 0.0, ""atr_pct_min"": 0.0, ""atr_pct_max"": 1.0, ""up_close"": true, ""strong_close"": true}",1173,167.44035979663667,0.3350383631713555,0.5090689135845181,1.634396633978189,7.0,0.0,0.02890530615797116,0.016296471656790688,0.5866729796444649,692,172.88158795345655,0.2153179190751445,-0.06310049596832186,0.9315789851642118,4.0,0.0,0.04073391924913795,-0.006851500480078624,-0.43164453024495336
all,pullback,1.0,6.0,2677,"{""family"": ""pullback"", ""min_ddv"": 5000000.0, ""min_price"": 5.0, ""regime"": ""spy200"", ""trend"": true, ""mom_min"": 0.0, ""rsi2_max"": 100.0, ""rsi14_max"": 100.0, ""ret21_max"": 1.0, ""dist_ema20_max"": 1.0, ""dist_ema50_min"": -1.0, ""dist_hh60_min"": -1.0, ""atr_ratio_max"": 10.0, ""vol_ratio_min"": 0.0, ""atr_pct_min"": 0.0, ""atr_pct_max"": 1.0, ""up_close"": true, ""strong_close"": true}",1173,167.44035979663667,0.2549019607843137,0.5992368189474694,1.65899114895008,7.0,0.0,0.02890530615797116,0.017306527214586486,0.6230349797251135,692,172.88158795345655,0.1994219653179191,0.24930968382720903,1.265053812981374,5.0,0.0,0.04073391924913795,0.004608991340160762,0.23229316354410243
all,pullback,1.5,0.5,2677,"{""family"": ""pullback"", ""min_ddv"": 5000000.0, ""min_price"": 5.0, ""regime"": ""spy200"", ""trend"": true, ""mom_min"": 0.0, ""rsi2_max"": 100.0, ""rsi14_max"": 100.0, ""ret21_max"": 1.0, ""dist_ema20_max"": 1.0, ""dist_ema50_min"": -1.0, ""dist_hh60_min"": -1.0, ""atr_ratio_max"": 10.0, ""vol_ratio_min"": 0.0, ""atr_pct_min"": 0.0, ""atr_pct_max"": 1.0, ""up_close"": true, ""strong_close"": true}",1173,167.44035979663667,0.7749360613810742,0.0909758428701872,1.358069681536321,2.0,0.0,0.04335795923695665,0.004949620124538837,0.6236521356918935,692,172.88158795345655,0.6257225433526011,-0.11047688777912708,0.7339401405747171,3.0,0.0,0.061100878873706924,-0.0076201265273581125,-0.6400906282980815
all,pullback,1.5,1.0,2677,"{""family"": ""pullback"", ""min_ddv"": 5000000.0, ""min_price"": 5.0, ""regime"": ""spy200"", ""trend"": true, ""mom_min"": 0.0, ""rsi2_max"": 100.0, ""rsi14_max"": 100.0, ""ret21_max"": 1.0, ""dist_ema20_max"": 1.0, ""dist_ema50_min"": -1.0, ""dist_hh60_min"": -1.0, ""atr_ratio_max"": 10.0, ""vol_ratio_min"": 0.0, ""atr_pct_min"": 0.0, ""atr_pct_max"": 1.0, ""up_close"": true, ""strong_close"": true}",1173,167.44035979663667,0.6001705029838023,0.11854572665059832,1.2629177595692183,4.0,0.0,0.04335795923695665,0.006907744028786587,0.435187873813555,692,172.88158795345655,0.5,-0.06601773575400076,0.8808505617233898,4.0,0.0,0.061100878873706924,-0.00414006789403714,-0.2608242773243398
all,pullback,1.5,2.0,2677,"{""family"": ""pullback"", ""min_ddv"": 5000000.0, ""min_price"": 5.0, ""regime"": ""spy200"", ""trend"": true, ""mom_min"": 0.0, ""rsi2_max"": 100.0, ""rsi14_max"": 100.0, ""ret21_max"": 1.0, ""dist_ema20_max"": 1.0, ""dist_ema50_min"": -1.0, ""dist_hh60_min"": -1.0, ""atr_ratio_max"": 10.0, ""vol_ratio_min"": 0.0, ""atr_pct_min"": 0.0, ""atr_pct_max"": 1.0, ""up_close"": true, ""strong_close"": true}",1173,167.44035979663667,0.49872122762148335,0.4062213599422822,1.7184591747402875,9.0,0.0,0.04335795923695665,0.021258325155172727,0.5952331043448363,692,172.88158795345655,0.38439306358381503,0.07633661940366458,1.111159021240056,8.0,0.0,0.061100878873706924,0.005134224917172619,0.16172808489093748
all,pullback,1.5,3.0,2677,"{""family"": ""pullback"", ""min_ddv"": 5000000.0, ""min_price"": 5.0, ""regime"": ""spy200"", ""trend"": true, ""mom_min"": 0.0, ""rsi2_max"": 100.0, ""rsi14_max"": 100.0, ""ret21_max"": 1.0, ""dist_ema20_max"": 1.0, ""dist_ema50_min"": -1.0, ""dist_hh60_min"": -1.0, ""atr_ratio_max"": 10.0, ""vol_ratio_min"": 0.0, ""atr_pct_min"": 0.0, ""atr_pct_max"": 1.0, ""up_close"": true, ""strong_close"": true}",1173,167.44035979663667,0.4288150042625746,0.615117817625213,1.9495985130475224,14.0,0.0,0.04335795923695665,0.029654575968751,0.533782367437518,692,172.88158795345655,0.35260115606936415,0.3283730503570043,1.4546717487679208,10.0,0.0,0.061100878873706924,0.02209697853240529,0.5568438590166134
all,pullback,1.5,4.0,2677,"{""family"": ""pullback"", ""min_ddv"": 5000000.0, ""min_price"": 5.0, ""regime"": ""spy200"", ""trend"": true, ""mom_min"": 0.0, ""rsi2_max"": 100.0, ""rsi14_max"": 100.0, ""ret21_max"": 1.0, ""dist_ema20_max"": 1.0, ""dist_ema50_min"": -1.0, ""dist_hh60_min"": -1.0, ""atr_ratio_max"": 10.0, ""vol_ratio_min"": 0.0, ""atr_pct_min"": 0.0, ""atr_pct_max"": 1.0, ""up_close"": true, ""strong_close"": true}",1173,167.44035979663667,0.34612105711849955,0.6048072175142848,1.7939869762753489,20.0,0.0,0.04335795923695665,0.029402822091004574,0.37047555834665763,692,172.88158795345655,0.34104046242774566,0.6219124290472351,1.8461816706830227,12.0,0.0,0.061100878873706924,0.03908759463216794,0.8208394872755268
all,pullback,1.5,6.0,2677,"{""family"": ""pullback"", ""min_ddv"": 5000000.0, ""min_price"": 5.0, ""regime"": ""spy200"", ""trend"": true, ""mom_min"": 0.0, ""rsi2_max"": 100.0, ""rsi14_max"": 100.0, ""ret21_max"": 1.0, ""dist_ema20_max"": 1.0, ""dist_ema50_min"": -1.0, ""dist_hh60_min"": -1.0, ""atr_ratio_max"": 10.0, ""vol_ratio_min"": 0.0, ""atr_pct_min"": 0.0, ""atr_pct_max"": 1.0, ""up_close"": true, ""strong_close"": true}",1173,167.44035979663667,0.23785166240409208,0.5153946561642901,1.5748587986052993,27.0,0.0,0.04335795923695665,0.016056545181129044,0.14986108835720444,692,172.88158795345655,0.3106936416184971,1.0854788681496952,2.411037724266346,12.0,0.0,0.061100878873706924,0.07268360262656395,1.526355655157843
all,pullback,2.0,0.5,2677,"{""family"": ""pullback"", ""min_ddv"": 5000000.0, ""min_price"": 5.0, ""regime"": ""spy200"", ""trend"": true, ""mom_min"": 0.0, ""rsi2_max"": 100.0, ""rsi14_max"": 100.0, ""ret21_max"": 1.0, ""dist_ema20_max"": 1.0, ""dist_ema50_min"": -1.0, ""dist_hh60_min"": -1.0, ""atr_ratio_max"": 10.0, ""vol_ratio_min"": 0.0, ""atr_pct_min"": 0.0, ""atr_pct_max"": 1.0, ""up_close"": true, ""strong_close"": true}",1173,167.44035979663667,0.7587382779198636,0.0833845673039327,1.3149679764788127,3.0,0.0,0.057810612315942145,0.006275030808295298,0.5271025878968051,692,172.88158795345655,0.6430635838150289,-0.08568393835966512,0.7854572788882626,4.0,0.0,0.08146783849827596,-0.008736111800705309,-0.5503750434444344
all,pullback,2.0,1.0,2677,"{""family"": ""pullback"", ""min_ddv"": 5000000.0, ""min_price"": 5.0, ""regime"": ""spy200"", ""trend"": true, ""mom_min"": 0.0, ""rsi2_max"": 100.0, ""rsi14_max"": 100.0, ""ret21_max"": 1.0, ""dist_ema20_max"": 1.0, ""dist_ema50_min"": -1.0, ""dist_hh60_min"": -1.0, ""atr_ratio_max"": 10.0, ""vol_ratio_min"": 0.0, ""atr_pct_min"": 0.0, ""atr_pct_max"": 1.0, ""up_close"": true, ""strong_close"": true}",1173,167.44035979663667,0.6283034953111679,0.19534605872415803,1.4789878449056972,6.0,0.0,0.057810612315942145,0.01510798992866007,0.634535577003723,692,172.88158795345655,0.5505780346820809,0.04453194617568067,1.0892040267677008,7.0,0.0,0.08146783849827596,0.0036998006790442844,0.13319282444559424
all,pullback,2.0,2.0,2677,"{""family"": ""pullback"", ""min_ddv"": 5000000.0, ""min_price"": 5.0, ""regime"": ""spy200"", ""trend"": true, ""mom_min"": 0.0, ""rsi2_max"": 100.0, ""rsi14_max"": 100.0, ""ret21_max"": 1.0, ""dist_ema20_max"": 1.0, ""dist_ema50_min"": -1.0, ""dist_hh60_min"": -1.0, ""atr_ratio_max"": 10.0, ""vol_ratio_min"": 0.0, ""atr_pct_min"": 0.0, ""atr_pct_max"": 1.0, ""up_close"": true, ""strong_close"": true}",1173,167.44035979663667,0.5200341005967605,0.48803022488940534,1.920627106307125,15.0,0.0,0.057810612315942145,0.031196115252409333,0.5240947362404768,692,172.88158795345655,0.45664739884393063,0.307983783572848,1.511825313769343,14.0,0.0,0.08146783849827596,0.02763410121993908,0.49741382195890343
all,pullback,2.0,3.0,2677,"{""family"": ""pullback"", ""min_ddv"": 5000000.0, ""min_price"": 5.0, ""regime"": ""spy200"", ""trend"": true, ""mom_min"": 0.0, ""rsi2_max"": 100.0, ""rsi14_max"": 100.0, ""ret21_max"": 1.0, ""dist_ema20_max"": 1.0, ""dist_ema50_min"": -1.0, ""dist_hh60_min"": -1.0, ""atr_ratio_max"": 10.0, ""vol_ratio_min"": 0.0, ""atr_pct_min"": 0.0, ""atr_pct_max"": 1.0, ""up_close"": true, ""strong_close"": true}",1173,167.44035979663667,0.4032395566922421,0.510443808181307,1.7465932869278626,28.0,0.0,0.057810612315942145,0.03345974142355221,0.3011376728119699,692,172.88158795345655,0.4263005780346821,0.6381531889302824,2.006949035123476,21.0,0.0,0.08146783849827596,0.050643879084174975,0.6077265490100997
all,pullback,2.0,4.0,2677,"{""family"": ""pullback"", ""min_ddv"": 5000000.0, ""min_price"": 5.0, ""regime"": ""spy200"", ""trend"": true, ""mom_min"": 0.0, ""rsi2_max"": 100.0, ""rsi14_max"": 100.0, ""ret21_max"": 1.0, ""dist_ema20_max"": 1.0, ""dist_ema50_min"": -1.0, ""dist_hh60_min"": -1.0, ""atr_ratio_max"": 10.0, ""vol_ratio_min"": 0.0, ""atr_pct_min"": 0.0, ""atr_pct_max"": 1.0, ""up_close"": true, ""strong_close"": true}",1173,167.44035979663667,0.3205456095481671,0.48831617862218574,1.6264004525761981,38.0,0.0,0.057810612315942145,0.024940389607468888,0.16539416266005683,692,172.88158795345655,0.4060693641618497,0.9602814585394313,2.4648368177721536,24.0,0.0,0.08146783849827596,0.08010846795987422,0.8411389135786793
all,pullback,2.0,6.0,2677,"{""family"": ""pullback"", ""min_ddv"": 5000000.0, ""min_price"": 5.0, ""regime"": ""spy200"", ""trend"": true, ""mom_min"": 0.0, ""rsi2_max"": 100.0, ""rsi14_max"": 100.0, ""ret21_max"": 1.0, ""dist_ema20_max"": 1.0, ""dist_ema50_min"": -1.0, ""dist_hh60_min"": -1.0, ""atr_ratio_max"": 10.0, ""vol_ratio_min"": 0.0, ""atr_pct_min"": 0.0, ""atr_pct_max"": 1.0, ""up_close"": true, ""strong_close"": true}",1173,167.44035979663667,0.24808184143222506,0.6179233323800293,1.71931902114595,49.0,0.0,0.057810612315942145,0.02415864457460118,0.12424445781223464,692,172.88158795345655,0.3208092485549133,1.1626766454164315,2.5359944367727203,29.0,0.0,0.08146783849827596,0.0996891867362274,0.866264657156183
all,pullback,3.0,0.5,2677,"{""family"": ""pullback"", ""min_ddv"": 5000000.0, ""min_price"": 5.0, ""regime"": ""spy200"", ""trend"": true, ""mom_min"": 0.0, ""rsi2_max"": 100.0, ""rsi14_max"": 100.0, ""ret21_max"": 1.0, ""dist_ema20_max"": 1.0, ""dist_ema50_min"": -1.0, ""dist_hh60_min"": -1.0, ""atr_ratio_max"": 10.0, ""vol_ratio_min"": 0.0, ""atr_pct_min"": 0.0, ""atr_pct_max"": 1.0, ""up_close"": true, ""strong_close"": true}",1173,167.44035979663667,0.7612958226768969,0.1057359319390628,1.414625912928415,6.0,0.0,0.0867159184739133,0.0126340493893643,0.5306300743533007,690,172.38193018480493,0.6884057971014492,-0.00236165546871572,0.9930156232121606,7.0,0.0,0.12210013629863445,-0.002260106205583514,-0.08136382340100652
all,pullback,3.0,1.0,2677,"{""family"": ""pullback"", ""min_ddv"": 5000000.0, ""min_price"": 5.0, ""regime"": ""spy200"", ""trend"": true, ""mom_min"": 0.0, ""rsi2_max"": 100.0, ""rsi14_max"": 100.0, ""ret21_max"": 1.0, ""dist_ema20_max"": 1.0, ""dist_ema50_min"": -1.0, ""dist_hh60_min"": -1.0, ""atr_ratio_max"": 10.0, ""vol_ratio_min"": 0.0, ""atr_pct_min"": 0.0, ""atr_pct_max"": 1.0, ""up_close"": true, ""strong_close"": true}",1173,167.44035979663667,0.6939471440750213,0.34797502018918386,2.0616755627249272,13.0,0.0,0.0867159184739133,0.03667570757785179,0.7109444853552809,690,172.38193018480493,0.6,0.16536138454779206,1.3846008464753616,14.0,0.0,0.12210013629863445,0.023646544796355484,0.42563780633439874
all,pullback,3.0,2.0,2677,"{""family"": ""pullback"", ""min_ddv"": 5000000.0, ""min_price"": 5.0, ""regime"": ""spy200"", ""trend"": true, ""mom_min"": 0.0, ""rsi2_max"": 100.0, ""rsi14_max"": 100.0, ""ret21_max"": 1.0, ""dist_ema20_max"": 1.0, ""dist_ema50_min"": -1.0, ""dist_hh60_min"": -1.0, ""atr_ratio_max"": 10.0, ""vol_ratio_min"": 0.0, ""atr_pct_min"": 0.0, ""atr_pct_max"": 1.0, ""up_close"": true, ""strong_close"": true}",1173,167.44035979663667,0.49701619778346123,0.4218553573830317,1.7544617712483752,40.0,0.0,0.0867159184739133,0.04104225532269977,0.25856620853300855,690,172.38193018480493,0.5057971014492754,0.4783393695671577,1.9067906507154926,32.0,0.0,0.12210013629863445,0.05811280990682272,0.4576383780162289
all,pullback,3.0,3.0,2677,"{""family"": ""pullback"", ""min_ddv"": 5000000.0, ""min_price"": 5.0, ""regime"": ""spy200"", ""trend"": true, ""mom_min"": 0.0, ""rsi2_max"": 100.0, ""rsi14_max"": 100.0, ""ret21_max"": 1.0, ""dist_ema20_max"": 1.0, ""dist_ema50_min"": -1.0, ""dist_hh60_min"": -1.0, ""atr_ratio_max"": 10.0, ""vol_ratio_min"": 0.0, ""atr_pct_min"": 0.0, ""atr_pct_max"": 1.0, ""up_close"": true, ""strong_close"": true}",1170,167.01212358232303,0.3581196581196581,0.3533873460788475,1.49798753625188,67.0,0.0,0.08667915398855947,0.019103562470541003,0.0718522051130796,690,172.38193018480493,0.463768115942029,0.8098361853204683,2.410240277795485,52.0,0.0,0.12210013629863445,0.10635853657171282,0.5154298310783006
all,pullback,3.0,4.0,2677,"{""family"": ""pullback"", ""min_ddv"": 5000000.0, ""min_price"": 5.0, ""regime"": ""spy200"", ""trend"": true, ""mom_min"": 0.0, ""rsi2_max"": 100.0, ""rsi14_max"": 100.0, ""ret21_max"": 1.0, ""dist_ema20_max"": 1.0, ""dist_ema50_min"": -1.0, ""dist_hh60_min"": -1.0, ""atr_ratio_max"": 10.0, ""vol_ratio_min"": 0.0, ""atr_pct_min"": 0.0, ""atr_pct_max"": 1.0, ""up_close"": true, ""strong_close"": true}",1169,166.86937817755182,0.32164242942686055,0.5282322254822749,1.706210542209826,85.0,0.0,0.08666980706211933,0.02880335278859388,0.08539346944383126,690,172.38193018480493,0.37971014492753624,0.8410669582795168,2.24860213821562,70.0,0.0,0.12210013629863445,0.10952387796484517,0.3942859606734426
all,pullback,3.0,6.0,2677,"{""family"": ""pullback"", ""min_ddv"": 5000000.0, ""min_price"": 5.0, ""regime"": ""spy200"", ""trend"": true, ""mom_min"": 0.0, ""rsi2_max"": 100.0, ""rsi14_max"": 100.0, ""ret21_max"": 1.0, ""dist_ema20_max"": 1.0, ""dist_ema50_min"": -1.0, ""dist_hh60_min"": -1.0, ""atr_ratio_max"": 10.0, ""vol_ratio_min"": 0.0, ""atr_pct_min"": 0.0, ""atr_pct_max"": 1.0, ""up_close"": true, ""strong_close"": true}",1169,166.86937817755182,0.2985457656116339,0.9972539535867463,2.2888781791667405,119.0,0.006843455945252352,0.08666980706211933,0.06195092184082176,0.13119018742762253,690,172.38193018480493,0.21014492753623187,0.38481325167064745,1.4401625229370643,78.0,0.0,0.12210013629863445,0.06768604079885937,0.21867797796554564
all,pullback,1.0,0.5,2022,"{""family"": ""pullback"", ""min_ddv"": 5000000.0, ""min_price"": 5.0, ""regime"": ""spy200"", ""trend"": true, ""mom_min"": 0.15, ""rsi2_max"": 100.0, ""rsi14_max"": 100.0, ""ret21_max"": 1.0, ""dist_ema20_max"": 1.0, ""dist_ema50_min"": -1.0, ""dist_hh60_min"": -1.0, ""atr_ratio_max"": 10.0, ""vol_ratio_min"": 0.0, ""atr_pct_min"": 0.0, ""atr_pct_max"": 1.0, ""up_close"": true, ""strong_close"": false}",713,101.77747360187719,0.6774193548387096,-0.09153616910771094,0.7625103617072603,1.0,0.0,0.035958626636860426,-0.0018044817073720046,-0.45472939025774517,544,135.90691307323752,0.5588235294117647,-0.25455039403043334,0.5061946610357084,2.0,0.0,0.04784816574332561,-0.012264782784636911,-1.5453626308642507
all,pullback,1.0,1.0,2022,"{""family"": ""pullback"", ""min_ddv"": 5000000.0, ""min_price"": 5.0, ""regime"": ""spy200"", ""trend"": true, ""mom_min"": 0.15, ""rsi2_max"": 100.0, ""rsi14_max"": 100.0, ""ret21_max"": 1.0, ""dist_ema20_max"": 1.0, ""dist_ema50_min"": -1.0, ""dist_hh60_min"": -1.0, ""atr_ratio_max"": 10.0, ""vol_ratio_min"": 0.0, ""atr_pct_min"": 0.0, ""atr_pct_max"": 1.0, ""up_close"": true, ""strong_close"": false}",713,101.77747360187719,0.5568022440392707,-0.0030680359680932737,0.9941452095956357,2.0,0.0,0.035958626636860426,0.0016654908040165959,0.20985184130609108,544,135.90691307323752,0.39889705882352944,-0.3245636387394542,0.5497165534215747,2.0,0.0,0.04784816574332561,-0.016586119786052088,-2.089851093042563
all,pullback,1.0,2.0,2022,"{""family"": ""pullback"", ""min_ddv"": 5000000.0, ""min_price"": 5.0, ""regime"": ""spy200"", ""trend"": true, ""mom_min"": 0.15, ""rsi2_max"": 100.0, ""rsi14_max"": 100.0, ""ret21_max"": 1.0, ""dist_ema20_max"": 1.0, ""dist_ema50_min"": -1.0, ""dist_hh60_min"": -1.0, ""atr_ratio_max"": 10.0, ""vol_ratio_min"": 0.0, ""atr_pct_min"": 0.0, ""atr_pct_max"": 1.0, ""up_close"": true, ""strong_close"": false}",713,101.77747360187719,0.4221598877980365,0.14214109481625564,1.2102381426329651,4.0,0.0,0.035958626636860426,0.007311566840508931,0.46062871095206265,544,135.90691307323752,0.29963235294117646,-0.24792332892662405,0.705053854285643,3.0,0.0,0.04784816574332561,-0.01177427555744701,-0.9890391468255487
all,pullback,1.0,3.0,2022,"{""family"": ""pullback"", ""min_ddv"": 5000000.0, ""min_price"": 5.0, ""regime"": ""spy200"", ""trend"": true, ""mom_min"": 0.15, ""rsi2_max"": 100.0, ""rsi14_max"": 100.0, ""ret21_max"": 1.0, ""dist_ema20_max"": 1.0, ""dist_ema50_min"": -1.0, ""dist_hh60_min"": -1.0, ""atr_ratio_max"": 10.0, ""vol_ratio_min"": 0.0, ""atr_pct_min"": 0.0, ""atr_pct_max"": 1.0, ""up_close"": true, ""strong_close"": false}",713,101.77747360187719,0.37727910238429174,0.3817251340075346,1.5256459747079927,6.0,0.0,0.035958626636860426,0.015459442269003193,0.6492965752981341,544,135.90691307323752,0.23713235294117646,-0.20566867856044477,0.7749957569236745,3.0,0.0,0.04784816574332561,-0.01059997844650128,-0.8903981895061075
all,pullback,1.0,4.0,2022,"{""family"": ""pullback"", ""min_ddv"": 5000000.0, ""min_price"": 5.0, ""regime"": ""spy200"", ""trend"": true, ""mom_min"": 0.15, ""rsi2_max"": 100.0, ""rsi14_max"": 100.0, ""ret21_max"": 1.0, ""dist_ema20_max"": 1.0, ""dist_ema50_min"": -1.0, ""dist_hh60_min"": -1.0, ""atr_ratio_max"": 10.0, ""vol_ratio_min"": 0.0, ""atr_pct_min"": 0.0, ""atr_pct_max"": 1.0, ""up_close"": true, ""strong_close"": false}",713,101.77747360187719,0.3267882187938289,0.5023972954048936,1.6411661419184218,7.0,0.0,0.035958626636860426,0.017920252565297383,0.6451290923507058,544,135.90691307323752,0.19852941176470587,-0.17211358328973023,0.8222847248626625,4.0,0.0,0.04784816574332561,-0.008854123816646457,-0.5578098004487269
all,pullback,1.0,6.0,2022,"{""family"": ""pullback"", ""min_ddv"": 5000000.0, ""min_price"": 5.0, ""regime"": ""spy200"", ""trend"": true, ""mom_min"": 0.15, ""rsi2_max"": 100.0, ""rsi14_max"": 100.0, ""ret21_max"": 1.0, ""dist_ema20_max"": 1.0, ""dist_ema50_min"": -1.0, ""dist_hh60_min"": -1.0, ""atr_ratio_max"": 10.0, ""vol_ratio_min"": 0.0, ""atr_pct_min"": 0.0, ""atr_pct_max"": 1.0, ""up_close"": true, ""strong_close"": false}",713,101.77747360187719,0.2496493688639551,0.6011893943638195,1.6824576654686696,7.0,0.0,0.035958626636860426,0.02022681472498132,0.7281653300993275,544,135.90691307323752,0.1801470588235294,0.0874972361449392,1.0884443665757804,4.0,0.0,0.04784816574332561,0.0028202695122430572,0.1776769792713126
all,pullback,1.5,0.5,2022,"{""family"": ""pullback"", ""min_ddv"": 5000000.0, ""min_price"": 5.0, ""regime"": ""spy200"", ""trend"": true, ""mom_min"": 0.15, ""rsi2_max"": 100.0, ""rsi14_max"": 100.0, ""ret21_max"": 1.0, ""dist_ema20_max"": 1.0, ""dist_ema50_min"": -1.0, ""dist_hh60_min"": -1.0, ""atr_ratio_max"": 10.0, ""vol_ratio_min"": 0.0, ""atr_pct_min"": 0.0, ""atr_pct_max"": 1.0, ""up_close"": true, ""strong_close"": false}",713,101.77747360187719,0.7391304347826086,0.05091825424187283,1.176612070139954,2.0,0.0,0.05393793995529054,0.004808006378508152,0.6058088036920272,544,135.90691307323752,0.59375,-0.170439440586471,0.6332267105218692,3.0,0.0,0.07177224861498835,-0.01041172381247896,-0.8745848002482326
all,pullback,1.5,1.0,2022,"{""family"": ""pullback"", ""min_ddv"": 5000000.0, ""min_price"": 5.0, ""regime"": ""spy200"", ""trend"": true, ""mom_min"": 0.15, ""rsi2_max"": 100.0, ""rsi14_max"": 100.0, ""ret21_max"": 1.0, ""dist_ema20_max"": 1.0, ""dist_ema50_min"": -1.0, ""dist_hh60_min"": -1.0, ""atr_ratio_max"": 10.0, ""vol_ratio_min"": 0.0, ""atr_pct_min"": 0.0, ""atr_pct_max"": 1.0, ""up_close"": true, ""strong_close"": false}",713,101.77747360187719,0.6002805049088359,0.13722865917751764,1.3110804365473663,4.0,0.0,0.05393793995529054,0.009799730306536783,0.6173830093118173,544,135.90691307323752,0.4963235294117647,-0.09271696332052344,0.8399480593968047,4.0,0.0,0.07177224861498835,-0.002724019616877504,-0.17161323586328275
all,pullback,1.5,2.0,2022,"{""family"": ""pullback"", ""min_ddv"": 5000000.0, ""min_price"": 5.0, ""regime"": ""spy200"", ""trend"": true, ""mom_min"": 0.15, ""rsi2_max"": 100.0, ""rsi14_max"": 100.0, ""ret21_max"": 1.0, ""dist_ema20_max"": 1.0, ""dist_ema50_min"": -1.0, ""dist_hh60_min"": -1.0, ""atr_ratio_max"": 10.0, ""vol_ratio_min"": 0.0, ""atr_pct_min"": 0.0, ""atr_pct_max"": 1.0, ""up_close"": true, ""strong_close"": false}",713,101.77747360187719,0.5007012622720898,0.43182139743626374,1.7872981369167271,8.0,0.0,0.05393793995529054,0.0256850325929537,0.8090785266780416,544,135.90691307323752,0.37316176470588236,0.020908002205428797,1.0289490925289169,6.0,0.0,0.07177224861498835,0.0065062337981972316,0.2732618195242837
all,pullback,1.5,3.0,2022,"{""family"": ""pullback"", ""min_ddv"": 5000000.0, ""min_price"": 5.0, ""regime"": ""spy200"", ""trend"": true, ""mom_min"": 0.15, ""rsi2_max"": 100.0, ""rsi14_max"": 100.0, ""ret21_max"": 1.0, ""dist_ema20_max"": 1.0, ""dist_ema50_min"": -1.0, ""dist_hh60_min"": -1.0, ""atr_ratio_max"": 10.0, ""vol_ratio_min"": 0.0, ""atr_pct_min"": 0.0, ""atr_pct_max"": 1.0, ""up_close"": true, ""strong_close"": false}",713,101.77747360187719,0.43899018232819076,0.6823173500135579,2.1085399712531823,13.0,0.0,0.05393793995529054,0.03648251622325955,0.7071995452508774,544,135.90691307323752,0.3327205882352941,0.22484257934985552,1.2925978700097462,7.0,0.0,0.07177224861498835,0.024454463728703777,0.880360694233336
all,pullback,1.5,4.0,2022,"{""family"": ""pullback"", ""min_ddv"": 5000000.0, ""min_price"": 5.0, ""regime"": ""spy200"", ""trend"": true, ""mom_min"": 0.15, ""rsi2_max"": 100.0, ""rsi14_max"": 100.0, ""ret21_max"": 1.0, ""dist_ema20_max"": 1.0, ""dist_ema50_min"": -1.0, ""dist_hh60_min"": -1.0, ""atr_ratio_max"": 10.0, ""vol_ratio_min"": 0.0, ""atr_pct_min"": 0.0, ""atr_pct_max"": 1.0, ""up_close"": true, ""strong_close"": false}",713,101.77747360187719,0.36746143057503505,0.7445458629082893,2.048179998062305,21.0,0.0,0.05393793995529054,0.04089347792034064,0.49072173504408767,544,135.90691307323752,0.3180147058823529,0.4837871395440884,1.6171562528336854,9.0,0.0,0.07177224861498835,0.04211647028778452,1.1792611680579668
all,pullback,1.5,6.0,2022,"{""family"": ""pullback"", ""min_ddv"": 5000000.0, ""min_price"": 5.0, ""regime"": ""spy200"", ""trend"": true, ""mom_min"": 0.15, ""rsi2_max"": 100.0, ""rsi14_max"": 100.0, ""ret21_max"": 1.0, ""dist_ema20_max"": 1.0, ""dist_ema50_min"": -1.0, ""dist_hh60_min"": -1.0, ""atr_ratio_max"": 10.0, ""vol_ratio_min"": 0.0, ""atr_pct_min"": 0.0, ""atr_pct_max"": 1.0, ""up_close"": true, ""strong_close"": false}",713,101.77747360187719,0.26788218793828894,0.7647648698930122,1.9221003067656606,27.0,0.0,0.05393793995529054,0.030074932007111175,0.2806993653997043,544,135.90691307323752,0.29044117647058826,0.9212184453112118,2.1310764832734392,10.0,0.0,0.07177224861498835,0.0780451421287965,1.9667375816456718
all,pullback,2.0,0.5,2022,"{""family"": ""pullback"", ""min_ddv"": 5000000.0, ""min_price"": 5.0, ""regime"": ""spy200"", ""trend"": true, ""mom_min"": 0.15, ""rsi2_max"": 100.0, ""rsi14_max"": 100.0, ""ret21_max"": 1.0, ""dist_ema20_max"": 1.0, ""dist_ema50_min"": -1.0, ""dist_hh60_min"": -1.0, ""atr_ratio_max"": 10.0, ""vol_ratio_min"": 0.0, ""atr_pct_min"": 0.0, ""atr_pct_max"": 1.0, ""up_close"": true, ""strong_close"": false}",713,101.77747360187719,0.7503506311360448,0.08227223061748075,1.3060976528491348,3.0,0.0,0.07191725327372075,0.006753331685377168,0.5672798615716821,544,135.90691307323752,0.6323529411764706,-0.109068334186315,0.7411695573254184,4.0,0.0,0.09569633148665116,-0.00897982425354466,-0.5657289279733135
all,pullback,2.0,1.0,2022,"{""family"": ""pullback"", ""min_ddv"": 5000000.0, ""min_price"": 5.0, ""regime"": ""spy200"", ""trend"": true, ""mom_min"": 0.15, ""rsi2_max"": 100.0, ""rsi14_max"": 100.0, ""ret21_max"": 1.0, ""dist_ema20_max"": 1.0, ""dist_ema50_min"": -1.0, ""dist_hh60_min"": -1.0, ""atr_ratio_max"": 10.0, ""vol_ratio_min"": 0.0, ""atr_pct_min"": 0.0, ""atr_pct_max"": 1.0, ""up_close"": true, ""strong_close"": false}",713,101.77747360187719,0.6465638148667602,0.2468537180626525,1.6513240022825824,6.0,0.0,0.07191725327372075,0.019420945540784603,0.8156797127129534,544,135.90691307323752,0.5441176470588235,0.024844439757325885,1.0482122910864144,6.0,0.0,0.09569633148665116,0.006438582144699993,0.27042045007739973
all,pullback,2.0,2.0,2022,"{""family"": ""pullback"", ""min_ddv"": 5000000.0, ""min_price"": 5.0, ""regime"": ""spy200"", ""trend"": true, ""mom_min"": 0.15, ""rsi2_max"": 100.0, ""rsi14_max"": 100.0, ""ret21_max"": 1.0, ""dist_ema20_max"": 1.0, ""dist_ema50_min"": -1.0, ""dist_hh60_min"": -1.0, ""atr_ratio_max"": 10.0, ""vol_ratio_min"": 0.0, ""atr_pct_min"": 0.0, ""atr_pct_max"": 1.0, ""up_close"": true, ""strong_close"": false}",713,101.77747360187719,0.5427769985974754,0.577824265918289,2.179143341113162,14.0,0.0,0.07191725327372075,0.040127517250991986,0.7222953105178558,544,135.90691307323752,0.44485294117647056,0.2646511081908378,1.4233619208441899,12.0,0.0,0.09569633148665116,0.03330331290859918,0.6993695710805827
all,pullback,2.0,3.0,2022,"{""family"": ""pullback"", ""min_ddv"": 5000000.0, ""min_price"": 5.0, ""regime"": ""spy200"", ""trend"": true, ""mom_min"": 0.15, ""rsi2_max"": 100.0, ""rsi14_max"": 100.0, ""ret21_max"": 1.0, ""dist_ema20_max"": 1.0, ""dist_ema50_min"": -1.0, ""dist_hh60_min"": -1.0, ""atr_ratio_max"": 10.0, ""vol_ratio_min"": 0.0, ""atr_pct_min"": 0.0, ""atr_pct_max"": 1.0, ""up_close"": true, ""strong_close"": false}",713,101.77747360187719,0.45021037868162694,0.7267650021997536,2.191754224983472,29.0,0.0,0.07191725327372075,0.05216213950165641,0.4532710053247384,544,135.90691307323752,0.40808823529411764,0.5556301830610371,1.837187933811518,19.5,0.0,0.09569633148665116,0.05692663898183376,0.7356673345344671
all,pullback,2.0,4.0,2022,"{""family"": ""pullback"", ""min_ddv"": 5000000.0, ""min_price"": 5.0, ""regime"": ""spy200"", ""trend"": true, ""mom_min"": 0.15, ""rsi2_max"": 100.0, ""rsi14_max"": 100.0, ""ret21_max"": 1.0, ""dist_ema20_max"": 1.0, ""dist_ema50_min"": -1.0, ""dist_hh60_min"": -1.0, ""atr_ratio_max"": 10.0, ""vol_ratio_min"": 0.0, ""atr_pct_min"": 0.0, ""atr_pct_max"": 1.0, ""up_close"": true, ""strong_close"": false}",713,101.77747360187719,0.36605890603085556,0.7477760677432503,2.063106887422485,37.0,0.0,0.07191725327372075,0.045363898542989396,0.308964930617117,544,135.90691307323752,0.3952205882352941,0.8965144462688192,2.322872636807547,23.0,0.0,0.09569633148665116,0.09258196822906681,1.0143763475532537
all,pullback,2.0,6.0,2022,"{""family"": ""pullback"", ""min_ddv"": 5000000.0, ""min_price"": 5.0, ""regime"": ""spy200"", ""trend"": true, ""mom_min"": 0.15, ""rsi2_max"": 100.0, ""rsi14_max"": 100.0, ""ret21_max"": 1.0, ""dist_ema20_max"": 1.0, ""dist_ema50_min"": -1.0, ""dist_hh60_min"": -1.0, ""atr_ratio_max"": 10.0, ""vol_ratio_min"": 0.0, ""atr_pct_min"": 0.0, ""atr_pct_max"": 1.0, ""up_close"": true, ""strong_close"": false}",713,101.77747360187719,0.29873772791023845,1.0058575790355018,2.298024385418704,45.0,0.0,0.07191725327372075,0.05191142649581189,0.29070398837654654,544,135.90691307323752,0.3014705882352941,1.021546723331491,2.3052693466093896,26.5,0.0,0.09569633148665116,0.10806862893066987,1.0276714902086344
all,pullback,3.0,0.5,2022,"{""family"": ""pullback"", ""min_ddv"": 5000000.0, ""min_price"": 5.0, ""regime"": ""spy200"", ""trend"": true, ""mom_min"": 0.15, ""rsi2_max"": 100.0, ""rsi14_max"": 100.0, ""ret21_max"": 1.0, ""dist_ema20_max"": 1.0, ""dist_ema50_min"": -1.0, ""dist_hh60_min"": -1.0, ""atr_ratio_max"": 10.0, ""vol_ratio_min"": 0.0, ""atr_pct_min"": 0.0, ""atr_pct_max"": 1.0, ""up_close"": true, ""strong_close"": false}",713,101.77747360187719,0.7699859747545582,0.12925591083389254,1.5377477570712583,6.0,0.0,0.10787587991058108,0.015447993367618535,0.6488157214399785,542,135.4072553045859,0.6955719557195572,0.013819233050615451,1.042230474055199,6.0,0.0,0.14317989683661664,0.001715903022079591,0.07206792692734282
all,pullback,3.0,1.0,2022,"{""family"": ""pullback"", ""min_ddv"": 5000000.0, ""min_price"": 5.0, ""regime"": ""spy200"", ""trend"": true, ""mom_min"": 0.15, ""rsi2_max"": 100.0, ""rsi14_max"": 100.0, ""ret21_max"": 1.0, ""dist_ema20_max"": 1.0, ""dist_ema50_min"": -1.0, ""dist_hh60_min"": -1.0, ""atr_ratio_max"": 10.0, ""vol_ratio_min"": 0.0, ""atr_pct_min"": 0.0, ""atr_pct_max"": 1.0, ""up_close"": true, ""strong_close"": false}",713,101.77747360187719,0.6928471248246845,0.3564774737517476,2.110589334623842,12.0,0.0,0.10787587991058108,0.0400586918021014,0.8412325278441294,542,135.4072553045859,0.6051660516605166,0.17794103425322283,1.4197027776711895,12.0,0.0,0.14317989683661664,0.030526665113395367,0.6410599673813028
all,pullback,3.0,2.0,2022,"{""family"": ""pullback"", ""min_ddv"": 5000000.0, ""min_price"": 5.0, ""regime"": ""spy200"", ""trend"": true, ""mom_min"": 0.15, ""rsi2_max"": 100.0, ""rsi14_max"": 100.0, ""ret21_max"": 1.0, ""dist_ema20_max"": 1.0, ""dist_ema50_min"": -1.0, ""dist_hh60_min"": -1.0, ""atr_ratio_max"": 10.0, ""vol_ratio_min"": 0.0, ""atr_pct_min"": 0.0, ""atr_pct_max"": 1.0, ""up_close"": true, ""strong_close"": false}",713,101.77747360187719,0.541374474053296,0.5794910208748253,2.1781213855075015,39.0,0.0,0.10787587991058108,0.060314699153975186,0.389725748379532,542,135.4072553045859,0.5055350553505535,0.48053761847466847,1.913534333279708,31.5,0.0,0.14317989683661664,0.07244058513044475,0.579524681043558
all,pullback,3.0,3.0,2022,"{""family"": ""pullback"", ""min_ddv"": 5000000.0, ""min_price"": 5.0, ""regime"": ""spy200"", ""trend"": true, ""mom_min"": 0.15, ""rsi2_max"": 100.0, ""rsi14_max"": 100.0, ""ret21_max"": 1.0, ""dist_ema20_max"": 1.0, ""dist_ema50_min"": -1.0, ""dist_hh60_min"": -1.0, ""atr_ratio_max"": 10.0, ""vol_ratio_min"": 0.0, ""atr_pct_min"": 0.0, ""atr_pct_max"": 1.0, ""up_close"": true, ""strong_close"": false}",713,101.77747360187719,0.39831697054698456,0.5418664025219027,1.8426432963729862,62.0,0.0,0.10787587991058108,0.035841062333823344,0.14567657593747552,542,135.4072553045859,0.46494464944649444,0.8190814936617523,2.437293269316466,50.0,0.0,0.14317989683661664,0.12697142121680166,0.6399359629326803
all,pullback,3.0,4.0,2022,"{""family"": ""pullback"", ""min_ddv"": 5000000.0, ""min_price"": 5.0, ""regime"": ""spy200"", ""trend"": true, ""mom_min"": 0.15, ""rsi2_max"": 100.0, ""rsi14_max"": 100.0, ""ret21_max"": 1.0, ""dist_ema20_max"": 1.0, ""dist_ema50_min"": -1.0, ""dist_hh60_min"": -1.0, ""atr_ratio_max"": 10.0, ""vol_ratio_min"": 0.0, ""atr_pct_min"": 0.0, ""atr_pct_max"": 1.0, ""up_close"": true, ""strong_close"": false}",713,101.77747360187719,0.3590462833099579,0.7423930066701655,2.0847057661902664,83.0,0.0,0.10787587991058108,0.050459916295380235,0.15320360128235927,542,135.4072553045859,0.3763837638376384,0.8302986567497377,2.236443096647354,74.0,0.0,0.14317989683661664,0.12977183536791378,0.441925709631274
all,pullback,3.0,6.0,2022,"{""family"": ""pullback"", ""min_ddv"": 5000000.0, ""min_price"": 5.0, ""regime"": ""spy200"", ""trend"": true, ""mom_min"": 0.15, ""rsi2_max"": 100.0, ""rsi14_max"": 100.0, ""ret21_max"": 1.0, ""dist_ema20_max"": 1.0, ""dist_ema50_min"": -1.0, ""dist_hh60_min"": -1.0, ""atr_ratio_max"": 10.0, ""vol_ratio_min"": 0.0, ""atr_pct_min"": 0.0, ""atr_pct_max"": 1.0, ""up_close"": true, ""strong_close"": false}",713,101.77747360187719,0.33099579242636745,1.2490948452601847,2.7446045314619427,122.0,0.005610098176718092,0.10787587991058108,0.09079957471685199,0.18755321990694016,542,135.4072553045859,0.2656826568265683,0.7997596478109328,2.010543023041163,80.0,0.0,0.14317989683661664,0.12031102756783067,0.3789797368386666
all,breakout,1.0,0.5,5086,"{""family"": ""breakout"", ""min_ddv"": 5000000.0, ""min_price"": 5.0, ""regime"": ""spy200"", ""trend"": true, ""mom_min"": 0.0, ""rsi2_max"": 100.0, ""rsi14_max"": 100.0, ""ret21_max"": 1.0, ""dist_ema20_max"": 1.0, ""dist_ema50_min"": -1.0, ""dist_hh60_min"": -1.0, ""atr_ratio_max"": 10.0, ""vol_ratio_min"": 0.0, ""atr_pct_min"": 0.0, ""atr_pct_max"": 1.0, ""up_close"": false, ""strong_close"": false}",2290,326.88697692608525,0.6458515283842795,-0.21136057893270613,0.5363379282538809,2.0,0.0,0.019718065215662058,-0.0036508667873362613,-0.46000921520436894,1429,357.00547570157426,0.6137158852344297,-0.19467096157418026,0.5779204883307967,2.0,0.0,0.02624919063010008,-0.005485609423450994,-0.6911867873548252
all,breakout,1.0,1.0,5086,"{""family"": ""breakout"", ""min_ddv"": 5000000.0, ""min_price"": 5.0, ""regime"": ""spy200"", ""trend"": true, ""mom_min"": 0.0, ""rsi2_max"": 100.0, ""rsi14_max"": 100.0, ""ret21_max"": 1.0, ""dist_ema20_max"": 1.0, ""dist_ema50_min"": -1.0, ""dist_hh60_min"": -1.0, ""atr_ratio_max"": 10.0, ""vol_ratio_min"": 0.0, ""atr_pct_min"": 0.0, ""atr_pct_max"": 1.0, ""up_close"": false, ""strong_close"": false}",2290,326.88697692608525,0.506113537117904,-0.18673806314373279,0.7047420067415564,3.0,0.0,0.019718065215662058,-0.0030867213872204356,-0.2592845965265166,1429,357.00547570157426,0.49545136459062283,-0.13984253496119134,0.7689589084052132,3.0,0.0,0.02624919063010008,-0.0037412756130071746,-0.3142671514926027
all,breakout,1.0,2.0,5086,"{""family"": ""breakout"", ""min_ddv"": 5000000.0, ""min_price"": 5.0, ""regime"": ""spy200"", ""trend"": true, ""mom_min"": 0.0, ""rsi2_max"": 100.0, ""rsi14_max"": 100.0, ""ret21_max"": 1.0, ""dist_ema20_max"": 1.0, ""dist_ema50_min"": -1.0, ""dist_hh60_min"": -1.0, ""atr_ratio_max"": 10.0, ""vol_ratio_min"": 0.0, ""atr_pct_min"": 0.0, ""atr_pct_max"": 1.0, ""up_close"": false, ""strong_close"": false}",2290,326.88697692608525,0.3703056768558952,-0.1086527278227999,0.8645925670827149,5.0,0.0,0.019718065215662058,-0.0020831152463609156,-0.10498900841659013,1429,357.00547570157426,0.34009797060881736,-0.15875617635703676,0.8055798338354819,4.0,0.0,0.02624919063010008,-0.005335355123851359,-0.3361273728026356
all,breakout,1.0,3.0,5086,"{""family"": ""breakout"", ""min_ddv"": 5000000.0, ""min_price"": 5.0, ""regime"": ""spy200"", ""trend"": true, ""mom_min"": 0.0, ""rsi2_max"": 100.0, ""rsi14_max"": 100.0, ""ret21_max"": 1.0, ""dist_ema20_max"": 1.0, ""dist_ema50_min"": -1.0, ""dist_hh60_min"": -1.0, ""atr_ratio_max"": 10.0, ""vol_ratio_min"": 0.0, ""atr_pct_min"": 0.0, ""atr_pct_max"": 1.0, ""up_close"": false, ""strong_close"": false}",2290,326.88697692608525,0.27991266375545854,-0.11384803938360741,0.8759175563352818,6.0,0.0,0.019718065215662058,-0.0023926244692584367,-0.10049022770885434,1429,357.00547570157426,0.25892232330300907,-0.17340231774323014,0.8143922081070734,5.0,0.0,0.02624919063010008,-0.005770983825314137,-0.29085758479583246
all,breakout,1.0,4.0,5086,"{""family"": ""breakout"", ""min_ddv"": 5000000.0, ""min_price"": 5.0, ""regime"": ""spy200"", ""trend"": true, ""mom_min"": 0.0, ""rsi2_max"": 100.0, ""rsi14_max"": 100.0, ""ret21_max"": 1.0, ""dist_ema20_max"": 1.0, ""dist_ema50_min"": -1.0, ""dist_hh60_min"": -1.0, ""atr_ratio_max"": 10.0, ""vol_ratio_min"": 0.0, ""atr_pct_min"": 0.0, ""atr_pct_max"": 1.0, ""up_close"": false, ""strong_close"": false}",2290,326.88697692608525,0.2353711790393013,-0.06130048819960179,0.9370150536376533,6.0,0.0,0.019718065215662058,-0.002000622211191485,-0.08402613287004236,1429,357.00547570157426,0.20783764870538837,-0.17813544747597848,0.8215472906916219,5.0,0.0,0.02624919063010008,-0.005907760772082247,-0.29775114291294524
all,breakout,1.0,6.0,5086,"{""family"": ""breakout"", ""min_ddv"": 5000000.0, ""min_price"": 5.0, ""regime"": ""spy200"", ""trend"": true, ""mom_min"": 0.0, ""rsi2_max"": 100.0, ""rsi14_max"": 100.0, ""ret21_max"": 1.0, ""dist_ema20_max"": 1.0, ""dist_ema50_min"": -1.0, ""dist_hh60_min"": -1.0, ""atr_ratio_max"": 10.0, ""vol_ratio_min"": 0.0, ""atr_pct_min"": 0.0, ""atr_pct_max"": 1.0, ""up_close"": false, ""strong_close"": false}",2290,326.88697692608525,0.19737991266375546,0.13462283173150943,1.1315557984998705,7.0,0.0,0.019718065215662058,0.0010964245941469726,0.03947128538929102,1429,357.00547570157426,0.1602519244226732,-0.10450710482944114,0.9010519032575183,5.0,0.0,0.02624919063010008,-0.004243849940666134,-0.21389003700957315
all,breakout,1.5,0.5,5086,"{""family"": ""breakout"", ""min_ddv"": 5000000.0, ""min_price"": 5.0, ""regime"": ""spy200"", ""trend"": true, ""mom_min"": 0.0, ""rsi2_max"": 100.0, ""rsi14_max"": 100.0, ""ret21_max"": 1.0, ""dist_ema20_max"": 1.0, ""dist_ema50_min"": -1.0, ""dist_hh60_min"": -1.0, ""atr_ratio_max"": 10.0, ""vol_ratio_min"": 0.0, ""atr_pct_min"": 0.0, ""atr_pct_max"": 1.0, ""up_close"": false, ""strong_close"": false}",2293,327.3152131403989,0.6576537287396423,-0.13101732715811185,0.6767950991291651,3.0,0.0,0.029550866477908416,-0.0034136193344217972,-0.28674402409143096,1429,357.00547570157426,0.6326102169349195,-0.13087485422051495,0.6903692158557778,3.0,0.0,0.039373785945150314,-0.005593446919616538,-0.46984954124778916
all,breakout,1.5,1.0,5086,"{""family"": ""breakout"", ""min_ddv"": 5000000.0, ""min_price"": 5.0, ""regime"": ""spy200"", ""trend"": true, ""mom_min"": 0.0, ""rsi2_max"": 100.0, ""rsi14_max"": 100.0, ""ret21_max"": 1.0, ""dist_ema20_max"": 1.0, ""dist_ema50_min"": -1.0, ""dist_hh60_min"": -1.0, ""atr_ratio_max"": 10.0, ""vol_ratio_min"": 0.0, ""atr_pct_min"": 0.0, ""atr_pct_max"": 1.0, ""up_close"": false, ""strong_close"": false}",2293,327.3152131403989,0.5320540776275622,-0.06197012150119899,0.887749089896296,5.0,0.0,0.029550866477908416,-0.001614849642534168,-0.08138842198372206,1429,357.00547570157426,0.4912526242127362,-0.14091312545749474,0.7692564706759404,5.0,0.0,0.039373785945150314,-0.00608824296764292,-0.3068474455692031
all,breakout,1.5,2.0,5086,"{""family"": ""breakout"", ""min_ddv"": 5000000.0, ""min_price"": 5.0, ""regime"": ""spy200"", ""trend"": true, ""mom_min"": 0.0, ""rsi2_max"": 100.0, ""rsi14_max"": 100.0, ""ret21_max"": 1.0, ""dist_ema20_max"": 1.0, ""dist_ema50_min"": -1.0, ""dist_hh60_min"": -1.0, ""atr_ratio_max"": 10.0, ""vol_ratio_min"": 0.0, ""atr_pct_min"": 0.0, ""atr_pct_max"": 1.0, ""up_close"": false, ""strong_close"": false}",2293,327.3152131403989,0.36066288704753596,-0.06287876394238187,0.916549090757728,9.0,0.0,0.029550866477908416,-0.0022773430902841268,-0.06376560652795554,1429,357.00547570157426,0.32260321903428973,-0.20016755939936898,0.7593540609818513,7.0,0.0,0.039373785945150314,-0.008953432521349265,-0.32232357076857354
all,breakout,1.5,3.0,5086,"{""family"": ""breakout"", ""min_ddv"": 5000000.0, ""min_price"": 5.0, ""regime"": ""spy200"", ""trend"": true, ""mom_min"": 0.0, ""rsi2_max"": 100.0, ""rsi14_max"": 100.0, ""ret21_max"": 1.0, ""dist_ema20_max"": 1.0, ""dist_ema50_min"": -1.0, ""dist_hh60_min"": -1.0, ""atr_ratio_max"": 10.0, ""vol_ratio_min"": 0.0, ""atr_pct_min"": 0.0, ""atr_pct_max"": 1.0, ""up_close"": false, ""strong_close"": false}",2293,327.3152131403989,0.29829917139119055,0.04225860964926262,1.0511451901494782,11.0,0.0,0.029550866477908416,-0.00034184054551956376,-0.007831256133720916,1429,357.00547570157426,0.24772568229531142,-0.1852128331272551,0.7985253300916592,9.0,0.0,0.039373785945150314,-0.007577387876197147,-0.2121668605335201
all,breakout,1.5,4.0,5086,"{""family"": ""breakout"", ""min_ddv"": 5000000.0, ""min_price"": 5.0, ""regime"": ""spy200"", ""trend"": true, ""mom_min"": 0.0, ""rsi2_max"": 100.0, ""rsi14_max"": 100.0, ""ret21_max"": 1.0, ""dist_ema20_max"": 1.0, ""dist_ema50_min"": -1.0, ""dist_hh60_min"": -1.0, ""atr_ratio_max"": 10.0, ""vol_ratio_min"": 0.0, ""atr_pct_min"": 0.0, ""atr_pct_max"": 1.0, ""up_close"": false, ""strong_close"": false}",2293,327.3152131403989,0.26515481901439164,0.1685143616557599,1.1940021217348809,12.0,0.0,0.029550866477908416,0.0018332893184024126,0.03849907568645066,1429,357.00547570157426,0.2106368089573128,-0.12538694036041856,0.8695081389609215,9.0,0.0,0.039373785945150314,-0.005324432347615923,-0.14908410573324582
all,breakout,1.5,6.0,5086,"{""family"": ""breakout"", ""min_ddv"": 5000000.0, ""min_price"": 5.0, ""regime"": ""spy200"", ""trend"": true, ""mom_min"": 0.0, ""rsi2_max"": 100.0, ""rsi14_max"": 100.0, ""ret21_max"": 1.0, ""dist_ema20_max"": 1.0, ""dist_ema50_min"": -1.0, ""dist_hh60_min"": -1.0, ""atr_ratio_max"": 10.0, ""vol_ratio_min"": 0.0, ""atr_pct_min"": 0.0, ""atr_pct_max"": 1.0, ""up_close"": false, ""strong_close"": false}",2293,327.3152131403989,0.22197993894461404,0.38857594574551285,1.42148061803804,14.0,0.0,0.029550866477908416,0.006831112455682596,0.12296002420228673,1429,357.00547570157426,0.16375087473757874,-0.03696265724762213,0.9635413076881716,9.0,0.0,0.039373785945150314,-0.001132931400113659,-0.03172207920318246
all,breakout,2.0,0.5,5086,"{""family"": ""breakout"", ""min_ddv"": 5000000.0, ""min_price"": 5.0, ""regime"": ""spy200"", ""trend"": true, ""mom_min"": 0.0, ""rsi2_max"": 100.0, ""rsi14_max"": 100.0, ""ret21_max"": 1.0, ""dist_ema20_max"": 1.0, ""dist_ema50_min"": -1.0, ""dist_hh60_min"": -1.0, ""atr_ratio_max"": 10.0, ""vol_ratio_min"": 0.0, ""atr_pct_min"": 0.0, ""atr_pct_max"": 1.0, ""up_close"": false, ""strong_close"": false}",2293,327.3152131403989,0.6798953336240733,-0.06350253992579999,0.8245691916432869,5.0,0.0,0.03940115530387779,-0.0022744022646464844,-0.11462987413818282,1429,357.00547570157426,0.6445066480055983,-0.11278233478911752,0.7283700385953664,4.0,0.0,0.05249838126020035,-0.006182589845767693,-0.3895031602833647
all,breakout,2.0,1.0,5086,"{""family"": ""breakout"", ""min_ddv"": 5000000.0, ""min_price"": 5.0, ""regime"": ""spy200"", ""trend"": true, ""mom_min"": 0.0, ""rsi2_max"": 100.0, ""rsi14_max"": 100.0, ""ret21_max"": 1.0, ""dist_ema20_max"": 1.0, ""dist_ema50_min"": -1.0, ""dist_hh60_min"": -1.0, ""atr_ratio_max"": 10.0, ""vol_ratio_min"": 0.0, ""atr_pct_min"": 0.0, ""atr_pct_max"": 1.0, ""up_close"": false, ""strong_close"": false}",2293,327.3152131403989,0.5368512865242041,-0.019957878228732084,0.9618803326767078,8.0,0.0,0.03940115530387779,-0.0012491921378569605,-0.03934955234249426,1429,357.00547570157426,0.47725682295311406,-0.163205814892374,0.7391705920099164,7.0,0.0,0.05249838126020035,-0.009940777757239751,-0.357867999260631
all,breakout,2.0,2.0,5086,"{""family"": ""breakout"", ""min_ddv"": 5000000.0, ""min_price"": 5.0, ""regime"": ""spy200"", ""trend"": true, ""mom_min"": 0.0, ""rsi2_max"": 100.0, ""rsi14_max"": 100.0, ""ret21_max"": 1.0, ""dist_ema20_max"": 1.0, ""dist_ema50_min"": -1.0, ""dist_hh60_min"": -1.0, ""atr_ratio_max"": 10.0, ""vol_ratio_min"": 0.0, ""atr_pct_min"": 0.0, ""atr_pct_max"": 1.0, ""up_close"": false, ""strong_close"": false}",2293,327.3152131403989,0.39031836022677713,0.06740923606237122,1.0978504747617848,14.0,0.0,0.03940115530387779,0.0009627536703336736,0.017329566066006125,1429,357.00547570157426,0.33240027991602517,-0.13660663172650828,0.827636131704114,11.0,0.0,0.05249838126020035,-0.007893113929228295,-0.18082406456050276
all,breakout,2.0,3.0,5086,"{""family"": ""breakout"", ""min_ddv"": 5000000.0, ""min_price"": 5.0, ""regime"": ""spy200"", ""trend"": true, ""mom_min"": 0.0, ""rsi2_max"": 100.0, ""rsi14_max"": 100.0, ""ret21_max"": 1.0, ""dist_ema20_max"": 1.0, ""dist_ema50_min"": -1.0, ""dist_hh60_min"": -1.0, ""atr_ratio_max"": 10.0, ""vol_ratio_min"": 0.0, ""atr_pct_min"": 0.0, ""atr_pct_max"": 1.0, ""up_close"": false, ""strong_close"": false}",2293,327.3152131403989,0.33013519406890535,0.20421006668071925,1.2672113665562346,17.0,0.0,0.03940115530387779,0.003975975234858092,0.058937985834367004,1429,357.00547570157426,0.26941917424772566,-0.059640974404675154,0.9307311203058414,13.0,0.0,0.05249838126020035,-0.0030656170100968484,-0.05942580665726198
all,breakout,2.0,4.0,5086,"{""family"": ""breakout"", ""min_ddv"": 5000000.0, ""min_price"": 5.0, ""regime"": ""spy200"", ""trend"": true, ""mom_min"": 0.0, ""rsi2_max"": 100.0, ""rsi14_max"": 100.0, ""ret21_max"": 1.0, ""dist_ema20_max"": 1.0, ""dist_ema50_min"": -1.0, ""dist_hh60_min"": -1.0, ""atr_ratio_max"": 10.0, ""vol_ratio_min"": 0.0, ""atr_pct_min"": 0.0, ""atr_pct_max"": 1.0, ""up_close"": false, ""strong_close"": false}",2293,327.3152131403989,0.28870475359790665,0.31899639188233414,1.3910850348092587,20.0,0.0,0.03940115530387779,0.007321679950913536,0.09225316738151054,1429,357.00547570157426,0.22813156053184044,-0.0007284880787495283,0.9991965476300391,14.0,0.0,0.05249838126020035,-0.00010439104693941604,-0.0018790388449094887
all,breakout,2.0,6.0,5086,"{""family"": ""breakout"", ""min_ddv"": 5000000.0, ""min_price"": 5.0, ""regime"": ""spy200"", ""trend"": true, ""mom_min"": 0.0, ""rsi2_max"": 100.0, ""rsi14_max"": 100.0, ""ret21_max"": 1.0, ""dist_ema20_max"": 1.0, ""dist_ema50_min"": -1.0, ""dist_hh60_min"": -1.0, ""atr_ratio_max"": 10.0, ""vol_ratio_min"": 0.0, ""atr_pct_min"": 0.0, ""atr_pct_max"": 1.0, ""up_close"": false, ""strong_close"": false}",2293,327.3152131403989,0.25076319232446576,0.6266246705819776,1.7286465904598345,21.0,0.0,0.03940115530387779,0.017571451617277793,0.21085741940733352,1429,357.00547570157426,0.1861441567529741,0.15685363482822293,1.163947243619942,14.0,0.0,0.05249838126020035,0.009266681519178465,0.1668002673452124
all,breakout,3.0,0.5,5086,"{""family"": ""breakout"", ""min_ddv"": 5000000.0, ""min_price"": 5.0, ""regime"": ""spy200"", ""trend"": true, ""mom_min"": 0.0, ""rsi2_max"": 100.0, ""rsi14_max"": 100.0, ""ret21_max"": 1.0, ""dist_ema20_max"": 1.0, ""dist_ema50_min"": -1.0, ""dist_hh60_min"": -1.0, ""atr_ratio_max"": 10.0, ""vol_ratio_min"": 0.0, ""atr_pct_min"": 0.0, ""atr_pct_max"": 1.0, ""up_close"": false, ""strong_close"": false}",2293,327.3152131403989,0.7017008286088094,-0.0014608223325598484,0.9954924836730253,8.0,0.0,0.05910173295581683,-0.0007510004458240327,-0.02365651404345703,1429,357.00547570157426,0.655703289013296,-0.0732708905348013,0.8104216136270931,7.0,0.0,0.07874757189030043,-0.0076895315421622226,-0.27682313551784
all,breakout,3.0,1.0,5086,"{""family"": ""breakout"", ""min_ddv"": 5000000.0, ""min_price"": 5.0, ""regime"": ""spy200"", ""trend"": true, ""mom_min"": 0.0, ""rsi2_max"": 100.0, ""rsi14_max"": 100.0, ""ret21_max"": 1.0, ""dist_ema20_max"": 1.0, ""dist_ema50_min"": -1.0, ""dist_hh60_min"": -1.0, ""atr_ratio_max"": 10.0, ""vol_ratio_min"": 0.0, ""atr_pct_min"": 0.0, ""atr_pct_max"": 1.0, ""up_close"": false, ""strong_close"": false}",2293,327.3152131403989,0.5547317924116878,0.048372402068070024,1.1000135056293963,15.0,0.0,0.05910173295581683,0.0009908468055428142,0.01664622633311928,1429,357.00547570157426,0.5192442267319805,-0.029052378269107792,0.9459450911643922,13.0,0.0,0.07874757189030043,-0.003988754522154858,-0.07732047227561725
all,breakout,3.0,2.0,5086,"{""family"": ""breakout"", ""min_ddv"": 5000000.0, ""min_price"": 5.0, ""regime"": ""spy200"", ""trend"": true, ""mom_min"": 0.0, ""rsi2_max"": 100.0, ""rsi14_max"": 100.0, ""ret21_max"": 1.0, ""dist_ema20_max"": 1.0, ""dist_ema50_min"": -1.0, ""dist_hh60_min"": -1.0, ""atr_ratio_max"": 10.0, ""vol_ratio_min"": 0.0, ""atr_pct_min"": 0.0, ""atr_pct_max"": 1.0, ""up_close"": false, ""strong_close"": false}",2293,327.3152131403989,0.43523767989533363,0.22396255024864387,1.3571690350083727,24.0,0.0,0.05910173295581683,0.007077806657998339,0.07431696990898255,1429,357.00547570157426,0.37578726382085376,0.054214568193038846,1.0784693716910392,19.0,0.0,0.07874757189030043,0.004563148214120498,0.0605217552609666
all,breakout,3.0,3.0,5086,"{""family"": ""breakout"", ""min_ddv"": 5000000.0, ""min_price"": 5.0, ""regime"": ""spy200"", ""trend"": true, ""mom_min"": 0.0, ""rsi2_max"": 100.0, ""rsi14_max"": 100.0, ""ret21_max"": 1.0, ""dist_ema20_max"": 1.0, ""dist_ema50_min"": -1.0, ""dist_hh60_min"": -1.0, ""atr_ratio_max"": 10.0, ""vol_ratio_min"": 0.0, ""atr_pct_min"": 0.0, ""atr_pct_max"": 1.0, ""up_close"": false, ""strong_close"": false}",2293,327.3152131403989,0.3645878761447885,0.3670998033101767,1.5172968296755904,32.0,0.0,0.05910173295581683,0.012948643646260902,0.1019705687143046,1429,357.00547570157426,0.3170048985304409,0.1893951605123455,1.2505202184067419,23.0,0.0,0.07874757189030043,0.016870967710389585,0.1848471244790511
all,breakout,3.0,4.0,5086,"{""family"": ""breakout"", ""min_ddv"": 5000000.0, ""min_price"": 5.0, ""regime"": ""spy200"", ""trend"": true, ""mom_min"": 0.0, ""rsi2_max"": 100.0, ""rsi14_max"": 100.0, ""ret21_max"": 1.0, ""dist_ema20_max"": 1.0, ""dist_ema50_min"": -1.0, ""dist_hh60_min"": -1.0, ""atr_ratio_max"": 10.0, ""vol_ratio_min"": 0.0, ""atr_pct_min"": 0.0, ""atr_pct_max"": 1.0, ""up_close"": false, ""strong_close"": false}",2293,327.3152131403989,0.3379851722634104,0.5968228554825582,1.8073448059961195,36.0,0.0,0.05910173295581683,0.024900690984851138,0.17430483689395798,1429,357.00547570157426,0.27991602519244224,0.3144968817797947,1.3924077710128675,24.0,0.0,0.07874757189030043,0.02722175703103507,0.2858284488258682
all,breakout,3.0,6.0,5086,"{""family"": ""breakout"", ""min_ddv"": 5000000.0, ""min_price"": 5.0, ""regime"": ""spy200"", ""trend"": true, ""mom_min"": 0.0, ""rsi2_max"": 100.0, ""rsi14_max"": 100.0, ""ret21_max"": 1.0, ""dist_ema20_max"": 1.0, ""dist_ema50_min"": -1.0, ""dist_hh60_min"": -1.0, ""atr_ratio_max"": 10.0, ""vol_ratio_min"": 0.0, ""atr_pct_min"": 0.0, ""atr_pct_max"": 1.0, ""up_close"": false, ""strong_close"": false}",2293,327.3152131403989,0.311818578281727,1.0887019799469024,2.417712947333997,40.0,0.0,0.05910173295581683,0.04999188150015168,0.3149488534509556,1426,356.25598904859686,0.15007012622720897,-0.07574054808286658,0.922226652514784,24.0,0.0,0.07868069539217473,0.00983992105844688,0.10331917111369225
all,breakout,1.0,0.5,423,"{""family"": ""breakout"", ""min_ddv"": 5000000.0, ""min_price"": 5.0, ""regime"": ""spy200"", ""trend"": true, ""mom_min"": 0.15, ""rsi2_max"": 100.0, ""rsi14_max"": 100.0, ""ret21_max"": 1.0, ""dist_ema20_max"": 1.0, ""dist_ema50_min"": -1.0, ""dist_hh60_min"": -1.0, ""atr_ratio_max"": 10.0, ""vol_ratio_min"": 1.3, ""atr_pct_min"": 0.0, ""atr_pct_max"": 1.0, ""up_close"": false, ""strong_close"": false}",197,28.120844739929606,0.5888324873096447,-0.31940413175592913,0.40901636265123914,2.0,0.0,0.02136414108145166,-0.005078486994065596,-0.639889361252265,99,24.73305954825462,0.5959595959595959,-0.2110090124659067,0.5590691166013169,1.0,0.0,0.02786700470861372,-0.005829923539762263,-1.4691407320200904
all,breakout,1.0,1.0,423,"{""family"": ""breakout"", ""min_ddv"": 5000000.0, ""min_price"": 5.0, ""regime"": ""spy200"", ""trend"": true, ""mom_min"": 0.15, ""rsi2_max"": 100.0, ""rsi14_max"": 100.0, ""ret21_max"": 1.0, ""dist_ema20_max"": 1.0, ""dist_ema50_min"": -1.0, ""dist_hh60_min"": -1.0, ""atr_ratio_max"": 10.0, ""vol_ratio_min"": 1.3, ""atr_pct_min"": 0.0, ""atr_pct_max"": 1.0, ""up_close"": false, ""strong_close"": false}",197,28.120844739929606,0.5076142131979695,-0.20305497156988891,0.6905952515990013,2.0,0.0,0.02136414108145166,-0.0017805015910127915,-0.22434320046761172,99,24.73305954825462,0.5252525252525253,-0.05600977780461179,0.9004317684954602,2.0,0.0,0.02786700470861372,0.0004656752033513275,0.058675075622267266
all,breakout,1.0,2.0,423,"{""family"": ""breakout"", ""min_ddv"": 5000000.0, ""min_price"": 5.0, ""regime"": ""spy200"", ""trend"": true, ""mom_min"": 0.15, ""rsi2_max"": 100.0, ""rsi14_max"": 100.0, ""ret21_max"": 1.0, ""dist_ema20_max"": 1.0, ""dist_ema50_min"": -1.0, ""dist_hh60_min"": -1.0, ""atr_ratio_max"": 10.0, ""vol_ratio_min"": 1.3, ""atr_pct_min"": 0.0, ""atr_pct_max"": 1.0, ""up_close"": false, ""strong_close"": false}",197,28.120844739929606,0.38578680203045684,-0.08595018767431005,0.89452603138083,4.0,0.0,0.02136414108145166,0.0015965882274816903,0.10058505833134648,99,24.73305954825462,0.29292929292929293,-0.3326571310072772,0.6332340926548609,4.0,0.0,0.02786700470861372,-0.009452283282051334,-0.595493846769234
all,breakout,1.0,3.0,423,"{""family"": ""breakout"", ""min_ddv"": 5000000.0, ""min_price"": 5.0, ""regime"": ""spy200"", ""trend"": true, ""mom_min"": 0.15, ""rsi2_max"": 100.0, ""rsi14_max"": 100.0, ""ret21_max"": 1.0, ""dist_ema20_max"": 1.0, ""dist_ema50_min"": -1.0, ""dist_hh60_min"": -1.0, ""atr_ratio_max"": 10.0, ""vol_ratio_min"": 1.3, ""atr_pct_min"": 0.0, ""atr_pct_max"": 1.0, ""up_close"": false, ""strong_close"": false}",197,28.120844739929606,0.29949238578680204,-0.06608540947280366,0.9287057820602611,4.0,0.0,0.02136414108145166,0.0038523105333282555,0.2426955635996801,99,24.73305954825462,0.21212121212121213,-0.43600586205818787,0.5961587666764303,4.0,0.0,0.02786700470861372,-0.011201647694730121,-0.7057038047679977
all,breakout,1.0,4.0,423,"{""family"": ""breakout"", ""min_ddv"": 5000000.0, ""min_price"": 5.0, ""regime"": ""spy200"", ""trend"": true, ""mom_min"": 0.15, ""rsi2_max"": 100.0, ""rsi14_max"": 100.0, ""ret21_max"": 1.0, ""dist_ema20_max"": 1.0, ""dist_ema50_min"": -1.0, ""dist_hh60_min"": -1.0, ""atr_ratio_max"": 10.0, ""vol_ratio_min"": 1.3, ""atr_pct_min"": 0.0, ""atr_pct_max"": 1.0, ""up_close"": false, ""strong_close"": false}",197,28.120844739929606,0.24873096446700507,-0.017828642887467935,0.9819489771636479,5.0,0.0,0.02136414108145166,0.005739200235891072,0.28925569188891004,99,24.73305954825462,0.18181818181818182,-0.40399132802143584,0.6438513511892081,4.0,0.0,0.02786700470861372,-0.01083644562569028,-0.6826960744184876
all,breakout,1.0,6.0,423,"{""family"": ""breakout"", ""min_ddv"": 5000000.0, ""min_price"": 5.0, ""regime"": ""spy200"", ""trend"": true, ""mom_min"": 0.15, ""rsi2_max"": 100.0, ""rsi14_max"": 100.0, ""ret21_max"": 1.0, ""dist_ema20_max"": 1.0, ""dist_ema50_min"": -1.0, ""dist_hh60_min"": -1.0, ""atr_ratio_max"": 10.0, ""vol_ratio_min"": 1.3, ""atr_pct_min"": 0.0, ""atr_pct_max"": 1.0, ""up_close"": false, ""strong_close"": false}",197,28.120844739929606,0.2182741116751269,0.2554614054630303,1.248940487645953,5.0,0.0,0.02136414108145166,0.013115231635565626,0.6610076744325075,99,24.73305954825462,0.1717171717171717,-0.1253282653000012,0.8905418676975249,4.0,0.0,0.02786700470861372,-0.00397606512835476,-0.2504921030863499
all,breakout,1.5,0.5,423,"{""family"": ""breakout"", ""min_ddv"": 5000000.0, ""min_price"": 5.0, ""regime"": ""spy200"", ""trend"": true, ""mom_min"": 0.15, ""rsi2_max"": 100.0, ""rsi14_max"": 100.0, ""ret21_max"": 1.0, ""dist_ema20_max"": 1.0, ""dist_ema50_min"": -1.0, ""dist_hh60_min"": -1.0, ""atr_ratio_max"": 10.0, ""vol_ratio_min"": 1.3, ""atr_pct_min"": 0.0, ""atr_pct_max"": 1.0, ""up_close"": false, ""strong_close"": false}",197,28.120844739929606,0.5888324873096447,-0.2502179171613787,0.49444357564689223,3.0,0.0,0.03204621162217743,-0.0065426651861432775,-0.5495838756360353,99,24.73305954825462,0.6363636363636364,-0.11096292410500357,0.731439418798853,3.0,0.0,0.041800507062920635,-0.0021831152589285507,-0.18338168174999825
all,breakout,1.5,1.0,423,"{""family"": ""breakout"", ""min_ddv"": 5000000.0, ""min_price"": 5.0, ""regime"": ""spy200"", ""trend"": true, ""mom_min"": 0.15, ""rsi2_max"": 100.0, ""rsi14_max"": 100.0, ""ret21_max"": 1.0, ""dist_ema20_max"": 1.0, ""dist_ema50_min"": -1.0, ""dist_hh60_min"": -1.0, ""atr_ratio_max"": 10.0, ""vol_ratio_min"": 1.3, ""atr_pct_min"": 0.0, ""atr_pct_max"": 1.0, ""up_close"": false, ""strong_close"": false}",197,28.120844739929606,0.5126903553299492,-0.1114331875265846,0.8093310129336627,4.0,0.0,0.03204621162217743,-0.0013379265054947072,-0.08428936984616656,99,24.73305954825462,0.5050505050505051,-0.11116315625346927,0.8148449622488875,4.0,0.0,0.041800507062920635,-0.003890456338416393,-0.24509874932023276
all,breakout,1.5,2.0,423,"{""family"": ""breakout"", ""min_ddv"": 5000000.0, ""min_price"": 5.0, ""regime"": ""spy200"", ""trend"": true, ""mom_min"": 0.15, ""rsi2_max"": 100.0, ""rsi14_max"": 100.0, ""ret21_max"": 1.0, ""dist_ema20_max"": 1.0, ""dist_ema50_min"": -1.0, ""dist_hh60_min"": -1.0, ""atr_ratio_max"": 10.0, ""vol_ratio_min"": 1.3, ""atr_pct_min"": 0.0, ""atr_pct_max"": 1.0, ""up_close"": false, ""strong_close"": false}",197,28.120844739929606,0.3299492385786802,-0.17222328535798886,0.7858334430085735,6.0,0.0,0.03204621162217743,-0.0009537659765592434,-0.04005817101548822,99,24.73305954825462,0.30303030303030304,-0.3311915703903925,0.646672716345807,7.0,0.0,0.041800507062920635,-0.013499435993839902,-0.48597969577823646
all,breakout,1.5,3.0,423,"{""family"": ""breakout"", ""min_ddv"": 5000000.0, ""min_price"": 5.0, ""regime"": ""spy200"", ""trend"": true, ""mom_min"": 0.15, ""rsi2_max"": 100.0, ""rsi14_max"": 100.0, ""ret21_max"": 1.0, ""dist_ema20_max"": 1.0, ""dist_ema50_min"": -1.0, ""dist_hh60_min"": -1.0, ""atr_ratio_max"": 10.0, ""vol_ratio_min"": 1.3, ""atr_pct_min"": 0.0, ""atr_pct_max"": 1.0, ""up_close"": false, ""strong_close"": false}",197,28.120844739929606,0.27918781725888325,-0.047320784512566674,0.9450980727229678,7.0,0.0,0.03204621162217743,0.003959153985703927,0.1425295434853414,99,24.73305954825462,0.25252525252525254,-0.24553212761546975,0.7545331601358267,9.0,0.0,0.041800507062920635,-0.008258912073320268,-0.2312495380529675
all,breakout,1.5,4.0,423,"{""family"": ""breakout"", ""min_ddv"": 5000000.0, ""min_price"": 5.0, ""regime"": ""spy200"", ""trend"": true, ""mom_min"": 0.15, ""rsi2_max"": 100.0, ""rsi14_max"": 100.0, ""ret21_max"": 1.0, ""dist_ema20_max"": 1.0, ""dist_ema50_min"": -1.0, ""dist_hh60_min"": -1.0, ""atr_ratio_max"": 10.0, ""vol_ratio_min"": 1.3, ""atr_pct_min"": 0.0, ""atr_pct_max"": 1.0, ""up_close"": false, ""strong_close"": false}",197,28.120844739929606,0.25888324873096447,0.1265768311949561,1.1427244536021892,7.0,0.0,0.03204621162217743,0.01047375406240678,0.37705514624664405,99,24.73305954825462,0.23232323232323232,-0.10284374479192365,0.8994586475005385,10.0,0.0,0.041800507062920635,0.00031481879634174897,0.007933433667812075
all,breakout,1.5,6.0,423,"{""family"": ""breakout"", ""min_ddv"": 5000000.0, ""min_price"": 5.0, ""regime"": ""spy200"", ""trend"": true, ""mom_min"": 0.15, ""rsi2_max"": 100.0, ""rsi14_max"": 100.0, ""ret21_max"": 1.0, ""dist_ema20_max"": 1.0, ""dist_ema50_min"": -1.0, ""dist_hh60_min"": -1.0, ""atr_ratio_max"": 10.0, ""vol_ratio_min"": 1.3, ""atr_pct_min"": 0.0, ""atr_pct_max"": 1.0, ""up_close"": false, ""strong_close"": false}",197,28.120844739929606,0.23857868020304568,0.5016965178692863,1.55172994171138,7.0,0.0,0.03204621162217743,0.025303742408943754,0.9109347267219752,99,24.73305954825462,0.2222222222222222,0.29951736581752986,1.2895365260660627,10.0,0.0,0.041800507062920635,0.022536532796575512,0.5679206264737029
all,breakout,2.0,0.5,423,"{""family"": ""breakout"", ""min_ddv"": 5000000.0, ""min_price"": 5.0, ""regime"": ""spy200"", ""trend"": true, ""mom_min"": 0.15, ""rsi2_max"": 100.0, ""rsi14_max"": 100.0, ""ret21_max"": 1.0, ""dist_ema20_max"": 1.0, ""dist_ema50_min"": -1.0, ""dist_hh60_min"": -1.0, ""atr_ratio_max"": 10.0, ""vol_ratio_min"": 1.3, ""atr_pct_min"": 0.0, ""atr_pct_max"": 1.0, ""up_close"": false, ""strong_close"": false}",197,28.120844739929606,0.6548223350253807,-0.10562469180554374,0.7345748289197837,4.0,0.0,0.04272828216290332,-0.002642625514078702,-0.16648540738695822,99,24.73305954825462,0.6868686868686869,-0.0479799029923968,0.8729765337083523,4.0,0.0,0.05573400941722755,0.0005337610436723547,0.03362694575135834
all,breakout,2.0,1.0,423,"{""family"": ""breakout"", ""min_ddv"": 5000000.0, ""min_price"": 5.0, ""regime"": ""spy200"", ""trend"": true, ""mom_min"": 0.15, ""rsi2_max"": 100.0, ""rsi14_max"": 100.0, ""ret21_max"": 1.0, ""dist_ema20_max"": 1.0, ""dist_ema50_min"": -1.0, ""dist_hh60_min"": -1.0, ""atr_ratio_max"": 10.0, ""vol_ratio_min"": 1.3, ""atr_pct_min"": 0.0, ""atr_pct_max"": 1.0, ""up_close"": false, ""strong_close"": false}",197,28.120844739929606,0.5279187817258884,-0.04376387616726248,0.9191375411453342,6.0,0.0,0.04272828216290332,0.002418534003545515,0.10157842814891162,99,24.73305954825462,0.494949494949495,-0.16127885884200593,0.7516739247797197,7.0,0.0,0.05573400941722755,-0.010256250130534604,-0.36922500469924574
all,breakout,2.0,2.0,423,"{""family"": ""breakout"", ""min_ddv"": 5000000.0, ""min_price"": 5.0, ""regime"": ""spy200"", ""trend"": true, ""mom_min"": 0.15, ""rsi2_max"": 100.0, ""rsi14_max"": 100.0, ""ret21_max"": 1.0, ""dist_ema20_max"": 1.0, ""dist_ema50_min"": -1.0, ""dist_hh60_min"": -1.0, ""atr_ratio_max"": 10.0, ""vol_ratio_min"": 1.3, ""atr_pct_min"": 0.0, ""atr_pct_max"": 1.0, ""up_close"": false, ""strong_close"": false}",197,28.120844739929606,0.36548223350253806,-0.01211140785780346,0.9832533085693469,10.0,0.0,0.04272828216290332,0.004006334779500551,0.10095963644341388,99,24.73305954825462,0.32323232323232326,-0.2254160748896669,0.7410587725143196,11.0,0.0,0.05573400941722755,-0.010498949191386896,-0.24052138147540889
all,breakout,2.0,3.0,423,"{""family"": ""breakout"", ""min_ddv"": 5000000.0, ""min_price"": 5.0, ""regime"": ""spy200"", ""trend"": true, ""mom_min"": 0.15, ""rsi2_max"": 100.0, ""rsi14_max"": 100.0, ""ret21_max"": 1.0, ""dist_ema20_max"": 1.0, ""dist_ema50_min"": -1.0, ""dist_hh60_min"": -1.0, ""atr_ratio_max"": 10.0, ""vol_ratio_min"": 1.3, ""atr_pct_min"": 0.0, ""atr_pct_max"": 1.0, ""up_close"": false, ""strong_close"": false}",197,28.120844739929606,0.3248730964467005,0.182087578861805,1.236013620658668,13.0,0.0,0.04272828216290332,0.012634753511116962,0.2449198372924211,99,24.73305954825462,0.2828282828282828,-0.07296440303591467,0.920221878265712,13.0,0.0,0.05573400941722755,0.003132406301376264,0.0607204913805245
all,breakout,2.0,4.0,423,"{""family"": ""breakout"", ""min_ddv"": 5000000.0, ""min_price"": 5.0, ""regime"": ""spy200"", ""trend"": true, ""mom_min"": 0.15, ""rsi2_max"": 100.0, ""rsi14_max"": 100.0, ""ret21_max"": 1.0, ""dist_ema20_max"": 1.0, ""dist_ema50_min"": -1.0, ""dist_hh60_min"": -1.0, ""atr_ratio_max"": 10.0, ""vol_ratio_min"": 1.3, ""atr_pct_min"": 0.0, ""atr_pct_max"": 1.0, ""up_close"": false, ""strong_close"": false}",197,28.120844739929606,0.29441624365482233,0.34853406663131997,1.4282138176133343,15.0,0.0,0.04272828216290332,0.0225456307915861,0.3787665972986465,99,24.73305954825462,0.2828282828282828,0.21054980502957554,1.230211819433541,13.0,0.0,0.05573400941722755,0.022545997337329572,0.4370454868466963
all,breakout,2.0,6.0,423,"{""family"": ""breakout"", ""min_ddv"": 5000000.0, ""min_price"": 5.0, ""regime"": ""spy200"", ""trend"": true, ""mom_min"": 0.15, ""rsi2_max"": 100.0, ""rsi14_max"": 100.0, ""ret21_max"": 1.0, ""dist_ema20_max"": 1.0, ""dist_ema50_min"": -1.0, ""dist_hh60_min"": -1.0, ""atr_ratio_max"": 10.0, ""vol_ratio_min"": 1.3, ""atr_pct_min"": 0.0, ""atr_pct_max"": 1.0, ""up_close"": false, ""strong_close"": false}",197,28.120844739929606,0.24873096446700507,0.6137764721118809,1.7103888575572506,15.0,0.0,0.04272828216290332,0.034359581900720845,0.5772409759321102,99,24.73305954825462,0.21212121212121213,0.2839955644095662,1.286636896661559,13.0,0.0,0.05573400941722755,0.03619525611546028,0.7016311185458455
all,breakout,3.0,0.5,423,"{""family"": ""breakout"", ""min_ddv"": 5000000.0, ""min_price"": 5.0, ""regime"": ""spy200"", ""trend"": true, ""mom_min"": 0.15, ""rsi2_max"": 100.0, ""rsi14_max"": 100.0, ""ret21_max"": 1.0, ""dist_ema20_max"": 1.0, ""dist_ema50_min"": -1.0, ""dist_hh60_min"": -1.0, ""atr_ratio_max"": 10.0, ""vol_ratio_min"": 1.3, ""atr_pct_min"": 0.0, ""atr_pct_max"": 1.0, ""up_close"": false, ""strong_close"": false}",197,28.120844739929606,0.7208121827411168,0.027572745189014838,1.0905275097427478,6.0,0.0,0.06409242324435498,0.004158585502574676,0.17466059110813636,99,24.73305954825462,0.6767676767676768,-0.04157052043358849,0.8867642167512906,6.0,0.0,0.08360101412584127,-0.0022066718861250795,-0.09268021921725333
all,breakout,3.0,1.0,423,"{""family"": ""breakout"", ""min_ddv"": 5000000.0, ""min_price"": 5.0, ""regime"": ""spy200"", ""trend"": true, ""mom_min"": 0.15, ""rsi2_max"": 100.0, ""rsi14_max"": 100.0, ""ret21_max"": 1.0, ""dist_ema20_max"": 1.0, ""dist_ema50_min"": -1.0, ""dist_hh60_min"": -1.0, ""atr_ratio_max"": 10.0, ""vol_ratio_min"": 1.3, ""atr_pct_min"": 0.0, ""atr_pct_max"": 1.0, ""up_close"": false, ""strong_close"": false}",197,28.120844739929606,0.5279187817258884,-0.007217474902569241,0.9860004842654015,13.0,0.0,0.06409242324435498,0.0006416619442296004,0.012438369995835332,99,24.73305954825462,0.48484848484848486,-0.10552653209479355,0.8204294820451673,11.0,0.0,0.08360101412584127,-0.010042936712370285,-0.23007455013793743
all,breakout,3.0,2.0,423,"{""family"": ""breakout"", ""min_ddv"": 5000000.0, ""min_price"": 5.0, ""regime"": ""spy200"", ""trend"": true, ""mom_min"": 0.15, ""rsi2_max"": 100.0, ""rsi14_max"": 100.0, ""ret21_max"": 1.0, ""dist_ema20_max"": 1.0, ""dist_ema50_min"": -1.0, ""dist_hh60_min"": -1.0, ""atr_ratio_max"": 10.0, ""vol_ratio_min"": 1.3, ""atr_pct_min"": 0.0, ""atr_pct_max"": 1.0, ""up_close"": false, ""strong_close"": false}",197,28.120844739929606,0.4416243654822335,0.255738974297536,1.4201596563045755,22.0,0.0,0.06409242324435498,0.017919969427308915,0.20526510434917486,99,24.73305954825462,0.36363636363636365,0.005343351273658416,1.0074729418399273,18.0,0.0,0.08360101412584127,0.006051264035300699,0.08471769649420978
all,breakout,3.0,3.0,423,"{""family"": ""breakout"", ""min_ddv"": 5000000.0, ""min_price"": 5.0, ""regime"": ""spy200"", ""trend"": true, ""mom_min"": 0.15, ""rsi2_max"": 100.0, ""rsi14_max"": 100.0, ""ret21_max"": 1.0, ""dist_ema20_max"": 1.0, ""dist_ema50_min"": -1.0, ""dist_hh60_min"": -1.0, ""atr_ratio_max"": 10.0, ""vol_ratio_min"": 1.3, ""atr_pct_min"": 0.0, ""atr_pct_max"": 1.0, ""up_close"": false, ""strong_close"": false}",197,28.120844739929606,0.41116751269035534,0.5699239358066365,1.8831767001167234,26.0,0.0,0.06409242324435498,0.0410009283806896,0.39739361353591457,99,24.73305954825462,0.3434343434343434,0.289818489495912,1.3924452048675913,22.0,0.0,0.08360101412584127,0.03769282768786202,0.431754208060965
all,breakout,3.0,4.0,423,"{""family"": ""breakout"", ""min_ddv"": 5000000.0, ""min_price"": 5.0, ""regime"": ""spy200"", ""trend"": true, ""mom_min"": 0.15, ""rsi2_max"": 100.0, ""rsi14_max"": 100.0, ""ret21_max"": 1.0, ""dist_ema20_max"": 1.0, ""dist_ema50_min"": -1.0, ""dist_hh60_min"": -1.0, ""atr_ratio_max"": 10.0, ""vol_ratio_min"": 1.3, ""atr_pct_min"": 0.0, ""atr_pct_max"": 1.0, ""up_close"": false, ""strong_close"": false}",197,28.120844739929606,0.3604060913705584,0.7274872864064964,2.038648856592543,28.0,0.0,0.06409242324435498,0.05032435760986085,0.45291921848874767,99,24.73305954825462,0.2727272727272727,0.27025699908158607,1.3292540361696232,22.0,0.0,0.08360101412584127,0.04349716791553583,0.4982402870325013
all,breakout,3.0,6.0,423,"{""family"": ""breakout"", ""min_ddv"": 5000000.0, ""min_price"": 5.0, ""regime"": ""spy200"", ""trend"": true, ""mom_min"": 0.15, ""rsi2_max"": 100.0, ""rsi14_max"": 100.0, ""ret21_max"": 1.0, ""dist_ema20_max"": 1.0, ""dist_ema50_min"": -1.0, ""dist_hh60_min"": -1.0, ""atr_ratio_max"": 10.0, ""vol_ratio_min"": 1.3, ""atr_pct_min"": 0.0, ""atr_pct_max"": 1.0, ""up_close"": false, ""strong_close"": false}",197,28.120844739929606,0.3096446700507614,1.0848513224037126,2.4311484750806835,28.0,0.0,0.06409242324435498,0.07110577811263954,0.6399520030137559,96,23.983572895277206,0.17708333333333334,0.09695034095571109,1.100798377891951,20.5,0.0,0.0830887599316223,0.02771221928150197,0.3406575248262681
all,meanrev,1.0,0.5,2320,"{""family"": ""meanrev"", ""min_ddv"": 5000000.0, ""min_price"": 5.0, ""regime"": ""spy200"", ""trend"": true, ""mom_min"": 0.0, ""rsi2_max"": 10.0, ""rsi14_max"": 100.0, ""ret21_max"": 1.0, ""dist_ema20_max"": 0.0, ""dist_ema50_min"": -1.0, ""dist_hh60_min"": -1.0, ""atr_ratio_max"": 10.0, ""vol_ratio_min"": 0.0, ""atr_pct_min"": 0.0, ""atr_pct_max"": 1.0, ""up_close"": false, ""strong_close"": false}",958,136.7500977708252,0.6878914405010439,-0.10133821992844771,0.7300988767644887,1.0,0.0,0.02394519281196146,-0.0019352624461776216,-0.4876861364367607,548,136.90622861054072,0.6167883211678832,-0.17555606078465358,0.6104239242947619,1.0,0.0,0.03554751893201649,-0.00537688854090409,-1.3549759123078309
all,meanrev,1.0,1.0,2320,"{""family"": ""meanrev"", ""min_ddv"": 5000000.0, ""min_price"": 5.0, ""regime"": ""spy200"", ""trend"": true, ""mom_min"": 0.0, ""rsi2_max"": 10.0, ""rsi14_max"": 100.0, ""ret21_max"": 1.0, ""dist_ema20_max"": 0.0, ""dist_ema50_min"": -1.0, ""dist_hh60_min"": -1.0, ""atr_ratio_max"": 10.0, ""vol_ratio_min"": 0.0, ""atr_pct_min"": 0.0, ""atr_pct_max"": 1.0, ""up_close"": false, ""strong_close"": false}",958,136.7500977708252,0.5334029227557411,-0.08662232223064871,0.8469820587608756,2.0,0.0,0.02394519281196146,-0.0012075348995182558,-0.15214939733930022,548,136.90622861054072,0.4470802919708029,-0.2510412779950503,0.6310343491088932,2.0,0.0,0.03554751893201649,-0.007938634865566467,-1.000267993061375
all,meanrev,1.0,2.0,2320,"{""family"": ""meanrev"", ""min_ddv"": 5000000.0, ""min_price"": 5.0, ""regime"": ""spy200"", ""trend"": true, ""mom_min"": 0.0, ""rsi2_max"": 10.0, ""rsi14_max"": 100.0, ""ret21_max"": 1.0, ""dist_ema20_max"": 0.0, ""dist_ema50_min"": -1.0, ""dist_hh60_min"": -1.0, ""atr_ratio_max"": 10.0, ""vol_ratio_min"": 0.0, ""atr_pct_min"": 0.0, ""atr_pct_max"": 1.0, ""up_close"": false, ""strong_close"": false}",958,136.7500977708252,0.3924843423799583,0.018868016321610753,1.0255726443474473,3.0,0.0,0.02394519281196146,0.0017397779821801118,0.1461413505031294,548,136.90622861054072,0.2937956204379562,-0.30359811537807035,0.6544809274022758,3.0,0.0,0.03554751893201649,-0.0084344377227347,-0.7084927687097148
all,meanrev,1.0,3.0,2320,"{""family"": ""meanrev"", ""min_ddv"": 5000000.0, ""min_price"": 5.0, ""regime"": ""spy200"", ""trend"": true, ""mom_min"": 0.0, ""rsi2_max"": 10.0, ""rsi14_max"": 100.0, ""ret21_max"": 1.0, ""dist_ema20_max"": 0.0, ""dist_ema50_min"": -1.0, ""dist_hh60_min"": -1.0, ""atr_ratio_max"": 10.0, ""vol_ratio_min"": 0.0, ""atr_pct_min"": 0.0, ""atr_pct_max"": 1.0, ""up_close"": false, ""strong_close"": false}",958,136.7500977708252,0.3173277661795407,0.09443326997587809,1.1138873897313561,4.0,0.0,0.02394519281196146,0.0032914988452178526,0.20736442724872473,548,136.90622861054072,0.2281021897810219,-0.28365886787810796,0.703887256853413,3.0,0.0,0.03554751893201649,-0.008337139885512653,-0.7003197503830628
all,meanrev,1.0,4.0,2320,"{""family"": ""meanrev"", ""min_ddv"": 5000000.0, ""min_price"": 5.0, ""regime"": ""spy200"", ""trend"": true, ""mom_min"": 0.0, ""rsi2_max"": 10.0, ""rsi14_max"": 100.0, ""ret21_max"": 1.0, ""dist_ema20_max"": 0.0, ""dist_ema50_min"": -1.0, ""dist_hh60_min"": -1.0, ""atr_ratio_max"": 10.0, ""vol_ratio_min"": 0.0, ""atr_pct_min"": 0.0, ""atr_pct_max"": 1.0, ""up_close"": false, ""strong_close"": false}",958,136.7500977708252,0.2651356993736952,0.14112377696904618,1.1580478465438242,4.0,0.0,0.02394519281196146,0.00342380713651712,0.21569984960057856,548,136.90622861054072,0.20802919708029197,-0.1588536015991279,0.8381124961374121,3.0,0.0,0.03554751893201649,-0.003672357882863007,-0.30847806216049256
all,meanrev,1.0,6.0,2320,"{""family"": ""meanrev"", ""min_ddv"": 5000000.0, ""min_price"": 5.0, ""regime"": ""spy200"", ""trend"": true, ""mom_min"": 0.0, ""rsi2_max"": 10.0, ""rsi14_max"": 100.0, ""ret21_max"": 1.0, ""dist_ema20_max"": 0.0, ""dist_ema50_min"": -1.0, ""dist_hh60_min"": -1.0, ""atr_ratio_max"": 10.0, ""vol_ratio_min"": 0.0, ""atr_pct_min"": 0.0, ""atr_pct_max"": 1.0, ""up_close"": false, ""strong_close"": false}",958,136.7500977708252,0.2160751565762004,0.3027024011624565,1.3114445306882794,5.0,0.0,0.02394519281196146,0.006607457712906722,0.3330158687304988,548,136.90622861054072,0.15875912408759124,-0.09199606052495748,0.9113166530334125,3.0,0.0,0.03554751893201649,-0.004503853317716607,-0.37832367868819494
all,meanrev,1.5,0.5,2320,"{""family"": ""meanrev"", ""min_ddv"": 5000000.0, ""min_price"": 5.0, ""regime"": ""spy200"", ""trend"": true, ""mom_min"": 0.0, ""rsi2_max"": 10.0, ""rsi14_max"": 100.0, ""ret21_max"": 1.0, ""dist_ema20_max"": 0.0, ""dist_ema50_min"": -1.0, ""dist_hh60_min"": -1.0, ""atr_ratio_max"": 10.0, ""vol_ratio_min"": 0.0, ""atr_pct_min"": 0.0, ""atr_pct_max"": 1.0, ""up_close"": false, ""strong_close"": false}",958,136.7500977708252,0.7171189979123174,-0.006537180219706238,0.9795260012575957,2.0,0.0,0.03591778921794209,-0.0002051950801059078,-0.025854580093344383,548,136.90622861054072,0.6113138686131386,-0.17674946159280813,0.6183435422761628,2.0,0.0,0.053321278398024696,-0.007650497691931423,-0.9639627091833592
all,meanrev,1.5,1.0,2320,"{""family"": ""meanrev"", ""min_ddv"": 5000000.0, ""min_price"": 5.0, ""regime"": ""spy200"", ""trend"": true, ""mom_min"": 0.0, ""rsi2_max"": 10.0, ""rsi14_max"": 100.0, ""ret21_max"": 1.0, ""dist_ema20_max"": 0.0, ""dist_ema50_min"": -1.0, ""dist_hh60_min"": -1.0, ""atr_ratio_max"": 10.0, ""vol_ratio_min"": 0.0, ""atr_pct_min"": 0.0, ""atr_pct_max"": 1.0, ""up_close"": false, ""strong_close"": false}",958,136.7500977708252,0.5647181628392485,0.03628974240923906,1.0734587516662182,4.0,0.0,0.03591778921794209,0.0009045694905381068,0.05698787790390073,548,136.90622861054072,0.40693430656934304,-0.3114787636713768,0.5581611253590139,3.0,0.0,0.053321278398024696,-0.012919693933904124,-1.0852542904479463
all,meanrev,1.5,2.0,2320,"{""family"": ""meanrev"", ""min_ddv"": 5000000.0, ""min_price"": 5.0, ""regime"": ""spy200"", ""trend"": true, ""mom_min"": 0.0, ""rsi2_max"": 10.0, ""rsi14_max"": 100.0, ""ret21_max"": 1.0, ""dist_ema20_max"": 0.0, ""dist_ema50_min"": -1.0, ""dist_hh60_min"": -1.0, ""atr_ratio_max"": 10.0, ""vol_ratio_min"": 0.0, ""atr_pct_min"": 0.0, ""atr_pct_max"": 1.0, ""up_close"": false, ""strong_close"": false}",958,136.7500977708252,0.42171189979123175,0.15649085022328815,1.2368810076435857,7.0,0.0,0.03591778921794209,0.006081996315951421,0.21895186737425118,548,136.90622861054072,0.28102189781021897,-0.29268487844188723,0.6546499003310186,5.0,0.0,0.053321278398024696,-0.011409134705957447,-0.5750203891802552
all,meanrev,1.5,3.0,2320,"{""family"": ""meanrev"", ""min_ddv"": 5000000.0, ""min_price"": 5.0, ""regime"": ""spy200"", ""trend"": true, ""mom_min"": 0.0, ""rsi2_max"": 10.0, ""rsi14_max"": 100.0, ""ret21_max"": 1.0, ""dist_ema20_max"": 0.0, ""dist_ema50_min"": -1.0, ""dist_hh60_min"": -1.0, ""atr_ratio_max"": 10.0, ""vol_ratio_min"": 0.0, ""atr_pct_min"": 0.0, ""atr_pct_max"": 1.0, ""up_close"": false, ""strong_close"": false}",958,136.7500977708252,0.3653444676409186,0.34628389231973744,1.4781423395595787,9.0,0.0,0.03591778921794209,0.011772756327668608,0.329637177174721,548,136.90622861054072,0.25,-0.13937011739887836,0.8422048097876874,5.0,0.0,0.053321278398024696,-0.002591325409169566,-0.13060280062214613
all,meanrev,1.5,4.0,2320,"{""family"": ""meanrev"", ""min_ddv"": 5000000.0, ""min_price"": 5.0, ""regime"": ""spy200"", ""trend"": true, ""mom_min"": 0.0, ""rsi2_max"": 10.0, ""rsi14_max"": 100.0, ""ret21_max"": 1.0, ""dist_ema20_max"": 0.0, ""dist_ema50_min"": -1.0, ""dist_hh60_min"": -1.0, ""atr_ratio_max"": 10.0, ""vol_ratio_min"": 0.0, ""atr_pct_min"": 0.0, ""atr_pct_max"": 1.0, ""up_close"": false, ""strong_close"": false}",958,136.7500977708252,0.29958246346555323,0.35816077153244263,1.4372672975476262,11.0,0.0,0.03591778921794209,0.010871925628731013,0.24906593258547413,548,136.90622861054072,0.20802919708029197,-0.10425099361939583,0.8879151695149501,5.0,0.0,0.053321278398024696,-0.002765914101712503,-0.13940207072631014
all,meanrev,1.5,6.0,2320,"{""family"": ""meanrev"", ""min_ddv"": 5000000.0, ""min_price"": 5.0, ""regime"": ""spy200"", ""trend"": true, ""mom_min"": 0.0, ""rsi2_max"": 10.0, ""rsi14_max"": 100.0, ""ret21_max"": 1.0, ""dist_ema20_max"": 0.0, ""dist_ema50_min"": -1.0, ""dist_hh60_min"": -1.0, ""atr_ratio_max"": 10.0, ""vol_ratio_min"": 0.0, ""atr_pct_min"": 0.0, ""atr_pct_max"": 1.0, ""up_close"": false, ""strong_close"": false}",958,136.7500977708252,0.2244258872651357,0.39890038027034047,1.4291376005155498,12.0,0.0,0.03591778921794209,0.007945753651667626,0.16686082668502014,548,136.90622861054072,0.16970802919708028,0.04109111449153442,1.0422965158177377,5.0,0.0,0.053321278398024696,0.005038661983820435,0.2539485639845499
all,meanrev,2.0,0.5,2320,"{""family"": ""meanrev"", ""min_ddv"": 5000000.0, ""min_price"": 5.0, ""regime"": ""spy200"", ""trend"": true, ""mom_min"": 0.0, ""rsi2_max"": 10.0, ""rsi14_max"": 100.0, ""ret21_max"": 1.0, ""dist_ema20_max"": 0.0, ""dist_ema50_min"": -1.0, ""dist_hh60_min"": -1.0, ""atr_ratio_max"": 10.0, ""vol_ratio_min"": 0.0, ""atr_pct_min"": 0.0, ""atr_pct_max"": 1.0, ""up_close"": false, ""strong_close"": false}",958,136.7500977708252,0.7223382045929019,0.020326794562086338,1.0667692632543349,3.0,0.0,0.047890385623922865,0.0006754003437529707,0.05673362887524954,548,136.90622861054072,0.5802919708029197,-0.20227750990750792,0.5791159747730357,2.0,0.0,0.07109503786403289,-0.011800175109138713,-1.486822063751478
all,meanrev,2.0,1.0,2320,"{""family"": ""meanrev"", ""min_ddv"": 5000000.0, ""min_price"": 5.0, ""regime"": ""spy200"", ""trend"": true, ""mom_min"": 0.0, ""rsi2_max"": 10.0, ""rsi14_max"": 100.0, ""ret21_max"": 1.0, ""dist_ema20_max"": 0.0, ""dist_ema50_min"": -1.0, ""dist_hh60_min"": -1.0, ""atr_ratio_max"": 10.0, ""vol_ratio_min"": 0.0, ""atr_pct_min"": 0.0, ""atr_pct_max"": 1.0, ""up_close"": false, ""strong_close"": false}",958,136.7500977708252,0.5908141962421712,0.11530144011777142,1.2550758991838822,6.0,0.0,0.047890385623922865,0.005936133303742875,0.24931759875720075,548,136.90622861054072,0.4051094890510949,-0.2755270123630392,0.5899104382289078,5.0,0.0,0.07109503786403289,-0.016207766307900173,-0.8168714219181687
all,meanrev,2.0,2.0,2320,"{""family"": ""meanrev"", ""min_ddv"": 5000000.0, ""min_price"": 5.0, ""regime"": ""spy200"", ""trend"": true, ""mom_min"": 0.0, ""rsi2_max"": 10.0, ""rsi14_max"": 100.0, ""ret21_max"": 1.0, ""dist_ema20_max"": 0.0, ""dist_ema50_min"": -1.0, ""dist_hh60_min"": -1.0, ""atr_ratio_max"": 10.0, ""vol_ratio_min"": 0.0, ""atr_pct_min"": 0.0, ""atr_pct_max"": 1.0, ""up_close"": false, ""strong_close"": false}",958,136.7500977708252,0.46868475991649267,0.3242781368076129,1.5501457793290623,12.0,0.0,0.047890385623922865,0.015357645415448913,0.32251055372442716,548,136.90622861054072,0.3248175182481752,-0.1178453773422099,0.8449490734805674,7.0,0.0,0.07109503786403289,-0.002639900703685348,-0.09503642533267252
all,meanrev,2.0,3.0,2320,"{""family"": ""meanrev"", ""min_ddv"": 5000000.0, ""min_price"": 5.0, ""regime"": ""spy200"", ""trend"": true, ""mom_min"": 0.0, ""rsi2_max"": 10.0, ""rsi14_max"": 100.0, ""ret21_max"": 1.0, ""dist_ema20_max"": 0.0, ""dist_ema50_min"": -1.0, ""dist_hh60_min"": -1.0, ""atr_ratio_max"": 10.0, ""vol_ratio_min"": 0.0, ""atr_pct_min"": 0.0, ""atr_pct_max"": 1.0, ""up_close"": false, ""strong_close"": false}",958,136.7500977708252,0.38100208768267224,0.41610057311554555,1.588337128659021,18.0,0.0,0.047890385623922865,0.019286563546805673,0.27001188965527945,548,136.90622861054072,0.26277372262773724,-0.04413001538731221,0.9465873082100061,8.0,0.0,0.07109503786403289,-0.001631266605302039,-0.05138489806701423
all,meanrev,2.0,4.0,2320,"{""family"": ""meanrev"", ""min_ddv"": 5000000.0, ""min_price"": 5.0, ""regime"": ""spy200"", ""trend"": true, ""mom_min"": 0.0, ""rsi2_max"": 10.0, ""rsi14_max"": 100.0, ""ret21_max"": 1.0, ""dist_ema20_max"": 0.0, ""dist_ema50_min"": -1.0, ""dist_hh60_min"": -1.0, ""atr_ratio_max"": 10.0, ""vol_ratio_min"": 0.0, ""atr_pct_min"": 0.0, ""atr_pct_max"": 1.0, ""up_close"": false, ""strong_close"": false}",958,136.7500977708252,0.3235908141962422,0.49338780667272397,1.630006370391316,22.0,0.0,0.047890385623922865,0.020752378813653393,0.23770906641093886,548,136.90622861054072,0.24087591240875914,0.10719798574624659,1.1262211836534306,8.0,0.0,0.07109503786403289,0.008274652719341294,0.26065156065925077
all,meanrev,2.0,6.0,2320,"{""family"": ""meanrev"", ""min_ddv"": 5000000.0, ""min_price"": 5.0, ""regime"": ""spy200"", ""trend"": true, ""mom_min"": 0.0, ""rsi2_max"": 10.0, ""rsi14_max"": 100.0, ""ret21_max"": 1.0, ""dist_ema20_max"": 0.0, ""dist_ema50_min"": -1.0, ""dist_hh60_min"": -1.0, ""atr_ratio_max"": 10.0, ""vol_ratio_min"": 0.0, ""atr_pct_min"": 0.0, ""atr_pct_max"": 1.0, ""up_close"": false, ""strong_close"": false}",957,136.60735236605396,0.2445141065830721,0.5726142363133867,1.6503054365377006,28.0,0.0,0.047792613645916596,0.015469087734218095,0.13922178960796286,548,136.90622861054072,0.17518248175182483,0.11399327902970915,1.1222138438805431,8.0,0.0,0.07109503786403289,0.007412454243136236,0.23349230865879142
all,meanrev,3.0,0.5,2320,"{""family"": ""meanrev"", ""min_ddv"": 5000000.0, ""min_price"": 5.0, ""regime"": ""spy200"", ""trend"": true, ""mom_min"": 0.0, ""rsi2_max"": 10.0, ""rsi14_max"": 100.0, ""ret21_max"": 1.0, ""dist_ema20_max"": 0.0, ""dist_ema50_min"": -1.0, ""dist_hh60_min"": -1.0, ""atr_ratio_max"": 10.0, ""vol_ratio_min"": 0.0, ""atr_pct_min"": 0.0, ""atr_pct_max"": 1.0, ""up_close"": false, ""strong_close"": false}",958,136.7500977708252,0.7432150313152401,0.07358639803363289,1.2675478109261442,5.0,0.0,0.07183557843588427,0.005027677808486409,0.253394961547715,548,136.90622861054072,0.6131386861313869,-0.12152848875004717,0.7103857790403573,5.0,0.0,0.10664255679604939,-0.007009354940419931,-0.35327148899716454
all,meanrev,3.0,1.0,2320,"{""family"": ""meanrev"", ""min_ddv"": 5000000.0, ""min_price"": 5.0, ""regime"": ""spy200"", ""trend"": true, ""mom_min"": 0.0, ""rsi2_max"": 10.0, ""rsi14_max"": 100.0, ""ret21_max"": 1.0, ""dist_ema20_max"": 0.0, ""dist_ema50_min"": -1.0, ""dist_hh60_min"": -1.0, ""atr_ratio_max"": 10.0, ""vol_ratio_min"": 0.0, ""atr_pct_min"": 0.0, ""atr_pct_max"": 1.0, ""up_close"": false, ""strong_close"": false}",958,136.7500977708252,0.6294363256784968,0.20946779549028696,1.522611165237202,12.0,0.0,0.07183557843588427,0.01672485011300153,0.35122185237303216,548,136.90622861054072,0.5127737226277372,-0.025950764668413832,0.9511771724929322,9.0,0.0,0.10664255679604939,0.00468236025457416,0.1311060871280765
all,meanrev,3.0,2.0,2320,"{""family"": ""meanrev"", ""min_ddv"": 5000000.0, ""min_price"": 5.0, ""regime"": ""spy200"", ""trend"": true, ""mom_min"": 0.0, ""rsi2_max"": 10.0, ""rsi14_max"": 100.0, ""ret21_max"": 1.0, ""dist_ema20_max"": 0.0, ""dist_ema50_min"": -1.0, ""dist_hh60_min"": -1.0, ""atr_ratio_max"": 10.0, ""vol_ratio_min"": 0.0, ""atr_pct_min"": 0.0, ""atr_pct_max"": 1.0, ""up_close"": false, ""strong_close"": false}",958,136.7500977708252,0.48538622129436326,0.3772917020929591,1.6533138961662341,29.0,0.0,0.07183557843588427,0.028060225629698402,0.2438336847822068,548,136.90622861054072,0.4306569343065693,0.23885640040226036,1.3877594883986804,19.0,0.0,0.10664255679604939,0.02780259534168793,0.36875021190028207
all,meanrev,3.0,3.0,2320,"{""family"": ""meanrev"", ""min_ddv"": 5000000.0, ""min_price"": 5.0, ""regime"": ""spy200"", ""trend"": true, ""mom_min"": 0.0, ""rsi2_max"": 10.0, ""rsi14_max"": 100.0, ""ret21_max"": 1.0, ""dist_ema20_max"": 0.0, ""dist_ema50_min"": -1.0, ""dist_hh60_min"": -1.0, ""atr_ratio_max"": 10.0, ""vol_ratio_min"": 0.0, ""atr_pct_min"": 0.0, ""atr_pct_max"": 1.0, ""up_close"": false, ""strong_close"": false}",958,136.7500977708252,0.37995824634655534,0.42605778630103724,1.6088572067802789,47.0,0.0,0.07183557843588427,0.023761902391476547,0.12740424260961894,548,136.90622861054072,0.38321167883211676,0.4730904948693247,1.7060086074850247,24.0,0.0,0.10664255679604939,0.052169856251773644,0.5477834906436233
all,meanrev,3.0,4.0,2320,"{""family"": ""meanrev"", ""min_ddv"": 5000000.0, ""min_price"": 5.0, ""regime"": ""spy200"", ""trend"": true, ""mom_min"": 0.0, ""rsi2_max"": 10.0, ""rsi14_max"": 100.0, ""ret21_max"": 1.0, ""dist_ema20_max"": 0.0, ""dist_ema50_min"": -1.0, ""dist_hh60_min"": -1.0, ""atr_ratio_max"": 10.0, ""vol_ratio_min"": 0.0, ""atr_pct_min"": 0.0, ""atr_pct_max"": 1.0, ""up_close"": false, ""strong_close"": false}",956,136.46460696128275,0.3305439330543933,0.5543226028519223,1.7336833775747098,63.5,0.0,0.07164837543989398,0.026574907280438893,0.10546262416804096,548,136.90622861054072,0.29744525547445255,0.41134688880461834,1.5321906216345793,28.5,0.0,0.10664255679604939,0.04683081898182261,0.41408303099716837
all,meanrev,3.0,6.0,2320,"{""family"": ""meanrev"", ""min_ddv"": 5000000.0, ""min_price"": 5.0, ""regime"": ""spy200"", ""trend"": true, ""mom_min"": 0.0, ""rsi2_max"": 10.0, ""rsi14_max"": 100.0, ""ret21_max"": 1.0, ""dist_ema20_max"": 0.0, ""dist_ema50_min"": -1.0, ""dist_hh60_min"": -1.0, ""atr_ratio_max"": 10.0, ""vol_ratio_min"": 0.0, ""atr_pct_min"": 0.0, ""atr_pct_max"": 1.0, ""up_close"": false, ""strong_close"": false}",955,136.32186155651152,0.3099476439790576,1.0596888114406113,2.3615127101122013,85.0,0.0031413612565445027,0.07160783041091313,0.05667227051718764,0.16801661376860336,548,136.90622861054072,0.17153284671532848,0.10911783557024199,1.1188111952730027,30.5,0.0,0.10664255679604939,0.027815811187356404,0.2298224399742234
all,meanrev,1.0,0.5,721,"{""family"": ""meanrev"", ""min_ddv"": 5000000.0, ""min_price"": 5.0, ""regime"": ""spy200"", ""trend"": true, ""mom_min"": 0.15, ""rsi2_max"": 100.0, ""rsi14_max"": 100.0, ""ret21_max"": 1.0, ""dist_ema20_max"": 0.0, ""dist_ema50_min"": -1.0, ""dist_hh60_min"": -0.1, ""atr_ratio_max"": 10.0, ""vol_ratio_min"": 0.0, ""atr_pct_min"": 0.0, ""atr_pct_max"": 1.0, ""up_close"": true, ""strong_close"": false}",321,45.821274931560424,0.6261682242990654,-0.21131324969430595,0.549221481634115,2.0,0.0,0.025727567242393234,-0.004803755117008495,-0.6052731447430704,157,39.223134839151264,0.4968152866242038,-0.39940583932803514,0.35351321878377817,1.0,0.0,0.02894227073748891,-0.012828140230375318,-3.23269133805458
all,meanrev,1.0,1.0,721,"{""family"": ""meanrev"", ""min_ddv"": 5000000.0, ""min_price"": 5.0, ""regime"": ""spy200"", ""trend"": true, ""mom_min"": 0.15, ""rsi2_max"": 100.0, ""rsi14_max"": 100.0, ""ret21_max"": 1.0, ""dist_ema20_max"": 0.0, ""dist_ema50_min"": -1.0, ""dist_hh60_min"": -0.1, ""atr_ratio_max"": 10.0, ""vol_ratio_min"": 0.0, ""atr_pct_min"": 0.0, ""atr_pct_max"": 1.0, ""up_close"": true, ""strong_close"": false}",321,45.821274931560424,0.5233644859813084,-0.11845899172040394,0.8007453340174163,2.0,0.0,0.025727567242393234,-0.002636003685050036,-0.3321364643163045,157,39.223134839151264,0.34394904458598724,-0.5035699918316128,0.39556609828067196,2.0,0.0,0.02894227073748891,-0.01595907734717398,-2.010843745743921
all,meanrev,1.0,2.0,721,"{""family"": ""meanrev"", ""min_ddv"": 5000000.0, ""min_price"": 5.0, ""regime"": ""spy200"", ""trend"": true, ""mom_min"": 0.15, ""rsi2_max"": 100.0, ""rsi14_max"": 100.0, ""ret21_max"": 1.0, ""dist_ema20_max"": 0.0, ""dist_ema50_min"": -1.0, ""dist_hh60_min"": -0.1, ""atr_ratio_max"": 10.0, ""vol_ratio_min"": 0.0, ""atr_pct_min"": 0.0, ""atr_pct_max"": 1.0, ""up_close"": true, ""strong_close"": false}",321,45.821274931560424,0.3987538940809969,0.022436651195398217,1.03029149811169,4.0,0.0,0.025727567242393234,0.000668722652280928,0.042129527093698466,157,39.223134839151264,0.22929936305732485,-0.5340005269127283,0.45473340719376487,2.0,0.0,0.02894227073748891,-0.016734917453260844,-2.108599599110866
all,meanrev,1.0,3.0,721,"{""family"": ""meanrev"", ""min_ddv"": 5000000.0, ""min_price"": 5.0, ""regime"": ""spy200"", ""trend"": true, ""mom_min"": 0.15, ""rsi2_max"": 100.0, ""rsi14_max"": 100.0, ""ret21_max"": 1.0, ""dist_ema20_max"": 0.0, ""dist_ema50_min"": -1.0, ""dist_hh60_min"": -0.1, ""atr_ratio_max"": 10.0, ""vol_ratio_min"": 0.0, ""atr_pct_min"": 0.0, ""atr_pct_max"": 1.0, ""up_close"": true, ""strong_close"": false}",321,45.821274931560424,0.3582554517133956,0.25442211838833134,1.3235087126797924,5.0,0.0,0.025727567242393234,0.005657856253747106,0.28515595518885417,157,39.223134839151264,0.18471337579617833,-0.4903531414556586,0.5267662151106774,3.0,0.0,0.02894227073748891,-0.016693189655956273,-1.4022279311003267
all,meanrev,1.0,4.0,721,"{""family"": ""meanrev"", ""min_ddv"": 5000000.0, ""min_price"": 5.0, ""regime"": ""spy200"", ""trend"": true, ""mom_min"": 0.15, ""rsi2_max"": 100.0, ""rsi14_max"": 100.0, ""ret21_max"": 1.0, ""dist_ema20_max"": 0.0, ""dist_ema50_min"": -1.0, ""dist_hh60_min"": -0.1, ""atr_ratio_max"": 10.0, ""vol_ratio_min"": 0.0, ""atr_pct_min"": 0.0, ""atr_pct_max"": 1.0, ""up_close"": true, ""strong_close"": false}",321,45.821274931560424,0.3177570093457944,0.40643690753132583,1.4854968455788597,5.0,0.0,0.025727567242393234,0.008913541626352647,0.44924249796817345,157,39.223134839151264,0.1464968152866242,-0.5248761083926402,0.5247097250494459,3.0,0.0,0.02894227073748891,-0.016639177699727975,-1.39769092677715
all,meanrev,1.0,6.0,721,"{""family"": ""meanrev"", ""min_ddv"": 5000000.0, ""min_price"": 5.0, ""regime"": ""spy200"", ""trend"": true, ""mom_min"": 0.15, ""rsi2_max"": 100.0, ""rsi14_max"": 100.0, ""ret21_max"": 1.0, ""dist_ema20_max"": 0.0, ""dist_ema50_min"": -1.0, ""dist_hh60_min"": -0.1, ""atr_ratio_max"": 10.0, ""vol_ratio_min"": 0.0, ""atr_pct_min"": 0.0, ""atr_pct_max"": 1.0, ""up_close"": true, ""strong_close"": false}",321,45.821274931560424,0.24299065420560748,0.5025822179687198,1.5380625494446114,5.0,0.0,0.025727567242393234,0.010591469594459592,0.5338100675607634,157,39.223134839151264,0.11464968152866242,-0.4566997760007651,0.5994059269107981,3.0,0.0,0.02894227073748891,-0.014649451755142422,-1.2305539474319633
all,meanrev,1.5,0.5,721,"{""family"": ""meanrev"", ""min_ddv"": 5000000.0, ""min_price"": 5.0, ""regime"": ""spy200"", ""trend"": true, ""mom_min"": 0.15, ""rsi2_max"": 100.0, ""rsi14_max"": 100.0, ""ret21_max"": 1.0, ""dist_ema20_max"": 0.0, ""dist_ema50_min"": -1.0, ""dist_hh60_min"": -0.1, ""atr_ratio_max"": 10.0, ""vol_ratio_min"": 0.0, ""atr_pct_min"": 0.0, ""atr_pct_max"": 1.0, ""up_close"": true, ""strong_close"": false}",321,45.821274931560424,0.6978193146417445,-0.0346680463291737,0.8994647326060264,2.0,0.0,0.038591350863589745,-0.0003901384794731119,-0.049157448413612095,157,39.223134839151264,0.4585987261146497,-0.432396198944898,0.3318732553812249,2.0,0.0,0.043413406106233364,-0.019961906800852216,-2.515200256907379
all,meanrev,1.5,1.0,721,"{""family"": ""meanrev"", ""min_ddv"": 5000000.0, ""min_price"": 5.0, ""regime"": ""spy200"", ""trend"": true, ""mom_min"": 0.15, ""rsi2_max"": 100.0, ""rsi14_max"": 100.0, ""ret21_max"": 1.0, ""dist_ema20_max"": 0.0, ""dist_ema50_min"": -1.0, ""dist_hh60_min"": -0.1, ""atr_ratio_max"": 10.0, ""vol_ratio_min"": 0.0, ""atr_pct_min"": 0.0, ""atr_pct_max"": 1.0, ""up_close"": true, ""strong_close"": false}",321,45.821274931560424,0.5638629283489096,0.03731579163126249,1.0749818994089844,3.0,0.0,0.038591350863589745,0.00198661329650999,0.1668755169068392,157,39.223134839151264,0.36942675159235666,-0.40077290790811226,0.4694339275191471,3.0,0.0,0.043413406106233364,-0.018132163737762552,-1.5231017539720544
all,meanrev,1.5,2.0,721,"{""family"": ""meanrev"", ""min_ddv"": 5000000.0, ""min_price"": 5.0, ""regime"": ""spy200"", ""trend"": true, ""mom_min"": 0.15, ""rsi2_max"": 100.0, ""rsi14_max"": 100.0, ""ret21_max"": 1.0, ""dist_ema20_max"": 0.0, ""dist_ema50_min"": -1.0, ""dist_hh60_min"": -0.1, ""atr_ratio_max"": 10.0, ""vol_ratio_min"": 0.0, ""atr_pct_min"": 0.0, ""atr_pct_max"": 1.0, ""up_close"": true, ""strong_close"": false}",321,45.821274931560424,0.470404984423676,0.3123855572662386,1.519825592406468,7.0,0.0,0.038591350863589745,0.01097464013599493,0.3950870448958175,157,39.223134839151264,0.24203821656050956,-0.4220378729745714,0.5321791678907677,4.0,0.0,0.043413406106233364,-0.02120850260852964,-1.3361356643373674
all,meanrev,1.5,3.0,721,"{""family"": ""meanrev"", ""min_ddv"": 5000000.0, ""min_price"": 5.0, ""regime"": ""spy200"", ""trend"": true, ""mom_min"": 0.15, ""rsi2_max"": 100.0, ""rsi14_max"": 100.0, ""ret21_max"": 1.0, ""dist_ema20_max"": 0.0, ""dist_ema50_min"": -1.0, ""dist_hh60_min"": -0.1, ""atr_ratio_max"": 10.0, ""vol_ratio_min"": 0.0, ""atr_pct_min"": 0.0, ""atr_pct_max"": 1.0, ""up_close"": true, ""strong_close"": false}",321,45.821274931560424,0.42679127725856697,0.6033558658792356,1.9278443031988628,12.0,0.0,0.038591350863589745,0.02057536000349156,0.43208256007332274,157,39.223134839151264,0.19745222929936307,-0.3706706498461041,0.6122509506567354,4.0,0.0,0.043413406106233364,-0.017423032202767266,-1.0976510287743377
all,meanrev,1.5,4.0,721,"{""family"": ""meanrev"", ""min_ddv"": 5000000.0, ""min_price"": 5.0, ""regime"": ""spy200"", ""trend"": true, ""mom_min"": 0.15, ""rsi2_max"": 100.0, ""rsi14_max"": 100.0, ""ret21_max"": 1.0, ""dist_ema20_max"": 0.0, ""dist_ema50_min"": -1.0, ""dist_hh60_min"": -0.1, ""atr_ratio_max"": 10.0, ""vol_ratio_min"": 0.0, ""atr_pct_min"": 0.0, ""atr_pct_max"": 1.0, ""up_close"": true, ""strong_close"": false}",321,45.821274931560424,0.34890965732087226,0.6228143656200718,1.8275612519523685,17.0,0.0,0.038591350863589745,0.022482926750338014,0.33327632594618706,157,39.223134839151264,0.17834394904458598,-0.2643023619453138,0.7293366819292475,4.0,0.0,0.043413406106233364,-0.012761833565292542,-0.8039955146134301
all,meanrev,1.5,6.0,721,"{""family"": ""meanrev"", ""min_ddv"": 5000000.0, ""min_price"": 5.0, ""regime"": ""spy200"", ""trend"": true, ""mom_min"": 0.15, ""rsi2_max"": 100.0, ""rsi14_max"": 100.0, ""ret21_max"": 1.0, ""dist_ema20_max"": 0.0, ""dist_ema50_min"": -1.0, ""dist_hh60_min"": -0.1, ""atr_ratio_max"": 10.0, ""vol_ratio_min"": 0.0, ""atr_pct_min"": 0.0, ""atr_pct_max"": 1.0, ""up_close"": true, ""strong_close"": false}",321,45.821274931560424,0.2866043613707165,0.8773852542058307,2.062893354891061,23.0,0.0,0.038591350863589745,0.028756472068707246,0.31507091136148807,157,39.223134839151264,0.16560509554140126,-0.003965250317785061,0.9959972950587703,4.0,0.0,0.043413406106233364,-0.00097128563769895,-0.06119099517503385
all,meanrev,2.0,0.5,721,"{""family"": ""meanrev"", ""min_ddv"": 5000000.0, ""min_price"": 5.0, ""regime"": ""spy200"", ""trend"": true, ""mom_min"": 0.15, ""rsi2_max"": 100.0, ""rsi14_max"": 100.0, ""ret21_max"": 1.0, ""dist_ema20_max"": 0.0, ""dist_ema50_min"": -1.0, ""dist_hh60_min"": -0.1, ""atr_ratio_max"": 10.0, ""vol_ratio_min"": 0.0, ""atr_pct_min"": 0.0, ""atr_pct_max"": 1.0, ""up_close"": true, ""strong_close"": false}",321,45.821274931560424,0.7445482866043613,0.05721363087592923,1.2024937357622587,3.0,0.0,0.05145513448478647,0.003101968375131675,0.2605653435110607,157,39.223134839151264,0.5159235668789809,-0.33931520420998784,0.4213638809606134,3.0,0.0,0.05788454147497782,-0.02080374530064534,-1.7475146052542085
all,meanrev,2.0,1.0,721,"{""family"": ""meanrev"", ""min_ddv"": 5000000.0, ""min_price"": 5.0, ""regime"": ""spy200"", ""trend"": true, ""mom_min"": 0.15, ""rsi2_max"": 100.0, ""rsi14_max"": 100.0, ""ret21_max"": 1.0, ""dist_ema20_max"": 0.0, ""dist_ema50_min"": -1.0, ""dist_hh60_min"": -0.1, ""atr_ratio_max"": 10.0, ""vol_ratio_min"": 0.0, ""atr_pct_min"": 0.0, ""atr_pct_max"": 1.0, ""up_close"": true, ""strong_close"": false}",321,45.821274931560424,0.6417445482866043,0.21940736241794695,1.55642345707702,5.0,0.0,0.05145513448478647,0.011103426857603417,0.5596127136232122,157,39.223134839151264,0.39490445859872614,-0.3324737350797527,0.5373965287174851,5.0,0.0,0.05788454147497782,-0.020820790398489858,-1.049367836083889
all,meanrev,2.0,2.0,721,"{""family"": ""meanrev"", ""min_ddv"": 5000000.0, ""min_price"": 5.0, ""regime"": ""spy200"", ""trend"": true, ""mom_min"": 0.15, ""rsi2_max"": 100.0, ""rsi14_max"": 100.0, ""ret21_max"": 1.0, ""dist_ema20_max"": 0.0, ""dist_ema50_min"": -1.0, ""dist_hh60_min"": -0.1, ""atr_ratio_max"": 10.0, ""vol_ratio_min"": 0.0, ""atr_pct_min"": 0.0, ""atr_pct_max"": 1.0, ""up_close"": true, ""strong_close"": false}",321,45.821274931560424,0.5482866043613707,0.5759937604378537,2.1624328719033077,13.0,0.0,0.05145513448478647,0.026982685423352946,0.5230489789757647,157,39.223134839151264,0.2929936305732484,-0.24871168689325776,0.6998043994547787,6.0,0.0,0.05788454147497782,-0.016170869148347894,-0.6791765042306115
all,meanrev,2.0,3.0,721,"{""family"": ""meanrev"", ""min_ddv"": 5000000.0, ""min_price"": 5.0, ""regime"": ""spy200"", ""trend"": true, ""mom_min"": 0.15, ""rsi2_max"": 100.0, ""rsi14_max"": 100.0, ""ret21_max"": 1.0, ""dist_ema20_max"": 0.0, ""dist_ema50_min"": -1.0, ""dist_hh60_min"": -0.1, ""atr_ratio_max"": 10.0, ""vol_ratio_min"": 0.0, ""atr_pct_min"": 0.0, ""atr_pct_max"": 1.0, ""up_close"": true, ""strong_close"": false}",321,45.821274931560424,0.4454828660436137,0.6932949386935571,2.1116002509010934,27.0,0.0,0.05145513448478647,0.03438272510298409,0.3209054342945181,157,39.223134839151264,0.267515923566879,-0.05698544747425244,0.9334988265721748,6.0,0.0,0.05788454147497782,-0.004652718576737534,-0.1954141802229764
all,meanrev,2.0,4.0,721,"{""family"": ""meanrev"", ""min_ddv"": 5000000.0, ""min_price"": 5.0, ""regime"": ""spy200"", ""trend"": true, ""mom_min"": 0.15, ""rsi2_max"": 100.0, ""rsi14_max"": 100.0, ""ret21_max"": 1.0, ""dist_ema20_max"": 0.0, ""dist_ema50_min"": -1.0, ""dist_hh60_min"": -0.1, ""atr_ratio_max"": 10.0, ""vol_ratio_min"": 0.0, ""atr_pct_min"": 0.0, ""atr_pct_max"": 1.0, ""up_close"": true, ""strong_close"": false}",321,45.821274931560424,0.3956386292834891,0.8849414216160657,2.302822665923745,34.0,0.0,0.05145513448478647,0.04141049455139439,0.30692484196915837,157,39.223134839151264,0.2611464968152866,0.1725473921222452,1.1993501049472433,7.0,0.0,0.05788454147497782,0.008504037053330023,0.30614533391988086
all,meanrev,2.0,6.0,721,"{""family"": ""meanrev"", ""min_ddv"": 5000000.0, ""min_price"": 5.0, ""regime"": ""spy200"", ""trend"": true, ""mom_min"": 0.15, ""rsi2_max"": 100.0, ""rsi14_max"": 100.0, ""ret21_max"": 1.0, ""dist_ema20_max"": 0.0, ""dist_ema50_min"": -1.0, ""dist_hh60_min"": -0.1, ""atr_ratio_max"": 10.0, ""vol_ratio_min"": 0.0, ""atr_pct_min"": 0.0, ""atr_pct_max"": 1.0, ""up_close"": true, ""strong_close"": false}",321,45.821274931560424,0.3613707165109034,1.4337901723590933,2.9994989239525642,44.0,0.0,0.05145513448478647,0.06678652127010028,0.3825046218196652,157,39.223134839151264,0.21656050955414013,0.3773924037858946,1.4117874163302118,7.0,0.0,0.05788454147497782,0.021285915986123224,0.7662929755004361
all,meanrev,3.0,0.5,721,"{""family"": ""meanrev"", ""min_ddv"": 5000000.0, ""min_price"": 5.0, ""regime"": ""spy200"", ""trend"": true, ""mom_min"": 0.15, ""rsi2_max"": 100.0, ""rsi14_max"": 100.0, ""ret21_max"": 1.0, ""dist_ema20_max"": 0.0, ""dist_ema50_min"": -1.0, ""dist_hh60_min"": -0.1, ""atr_ratio_max"": 10.0, ""vol_ratio_min"": 0.0, ""atr_pct_min"": 0.0, ""atr_pct_max"": 1.0, ""up_close"": true, ""strong_close"": false}",321,45.821274931560424,0.7819314641744548,0.13696421360452296,1.5899800806409914,5.0,0.0,0.0771827017271796,0.010144290782820796,0.5112722554541682,157,39.223134839151264,0.5923566878980892,-0.1552004493153278,0.6484467495515575,5.0,0.0,0.08682681221246673,-0.015908731460570365,-0.8018000656127464
all,meanrev,3.0,1.0,721,"{""family"": ""meanrev"", ""min_ddv"": 5000000.0, ""min_price"": 5.0, ""regime"": ""spy200"", ""trend"": true, ""mom_min"": 0.15, ""rsi2_max"": 100.0, ""rsi14_max"": 100.0, ""ret21_max"": 1.0, ""dist_ema20_max"": 0.0, ""dist_ema50_min"": -1.0, ""dist_hh60_min"": -0.1, ""atr_ratio_max"": 10.0, ""vol_ratio_min"": 0.0, ""atr_pct_min"": 0.0, ""atr_pct_max"": 1.0, ""up_close"": true, ""strong_close"": false}",321,45.821274931560424,0.6947040498442367,0.348706957694798,2.0741862947579537,11.0,0.0,0.0771827017271796,0.024509549977279634,0.5614915085704062,157,39.223134839151264,0.46496815286624205,-0.11703974439657377,0.7970654359586863,8.0,0.0,0.08682681221246673,-0.014501416524634034,-0.4567946205259721
all,meanrev,3.0,2.0,721,"{""family"": ""meanrev"", ""min_ddv"": 5000000.0, ""min_price"": 5.0, ""regime"": ""spy200"", ""trend"": true, ""mom_min"": 0.15, ""rsi2_max"": 100.0, ""rsi14_max"": 100.0, ""ret21_max"": 1.0, ""dist_ema20_max"": 0.0, ""dist_ema50_min"": -1.0, ""dist_hh60_min"": -0.1, ""atr_ratio_max"": 10.0, ""vol_ratio_min"": 0.0, ""atr_pct_min"": 0.0, ""atr_pct_max"": 1.0, ""up_close"": true, ""strong_close"": false}",321,45.821274931560424,0.557632398753894,0.6171296053508581,2.2812436772175704,35.0,0.0,0.0771827017271796,0.0456957406412213,0.3290093326167933,157,39.223134839151264,0.3885350318471338,0.11702074184581263,1.178249364032792,15.0,0.0,0.08682681221246673,0.006492572382345324,0.10907521602340144
all,meanrev,3.0,3.0,721,"{""family"": ""meanrev"", ""min_ddv"": 5000000.0, ""min_price"": 5.0, ""regime"": ""spy200"", ""trend"": true, ""mom_min"": 0.15, ""rsi2_max"": 100.0, ""rsi14_max"": 100.0, ""ret21_max"": 1.0, ""dist_ema20_max"": 0.0, ""dist_ema50_min"": -1.0, ""dist_hh60_min"": -0.1, ""atr_ratio_max"": 10.0, ""vol_ratio_min"": 0.0, ""atr_pct_min"": 0.0, ""atr_pct_max"": 1.0, ""up_close"": true, ""strong_close"": false}",321,45.821274931560424,0.49221183800623053,0.9061710365655032,2.630293828184847,53.0,0.0,0.0771827017271796,0.06361524183999938,0.3024724706354688,157,39.223134839151264,0.35668789808917195,0.3731372730256372,1.5406708481788016,18.0,0.0,0.08682681221246673,0.02831826985638208,0.39645577798934917
all,meanrev,3.0,4.0,721,"{""family"": ""meanrev"", ""min_ddv"": 5000000.0, ""min_price"": 5.0, ""regime"": ""spy200"", ""trend"": true, ""mom_min"": 0.15, ""rsi2_max"": 100.0, ""rsi14_max"": 100.0, ""ret21_max"": 1.0, ""dist_ema20_max"": 0.0, ""dist_ema50_min"": -1.0, ""dist_hh60_min"": -0.1, ""atr_ratio_max"": 10.0, ""vol_ratio_min"": 0.0, ""atr_pct_min"": 0.0, ""atr_pct_max"": 1.0, ""up_close"": true, ""strong_close"": false}",321,45.821274931560424,0.4672897196261682,1.271246957500738,3.179996897130374,71.0,0.0,0.0771827017271796,0.09073568943769172,0.3220477991309622,157,39.223134839151264,0.3057324840764331,0.46246624589889546,1.6122243159901224,18.0,0.0,0.08682681221246673,0.03541892284837862,0.49586491987730075
all,meanrev,3.0,6.0,721,"{""family"": ""meanrev"", ""min_ddv"": 5000000.0, ""min_price"": 5.0, ""regime"": ""spy200"", ""trend"": true, ""mom_min"": 0.15, ""rsi2_max"": 100.0, ""rsi14_max"": 100.0, ""ret21_max"": 1.0, ""dist_ema20_max"": 0.0, ""dist_ema50_min"": -1.0, ""dist_hh60_min"": -0.1, ""atr_ratio_max"": 10.0, ""vol_ratio_min"": 0.0, ""atr_pct_min"": 0.0, ""atr_pct_max"": 1.0, ""up_close"": true, ""strong_close"": false}",321,45.821274931560424,0.4454828660436137,2.027511430702467,4.315959315188798,90.0,0.009345794392523364,0.0771827017271796,0.14442132193716004,0.40437970142404805,157,39.223134839151264,0.20382165605095542,0.34396374035255756,1.3927340163743973,18.0,0.0,0.08682681221246673,0.01986704580595918,0.2781386412834286
