tier,family,sl_atr,rr,signals,rule,train_n,train_per_year,train_win,train_avg_r,train_pf,train_bars,train_unres,train_risk_pct,train_pct_per_trade,train_ann_est,valid_n,valid_per_year,valid_win,valid_avg_r,valid_pf,valid_bars,valid_unres,valid_risk_pct,valid_pct_per_trade,valid_ann_est
t1_calm,pullback,1.0,0.5,50403,"{""family"": ""pullback"", ""min_ddv"": 10000000.0, ""min_price"": 5.0, ""regime"": ""spy200"", ""trend"": true, ""mom_min"": 0.0, ""rsi2_max"": 100.0, ""rsi14_max"": 100.0, ""ret21_max"": 1.0, ""dist_ema20_max"": 1.0, ""dist_ema50_min"": -1.0, ""dist_hh60_min"": -1.0, ""atr_ratio_max"": 10.0, ""vol_ratio_min"": 0.0, ""atr_pct_min"": 0.0, ""atr_pct_max"": 0.02, ""up_close"": true, ""strong_close"": true}",30658,4376.2886194759485,0.6671341900972014,-0.20805018427148103,0.5271122791186713,2.0,0.0,0.016249986081736847,-0.0031908563719294744,-0.40204790286311376,8747,2185.2532511978097,0.6373613810449297,-0.24236712154801154,0.48562162950566,2.0,0.0,0.0170868171639117,-0.003955455701673814,-0.4983874184109005
t1_calm,pullback,1.0,1.0,50403,"{""family"": ""pullback"", ""min_ddv"": 10000000.0, ""min_price"": 5.0, ""regime"": ""spy200"", ""trend"": true, ""mom_min"": 0.0, ""rsi2_max"": 100.0, ""rsi14_max"": 100.0, ""ret21_max"": 1.0, ""dist_ema20_max"": 1.0, ""dist_ema50_min"": -1.0, ""dist_hh60_min"": -1.0, ""atr_ratio_max"": 10.0, ""vol_ratio_min"": 0.0, ""atr_pct_min"": 0.0, ""atr_pct_max"": 0.02, ""up_close"": true, ""strong_close"": true}",30658,4376.2886194759485,0.5320307913105877,-0.16641610178558852,0.7325781752192694,3.0,0.0,0.016249986081736847,-0.0025152962732087007,-0.21128488694953085,8747,2185.2532511978097,0.4889676460500743,-0.24815949238425916,0.6308163362828828,3.0,0.0,0.0170868171639117,-0.004040014766506158,-0.3393612403865172
t1_calm,pullback,1.0,2.0,50403,"{""family"": ""pullback"", ""min_ddv"": 10000000.0, ""min_price"": 5.0, ""regime"": ""spy200"", ""trend"": true, ""mom_min"": 0.0, ""rsi2_max"": 100.0, ""rsi14_max"": 100.0, ""ret21_max"": 1.0, ""dist_ema20_max"": 1.0, ""dist_ema50_min"": -1.0, ""dist_hh60_min"": -1.0, ""atr_ratio_max"": 10.0, ""vol_ratio_min"": 0.0, ""atr_pct_min"": 0.0, ""atr_pct_max"": 0.02, ""up_close"": true, ""strong_close"": true}",30658,4376.2886194759485,0.3842390240720204,-0.10916467458375506,0.8677618423059094,4.0,0.0,0.016249986081736847,-0.0015783640054563225,-0.09943693234374831,8747,2185.2532511978097,0.3444609580427575,-0.22421552690074212,0.7426996185922377,4.0,0.0,0.0170868171639117,-0.003637851708561055,-0.22918465763934645
t1_calm,pullback,1.0,3.0,50403,"{""family"": ""pullback"", ""min_ddv"": 10000000.0, ""min_price"": 5.0, ""regime"": ""spy200"", ""trend"": true, ""mom_min"": 0.0, ""rsi2_max"": 100.0, ""rsi14_max"": 100.0, ""ret21_max"": 1.0, ""dist_ema20_max"": 1.0, ""dist_ema50_min"": -1.0, ""dist_hh60_min"": -1.0, ""atr_ratio_max"": 10.0, ""vol_ratio_min"": 0.0, ""atr_pct_min"": 0.0, ""atr_pct_max"": 0.02, ""up_close"": true, ""strong_close"": true}",30658,4376.2886194759485,0.3058581773109792,-0.05492396066760619,0.9411672077650042,6.0,0.0,0.016249986081736847,-0.0007133650048226028,-0.02996133020254932,8747,2185.2532511978097,0.2708357151023208,-0.19206122178216803,0.8024431166472444,5.0,0.0,0.0170868171639117,-0.003115597474445523,-0.15702611271205436
t1_calm,pullback,1.0,4.0,50403,"{""family"": ""pullback"", ""min_ddv"": 10000000.0, ""min_price"": 5.0, ""regime"": ""spy200"", ""trend"": true, ""mom_min"": 0.0, ""rsi2_max"": 100.0, ""rsi14_max"": 100.0, ""ret21_max"": 1.0, ""dist_ema20_max"": 1.0, ""dist_ema50_min"": -1.0, ""dist_hh60_min"": -1.0, ""atr_ratio_max"": 10.0, ""vol_ratio_min"": 0.0, ""atr_pct_min"": 0.0, ""atr_pct_max"": 0.02, ""up_close"": true, ""strong_close"": true}",30658,4376.2886194759485,0.2585948202752952,0.0038248628846018966,1.0038263590832248,6.0,0.0,0.016249986081736847,0.00022444214050591746,0.009426569901248533,8747,2185.2532511978097,0.22853549788498914,-0.14286970166616791,0.861136182818173,6.0,0.0,0.0170868171639117,-0.002331687447287227,-0.09793087278606354
t1_calm,pullback,1.0,6.0,50403,"{""family"": ""pullback"", ""min_ddv"": 10000000.0, ""min_price"": 5.0, ""regime"": ""spy200"", ""trend"": true, ""mom_min"": 0.0, ""rsi2_max"": 100.0, ""rsi14_max"": 100.0, ""ret21_max"": 1.0, ""dist_ema20_max"": 1.0, ""dist_ema50_min"": -1.0, ""dist_hh60_min"": -1.0, ""atr_ratio_max"": 10.0, ""vol_ratio_min"": 0.0, ""atr_pct_min"": 0.0, ""atr_pct_max"": 0.02, ""up_close"": true, ""strong_close"": true}",30653,4375.574892452092,0.2046455485596842,0.1288805145730096,1.1197331612799712,7.0,0.0,0.016249058293179287,0.0022052299335145503,0.07938827760652381,8747,2185.2532511978097,0.18017606036355321,-0.036566258785010096,0.9666532246732816,6.0,0.0,0.0170868171639117,-0.0006428736010090321,-0.02700069124237935
t1_calm,pullback,1.5,0.5,50403,"{""family"": ""pullback"", ""min_ddv"": 10000000.0, ""min_price"": 5.0, ""regime"": ""spy200"", ""trend"": true, ""mom_min"": 0.0, ""rsi2_max"": 100.0, ""rsi14_max"": 100.0, ""ret21_max"": 1.0, ""dist_ema20_max"": 1.0, ""dist_ema50_min"": -1.0, ""dist_hh60_min"": -1.0, ""atr_ratio_max"": 10.0, ""vol_ratio_min"": 0.0, ""atr_pct_min"": 0.0, ""atr_pct_max"": 0.02, ""up_close"": true, ""strong_close"": true}",30659,4376.431364880719,0.6907922632832121,-0.10211149755008062,0.731441601340409,3.0,0.0,0.024374917689800265,-0.002289417788833568,-0.19231109426201973,8761,2188.750855578371,0.6556329186165962,-0.15433987846285965,0.6348049159453615,3.0,0.0,0.025626063106452966,-0.0037186375141061547,-0.312365551184917
t1_calm,pullback,1.5,1.0,50403,"{""family"": ""pullback"", ""min_ddv"": 10000000.0, ""min_price"": 5.0, ""regime"": ""spy200"", ""trend"": true, ""mom_min"": 0.0, ""rsi2_max"": 100.0, ""rsi14_max"": 100.0, ""ret21_max"": 1.0, ""dist_ema20_max"": 1.0, ""dist_ema50_min"": -1.0, ""dist_hh60_min"": -1.0, ""atr_ratio_max"": 10.0, ""vol_ratio_min"": 0.0, ""atr_pct_min"": 0.0, ""atr_pct_max"": 0.02, ""up_close"": true, ""strong_close"": true}",30659,4376.431364880719,0.5483218630744643,-0.06035352751378737,0.891886507660264,5.0,0.0,0.024374917689800265,-0.001254744117410653,-0.06323910351749691,8761,2188.750855578371,0.5140965643191416,-0.1305783482776055,0.7826997429217193,5.0,0.0,0.025626063106452966,-0.0031171681786597936,-0.1571052762044536
t1_calm,pullback,1.5,2.0,50403,"{""family"": ""pullback"", ""min_ddv"": 10000000.0, ""min_price"": 5.0, ""regime"": ""spy200"", ""trend"": true, ""mom_min"": 0.0, ""rsi2_max"": 100.0, ""rsi14_max"": 100.0, ""ret21_max"": 1.0, ""dist_ema20_max"": 1.0, ""dist_ema50_min"": -1.0, ""dist_hh60_min"": -1.0, ""atr_ratio_max"": 10.0, ""vol_ratio_min"": 0.0, ""atr_pct_min"": 0.0, ""atr_pct_max"": 0.02, ""up_close"": true, ""strong_close"": true}",30659,4376.431364880719,0.3960664079063244,0.008373855039106865,1.0111647838280022,8.0,0.0,0.024374917689800265,0.000403977324697461,0.012725285727970022,8761,2188.750855578371,0.3674238100673439,-0.08126891422375533,0.8967118653043421,8.0,0.0,0.025626063106452966,-0.0018852342789420409,-0.05938487978667429
t1_calm,pullback,1.5,3.0,50403,"{""family"": ""pullback"", ""min_ddv"": 10000000.0, ""min_price"": 5.0, ""regime"": ""spy200"", ""trend"": true, ""mom_min"": 0.0, ""rsi2_max"": 100.0, ""rsi14_max"": 100.0, ""ret21_max"": 1.0, ""dist_ema20_max"": 1.0, ""dist_ema50_min"": -1.0, ""dist_hh60_min"": -1.0, ""atr_ratio_max"": 10.0, ""vol_ratio_min"": 0.0, ""atr_pct_min"": 0.0, ""atr_pct_max"": 0.02, ""up_close"": true, ""strong_close"": true}",30658,4376.2886194759485,0.32138430425989956,0.09282362803789605,1.10972740986444,11.0,0.0,0.02437425256478456,0.0024298719098342692,0.05566615647983963,8761,2188.750855578371,0.29791119735190047,-0.004718250742358496,0.9946025989620262,10.0,0.0,0.025626063106452966,-7.348282109392901e-05,-0.0018517670915670112
t1_calm,pullback,1.5,4.0,50403,"{""family"": ""pullback"", ""min_ddv"": 10000000.0, ""min_price"": 5.0, ""regime"": ""spy200"", ""trend"": true, ""mom_min"": 0.0, ""rsi2_max"": 100.0, ""rsi14_max"": 100.0, ""ret21_max"": 1.0, ""dist_ema20_max"": 1.0, ""dist_ema50_min"": -1.0, ""dist_hh60_min"": -1.0, ""atr_ratio_max"": 10.0, ""vol_ratio_min"": 0.0, ""atr_pct_min"": 0.0, ""atr_pct_max"": 0.02, ""up_close"": true, ""strong_close"": true}",30647,4374.718420023465,0.27640552093190196,0.17985122724870026,1.1987267649538225,13.0,0.0,0.024372585510452544,0.004479730524781298,0.0868378532496067,8761,2188.750855578371,0.2545371532930031,0.06890199549631446,1.074163408798237,11.0,0.0,0.025626063106452966,0.0016995575183929626,0.03893531769409333
t1_calm,pullback,1.5,6.0,50403,"{""family"": ""pullback"", ""min_ddv"": 10000000.0, ""min_price"": 5.0, ""regime"": ""spy200"", ""trend"": true, ""mom_min"": 0.0, ""rsi2_max"": 100.0, ""rsi14_max"": 100.0, ""ret21_max"": 1.0, ""dist_ema20_max"": 1.0, ""dist_ema50_min"": -1.0, ""dist_hh60_min"": -1.0, ""atr_ratio_max"": 10.0, ""vol_ratio_min"": 0.0, ""atr_pct_min"": 0.0, ""atr_pct_max"": 0.02, ""up_close"": true, ""strong_close"": true}",30593,4367.010168165819,0.22292681332330924,0.3429369556377623,1.3507621733006023,14.0,0.0,0.024374917689800265,0.008400451448750403,0.15120812607750725,8761,2188.750855578371,0.1917589316288095,0.12310951968665806,1.1216931838444864,12.0,0.0,0.025626063106452966,0.0030730482439378904,0.0645340131226957
t1_calm,pullback,2.0,0.5,50403,"{""family"": ""pullback"", ""min_ddv"": 10000000.0, ""min_price"": 5.0, ""regime"": ""spy200"", ""trend"": true, ""mom_min"": 0.0, ""rsi2_max"": 100.0, ""rsi14_max"": 100.0, ""ret21_max"": 1.0, ""dist_ema20_max"": 1.0, ""dist_ema50_min"": -1.0, ""dist_hh60_min"": -1.0, ""atr_ratio_max"": 10.0, ""vol_ratio_min"": 0.0, ""atr_pct_min"": 0.0, ""atr_pct_max"": 0.02, ""up_close"": true, ""strong_close"": true}",30659,4376.431364880719,0.7043608728269024,-0.04741233413783574,0.8645151130083399,4.0,0.0,0.032499890253067015,-0.001348266231893618,-0.08494077260929793,8763,2189.2505133470227,0.6651831564532694,-0.1063435932870142,0.7309423082005104,4.0,0.0,0.034168051553870635,-0.0034042361444420743,-0.21446687709985068
t1_calm,pullback,2.0,1.0,50403,"{""family"": ""pullback"", ""min_ddv"": 10000000.0, ""min_price"": 5.0, ""regime"": ""spy200"", ""trend"": true, ""mom_min"": 0.0, ""rsi2_max"": 100.0, ""rsi14_max"": 100.0, ""ret21_max"": 1.0, ""dist_ema20_max"": 1.0, ""dist_ema50_min"": -1.0, ""dist_hh60_min"": -1.0, ""atr_ratio_max"": 10.0, ""vol_ratio_min"": 0.0, ""atr_pct_min"": 0.0, ""atr_pct_max"": 0.02, ""up_close"": true, ""strong_close"": true}",30659,4376.431364880719,0.5598682279265469,-0.001337735804541426,0.9974449929317348,7.0,0.0,0.032499890253067015,0.00019671580193253747,0.0070817688695713485,8763,2189.2505133470227,0.5285861006504622,-0.06292463512594178,0.8874653986113155,7.0,0.0,0.034168051553870635,-0.0019279176461395652,-0.06940503526102434
t1_calm,pullback,2.0,2.0,50403,"{""family"": ""pullback"", ""min_ddv"": 10000000.0, ""min_price"": 5.0, ""regime"": ""spy200"", ""trend"": true, ""mom_min"": 0.0, ""rsi2_max"": 100.0, ""rsi14_max"": 100.0, ""ret21_max"": 1.0, ""dist_ema20_max"": 1.0, ""dist_ema50_min"": -1.0, ""dist_hh60_min"": -1.0, ""atr_ratio_max"": 10.0, ""vol_ratio_min"": 0.0, ""atr_pct_min"": 0.0, ""atr_pct_max"": 0.02, ""up_close"": true, ""strong_close"": true}",30659,4376.431364880719,0.4163214716722659,0.11090046086202687,1.159092903393202,13.0,0.0,0.032499890253067015,0.0037987339528963624,0.07363699662537564,8763,2189.2505133470227,0.38867967591007646,0.02654821550044056,1.0365093538315273,13.0,0.0,0.034168051553870635,0.000945707086151513,0.018332168131552404
t1_calm,pullback,2.0,3.0,50403,"{""family"": ""pullback"", ""min_ddv"": 10000000.0, ""min_price"": 5.0, ""regime"": ""spy200"", ""trend"": true, ""mom_min"": 0.0, ""rsi2_max"": 100.0, ""rsi14_max"": 100.0, ""ret21_max"": 1.0, ""dist_ema20_max"": 1.0, ""dist_ema50_min"": -1.0, ""dist_hh60_min"": -1.0, ""atr_ratio_max"": 10.0, ""vol_ratio_min"": 0.0, ""atr_pct_min"": 0.0, ""atr_pct_max"": 0.02, ""up_close"": true, ""strong_close"": true}",30640,4373.719202190066,0.3426240208877285,0.22009717702849094,1.2790955523855267,18.0,0.0,0.03249675397066237,0.007243401542710705,0.10140762159794987,8763,2189.2505133470227,0.317471185667009,0.1221146120615485,1.1503985013077045,16.0,0.0,0.034168051553870635,0.004008747708255492,0.063137776405024
t1_calm,pullback,2.0,4.0,50403,"{""family"": ""pullback"", ""min_ddv"": 10000000.0, ""min_price"": 5.0, ""regime"": ""spy200"", ""trend"": true, ""mom_min"": 0.0, ""rsi2_max"": 100.0, ""rsi14_max"": 100.0, ""ret21_max"": 1.0, ""dist_ema20_max"": 1.0, ""dist_ema50_min"": -1.0, ""dist_hh60_min"": -1.0, ""atr_ratio_max"": 10.0, ""vol_ratio_min"": 0.0, ""atr_pct_min"": 0.0, ""atr_pct_max"": 0.02, ""up_close"": true, ""strong_close"": true}",30594,4367.1529135705905,0.29829378309472443,0.3310284826179289,1.3915880537337606,22.0,0.0,0.03249900341971272,0.010778556729150512,0.12346346798845133,8763,2189.2505133470227,0.26052721670660733,0.14310282588195664,1.1619788903776693,19.0,0.00011411617026132602,0.034168051553870635,0.00471738529498503,0.06256742601769617
t1_calm,pullback,2.0,6.0,50403,"{""family"": ""pullback"", ""min_ddv"": 10000000.0, ""min_price"": 5.0, ""regime"": ""spy200"", ""trend"": true, ""mom_min"": 0.0, ""rsi2_max"": 100.0, ""rsi14_max"": 100.0, ""ret21_max"": 1.0, ""dist_ema20_max"": 1.0, ""dist_ema50_min"": -1.0, ""dist_hh60_min"": -1.0, ""atr_ratio_max"": 10.0, ""vol_ratio_min"": 0.0, ""atr_pct_min"": 0.0, ""atr_pct_max"": 0.02, ""up_close"": true, ""strong_close"": true}",30470,4349.452483378959,0.25004922874958974,0.5820683692019095,1.6439996360526095,24.0,0.0002953724975385625,0.032505140883805364,0.019028124140970184,0.19979530348018693,8759,2188.2511978097195,0.16714236785021122,-0.011517622782805674,0.9885143511224659,20.0,0.0004566731362027629,0.034165991755501696,-0.0005692917940264061,-0.0071730766047327175
t1_calm,pullback,3.0,0.5,50403,"{""family"": ""pullback"", ""min_ddv"": 10000000.0, ""min_price"": 5.0, ""regime"": ""spy200"", ""trend"": true, ""mom_min"": 0.0, ""rsi2_max"": 100.0, ""rsi14_max"": 100.0, ""ret21_max"": 1.0, ""dist_ema20_max"": 1.0, ""dist_ema50_min"": -1.0, ""dist_hh60_min"": -1.0, ""atr_ratio_max"": 10.0, ""vol_ratio_min"": 0.0, ""atr_pct_min"": 0.0, ""atr_pct_max"": 0.02, ""up_close"": true, ""strong_close"": true}",30659,4376.431364880719,0.7191363058155843,0.007799201120843221,1.0244211769631,7.0,0.0,0.04874983537960064,0.0006600489471183292,0.02376176209625985,8763,2189.2505133470227,0.6862946479516148,-0.04008408532509303,0.8869912639338328,7.0,0.0,0.05125207733080585,-0.0017653995805385306,-0.0635543848993871
t1_calm,pullback,3.0,1.0,50403,"{""family"": ""pullback"", ""min_ddv"": 10000000.0, ""min_price"": 5.0, ""regime"": ""spy200"", ""trend"": true, ""mom_min"": 0.0, ""rsi2_max"": 100.0, ""rsi14_max"": 100.0, ""ret21_max"": 1.0, ""dist_ema20_max"": 1.0, ""dist_ema50_min"": -1.0, ""dist_hh60_min"": -1.0, ""atr_ratio_max"": 10.0, ""vol_ratio_min"": 0.0, ""atr_pct_min"": 0.0, ""atr_pct_max"": 0.02, ""up_close"": true, ""strong_close"": true}",30659,4376.431364880719,0.5832545092794937,0.0842605426404299,1.1775287742556813,14.0,0.0,0.04874983537960064,0.004324409942692635,0.07783937896846745,8763,2189.2505133470227,0.552322264064818,0.023154979753725186,1.04571861918359,15.0,0.0,0.05125207733080585,0.0014013793888108968,0.023543173732023068
t1_calm,pullback,3.0,2.0,50403,"{""family"": ""pullback"", ""min_ddv"": 10000000.0, ""min_price"": 5.0, ""regime"": ""spy200"", ""trend"": true, ""mom_min"": 0.0, ""rsi2_max"": 100.0, ""rsi14_max"": 100.0, ""ret21_max"": 1.0, ""dist_ema20_max"": 1.0, ""dist_ema50_min"": -1.0, ""dist_hh60_min"": -1.0, ""atr_ratio_max"": 10.0, ""vol_ratio_min"": 0.0, ""atr_pct_min"": 0.0, ""atr_pct_max"": 0.02, ""up_close"": true, ""strong_close"": true}",30623,4371.292530308956,0.4478659830846096,0.2469252747496221,1.3908762542669844,28.0,0.0,0.048740315653651514,0.012121327697409067,0.10909194927668162,8763,2189.2505133470227,0.41389934953782953,0.15038792796996028,1.2269994659160712,26.0,0.0,0.05125207733080585,0.007575889611879945,0.07342785316129793
t1_calm,pullback,3.0,3.0,50403,"{""family"": ""pullback"", ""min_ddv"": 10000000.0, ""min_price"": 5.0, ""regime"": ""spy200"", ""trend"": true, ""mom_min"": 0.0, ""rsi2_max"": 100.0, ""rsi14_max"": 100.0, ""ret21_max"": 1.0, ""dist_ema20_max"": 1.0, ""dist_ema50_min"": -1.0, ""dist_hh60_min"": -1.0, ""atr_ratio_max"": 10.0, ""vol_ratio_min"": 0.0, ""atr_pct_min"": 0.0, ""atr_pct_max"": 0.02, ""up_close"": true, ""strong_close"": true}",30484,4351.450919045757,0.3796417792940559,0.41329053349031963,1.5810275978148942,39.0,3.2804093950925076e-05,0.048746282753772206,0.020138125349477943,0.1301232714889344,8763,2189.2505133470227,0.31347711970786263,0.14771607394307246,1.1892488861055388,35.0,0.00022823234052265205,0.05125207733080585,0.007349623145214303,0.05291728664554298
t1_calm,pullback,3.0,4.0,50403,"{""family"": ""pullback"", ""min_ddv"": 10000000.0, ""min_price"": 5.0, ""regime"": ""spy200"", ""trend"": true, ""mom_min"": 0.0, ""rsi2_max"": 100.0, ""rsi14_max"": 100.0, ""ret21_max"": 1.0, ""dist_ema20_max"": 1.0, ""dist_ema50_min"": -1.0, ""dist_hh60_min"": -1.0, ""atr_ratio_max"": 10.0, ""vol_ratio_min"": 0.0, ""atr_pct_min"": 0.0, ""atr_pct_max"": 0.02, ""up_close"": true, ""strong_close"": true}",30331,4329.610872115761,0.3438066664468695,0.6096649004389645,1.8109648300339058,47.0,0.0006593913817546404,0.04874717487953771,0.02981481672348221,0.15985816626207483,8755,2187.251882272416,0.22272986864648772,-0.011151609405938769,0.9874994273309156,41.0,0.0004568817818389492,0.05124686421303818,-0.0006622131535304003,-0.004070188163162461
t1_calm,pullback,3.0,6.0,50403,"{""family"": ""pullback"", ""min_ddv"": 10000000.0, ""min_price"": 5.0, ""regime"": ""spy200"", ""trend"": true, ""mom_min"": 0.0, ""rsi2_max"": 100.0, ""rsi14_max"": 100.0, ""ret21_max"": 1.0, ""dist_ema20_max"": 1.0, ""dist_ema50_min"": -1.0, ""dist_hh60_min"": -1.0, ""atr_ratio_max"": 10.0, ""vol_ratio_min"": 0.0, ""atr_pct_min"": 0.0, ""atr_pct_max"": 0.02, ""up_close"": true, ""strong_close"": true}",29988,4280.649198279233,0.299953314659197,0.9471702258281377,2.1812709558139782,53.0,0.013738828864879284,0.048731403094440316,0.04610241861523875,0.21920395266113518,8696,2172.5119780971936,0.11292548298068077,-0.3563973823600058,0.6530355863833947,43.0,0.0008049678012879485,0.05123366822411031,-0.017755015974990965,-0.10405265176041216
t1_calm,pullback,1.0,0.5,20950,"{""family"": ""pullback"", ""min_ddv"": 10000000.0, ""min_price"": 5.0, ""regime"": ""spy200"", ""trend"": true, ""mom_min"": 0.15, ""rsi2_max"": 100.0, ""rsi14_max"": 100.0, ""ret21_max"": 1.0, ""dist_ema20_max"": 1.0, ""dist_ema50_min"": -1.0, ""dist_hh60_min"": -1.0, ""atr_ratio_max"": 10.0, ""vol_ratio_min"": 0.0, ""atr_pct_min"": 0.0, ""atr_pct_max"": 0.02, ""up_close"": true, ""strong_close"": false}",11604,1656.4176769651936,0.659944846604619,-0.21560801885166864,0.5197790306969774,2.0,0.0,0.016933381547577453,-0.0034794702919342187,-0.43841325678371157,3992,997.3169062286105,0.6232464929859719,-0.2584328766995508,0.47100849633074793,2.0,0.0,0.017392976046790694,-0.004277238728460041,-0.5389320797859651
t1_calm,pullback,1.0,1.0,20950,"{""family"": ""pullback"", ""min_ddv"": 10000000.0, ""min_price"": 5.0, ""regime"": ""spy200"", ""trend"": true, ""mom_min"": 0.15, ""rsi2_max"": 100.0, ""rsi14_max"": 100.0, ""ret21_max"": 1.0, ""dist_ema20_max"": 1.0, ""dist_ema50_min"": -1.0, ""dist_hh60_min"": -1.0, ""atr_ratio_max"": 10.0, ""vol_ratio_min"": 0.0, ""atr_pct_min"": 0.0, ""atr_pct_max"": 0.02, ""up_close"": true, ""strong_close"": false}",11604,1656.4176769651936,0.5269734574284729,-0.17335569265377057,0.7248243797344536,3.0,0.0,0.016933381547577453,-0.0027671547134846806,-0.23244099593271317,3992,997.3169062286105,0.46718436873747493,-0.288855049342343,0.5872727994818411,2.0,0.0,0.017392976046790694,-0.004780993191851812,-0.6024051421733283
t1_calm,pullback,1.0,2.0,20950,"{""family"": ""pullback"", ""min_ddv"": 10000000.0, ""min_price"": 5.0, ""regime"": ""spy200"", ""trend"": true, ""mom_min"": 0.15, ""rsi2_max"": 100.0, ""rsi14_max"": 100.0, ""ret21_max"": 1.0, ""dist_ema20_max"": 1.0, ""dist_ema50_min"": -1.0, ""dist_hh60_min"": -1.0, ""atr_ratio_max"": 10.0, ""vol_ratio_min"": 0.0, ""atr_pct_min"": 0.0, ""atr_pct_max"": 0.02, ""up_close"": true, ""strong_close"": false}",11604,1656.4176769651936,0.37874870734229577,-0.12022463288175174,0.8554209026630842,4.0,0.0,0.016933381547577453,-0.0018874603418034411,-0.11891000153361679,3992,997.3169062286105,0.31788577154308617,-0.30159621528144454,0.6661040783924732,4.0,0.0,0.017392976046790694,-0.004966650206282799,-0.3128989629958164
t1_calm,pullback,1.0,3.0,20950,"{""family"": ""pullback"", ""min_ddv"": 10000000.0, ""min_price"": 5.0, ""regime"": ""spy200"", ""trend"": true, ""mom_min"": 0.15, ""rsi2_max"": 100.0, ""rsi14_max"": 100.0, ""ret21_max"": 1.0, ""dist_ema20_max"": 1.0, ""dist_ema50_min"": -1.0, ""dist_hh60_min"": -1.0, ""atr_ratio_max"": 10.0, ""vol_ratio_min"": 0.0, ""atr_pct_min"": 0.0, ""atr_pct_max"": 0.02, ""up_close"": true, ""strong_close"": false}",11604,1656.4176769651936,0.29653567735263703,-0.08559559349281244,0.909164346080231,5.0,0.0,0.016933381547577453,-0.0013407152187473984,-0.06757204702486888,3992,997.3169062286105,0.2439879759519038,-0.30212230019239217,0.7003087309308713,5.0,0.0,0.017392976046790694,-0.004941548112732653,-0.24905402488172568
t1_calm,pullback,1.0,4.0,20950,"{""family"": ""pullback"", ""min_ddv"": 10000000.0, ""min_price"": 5.0, ""regime"": ""spy200"", ""trend"": true, ""mom_min"": 0.15, ""rsi2_max"": 100.0, ""rsi14_max"": 100.0, ""ret21_max"": 1.0, ""dist_ema20_max"": 1.0, ""dist_ema50_min"": -1.0, ""dist_hh60_min"": -1.0, ""atr_ratio_max"": 10.0, ""vol_ratio_min"": 0.0, ""atr_pct_min"": 0.0, ""atr_pct_max"": 0.02, ""up_close"": true, ""strong_close"": false}",11604,1656.4176769651936,0.24724233023095485,-0.04672544871067233,0.9538047474192377,6.0,0.0,0.016933381547577453,-0.0006500537180689067,-0.02730225615889408,3992,997.3169062286105,0.20415831663326653,-0.2652408422693833,0.7498255115721085,5.0,0.0,0.017392976046790694,-0.00427654503060261,-0.21553786954237159
t1_calm,pullback,1.0,6.0,20950,"{""family"": ""pullback"", ""min_ddv"": 10000000.0, ""min_price"": 5.0, ""regime"": ""spy200"", ""trend"": true, ""mom_min"": 0.15, ""rsi2_max"": 100.0, ""rsi14_max"": 100.0, ""ret21_max"": 1.0, ""dist_ema20_max"": 1.0, ""dist_ema50_min"": -1.0, ""dist_hh60_min"": -1.0, ""atr_ratio_max"": 10.0, ""vol_ratio_min"": 0.0, ""atr_pct_min"": 0.0, ""atr_pct_max"": 0.02, ""up_close"": true, ""strong_close"": false}",11603,1656.2749315604224,0.19150219770748944,0.041529836182925835,1.0380247031435097,6.0,0.0,0.01693331098404107,0.0007831767242937381,0.032893422420337,3992,997.3169062286105,0.156563126252505,-0.2032432852505339,0.8198274212336947,5.0,0.0,0.017392976046790694,-0.003121211491933565,-0.15730905919345167
t1_calm,pullback,1.5,0.5,20950,"{""family"": ""pullback"", ""min_ddv"": 10000000.0, ""min_price"": 5.0, ""regime"": ""spy200"", ""trend"": true, ""mom_min"": 0.15, ""rsi2_max"": 100.0, ""rsi14_max"": 100.0, ""ret21_max"": 1.0, ""dist_ema20_max"": 1.0, ""dist_ema50_min"": -1.0, ""dist_hh60_min"": -1.0, ""atr_ratio_max"": 10.0, ""vol_ratio_min"": 0.0, ""atr_pct_min"": 0.0, ""atr_pct_max"": 0.02, ""up_close"": true, ""strong_close"": false}",11608,1656.9886585842785,0.6840110268780152,-0.10926570663219093,0.7189784569969763,3.0,0.0,0.025399909352348635,-0.0025910284010014677,-0.21764638568412328,3995,998.066392881588,0.6295369211514393,-0.1942275837509839,0.574460214595568,3.0,0.0,0.026088110334791487,-0.00478803658365784,-0.40219507302725854
t1_calm,pullback,1.5,1.0,20950,"{""family"": ""pullback"", ""min_ddv"": 10000000.0, ""min_price"": 5.0, ""regime"": ""spy200"", ""trend"": true, ""mom_min"": 0.15, ""rsi2_max"": 100.0, ""rsi14_max"": 100.0, ""ret21_max"": 1.0, ""dist_ema20_max"": 1.0, ""dist_ema50_min"": -1.0, ""dist_hh60_min"": -1.0, ""atr_ratio_max"": 10.0, ""vol_ratio_min"": 0.0, ""atr_pct_min"": 0.0, ""atr_pct_max"": 0.02, ""up_close"": true, ""strong_close"": false}",11608,1656.9886585842785,0.5414369400413508,-0.07145692799034963,0.8740923589240471,5.0,0.0,0.025399909352348635,-0.0016252638561881703,-0.0819132983518838,3995,998.066392881588,0.4798498122653317,-0.19873522309539884,0.6900190036941297,4.0,0.0,0.026088110334791487,-0.0049426391075922255,-0.3113862637783102
t1_calm,pullback,1.5,2.0,20950,"{""family"": ""pullback"", ""min_ddv"": 10000000.0, ""min_price"": 5.0, ""regime"": ""spy200"", ""trend"": true, ""mom_min"": 0.15, ""rsi2_max"": 100.0, ""rsi14_max"": 100.0, ""ret21_max"": 1.0, ""dist_ema20_max"": 1.0, ""dist_ema50_min"": -1.0, ""dist_hh60_min"": -1.0, ""atr_ratio_max"": 10.0, ""vol_ratio_min"": 0.0, ""atr_pct_min"": 0.0, ""atr_pct_max"": 0.02, ""up_close"": true, ""strong_close"": false}",11608,1656.9886585842785,0.38128876636802206,-0.032906363401218906,0.9570876164604307,8.0,0.0,0.025399909352348635,-0.0006846404400470845,-0.021566173861483164,3995,998.066392881588,0.3246558197747184,-0.21107795707178123,0.7477554897720048,7.0,0.0,0.026088110334791487,-0.005139727917499534,-0.1850302050299832
t1_calm,pullback,1.5,3.0,20950,"{""family"": ""pullback"", ""min_ddv"": 10000000.0, ""min_price"": 5.0, ""regime"": ""spy200"", ""trend"": true, ""mom_min"": 0.15, ""rsi2_max"": 100.0, ""rsi14_max"": 100.0, ""ret21_max"": 1.0, ""dist_ema20_max"": 1.0, ""dist_ema50_min"": -1.0, ""dist_hh60_min"": -1.0, ""atr_ratio_max"": 10.0, ""vol_ratio_min"": 0.0, ""atr_pct_min"": 0.0, ""atr_pct_max"": 0.02, ""up_close"": true, ""strong_close"": false}",11608,1656.9886585842785,0.3053066850447967,0.030912642971369874,1.0357234437199696,10.0,0.0,0.025399909352348635,0.0009890527629288326,0.02492412962580658,3995,998.066392881588,0.25707133917396746,-0.1680775462678294,0.8176880749017463,9.0,0.0,0.026088110334791487,-0.004020747713719098,-0.11258093598413474
t1_calm,pullback,1.5,4.0,20950,"{""family"": ""pullback"", ""min_ddv"": 10000000.0, ""min_price"": 5.0, ""regime"": ""spy200"", ""trend"": true, ""mom_min"": 0.15, ""rsi2_max"": 100.0, ""rsi14_max"": 100.0, ""ret21_max"": 1.0, ""dist_ema20_max"": 1.0, ""dist_ema50_min"": -1.0, ""dist_hh60_min"": -1.0, ""atr_ratio_max"": 10.0, ""vol_ratio_min"": 0.0, ""atr_pct_min"": 0.0, ""atr_pct_max"": 0.02, ""up_close"": true, ""strong_close"": false}",11607,1656.845913179507,0.2592401137244766,0.09695488485044544,1.1048335462652765,11.0,0.0,0.025399857876671515,0.002597981169530719,0.05951738679288556,3995,998.066392881588,0.22002503128911138,-0.10342195311524273,0.8932075313327589,10.0,0.0,0.026088110334791487,-0.002326167021548469,-0.05861940894302141
t1_calm,pullback,1.5,6.0,20950,"{""family"": ""pullback"", ""min_ddv"": 10000000.0, ""min_price"": 5.0, ""regime"": ""spy200"", ""trend"": true, ""mom_min"": 0.15, ""rsi2_max"": 100.0, ""rsi14_max"": 100.0, ""ret21_max"": 1.0, ""dist_ema20_max"": 1.0, ""dist_ema50_min"": -1.0, ""dist_hh60_min"": -1.0, ""atr_ratio_max"": 10.0, ""vol_ratio_min"": 0.0, ""atr_pct_min"": 0.0, ""atr_pct_max"": 0.02, ""up_close"": true, ""strong_close"": false}",11605,1656.5604223699647,0.2125807841447652,0.27159164204549907,1.2743202399927995,13.0,0.0,0.025399599814861888,0.006898366939343439,0.13372218990111898,3995,998.066392881588,0.17647058823529413,0.021074508934051276,1.0205554501254035,10.0,0.0,0.026088110334791487,0.0006497077936175263,0.016372636399161665
t1_calm,pullback,2.0,0.5,20950,"{""family"": ""pullback"", ""min_ddv"": 10000000.0, ""min_price"": 5.0, ""regime"": ""spy200"", ""trend"": true, ""mom_min"": 0.15, ""rsi2_max"": 100.0, ""rsi14_max"": 100.0, ""ret21_max"": 1.0, ""dist_ema20_max"": 1.0, ""dist_ema50_min"": -1.0, ""dist_hh60_min"": -1.0, ""atr_ratio_max"": 10.0, ""vol_ratio_min"": 0.0, ""atr_pct_min"": 0.0, ""atr_pct_max"": 0.02, ""up_close"": true, ""strong_close"": false}",11608,1656.9886585842785,0.7004651964162646,-0.05021779480460019,0.8584770524353391,4.0,0.0,0.03386654580313146,-0.0015276831398125575,-0.09624403780819113,3998,998.8158795345654,0.6335667833916958,-0.15349920316265386,0.6453911673481924,4.0,0.0,0.03478159919759784,-0.005071981171135831,-0.31953481378155735
t1_calm,pullback,2.0,1.0,20950,"{""family"": ""pullback"", ""min_ddv"": 10000000.0, ""min_price"": 5.0, ""regime"": ""spy200"", ""trend"": true, ""mom_min"": 0.15, ""rsi2_max"": 100.0, ""rsi14_max"": 100.0, ""ret21_max"": 1.0, ""dist_ema20_max"": 1.0, ""dist_ema50_min"": -1.0, ""dist_hh60_min"": -1.0, ""atr_ratio_max"": 10.0, ""vol_ratio_min"": 0.0, ""atr_pct_min"": 0.0, ""atr_pct_max"": 0.02, ""up_close"": true, ""strong_close"": false}",11608,1656.9886585842785,0.5463473466574776,-0.025829989989116328,0.9521110859410921,7.0,0.0,0.03386654580313146,-0.0006743600626081172,-0.02427696225389222,3998,998.8158795345654,0.4859929964982491,-0.1481326115020249,0.7557676511474541,7.0,0.0,0.03478159919759784,-0.004880061989499035,-0.17568223162196525
t1_calm,pullback,2.0,2.0,20950,"{""family"": ""pullback"", ""min_ddv"": 10000000.0, ""min_price"": 5.0, ""regime"": ""spy200"", ""trend"": true, ""mom_min"": 0.15, ""rsi2_max"": 100.0, ""rsi14_max"": 100.0, ""ret21_max"": 1.0, ""dist_ema20_max"": 1.0, ""dist_ema50_min"": -1.0, ""dist_hh60_min"": -1.0, ""atr_ratio_max"": 10.0, ""vol_ratio_min"": 0.0, ""atr_pct_min"": 0.0, ""atr_pct_max"": 0.02, ""up_close"": true, ""strong_close"": false}",11608,1656.9886585842785,0.3965368711233632,0.05265051987559385,1.0730240534415694,13.0,0.0,0.03386654580313146,0.002008592878086467,0.038935800405983816,3998,998.8158795345654,0.34292146073036517,-0.1123881358322919,0.8557391766480653,12.0,0.0,0.03478159919759784,-0.003577522015487646,-0.07512796232524056
t1_calm,pullback,2.0,3.0,20950,"{""family"": ""pullback"", ""min_ddv"": 10000000.0, ""min_price"": 5.0, ""regime"": ""spy200"", ""trend"": true, ""mom_min"": 0.15, ""rsi2_max"": 100.0, ""rsi14_max"": 100.0, ""ret21_max"": 1.0, ""dist_ema20_max"": 1.0, ""dist_ema50_min"": -1.0, ""dist_hh60_min"": -1.0, ""atr_ratio_max"": 10.0, ""vol_ratio_min"": 0.0, ""atr_pct_min"": 0.0, ""atr_pct_max"": 0.02, ""up_close"": true, ""strong_close"": false}",11607,1656.845913179507,0.32239166020504867,0.14052717879890383,1.1730270987960634,17.0,0.0,0.033866477168895286,0.00487186509333262,0.0722182355011659,3998,998.8158795345654,0.27388694347173587,-0.05258729754971556,0.9388563704704942,14.0,0.0,0.03478159919759784,-0.0015035984981880443,-0.027064772967384798
t1_calm,pullback,2.0,4.0,20950,"{""family"": ""pullback"", ""min_ddv"": 10000000.0, ""min_price"": 5.0, ""regime"": ""spy200"", ""trend"": true, ""mom_min"": 0.15, ""rsi2_max"": 100.0, ""rsi14_max"": 100.0, ""ret21_max"": 1.0, ""dist_ema20_max"": 1.0, ""dist_ema50_min"": -1.0, ""dist_hh60_min"": -1.0, ""atr_ratio_max"": 10.0, ""vol_ratio_min"": 0.0, ""atr_pct_min"": 0.0, ""atr_pct_max"": 0.02, ""up_close"": true, ""strong_close"": false}",11602,1656.1321861556512,0.2819341492846061,0.24787834786584123,1.2862219778702855,20.0,0.0,0.03386552514660256,0.008314981589841577,0.10476876803200388,3998,998.8158795345654,0.23311655827913957,0.010750658550951751,1.0118038553115423,15.0,0.0,0.03478159919759784,0.00047549806305496276,0.007988367459323374
t1_calm,pullback,2.0,6.0,20950,"{""family"": ""pullback"", ""min_ddv"": 10000000.0, ""min_price"": 5.0, ""regime"": ""spy200"", ""trend"": true, ""mom_min"": 0.15, ""rsi2_max"": 100.0, ""rsi14_max"": 100.0, ""ret21_max"": 1.0, ""dist_ema20_max"": 1.0, ""dist_ema50_min"": -1.0, ""dist_hh60_min"": -1.0, ""atr_ratio_max"": 10.0, ""vol_ratio_min"": 0.0, ""atr_pct_min"": 0.0, ""atr_pct_max"": 0.02, ""up_close"": true, ""strong_close"": false}",11588,1654.133750488854,0.24266482568173972,0.5283177174889288,1.5770823813167498,22.0,0.0,0.033864382582774605,0.01773009345654973,0.20309016141138783,3998,998.8158795345654,0.1623311655827914,-0.03644646814520203,0.9635820062457788,16.0,0.0007503751875937969,0.03478159919759784,-0.001481485886628424,-0.023333402714397676
t1_calm,pullback,3.0,0.5,20950,"{""family"": ""pullback"", ""min_ddv"": 10000000.0, ""min_price"": 5.0, ""regime"": ""spy200"", ""trend"": true, ""mom_min"": 0.15, ""rsi2_max"": 100.0, ""rsi14_max"": 100.0, ""ret21_max"": 1.0, ""dist_ema20_max"": 1.0, ""dist_ema50_min"": -1.0, ""dist_hh60_min"": -1.0, ""atr_ratio_max"": 10.0, ""vol_ratio_min"": 0.0, ""atr_pct_min"": 0.0, ""atr_pct_max"": 0.02, ""up_close"": true, ""strong_close"": false}",11608,1656.9886585842785,0.7133011716057891,0.0011443735444505209,1.0035049472799926,7.0,0.0,0.05079981870469716,0.0002670034594852497,0.009612124541468989,3998,998.8158795345654,0.652576288144072,-0.08667068663952958,0.7771325037766278,7.0,0.0,0.05217239879639671,-0.004250762078109775,-0.15302743481195188
t1_calm,pullback,3.0,1.0,20950,"{""family"": ""pullback"", ""min_ddv"": 10000000.0, ""min_price"": 5.0, ""regime"": ""spy200"", ""trend"": true, ""mom_min"": 0.15, ""rsi2_max"": 100.0, ""rsi14_max"": 100.0, ""ret21_max"": 1.0, ""dist_ema20_max"": 1.0, ""dist_ema50_min"": -1.0, ""dist_hh60_min"": -1.0, ""atr_ratio_max"": 10.0, ""vol_ratio_min"": 0.0, ""atr_pct_min"": 0.0, ""atr_pct_max"": 0.02, ""up_close"": true, ""strong_close"": false}",11608,1656.9886585842785,0.5681426602343211,0.05477291363170922,1.1111899191954695,14.0,0.0,0.05079981870469716,0.003009405944672206,0.054169307004099713,3998,998.8158795345654,0.5147573786893447,-0.048586376819697394,0.9107713997324344,13.0,0.0,0.05217239879639671,-0.00217623191627115,-0.042185418684640756
t1_calm,pullback,3.0,2.0,20950,"{""family"": ""pullback"", ""min_ddv"": 10000000.0, ""min_price"": 5.0, ""regime"": ""spy200"", ""trend"": true, ""mom_min"": 0.15, ""rsi2_max"": 100.0, ""rsi14_max"": 100.0, ""ret21_max"": 1.0, ""dist_ema20_max"": 1.0, ""dist_ema50_min"": -1.0, ""dist_hh60_min"": -1.0, ""atr_ratio_max"": 10.0, ""vol_ratio_min"": 0.0, ""atr_pct_min"": 0.0, ""atr_pct_max"": 0.02, ""up_close"": true, ""strong_close"": false}",11607,1656.845913179507,0.43120530714224176,0.1986522016696716,1.3056145931242196,26.0,0.0,0.05079971575334282,0.010164119291820409,0.09851377159764398,3998,998.8158795345654,0.38469234617308656,0.06375894859830172,1.0920409759226068,23.0,0.0,0.05217239879639671,0.003546949945399796,0.038862234184380375
t1_calm,pullback,3.0,3.0,20950,"{""family"": ""pullback"", ""min_ddv"": 10000000.0, ""min_price"": 5.0, ""regime"": ""spy200"", ""trend"": true, ""mom_min"": 0.15, ""rsi2_max"": 100.0, ""rsi14_max"": 100.0, ""ret21_max"": 1.0, ""dist_ema20_max"": 1.0, ""dist_ema50_min"": -1.0, ""dist_hh60_min"": -1.0, ""atr_ratio_max"": 10.0, ""vol_ratio_min"": 0.0, ""atr_pct_min"": 0.0, ""atr_pct_max"": 0.02, ""up_close"": true, ""strong_close"": false}",11584,1653.5627688697691,0.3705110497237569,0.37537734663914246,1.5189978235283799,36.0,0.0,0.05079657387416191,0.0189002459026162,0.13230172131831341,3998,998.8158795345654,0.3046523261630815,0.11698668428730277,1.1487461237298866,29.0,0.0005002501250625312,0.05217239879639671,0.0059823006130631014,0.051984129465237984
t1_calm,pullback,3.0,4.0,20950,"{""family"": ""pullback"", ""min_ddv"": 10000000.0, ""min_price"": 5.0, ""regime"": ""spy200"", ""trend"": true, ""mom_min"": 0.15, ""rsi2_max"": 100.0, ""rsi14_max"": 100.0, ""ret21_max"": 1.0, ""dist_ema20_max"": 1.0, ""dist_ema50_min"": -1.0, ""dist_hh60_min"": -1.0, ""atr_ratio_max"": 10.0, ""vol_ratio_min"": 0.0, ""atr_pct_min"": 0.0, ""atr_pct_max"": 0.02, ""up_close"": true, ""strong_close"": false}",11557,1649.7086429409464,0.3395344812667647,0.586624894621992,1.773421358951608,43.0,0.0008652764558276369,0.05079491019016588,0.029474014255117597,0.1727314323788287,3998,998.8158795345654,0.22911455727863933,0.028438111566047874,1.0323764610995787,34.0,0.0010005002501250625,0.05217239879639671,0.001245209499394396,0.009229199819040817
t1_calm,pullback,3.0,6.0,20950,"{""family"": ""pullback"", ""min_ddv"": 10000000.0, ""min_price"": 5.0, ""regime"": ""spy200"", ""trend"": true, ""mom_min"": 0.15, ""rsi2_max"": 100.0, ""rsi14_max"": 100.0, ""ret21_max"": 1.0, ""dist_ema20_max"": 1.0, ""dist_ema50_min"": -1.0, ""dist_hh60_min"": -1.0, ""atr_ratio_max"": 10.0, ""vol_ratio_min"": 0.0, ""atr_pct_min"": 0.0, ""atr_pct_max"": 0.02, ""up_close"": true, ""strong_close"": false}",11432,1631.8654673445444,0.29496151154653605,0.9166062991430696,2.131691776646235,47.0,0.01172148355493352,0.05077190290301763,0.04608124782820365,0.24707392452568763,3990,996.8172484599589,0.1268170426065163,-0.2500041432590053,0.7500820477136547,35.0,0.002255639097744361,0.052159476856090084,-0.012462284007217569,-0.08972844485196649
t1_calm,breakout,1.0,0.5,90204,"{""family"": ""breakout"", ""min_ddv"": 10000000.0, ""min_price"": 5.0, ""regime"": ""spy200"", ""trend"": true, ""mom_min"": 0.0, ""rsi2_max"": 100.0, ""rsi14_max"": 100.0, ""ret21_max"": 1.0, ""dist_ema20_max"": 1.0, ""dist_ema50_min"": -1.0, ""dist_hh60_min"": -1.0, ""atr_ratio_max"": 10.0, ""vol_ratio_min"": 0.0, ""atr_pct_min"": 0.0, ""atr_pct_max"": 0.02, ""up_close"": false, ""strong_close"": false}",52453,7487.424716464607,0.6449392789735573,-0.2563942399279596,0.4596221609256373,2.0,0.0,0.01545086088356656,-0.0038045760424433206,-0.4793765813478584,18170,4539.390828199863,0.6416620803522289,-0.23720059553154788,0.4936720441996519,2.0,0.0,0.0162736201540847,-0.0037179615652977948,-0.46846315722752213
t1_calm,breakout,1.0,1.0,90204,"{""family"": ""breakout"", ""min_ddv"": 10000000.0, ""min_price"": 5.0, ""regime"": ""spy200"", ""trend"": true, ""mom_min"": 0.0, ""rsi2_max"": 100.0, ""rsi14_max"": 100.0, ""ret21_max"": 1.0, ""dist_ema20_max"": 1.0, ""dist_ema50_min"": -1.0, ""dist_hh60_min"": -1.0, ""atr_ratio_max"": 10.0, ""vol_ratio_min"": 0.0, ""atr_pct_min"": 0.0, ""atr_pct_max"": 0.02, ""up_close"": false, ""strong_close"": false}",52453,7487.424716464607,0.5038034049530056,-0.2436772998754549,0.6371325184734612,3.0,0.0,0.01545086088356656,-0.003631799217313264,-0.30507113425431415,18170,4539.390828199863,0.4964226747385801,-0.2383506743981787,0.6441305870030061,3.0,0.0,0.0162736201540847,-0.003724090753373149,-0.3128236232833445
t1_calm,breakout,1.0,2.0,90204,"{""family"": ""breakout"", ""min_ddv"": 10000000.0, ""min_price"": 5.0, ""regime"": ""spy200"", ""trend"": true, ""mom_min"": 0.0, ""rsi2_max"": 100.0, ""rsi14_max"": 100.0, ""ret21_max"": 1.0, ""dist_ema20_max"": 1.0, ""dist_ema50_min"": -1.0, ""dist_hh60_min"": -1.0, ""atr_ratio_max"": 10.0, ""vol_ratio_min"": 0.0, ""atr_pct_min"": 0.0, ""atr_pct_max"": 0.02, ""up_close"": false, ""strong_close"": false}",52453,7487.424716464607,0.355499208815511,-0.21546598837527237,0.7550068129590223,4.0,0.0,0.01545086088356656,-0.0032491071296649075,-0.20469374916888916,18170,4539.390828199863,0.3421023665382499,-0.24002113361841274,0.7287882180709879,4.0,0.0,0.0162736201540847,-0.0037976300336641086,-0.23925069212083885
t1_calm,breakout,1.0,3.0,90204,"{""family"": ""breakout"", ""min_ddv"": 10000000.0, ""min_price"": 5.0, ""regime"": ""spy200"", ""trend"": true, ""mom_min"": 0.0, ""rsi2_max"": 100.0, ""rsi14_max"": 100.0, ""ret21_max"": 1.0, ""dist_ema20_max"": 1.0, ""dist_ema50_min"": -1.0, ""dist_hh60_min"": -1.0, ""atr_ratio_max"": 10.0, ""vol_ratio_min"": 0.0, ""atr_pct_min"": 0.0, ""atr_pct_max"": 0.02, ""up_close"": false, ""strong_close"": false}",52453,7487.424716464607,0.2772196061235773,-0.1929234153841778,0.8053493012394835,5.0,0.0,0.01545086088356656,-0.002899085583765553,-0.14611391342178387,18170,4539.390828199863,0.26334617501375895,-0.23451283416063637,0.7642957031394154,5.0,0.0,0.0162736201540847,-0.0037472722413936536,-0.18886252096624015
t1_calm,breakout,1.0,4.0,90204,"{""family"": ""breakout"", ""min_ddv"": 10000000.0, ""min_price"": 5.0, ""regime"": ""spy200"", ""trend"": true, ""mom_min"": 0.0, ""rsi2_max"": 100.0, ""rsi14_max"": 100.0, ""ret21_max"": 1.0, ""dist_ema20_max"": 1.0, ""dist_ema50_min"": -1.0, ""dist_hh60_min"": -1.0, ""atr_ratio_max"": 10.0, ""vol_ratio_min"": 0.0, ""atr_pct_min"": 0.0, ""atr_pct_max"": 0.02, ""up_close"": false, ""strong_close"": false}",52453,7487.424716464607,0.2295960192934627,-0.16729120201958256,0.8420844460410668,6.0,0.0,0.01545086088356656,-0.0025099320656731105,-0.10541714675827064,18170,4539.390828199863,0.21541001651073197,-0.22477384796601824,0.7883428852901405,5.0,0.0,0.0162736201540847,-0.003641800804973014,-0.18354676057063993
t1_calm,breakout,1.0,6.0,90204,"{""family"": ""breakout"", ""min_ddv"": 10000000.0, ""min_price"": 5.0, ""regime"": ""spy200"", ""trend"": true, ""mom_min"": 0.0, ""rsi2_max"": 100.0, ""rsi14_max"": 100.0, ""ret21_max"": 1.0, ""dist_ema20_max"": 1.0, ""dist_ema50_min"": -1.0, ""dist_hh60_min"": -1.0, ""atr_ratio_max"": 10.0, ""vol_ratio_min"": 0.0, ""atr_pct_min"": 0.0, ""atr_pct_max"": 0.02, ""up_close"": false, ""strong_close"": false}",52449,7486.853734845522,0.17710537855821845,-0.0919578584074649,0.9189994409250993,6.0,0.0,0.01545073437968993,-0.0013589264729540528,-0.05707491186407022,18170,4539.390828199863,0.1601541001651073,-0.19605290269562387,0.8279833692263825,6.0,0.0,0.0162736201540847,-0.0032039843408405524,-0.1345673423153032
t1_calm,breakout,1.5,0.5,90204,"{""family"": ""breakout"", ""min_ddv"": 10000000.0, ""min_price"": 5.0, ""regime"": ""spy200"", ""trend"": true, ""mom_min"": 0.0, ""rsi2_max"": 100.0, ""rsi14_max"": 100.0, ""ret21_max"": 1.0, ""dist_ema20_max"": 1.0, ""dist_ema50_min"": -1.0, ""dist_hh60_min"": -1.0, ""atr_ratio_max"": 10.0, ""vol_ratio_min"": 0.0, ""atr_pct_min"": 0.0, ""atr_pct_max"": 0.02, ""up_close"": false, ""strong_close"": false}",52466,7489.2804067266325,0.666507833644646,-0.15212075793502938,0.6354787893927429,3.0,0.0,0.023175274621292985,-0.0034049191874093005,-0.28601321174238126,18175,4540.639972621492,0.6645942228335626,-0.14111379346472927,0.6597818929868118,3.0,0.0,0.024409485641290026,-0.0033141314595678804,-0.27838704260370195
t1_calm,breakout,1.5,1.0,90204,"{""family"": ""breakout"", ""min_ddv"": 10000000.0, ""min_price"": 5.0, ""regime"": ""spy200"", ""trend"": true, ""mom_min"": 0.0, ""rsi2_max"": 100.0, ""rsi14_max"": 100.0, ""ret21_max"": 1.0, ""dist_ema20_max"": 1.0, ""dist_ema50_min"": -1.0, ""dist_hh60_min"": -1.0, ""atr_ratio_max"": 10.0, ""vol_ratio_min"": 0.0, ""atr_pct_min"": 0.0, ""atr_pct_max"": 0.02, ""up_close"": false, ""strong_close"": false}",52466,7489.2804067266325,0.5206419395417985,-0.13006589676125643,0.7844208462354306,5.0,0.0,0.023175274621292985,-0.0029421833813938997,-0.14828604242225255,18175,4540.639972621492,0.508665749656121,-0.14428266794134711,0.7642343424711273,5.0,0.0,0.024409485641290026,-0.0034206294424045562,-0.17239972389718963
t1_calm,breakout,1.5,2.0,90204,"{""family"": ""breakout"", ""min_ddv"": 10000000.0, ""min_price"": 5.0, ""regime"": ""spy200"", ""trend"": true, ""mom_min"": 0.0, ""rsi2_max"": 100.0, ""rsi14_max"": 100.0, ""ret21_max"": 1.0, ""dist_ema20_max"": 1.0, ""dist_ema50_min"": -1.0, ""dist_hh60_min"": -1.0, ""atr_ratio_max"": 10.0, ""vol_ratio_min"": 0.0, ""atr_pct_min"": 0.0, ""atr_pct_max"": 0.02, ""up_close"": false, ""strong_close"": false}",52466,7489.2804067266325,0.36816223840201273,-0.09301553914196506,0.883741443558733,8.0,0.0,0.023175274621292985,-0.00211000123451331,-0.06646503888716927,18175,4540.639972621492,0.35312242090784046,-0.12824933919261458,0.841248912403889,8.0,0.0,0.024409485641290026,-0.00316294786507692,-0.09963285774992298
t1_calm,breakout,1.5,3.0,90204,"{""family"": ""breakout"", ""min_ddv"": 10000000.0, ""min_price"": 5.0, ""regime"": ""spy200"", ""trend"": true, ""mom_min"": 0.0, ""rsi2_max"": 100.0, ""rsi14_max"": 100.0, ""ret21_max"": 1.0, ""dist_ema20_max"": 1.0, ""dist_ema50_min"": -1.0, ""dist_hh60_min"": -1.0, ""atr_ratio_max"": 10.0, ""vol_ratio_min"": 0.0, ""atr_pct_min"": 0.0, ""atr_pct_max"": 0.02, ""up_close"": false, ""strong_close"": false}",52465,7489.137661321862,0.29154674544934717,-0.046165657718679,0.9486786148265687,11.0,0.0,0.02317515944646916,-0.0010169339341102191,-0.023297031945070476,18175,4540.639972621492,0.2737826685006878,-0.10681590563374704,0.8823777118069285,10.0,0.0,0.024409485641290026,-0.002741526428731234,-0.0690864660040271
t1_calm,breakout,1.5,4.0,90204,"{""family"": ""breakout"", ""min_ddv"": 10000000.0, ""min_price"": 5.0, ""regime"": ""spy200"", ""trend"": true, ""mom_min"": 0.0, ""rsi2_max"": 100.0, ""rsi14_max"": 100.0, ""ret21_max"": 1.0, ""dist_ema20_max"": 1.0, ""dist_ema50_min"": -1.0, ""dist_hh60_min"": -1.0, ""atr_ratio_max"": 10.0, ""vol_ratio_min"": 0.0, ""atr_pct_min"": 0.0, ""atr_pct_max"": 0.02, ""up_close"": false, ""strong_close"": false}",52462,7488.709425107548,0.24760779230681254,0.015333844344083648,1.0160183817144215,12.0,0.0,0.02317507066262941,0.00041653895345462606,0.008747318022547147,18175,4540.639972621492,0.2240990371389271,-0.091775393745509,0.905565856768813,11.0,0.0,0.024409485641290026,-0.0024209455786388333,-0.05546166234699872
t1_calm,breakout,1.5,6.0,90204,"{""family"": ""breakout"", ""min_ddv"": 10000000.0, ""min_price"": 5.0, ""regime"": ""spy200"", ""trend"": true, ""mom_min"": 0.0, ""rsi2_max"": 100.0, ""rsi14_max"": 100.0, ""ret21_max"": 1.0, ""dist_ema20_max"": 1.0, ""dist_ema50_min"": -1.0, ""dist_hh60_min"": -1.0, ""atr_ratio_max"": 10.0, ""vol_ratio_min"": 0.0, ""atr_pct_min"": 0.0, ""atr_pct_max"": 0.02, ""up_close"": false, ""strong_close"": false}",52440,7485.569026202581,0.19933257055682685,0.16015035735954244,1.1568881492180334,13.0,1.906941266209001e-05,0.02317359134371662,0.003685282721148725,0.07143778813303682,18175,4540.639972621492,0.16572214580467676,-0.06862731887373114,0.9346562194804318,12.0,0.0,0.024409485641290026,-0.0018082704242751047,-0.0379736789097772
t1_calm,breakout,2.0,0.5,90204,"{""family"": ""breakout"", ""min_ddv"": 10000000.0, ""min_price"": 5.0, ""regime"": ""spy200"", ""trend"": true, ""mom_min"": 0.0, ""rsi2_max"": 100.0, ""rsi14_max"": 100.0, ""ret21_max"": 1.0, ""dist_ema20_max"": 1.0, ""dist_ema50_min"": -1.0, ""dist_hh60_min"": -1.0, ""atr_ratio_max"": 10.0, ""vol_ratio_min"": 0.0, ""atr_pct_min"": 0.0, ""atr_pct_max"": 0.02, ""up_close"": false, ""strong_close"": false}",52466,7489.2804067266325,0.6802881866351542,-0.09258048396840736,0.75842541154226,4.0,0.0,0.03090036616172398,-0.002762131931072696,-0.17401431165757986,18175,4540.639972621492,0.6696011004126547,-0.10163814902721223,0.7416106531757143,4.0,0.0,0.03254598085505344,-0.0032287660529020457,-0.2034122613328289
t1_calm,breakout,2.0,1.0,90204,"{""family"": ""breakout"", ""min_ddv"": 10000000.0, ""min_price"": 5.0, ""regime"": ""spy200"", ""trend"": true, ""mom_min"": 0.0, ""rsi2_max"": 100.0, ""rsi14_max"": 100.0, ""ret21_max"": 1.0, ""dist_ema20_max"": 1.0, ""dist_ema50_min"": -1.0, ""dist_hh60_min"": -1.0, ""atr_ratio_max"": 10.0, ""vol_ratio_min"": 0.0, ""atr_pct_min"": 0.0, ""atr_pct_max"": 0.02, ""up_close"": false, ""strong_close"": false}",52466,7489.2804067266325,0.5325544161933443,-0.06404929615485519,0.8860811012582842,8.0,0.0,0.03090036616172398,-0.0019363776643114992,-0.06099589642581223,18175,4540.639972621492,0.5144429160935351,-0.09517753146513493,0.8358915799821982,8.0,0.0,0.03254598085505344,-0.003101726408393782,-0.09770438186440412
t1_calm,breakout,2.0,2.0,90204,"{""family"": ""breakout"", ""min_ddv"": 10000000.0, ""min_price"": 5.0, ""regime"": ""spy200"", ""trend"": true, ""mom_min"": 0.0, ""rsi2_max"": 100.0, ""rsi14_max"": 100.0, ""ret21_max"": 1.0, ""dist_ema20_max"": 1.0, ""dist_ema50_min"": -1.0, ""dist_hh60_min"": -1.0, ""atr_ratio_max"": 10.0, ""vol_ratio_min"": 0.0, ""atr_pct_min"": 0.0, ""atr_pct_max"": 0.02, ""up_close"": false, ""strong_close"": false}",52463,7488.8521705123185,0.3837752320683148,0.00027529053041008464,1.0003694639531755,14.0,0.0,0.03090010096537954,5.412109810189997e-05,0.0009741797658341994,18175,4540.639972621492,0.3571389270976616,-0.07277728209428296,0.9050740219476421,13.0,0.0,0.03254598085505344,-0.0026507284304173617,-0.05138335111270578
t1_calm,breakout,2.0,3.0,90204,"{""family"": ""breakout"", ""min_ddv"": 10000000.0, ""min_price"": 5.0, ""regime"": ""spy200"", ""trend"": true, ""mom_min"": 0.0, ""rsi2_max"": 100.0, ""rsi14_max"": 100.0, ""ret21_max"": 1.0, ""dist_ema20_max"": 1.0, ""dist_ema50_min"": -1.0, ""dist_hh60_min"": -1.0, ""atr_ratio_max"": 10.0, ""vol_ratio_min"": 0.0, ""atr_pct_min"": 0.0, ""atr_pct_max"": 0.02, ""up_close"": false, ""strong_close"": false}",52455,7487.710207274149,0.3113144600133448,0.08221437207699472,1.0985122435067185,17.0,0.0,0.030899866621389237,0.0025639825005398893,0.038007270008003066,18175,4540.639972621492,0.27741403026134803,-0.046944664745370776,0.9456451070378119,16.0,0.0,0.03254598085505344,-0.0018811002567638167,-0.029627329044030114
t1_calm,breakout,2.0,4.0,90204,"{""family"": ""breakout"", ""min_ddv"": 10000000.0, ""min_price"": 5.0, ""regime"": ""spy200"", ""trend"": true, ""mom_min"": 0.0, ""rsi2_max"": 100.0, ""rsi14_max"": 100.0, ""ret21_max"": 1.0, ""dist_ema20_max"": 1.0, ""dist_ema50_min"": -1.0, ""dist_hh60_min"": -1.0, ""atr_ratio_max"": 10.0, ""vol_ratio_min"": 0.0, ""atr_pct_min"": 0.0, ""atr_pct_max"": 0.02, ""up_close"": false, ""strong_close"": false}",52431,7484.28431755964,0.2686006370277126,0.17158348206847296,1.193310713531712,20.0,0.0,0.030897425046763065,0.005266766473142359,0.06636125756159372,18175,4540.639972621492,0.22685006877579092,-0.03267517455952573,0.9647475530310501,18.0,0.0,0.03254598085505344,-0.001433385928053566,-0.020067402992749925
t1_calm,breakout,2.0,6.0,90204,"{""family"": ""breakout"", ""min_ddv"": 10000000.0, ""min_price"": 5.0, ""regime"": ""spy200"", ""trend"": true, ""mom_min"": 0.0, ""rsi2_max"": 100.0, ""rsi14_max"": 100.0, ""ret21_max"": 1.0, ""dist_ema20_max"": 1.0, ""dist_ema50_min"": -1.0, ""dist_hh60_min"": -1.0, ""atr_ratio_max"": 10.0, ""vol_ratio_min"": 0.0, ""atr_pct_min"": 0.0, ""atr_pct_max"": 0.02, ""up_close"": false, ""strong_close"": false}",52340,7471.29448572546,0.22296522735957203,0.3789819044222001,1.4012254360852734,21.0,0.00028658769583492547,0.030896387990294174,0.011583865944631238,0.13900639133557485,18172,4539.890485968514,0.15639445300462249,-0.09146303446583894,0.9102790417900585,19.0,0.000275148580233326,0.032543954365692525,-0.003164180720483631,-0.04196702850325658
t1_calm,breakout,3.0,0.5,90204,"{""family"": ""breakout"", ""min_ddv"": 10000000.0, ""min_price"": 5.0, ""regime"": ""spy200"", ""trend"": true, ""mom_min"": 0.0, ""rsi2_max"": 100.0, ""rsi14_max"": 100.0, ""ret21_max"": 1.0, ""dist_ema20_max"": 1.0, ""dist_ema50_min"": -1.0, ""dist_hh60_min"": -1.0, ""atr_ratio_max"": 10.0, ""vol_ratio_min"": 0.0, ""atr_pct_min"": 0.0, ""atr_pct_max"": 0.02, ""up_close"": false, ""strong_close"": false}",52466,7489.2804067266325,0.6954027370106355,-0.03126736926734761,0.9101231794388538,8.0,0.0,0.04635054924258597,-0.001376565053863889,-0.0433617991967125,18175,4540.639972621492,0.6784594222833562,-0.052558854110029446,0.8558474398575858,8.0,0.0,0.04881897128258027,-0.0026001269522260406,-0.08190399899512028
t1_calm,breakout,3.0,1.0,90204,"{""family"": ""breakout"", ""min_ddv"": 10000000.0, ""min_price"": 5.0, ""regime"": ""spy200"", ""trend"": true, ""mom_min"": 0.0, ""rsi2_max"": 100.0, ""rsi14_max"": 100.0, ""ret21_max"": 1.0, ""dist_ema20_max"": 1.0, ""dist_ema50_min"": -1.0, ""dist_hh60_min"": -1.0, ""atr_ratio_max"": 10.0, ""vol_ratio_min"": 0.0, ""atr_pct_min"": 0.0, ""atr_pct_max"": 0.02, ""up_close"": false, ""strong_close"": false}",52459,7488.281188893234,0.5528317352599172,0.01813889032869162,1.035377172906965,15.0,0.0,0.046350131202448505,0.0008749872745391592,0.014699786212257876,18175,4540.639972621492,0.5276478679504815,-0.02752838513445042,0.9485706429081017,15.0,0.0,0.04881897128258027,-0.001607592993820938,-0.02700756229619176
t1_calm,breakout,3.0,2.0,90204,"{""family"": ""breakout"", ""min_ddv"": 10000000.0, ""min_price"": 5.0, ""regime"": ""spy200"", ""trend"": true, ""mom_min"": 0.0, ""rsi2_max"": 100.0, ""rsi14_max"": 100.0, ""ret21_max"": 1.0, ""dist_ema20_max"": 1.0, ""dist_ema50_min"": -1.0, ""dist_hh60_min"": -1.0, ""atr_ratio_max"": 10.0, ""vol_ratio_min"": 0.0, ""atr_pct_min"": 0.0, ""atr_pct_max"": 0.02, ""up_close"": false, ""strong_close"": false}",52430,7484.141572154869,0.4153538050734312,0.14293234701241608,1.2125114054735873,27.0,0.0,0.046345850110602466,0.006644422097630328,0.06201460624454973,18175,4540.639972621492,0.36715268225584596,0.0019546999960189993,1.00272137149469,24.0,0.0,0.04881897128258027,-0.0003954224693160641,-0.004151935927818672
t1_calm,breakout,3.0,3.0,90204,"{""family"": ""breakout"", ""min_ddv"": 10000000.0, ""min_price"": 5.0, ""regime"": ""spy200"", ""trend"": true, ""mom_min"": 0.0, ""rsi2_max"": 100.0, ""rsi14_max"": 100.0, ""ret21_max"": 1.0, ""dist_ema20_max"": 1.0, ""dist_ema50_min"": -1.0, ""dist_hh60_min"": -1.0, ""atr_ratio_max"": 10.0, ""vol_ratio_min"": 0.0, ""atr_pct_min"": 0.0, ""atr_pct_max"": 0.02, ""up_close"": false, ""strong_close"": false}",52318,7468.154086820493,0.34947819106234945,0.2858513765373943,1.3814855651107425,34.0,9.556940250009557e-05,0.046340654057940356,0.013210653098631715,0.0979142523780939,18174,4540.390143737166,0.27753934191702434,-0.0018763051865019682,0.9977216888843117,29.0,0.0,0.048817758654834696,-0.0005686322009209101,-0.004941217745933426
t1_calm,breakout,3.0,4.0,90204,"{""family"": ""breakout"", ""min_ddv"": 10000000.0, ""min_price"": 5.0, ""regime"": ""spy200"", ""trend"": true, ""mom_min"": 0.0, ""rsi2_max"": 100.0, ""rsi14_max"": 100.0, ""ret21_max"": 1.0, ""dist_ema20_max"": 1.0, ""dist_ema50_min"": -1.0, ""dist_hh60_min"": -1.0, ""atr_ratio_max"": 10.0, ""vol_ratio_min"": 0.0, ""atr_pct_min"": 0.0, ""atr_pct_max"": 0.02, ""up_close"": false, ""strong_close"": false}",52162,7445.885803676183,0.31080096622062037,0.43550905796014555,1.5485412288064795,39.0,0.0007093286300371919,0.04634167971353888,0.02008402725361331,0.12977371456180908,18164,4537.891854893908,0.2112420171768333,-0.06945834628844913,0.9232786210949544,31.0,0.0002752697643690817,0.0488123026318091,-0.003716601454207648,-0.03021237311162346
t1_calm,breakout,3.0,6.0,90204,"{""family"": ""breakout"", ""min_ddv"": 10000000.0, ""min_price"": 5.0, ""regime"": ""spy200"", ""trend"": true, ""mom_min"": 0.0, ""rsi2_max"": 100.0, ""rsi14_max"": 100.0, ""ret21_max"": 1.0, ""dist_ema20_max"": 1.0, ""dist_ema50_min"": -1.0, ""dist_hh60_min"": -1.0, ""atr_ratio_max"": 10.0, ""vol_ratio_min"": 0.0, ""atr_pct_min"": 0.0, ""atr_pct_max"": 0.02, ""up_close"": false, ""strong_close"": false}",51860,7402.776691435275,0.26270728885460853,0.6949497675474361,1.8182435712118301,43.0,0.007925183185499422,0.04634352613524326,0.03199363846545555,0.18749760216964645,18063,4512.659137577002,0.12600343243093617,-0.26114501924687633,0.7413680090406203,32.0,0.001273321153739689,0.04877799429887998,-0.013138214180581819,-0.10346343667208183
t1_calm,breakout,1.0,0.5,7846,"{""family"": ""breakout"", ""min_ddv"": 10000000.0, ""min_price"": 5.0, ""regime"": ""spy200"", ""trend"": true, ""mom_min"": 0.15, ""rsi2_max"": 100.0, ""rsi14_max"": 100.0, ""ret21_max"": 1.0, ""dist_ema20_max"": 1.0, ""dist_ema50_min"": -1.0, ""dist_hh60_min"": -1.0, ""atr_ratio_max"": 10.0, ""vol_ratio_min"": 1.3, ""atr_pct_min"": 0.0, ""atr_pct_max"": 0.02, ""up_close"": false, ""strong_close"": false}",4603,657.0570981619085,0.6250271562024766,-0.27226866160562024,0.44522802858107546,2.0,0.0,0.016685959549894765,-0.004292964958317104,-0.5409135847479551,1373,343.01505817932923,0.6088856518572469,-0.2985014867887237,0.4257963915162508,2.0,0.0,0.0169290626713712,-0.004809036053713916,-0.6059385427679534
t1_calm,breakout,1.0,1.0,7846,"{""family"": ""breakout"", ""min_ddv"": 10000000.0, ""min_price"": 5.0, ""regime"": ""spy200"", ""trend"": true, ""mom_min"": 0.15, ""rsi2_max"": 100.0, ""rsi14_max"": 100.0, ""ret21_max"": 1.0, ""dist_ema20_max"": 1.0, ""dist_ema50_min"": -1.0, ""dist_hh60_min"": -1.0, ""atr_ratio_max"": 10.0, ""vol_ratio_min"": 1.3, ""atr_pct_min"": 0.0, ""atr_pct_max"": 0.02, ""up_close"": false, ""strong_close"": false}",4603,657.0570981619085,0.49250488811644577,-0.24792085322560423,0.6299388508604752,2.0,0.0,0.016685959549894765,-0.003920631066494512,-0.4939995143783085,1373,343.01505817932923,0.4690458849235251,-0.302177165626995,0.5751793797684318,2.0,0.0,0.0169290626713712,-0.004804941855634064,-0.605422673809892
t1_calm,breakout,1.0,2.0,7846,"{""family"": ""breakout"", ""min_ddv"": 10000000.0, ""min_price"": 5.0, ""regime"": ""spy200"", ""trend"": true, ""mom_min"": 0.15, ""rsi2_max"": 100.0, ""rsi14_max"": 100.0, ""ret21_max"": 1.0, ""dist_ema20_max"": 1.0, ""dist_ema50_min"": -1.0, ""dist_hh60_min"": -1.0, ""atr_ratio_max"": 10.0, ""vol_ratio_min"": 1.3, ""atr_pct_min"": 0.0, ""atr_pct_max"": 0.02, ""up_close"": false, ""strong_close"": false}",4603,657.0570981619085,0.35107538561807516,-0.20232276273816965,0.7653706212112644,4.0,0.0,0.016685959549894765,-0.003163032380235189,-0.1992710399548169,1373,343.01505817932923,0.32483612527312455,-0.3063537936525491,0.6654637185046353,4.0,0.0,0.0169290626713712,-0.004945220588846173,-0.31154889709730893
t1_calm,breakout,1.0,3.0,7846,"{""family"": ""breakout"", ""min_ddv"": 10000000.0, ""min_price"": 5.0, ""regime"": ""spy200"", ""trend"": true, ""mom_min"": 0.15, ""rsi2_max"": 100.0, ""rsi14_max"": 100.0, ""ret21_max"": 1.0, ""dist_ema20_max"": 1.0, ""dist_ema50_min"": -1.0, ""dist_hh60_min"": -1.0, ""atr_ratio_max"": 10.0, ""vol_ratio_min"": 1.3, ""atr_pct_min"": 0.0, ""atr_pct_max"": 0.02, ""up_close"": false, ""strong_close"": false}",4603,657.0570981619085,0.27395177058440146,-0.17229185932175953,0.8217814980714138,5.0,0.0,0.016685959549894765,-0.0026010166907872185,-0.1310912412156758,1373,343.01505817932923,0.25710123816460306,-0.2678943180491075,0.7338608748459144,5.0,0.0,0.0169290626713712,-0.00430277953668198,-0.2168600886487718
t1_calm,breakout,1.0,4.0,7846,"{""family"": ""breakout"", ""min_ddv"": 10000000.0, ""min_price"": 5.0, ""regime"": ""spy200"", ""trend"": true, ""mom_min"": 0.15, ""rsi2_max"": 100.0, ""rsi14_max"": 100.0, ""ret21_max"": 1.0, ""dist_ema20_max"": 1.0, ""dist_ema50_min"": -1.0, ""dist_hh60_min"": -1.0, ""atr_ratio_max"": 10.0, ""vol_ratio_min"": 1.3, ""atr_pct_min"": 0.0, ""atr_pct_max"": 0.02, ""up_close"": false, ""strong_close"": false}",4603,657.0570981619085,0.22724310232457093,-0.14023618171499747,0.8638324105142354,5.0,0.0,0.016685959549894765,-0.002133786294646839,-0.10754282925020069,1373,343.01505817932923,0.21558630735615442,-0.2284088018230808,0.7848372011874811,5.0,0.0,0.0169290626713712,-0.003615712007941903,-0.18223188520027192
t1_calm,breakout,1.0,6.0,7846,"{""family"": ""breakout"", ""min_ddv"": 10000000.0, ""min_price"": 5.0, ""regime"": ""spy200"", ""trend"": true, ""mom_min"": 0.15, ""rsi2_max"": 100.0, ""rsi14_max"": 100.0, ""ret21_max"": 1.0, ""dist_ema20_max"": 1.0, ""dist_ema50_min"": -1.0, ""dist_hh60_min"": -1.0, ""atr_ratio_max"": 10.0, ""vol_ratio_min"": 1.3, ""atr_pct_min"": 0.0, ""atr_pct_max"": 0.02, ""up_close"": false, ""strong_close"": false}",4602,656.9143527571373,0.17709691438504999,-0.054244807111305866,0.9507613964398192,6.0,0.0,0.016684626600527892,-0.0007175243406089764,-0.03013602230557701,1373,343.01505817932923,0.16023306627822287,-0.1910995885703864,0.8320880342195659,5.0,0.0,0.0169290626713712,-0.003072698549786292,-0.15486400690922913
t1_calm,breakout,1.5,0.5,7846,"{""family"": ""breakout"", ""min_ddv"": 10000000.0, ""min_price"": 5.0, ""regime"": ""spy200"", ""trend"": true, ""mom_min"": 0.15, ""rsi2_max"": 100.0, ""rsi14_max"": 100.0, ""ret21_max"": 1.0, ""dist_ema20_max"": 1.0, ""dist_ema50_min"": -1.0, ""dist_hh60_min"": -1.0, ""atr_ratio_max"": 10.0, ""vol_ratio_min"": 1.3, ""atr_pct_min"": 0.0, ""atr_pct_max"": 0.02, ""up_close"": false, ""strong_close"": false}",4603,657.0570981619085,0.654355854877254,-0.16023954171929353,0.6242335676887905,3.0,0.0,0.025028939324842053,-0.0037326871750894106,-0.3135457227075105,1373,343.01505817932923,0.6249089584850692,-0.20817429380175453,0.5532283622135158,3.0,0.0,0.025393594007056725,-0.004937237558841256,-0.4147279549426655
t1_calm,breakout,1.5,1.0,7846,"{""family"": ""breakout"", ""min_ddv"": 10000000.0, ""min_price"": 5.0, ""regime"": ""spy200"", ""trend"": true, ""mom_min"": 0.15, ""rsi2_max"": 100.0, ""rsi14_max"": 100.0, ""ret21_max"": 1.0, ""dist_ema20_max"": 1.0, ""dist_ema50_min"": -1.0, ""dist_hh60_min"": -1.0, ""atr_ratio_max"": 10.0, ""vol_ratio_min"": 1.3, ""atr_pct_min"": 0.0, ""atr_pct_max"": 0.02, ""up_close"": false, ""strong_close"": false}",4603,657.0570981619085,0.5120573538996307,-0.13600008990355658,0.7748672815526287,5.0,0.0,0.025028939324842053,-0.003146798793245358,-0.15859865917956603,1373,343.01505817932923,0.49162418062636565,-0.18408349917591427,0.7099809711099063,5.0,0.0,0.025393594007056725,-0.004346931883745066,-0.2190853669407513
t1_calm,breakout,1.5,2.0,7846,"{""family"": ""breakout"", ""min_ddv"": 10000000.0, ""min_price"": 5.0, ""regime"": ""spy200"", ""trend"": true, ""mom_min"": 0.15, ""rsi2_max"": 100.0, ""rsi14_max"": 100.0, ""ret21_max"": 1.0, ""dist_ema20_max"": 1.0, ""dist_ema50_min"": -1.0, ""dist_hh60_min"": -1.0, ""atr_ratio_max"": 10.0, ""vol_ratio_min"": 1.3, ""atr_pct_min"": 0.0, ""atr_pct_max"": 0.02, ""up_close"": false, ""strong_close"": false}",4603,657.0570981619085,0.36432761242667827,-0.0839761806020278,0.8933335291374894,8.0,0.0,0.025028939324842053,-0.0017311415466429033,-0.054530958719251454,1373,343.01505817932923,0.3394027676620539,-0.16897437085102185,0.7937685720656433,8.0,0.0,0.025393594007056725,-0.004031284133570329,-0.12698545020746535
t1_calm,breakout,1.5,3.0,7846,"{""family"": ""breakout"", ""min_ddv"": 10000000.0, ""min_price"": 5.0, ""regime"": ""spy200"", ""trend"": true, ""mom_min"": 0.15, ""rsi2_max"": 100.0, ""rsi14_max"": 100.0, ""ret21_max"": 1.0, ""dist_ema20_max"": 1.0, ""dist_ema50_min"": -1.0, ""dist_hh60_min"": -1.0, ""atr_ratio_max"": 10.0, ""vol_ratio_min"": 1.3, ""atr_pct_min"": 0.0, ""atr_pct_max"": 0.02, ""up_close"": false, ""strong_close"": false}",4603,657.0570981619085,0.2963284814251575,-0.0024756746902876493,0.9971692674741058,11.0,0.0,0.025028939324842053,0.00020620988554442986,0.004724081014290575,1373,343.01505817932923,0.26438455935906774,-0.1380386864253986,0.8481518998456593,10.0,0.0,0.025393594007056725,-0.0032903339908286052,-0.08291641656888085
t1_calm,breakout,1.5,4.0,7846,"{""family"": ""breakout"", ""min_ddv"": 10000000.0, ""min_price"": 5.0, ""regime"": ""spy200"", ""trend"": true, ""mom_min"": 0.15, ""rsi2_max"": 100.0, ""rsi14_max"": 100.0, ""ret21_max"": 1.0, ""dist_ema20_max"": 1.0, ""dist_ema50_min"": -1.0, ""dist_hh60_min"": -1.0, ""atr_ratio_max"": 10.0, ""vol_ratio_min"": 1.3, ""atr_pct_min"": 0.0, ""atr_pct_max"": 0.02, ""up_close"": false, ""strong_close"": false}",4602,656.9143527571373,0.2514124293785311,0.05911283095318801,1.0635186512008798,12.0,0.0,0.025026939900791828,0.0018036426972238473,0.03787649664170079,1373,343.01505817932923,0.21922796795338675,-0.09971707912829958,0.8967405569147415,10.0,0.0,0.025393594007056725,-0.002415388762485528,-0.0608677968146353
t1_calm,breakout,1.5,6.0,7846,"{""family"": ""breakout"", ""min_ddv"": 10000000.0, ""min_price"": 5.0, ""regime"": ""spy200"", ""trend"": true, ""mom_min"": 0.15, ""rsi2_max"": 100.0, ""rsi14_max"": 100.0, ""ret21_max"": 1.0, ""dist_ema20_max"": 1.0, ""dist_ema50_min"": -1.0, ""dist_hh60_min"": -1.0, ""atr_ratio_max"": 10.0, ""vol_ratio_min"": 1.3, ""atr_pct_min"": 0.0, ""atr_pct_max"": 0.02, ""up_close"": false, ""strong_close"": false}",4602,656.9143527571373,0.2081703607127336,0.25018932704047364,1.2538341877185017,13.0,0.0,0.025026939900791828,0.006504797201473519,0.12609299190548667,1373,343.01505817932923,0.1704297159504734,-0.025215470177629803,0.9757581226325172,10.0,0.0,0.025393594007056725,-0.0007689047422418379,-0.019376399504494317
t1_calm,breakout,2.0,0.5,7846,"{""family"": ""breakout"", ""min_ddv"": 10000000.0, ""min_price"": 5.0, ""regime"": ""spy200"", ""trend"": true, ""mom_min"": 0.15, ""rsi2_max"": 100.0, ""rsi14_max"": 100.0, ""ret21_max"": 1.0, ""dist_ema20_max"": 1.0, ""dist_ema50_min"": -1.0, ""dist_hh60_min"": -1.0, ""atr_ratio_max"": 10.0, ""vol_ratio_min"": 1.3, ""atr_pct_min"": 0.0, ""atr_pct_max"": 0.02, ""up_close"": false, ""strong_close"": false}",4603,657.0570981619085,0.6782533130567021,-0.08538463343402751,0.7750401467290606,4.0,0.0,0.03337191909978953,-0.0025716588214304533,-0.16201450575011855,1373,343.01505817932923,0.6518572469045885,-0.13042295975826898,0.6855670653942039,4.0,0.0,0.033858125342742254,-0.004104532080554972,-0.25858552107496324
t1_calm,breakout,2.0,1.0,7846,"{""family"": ""breakout"", ""min_ddv"": 10000000.0, ""min_price"": 5.0, ""regime"": ""spy200"", ""trend"": true, ""mom_min"": 0.15, ""rsi2_max"": 100.0, ""rsi14_max"": 100.0, ""ret21_max"": 1.0, ""dist_ema20_max"": 1.0, ""dist_ema50_min"": -1.0, ""dist_hh60_min"": -1.0, ""atr_ratio_max"": 10.0, ""vol_ratio_min"": 1.3, ""atr_pct_min"": 0.0, ""atr_pct_max"": 0.02, ""up_close"": false, ""strong_close"": false}",4603,657.0570981619085,0.5300890723441234,-0.056455292688635944,0.8984819130766317,8.0,0.0,0.03337191909978953,-0.0015706603923246502,-0.04947580235822648,1373,343.01505817932923,0.4989075018208303,-0.12938703176866875,0.7832463185286436,8.0,0.0,0.033858125342742254,-0.004064660063438887,-0.12803679199832496
t1_calm,breakout,2.0,2.0,7846,"{""family"": ""breakout"", ""min_ddv"": 10000000.0, ""min_price"": 5.0, ""regime"": ""spy200"", ""trend"": true, ""mom_min"": 0.15, ""rsi2_max"": 100.0, ""rsi14_max"": 100.0, ""ret21_max"": 1.0, ""dist_ema20_max"": 1.0, ""dist_ema50_min"": -1.0, ""dist_hh60_min"": -1.0, ""atr_ratio_max"": 10.0, ""vol_ratio_min"": 1.3, ""atr_pct_min"": 0.0, ""atr_pct_max"": 0.02, ""up_close"": false, ""strong_close"": false}",4603,657.0570981619085,0.38257658049098414,0.015882158791027626,1.021702486885116,14.0,0.0,0.03337191909978953,0.0008568404784440796,0.015423128611993433,1373,343.01505817932923,0.348871085214858,-0.09532787233605215,0.8764192694704148,13.0,0.0,0.033858125342742254,-0.0030703922936037133,-0.05951837369139506
t1_calm,breakout,2.0,3.0,7846,"{""family"": ""breakout"", ""min_ddv"": 10000000.0, ""min_price"": 5.0, ""regime"": ""spy200"", ""trend"": true, ""mom_min"": 0.15, ""rsi2_max"": 100.0, ""rsi14_max"": 100.0, ""ret21_max"": 1.0, ""dist_ema20_max"": 1.0, ""dist_ema50_min"": -1.0, ""dist_hh60_min"": -1.0, ""atr_ratio_max"": 10.0, ""vol_ratio_min"": 1.3, ""atr_pct_min"": 0.0, ""atr_pct_max"": 0.02, ""up_close"": false, ""strong_close"": false}",4602,656.9143527571373,0.31312472837896566,0.10851979130739979,1.133056712914591,18.0,0.0,0.033369253201055785,0.003963574375039708,0.055490041250555906,1373,343.01505817932923,0.2651128914785142,-0.08771538844931982,0.8993719001471456,16.0,0.0,0.033858125342742254,-0.0028342425533255545,-0.04463932021487748
t1_calm,breakout,2.0,4.0,7846,"{""family"": ""breakout"", ""min_ddv"": 10000000.0, ""min_price"": 5.0, ""regime"": ""spy200"", ""trend"": true, ""mom_min"": 0.15, ""rsi2_max"": 100.0, ""rsi14_max"": 100.0, ""ret21_max"": 1.0, ""dist_ema20_max"": 1.0, ""dist_ema50_min"": -1.0, ""dist_hh60_min"": -1.0, ""atr_ratio_max"": 10.0, ""vol_ratio_min"": 1.3, ""atr_pct_min"": 0.0, ""atr_pct_max"": 0.02, ""up_close"": false, ""strong_close"": false}",4602,656.9143527571373,0.27509778357235987,0.2265834702561476,1.2632323679341282,21.0,0.0,0.033369253201055785,0.00783147632332212,0.09397771587986543,1373,343.01505817932923,0.22359796067006554,-0.04229591197779489,0.9543809079744613,17.0,0.0,0.033858125342742254,-0.0015064470024734003,-0.022330861448429228
t1_calm,breakout,2.0,6.0,7846,"{""family"": ""breakout"", ""min_ddv"": 10000000.0, ""min_price"": 5.0, ""regime"": ""spy200"", ""trend"": true, ""mom_min"": 0.15, ""rsi2_max"": 100.0, ""rsi14_max"": 100.0, ""ret21_max"": 1.0, ""dist_ema20_max"": 1.0, ""dist_ema50_min"": -1.0, ""dist_hh60_min"": -1.0, ""atr_ratio_max"": 10.0, ""vol_ratio_min"": 1.3, ""atr_pct_min"": 0.0, ""atr_pct_max"": 0.02, ""up_close"": false, ""strong_close"": false}",4598,656.3433711380524,0.23553719008264462,0.48897220255909934,1.5377477186526098,22.0,0.001087429317094389,0.033366461638820316,0.016468755529592174,0.18864210879351037,1373,343.01505817932923,0.15367807720320467,-0.1125833652162945,0.890230036013773,18.0,0.0,0.033858125342742254,-0.004258614670797444,-0.059620605391164205
t1_calm,breakout,3.0,0.5,7846,"{""family"": ""breakout"", ""min_ddv"": 10000000.0, ""min_price"": 5.0, ""regime"": ""spy200"", ""trend"": true, ""mom_min"": 0.15, ""rsi2_max"": 100.0, ""rsi14_max"": 100.0, ""ret21_max"": 1.0, ""dist_ema20_max"": 1.0, ""dist_ema50_min"": -1.0, ""dist_hh60_min"": -1.0, ""atr_ratio_max"": 10.0, ""vol_ratio_min"": 1.3, ""atr_pct_min"": 0.0, ""atr_pct_max"": 0.02, ""up_close"": false, ""strong_close"": false}",4603,657.0570981619085,0.700412774277645,-0.018054329320713748,0.9466039597100064,8.0,0.0,0.05005787864968429,-0.0005709370611365268,-0.017984517425800595,1373,343.01505817932923,0.6576839038601602,-0.0831922991579833,0.7840245812381945,8.0,0.0,0.05078718801411345,-0.003907690877747528,-0.12309226264904714
t1_calm,breakout,3.0,1.0,7846,"{""family"": ""breakout"", ""min_ddv"": 10000000.0, ""min_price"": 5.0, ""regime"": ""spy200"", ""trend"": true, ""mom_min"": 0.15, ""rsi2_max"": 100.0, ""rsi14_max"": 100.0, ""ret21_max"": 1.0, ""dist_ema20_max"": 1.0, ""dist_ema50_min"": -1.0, ""dist_hh60_min"": -1.0, ""atr_ratio_max"": 10.0, ""vol_ratio_min"": 1.3, ""atr_pct_min"": 0.0, ""atr_pct_max"": 0.02, ""up_close"": false, ""strong_close"": false}",4603,657.0570981619085,0.5542037801433848,0.03130310385591869,1.0622298599417308,16.0,0.0,0.05005787864968429,0.0020683397886857883,0.03257635167180117,1373,343.01505817932923,0.5120174799708667,-0.05841516730005026,0.8936933263446746,15.0,0.0,0.05078718801411345,-0.0029295505760401513,-0.04921644967747454
t1_calm,breakout,3.0,2.0,7846,"{""family"": ""breakout"", ""min_ddv"": 10000000.0, ""min_price"": 5.0, ""regime"": ""spy200"", ""trend"": true, ""mom_min"": 0.15, ""rsi2_max"": 100.0, ""rsi14_max"": 100.0, ""ret21_max"": 1.0, ""dist_ema20_max"": 1.0, ""dist_ema50_min"": -1.0, ""dist_hh60_min"": -1.0, ""atr_ratio_max"": 10.0, ""vol_ratio_min"": 1.3, ""atr_pct_min"": 0.0, ""atr_pct_max"": 0.02, ""up_close"": false, ""strong_close"": false}",4602,656.9143527571373,0.4226423294219904,0.1765991189974142,1.2700047245198391,28.0,0.0,0.05005387980158367,0.00929088168888103,0.08361793519992926,1373,343.01505817932923,0.3619810633648944,-0.006802763270056507,0.9905407673985583,25.0,0.0,0.05078718801411345,-0.0005643244900981468,-0.00568839086018932
t1_calm,breakout,3.0,3.0,7846,"{""family"": ""breakout"", ""min_ddv"": 10000000.0, ""min_price"": 5.0, ""regime"": ""spy200"", ""trend"": true, ""mom_min"": 0.15, ""rsi2_max"": 100.0, ""rsi14_max"": 100.0, ""ret21_max"": 1.0, ""dist_ema20_max"": 1.0, ""dist_ema50_min"": -1.0, ""dist_hh60_min"": -1.0, ""atr_ratio_max"": 10.0, ""vol_ratio_min"": 1.3, ""atr_pct_min"": 0.0, ""atr_pct_max"": 0.02, ""up_close"": false, ""strong_close"": false}",4599,656.4861165428237,0.365514242226571,0.3634005819600471,1.5039187284464144,38.0,0.00021743857360295715,0.05004950396297785,0.01852972612736576,0.12288134168674135,1373,343.01505817932923,0.2855061908230153,0.03409074508283934,1.041906155475253,29.0,0.0,0.05078718801411345,0.0010348670258483927,0.008992637603923966
t1_calm,breakout,3.0,4.0,7846,"{""family"": ""breakout"", ""min_ddv"": 10000000.0, ""min_price"": 5.0, ""regime"": ""spy200"", ""trend"": true, ""mom_min"": 0.15, ""rsi2_max"": 100.0, ""rsi14_max"": 100.0, ""ret21_max"": 1.0, ""dist_ema20_max"": 1.0, ""dist_ema50_min"": -1.0, ""dist_hh60_min"": -1.0, ""atr_ratio_max"": 10.0, ""vol_ratio_min"": 1.3, ""atr_pct_min"": 0.0, ""atr_pct_max"": 0.02, ""up_close"": false, ""strong_close"": false}",4588,654.9159170903403,0.32911944202266785,0.5396360903902159,1.707669927345488,44.0,0.0017436791630340018,0.05004402381806444,0.027192095649958337,0.15573654781339774,1372,342.7652292950034,0.21355685131195334,-0.05750546225319921,0.9363898426606072,31.0,0.0,0.05077891780758907,-0.003892901851069729,-0.031645524724824896
t1_calm,breakout,3.0,6.0,7846,"{""family"": ""breakout"", ""min_ddv"": 10000000.0, ""min_price"": 5.0, ""regime"": ""spy200"", ""trend"": true, ""mom_min"": 0.15, ""rsi2_max"": 100.0, ""rsi14_max"": 100.0, ""ret21_max"": 1.0, ""dist_ema20_max"": 1.0, ""dist_ema50_min"": -1.0, ""dist_hh60_min"": -1.0, ""atr_ratio_max"": 10.0, ""vol_ratio_min"": 1.3, ""atr_pct_min"": 0.0, ""atr_pct_max"": 0.02, ""up_close"": false, ""strong_close"": false}",4556,650.3480641376613,0.2787532923617208,0.80990099017767,1.9883346271733164,50.0,0.010535557506584723,0.05004402381806444,0.04036939822067884,0.20346176703222135,1368,341.7659137577002,0.12207602339181287,-0.2914463235147946,0.7139425021686736,31.0,0.0,0.05074836597581965,-0.016094629076042,-0.13083375894072852
t1_calm,meanrev,1.0,0.5,49358,"{""family"": ""meanrev"", ""min_ddv"": 10000000.0, ""min_price"": 5.0, ""regime"": ""spy200"", ""trend"": true, ""mom_min"": 0.0, ""rsi2_max"": 10.0, ""rsi14_max"": 100.0, ""ret21_max"": 1.0, ""dist_ema20_max"": 0.0, ""dist_ema50_min"": -1.0, ""dist_hh60_min"": -1.0, ""atr_ratio_max"": 10.0, ""vol_ratio_min"": 0.0, ""atr_pct_min"": 0.0, ""atr_pct_max"": 0.02, ""up_close"": false, ""strong_close"": false}",29494,4210.132968322253,0.6678646504373771,-0.2054005739531916,0.5279747721743632,1.0,0.0,0.016013018994946754,-0.003119958295933542,-0.7862294905752526,9117,2277.6899383983573,0.6508719973675551,-0.21983414318467587,0.5159249748586288,1.0,0.0,0.016959814734583006,-0.003548163796404614,-0.8941372766939628
t1_calm,meanrev,1.0,1.0,49358,"{""family"": ""meanrev"", ""min_ddv"": 10000000.0, ""min_price"": 5.0, ""regime"": ""spy200"", ""trend"": true, ""mom_min"": 0.0, ""rsi2_max"": 10.0, ""rsi14_max"": 100.0, ""ret21_max"": 1.0, ""dist_ema20_max"": 0.0, ""dist_ema50_min"": -1.0, ""dist_hh60_min"": -1.0, ""atr_ratio_max"": 10.0, ""vol_ratio_min"": 0.0, ""atr_pct_min"": 0.0, ""atr_pct_max"": 0.02, ""up_close"": false, ""strong_close"": false}",29494,4210.132968322253,0.5281413168780091,-0.1738768673314928,0.7222138139194632,2.0,0.0,0.016013018994946754,-0.00260997829039125,-0.3288572645892975,9117,2277.6899383983573,0.5043325655369091,-0.21880879688557106,0.6658967996609472,2.0,0.0,0.016959814734583006,-0.003506227613608821,-0.44178467931471144
t1_calm,meanrev,1.0,2.0,49358,"{""family"": ""meanrev"", ""min_ddv"": 10000000.0, ""min_price"": 5.0, ""regime"": ""spy200"", ""trend"": true, ""mom_min"": 0.0, ""rsi2_max"": 10.0, ""rsi14_max"": 100.0, ""ret21_max"": 1.0, ""dist_ema20_max"": 0.0, ""dist_ema50_min"": -1.0, ""dist_hh60_min"": -1.0, ""atr_ratio_max"": 10.0, ""vol_ratio_min"": 0.0, ""atr_pct_min"": 0.0, ""atr_pct_max"": 0.02, ""up_close"": false, ""strong_close"": false}",29494,4210.132968322253,0.37617820573676003,-0.13204725934749806,0.8419797723200477,4.0,0.0,0.016013018994946754,-0.001911725400812551,-0.12043870025119072,9117,2277.6899383983573,0.34945705824284307,-0.2105652520836846,0.7566530415088619,4.0,0.0,0.016959814734583006,-0.003418783455576812,-0.21538335770133915
t1_calm,meanrev,1.0,3.0,49358,"{""family"": ""meanrev"", ""min_ddv"": 10000000.0, ""min_price"": 5.0, ""regime"": ""spy200"", ""trend"": true, ""mom_min"": 0.0, ""rsi2_max"": 10.0, ""rsi14_max"": 100.0, ""ret21_max"": 1.0, ""dist_ema20_max"": 0.0, ""dist_ema50_min"": -1.0, ""dist_hh60_min"": -1.0, ""atr_ratio_max"": 10.0, ""vol_ratio_min"": 0.0, ""atr_pct_min"": 0.0, ""atr_pct_max"": 0.02, ""up_close"": false, ""strong_close"": false}",29494,4210.132968322253,0.29429714518207095,-0.10549566103806561,0.8891126312974791,5.0,0.0,0.016013018994946754,-0.001508444090905937,-0.07602558218165922,9117,2277.6899383983573,0.27289678622353847,-0.1889655813121142,0.8061236958197673,5.0,0.0,0.016959814734583006,-0.003072509335331403,-0.15485447050070272
t1_calm,meanrev,1.0,4.0,49358,"{""family"": ""meanrev"", ""min_ddv"": 10000000.0, ""min_price"": 5.0, ""regime"": ""spy200"", ""trend"": true, ""mom_min"": 0.0, ""rsi2_max"": 10.0, ""rsi14_max"": 100.0, ""ret21_max"": 1.0, ""dist_ema20_max"": 0.0, ""dist_ema50_min"": -1.0, ""dist_hh60_min"": -1.0, ""atr_ratio_max"": 10.0, ""vol_ratio_min"": 0.0, ""atr_pct_min"": 0.0, ""atr_pct_max"": 0.02, ""up_close"": false, ""strong_close"": false}",29494,4210.132968322253,0.2501864786058181,-0.04288976201209419,0.9576616095305279,6.0,0.0,0.016013018994946754,-0.0005265029413362879,-0.02211312353612409,9117,2277.6899383983573,0.2324229461445651,-0.12751644532762685,0.8762085415960799,5.0,0.0,0.016959814734583006,-0.0020975346674451285,-0.10571574723923446
t1_calm,meanrev,1.0,6.0,49358,"{""family"": ""meanrev"", ""min_ddv"": 10000000.0, ""min_price"": 5.0, ""regime"": ""spy200"", ""trend"": true, ""mom_min"": 0.0, ""rsi2_max"": 10.0, ""rsi14_max"": 100.0, ""ret21_max"": 1.0, ""dist_ema20_max"": 0.0, ""dist_ema50_min"": -1.0, ""dist_hh60_min"": -1.0, ""atr_ratio_max"": 10.0, ""vol_ratio_min"": 0.0, ""atr_pct_min"": 0.0, ""atr_pct_max"": 0.02, ""up_close"": false, ""strong_close"": false}",29494,4210.132968322253,0.1972943649555842,0.07196199467226876,1.0659986790175264,6.0,0.0,0.016013018994946754,0.0012610112104496291,0.052962470838884425,9117,2277.6899383983573,0.17769002961500494,-0.06247775485162795,0.9435379614167184,5.0,0.0,0.016959814734583006,-0.0010826003564443655,-0.054563057964796026
t1_calm,meanrev,1.5,0.5,49358,"{""family"": ""meanrev"", ""min_ddv"": 10000000.0, ""min_price"": 5.0, ""regime"": ""spy200"", ""trend"": true, ""mom_min"": 0.0, ""rsi2_max"": 10.0, ""rsi14_max"": 100.0, ""ret21_max"": 1.0, ""dist_ema20_max"": 0.0, ""dist_ema50_min"": -1.0, ""dist_hh60_min"": -1.0, ""atr_ratio_max"": 10.0, ""vol_ratio_min"": 0.0, ""atr_pct_min"": 0.0, ""atr_pct_max"": 0.02, ""up_close"": false, ""strong_close"": false}",29495,4210.275713727024,0.6890998474317681,-0.10522030695989124,0.7242641141355197,2.0,0.0,0.02401948284273609,-0.0023466557314398163,-0.2956786221614168,9132,2281.4373716632444,0.6552781427945685,-0.15620159778838863,0.6308892365923093,2.0,0.0,0.02542887401321933,-0.0037489279820796407,-0.4723649257420347
t1_calm,meanrev,1.5,1.0,49358,"{""family"": ""meanrev"", ""min_ddv"": 10000000.0, ""min_price"": 5.0, ""regime"": ""spy200"", ""trend"": true, ""mom_min"": 0.0, ""rsi2_max"": 10.0, ""rsi14_max"": 100.0, ""ret21_max"": 1.0, ""dist_ema20_max"": 0.0, ""dist_ema50_min"": -1.0, ""dist_hh60_min"": -1.0, ""atr_ratio_max"": 10.0, ""vol_ratio_min"": 0.0, ""atr_pct_min"": 0.0, ""atr_pct_max"": 0.02, ""up_close"": false, ""strong_close"": false}",29495,4210.275713727024,0.5431429055772165,-0.07158446492114084,0.873527913790922,4.0,0.0,0.02401948284273609,-0.001531191214492058,-0.09646504651299964,9132,2281.4373716632444,0.5036136662286466,-0.15294034570088216,0.7505380677297804,4.0,0.0,0.02542887401321933,-0.0036418650612168204,-0.22943749885665968
t1_calm,meanrev,1.5,2.0,49358,"{""family"": ""meanrev"", ""min_ddv"": 10000000.0, ""min_price"": 5.0, ""regime"": ""spy200"", ""trend"": true, ""mom_min"": 0.0, ""rsi2_max"": 10.0, ""rsi14_max"": 100.0, ""ret21_max"": 1.0, ""dist_ema20_max"": 0.0, ""dist_ema50_min"": -1.0, ""dist_hh60_min"": -1.0, ""atr_ratio_max"": 10.0, ""vol_ratio_min"": 0.0, ""atr_pct_min"": 0.0, ""atr_pct_max"": 0.02, ""up_close"": false, ""strong_close"": false}",29495,4210.275713727024,0.3873198847262248,-0.02266251407142658,0.9703807882785253,8.0,0.0,0.02401948284273609,-0.00038893587628938673,-0.012251480103115681,9132,2281.4373716632444,0.35216819973718794,-0.1277442281788844,0.8409752791587983,7.0,0.0,0.02542887401321933,-0.003028759067478292,-0.10903532642921851
t1_calm,meanrev,1.5,3.0,49358,"{""family"": ""meanrev"", ""min_ddv"": 10000000.0, ""min_price"": 5.0, ""regime"": ""spy200"", ""trend"": true, ""mom_min"": 0.0, ""rsi2_max"": 10.0, ""rsi14_max"": 100.0, ""ret21_max"": 1.0, ""dist_ema20_max"": 0.0, ""dist_ema50_min"": -1.0, ""dist_hh60_min"": -1.0, ""atr_ratio_max"": 10.0, ""vol_ratio_min"": 0.0, ""atr_pct_min"": 0.0, ""atr_pct_max"": 0.02, ""up_close"": false, ""strong_close"": false}",29495,4210.275713727024,0.31747753856585864,0.07174711986306866,1.0838505645723113,10.0,0.0,0.02401948284273609,0.0018434140444550705,0.04645403392026778,9132,2281.4373716632444,0.2842750766535261,-0.058364431172966504,0.934298944233532,9.0,0.0,0.02542887401321933,-0.0013817295233265606,-0.0386884266531437
t1_calm,meanrev,1.5,4.0,49358,"{""family"": ""meanrev"", ""min_ddv"": 10000000.0, ""min_price"": 5.0, ""regime"": ""spy200"", ""trend"": true, ""mom_min"": 0.0, ""rsi2_max"": 10.0, ""rsi14_max"": 100.0, ""ret21_max"": 1.0, ""dist_ema20_max"": 0.0, ""dist_ema50_min"": -1.0, ""dist_hh60_min"": -1.0, ""atr_ratio_max"": 10.0, ""vol_ratio_min"": 0.0, ""atr_pct_min"": 0.0, ""atr_pct_max"": 0.02, ""up_close"": false, ""strong_close"": false}",29494,4210.132968322253,0.2716484708754323,0.14948027219096238,1.162947159161676,11.0,0.0,0.024019397619115125,0.003669238278777491,0.0840589132956298,9132,2281.4373716632444,0.23904949627682873,-0.008840519477077228,0.9906483026130692,10.0,0.0,0.02542887401321933,-0.00024113077006136297,-0.006076495405546347
t1_calm,meanrev,1.5,6.0,49358,"{""family"": ""meanrev"", ""min_ddv"": 10000000.0, ""min_price"": 5.0, ""regime"": ""spy200"", ""trend"": true, ""mom_min"": 0.0, ""rsi2_max"": 10.0, ""rsi14_max"": 100.0, ""ret21_max"": 1.0, ""dist_ema20_max"": 0.0, ""dist_ema50_min"": -1.0, ""dist_hh60_min"": -1.0, ""atr_ratio_max"": 10.0, ""vol_ratio_min"": 0.0, ""atr_pct_min"": 0.0, ""atr_pct_max"": 0.02, ""up_close"": false, ""strong_close"": false}",29459,4205.1368791552595,0.22010251536033132,0.3156314189984213,1.3192502048336638,13.0,0.0,0.024019312395494156,0.007485466044410194,0.14510288024548992,9132,2281.4373716632444,0.17816469557599648,0.02730579228309018,1.0266026181999255,10.0,0.0,0.02542887401321933,0.000564037596541589,0.014213747432848043
t1_calm,meanrev,2.0,0.5,49358,"{""family"": ""meanrev"", ""min_ddv"": 10000000.0, ""min_price"": 5.0, ""regime"": ""spy200"", ""trend"": true, ""mom_min"": 0.0, ""rsi2_max"": 10.0, ""rsi14_max"": 100.0, ""ret21_max"": 1.0, ""dist_ema20_max"": 0.0, ""dist_ema50_min"": -1.0, ""dist_hh60_min"": -1.0, ""atr_ratio_max"": 10.0, ""vol_ratio_min"": 0.0, ""atr_pct_min"": 0.0, ""atr_pct_max"": 0.02, ""up_close"": false, ""strong_close"": false}",29495,4210.275713727024,0.7041532463129344,-0.04880256284597762,0.8610945827377816,4.0,0.0,0.03202597712364808,-0.0013634045104146144,-0.0858944841561207,9132,2281.4373716632444,0.6591108190976785,-0.11661284338667961,0.7099442490612645,3.0,0.0,0.03390516535095916,-0.0037211946325278753,-0.3125803491323415
t1_calm,meanrev,2.0,1.0,49358,"{""family"": ""meanrev"", ""min_ddv"": 10000000.0, ""min_price"": 5.0, ""regime"": ""spy200"", ""trend"": true, ""mom_min"": 0.0, ""rsi2_max"": 10.0, ""rsi14_max"": 100.0, ""ret21_max"": 1.0, ""dist_ema20_max"": 0.0, ""dist_ema50_min"": -1.0, ""dist_hh60_min"": -1.0, ""atr_ratio_max"": 10.0, ""vol_ratio_min"": 0.0, ""atr_pct_min"": 0.0, ""atr_pct_max"": 0.02, ""up_close"": false, ""strong_close"": false}",29495,4210.275713727024,0.5591795219528733,-0.00257015049751111,0.9951117102412934,7.0,0.0,0.03202597712364808,0.00012893195701877845,0.004641550452676024,9132,2281.4373716632444,0.5053657468243539,-0.11061625109514224,0.8108031307797008,6.0,0.0,0.03390516535095916,-0.0035226153017147983,-0.14794984267202152
t1_calm,meanrev,2.0,2.0,49358,"{""family"": ""meanrev"", ""min_ddv"": 10000000.0, ""min_price"": 5.0, ""regime"": ""spy200"", ""trend"": true, ""mom_min"": 0.0, ""rsi2_max"": 10.0, ""rsi14_max"": 100.0, ""ret21_max"": 1.0, ""dist_ema20_max"": 0.0, ""dist_ema50_min"": -1.0, ""dist_hh60_min"": -1.0, ""atr_ratio_max"": 10.0, ""vol_ratio_min"": 0.0, ""atr_pct_min"": 0.0, ""atr_pct_max"": 0.02, ""up_close"": false, ""strong_close"": false}",29495,4210.275713727024,0.4139006611290049,0.1015091314008393,1.144600446202802,13.0,0.0,0.03202597712364808,0.003399567619513425,0.06589931077826024,9132,2281.4373716632444,0.37166009636443276,-0.023243910925268507,0.9687842502241163,11.0,0.0,0.03390516535095916,-0.0007393431633210296,-0.016937679741536316
t1_calm,meanrev,2.0,3.0,49358,"{""family"": ""meanrev"", ""min_ddv"": 10000000.0, ""min_price"": 5.0, ""regime"": ""spy200"", ""trend"": true, ""mom_min"": 0.0, ""rsi2_max"": 10.0, ""rsi14_max"": 100.0, ""ret21_max"": 1.0, ""dist_ema20_max"": 0.0, ""dist_ema50_min"": -1.0, ""dist_hh60_min"": -1.0, ""atr_ratio_max"": 10.0, ""vol_ratio_min"": 0.0, ""atr_pct_min"": 0.0, ""atr_pct_max"": 0.02, ""up_close"": false, ""strong_close"": false}",29490,4209.561986703167,0.3406578501186843,0.20857180680937917,1.262430306420632,17.0,0.0,0.03202539820715418,0.006794274728019548,0.10071513126240741,9132,2281.4373716632444,0.29752518615856327,0.04096662623185703,1.0491698600001966,15.0,0.0,0.03390516535095916,0.0013152319186339014,0.022095896233049542
t1_calm,meanrev,2.0,4.0,49358,"{""family"": ""meanrev"", ""min_ddv"": 10000000.0, ""min_price"": 5.0, ""regime"": ""spy200"", ""trend"": true, ""mom_min"": 0.0, ""rsi2_max"": 10.0, ""rsi14_max"": 100.0, ""ret21_max"": 1.0, ""dist_ema20_max"": 0.0, ""dist_ema50_min"": -1.0, ""dist_hh60_min"": -1.0, ""atr_ratio_max"": 10.0, ""vol_ratio_min"": 0.0, ""atr_pct_min"": 0.0, ""atr_pct_max"": 0.02, ""up_close"": false, ""strong_close"": false}",29459,4205.1368791552595,0.29746427237856005,0.3238425925136322,1.3809366016150322,20.0,0.0,0.03202798717811747,0.010371623146925895,0.1306824516512663,9132,2281.4373716632444,0.24551029347349979,0.06781469527483909,1.0754884885518592,17.0,0.0,0.03390516535095916,0.002156124103692974,0.031961369066507615
t1_calm,meanrev,2.0,6.0,49358,"{""family"": ""meanrev"", ""min_ddv"": 10000000.0, ""min_price"": 5.0, ""regime"": ""spy200"", ""trend"": true, ""mom_min"": 0.0, ""rsi2_max"": 10.0, ""rsi14_max"": 100.0, ""ret21_max"": 1.0, ""dist_ema20_max"": 0.0, ""dist_ema50_min"": -1.0, ""dist_hh60_min"": -1.0, ""atr_ratio_max"": 10.0, ""vol_ratio_min"": 0.0, ""atr_pct_min"": 0.0, ""atr_pct_max"": 0.02, ""up_close"": false, ""strong_close"": false}",29323,4185.723504106374,0.24404051427207313,0.5332286149032851,1.5814826894604088,22.0,0.00017051461310234288,0.03202941555785644,0.017036354848260608,0.19514370098916697,9131,2281.1875427789187,0.16361844266783485,-0.033872114359517654,0.9662772726378575,17.0,0.0003285510896944475,0.03390506840565073,-0.0012833913883107183,-0.019024389991429472
t1_calm,meanrev,3.0,0.5,49358,"{""family"": ""meanrev"", ""min_ddv"": 10000000.0, ""min_price"": 5.0, ""regime"": ""spy200"", ""trend"": true, ""mom_min"": 0.0, ""rsi2_max"": 10.0, ""rsi14_max"": 100.0, ""ret21_max"": 1.0, ""dist_ema20_max"": 0.0, ""dist_ema50_min"": -1.0, ""dist_hh60_min"": -1.0, ""atr_ratio_max"": 10.0, ""vol_ratio_min"": 0.0, ""atr_pct_min"": 0.0, ""atr_pct_max"": 0.02, ""up_close"": false, ""strong_close"": false}",29495,4210.275713727024,0.7143922698762503,0.0007141965133095176,1.0021992972087528,7.0,0.0,0.04803896568547206,0.00022442792722877626,0.008079405380235946,9132,2281.4373716632444,0.6657906263688129,-0.07315148359686321,0.8065205970796414,6.0,0.0,0.050857748026438734,-0.0034530666000636675,-0.14502879720267403
t1_calm,meanrev,3.0,1.0,49358,"{""family"": ""meanrev"", ""min_ddv"": 10000000.0, ""min_price"": 5.0, ""regime"": ""spy200"", ""trend"": true, ""mom_min"": 0.0, ""rsi2_max"": 10.0, ""rsi14_max"": 100.0, ""ret21_max"": 1.0, ""dist_ema20_max"": 0.0, ""dist_ema50_min"": -1.0, ""dist_hh60_min"": -1.0, ""atr_ratio_max"": 10.0, ""vol_ratio_min"": 0.0, ""atr_pct_min"": 0.0, ""atr_pct_max"": 0.02, ""up_close"": false, ""strong_close"": false}",29495,4210.275713727024,0.574504153246313,0.06544205708662268,1.1348292059159664,14.0,0.0,0.04803896568547206,0.003344927263189297,0.060208690737407346,9132,2281.4373716632444,0.5332895313184407,-0.015257435387564883,0.9710462497498346,13.0,0.0,0.050857748026438734,-0.0005708120051642205,-0.011064971177029505
t1_calm,meanrev,3.0,2.0,49358,"{""family"": ""meanrev"", ""min_ddv"": 10000000.0, ""min_price"": 5.0, ""regime"": ""spy200"", ""trend"": true, ""mom_min"": 0.0, ""rsi2_max"": 10.0, ""rsi14_max"": 100.0, ""ret21_max"": 1.0, ""dist_ema20_max"": 0.0, ""dist_ema50_min"": -1.0, ""dist_hh60_min"": -1.0, ""atr_ratio_max"": 10.0, ""vol_ratio_min"": 0.0, ""atr_pct_min"": 0.0, ""atr_pct_max"": 0.02, ""up_close"": false, ""strong_close"": false}",29473,4207.135314822057,0.4420656193804499,0.22747169213533155,1.3555382059658778,26.0,0.0,0.04803660100177089,0.011028946671047753,0.10689594465784746,9132,2281.4373716632444,0.3932325886990802,0.08433973442174311,1.1229637680125686,23.0,0.0,0.050857748026438734,0.004112933243150304,0.04506344249016854
t1_calm,meanrev,3.0,3.0,49358,"{""family"": ""meanrev"", ""min_ddv"": 10000000.0, ""min_price"": 5.0, ""regime"": ""spy200"", ""trend"": true, ""mom_min"": 0.0, ""rsi2_max"": 10.0, ""rsi14_max"": 100.0, ""ret21_max"": 1.0, ""dist_ema20_max"": 0.0, ""dist_ema50_min"": -1.0, ""dist_hh60_min"": -1.0, ""atr_ratio_max"": 10.0, ""vol_ratio_min"": 0.0, ""atr_pct_min"": 0.0, ""atr_pct_max"": 0.02, ""up_close"": false, ""strong_close"": false}",29354,4190.148611654282,0.3742249778565102,0.38937727623911317,1.5413881987190012,36.0,0.0,0.04803809731073132,0.018638359771445612,0.13046851840011928,9132,2281.4373716632444,0.29971528690319754,0.0896531204994507,1.1125230663370798,31.0,0.00010950503723171266,0.050857748026438734,0.004316262950236378,0.03508704075676023
t1_calm,meanrev,3.0,4.0,49358,"{""family"": ""meanrev"", ""min_ddv"": 10000000.0, ""min_price"": 5.0, ""regime"": ""spy200"", ""trend"": true, ""mom_min"": 0.0, ""rsi2_max"": 10.0, ""rsi14_max"": 100.0, ""ret21_max"": 1.0, ""dist_ema20_max"": 0.0, ""dist_ema50_min"": -1.0, ""dist_hh60_min"": -1.0, ""atr_ratio_max"": 10.0, ""vol_ratio_min"": 0.0, ""atr_pct_min"": 0.0, ""atr_pct_max"": 0.02, ""up_close"": false, ""strong_close"": false}",29208,4169.307782557685,0.3324431662558203,0.5482428258350798,1.714298903134514,44.0,0.0007532182963571624,0.04803724586023543,0.026288701280732397,0.15056256188055828,9120,2278.4394250513346,0.21853070175438596,-0.03059548560962382,0.9658333038838418,35.0,0.0003289473684210526,0.05084363224734596,-0.0017146034584188488,-0.012345144900615711
t1_calm,meanrev,3.0,6.0,49358,"{""family"": ""meanrev"", ""min_ddv"": 10000000.0, ""min_price"": 5.0, ""regime"": ""spy200"", ""trend"": true, ""mom_min"": 0.0, ""rsi2_max"": 10.0, ""rsi14_max"": 100.0, ""ret21_max"": 1.0, ""dist_ema20_max"": 0.0, ""dist_ema50_min"": -1.0, ""dist_hh60_min"": -1.0, ""atr_ratio_max"": 10.0, ""vol_ratio_min"": 0.0, ""atr_pct_min"": 0.0, ""atr_pct_max"": 0.02, ""up_close"": false, ""strong_close"": false}",28866,4120.488854125929,0.2876394374004019,0.8665431273655537,2.0579624534970917,50.0,0.010046421395413289,0.04803428155489095,0.041447878804265925,0.20889730917350025,9071,2266.19780971937,0.11365891301951274,-0.3501985880284504,0.6577299678744217,36.0,0.0015433800022048286,0.05080823874294374,-0.01745146301549744,-0.12216024110848209
t1_calm,meanrev,1.0,0.5,19945,"{""family"": ""meanrev"", ""min_ddv"": 10000000.0, ""min_price"": 5.0, ""regime"": ""spy200"", ""trend"": true, ""mom_min"": 0.15, ""rsi2_max"": 100.0, ""rsi14_max"": 100.0, ""ret21_max"": 1.0, ""dist_ema20_max"": 0.0, ""dist_ema50_min"": -1.0, ""dist_hh60_min"": -0.1, ""atr_ratio_max"": 10.0, ""vol_ratio_min"": 0.0, ""atr_pct_min"": 0.0, ""atr_pct_max"": 0.02, ""up_close"": true, ""strong_close"": false}",11229,1602.8881501759874,0.6595422566568706,-0.21740206179881466,0.5169808374753398,2.0,0.0,0.016857138036808435,-0.0034995797476665425,-0.44094704820598435,3835,958.0937713894592,0.6237288135593221,-0.25891907209744824,0.4705103866807741,2.0,0.0,0.01733806419412804,-0.0042736067222266805,-0.5384744470005618
t1_calm,meanrev,1.0,1.0,19945,"{""family"": ""meanrev"", ""min_ddv"": 10000000.0, ""min_price"": 5.0, ""regime"": ""spy200"", ""trend"": true, ""mom_min"": 0.15, ""rsi2_max"": 100.0, ""rsi14_max"": 100.0, ""ret21_max"": 1.0, ""dist_ema20_max"": 0.0, ""dist_ema50_min"": -1.0, ""dist_hh60_min"": -0.1, ""atr_ratio_max"": 10.0, ""vol_ratio_min"": 0.0, ""atr_pct_min"": 0.0, ""atr_pct_max"": 0.02, ""up_close"": true, ""strong_close"": false}",11229,1602.8881501759874,0.5262267343485617,-0.1762058946758301,0.7211155377331151,3.0,0.0,0.016857138036808435,-0.002810289384737373,-0.23606430831793934,3835,958.0937713894592,0.4664928292046936,-0.29287525880802473,0.5830210677287734,2.0,0.0,0.01733806419412804,-0.004846978842088446,-0.6107193341031442
t1_calm,meanrev,1.0,2.0,19945,"{""family"": ""meanrev"", ""min_ddv"": 10000000.0, ""min_price"": 5.0, ""regime"": ""spy200"", ""trend"": true, ""mom_min"": 0.15, ""rsi2_max"": 100.0, ""rsi14_max"": 100.0, ""ret21_max"": 1.0, ""dist_ema20_max"": 0.0, ""dist_ema50_min"": -1.0, ""dist_hh60_min"": -0.1, ""atr_ratio_max"": 10.0, ""vol_ratio_min"": 0.0, ""atr_pct_min"": 0.0, ""atr_pct_max"": 0.02, ""up_close"": true, ""strong_close"": false}",11229,1602.8881501759874,0.37697034464333423,-0.1272399959974415,0.8476353175733874,4.0,0.0,0.016857138036808435,-0.0020082500595533246,-0.12651975375185945,3835,958.0937713894592,0.318122555410691,-0.30319609772846945,0.6649172391878376,4.0,0.0,0.01733806419412804,-0.0049865960775207704,-0.31415555288380853
t1_calm,meanrev,1.0,3.0,19945,"{""family"": ""meanrev"", ""min_ddv"": 10000000.0, ""min_price"": 5.0, ""regime"": ""spy200"", ""trend"": true, ""mom_min"": 0.15, ""rsi2_max"": 100.0, ""rsi14_max"": 100.0, ""ret21_max"": 1.0, ""dist_ema20_max"": 0.0, ""dist_ema50_min"": -1.0, ""dist_hh60_min"": -0.1, ""atr_ratio_max"": 10.0, ""vol_ratio_min"": 0.0, ""atr_pct_min"": 0.0, ""atr_pct_max"": 0.02, ""up_close"": true, ""strong_close"": false}",11229,1602.8881501759874,0.29477246415531216,-0.09443974182254836,0.9001842096158947,5.0,0.0,0.016857138036808435,-0.0014982215326276515,-0.07551036524443364,3835,958.0937713894592,0.24458930899608866,-0.2998679827050944,0.7023000323831394,5.0,0.0,0.01733806419412804,-0.0048953769774997885,-0.24672699966598932
t1_calm,meanrev,1.0,4.0,19945,"{""family"": ""meanrev"", ""min_ddv"": 10000000.0, ""min_price"": 5.0, ""regime"": ""spy200"", ""trend"": true, ""mom_min"": 0.15, ""rsi2_max"": 100.0, ""rsi14_max"": 100.0, ""ret21_max"": 1.0, ""dist_ema20_max"": 0.0, ""dist_ema50_min"": -1.0, ""dist_hh60_min"": -0.1, ""atr_ratio_max"": 10.0, ""vol_ratio_min"": 0.0, ""atr_pct_min"": 0.0, ""atr_pct_max"": 0.02, ""up_close"": true, ""strong_close"": false}",11229,1602.8881501759874,0.2457921453379642,-0.055591705282050964,0.9452290181910395,6.0,0.0,0.016857138036808435,-0.0008028273432090446,-0.03371874841477988,3835,958.0937713894592,0.20599739243807041,-0.2561267221577246,0.757907470720407,5.0,0.0,0.01733806419412804,-0.004110375520090477,-0.20716292621256005
t1_calm,meanrev,1.0,6.0,19945,"{""family"": ""meanrev"", ""min_ddv"": 10000000.0, ""min_price"": 5.0, ""regime"": ""spy200"", ""trend"": true, ""mom_min"": 0.15, ""rsi2_max"": 100.0, ""rsi14_max"": 100.0, ""ret21_max"": 1.0, ""dist_ema20_max"": 0.0, ""dist_ema50_min"": -1.0, ""dist_hh60_min"": -0.1, ""atr_ratio_max"": 10.0, ""vol_ratio_min"": 0.0, ""atr_pct_min"": 0.0, ""atr_pct_max"": 0.02, ""up_close"": true, ""strong_close"": false}",11228,1602.7454047712163,0.1904168151050944,0.03165951408566334,1.0288970952121572,6.0,0.0,0.016856714551191802,0.0006039745693974543,0.02536693191469308,3835,958.0937713894592,0.1577574967405476,-0.19515881697184384,0.8268303692688893,5.0,0.0,0.01733806419412804,-0.0029738531369316915,-0.14988219810135725
t1_calm,meanrev,1.5,0.5,19945,"{""family"": ""meanrev"", ""min_ddv"": 10000000.0, ""min_price"": 5.0, ""regime"": ""spy200"", ""trend"": true, ""mom_min"": 0.15, ""rsi2_max"": 100.0, ""rsi14_max"": 100.0, ""ret21_max"": 1.0, ""dist_ema20_max"": 0.0, ""dist_ema50_min"": -1.0, ""dist_hh60_min"": -0.1, ""atr_ratio_max"": 10.0, ""vol_ratio_min"": 0.0, ""atr_pct_min"": 0.0, ""atr_pct_max"": 0.02, ""up_close"": true, ""strong_close"": false}",11233,1603.4591317950724,0.6842339535297783,-0.10960993776361151,0.7182403636978797,3.0,0.0,0.025283721538908878,-0.0025878454865902894,-0.2173790208735843,3838,958.8432580424367,0.6281917665450756,-0.19748492454041644,0.5693051819163056,3.0,0.0,0.026002345274046452,-0.004870718773934692,-0.40914037701051414
t1_calm,meanrev,1.5,1.0,19945,"{""family"": ""meanrev"", ""min_ddv"": 10000000.0, ""min_price"": 5.0, ""regime"": ""spy200"", ""trend"": true, ""mom_min"": 0.15, ""rsi2_max"": 100.0, ""rsi14_max"": 100.0, ""ret21_max"": 1.0, ""dist_ema20_max"": 0.0, ""dist_ema50_min"": -1.0, ""dist_hh60_min"": -0.1, ""atr_ratio_max"": 10.0, ""vol_ratio_min"": 0.0, ""atr_pct_min"": 0.0, ""atr_pct_max"": 0.02, ""up_close"": true, ""strong_close"": false}",11233,1603.4591317950724,0.5401050476275261,-0.0753826210920323,0.867718159722352,5.0,0.0,0.025283721538908878,-0.0017207429167093885,-0.08672544300215318,3838,958.8432580424367,0.4799374674309536,-0.19986203554086196,0.6885882321333812,4.0,0.0,0.026002345274046452,-0.004970801547037924,-0.3131604974633892
t1_calm,meanrev,1.5,2.0,19945,"{""family"": ""meanrev"", ""min_ddv"": 10000000.0, ""min_price"": 5.0, ""regime"": ""spy200"", ""trend"": true, ""mom_min"": 0.15, ""rsi2_max"": 100.0, ""rsi14_max"": 100.0, ""ret21_max"": 1.0, ""dist_ema20_max"": 0.0, ""dist_ema50_min"": -1.0, ""dist_hh60_min"": -0.1, ""atr_ratio_max"": 10.0, ""vol_ratio_min"": 0.0, ""atr_pct_min"": 0.0, ""atr_pct_max"": 0.02, ""up_close"": true, ""strong_close"": false}",11233,1603.4591317950724,0.37950681029110656,-0.03965792170794118,0.9485080176376505,8.0,0.0,0.025283721538908878,-0.0008568783625810895,-0.02699166842130432,3838,958.8432580424367,0.3238665971860344,-0.21218413359138932,0.7462321342193473,7.0,0.0,0.026002345274046452,-0.005176279746541043,-0.18634607087547755
t1_calm,meanrev,1.5,3.0,19945,"{""family"": ""meanrev"", ""min_ddv"": 10000000.0, ""min_price"": 5.0, ""regime"": ""spy200"", ""trend"": true, ""mom_min"": 0.15, ""rsi2_max"": 100.0, ""rsi14_max"": 100.0, ""ret21_max"": 1.0, ""dist_ema20_max"": 0.0, ""dist_ema50_min"": -1.0, ""dist_hh60_min"": -0.1, ""atr_ratio_max"": 10.0, ""vol_ratio_min"": 0.0, ""atr_pct_min"": 0.0, ""atr_pct_max"": 0.02, ""up_close"": true, ""strong_close"": false}",11233,1603.4591317950724,0.3035698388676222,0.02268898855289301,1.0261216099757835,10.0,0.0,0.025283721538908878,0.0007845683960501645,0.019771123580464144,3838,958.8432580424367,0.2569046378322043,-0.16754052041017756,0.8180614112026429,9.0,0.0,0.026002345274046452,-0.004021203323530172,-0.11259369305884483
t1_calm,meanrev,1.5,4.0,19945,"{""family"": ""meanrev"", ""min_ddv"": 10000000.0, ""min_price"": 5.0, ""regime"": ""spy200"", ""trend"": true, ""mom_min"": 0.15, ""rsi2_max"": 100.0, ""rsi14_max"": 100.0, ""ret21_max"": 1.0, ""dist_ema20_max"": 0.0, ""dist_ema50_min"": -1.0, ""dist_hh60_min"": -0.1, ""atr_ratio_max"": 10.0, ""vol_ratio_min"": 0.0, ""atr_pct_min"": 0.0, ""atr_pct_max"": 0.02, ""up_close"": true, ""strong_close"": false}",11232,1603.316386390301,0.25756766381766383,0.0870711940841083,1.0938061235862526,11.0,0.0,0.025283717313368453,0.0023376768885811105,0.05355405235658544,3838,958.8432580424367,0.22042730588848358,-0.09985017817253916,0.8966831822536544,10.0,0.0,0.026002345274046452,-0.0022514927506043616,-0.056737617315229916
t1_calm,meanrev,1.5,6.0,19945,"{""family"": ""meanrev"", ""min_ddv"": 10000000.0, ""min_price"": 5.0, ""regime"": ""spy200"", ""trend"": true, ""mom_min"": 0.15, ""rsi2_max"": 100.0, ""rsi14_max"": 100.0, ""ret21_max"": 1.0, ""dist_ema20_max"": 0.0, ""dist_ema50_min"": -1.0, ""dist_hh60_min"": -0.1, ""atr_ratio_max"": 10.0, ""vol_ratio_min"": 0.0, ""atr_pct_min"": 0.0, ""atr_pct_max"": 0.02, ""up_close"": true, ""strong_close"": false}",11230,1603.0308955807586,0.21104185218165628,0.25974507566124944,1.261594423492712,12.0,0.0,0.02528262801034669,0.0065797889950793866,0.13817556889666713,3838,958.8432580424367,0.1782178217821782,0.03471768217868295,1.033970196742945,10.0,0.0,0.026002345274046452,0.000995724069953806,0.02509224656283591
t1_calm,meanrev,2.0,0.5,19945,"{""family"": ""meanrev"", ""min_ddv"": 10000000.0, ""min_price"": 5.0, ""regime"": ""spy200"", ""trend"": true, ""mom_min"": 0.15, ""rsi2_max"": 100.0, ""rsi14_max"": 100.0, ""ret21_max"": 1.0, ""dist_ema20_max"": 0.0, ""dist_ema50_min"": -1.0, ""dist_hh60_min"": -0.1, ""atr_ratio_max"": 10.0, ""vol_ratio_min"": 0.0, ""atr_pct_min"": 0.0, ""atr_pct_max"": 0.02, ""up_close"": true, ""strong_close"": false}",11233,1603.4591317950724,0.7001691444849996,-0.051632339450968276,0.8548522413490146,4.0,0.0,0.03371162871854512,-0.0015670349444570153,-0.09872320150079196,3841,959.5927446954141,0.6334287945847435,-0.15473662992327136,0.6431749608443245,4.0,0.0,0.03466706356330013,-0.005115211496151827,-0.32225832425756507
t1_calm,meanrev,2.0,1.0,19945,"{""family"": ""meanrev"", ""min_ddv"": 10000000.0, ""min_price"": 5.0, ""regime"": ""spy200"", ""trend"": true, ""mom_min"": 0.15, ""rsi2_max"": 100.0, ""rsi14_max"": 100.0, ""ret21_max"": 1.0, ""dist_ema20_max"": 0.0, ""dist_ema50_min"": -1.0, ""dist_hh60_min"": -0.1, ""atr_ratio_max"": 10.0, ""vol_ratio_min"": 0.0, ""atr_pct_min"": 0.0, ""atr_pct_max"": 0.02, ""up_close"": true, ""strong_close"": false}",11233,1603.4591317950724,0.5449123119380397,-0.029986074878078976,0.9446670092772446,7.0,0.0,0.03371162871854512,-0.0008097901547873751,-0.029152445572345503,3841,959.5927446954141,0.48685238219213745,-0.1469606335696578,0.7574134863517771,7.0,0.0,0.03466706356330013,-0.004839334771074731,-0.17421605175869032
t1_calm,meanrev,2.0,2.0,19945,"{""family"": ""meanrev"", ""min_ddv"": 10000000.0, ""min_price"": 5.0, ""regime"": ""spy200"", ""trend"": true, ""mom_min"": 0.15, ""rsi2_max"": 100.0, ""rsi14_max"": 100.0, ""ret21_max"": 1.0, ""dist_ema20_max"": 0.0, ""dist_ema50_min"": -1.0, ""dist_hh60_min"": -0.1, ""atr_ratio_max"": 10.0, ""vol_ratio_min"": 0.0, ""atr_pct_min"": 0.0, ""atr_pct_max"": 0.02, ""up_close"": true, ""strong_close"": false}",11233,1603.4591317950724,0.3949078607673818,0.04668154774044152,1.0644736961112728,13.0,0.0,0.03371162871854512,0.0018117813037139224,0.035120683733531416,3841,959.5927446954141,0.3441812028117678,-0.10790421555359361,0.8611161631720271,12.0,0.0,0.03466706356330013,-0.003432215129649919,-0.0720765177226483
t1_calm,meanrev,2.0,3.0,19945,"{""family"": ""meanrev"", ""min_ddv"": 10000000.0, ""min_price"": 5.0, ""regime"": ""spy200"", ""trend"": true, ""mom_min"": 0.15, ""rsi2_max"": 100.0, ""rsi14_max"": 100.0, ""ret21_max"": 1.0, ""dist_ema20_max"": 0.0, ""dist_ema50_min"": -1.0, ""dist_hh60_min"": -0.1, ""atr_ratio_max"": 10.0, ""vol_ratio_min"": 0.0, ""atr_pct_min"": 0.0, ""atr_pct_max"": 0.02, ""up_close"": true, ""strong_close"": false}",11232,1603.316386390301,0.32060185185185186,0.131763517335285,1.1615411404608846,17.0,0.0,0.03371162308449124,0.004560894154263824,0.06760854863967551,3841,959.5927446954141,0.27414735745899504,-0.050701622706056326,0.9409751634905754,14.0,0.0,0.03466706356330013,-0.0014702233487239665,-0.026464020277031396
t1_calm,meanrev,2.0,4.0,19945,"{""family"": ""meanrev"", ""min_ddv"": 10000000.0, ""min_price"": 5.0, ""regime"": ""spy200"", ""trend"": true, ""mom_min"": 0.15, ""rsi2_max"": 100.0, ""rsi14_max"": 100.0, ""ret21_max"": 1.0, ""dist_ema20_max"": 0.0, ""dist_ema50_min"": -1.0, ""dist_hh60_min"": -0.1, ""atr_ratio_max"": 10.0, ""vol_ratio_min"": 0.0, ""atr_pct_min"": 0.0, ""atr_pct_max"": 0.02, ""up_close"": true, ""strong_close"": false}",11227,1602.602659366445,0.28021733321457204,0.2375966261956228,1.273258532223077,20.0,0.0,0.03370827692847987,0.007944598850749727,0.10010194551944655,3841,959.5927446954141,0.23457432960166624,0.018603401839515917,1.0204860251449297,15.0,0.0,0.03466706356330013,0.0007224400295385591,0.012136992496247794
t1_calm,meanrev,2.0,6.0,19945,"{""family"": ""meanrev"", ""min_ddv"": 10000000.0, ""min_price"": 5.0, ""regime"": ""spy200"", ""trend"": true, ""mom_min"": 0.15, ""rsi2_max"": 100.0, ""rsi14_max"": 100.0, ""ret21_max"": 1.0, ""dist_ema20_max"": 0.0, ""dist_ema50_min"": -1.0, ""dist_hh60_min"": -0.1, ""atr_ratio_max"": 10.0, ""vol_ratio_min"": 0.0, ""atr_pct_min"": 0.0, ""atr_pct_max"": 0.02, ""up_close"": true, ""strong_close"": false}",11213,1600.604223699648,0.2412378489253545,0.5169302046440367,1.562770729771121,21.0,0.0,0.03370752798268606,0.017300731558685896,0.20760877870423075,3841,959.5927446954141,0.16193699557406926,-0.03865065671479276,0.9613726773384146,16.0,0.0007810466024472793,0.03466706356330013,-0.0016169185132998013,-0.02546646658447187
t1_calm,meanrev,3.0,0.5,19945,"{""family"": ""meanrev"", ""min_ddv"": 10000000.0, ""min_price"": 5.0, ""regime"": ""spy200"", ""trend"": true, ""mom_min"": 0.15, ""rsi2_max"": 100.0, ""rsi14_max"": 100.0, ""ret21_max"": 1.0, ""dist_ema20_max"": 0.0, ""dist_ema50_min"": -1.0, ""dist_hh60_min"": -0.1, ""atr_ratio_max"": 10.0, ""vol_ratio_min"": 0.0, ""atr_pct_min"": 0.0, ""atr_pct_max"": 0.02, ""up_close"": true, ""strong_close"": false}",11233,1603.4591317950724,0.7130775393928603,0.0001252786382351122,1.0003829816904826,7.0,0.0,0.0505674430778176,0.0002217574241813231,0.007983267270527632,3841,959.5927446954141,0.6537360062483728,-0.08444320296263536,0.7817969499956142,7.0,0.0,0.05200059534495019,-0.0041430292690469986,-0.14914905368569195
t1_calm,meanrev,3.0,1.0,19945,"{""family"": ""meanrev"", ""min_ddv"": 10000000.0, ""min_price"": 5.0, ""regime"": ""spy200"", ""trend"": true, ""mom_min"": 0.15, ""rsi2_max"": 100.0, ""rsi14_max"": 100.0, ""ret21_max"": 1.0, ""dist_ema20_max"": 0.0, ""dist_ema50_min"": -1.0, ""dist_hh60_min"": -0.1, ""atr_ratio_max"": 10.0, ""vol_ratio_min"": 0.0, ""atr_pct_min"": 0.0, ""atr_pct_max"": 0.02, ""up_close"": true, ""strong_close"": false}",11233,1603.4591317950724,0.5679693759458737,0.05380949687776582,1.1090670979893913,14.0,0.0,0.0505674430778176,0.0029672368123480086,0.05341026262226416,3841,959.5927446954141,0.5160114553501692,-0.04488883679376494,0.9171671929032411,13.0,0.0,0.05200059534495019,-0.001992548250402389,-0.03862478146933863
t1_calm,meanrev,3.0,2.0,19945,"{""family"": ""meanrev"", ""min_ddv"": 10000000.0, ""min_price"": 5.0, ""regime"": ""spy200"", ""trend"": true, ""mom_min"": 0.15, ""rsi2_max"": 100.0, ""rsi14_max"": 100.0, ""ret21_max"": 1.0, ""dist_ema20_max"": 0.0, ""dist_ema50_min"": -1.0, ""dist_hh60_min"": -0.1, ""atr_ratio_max"": 10.0, ""vol_ratio_min"": 0.0, ""atr_pct_min"": 0.0, ""atr_pct_max"": 0.02, ""up_close"": true, ""strong_close"": false}",11232,1603.316386390301,0.4308226495726496,0.19678390083052186,1.3022142485178103,27.0,0.0,0.05056743462673683,0.010054846694642171,0.09384523581666027,3841,959.5927446954141,0.3853163238739912,0.06657464567190567,1.0963230308685123,23.0,0.0,0.05200059534495019,0.003631583900458887,0.03978952795285389
t1_calm,meanrev,3.0,3.0,19945,"{""family"": ""meanrev"", ""min_ddv"": 10000000.0, ""min_price"": 5.0, ""regime"": ""spy200"", ""trend"": true, ""mom_min"": 0.15, ""rsi2_max"": 100.0, ""rsi14_max"": 100.0, ""ret21_max"": 1.0, ""dist_ema20_max"": 0.0, ""dist_ema50_min"": -1.0, ""dist_hh60_min"": -0.1, ""atr_ratio_max"": 10.0, ""vol_ratio_min"": 0.0, ""atr_pct_min"": 0.0, ""atr_pct_max"": 0.02, ""up_close"": true, ""strong_close"": false}",11209,1600.033242080563,0.36970291729859933,0.37149041257484966,1.5125170308420832,36.0,0.0,0.050560976748466734,0.018661832258979428,0.130632825812856,3841,959.5927446954141,0.30538922155688625,0.12038693356786612,1.153382201412117,29.0,0.000520697734964853,0.05200059534495019,0.006095294196182479,0.05296600473924085
t1_calm,meanrev,3.0,4.0,19945,"{""family"": ""meanrev"", ""min_ddv"": 10000000.0, ""min_price"": 5.0, ""regime"": ""spy200"", ""trend"": true, ""mom_min"": 0.15, ""rsi2_max"": 100.0, ""rsi14_max"": 100.0, ""ret21_max"": 1.0, ""dist_ema20_max"": 0.0, ""dist_ema50_min"": -1.0, ""dist_hh60_min"": -0.1, ""atr_ratio_max"": 10.0, ""vol_ratio_min"": 0.0, ""atr_pct_min"": 0.0, ""atr_pct_max"": 0.02, ""up_close"": true, ""strong_close"": false}",11183,1596.3218615565115,0.3388178485200751,0.5822736239099192,1.7661870390627392,43.0,0.0008942144326209425,0.050560976748466734,0.02918817363846304,0.171056273416109,3841,959.5927446954141,0.228325956782088,0.024857739078647093,1.0282876757737853,34.0,0.001041395469929706,0.05200059534495019,0.0009803333856469498,0.007266000387736216
t1_calm,meanrev,3.0,6.0,19945,"{""family"": ""meanrev"", ""min_ddv"": 10000000.0, ""min_price"": 5.0, ""regime"": ""spy200"", ""trend"": true, ""mom_min"": 0.15, ""rsi2_max"": 100.0, ""rsi14_max"": 100.0, ""ret21_max"": 1.0, ""dist_ema20_max"": 0.0, ""dist_ema50_min"": -1.0, ""dist_hh60_min"": -0.1, ""atr_ratio_max"": 10.0, ""vol_ratio_min"": 0.0, ""atr_pct_min"": 0.0, ""atr_pct_max"": 0.02, ""up_close"": true, ""strong_close"": false}",11060,1578.7641767696518,0.29511754068716095,0.917367809955574,2.132297275413777,47.0,0.011754068716094032,0.05054318163457451,0.046004872715787085,0.24666442392294352,3834,957.8439425051334,0.1233698487219614,-0.2744776402742836,0.7265700138112577,35.0,0.002347417840375587,0.05199868497554319,-0.013829752869936839,-0.09957422066354524
t2_normal,pullback,1.0,0.5,62203,"{""family"": ""pullback"", ""min_ddv"": 10000000.0, ""min_price"": 5.0, ""regime"": ""spy200"", ""trend"": true, ""mom_min"": 0.0, ""rsi2_max"": 100.0, ""rsi14_max"": 100.0, ""ret21_max"": 1.0, ""dist_ema20_max"": 1.0, ""dist_ema50_min"": -1.0, ""dist_hh60_min"": -1.0, ""atr_ratio_max"": 10.0, ""vol_ratio_min"": 0.0, ""atr_pct_min"": 0.02, ""atr_pct_max"": 0.03, ""up_close"": true, ""strong_close"": true}",25707,3669.5561204536566,0.6823044306998094,-0.11837579710572425,0.6956270544919565,2.0,0.0,0.02382500564214197,-0.002838182459313197,-0.35761098987346285,15634,3905.8247775496234,0.6482026352820776,-0.1625773814518305,0.621225405122317,2.0,0.0,0.024749255701602905,-0.003954409677087933,-0.4982556193130796
t2_normal,pullback,1.0,1.0,62203,"{""family"": ""pullback"", ""min_ddv"": 10000000.0, ""min_price"": 5.0, ""regime"": ""spy200"", ""trend"": true, ""mom_min"": 0.0, ""rsi2_max"": 100.0, ""rsi14_max"": 100.0, ""ret21_max"": 1.0, ""dist_ema20_max"": 1.0, ""dist_ema50_min"": -1.0, ""dist_hh60_min"": -1.0, ""atr_ratio_max"": 10.0, ""vol_ratio_min"": 0.0, ""atr_pct_min"": 0.02, ""atr_pct_max"": 0.03, ""up_close"": true, ""strong_close"": true}",25707,3669.5561204536566,0.5405142568172093,-0.07718899893913302,0.8637671518841326,3.0,0.0,0.02382500564214197,-0.0018303356135138415,-0.1537481915351627,15634,3905.8247775496234,0.49782525265447103,-0.15724162130256408,0.7443451292440698,3.0,0.0,0.024749255701602905,-0.003843519114891512,-0.32285560565088706
t2_normal,pullback,1.0,2.0,62203,"{""family"": ""pullback"", ""min_ddv"": 10000000.0, ""min_price"": 5.0, ""regime"": ""spy200"", ""trend"": true, ""mom_min"": 0.0, ""rsi2_max"": 100.0, ""rsi14_max"": 100.0, ""ret21_max"": 1.0, ""dist_ema20_max"": 1.0, ""dist_ema50_min"": -1.0, ""dist_hh60_min"": -1.0, ""atr_ratio_max"": 10.0, ""vol_ratio_min"": 0.0, ""atr_pct_min"": 0.02, ""atr_pct_max"": 0.03, ""up_close"": true, ""strong_close"": true}",25707,3669.5561204536566,0.3834753180067686,-0.028967895380010968,0.9621405665528778,5.0,0.0,0.02382500564214197,-0.0006715639845455762,-0.033846824821097035,15634,3905.8247775496234,0.33983625431751313,-0.15859754800022532,0.805097038309153,4.0,0.0,0.024749255701602905,-0.0038556914281109088,-0.24290855997098726
t2_normal,pullback,1.0,3.0,62203,"{""family"": ""pullback"", ""min_ddv"": 10000000.0, ""min_price"": 5.0, ""regime"": ""spy200"", ""trend"": true, ""mom_min"": 0.0, ""rsi2_max"": 100.0, ""rsi14_max"": 100.0, ""ret21_max"": 1.0, ""dist_ema20_max"": 1.0, ""dist_ema50_min"": -1.0, ""dist_hh60_min"": -1.0, ""atr_ratio_max"": 10.0, ""vol_ratio_min"": 0.0, ""atr_pct_min"": 0.02, ""atr_pct_max"": 0.03, ""up_close"": true, ""strong_close"": true}",25707,3669.5561204536566,0.30594779632006847,0.02966595780923126,1.0342963292880323,6.0,0.0,0.02382500564214197,0.0007162931350343674,0.03008431167144343,15634,3905.8247775496234,0.2661506971984137,-0.12572175590015422,0.8614779091892327,5.0,0.0,0.024749255701602905,-0.0029542834385118807,-0.1488958853009988
t2_normal,pullback,1.0,4.0,62203,"{""family"": ""pullback"", ""min_ddv"": 10000000.0, ""min_price"": 5.0, ""regime"": ""spy200"", ""trend"": true, ""mom_min"": 0.0, ""rsi2_max"": 100.0, ""rsi14_max"": 100.0, ""ret21_max"": 1.0, ""dist_ema20_max"": 1.0, ""dist_ema50_min"": -1.0, ""dist_hh60_min"": -1.0, ""atr_ratio_max"": 10.0, ""vol_ratio_min"": 0.0, ""atr_pct_min"": 0.02, ""atr_pct_max"": 0.03, ""up_close"": true, ""strong_close"": true}",25706,3669.4133750488854,0.254921030109702,0.06771555660258194,1.0724783719443056,7.0,0.0,0.023824897290600368,0.0016430411972747385,0.05914948310189059,15634,3905.8247775496234,0.22220800818728412,-0.08867785363244235,0.9081196633539845,6.0,0.0,0.024749255701602905,-0.001976043523731551,-0.08299382799672514
t2_normal,pullback,1.0,6.0,62203,"{""family"": ""pullback"", ""min_ddv"": 10000000.0, ""min_price"": 5.0, ""regime"": ""spy200"", ""trend"": true, ""mom_min"": 0.0, ""rsi2_max"": 100.0, ""rsi14_max"": 100.0, ""ret21_max"": 1.0, ""dist_ema20_max"": 1.0, ""dist_ema50_min"": -1.0, ""dist_hh60_min"": -1.0, ""atr_ratio_max"": 10.0, ""vol_ratio_min"": 0.0, ""atr_pct_min"": 0.02, ""atr_pct_max"": 0.03, ""up_close"": true, ""strong_close"": true}",25698,3668.2714118107156,0.19363374581679507,0.13582440565339404,1.1339327005716813,8.0,0.0,0.023824897290600368,0.0032590030356964912,0.10265859562443948,15634,3905.8247775496234,0.17270052449788922,-0.002253809134575902,0.9978103726566917,6.0,0.0,0.024749255701602905,0.00021294426237949895,0.008943659019938955
t2_normal,pullback,1.5,0.5,62203,"{""family"": ""pullback"", ""min_ddv"": 10000000.0, ""min_price"": 5.0, ""regime"": ""spy200"", ""trend"": true, ""mom_min"": 0.0, ""rsi2_max"": 100.0, ""rsi14_max"": 100.0, ""ret21_max"": 1.0, ""dist_ema20_max"": 1.0, ""dist_ema50_min"": -1.0, ""dist_hh60_min"": -1.0, ""atr_ratio_max"": 10.0, ""vol_ratio_min"": 0.0, ""atr_pct_min"": 0.02, ""atr_pct_max"": 0.03, ""up_close"": true, ""strong_close"": true}",25707,3669.5561204536566,0.6995370910646905,-0.044991967579209965,0.8713618371237831,3.0,0.0,0.03573750846321306,-0.001610298512133485,-0.13526507501921273,15634,3905.8247775496234,0.6595241141102725,-0.10029108052265723,0.7453573798055172,3.0,0.0,0.03712388355240442,-0.00365263809752215,-0.3068216001918606
t2_normal,pullback,1.5,1.0,62203,"{""family"": ""pullback"", ""min_ddv"": 10000000.0, ""min_price"": 5.0, ""regime"": ""spy200"", ""trend"": true, ""mom_min"": 0.0, ""rsi2_max"": 100.0, ""rsi14_max"": 100.0, ""ret21_max"": 1.0, ""dist_ema20_max"": 1.0, ""dist_ema50_min"": -1.0, ""dist_hh60_min"": -1.0, ""atr_ratio_max"": 10.0, ""vol_ratio_min"": 0.0, ""atr_pct_min"": 0.02, ""atr_pct_max"": 0.03, ""up_close"": true, ""strong_close"": true}",25707,3669.5561204536566,0.5526510289026335,-0.0015722643437504375,0.9969959750951771,5.0,0.0,0.03573750846321306,-2.5430007179497677e-05,-0.0012816723618466828,15634,3905.8247775496234,0.5049891262632723,-0.09557505406529279,0.8340565542947359,5.0,0.0,0.03712388355240442,-0.003451731934353792,-0.1739672894914311
t2_normal,pullback,1.5,2.0,62203,"{""family"": ""pullback"", ""min_ddv"": 10000000.0, ""min_price"": 5.0, ""regime"": ""spy200"", ""trend"": true, ""mom_min"": 0.0, ""rsi2_max"": 100.0, ""rsi14_max"": 100.0, ""ret21_max"": 1.0, ""dist_ema20_max"": 1.0, ""dist_ema50_min"": -1.0, ""dist_hh60_min"": -1.0, ""atr_ratio_max"": 10.0, ""vol_ratio_min"": 0.0, ""atr_pct_min"": 0.02, ""atr_pct_max"": 0.03, ""up_close"": true, ""strong_close"": true}",25707,3669.5561204536566,0.40094137783483097,0.07799274425208527,1.1107905108347236,9.0,0.0,0.03573750846321306,0.002825916349953187,0.07912565779868924,15634,3905.8247775496234,0.36017653831393115,-0.04251999137225265,0.943179324018581,8.0,0.0,0.03712388355240442,-0.0013918736974360768,-0.04384402146923642
t2_normal,pullback,1.5,3.0,62203,"{""family"": ""pullback"", ""min_ddv"": 10000000.0, ""min_price"": 5.0, ""regime"": ""spy200"", ""trend"": true, ""mom_min"": 0.0, ""rsi2_max"": 100.0, ""rsi14_max"": 100.0, ""ret21_max"": 1.0, ""dist_ema20_max"": 1.0, ""dist_ema50_min"": -1.0, ""dist_hh60_min"": -1.0, ""atr_ratio_max"": 10.0, ""vol_ratio_min"": 0.0, ""atr_pct_min"": 0.02, ""atr_pct_max"": 0.03, ""up_close"": true, ""strong_close"": true}",25699,3668.4141572154867,0.3190007393283785,0.1382540668324672,1.1717236784145526,12.0,0.0,0.03573679817762843,0.00499439338503928,0.10488226108582488,15634,3905.8247775496234,0.2854036075220673,0.007436144302979258,1.0088692674461832,11.0,0.0,0.03712388355240442,0.0005661326435945678,0.012969584198711916
t2_normal,pullback,1.5,4.0,62203,"{""family"": ""pullback"", ""min_ddv"": 10000000.0, ""min_price"": 5.0, ""regime"": ""spy200"", ""trend"": true, ""mom_min"": 0.0, ""rsi2_max"": 100.0, ""rsi14_max"": 100.0, ""ret21_max"": 1.0, ""dist_ema20_max"": 1.0, ""dist_ema50_min"": -1.0, ""dist_hh60_min"": -1.0, ""atr_ratio_max"": 10.0, ""vol_ratio_min"": 0.0, ""atr_pct_min"": 0.02, ""atr_pct_max"": 0.03, ""up_close"": true, ""strong_close"": true}",25688,3666.8439577630033,0.2668950482715665,0.1889551450438143,1.2178647066396258,15.0,0.0,0.03573773112817108,0.006799154029018642,0.11422578768751318,15634,3905.8247775496234,0.24184469745426634,0.06862561929632507,1.0770993713964951,12.0,0.0,0.03712388355240442,0.0029122299296063937,0.06115682852173427
t2_normal,pullback,1.5,6.0,62203,"{""family"": ""pullback"", ""min_ddv"": 10000000.0, ""min_price"": 5.0, ""regime"": ""spy200"", ""trend"": true, ""mom_min"": 0.0, ""rsi2_max"": 100.0, ""rsi14_max"": 100.0, ""ret21_max"": 1.0, ""dist_ema20_max"": 1.0, ""dist_ema50_min"": -1.0, ""dist_hh60_min"": -1.0, ""atr_ratio_max"": 10.0, ""vol_ratio_min"": 0.0, ""atr_pct_min"": 0.02, ""atr_pct_max"": 0.03, ""up_close"": true, ""strong_close"": true}",25629,3658.4219788815017,0.2131179523196379,0.336795540371823,1.3612393682625408,16.0,3.9018299582504195e-05,0.035737183408588225,0.012044192491966721,0.18969603174847585,15632,3905.325119780972,0.18314994882292732,0.129650794671256,1.134806885166348,13.0,6.397134083930399e-05,0.03712388355240442,0.005282620969275709,0.10240157571211374
t2_normal,pullback,2.0,0.5,62203,"{""family"": ""pullback"", ""min_ddv"": 10000000.0, ""min_price"": 5.0, ""regime"": ""spy200"", ""trend"": true, ""mom_min"": 0.0, ""rsi2_max"": 100.0, ""rsi14_max"": 100.0, ""ret21_max"": 1.0, ""dist_ema20_max"": 1.0, ""dist_ema50_min"": -1.0, ""dist_hh60_min"": -1.0, ""atr_ratio_max"": 10.0, ""vol_ratio_min"": 0.0, ""atr_pct_min"": 0.02, ""atr_pct_max"": 0.03, ""up_close"": true, ""strong_close"": true}",25707,3669.5561204536566,0.7120239623448866,-0.002831064058422739,0.9913353747887129,4.0,0.0,0.047650011284284144,-6.819775394454376e-05,-0.004296458498506257,15634,3905.8247775496234,0.6700780350518102,-0.06241185634581493,0.8320047093792353,4.0,0.0,0.04949851140320584,-0.0029902571338748843,-0.18838619943411772
t2_normal,pullback,2.0,1.0,62203,"{""family"": ""pullback"", ""min_ddv"": 10000000.0, ""min_price"": 5.0, ""regime"": ""spy200"", ""trend"": true, ""mom_min"": 0.0, ""rsi2_max"": 100.0, ""rsi14_max"": 100.0, ""ret21_max"": 1.0, ""dist_ema20_max"": 1.0, ""dist_ema50_min"": -1.0, ""dist_hh60_min"": -1.0, ""atr_ratio_max"": 10.0, ""vol_ratio_min"": 0.0, ""atr_pct_min"": 0.02, ""atr_pct_max"": 0.03, ""up_close"": true, ""strong_close"": true}",25707,3669.5561204536566,0.5661492978566149,0.05070226144266322,1.1026899178111274,8.0,0.0,0.047650011284284144,0.0024915897697184906,0.07848507774613245,15634,3905.8247775496234,0.5200204682103109,-0.0408128050510567,0.9247594087997012,8.0,0.0,0.04949851140320584,-0.0018916551712548624,-0.059587137894528165
t2_normal,pullback,2.0,2.0,62203,"{""family"": ""pullback"", ""min_ddv"": 10000000.0, ""min_price"": 5.0, ""regime"": ""spy200"", ""trend"": true, ""mom_min"": 0.0, ""rsi2_max"": 100.0, ""rsi14_max"": 100.0, ""ret21_max"": 1.0, ""dist_ema20_max"": 1.0, ""dist_ema50_min"": -1.0, ""dist_hh60_min"": -1.0, ""atr_ratio_max"": 10.0, ""vol_ratio_min"": 0.0, ""atr_pct_min"": 0.02, ""atr_pct_max"": 0.03, ""up_close"": true, ""strong_close"": true}",25704,3669.127884239343,0.41328197945845,0.1411460840812552,1.2103743778594873,16.0,0.0,0.047649321057477836,0.006809609930161419,0.10725135640004234,15634,3905.8247775496234,0.3786618907509275,0.04232022834681905,1.0600757928931577,14.0,0.0,0.04949851140320584,0.002410665553404017,0.0433919799612723
t2_normal,pullback,2.0,3.0,62203,"{""family"": ""pullback"", ""min_ddv"": 10000000.0, ""min_price"": 5.0, ""regime"": ""spy200"", ""trend"": true, ""mom_min"": 0.0, ""rsi2_max"": 100.0, ""rsi14_max"": 100.0, ""ret21_max"": 1.0, ""dist_ema20_max"": 1.0, ""dist_ema50_min"": -1.0, ""dist_hh60_min"": -1.0, ""atr_ratio_max"": 10.0, ""vol_ratio_min"": 0.0, ""atr_pct_min"": 0.02, ""atr_pct_max"": 0.03, ""up_close"": true, ""strong_close"": true}",25679,3665.5592491200623,0.3316328517465633,0.21806465967602515,1.2849041132602508,22.0,0.0,0.04765047499057572,0.010457540243815426,0.11978637006552216,15634,3905.8247775496234,0.3042087757451708,0.1145634618587692,1.1450435209162506,18.0,0.0,0.04949851140320584,0.006081693066278785,0.085143702927903
t2_normal,pullback,2.0,4.0,62203,"{""family"": ""pullback"", ""min_ddv"": 10000000.0, ""min_price"": 5.0, ""regime"": ""spy200"", ""trend"": true, ""mom_min"": 0.0, ""rsi2_max"": 100.0, ""rsi14_max"": 100.0, ""ret21_max"": 1.0, ""dist_ema20_max"": 1.0, ""dist_ema50_min"": -1.0, ""dist_hh60_min"": -1.0, ""atr_ratio_max"": 10.0, ""vol_ratio_min"": 0.0, ""atr_pct_min"": 0.02, ""atr_pct_max"": 0.03, ""up_close"": true, ""strong_close"": true}",25616,3656.566288619476,0.28618831980012494,0.316570717656516,1.3870029297202464,26.0,3.9038101186758274e-05,0.047649321057477836,0.015119089117031198,0.146538863749687,15630,3904.8254620123203,0.25329494561740246,0.15596255152955055,1.1834256814788837,21.0,0.0,0.04949819042970107,0.008249656766173407,0.09899588119408088
t2_normal,pullback,2.0,6.0,62203,"{""family"": ""pullback"", ""min_ddv"": 10000000.0, ""min_price"": 5.0, ""regime"": ""spy200"", ""trend"": true, ""mom_min"": 0.0, ""rsi2_max"": 100.0, ""rsi14_max"": 100.0, ""ret21_max"": 1.0, ""dist_ema20_max"": 1.0, ""dist_ema50_min"": -1.0, ""dist_hh60_min"": -1.0, ""atr_ratio_max"": 10.0, ""vol_ratio_min"": 0.0, ""atr_pct_min"": 0.02, ""atr_pct_max"": 0.03, ""up_close"": true, ""strong_close"": true}",25438,3631.1576065701993,0.23201509552637786,0.49845324312701833,1.566167648965822,30.0,0.0019655633304505073,0.047634688248991475,0.023630661360313387,0.19849755542663244,15576,3891.334702258727,0.16750128402670775,0.04523150519560728,1.047453322198645,22.0,0.00044940934771443245,0.04946476253912198,0.0029981795840783193,0.03434278432671529
t2_normal,pullback,3.0,0.5,62203,"{""family"": ""pullback"", ""min_ddv"": 10000000.0, ""min_price"": 5.0, ""regime"": ""spy200"", ""trend"": true, ""mom_min"": 0.0, ""rsi2_max"": 100.0, ""rsi14_max"": 100.0, ""ret21_max"": 1.0, ""dist_ema20_max"": 1.0, ""dist_ema50_min"": -1.0, ""dist_hh60_min"": -1.0, ""atr_ratio_max"": 10.0, ""vol_ratio_min"": 0.0, ""atr_pct_min"": 0.02, ""atr_pct_max"": 0.03, ""up_close"": true, ""strong_close"": true}",25707,3669.5561204536566,0.730618119578325,0.04860126700360484,1.1633862315340124,8.0,0.0,0.07147501692642612,0.0035745530841750617,0.11259842215151444,15634,3905.8247775496234,0.6931687348087502,-0.0061993484066048534,0.9815602000828877,8.0,0.0,0.07424776710480874,-0.0003184825979167014,-0.010032201834376095
t2_normal,pullback,3.0,1.0,62203,"{""family"": ""pullback"", ""min_ddv"": 10000000.0, ""min_price"": 5.0, ""regime"": ""spy200"", ""trend"": true, ""mom_min"": 0.0, ""rsi2_max"": 100.0, ""rsi14_max"": 100.0, ""ret21_max"": 1.0, ""dist_ema20_max"": 1.0, ""dist_ema50_min"": -1.0, ""dist_hh60_min"": -1.0, ""atr_ratio_max"": 10.0, ""vol_ratio_min"": 0.0, ""atr_pct_min"": 0.02, ""atr_pct_max"": 0.03, ""up_close"": true, ""strong_close"": true}",25704,3669.127884239343,0.5893246187363834,0.12165042850068958,1.2684036831212682,17.0,0.0,0.07147469187180128,0.00886050347680766,0.13134393389150179,15634,3905.8247775496234,0.557950620442625,0.06090926658752135,1.125324378835053,16.0,0.0,0.07424776710480874,0.004768115679327412,0.07509782194940674
t2_normal,pullback,3.0,2.0,62203,"{""family"": ""pullback"", ""min_ddv"": 10000000.0, ""min_price"": 5.0, ""regime"": ""spy200"", ""trend"": true, ""mom_min"": 0.0, ""rsi2_max"": 100.0, ""rsi14_max"": 100.0, ""ret21_max"": 1.0, ""dist_ema20_max"": 1.0, ""dist_ema50_min"": -1.0, ""dist_hh60_min"": -1.0, ""atr_ratio_max"": 10.0, ""vol_ratio_min"": 0.0, ""atr_pct_min"": 0.02, ""atr_pct_max"": 0.03, ""up_close"": true, ""strong_close"": true}",25640,3659.992178333985,0.4390795631825273,0.24721431679306058,1.3982110441046887,34.0,0.0,0.07147112848631498,0.01785611868248235,0.13234535023486918,15629,3904.5756331279945,0.4114146778424723,0.16835104739471793,1.2601811025976613,31.0,0.0,0.07424417508615618,0.012929841191142873,0.10510709613445175
t2_normal,pullback,3.0,3.0,62203,"{""family"": ""pullback"", ""min_ddv"": 10000000.0, ""min_price"": 5.0, ""regime"": ""spy200"", ""trend"": true, ""mom_min"": 0.0, ""rsi2_max"": 100.0, ""rsi14_max"": 100.0, ""ret21_max"": 1.0, ""dist_ema20_max"": 1.0, ""dist_ema50_min"": -1.0, ""dist_hh60_min"": -1.0, ""atr_ratio_max"": 10.0, ""vol_ratio_min"": 0.0, ""atr_pct_min"": 0.02, ""atr_pct_max"": 0.03, ""up_close"": true, ""strong_close"": true}",25447,3632.4423152131403,0.3649546115455653,0.38235060074521154,1.5439607088335205,49.0,0.0007466498997917239,0.07142779733757156,0.027370808666365928,0.1407641588555962,15590,3894.832306639288,0.3109685695958948,0.1664666394603494,1.2192361516742634,43.0,0.00032071840923669016,0.07423278063653768,0.012893114539714479,0.07555964800018718
t2_normal,pullback,3.0,4.0,62203,"{""family"": ""pullback"", ""min_ddv"": 10000000.0, ""min_price"": 5.0, ""regime"": ""spy200"", ""trend"": true, ""mom_min"": 0.0, ""rsi2_max"": 100.0, ""rsi14_max"": 100.0, ""ret21_max"": 1.0, ""dist_ema20_max"": 1.0, ""dist_ema50_min"": -1.0, ""dist_hh60_min"": -1.0, ""atr_ratio_max"": 10.0, ""vol_ratio_min"": 0.0, ""atr_pct_min"": 0.02, ""atr_pct_max"": 0.03, ""up_close"": true, ""strong_close"": true}",25197,3596.7559640203363,0.31797436202722545,0.50151723834953,1.664916889612223,57.0,0.004802158987181014,0.07140854422515831,0.035743234025930985,0.15802271885148433,15482,3867.8507871321012,0.2258752099211988,0.04114274567897578,1.048142888195706,50.0,0.0013564139000129182,0.07415808682034486,0.003817033636711851,0.01923784952902773
t2_normal,pullback,3.0,6.0,62203,"{""family"": ""pullback"", ""min_ddv"": 10000000.0, ""min_price"": 5.0, ""regime"": ""spy200"", ""trend"": true, ""mom_min"": 0.0, ""rsi2_max"": 100.0, ""rsi14_max"": 100.0, ""ret21_max"": 1.0, ""dist_ema20_max"": 1.0, ""dist_ema50_min"": -1.0, ""dist_hh60_min"": -1.0, ""atr_ratio_max"": 10.0, ""vol_ratio_min"": 0.0, ""atr_pct_min"": 0.02, ""atr_pct_max"": 0.03, ""up_close"": true, ""strong_close"": true}",24605,3512.2506843957763,0.254582401950823,0.6188690169586393,1.750478740565494,64.0,0.025807762649867914,0.07131581251213893,0.04361196276268636,0.17172210337807756,15196,3796.399726214921,0.13812845485654118,-0.1621607157284542,0.8302631184573963,52.0,0.009410371150302712,0.07404749707580296,-0.01098570017253349,-0.05323839314381614
t2_normal,pullback,1.0,0.5,41051,"{""family"": ""pullback"", ""min_ddv"": 10000000.0, ""min_price"": 5.0, ""regime"": ""spy200"", ""trend"": true, ""mom_min"": 0.15, ""rsi2_max"": 100.0, ""rsi14_max"": 100.0, ""ret21_max"": 1.0, ""dist_ema20_max"": 1.0, ""dist_ema50_min"": -1.0, ""dist_hh60_min"": -1.0, ""atr_ratio_max"": 10.0, ""vol_ratio_min"": 0.0, ""atr_pct_min"": 0.02, ""atr_pct_max"": 0.03, ""up_close"": true, ""strong_close"": false}",15845,2261.8009385999217,0.6786367939413064,-0.12257824969822799,0.6876057892097655,2.0,0.0,0.024289755125063966,-0.0029521698644554236,-0.37197340292138337,10516,2627.200547570157,0.642164321034614,-0.1700516099569541,0.6102793349067556,2.0,0.0,0.025199435545881985,-0.004188744228314902,-0.5277817727676777
t2_normal,pullback,1.0,1.0,41051,"{""family"": ""pullback"", ""min_ddv"": 10000000.0, ""min_price"": 5.0, ""regime"": ""spy200"", ""trend"": true, ""mom_min"": 0.15, ""rsi2_max"": 100.0, ""rsi14_max"": 100.0, ""ret21_max"": 1.0, ""dist_ema20_max"": 1.0, ""dist_ema50_min"": -1.0, ""dist_hh60_min"": -1.0, ""atr_ratio_max"": 10.0, ""vol_ratio_min"": 0.0, ""atr_pct_min"": 0.02, ""atr_pct_max"": 0.03, ""up_close"": true, ""strong_close"": false}",15845,2261.8009385999217,0.543325970337646,-0.06676404723351967,0.8810006331174931,3.0,0.0,0.024289755125063966,-0.0015666922791956696,-0.13160215145243623,10516,2627.200547570157,0.49419931532902245,-0.16487333704958107,0.7342975530307991,3.0,0.0,0.025199435545881985,-0.004004843827187607,-0.3364068814837589
t2_normal,pullback,1.0,2.0,41051,"{""family"": ""pullback"", ""min_ddv"": 10000000.0, ""min_price"": 5.0, ""regime"": ""spy200"", ""trend"": true, ""mom_min"": 0.15, ""rsi2_max"": 100.0, ""rsi14_max"": 100.0, ""ret21_max"": 1.0, ""dist_ema20_max"": 1.0, ""dist_ema50_min"": -1.0, ""dist_hh60_min"": -1.0, ""atr_ratio_max"": 10.0, ""vol_ratio_min"": 0.0, ""atr_pct_min"": 0.02, ""atr_pct_max"": 0.03, ""up_close"": true, ""strong_close"": false}",15845,2261.8009385999217,0.38699905332912593,-0.013735527196857701,0.9819296812348401,5.0,0.0,0.024289755125063966,-0.0002837763280259377,-0.01430232693250726,10516,2627.200547570157,0.3402434385697984,-0.15270002443470906,0.8112990105247595,4.0,0.0,0.025199435545881985,-0.0036136928063553965,-0.22766264680038997
t2_normal,pullback,1.0,3.0,41051,"{""family"": ""pullback"", ""min_ddv"": 10000000.0, ""min_price"": 5.0, ""regime"": ""spy200"", ""trend"": true, ""mom_min"": 0.15, ""rsi2_max"": 100.0, ""rsi14_max"": 100.0, ""ret21_max"": 1.0, ""dist_ema20_max"": 1.0, ""dist_ema50_min"": -1.0, ""dist_hh60_min"": -1.0, ""atr_ratio_max"": 10.0, ""vol_ratio_min"": 0.0, ""atr_pct_min"": 0.02, ""atr_pct_max"": 0.03, ""up_close"": true, ""strong_close"": false}",15845,2261.8009385999217,0.3069738087724834,0.03751875404171776,1.0434435282037513,6.0,0.0,0.024289755125063966,0.0009467905838117374,0.039765204520092974,10516,2627.200547570157,0.26806770635222515,-0.11449703262815805,0.8731251250731101,5.0,0.0,0.025199435545881985,-0.0025142318267823323,-0.12671728406982954
t2_normal,pullback,1.0,4.0,41051,"{""family"": ""pullback"", ""min_ddv"": 10000000.0, ""min_price"": 5.0, ""regime"": ""spy200"", ""trend"": true, ""mom_min"": 0.15, ""rsi2_max"": 100.0, ""rsi14_max"": 100.0, ""ret21_max"": 1.0, ""dist_ema20_max"": 1.0, ""dist_ema50_min"": -1.0, ""dist_hh60_min"": -1.0, ""atr_ratio_max"": 10.0, ""vol_ratio_min"": 0.0, ""atr_pct_min"": 0.02, ""atr_pct_max"": 0.03, ""up_close"": true, ""strong_close"": false}",15844,2261.6581931951505,0.2579525372380712,0.0861160915588017,1.0925501875450225,7.0,0.0,0.024289709662795717,0.0021533140343119998,0.077519305235232,10516,2627.200547570157,0.2217573221757322,-0.0853318660787845,0.9113306761147886,6.0,0.0,0.025199435545881985,-0.0016886280301350615,-0.07092237726567259
t2_normal,pullback,1.0,6.0,41051,"{""family"": ""pullback"", ""min_ddv"": 10000000.0, ""min_price"": 5.0, ""regime"": ""spy200"", ""trend"": true, ""mom_min"": 0.15, ""rsi2_max"": 100.0, ""rsi14_max"": 100.0, ""ret21_max"": 1.0, ""dist_ema20_max"": 1.0, ""dist_ema50_min"": -1.0, ""dist_hh60_min"": -1.0, ""atr_ratio_max"": 10.0, ""vol_ratio_min"": 0.0, ""atr_pct_min"": 0.02, ""atr_pct_max"": 0.03, ""up_close"": true, ""strong_close"": false}",15844,2261.6581931951505,0.19578389295632417,0.15375632667897038,1.1518592696508547,7.0,0.0,0.024289709662795717,0.0037844530397360947,0.13624030943049942,10516,2627.200547570157,0.17069227843286422,-0.009307526887229916,0.9909320710541963,6.0,0.0,0.025199435545881985,0.00033867957503372413,0.014224542151416414
t2_normal,pullback,1.5,0.5,41051,"{""family"": ""pullback"", ""min_ddv"": 10000000.0, ""min_price"": 5.0, ""regime"": ""spy200"", ""trend"": true, ""mom_min"": 0.15, ""rsi2_max"": 100.0, ""rsi14_max"": 100.0, ""ret21_max"": 1.0, ""dist_ema20_max"": 1.0, ""dist_ema50_min"": -1.0, ""dist_hh60_min"": -1.0, ""atr_ratio_max"": 10.0, ""vol_ratio_min"": 0.0, ""atr_pct_min"": 0.02, ""atr_pct_max"": 0.03, ""up_close"": true, ""strong_close"": false}",15845,2261.8009385999217,0.6993373303881351,-0.04387696996469667,0.8746870113008012,3.0,0.0,0.03643463268759595,-0.0015572852098827187,-0.13081195763014838,10516,2627.200547570157,0.6607074933434766,-0.09795685548158409,0.7508512843841824,3.0,0.0,0.0377991533188229,-0.0035451368300396732,-0.2977914937233325
t2_normal,pullback,1.5,1.0,41051,"{""family"": ""pullback"", ""min_ddv"": 10000000.0, ""min_price"": 5.0, ""regime"": ""spy200"", ""trend"": true, ""mom_min"": 0.15, ""rsi2_max"": 100.0, ""rsi14_max"": 100.0, ""ret21_max"": 1.0, ""dist_ema20_max"": 1.0, ""dist_ema50_min"": -1.0, ""dist_hh60_min"": -1.0, ""atr_ratio_max"": 10.0, ""vol_ratio_min"": 0.0, ""atr_pct_min"": 0.02, ""atr_pct_max"": 0.03, ""up_close"": true, ""strong_close"": false}",15845,2261.8009385999217,0.5536131271694541,0.003225615467048674,1.006177383477849,5.0,0.0,0.03643463268759595,0.0002015354423927388,0.010157386296594035,10516,2627.200547570157,0.5023773297831875,-0.10149311987752549,0.8248576577909427,5.0,0.0,0.0377991533188229,-0.0035455513942312905,-0.17869579026925703
t2_normal,pullback,1.5,2.0,41051,"{""family"": ""pullback"", ""min_ddv"": 10000000.0, ""min_price"": 5.0, ""regime"": ""spy200"", ""trend"": true, ""mom_min"": 0.15, ""rsi2_max"": 100.0, ""rsi14_max"": 100.0, ""ret21_max"": 1.0, ""dist_ema20_max"": 1.0, ""dist_ema50_min"": -1.0, ""dist_hh60_min"": -1.0, ""atr_ratio_max"": 10.0, ""vol_ratio_min"": 0.0, ""atr_pct_min"": 0.02, ""atr_pct_max"": 0.03, ""up_close"": true, ""strong_close"": false}",15845,2261.8009385999217,0.3984853266014516,0.0735762308378598,1.104167487977701,9.0,0.0,0.03643463268759595,0.0027689117499916146,0.07752952899976522,10516,2627.200547570157,0.36249524534043365,-0.0367588640905012,0.9508140191105438,8.0,0.0,0.0377991533188229,-0.0008815766010294398,-0.027769662932427355
t2_normal,pullback,1.5,3.0,41051,"{""family"": ""pullback"", ""min_ddv"": 10000000.0, ""min_price"": 5.0, ""regime"": ""spy200"", ""trend"": true, ""mom_min"": 0.15, ""rsi2_max"": 100.0, ""rsi14_max"": 100.0, ""ret21_max"": 1.0, ""dist_ema20_max"": 1.0, ""dist_ema50_min"": -1.0, ""dist_hh60_min"": -1.0, ""atr_ratio_max"": 10.0, ""vol_ratio_min"": 0.0, ""atr_pct_min"": 0.02, ""atr_pct_max"": 0.03, ""up_close"": true, ""strong_close"": false}",15844,2261.6581931951505,0.3198056046452916,0.14472858076540607,1.1802799030577096,12.0,0.0,0.03643456449419358,0.005384583961880646,0.11307626319949358,10516,2627.200547570157,0.28470901483453787,0.005516541815557245,1.0065676078857773,10.0,0.0,0.0377991533188229,0.0008518031682099285,0.021465439838890196
t2_normal,pullback,1.5,4.0,41051,"{""family"": ""pullback"", ""min_ddv"": 10000000.0, ""min_price"": 5.0, ""regime"": ""spy200"", ""trend"": true, ""mom_min"": 0.15, ""rsi2_max"": 100.0, ""rsi14_max"": 100.0, ""ret21_max"": 1.0, ""dist_ema20_max"": 1.0, ""dist_ema50_min"": -1.0, ""dist_hh60_min"": -1.0, ""atr_ratio_max"": 10.0, ""vol_ratio_min"": 0.0, ""atr_pct_min"": 0.02, ""atr_pct_max"": 0.03, ""up_close"": true, ""strong_close"": false}",15842,2261.372702385608,0.26707486428481253,0.19323722118662334,1.2230205384730626,14.0,0.0,0.03643463722227547,0.0071308157543888,0.1283546835789984,10516,2627.200547570157,0.24115633320654242,0.06713037020130984,1.0753802903670835,12.0,0.0,0.0377991533188229,0.003278254454869286,0.068843343552255
t2_normal,pullback,1.5,6.0,41051,"{""family"": ""pullback"", ""min_ddv"": 10000000.0, ""min_price"": 5.0, ""regime"": ""spy200"", ""trend"": true, ""mom_min"": 0.15, ""rsi2_max"": 100.0, ""rsi14_max"": 100.0, ""ret21_max"": 1.0, ""dist_ema20_max"": 1.0, ""dist_ema50_min"": -1.0, ""dist_hh60_min"": -1.0, ""atr_ratio_max"": 10.0, ""vol_ratio_min"": 0.0, ""atr_pct_min"": 0.02, ""atr_pct_max"": 0.03, ""up_close"": true, ""strong_close"": false}",15810,2256.804849432929,0.2148640101201771,0.3497487352631824,1.3756458657946806,15.0,0.0,0.03643033477806235,0.012804837100516386,0.21512126328867529,10515,2626.9507186858314,0.1934379457917261,0.20672246217717088,1.2182459609589529,13.0,0.0,0.03779778260025034,0.00862360194196334,0.16716520687498168
t2_normal,pullback,2.0,0.5,41051,"{""family"": ""pullback"", ""min_ddv"": 10000000.0, ""min_price"": 5.0, ""regime"": ""spy200"", ""trend"": true, ""mom_min"": 0.15, ""rsi2_max"": 100.0, ""rsi14_max"": 100.0, ""ret21_max"": 1.0, ""dist_ema20_max"": 1.0, ""dist_ema50_min"": -1.0, ""dist_hh60_min"": -1.0, ""atr_ratio_max"": 10.0, ""vol_ratio_min"": 0.0, ""atr_pct_min"": 0.02, ""atr_pct_max"": 0.03, ""up_close"": true, ""strong_close"": false}",15845,2261.8009385999217,0.7150520668980751,0.004183701332220003,1.0129522117690646,4.0,0.0,0.04857951025012793,0.00032662245368390527,0.020577214582086032,10516,2627.200547570157,0.6705971852415367,-0.06208061074324853,0.8328069399655618,4.0,0.0,0.0503988710917639,-0.0028690538518128723,-0.18075039266421095
t2_normal,pullback,2.0,1.0,41051,"{""family"": ""pullback"", ""min_ddv"": 10000000.0, ""min_price"": 5.0, ""regime"": ""spy200"", ""trend"": true, ""mom_min"": 0.15, ""rsi2_max"": 100.0, ""rsi14_max"": 100.0, ""ret21_max"": 1.0, ""dist_ema20_max"": 1.0, ""dist_ema50_min"": -1.0, ""dist_hh60_min"": -1.0, ""atr_ratio_max"": 10.0, ""vol_ratio_min"": 0.0, ""atr_pct_min"": 0.02, ""atr_pct_max"": 0.03, ""up_close"": true, ""strong_close"": false}",15845,2261.8009385999217,0.5650362890501736,0.05165354302637045,1.1045061433581744,8.0,0.0,0.04857951025012793,0.002634091933581282,0.08297389590781039,10516,2627.200547570157,0.5206352225180677,-0.03911678975830132,0.9277271440315822,8.0,0.0,0.0503988710917639,-0.0015653473429992652,-0.049308441304476855
t2_normal,pullback,2.0,2.0,41051,"{""family"": ""pullback"", ""min_ddv"": 10000000.0, ""min_price"": 5.0, ""regime"": ""spy200"", ""trend"": true, ""mom_min"": 0.15, ""rsi2_max"": 100.0, ""rsi14_max"": 100.0, ""ret21_max"": 1.0, ""dist_ema20_max"": 1.0, ""dist_ema50_min"": -1.0, ""dist_hh60_min"": -1.0, ""atr_ratio_max"": 10.0, ""vol_ratio_min"": 0.0, ""atr_pct_min"": 0.02, ""atr_pct_max"": 0.03, ""up_close"": true, ""strong_close"": false}",15844,2261.6581931951505,0.41416309012875535,0.1476301611319429,1.2210001512012254,15.0,0.0,0.048579419325591434,0.00728883158702712,0.1224523706620556,10516,2627.200547570157,0.37685431723088625,0.03727989435651777,1.0527015145813539,14.0,0.0,0.0503988710917639,0.0025901702725484627,0.04662306490587233
t2_normal,pullback,2.0,3.0,41051,"{""family"": ""pullback"", ""min_ddv"": 10000000.0, ""min_price"": 5.0, ""regime"": ""spy200"", ""trend"": true, ""mom_min"": 0.15, ""rsi2_max"": 100.0, ""rsi14_max"": 100.0, ""ret21_max"": 1.0, ""dist_ema20_max"": 1.0, ""dist_ema50_min"": -1.0, ""dist_hh60_min"": -1.0, ""atr_ratio_max"": 10.0, ""vol_ratio_min"": 0.0, ""atr_pct_min"": 0.02, ""atr_pct_max"": 0.03, ""up_close"": true, ""strong_close"": false}",15842,2261.372702385608,0.33253377098851156,0.2258004745552182,1.2960431216402246,20.0,0.0,0.04857951629636733,0.011101807663399195,0.13988277655882986,10516,2627.200547570157,0.3032521871434005,0.11175341573446268,1.1413098227818854,18.0,0.0,0.0503988710917639,0.0065199518405827505,0.0912793257681585
t2_normal,pullback,2.0,4.0,41051,"{""family"": ""pullback"", ""min_ddv"": 10000000.0, ""min_price"": 5.0, ""regime"": ""spy200"", ""trend"": true, ""mom_min"": 0.15, ""rsi2_max"": 100.0, ""rsi14_max"": 100.0, ""ret21_max"": 1.0, ""dist_ema20_max"": 1.0, ""dist_ema50_min"": -1.0, ""dist_hh60_min"": -1.0, ""atr_ratio_max"": 10.0, ""vol_ratio_min"": 0.0, ""atr_pct_min"": 0.02, ""atr_pct_max"": 0.03, ""up_close"": true, ""strong_close"": false}",15815,2257.518576456785,0.28833386025924757,0.3297842982701004,1.404669341650233,25.0,0.0,0.04857379993038903,0.016116376531903828,0.16245307544159057,10513,2626.45106091718,0.2617711404927233,0.20166555561976074,1.2403215185477812,21.0,0.0,0.05039674205613041,0.011168394250999756,0.13402073101199705
t2_normal,pullback,2.0,6.0,41051,"{""family"": ""pullback"", ""min_ddv"": 10000000.0, ""min_price"": 5.0, ""regime"": ""spy200"", ""trend"": true, ""mom_min"": 0.15, ""rsi2_max"": 100.0, ""rsi14_max"": 100.0, ""ret21_max"": 1.0, ""dist_ema20_max"": 1.0, ""dist_ema50_min"": -1.0, ""dist_hh60_min"": -1.0, ""atr_ratio_max"": 10.0, ""vol_ratio_min"": 0.0, ""atr_pct_min"": 0.02, ""atr_pct_max"": 0.03, ""up_close"": true, ""strong_close"": false}",15710,2242.5303089558074,0.2354551241247613,0.52587041279265,1.6001403921803659,28.0,0.001527689369828135,0.048529252683878,0.025337335107603172,0.22803601596842854,10481,2618.4565366187544,0.1836656807556531,0.16324188990026609,1.1751051535335788,22.0,0.00047705371624844956,0.05038177502212029,0.009356786133890765,0.1071777320791124
t2_normal,pullback,3.0,0.5,41051,"{""family"": ""pullback"", ""min_ddv"": 10000000.0, ""min_price"": 5.0, ""regime"": ""spy200"", ""trend"": true, ""mom_min"": 0.15, ""rsi2_max"": 100.0, ""rsi14_max"": 100.0, ""ret21_max"": 1.0, ""dist_ema20_max"": 1.0, ""dist_ema50_min"": -1.0, ""dist_hh60_min"": -1.0, ""atr_ratio_max"": 10.0, ""vol_ratio_min"": 0.0, ""atr_pct_min"": 0.02, ""atr_pct_max"": 0.03, ""up_close"": true, ""strong_close"": false}",15845,2261.8009385999217,0.7310192489744399,0.05153070224164906,1.1737493148423441,8.0,0.0,0.0728692653751919,0.0038923754823180215,0.12260982769301768,10516,2627.200547570157,0.6918029669075694,-0.007608725138975823,0.9774259054071284,8.0,0.0,0.07559830663764588,-0.00021843954130544945,-0.006880845551121658
t2_normal,pullback,3.0,1.0,41051,"{""family"": ""pullback"", ""min_ddv"": 10000000.0, ""min_price"": 5.0, ""regime"": ""spy200"", ""trend"": true, ""mom_min"": 0.15, ""rsi2_max"": 100.0, ""rsi14_max"": 100.0, ""ret21_max"": 1.0, ""dist_ema20_max"": 1.0, ""dist_ema50_min"": -1.0, ""dist_hh60_min"": -1.0, ""atr_ratio_max"": 10.0, ""vol_ratio_min"": 0.0, ""atr_pct_min"": 0.02, ""atr_pct_max"": 0.03, ""up_close"": true, ""strong_close"": false}",15845,2261.8009385999217,0.5899652887346166,0.12533026680649717,1.2770065952094127,16.0,0.0,0.0728692653751919,0.009295335768359033,0.14640153835165476,10516,2627.200547570157,0.5580068467097756,0.062300149679636437,1.1283037385652988,16.0,0.0,0.07559830663764588,0.005232072125342912,0.08240513597415086
t2_normal,pullback,3.0,2.0,41051,"{""family"": ""pullback"", ""min_ddv"": 10000000.0, ""min_price"": 5.0, ""regime"": ""spy200"", ""trend"": true, ""mom_min"": 0.15, ""rsi2_max"": 100.0, ""rsi14_max"": 100.0, ""ret21_max"": 1.0, ""dist_ema20_max"": 1.0, ""dist_ema50_min"": -1.0, ""dist_hh60_min"": -1.0, ""atr_ratio_max"": 10.0, ""vol_ratio_min"": 0.0, ""atr_pct_min"": 0.02, ""atr_pct_max"": 0.03, ""up_close"": true, ""strong_close"": false}",15829,2259.5170121235824,0.43957293575083706,0.2499027076771433,1.4024731393191632,32.0,0.0,0.07286063921666587,0.018390869495822974,0.1448280972796059,10516,2627.200547570157,0.41565233929250667,0.18332610082923806,1.2858704414182567,30.0,0.0,0.07559830663764588,0.01463202102883481,0.12290897664221241
t2_normal,pullback,3.0,3.0,41051,"{""family"": ""pullback"", ""min_ddv"": 10000000.0, ""min_price"": 5.0, ""regime"": ""spy200"", ""trend"": true, ""mom_min"": 0.15, ""rsi2_max"": 100.0, ""rsi14_max"": 100.0, ""ret21_max"": 1.0, ""dist_ema20_max"": 1.0, ""dist_ema50_min"": -1.0, ""dist_hh60_min"": -1.0, ""atr_ratio_max"": 10.0, ""vol_ratio_min"": 0.0, ""atr_pct_min"": 0.02, ""atr_pct_max"": 0.03, ""up_close"": true, ""strong_close"": false}",15744,2247.3836527180288,0.3696646341463415,0.40130572672046466,1.5741130856002592,45.0,0.0006351626016260162,0.07280869630956291,0.029166900646995727,0.16333464362317607,10495,2621.9541409993153,0.3289185326345879,0.24318336725516368,1.3298216552076036,41.0,9.528346831824679e-05,0.07558729688463268,0.01926227192277945,0.11839250059854686
t2_normal,pullback,3.0,4.0,41051,"{""family"": ""pullback"", ""min_ddv"": 10000000.0, ""min_price"": 5.0, ""regime"": ""spy200"", ""trend"": true, ""mom_min"": 0.15, ""rsi2_max"": 100.0, ""rsi14_max"": 100.0, ""ret21_max"": 1.0, ""dist_ema20_max"": 1.0, ""dist_ema50_min"": -1.0, ""dist_hh60_min"": -1.0, ""atr_ratio_max"": 10.0, ""vol_ratio_min"": 0.0, ""atr_pct_min"": 0.02, ""atr_pct_max"": 0.03, ""up_close"": true, ""strong_close"": false}",15601,2226.971059835745,0.3208127684122813,0.5156657635050561,1.6852509704505574,52.0,0.004166399589769887,0.0727484085162892,0.03726768674465966,0.18060494345488912,10436,2607.214236824093,0.24875431199693368,0.1602546257469651,1.193781061733559,49.0,0.001628976619394404,0.07554616011734169,0.01307837023495413,0.0672601897797641
t2_normal,pullback,3.0,6.0,41051,"{""family"": ""pullback"", ""min_ddv"": 10000000.0, ""min_price"": 5.0, ""regime"": ""spy200"", ""trend"": true, ""mom_min"": 0.15, ""rsi2_max"": 100.0, ""rsi14_max"": 100.0, ""ret21_max"": 1.0, ""dist_ema20_max"": 1.0, ""dist_ema50_min"": -1.0, ""dist_hh60_min"": -1.0, ""atr_ratio_max"": 10.0, ""vol_ratio_min"": 0.0, ""atr_pct_min"": 0.02, ""atr_pct_max"": 0.03, ""up_close"": true, ""strong_close"": false}",15276,2180.5788032850996,0.26145587850222574,0.6770012678393077,1.8272380199128326,58.0,0.022060748887143232,0.07269818371701584,0.04843788336260237,0.21045425185130687,10252,2561.245722108145,0.1596761607491221,-0.01158869658604335,0.9875023778141917,53.0,0.011607491221225126,0.07541326441453453,0.00020882474488578308,0.0009929025605890064
t2_normal,breakout,1.0,0.5,71011,"{""family"": ""breakout"", ""min_ddv"": 10000000.0, ""min_price"": 5.0, ""regime"": ""spy200"", ""trend"": true, ""mom_min"": 0.0, ""rsi2_max"": 100.0, ""rsi14_max"": 100.0, ""ret21_max"": 1.0, ""dist_ema20_max"": 1.0, ""dist_ema50_min"": -1.0, ""dist_hh60_min"": -1.0, ""atr_ratio_max"": 10.0, ""vol_ratio_min"": 0.0, ""atr_pct_min"": 0.02, ""atr_pct_max"": 0.03, ""up_close"": false, ""strong_close"": false}",25025,3572.203754399687,0.6310889110889111,-0.20474055191612608,0.5472691466776947,2.0,0.0,0.02335725373629446,-0.004847288717533597,-0.6107583784092332,19457,4860.920602327173,0.6273834609652054,-0.1955492335930969,0.5661605863050597,2.0,0.0,0.024363532431169763,-0.004761592148114071,-0.5999606106623729
t2_normal,breakout,1.0,1.0,71011,"{""family"": ""breakout"", ""min_ddv"": 10000000.0, ""min_price"": 5.0, ""regime"": ""spy200"", ""trend"": true, ""mom_min"": 0.0, ""rsi2_max"": 100.0, ""rsi14_max"": 100.0, ""ret21_max"": 1.0, ""dist_ema20_max"": 1.0, ""dist_ema50_min"": -1.0, ""dist_hh60_min"": -1.0, ""atr_ratio_max"": 10.0, ""vol_ratio_min"": 0.0, ""atr_pct_min"": 0.02, ""atr_pct_max"": 0.03, ""up_close"": false, ""strong_close"": false}",25025,3572.203754399687,0.48287712287712287,-0.20111550941674858,0.684451522592967,3.0,0.0,0.02335725373629446,-0.004751979073830342,-0.39916624220174873,19457,4860.920602327173,0.4796217299686488,-0.19400534361999225,0.6937277198865731,3.0,0.0,0.024363532431169763,-0.004712672165735637,-0.39586446192179353
t2_normal,breakout,1.0,2.0,71011,"{""family"": ""breakout"", ""min_ddv"": 10000000.0, ""min_price"": 5.0, ""regime"": ""spy200"", ""trend"": true, ""mom_min"": 0.0, ""rsi2_max"": 100.0, ""rsi14_max"": 100.0, ""ret21_max"": 1.0, ""dist_ema20_max"": 1.0, ""dist_ema50_min"": -1.0, ""dist_hh60_min"": -1.0, ""atr_ratio_max"": 10.0, ""vol_ratio_min"": 0.0, ""atr_pct_min"": 0.02, ""atr_pct_max"": 0.03, ""up_close"": false, ""strong_close"": false}",25025,3572.203754399687,0.32907092907092905,-0.2039810440581679,0.7557268281045889,4.0,0.0,0.02335725373629446,-0.004831467798244223,-0.30438247128938606,19457,4860.920602327173,0.3217351081872848,-0.21030786903895007,0.7467820593540614,4.0,0.0,0.024363532431169763,-0.005159348522595496,-0.32503895692351625
t2_normal,breakout,1.0,3.0,71011,"{""family"": ""breakout"", ""min_ddv"": 10000000.0, ""min_price"": 5.0, ""regime"": ""spy200"", ""trend"": true, ""mom_min"": 0.0, ""rsi2_max"": 100.0, ""rsi14_max"": 100.0, ""ret21_max"": 1.0, ""dist_ema20_max"": 1.0, ""dist_ema50_min"": -1.0, ""dist_hh60_min"": -1.0, ""atr_ratio_max"": 10.0, ""vol_ratio_min"": 0.0, ""atr_pct_min"": 0.02, ""atr_pct_max"": 0.03, ""up_close"": false, ""strong_close"": false}",25025,3572.203754399687,0.25190809190809194,-0.1973150545063436,0.7889720091857516,5.0,0.0,0.02335725373629446,-0.004685564346986691,-0.23615244308812922,19457,4860.920602327173,0.24078737729351904,-0.22670681418811253,0.7570450043012784,5.0,0.0,0.024363532431169763,-0.00552224185089801,-0.2783209892852597
t2_normal,breakout,1.0,4.0,71011,"{""family"": ""breakout"", ""min_ddv"": 10000000.0, ""min_price"": 5.0, ""regime"": ""spy200"", ""trend"": true, ""mom_min"": 0.0, ""rsi2_max"": 100.0, ""rsi14_max"": 100.0, ""ret21_max"": 1.0, ""dist_ema20_max"": 1.0, ""dist_ema50_min"": -1.0, ""dist_hh60_min"": -1.0, ""atr_ratio_max"": 10.0, ""vol_ratio_min"": 0.0, ""atr_pct_min"": 0.02, ""atr_pct_max"": 0.03, ""up_close"": false, ""strong_close"": false}",25024,3572.061008994916,0.20828005115089515,-0.17185165879157188,0.8266466474725799,6.0,0.0,0.02335743060951473,-0.004102506127232594,-0.17230525734376892,19457,4860.920602327173,0.19252711106542633,-0.2366248786074144,0.7621620915377489,5.0,0.0,0.024363532431169763,-0.0057401248322482175,-0.2893022915453102
t2_normal,breakout,1.0,6.0,71011,"{""family"": ""breakout"", ""min_ddv"": 10000000.0, ""min_price"": 5.0, ""regime"": ""spy200"", ""trend"": true, ""mom_min"": 0.0, ""rsi2_max"": 100.0, ""rsi14_max"": 100.0, ""ret21_max"": 1.0, ""dist_ema20_max"": 1.0, ""dist_ema50_min"": -1.0, ""dist_hh60_min"": -1.0, ""atr_ratio_max"": 10.0, ""vol_ratio_min"": 0.0, ""atr_pct_min"": 0.02, ""atr_pct_max"": 0.03, ""up_close"": false, ""strong_close"": false}",25022,3571.7755181853736,0.16069858524498443,-0.1005105546356841,0.9045945654838546,6.0,0.0,0.02335701154744287,-0.0023758088016102566,-0.09978396966763077,19457,4860.920602327173,0.14149149406383307,-0.22011042297279818,0.7925924864753594,5.0,0.0,0.024363532431169763,-0.005304827708368659,-0.2673633165017804
t2_normal,breakout,1.5,0.5,71011,"{""family"": ""breakout"", ""min_ddv"": 10000000.0, ""min_price"": 5.0, ""regime"": ""spy200"", ""trend"": true, ""mom_min"": 0.0, ""rsi2_max"": 100.0, ""rsi14_max"": 100.0, ""ret21_max"": 1.0, ""dist_ema20_max"": 1.0, ""dist_ema50_min"": -1.0, ""dist_hh60_min"": -1.0, ""atr_ratio_max"": 10.0, ""vol_ratio_min"": 0.0, ""atr_pct_min"": 0.02, ""atr_pct_max"": 0.03, ""up_close"": false, ""strong_close"": false}",25025,3572.203754399687,0.6517082917082917,-0.12238758431258918,0.6981338854463992,3.0,0.0,0.035035880604441856,-0.004328486608725517,-0.3635928751329434,19457,4860.920602327173,0.6477874286889037,-0.11892072755656084,0.7069964537665366,3.0,0.0,0.03654529864675465,-0.00436086385402861,-0.36631256373840326
t2_normal,breakout,1.5,1.0,71011,"{""family"": ""breakout"", ""min_ddv"": 10000000.0, ""min_price"": 5.0, ""regime"": ""spy200"", ""trend"": true, ""mom_min"": 0.0, ""rsi2_max"": 100.0, ""rsi14_max"": 100.0, ""ret21_max"": 1.0, ""dist_ema20_max"": 1.0, ""dist_ema50_min"": -1.0, ""dist_hh60_min"": -1.0, ""atr_ratio_max"": 10.0, ""vol_ratio_min"": 0.0, ""atr_pct_min"": 0.02, ""atr_pct_max"": 0.03, ""up_close"": false, ""strong_close"": false}",25025,3572.203754399687,0.5026173826173826,-0.10750382973878844,0.81503197539662,5.0,0.0,0.035035880604441856,-0.0037804006814318673,-0.1905321943441661,19457,4860.920602327173,0.4869712699799558,-0.13259976226071424,0.7769792094395679,5.0,0.0,0.03654529864675465,-0.004839265404368541,-0.2438989763801745
t2_normal,breakout,1.5,2.0,71011,"{""family"": ""breakout"", ""min_ddv"": 10000000.0, ""min_price"": 5.0, ""regime"": ""spy200"", ""trend"": true, ""mom_min"": 0.0, ""rsi2_max"": 100.0, ""rsi14_max"": 100.0, ""ret21_max"": 1.0, ""dist_ema20_max"": 1.0, ""dist_ema50_min"": -1.0, ""dist_hh60_min"": -1.0, ""atr_ratio_max"": 10.0, ""vol_ratio_min"": 0.0, ""atr_pct_min"": 0.02, ""atr_pct_max"": 0.03, ""up_close"": false, ""strong_close"": false}",25023,3571.9182635901448,0.3448427446748991,-0.09780025450782183,0.8731923347851972,9.0,0.0,0.035035880604441856,-0.003484245904000135,-0.0975588853120038,19457,4860.920602327173,0.32754278665775816,-0.1397297534649759,0.8210138493285196,8.0,0.0,0.03654529864675465,-0.005036978366918745,-0.15866481855794046
t2_normal,breakout,1.5,3.0,71011,"{""family"": ""breakout"", ""min_ddv"": 10000000.0, ""min_price"": 5.0, ""regime"": ""spy200"", ""trend"": true, ""mom_min"": 0.0, ""rsi2_max"": 100.0, ""rsi14_max"": 100.0, ""ret21_max"": 1.0, ""dist_ema20_max"": 1.0, ""dist_ema50_min"": -1.0, ""dist_hh60_min"": -1.0, ""atr_ratio_max"": 10.0, ""vol_ratio_min"": 0.0, ""atr_pct_min"": 0.02, ""atr_pct_max"": 0.03, ""up_close"": false, ""strong_close"": false}",25019,3571.3472819710596,0.2737519485191255,-0.047299806233433044,0.9447766952878797,11.0,0.0,0.035035880604441856,-0.0017109943173121386,-0.03919732436024172,19457,4860.920602327173,0.2480341265354371,-0.14051005954169732,0.8394919604324029,10.0,0.0,0.03654529864675465,-0.004967838161003334,-0.12518952165728403
t2_normal,breakout,1.5,4.0,71011,"{""family"": ""breakout"", ""min_ddv"": 10000000.0, ""min_price"": 5.0, ""regime"": ""spy200"", ""trend"": true, ""mom_min"": 0.0, ""rsi2_max"": 100.0, ""rsi14_max"": 100.0, ""ret21_max"": 1.0, ""dist_ema20_max"": 1.0, ""dist_ema50_min"": -1.0, ""dist_hh60_min"": -1.0, ""atr_ratio_max"": 10.0, ""vol_ratio_min"": 0.0, ""atr_pct_min"": 0.02, ""atr_pct_max"": 0.03, ""up_close"": false, ""strong_close"": false}",25014,3570.6335549472037,0.23246981690253457,0.013240499940953797,1.0146072221543425,12.0,0.0,0.03503614591427223,0.0004786108145224078,0.010050827104970564,19457,4860.920602327173,0.20296037415840057,-0.12492723137862345,0.8655924303982769,10.0,0.0,0.03654529864675465,-0.004331475849310052,-0.10915319140261333
t2_normal,breakout,1.5,6.0,71011,"{""family"": ""breakout"", ""min_ddv"": 10000000.0, ""min_price"": 5.0, ""regime"": ""spy200"", ""trend"": true, ""mom_min"": 0.0, ""rsi2_max"": 100.0, ""rsi14_max"": 100.0, ""ret21_max"": 1.0, ""dist_ema20_max"": 1.0, ""dist_ema50_min"": -1.0, ""dist_hh60_min"": -1.0, ""atr_ratio_max"": 10.0, ""vol_ratio_min"": 0.0, ""atr_pct_min"": 0.02, ""atr_pct_max"": 0.03, ""up_close"": false, ""strong_close"": false}",24999,3568.4923738756356,0.18504740189607585,0.1374094338214048,1.1425229334861564,13.0,0.00012000480019200768,0.03503515403788682,0.004922916962985959,0.09542885189788165,19453,4859.92128678987,0.15468051200328997,-0.06666678057157545,0.932565822669905,11.0,5.140595280933532e-05,0.03654409469734566,-0.0021086509857172224,-0.04830727712734
t2_normal,breakout,2.0,0.5,71011,"{""family"": ""breakout"", ""min_ddv"": 10000000.0, ""min_price"": 5.0, ""regime"": ""spy200"", ""trend"": true, ""mom_min"": 0.0, ""rsi2_max"": 100.0, ""rsi14_max"": 100.0, ""ret21_max"": 1.0, ""dist_ema20_max"": 1.0, ""dist_ema50_min"": -1.0, ""dist_hh60_min"": -1.0, ""atr_ratio_max"": 10.0, ""vol_ratio_min"": 0.0, ""atr_pct_min"": 0.02, ""atr_pct_max"": 0.03, ""up_close"": false, ""strong_close"": false}",25025,3572.203754399687,0.6653746253746253,-0.07666633374809083,0.7975773576624338,5.0,0.0,0.04671450747258909,-0.0036009160603993656,-0.18148616944412804,19457,4860.920602327173,0.6515906871562933,-0.0923986613036377,0.7640877242377931,4.0,0.0,0.04872706486233953,-0.004472730438284926,-0.2817820176119503
t2_normal,breakout,2.0,1.0,71011,"{""family"": ""breakout"", ""min_ddv"": 10000000.0, ""min_price"": 5.0, ""regime"": ""spy200"", ""trend"": true, ""mom_min"": 0.0, ""rsi2_max"": 100.0, ""rsi14_max"": 100.0, ""ret21_max"": 1.0, ""dist_ema20_max"": 1.0, ""dist_ema50_min"": -1.0, ""dist_hh60_min"": -1.0, ""atr_ratio_max"": 10.0, ""vol_ratio_min"": 0.0, ""atr_pct_min"": 0.02, ""atr_pct_max"": 0.03, ""up_close"": false, ""strong_close"": false}",25025,3572.203754399687,0.5104095904095904,-0.0661511864006816,0.8811756723347388,9.0,0.0,0.04671450747258909,-0.0031149217400494975,-0.08721780872138593,19457,4860.920602327173,0.4888728992136506,-0.10446108065920753,0.8186069285263681,8.0,0.0,0.04872706486233953,-0.00501506459320355,-0.15797453468591183
t2_normal,breakout,2.0,2.0,71011,"{""family"": ""breakout"", ""min_ddv"": 10000000.0, ""min_price"": 5.0, ""regime"": ""spy200"", ""trend"": true, ""mom_min"": 0.0, ""rsi2_max"": 100.0, ""rsi14_max"": 100.0, ""ret21_max"": 1.0, ""dist_ema20_max"": 1.0, ""dist_ema50_min"": -1.0, ""dist_hh60_min"": -1.0, ""atr_ratio_max"": 10.0, ""vol_ratio_min"": 0.0, ""atr_pct_min"": 0.02, ""atr_pct_max"": 0.03, ""up_close"": false, ""strong_close"": false}",25011,3570.20531873289,0.3613210187517492,-0.017901197127914374,0.9754375891534105,15.0,0.0,0.0467106597267683,-0.0008737420784396864,-0.01467886691778673,19457,4860.920602327173,0.3345839543608984,-0.09140518572992663,0.8783383952296033,13.0,0.0,0.04872706486233953,-0.004189877976611447,-0.08121917308508343
t2_normal,breakout,2.0,3.0,71011,"{""family"": ""breakout"", ""min_ddv"": 10000000.0, ""min_price"": 5.0, ""regime"": ""spy200"", ""trend"": true, ""mom_min"": 0.0, ""rsi2_max"": 100.0, ""rsi14_max"": 100.0, ""ret21_max"": 1.0, ""dist_ema20_max"": 1.0, ""dist_ema50_min"": -1.0, ""dist_hh60_min"": -1.0, ""atr_ratio_max"": 10.0, ""vol_ratio_min"": 0.0, ""atr_pct_min"": 0.02, ""atr_pct_max"": 0.03, ""up_close"": false, ""strong_close"": false}",25004,3569.2061008994915,0.29227323628219487,0.05744030955513501,1.0709233264013647,18.0,0.0,0.04671402309488582,0.0027137827493478365,0.03799295849086971,19457,4860.920602327173,0.2593925065529116,-0.06722441100070628,0.9197743078414586,15.0,0.0,0.04872706486233953,-0.0028234327536189132,-0.04743367026079774
t2_normal,breakout,2.0,4.0,71011,"{""family"": ""breakout"", ""min_ddv"": 10000000.0, ""min_price"": 5.0, ""regime"": ""spy200"", ""trend"": true, ""mom_min"": 0.0, ""rsi2_max"": 100.0, ""rsi14_max"": 100.0, ""ret21_max"": 1.0, ""dist_ema20_max"": 1.0, ""dist_ema50_min"": -1.0, ""dist_hh60_min"": -1.0, ""atr_ratio_max"": 10.0, ""vol_ratio_min"": 0.0, ""atr_pct_min"": 0.02, ""atr_pct_max"": 0.03, ""up_close"": false, ""strong_close"": false}",24994,3567.7786468517793,0.25074017764263423,0.1362079133929117,1.158724095306629,21.0,0.00016003840921821236,0.04671013061811993,0.006439762248866755,0.07727714698640106,19453,4859.92128678987,0.21657327918572972,-0.02787316491788085,0.968590904376225,17.0,0.0,0.048728076128377006,-0.0007535534841554296,-0.01117032223571578
t2_normal,breakout,2.0,6.0,71011,"{""family"": ""breakout"", ""min_ddv"": 10000000.0, ""min_price"": 5.0, ""regime"": ""spy200"", ""trend"": true, ""mom_min"": 0.0, ""rsi2_max"": 100.0, ""rsi14_max"": 100.0, ""ret21_max"": 1.0, ""dist_ema20_max"": 1.0, ""dist_ema50_min"": -1.0, ""dist_hh60_min"": -1.0, ""atr_ratio_max"": 10.0, ""vol_ratio_min"": 0.0, ""atr_pct_min"": 0.02, ""atr_pct_max"": 0.03, ""up_close"": false, ""strong_close"": false}",24929,3558.50019554165,0.2037386176741947,0.29868745780608436,1.3272618745662343,22.0,0.0012034177062858519,0.046706919698261413,0.014177364534119358,0.16239526648173083,19420,4851.676933607118,0.15998970133882595,-1.5049355607074733e-05,0.9999842147604072,17.0,0.0005149330587023687,0.0487167351185237,0.0007671058331428182,0.011371215879528836
t2_normal,breakout,3.0,0.5,71011,"{""family"": ""breakout"", ""min_ddv"": 10000000.0, ""min_price"": 5.0, ""regime"": ""spy200"", ""trend"": true, ""mom_min"": 0.0, ""rsi2_max"": 100.0, ""rsi14_max"": 100.0, ""ret21_max"": 1.0, ""dist_ema20_max"": 1.0, ""dist_ema50_min"": -1.0, ""dist_hh60_min"": -1.0, ""atr_ratio_max"": 10.0, ""vol_ratio_min"": 0.0, ""atr_pct_min"": 0.02, ""atr_pct_max"": 0.03, ""up_close"": false, ""strong_close"": false}",25023,3571.9182635901448,0.6828917395995684,-0.024083629835651866,0.9305500822309305,9.0,0.0,0.07007030807577383,-0.0016722364382094053,-0.04682262026986335,19457,4860.920602327173,0.6600709256308783,-0.055066178366451585,0.8507322405312453,8.0,0.0,0.0730905972935093,-0.003852648647751343,-0.12135843240416731
t2_normal,breakout,3.0,1.0,71011,"{""family"": ""breakout"", ""min_ddv"": 10000000.0, ""min_price"": 5.0, ""regime"": ""spy200"", ""trend"": true, ""mom_min"": 0.0, ""rsi2_max"": 100.0, ""rsi14_max"": 100.0, ""ret21_max"": 1.0, ""dist_ema20_max"": 1.0, ""dist_ema50_min"": -1.0, ""dist_hh60_min"": -1.0, ""atr_ratio_max"": 10.0, ""vol_ratio_min"": 0.0, ""atr_pct_min"": 0.02, ""atr_pct_max"": 0.03, ""up_close"": false, ""strong_close"": false}",25012,3570.3480641376614,0.5318247241324164,0.005530716871082366,1.0107544058390594,17.0,0.0,0.07007229182854444,0.000385058271443972,0.005707922611992996,19457,4860.920602327173,0.5073752377036542,-0.03809119273592594,0.9288729967124966,15.0,0.0,0.0730905972935093,-0.0023921248104248486,-0.04018769681513745
t2_normal,breakout,3.0,2.0,71011,"{""family"": ""breakout"", ""min_ddv"": 10000000.0, ""min_price"": 5.0, ""regime"": ""spy200"", ""trend"": true, ""mom_min"": 0.0, ""rsi2_max"": 100.0, ""rsi14_max"": 100.0, ""ret21_max"": 1.0, ""dist_ema20_max"": 1.0, ""dist_ema50_min"": -1.0, ""dist_hh60_min"": -1.0, ""atr_ratio_max"": 10.0, ""vol_ratio_min"": 0.0, ""atr_pct_min"": 0.02, ""atr_pct_max"": 0.03, ""up_close"": false, ""strong_close"": false}",24974,3564.923738756355,0.39805397613518056,0.12444988435114566,1.187640771673642,30.0,0.0,0.07007229182854444,0.008751360549709876,0.07351142861756295,19456,4860.670773442847,0.36014597039473684,0.015408707149272902,1.0220804076925512,26.0,0.0,0.0730893933441003,0.0018814325377906316,0.018235423058586123
t2_normal,breakout,3.0,3.0,71011,"{""family"": ""breakout"", ""min_ddv"": 10000000.0, ""min_price"": 5.0, ""regime"": ""spy200"", ""trend"": true, ""mom_min"": 0.0, ""rsi2_max"": 100.0, ""rsi14_max"": 100.0, ""ret21_max"": 1.0, ""dist_ema20_max"": 1.0, ""dist_ema50_min"": -1.0, ""dist_hh60_min"": -1.0, ""atr_ratio_max"": 10.0, ""vol_ratio_min"": 0.0, ""atr_pct_min"": 0.02, ""atr_pct_max"": 0.03, ""up_close"": false, ""strong_close"": false}",24922,3557.500977708252,0.3319557017895835,0.2511735195098404,1.3408508453129926,39.0,0.0004012519059465532,0.07006152323137545,0.01772771164593948,0.11454829063530124,19430,4854.175222450376,0.2800308800823469,0.047092204240900874,1.0598148874977988,33.0,0.0002058672156459084,0.07308366346691247,0.0044683432447519406,0.03412189386901482
t2_normal,breakout,3.0,4.0,71011,"{""family"": ""breakout"", ""min_ddv"": 10000000.0, ""min_price"": 5.0, ""regime"": ""spy200"", ""trend"": true, ""mom_min"": 0.0, ""rsi2_max"": 100.0, ""rsi14_max"": 100.0, ""ret21_max"": 1.0, ""dist_ema20_max"": 1.0, ""dist_ema50_min"": -1.0, ""dist_hh60_min"": -1.0, ""atr_ratio_max"": 10.0, ""vol_ratio_min"": 0.0, ""atr_pct_min"": 0.02, ""atr_pct_max"": 0.03, ""up_close"": false, ""strong_close"": false}",24813,3541.941728588189,0.28952565187603274,0.3601874050051949,1.4596928210012348,44.0,0.003627130939426913,0.07004024878794635,0.025430744655104982,0.14564881029741944,19355,4835.438056125941,0.22231981400155,0.030772585945659448,1.036132185315833,36.0,0.0010333247222939809,0.07305911055943412,0.0034103684183914218,0.02387257892873995
t2_normal,breakout,3.0,6.0,71011,"{""family"": ""breakout"", ""min_ddv"": 10000000.0, ""min_price"": 5.0, ""regime"": ""spy200"", ""trend"": true, ""mom_min"": 0.0, ""rsi2_max"": 100.0, ""rsi14_max"": 100.0, ""ret21_max"": 1.0, ""dist_ema20_max"": 1.0, ""dist_ema50_min"": -1.0, ""dist_hh60_min"": -1.0, ""atr_ratio_max"": 10.0, ""vol_ratio_min"": 0.0, ""atr_pct_min"": 0.02, ""atr_pct_max"": 0.03, ""up_close"": false, ""strong_close"": false}",24538,3502.6867422761047,0.23893552856793546,0.5227487239688033,1.6226198483893834,47.0,0.020213546336294727,0.07002302113190523,0.03707205325639995,0.19876930682154867,19038,4756.242299794661,0.14560352978254018,-0.09116297167537457,0.9027164345556274,36.0,0.00672339531463389,0.07300534178246776,-0.005424429966878559,-0.037971009768149905
t2_normal,breakout,1.0,0.5,13116,"{""family"": ""breakout"", ""min_ddv"": 10000000.0, ""min_price"": 5.0, ""regime"": ""spy200"", ""trend"": true, ""mom_min"": 0.15, ""rsi2_max"": 100.0, ""rsi14_max"": 100.0, ""ret21_max"": 1.0, ""dist_ema20_max"": 1.0, ""dist_ema50_min"": -1.0, ""dist_hh60_min"": -1.0, ""atr_ratio_max"": 10.0, ""vol_ratio_min"": 1.3, ""atr_pct_min"": 0.02, ""atr_pct_max"": 0.03, ""up_close"": false, ""strong_close"": false}",5311,758.1208447399296,0.6326492186028997,-0.19986891579994243,0.554128404581664,1.0,0.0,0.02402430546384483,-0.004777895627229503,-1.2040296980618346,3003,750.2361396303901,0.6137196137196137,-0.21803448663830222,0.5327614745322762,1.0,0.0,0.025032440293331393,-0.005309555872303513,-1.3380080798204852
t2_normal,breakout,1.0,1.0,13116,"{""family"": ""breakout"", ""min_ddv"": 10000000.0, ""min_price"": 5.0, ""regime"": ""spy200"", ""trend"": true, ""mom_min"": 0.15, ""rsi2_max"": 100.0, ""rsi14_max"": 100.0, ""ret21_max"": 1.0, ""dist_ema20_max"": 1.0, ""dist_ema50_min"": -1.0, ""dist_hh60_min"": -1.0, ""atr_ratio_max"": 10.0, ""vol_ratio_min"": 1.3, ""atr_pct_min"": 0.02, ""atr_pct_max"": 0.03, ""up_close"": false, ""strong_close"": false}",5311,758.1208447399296,0.49614008661269066,-0.16733013840457459,0.7280221386108344,2.0,0.0,0.02402430546384483,-0.003943415091671168,-0.4968703015505671,3003,750.2361396303901,0.4751914751914752,-0.20379154324353033,0.68069595854291,2.0,0.0,0.025032440293331393,-0.004959158964764883,-0.6248540295603753
t2_normal,breakout,1.0,2.0,13116,"{""family"": ""breakout"", ""min_ddv"": 10000000.0, ""min_price"": 5.0, ""regime"": ""spy200"", ""trend"": true, ""mom_min"": 0.15, ""rsi2_max"": 100.0, ""rsi14_max"": 100.0, ""ret21_max"": 1.0, ""dist_ema20_max"": 1.0, ""dist_ema50_min"": -1.0, ""dist_hh60_min"": -1.0, ""atr_ratio_max"": 10.0, ""vol_ratio_min"": 1.3, ""atr_pct_min"": 0.02, ""atr_pct_max"": 0.03, ""up_close"": false, ""strong_close"": false}",5311,758.1208447399296,0.358689512332894,-0.09914366782124863,0.8739692312381383,4.0,0.0,0.02402430546384483,-0.0022703426455987392,-0.14303158667272056,3003,750.2361396303901,0.30303030303030304,-0.2667291802651228,0.6860271703347104,3.0,0.0,0.025032440293331393,-0.006559346012812724,-0.5509850650762688
t2_normal,breakout,1.0,3.0,13116,"{""family"": ""breakout"", ""min_ddv"": 10000000.0, ""min_price"": 5.0, ""regime"": ""spy200"", ""trend"": true, ""mom_min"": 0.15, ""rsi2_max"": 100.0, ""rsi14_max"": 100.0, ""ret21_max"": 1.0, ""dist_ema20_max"": 1.0, ""dist_ema50_min"": -1.0, ""dist_hh60_min"": -1.0, ""atr_ratio_max"": 10.0, ""vol_ratio_min"": 1.3, ""atr_pct_min"": 0.02, ""atr_pct_max"": 0.03, ""up_close"": false, ""strong_close"": false}",5311,758.1208447399296,0.28092637921295427,-0.06337436097114323,0.9283186338597074,5.0,0.0,0.02402430546384483,-0.001412540523024288,-0.07119204236042412,3003,750.2361396303901,0.2331002331002331,-0.2574058786217898,0.7257467866733135,4.0,0.0,0.025032440293331393,-0.006239072758060178,-0.3930615837577912
t2_normal,breakout,1.0,4.0,13116,"{""family"": ""breakout"", ""min_ddv"": 10000000.0, ""min_price"": 5.0, ""regime"": ""spy200"", ""trend"": true, ""mom_min"": 0.15, ""rsi2_max"": 100.0, ""rsi14_max"": 100.0, ""ret21_max"": 1.0, ""dist_ema20_max"": 1.0, ""dist_ema50_min"": -1.0, ""dist_hh60_min"": -1.0, ""atr_ratio_max"": 10.0, ""vol_ratio_min"": 1.3, ""atr_pct_min"": 0.02, ""atr_pct_max"": 0.03, ""up_close"": false, ""strong_close"": false}",5311,758.1208447399296,0.231783091696479,-0.03493574102895639,0.9630613628870058,6.0,0.0,0.02402430546384483,-0.0007301418703169105,-0.030665958553310238,3003,750.2361396303901,0.18048618048618048,-0.2968387118317583,0.7051584257858224,5.0,0.0,0.025032440293331393,-0.0072145427709532205,-0.3636129556560423
t2_normal,breakout,1.0,6.0,13116,"{""family"": ""breakout"", ""min_ddv"": 10000000.0, ""min_price"": 5.0, ""regime"": ""spy200"", ""trend"": true, ""mom_min"": 0.15, ""rsi2_max"": 100.0, ""rsi14_max"": 100.0, ""ret21_max"": 1.0, ""dist_ema20_max"": 1.0, ""dist_ema50_min"": -1.0, ""dist_hh60_min"": -1.0, ""atr_ratio_max"": 10.0, ""vol_ratio_min"": 1.3, ""atr_pct_min"": 0.02, ""atr_pct_max"": 0.03, ""up_close"": false, ""strong_close"": false}",5310,757.9780993351584,0.18116760828625236,0.06186569172820173,1.0611860407966307,7.0,0.0,0.024023343604827115,0.001608050396170962,0.05788981426215463,3003,750.2361396303901,0.13686313686313686,-0.25148889339403385,0.7638623986222167,5.0,0.0,0.025032440293331393,-0.005988257640520633,-0.30180818508223994
t2_normal,breakout,1.5,0.5,13116,"{""family"": ""breakout"", ""min_ddv"": 10000000.0, ""min_price"": 5.0, ""regime"": ""spy200"", ""trend"": true, ""mom_min"": 0.15, ""rsi2_max"": 100.0, ""rsi14_max"": 100.0, ""ret21_max"": 1.0, ""dist_ema20_max"": 1.0, ""dist_ema50_min"": -1.0, ""dist_hh60_min"": -1.0, ""atr_ratio_max"": 10.0, ""vol_ratio_min"": 1.3, ""atr_pct_min"": 0.02, ""atr_pct_max"": 0.03, ""up_close"": false, ""strong_close"": false}",5311,758.1208447399296,0.6682357371493127,-0.09273215277143455,0.7578975725542203,3.0,0.0,0.03603645819576742,-0.003254474371814913,-0.2733758472324527,3003,750.2361396303901,0.6513486513486514,-0.1157316733961508,0.7125111483849388,2.0,0.0,0.03754866043999696,-0.004282312193017074,-0.5395713363201513
t2_normal,breakout,1.5,1.0,13116,"{""family"": ""breakout"", ""min_ddv"": 10000000.0, ""min_price"": 5.0, ""regime"": ""spy200"", ""trend"": true, ""mom_min"": 0.15, ""rsi2_max"": 100.0, ""rsi14_max"": 100.0, ""ret21_max"": 1.0, ""dist_ema20_max"": 1.0, ""dist_ema50_min"": -1.0, ""dist_hh60_min"": -1.0, ""atr_ratio_max"": 10.0, ""vol_ratio_min"": 1.3, ""atr_pct_min"": 0.02, ""atr_pct_max"": 0.03, ""up_close"": false, ""strong_close"": false}",5311,758.1208447399296,0.5275842590849181,-0.0497012330898927,0.90909381183762,5.0,0.0,0.03603645819576742,-0.0016379262117552078,-0.08255148107246248,3003,750.2361396303901,0.48384948384948384,-0.14051839401641247,0.7649921863704336,4.0,0.0,0.03754866043999696,-0.005101348433027221,-0.3213849512807149
t2_normal,breakout,1.5,2.0,13116,"{""family"": ""breakout"", ""min_ddv"": 10000000.0, ""min_price"": 5.0, ""regime"": ""spy200"", ""trend"": true, ""mom_min"": 0.15, ""rsi2_max"": 100.0, ""rsi14_max"": 100.0, ""ret21_max"": 1.0, ""dist_ema20_max"": 1.0, ""dist_ema50_min"": -1.0, ""dist_hh60_min"": -1.0, ""atr_ratio_max"": 10.0, ""vol_ratio_min"": 1.3, ""atr_pct_min"": 0.02, ""atr_pct_max"": 0.03, ""up_close"": false, ""strong_close"": false}",5310,757.9780993351584,0.37871939736346516,0.01391828527517983,1.0192450533825903,9.0,0.0,0.036035015407240814,0.0006620482620501874,0.018537351337405247,3003,750.2361396303901,0.31901431901431904,-0.17082322281284734,0.7842914410313304,7.0,0.0,0.03754866043999696,-0.006139126952448575,-0.22100857028814871
t2_normal,breakout,1.5,3.0,13116,"{""family"": ""breakout"", ""min_ddv"": 10000000.0, ""min_price"": 5.0, ""regime"": ""spy200"", ""trend"": true, ""mom_min"": 0.15, ""rsi2_max"": 100.0, ""rsi14_max"": 100.0, ""ret21_max"": 1.0, ""dist_ema20_max"": 1.0, ""dist_ema50_min"": -1.0, ""dist_hh60_min"": -1.0, ""atr_ratio_max"": 10.0, ""vol_ratio_min"": 1.3, ""atr_pct_min"": 0.02, ""atr_pct_max"": 0.03, ""up_close"": false, ""strong_close"": false}",5310,757.9780993351584,0.30112994350282485,0.07228879407364132,1.0886142298150265,13.0,0.0,0.036035015407240814,0.002710452039952958,0.052541070312934264,3003,750.2361396303901,0.2410922410922411,-0.17080225020591402,0.8069814189924049,9.0,0.0,0.03754866043999696,-0.006173998656462058,-0.17287196238093763
t2_normal,breakout,1.5,4.0,13116,"{""family"": ""breakout"", ""min_ddv"": 10000000.0, ""min_price"": 5.0, ""regime"": ""spy200"", ""trend"": true, ""mom_min"": 0.15, ""rsi2_max"": 100.0, ""rsi14_max"": 100.0, ""ret21_max"": 1.0, ""dist_ema20_max"": 1.0, ""dist_ema50_min"": -1.0, ""dist_hh60_min"": -1.0, ""atr_ratio_max"": 10.0, ""vol_ratio_min"": 1.3, ""atr_pct_min"": 0.02, ""atr_pct_max"": 0.03, ""up_close"": false, ""strong_close"": false}",5308,757.6926085256159,0.2594197437829691,0.15811635533020604,1.1824462789111785,15.0,0.0,0.036035015407240814,0.005849882463594353,0.09827802538838512,3003,750.2361396303901,0.19613719613719613,-0.16298302319301425,0.8268442726860571,10.0,0.0,0.03754866043999696,-0.005741287829040693,-0.14468045329182547
t2_normal,breakout,1.5,6.0,13116,"{""family"": ""breakout"", ""min_ddv"": 10000000.0, ""min_price"": 5.0, ""regime"": ""spy200"", ""trend"": true, ""mom_min"": 0.15, ""rsi2_max"": 100.0, ""rsi14_max"": 100.0, ""ret21_max"": 1.0, ""dist_ema20_max"": 1.0, ""dist_ema50_min"": -1.0, ""dist_hh60_min"": -1.0, ""atr_ratio_max"": 10.0, ""vol_ratio_min"": 1.3, ""atr_pct_min"": 0.02, ""atr_pct_max"": 0.03, ""up_close"": false, ""strong_close"": false}",5306,757.4071177160735,0.20863173765548435,0.31488053037410674,1.3393547245655497,16.0,0.00018846588767433095,0.036035015407240814,0.011439656480976057,0.1801745895753729,3003,750.2361396303901,0.15084915084915085,-0.09455369540285172,0.9051849472642889,10.0,0.0,0.03754866043999696,-0.0029858327991952854,-0.0752429865397212
t2_normal,breakout,2.0,0.5,13116,"{""family"": ""breakout"", ""min_ddv"": 10000000.0, ""min_price"": 5.0, ""regime"": ""spy200"", ""trend"": true, ""mom_min"": 0.15, ""rsi2_max"": 100.0, ""rsi14_max"": 100.0, ""ret21_max"": 1.0, ""dist_ema20_max"": 1.0, ""dist_ema50_min"": -1.0, ""dist_hh60_min"": -1.0, ""atr_ratio_max"": 10.0, ""vol_ratio_min"": 1.3, ""atr_pct_min"": 0.02, ""atr_pct_max"": 0.03, ""up_close"": false, ""strong_close"": false}",5311,758.1208447399296,0.6885708906044059,-0.0393997344821307,0.8879462443339012,4.0,0.0,0.04804861092768983,-0.0017549284521350256,-0.11056049248450661,3003,750.2361396303901,0.6583416583416584,-0.08355561488211637,0.7833087676695901,4.0,0.0,0.05006488058666266,-0.004008519678704725,-0.25253673975839763
t2_normal,breakout,2.0,1.0,13116,"{""family"": ""breakout"", ""min_ddv"": 10000000.0, ""min_price"": 5.0, ""regime"": ""spy200"", ""trend"": true, ""mom_min"": 0.15, ""rsi2_max"": 100.0, ""rsi14_max"": 100.0, ""ret21_max"": 1.0, ""dist_ema20_max"": 1.0, ""dist_ema50_min"": -1.0, ""dist_hh60_min"": -1.0, ""atr_ratio_max"": 10.0, ""vol_ratio_min"": 1.3, ""atr_pct_min"": 0.02, ""atr_pct_max"": 0.03, ""up_close"": false, ""strong_close"": false}",5311,758.1208447399296,0.5496140086612691,0.018051210199274872,1.0354688620873966,9.0,0.0,0.04804861092768983,0.001037331688819962,0.02904528728695894,3003,750.2361396303901,0.4805194805194805,-0.12507128466811732,0.7868308804910258,7.0,0.0,0.05006488058666266,-0.006050307813892016,-0.21781108130011256
t2_normal,breakout,2.0,2.0,13116,"{""family"": ""breakout"", ""min_ddv"": 10000000.0, ""min_price"": 5.0, ""regime"": ""spy200"", ""trend"": true, ""mom_min"": 0.15, ""rsi2_max"": 100.0, ""rsi14_max"": 100.0, ""ret21_max"": 1.0, ""dist_ema20_max"": 1.0, ""dist_ema50_min"": -1.0, ""dist_hh60_min"": -1.0, ""atr_ratio_max"": 10.0, ""vol_ratio_min"": 1.3, ""atr_pct_min"": 0.02, ""atr_pct_max"": 0.03, ""up_close"": false, ""strong_close"": false}",5307,757.5498631208447,0.3894855850763143,0.07187388562900948,1.1036482379886141,17.0,0.0,0.048049672911538145,0.0036323657887480164,0.053844481103794126,3003,750.2361396303901,0.32234432234432236,-0.13088004455714922,0.8290112200129691,12.0,0.0,0.05006488058666266,-0.006161276905610651,-0.12938681501782368
t2_normal,breakout,2.0,3.0,13116,"{""family"": ""breakout"", ""min_ddv"": 10000000.0, ""min_price"": 5.0, ""regime"": ""spy200"", ""trend"": true, ""mom_min"": 0.15, ""rsi2_max"": 100.0, ""rsi14_max"": 100.0, ""ret21_max"": 1.0, ""dist_ema20_max"": 1.0, ""dist_ema50_min"": -1.0, ""dist_hh60_min"": -1.0, ""atr_ratio_max"": 10.0, ""vol_ratio_min"": 1.3, ""atr_pct_min"": 0.02, ""atr_pct_max"": 0.03, ""up_close"": false, ""strong_close"": false}",5304,757.1216269065311,0.3220211161387632,0.18212794149645786,1.235618932507273,23.0,0.0,0.048050197424676824,0.008966516905598847,0.09824183740047433,3003,750.2361396303901,0.25274725274725274,-0.09422636919012292,0.8885976884896052,14.0,0.0,0.05006488058666266,-0.004226264980805651,-0.07607276965450172
t2_normal,breakout,2.0,4.0,13116,"{""family"": ""breakout"", ""min_ddv"": 10000000.0, ""min_price"": 5.0, ""regime"": ""spy200"", ""trend"": true, ""mom_min"": 0.15, ""rsi2_max"": 100.0, ""rsi14_max"": 100.0, ""ret21_max"": 1.0, ""dist_ema20_max"": 1.0, ""dist_ema50_min"": -1.0, ""dist_hh60_min"": -1.0, ""atr_ratio_max"": 10.0, ""vol_ratio_min"": 1.3, ""atr_pct_min"": 0.02, ""atr_pct_max"": 0.03, ""up_close"": false, ""strong_close"": false}",5300,756.5506452874462,0.2783018867924528,0.2801213104479536,1.3399856090566562,26.5,0.00018867924528301886,0.048049141919613986,0.013617541601142615,0.12949511258445054,3003,750.2361396303901,0.21112221112221113,-0.058396278507930804,0.934831476588609,16.0,0.0,0.05006488058666266,-0.0022932407015159206,-0.03611854104887575
t2_normal,breakout,2.0,6.0,13116,"{""family"": ""breakout"", ""min_ddv"": 10000000.0, ""min_price"": 5.0, ""regime"": ""spy200"", ""trend"": true, ""mom_min"": 0.15, ""rsi2_max"": 100.0, ""rsi14_max"": 100.0, ""ret21_max"": 1.0, ""dist_ema20_max"": 1.0, ""dist_ema50_min"": -1.0, ""dist_hh60_min"": -1.0, ""atr_ratio_max"": 10.0, ""vol_ratio_min"": 1.3, ""atr_pct_min"": 0.02, ""atr_pct_max"": 0.03, ""up_close"": false, ""strong_close"": false}",5283,754.1239734063355,0.22998296422487224,0.48337641453161545,1.5494775109489862,29.0,0.0024607230740109785,0.04802814735876779,0.023317556724721744,0.20262152740103034,2999,749.2368240930869,0.14304768256085362,-0.12292059543171323,0.8740359468808329,16.0,0.0006668889629876625,0.050080399972844615,-0.005177898872620595,-0.08155190724377437
t2_normal,breakout,3.0,0.5,13116,"{""family"": ""breakout"", ""min_ddv"": 10000000.0, ""min_price"": 5.0, ""regime"": ""spy200"", ""trend"": true, ""mom_min"": 0.15, ""rsi2_max"": 100.0, ""rsi14_max"": 100.0, ""ret21_max"": 1.0, ""dist_ema20_max"": 1.0, ""dist_ema50_min"": -1.0, ""dist_hh60_min"": -1.0, ""atr_ratio_max"": 10.0, ""vol_ratio_min"": 1.3, ""atr_pct_min"": 0.02, ""atr_pct_max"": 0.03, ""up_close"": false, ""strong_close"": false}",5311,758.1208447399296,0.7220862361137262,0.03453353745093263,1.1131861269498589,9.0,0.0,0.07207291639153467,0.0026357409667046926,0.07380074706773139,3003,750.2361396303901,0.6636696636696636,-0.05149938287350672,0.8592619783469447,8.0,0.0,0.07509732087999405,-0.0035476191217629787,-0.11175000233553382
t2_normal,breakout,3.0,1.0,13116,"{""family"": ""breakout"", ""min_ddv"": 10000000.0, ""min_price"": 5.0, ""regime"": ""spy200"", ""trend"": true, ""mom_min"": 0.15, ""rsi2_max"": 100.0, ""rsi14_max"": 100.0, ""ret21_max"": 1.0, ""dist_ema20_max"": 1.0, ""dist_ema50_min"": -1.0, ""dist_hh60_min"": -1.0, ""atr_ratio_max"": 10.0, ""vol_ratio_min"": 1.3, ""atr_pct_min"": 0.02, ""atr_pct_max"": 0.03, ""up_close"": false, ""strong_close"": false}",5305,757.2643723113023,0.5758718190386428,0.0950013330558565,1.2037732645470494,19.0,0.0,0.07207450936730715,0.00703335864621783,0.09328454625509963,3003,750.2361396303901,0.5091575091575091,-0.038048565132232,0.9288886949261096,15.0,0.0,0.07509732087999405,-0.002247525638164298,-0.03775843072116021
t2_normal,breakout,3.0,2.0,13116,"{""family"": ""breakout"", ""min_ddv"": 10000000.0, ""min_price"": 5.0, ""regime"": ""spy200"", ""trend"": true, ""mom_min"": 0.15, ""rsi2_max"": 100.0, ""rsi14_max"": 100.0, ""ret21_max"": 1.0, ""dist_ema20_max"": 1.0, ""dist_ema50_min"": -1.0, ""dist_hh60_min"": -1.0, ""atr_ratio_max"": 10.0, ""vol_ratio_min"": 1.3, ""atr_pct_min"": 0.02, ""atr_pct_max"": 0.03, ""up_close"": false, ""strong_close"": false}",5295,755.8369182635902,0.4364494806421152,0.24207665476193838,1.3894687861795885,36.0,0.0,0.07207608290672343,0.017616106115916155,0.12331274281141308,3003,750.2361396303901,0.3593073593073593,0.012017248426987235,1.0171764326764074,27.0,0.0,0.07509732087999405,0.0015988148562080006,0.014922271991274673
t2_normal,breakout,3.0,3.0,13116,"{""family"": ""breakout"", ""min_ddv"": 10000000.0, ""min_price"": 5.0, ""regime"": ""spy200"", ""trend"": true, ""mom_min"": 0.15, ""rsi2_max"": 100.0, ""rsi14_max"": 100.0, ""ret21_max"": 1.0, ""dist_ema20_max"": 1.0, ""dist_ema50_min"": -1.0, ""dist_hh60_min"": -1.0, ""atr_ratio_max"": 10.0, ""vol_ratio_min"": 1.3, ""atr_pct_min"": 0.02, ""atr_pct_max"": 0.03, ""up_close"": false, ""strong_close"": false}",5281,753.8384825967931,0.3681120999810642,0.39816724095492545,1.5696108111790203,50.0,0.0003787161522438932,0.0720559058256314,0.02866750346887919,0.1444842174831511,3000,749.4866529774127,0.2796666666666667,0.04589160438973759,1.0581285828128182,34.0,0.0,0.0751031512820885,0.0045258426418786565,0.033544480757453574
t2_normal,breakout,3.0,4.0,13116,"{""family"": ""breakout"", ""min_ddv"": 10000000.0, ""min_price"": 5.0, ""regime"": ""spy200"", ""trend"": true, ""mom_min"": 0.15, ""rsi2_max"": 100.0, ""rsi14_max"": 100.0, ""ret21_max"": 1.0, ""dist_ema20_max"": 1.0, ""dist_ema50_min"": -1.0, ""dist_hh60_min"": -1.0, ""atr_ratio_max"": 10.0, ""vol_ratio_min"": 1.3, ""atr_pct_min"": 0.02, ""atr_pct_max"": 0.03, ""up_close"": false, ""strong_close"": false}",5249,749.2706296441141,0.3265383882644313,0.5415502754412989,1.7272462614281532,58.0,0.005715374357020385,0.0720139013372078,0.0388294654370748,0.16870733258866982,2994,747.9876796714578,0.21309285237140949,-0.018984334579641084,0.9780552865505026,38.0,0.0016700066800267202,0.07511479082172491,-2.7203963212716026e-05,-0.00018040522972643258
t2_normal,breakout,3.0,6.0,13116,"{""family"": ""breakout"", ""min_ddv"": 10000000.0, ""min_price"": 5.0, ""regime"": ""spy200"", ""trend"": true, ""mom_min"": 0.15, ""rsi2_max"": 100.0, ""rsi14_max"": 100.0, ""ret21_max"": 1.0, ""dist_ema20_max"": 1.0, ""dist_ema50_min"": -1.0, ""dist_hh60_min"": -1.0, ""atr_ratio_max"": 10.0, ""vol_ratio_min"": 1.3, ""atr_pct_min"": 0.02, ""atr_pct_max"": 0.03, ""up_close"": false, ""strong_close"": false}",5190,740.8486507626125,0.2726396917148362,0.7201849232621015,1.8936549252166825,63.0,0.028901734104046242,0.07193827295589698,0.05142735552385352,0.20570942209541407,2931,732.2484599589322,0.12828386216308427,-0.22788006774413516,0.7623676352406435,38.0,0.00989423404981235,0.07512059995926686,-0.015930081916994476,-0.10564159587059493
t2_normal,meanrev,1.0,0.5,54592,"{""family"": ""meanrev"", ""min_ddv"": 10000000.0, ""min_price"": 5.0, ""regime"": ""spy200"", ""trend"": true, ""mom_min"": 0.0, ""rsi2_max"": 10.0, ""rsi14_max"": 100.0, ""ret21_max"": 1.0, ""dist_ema20_max"": 0.0, ""dist_ema50_min"": -1.0, ""dist_hh60_min"": -1.0, ""atr_ratio_max"": 10.0, ""vol_ratio_min"": 0.0, ""atr_pct_min"": 0.02, ""atr_pct_max"": 0.03, ""up_close"": false, ""strong_close"": false}",20903,2983.8071959327335,0.6758360044012821,-0.12694005914740764,0.6772815188174489,1.0,0.0,0.023633209855664743,-0.0030022957216133254,-0.756578521846558,14458,3612.026009582478,0.6625397703693456,-0.1422352774004847,0.6541716418067919,1.0,0.0,0.024669392131641814,-0.003417077909645958,-0.8611036332307814
t2_normal,meanrev,1.0,1.0,54592,"{""family"": ""meanrev"", ""min_ddv"": 10000000.0, ""min_price"": 5.0, ""regime"": ""spy200"", ""trend"": true, ""mom_min"": 0.0, ""rsi2_max"": 10.0, ""rsi14_max"": 100.0, ""ret21_max"": 1.0, ""dist_ema20_max"": 0.0, ""dist_ema50_min"": -1.0, ""dist_hh60_min"": -1.0, ""atr_ratio_max"": 10.0, ""vol_ratio_min"": 0.0, ""atr_pct_min"": 0.02, ""atr_pct_max"": 0.03, ""up_close"": false, ""strong_close"": false}",20903,2983.8071959327335,0.5359517772568531,-0.08293164095225561,0.8539775819231932,2.0,0.0,0.023633209855664743,-0.001944123210799393,-0.2449595245607235,14458,3612.026009582478,0.5172914649329091,-0.12029567820039763,0.7973052905937322,2.0,0.0,0.024669392131641814,-0.0028453705486410318,-0.35851668912877
t2_normal,meanrev,1.0,2.0,54592,"{""family"": ""meanrev"", ""min_ddv"": 10000000.0, ""min_price"": 5.0, ""regime"": ""spy200"", ""trend"": true, ""mom_min"": 0.0, ""rsi2_max"": 10.0, ""rsi14_max"": 100.0, ""ret21_max"": 1.0, ""dist_ema20_max"": 0.0, ""dist_ema50_min"": -1.0, ""dist_hh60_min"": -1.0, ""atr_ratio_max"": 10.0, ""vol_ratio_min"": 0.0, ""atr_pct_min"": 0.02, ""atr_pct_max"": 0.03, ""up_close"": false, ""strong_close"": false}",20903,2983.8071959327335,0.3832464239582835,-0.026431456109746395,0.9653340985481595,4.0,0.0,0.023633209855664743,-0.0005979118178938913,-0.03766844452731515,14458,3612.026009582478,0.36367409046894456,-0.08435245155484719,0.8926658057082408,4.0,0.0,0.024669392131641814,-0.0019057323866376655,-0.12006114035817293
t2_normal,meanrev,1.0,3.0,54592,"{""family"": ""meanrev"", ""min_ddv"": 10000000.0, ""min_price"": 5.0, ""regime"": ""spy200"", ""trend"": true, ""mom_min"": 0.0, ""rsi2_max"": 10.0, ""rsi14_max"": 100.0, ""ret21_max"": 1.0, ""dist_ema20_max"": 0.0, ""dist_ema50_min"": -1.0, ""dist_hh60_min"": -1.0, ""atr_ratio_max"": 10.0, ""vol_ratio_min"": 0.0, ""atr_pct_min"": 0.02, ""atr_pct_max"": 0.03, ""up_close"": false, ""strong_close"": false}",20903,2983.8071959327335,0.2987131033822896,0.0031704873490895577,1.0036338388118449,5.0,0.0,0.023633209855664743,8.665030301937563e-05,0.004367175272176531,14458,3612.026009582478,0.2858624982708535,-0.04860669920474354,0.9451591021121156,5.0,0.0,0.024669392131641814,-0.0009521971833246616,-0.04799073803956294
t2_normal,meanrev,1.0,4.0,54592,"{""family"": ""meanrev"", ""min_ddv"": 10000000.0, ""min_price"": 5.0, ""regime"": ""spy200"", ""trend"": true, ""mom_min"": 0.0, ""rsi2_max"": 10.0, ""rsi14_max"": 100.0, ""ret21_max"": 1.0, ""dist_ema20_max"": 0.0, ""dist_ema50_min"": -1.0, ""dist_hh60_min"": -1.0, ""atr_ratio_max"": 10.0, ""vol_ratio_min"": 0.0, ""atr_pct_min"": 0.02, ""atr_pct_max"": 0.03, ""up_close"": false, ""strong_close"": false}",20903,2983.8071959327335,0.24766779888054347,0.03446508274436155,1.0366882235019748,6.0,0.0,0.023633209855664743,0.0008480109328214343,0.03561645917850024,14458,3612.026009582478,0.23696223544058653,-0.014424152991749574,0.9847936470323494,6.0,0.0,0.024669392131641814,-8.108941117518598e-05,-0.0034057552693578107
t2_normal,meanrev,1.0,6.0,54592,"{""family"": ""meanrev"", ""min_ddv"": 10000000.0, ""min_price"": 5.0, ""regime"": ""spy200"", ""trend"": true, ""mom_min"": 0.0, ""rsi2_max"": 10.0, ""rsi14_max"": 100.0, ""ret21_max"": 1.0, ""dist_ema20_max"": 0.0, ""dist_ema50_min"": -1.0, ""dist_hh60_min"": -1.0, ""atr_ratio_max"": 10.0, ""vol_ratio_min"": 0.0, ""atr_pct_min"": 0.02, ""atr_pct_max"": 0.03, ""up_close"": false, ""strong_close"": false}",20902,2983.6644505279623,0.19208688163812077,0.12619295947006115,1.1244691541976692,7.0,0.0,0.02363351959082935,0.0030190724541017742,0.10868660834766387,14458,3612.026009582478,0.1811453866371559,0.055620686961956683,1.0544460788853065,6.0,0.0,0.024669392131641814,0.0017212670035129047,0.07229321414754199
t2_normal,meanrev,1.5,0.5,54592,"{""family"": ""meanrev"", ""min_ddv"": 10000000.0, ""min_price"": 5.0, ""regime"": ""spy200"", ""trend"": true, ""mom_min"": 0.0, ""rsi2_max"": 10.0, ""rsi14_max"": 100.0, ""ret21_max"": 1.0, ""dist_ema20_max"": 0.0, ""dist_ema50_min"": -1.0, ""dist_hh60_min"": -1.0, ""atr_ratio_max"": 10.0, ""vol_ratio_min"": 0.0, ""atr_pct_min"": 0.02, ""atr_pct_max"": 0.03, ""up_close"": false, ""strong_close"": false}",20903,2983.8071959327335,0.7009520164569679,-0.0419814496986972,0.8790160020041949,2.0,0.0,0.03544981478349712,-0.001462952795767155,-0.18433205226666155,14458,3612.026009582478,0.6726379858901647,-0.08406152221972524,0.7792487022353229,2.0,0.0,0.03700408819746268,-0.002961576521715527,-0.3731586417361564
t2_normal,meanrev,1.5,1.0,54592,"{""family"": ""meanrev"", ""min_ddv"": 10000000.0, ""min_price"": 5.0, ""regime"": ""spy200"", ""trend"": true, ""mom_min"": 0.0, ""rsi2_max"": 10.0, ""rsi14_max"": 100.0, ""ret21_max"": 1.0, ""dist_ema20_max"": 0.0, ""dist_ema50_min"": -1.0, ""dist_hh60_min"": -1.0, ""atr_ratio_max"": 10.0, ""vol_ratio_min"": 0.0, ""atr_pct_min"": 0.02, ""atr_pct_max"": 0.03, ""up_close"": false, ""strong_close"": false}",20903,2983.8071959327335,0.557001387360666,0.008057892963364613,1.015560711703909,5.0,0.0,0.03544981478349712,0.00033318002533772994,0.01679227327702159,14458,3612.026009582478,0.5262830266980218,-0.05408040690309795,0.9022546337550751,4.0,0.0,0.03700408819746268,-0.001743561153181645,-0.10984435265044364
t2_normal,meanrev,1.5,2.0,54592,"{""family"": ""meanrev"", ""min_ddv"": 10000000.0, ""min_price"": 5.0, ""regime"": ""spy200"", ""trend"": true, ""mom_min"": 0.0, ""rsi2_max"": 10.0, ""rsi14_max"": 100.0, ""ret21_max"": 1.0, ""dist_ema20_max"": 0.0, ""dist_ema50_min"": -1.0, ""dist_hh60_min"": -1.0, ""atr_ratio_max"": 10.0, ""vol_ratio_min"": 0.0, ""atr_pct_min"": 0.02, ""atr_pct_max"": 0.03, ""up_close"": false, ""strong_close"": false}",20903,2983.8071959327335,0.3955891498827919,0.06287564191334818,1.0884510982990725,9.0,0.0,0.03544981478349712,0.0022777857187739723,0.06377800012567122,14458,3612.026009582478,0.3739798035689584,-0.0015660948981752367,0.9978623763812765,8.0,0.0,0.03700408819746268,0.0003371859036000823,0.010621355963402591
t2_normal,meanrev,1.5,3.0,54592,"{""family"": ""meanrev"", ""min_ddv"": 10000000.0, ""min_price"": 5.0, ""regime"": ""spy200"", ""trend"": true, ""mom_min"": 0.0, ""rsi2_max"": 10.0, ""rsi14_max"": 100.0, ""ret21_max"": 1.0, ""dist_ema20_max"": 0.0, ""dist_ema50_min"": -1.0, ""dist_hh60_min"": -1.0, ""atr_ratio_max"": 10.0, ""vol_ratio_min"": 0.0, ""atr_pct_min"": 0.02, ""atr_pct_max"": 0.03, ""up_close"": false, ""strong_close"": false}",20903,2983.8071959327335,0.3141654307994068,0.11836840404417821,1.1461090554239013,12.0,0.0,0.03544981478349712,0.004295984254798714,0.090215669350773,14458,3612.026009582478,0.29623737723059895,0.052056032501371564,1.0630250204433378,10.0,0.0,0.03700408819746268,0.002410372783555261,0.06074139414559258
t2_normal,meanrev,1.5,4.0,54592,"{""family"": ""meanrev"", ""min_ddv"": 10000000.0, ""min_price"": 5.0, ""regime"": ""spy200"", ""trend"": true, ""mom_min"": 0.0, ""rsi2_max"": 10.0, ""rsi14_max"": 100.0, ""ret21_max"": 1.0, ""dist_ema20_max"": 0.0, ""dist_ema50_min"": -1.0, ""dist_hh60_min"": -1.0, ""atr_ratio_max"": 10.0, ""vol_ratio_min"": 0.0, ""atr_pct_min"": 0.02, ""atr_pct_max"": 0.03, ""up_close"": false, ""strong_close"": false}",20897,2982.9507235041065,0.26616260707278555,0.18411645359143283,1.2120003188893087,13.0,0.0,0.035451051524484314,0.006611951742747128,0.12817014147479047,14458,3612.026009582478,0.24920459261308617,0.10443248340395035,1.118269089925074,12.0,0.0,0.03700408819746268,0.004442511139953451,0.09329273393902247
t2_normal,meanrev,1.5,6.0,54592,"{""family"": ""meanrev"", ""min_ddv"": 10000000.0, ""min_price"": 5.0, ""regime"": ""spy200"", ""trend"": true, ""mom_min"": 0.0, ""rsi2_max"": 10.0, ""rsi14_max"": 100.0, ""ret21_max"": 1.0, ""dist_ema20_max"": 0.0, ""dist_ema50_min"": -1.0, ""dist_hh60_min"": -1.0, ""atr_ratio_max"": 10.0, ""vol_ratio_min"": 0.0, ""atr_pct_min"": 0.02, ""atr_pct_max"": 0.03, ""up_close"": false, ""strong_close"": false}",20878,2980.238560813453,0.21683111409138806,0.36160283717156794,1.3892168639813172,15.0,4.789730817128078e-05,0.035450897756737626,0.012923808605084262,0.21711998456541562,14453,3610.7768651608485,0.18985677713969418,0.1755137858904539,1.1836350325726368,13.0,0.0,0.03700369423790424,0.007193532115716189,0.1394438533200369
t2_normal,meanrev,2.0,0.5,54592,"{""family"": ""meanrev"", ""min_ddv"": 10000000.0, ""min_price"": 5.0, ""regime"": ""spy200"", ""trend"": true, ""mom_min"": 0.0, ""rsi2_max"": 10.0, ""rsi14_max"": 100.0, ""ret21_max"": 1.0, ""dist_ema20_max"": 0.0, ""dist_ema50_min"": -1.0, ""dist_hh60_min"": -1.0, ""atr_ratio_max"": 10.0, ""vol_ratio_min"": 0.0, ""atr_pct_min"": 0.02, ""atr_pct_max"": 0.03, ""up_close"": false, ""strong_close"": false}",20903,2983.8071959327335,0.7170262641726068,0.006351748494457159,1.0198688266710463,4.0,0.0,0.047266419711329485,0.0003678255312725041,0.023173008470167757,14458,3612.026009582478,0.6807303914787661,-0.04835372661291547,0.8659142552146979,3.0,0.0,0.04933878426328356,-0.002141419699863265,-0.17987925478851427
t2_normal,meanrev,2.0,1.0,54592,"{""family"": ""meanrev"", ""min_ddv"": 10000000.0, ""min_price"": 5.0, ""regime"": ""spy200"", ""trend"": true, ""mom_min"": 0.0, ""rsi2_max"": 10.0, ""rsi14_max"": 100.0, ""ret21_max"": 1.0, ""dist_ema20_max"": 0.0, ""dist_ema50_min"": -1.0, ""dist_hh60_min"": -1.0, ""atr_ratio_max"": 10.0, ""vol_ratio_min"": 0.0, ""atr_pct_min"": 0.02, ""atr_pct_max"": 0.03, ""up_close"": false, ""strong_close"": false}",20903,2983.8071959327335,0.5692962732622112,0.05797890811583542,1.1184027810893653,8.0,0.0,0.047266419711329485,0.0028526511436528196,0.08985851102506381,14458,3612.026009582478,0.5347904274450132,-0.010353138717047086,0.9803236351631558,7.0,0.0,0.04933878426328356,-0.00012050816603610349,-0.0043382939772997255
t2_normal,meanrev,2.0,2.0,54592,"{""family"": ""meanrev"", ""min_ddv"": 10000000.0, ""min_price"": 5.0, ""regime"": ""spy200"", ""trend"": true, ""mom_min"": 0.0, ""rsi2_max"": 10.0, ""rsi14_max"": 100.0, ""ret21_max"": 1.0, ""dist_ema20_max"": 0.0, ""dist_ema50_min"": -1.0, ""dist_hh60_min"": -1.0, ""atr_ratio_max"": 10.0, ""vol_ratio_min"": 0.0, ""atr_pct_min"": 0.02, ""atr_pct_max"": 0.03, ""up_close"": false, ""strong_close"": false}",20903,2983.8071959327335,0.41596899966511985,0.15102808001205537,1.22651606967206,15.0,0.0,0.047266419711329485,0.007342687936141641,0.12335715732717958,14458,3612.026009582478,0.3866371558998478,0.06476668551042722,1.0928614059059873,13.0,0.0,0.04933878426328356,0.0037410296022802225,0.07251841998266277
t2_normal,meanrev,2.0,3.0,54592,"{""family"": ""meanrev"", ""min_ddv"": 10000000.0, ""min_price"": 5.0, ""regime"": ""spy200"", ""trend"": true, ""mom_min"": 0.0, ""rsi2_max"": 10.0, ""rsi14_max"": 100.0, ""ret21_max"": 1.0, ""dist_ema20_max"": 0.0, ""dist_ema50_min"": -1.0, ""dist_hh60_min"": -1.0, ""atr_ratio_max"": 10.0, ""vol_ratio_min"": 0.0, ""atr_pct_min"": 0.02, ""atr_pct_max"": 0.03, ""up_close"": false, ""strong_close"": false}",20893,2982.3797418850213,0.3371942755946968,0.24106654370123787,1.3175651757644558,20.0,0.0,0.04726813082016979,0.011640127137657375,0.14666560193448291,14458,3612.026009582478,0.3097247198782681,0.1344474076364727,1.170986851696999,18.0,0.0,0.04933878426328356,0.007305964598364778,0.10228350437710688
t2_normal,meanrev,2.0,4.0,54592,"{""family"": ""meanrev"", ""min_ddv"": 10000000.0, ""min_price"": 5.0, ""regime"": ""spy200"", ""trend"": true, ""mom_min"": 0.0, ""rsi2_max"": 10.0, ""rsi14_max"": 100.0, ""ret21_max"": 1.0, ""dist_ema20_max"": 0.0, ""dist_ema50_min"": -1.0, ""dist_hh60_min"": -1.0, ""atr_ratio_max"": 10.0, ""vol_ratio_min"": 0.0, ""atr_pct_min"": 0.02, ""atr_pct_max"": 0.03, ""up_close"": false, ""strong_close"": false}",20873,2979.5248337895973,0.293824558041489,0.3559009262083716,1.4397147019759333,24.0,4.790878167968189e-05,0.047267658651988106,0.017109894796832316,0.17965389536673934,14455,3611.2765229295,0.26108612936700104,0.1935518866298242,1.229457048993115,20.0,0.0,0.04933857055593297,0.01033611393675379,0.13023503560309774
t2_normal,meanrev,2.0,6.0,54592,"{""family"": ""meanrev"", ""min_ddv"": 10000000.0, ""min_price"": 5.0, ""regime"": ""spy200"", ""trend"": true, ""mom_min"": 0.0, ""rsi2_max"": 10.0, ""rsi14_max"": 100.0, ""ret21_max"": 1.0, ""dist_ema20_max"": 0.0, ""dist_ema50_min"": -1.0, ""dist_hh60_min"": -1.0, ""atr_ratio_max"": 10.0, ""vol_ratio_min"": 0.0, ""atr_pct_min"": 0.02, ""atr_pct_max"": 0.03, ""up_close"": false, ""strong_close"": false}",20741,2960.6824403597966,0.2391880815775517,0.5486075227106769,1.6283430381555948,28.0,0.0017356925895569164,0.04725064564924171,0.026089746700478998,0.234807720304311,14411,3600.284052019165,0.17514398723197558,0.09795998634889863,1.103546192340056,22.0,0.0002775657483866491,0.04932888304926646,0.005804933795753523,0.06649287802408581
t2_normal,meanrev,3.0,0.5,54592,"{""family"": ""meanrev"", ""min_ddv"": 10000000.0, ""min_price"": 5.0, ""regime"": ""spy200"", ""trend"": true, ""mom_min"": 0.0, ""rsi2_max"": 10.0, ""rsi14_max"": 100.0, ""ret21_max"": 1.0, ""dist_ema20_max"": 0.0, ""dist_ema50_min"": -1.0, ""dist_hh60_min"": -1.0, ""atr_ratio_max"": 10.0, ""vol_ratio_min"": 0.0, ""atr_pct_min"": 0.02, ""atr_pct_max"": 0.03, ""up_close"": false, ""strong_close"": false}",20902,2983.6644505279623,0.7351449622045737,0.056627186568389984,1.1940908806911146,7.0,0.0,0.07089792852296972,0.004189153264798238,0.15080951753273658,14458,3612.026009582478,0.7019643104163785,0.005973456675015009,1.018245329413043,7.0,0.0,0.0740081763949253,0.0008422256063706221,0.030320121829342395
t2_normal,meanrev,3.0,1.0,54592,"{""family"": ""meanrev"", ""min_ddv"": 10000000.0, ""min_price"": 5.0, ""regime"": ""spy200"", ""trend"": true, ""mom_min"": 0.0, ""rsi2_max"": 10.0, ""rsi14_max"": 100.0, ""ret21_max"": 1.0, ""dist_ema20_max"": 0.0, ""dist_ema50_min"": -1.0, ""dist_hh60_min"": -1.0, ""atr_ratio_max"": 10.0, ""vol_ratio_min"": 0.0, ""atr_pct_min"": 0.02, ""atr_pct_max"": 0.03, ""up_close"": false, ""strong_close"": false}",20902,2983.6644505279623,0.5916658692948044,0.12808407261829038,1.284257172880474,16.0,0.0,0.07089792852296972,0.009333010268440167,0.14699491172793264,14458,3612.026009582478,0.5614192834416932,0.06731220874621006,1.1394652315679823,14.0,0.0,0.0740081763949253,0.005530213078923198,0.09954383542061755
t2_normal,meanrev,3.0,2.0,54592,"{""family"": ""meanrev"", ""min_ddv"": 10000000.0, ""min_price"": 5.0, ""regime"": ""spy200"", ""trend"": true, ""mom_min"": 0.0, ""rsi2_max"": 10.0, ""rsi14_max"": 100.0, ""ret21_max"": 1.0, ""dist_ema20_max"": 0.0, ""dist_ema50_min"": -1.0, ""dist_hh60_min"": -1.0, ""atr_ratio_max"": 10.0, ""vol_ratio_min"": 0.0, ""atr_pct_min"": 0.02, ""atr_pct_max"": 0.03, ""up_close"": false, ""strong_close"": false}",20880,2980.5240516229956,0.44578544061302683,0.2685601261261548,1.4381548814555938,32.0,0.0,0.07090179551347534,0.01945767470135702,0.15322918827318652,14455,3611.2765229295,0.4133517813905223,0.17307248869133968,1.2679771935111097,28.0,0.0,0.07400785583389936,0.013601358847504092,0.12241222962753683
t2_normal,meanrev,3.0,3.0,54592,"{""family"": ""meanrev"", ""min_ddv"": 10000000.0, ""min_price"": 5.0, ""regime"": ""spy200"", ""trend"": true, ""mom_min"": 0.0, ""rsi2_max"": 10.0, ""rsi14_max"": 100.0, ""ret21_max"": 1.0, ""dist_ema20_max"": 0.0, ""dist_ema50_min"": -1.0, ""dist_hh60_min"": -1.0, ""atr_ratio_max"": 10.0, ""vol_ratio_min"": 0.0, ""atr_pct_min"": 0.02, ""atr_pct_max"": 0.03, ""up_close"": false, ""strong_close"": false}",20775,2965.535784122018,0.3754031287605295,0.42578363753829734,1.6161256400439166,46.0,0.0004813477737665463,0.07087979706125103,0.03063646544371728,0.16783454982210336,14419,3602.282683093771,0.3168042166585755,0.19039798114520412,1.2525541214497906,40.0,6.935293709688605e-05,0.07399332457389969,0.015150677806796475,0.09544927018281779
t2_normal,meanrev,3.0,4.0,54592,"{""family"": ""meanrev"", ""min_ddv"": 10000000.0, ""min_price"": 5.0, ""regime"": ""spy200"", ""trend"": true, ""mom_min"": 0.0, ""rsi2_max"": 10.0, ""rsi14_max"": 100.0, ""ret21_max"": 1.0, ""dist_ema20_max"": 0.0, ""dist_ema50_min"": -1.0, ""dist_hh60_min"": -1.0, ""atr_ratio_max"": 10.0, ""vol_ratio_min"": 0.0, ""atr_pct_min"": 0.02, ""atr_pct_max"": 0.03, ""up_close"": false, ""strong_close"": false}",20583,2938.1286664059444,0.32580284700966816,0.5419830408055354,1.7265827896997552,55.0,0.00403245396686586,0.07086067105309622,0.03876513224923091,0.17761478776011252,14333,3580.797399041752,0.23323798227865764,0.07892235709942091,1.0931178966771857,48.0,0.0008372287727621573,0.07397329289904929,0.00708948877704943,0.037219816079509506
t2_normal,meanrev,3.0,6.0,54592,"{""family"": ""meanrev"", ""min_ddv"": 10000000.0, ""min_price"": 5.0, ""regime"": ""spy200"", ""trend"": true, ""mom_min"": 0.0, ""rsi2_max"": 10.0, ""rsi14_max"": 100.0, ""ret21_max"": 1.0, ""dist_ema20_max"": 0.0, ""dist_ema50_min"": -1.0, ""dist_hh60_min"": -1.0, ""atr_ratio_max"": 10.0, ""vol_ratio_min"": 0.0, ""atr_pct_min"": 0.02, ""atr_pct_max"": 0.03, ""up_close"": false, ""strong_close"": false}",20170,2879.174814235432,0.2626177491323748,0.679939024032998,1.8334845880691806,63.0,0.024987605354486863,0.07081188504829229,0.048175280101752135,0.19270112040700854,14027,3504.349760438056,0.14557638839381193,-0.10631547277951144,0.8876980345324459,51.0,0.00884009410422756,0.0738782027238714,-0.006701150583108915,-0.0331115675871264
t2_normal,meanrev,1.0,0.5,29198,"{""family"": ""meanrev"", ""min_ddv"": 10000000.0, ""min_price"": 5.0, ""regime"": ""spy200"", ""trend"": true, ""mom_min"": 0.15, ""rsi2_max"": 100.0, ""rsi14_max"": 100.0, ""ret21_max"": 1.0, ""dist_ema20_max"": 0.0, ""dist_ema50_min"": -1.0, ""dist_hh60_min"": -0.1, ""atr_ratio_max"": 10.0, ""vol_ratio_min"": 0.0, ""atr_pct_min"": 0.02, ""atr_pct_max"": 0.03, ""up_close"": true, ""strong_close"": false}",11738,1675.5455612045366,0.6787357301073437,-0.12284639261622052,0.6859144602343298,2.0,0.0,0.02365750501145467,-0.0029063999506945743,-0.36620639378751635,7724,1929.678302532512,0.6422837907819783,-0.17012860698371704,0.6089260411885957,2.0,0.0,0.024686071083535606,-0.004130413706624172,-0.5204321270346457
t2_normal,meanrev,1.0,1.0,29198,"{""family"": ""meanrev"", ""min_ddv"": 10000000.0, ""min_price"": 5.0, ""regime"": ""spy200"", ""trend"": true, ""mom_min"": 0.15, ""rsi2_max"": 100.0, ""rsi14_max"": 100.0, ""ret21_max"": 1.0, ""dist_ema20_max"": 0.0, ""dist_ema50_min"": -1.0, ""dist_hh60_min"": -0.1, ""atr_ratio_max"": 10.0, ""vol_ratio_min"": 0.0, ""atr_pct_min"": 0.02, ""atr_pct_max"": 0.03, ""up_close"": true, ""strong_close"": false}",11738,1675.5455612045366,0.5444709490543533,-0.06446502159854381,0.8843798047002547,3.0,0.0,0.02365750501145467,-0.0014881754109518299,-0.1250067345199537,7724,1929.678302532512,0.49611600207146556,-0.16087926522356785,0.7393022656483532,3.0,0.0,0.024686071083535606,-0.0038163817253528266,-0.32057606492963747
t2_normal,meanrev,1.0,2.0,29198,"{""family"": ""meanrev"", ""min_ddv"": 10000000.0, ""min_price"": 5.0, ""regime"": ""spy200"", ""trend"": true, ""mom_min"": 0.15, ""rsi2_max"": 100.0, ""rsi14_max"": 100.0, ""ret21_max"": 1.0, ""dist_ema20_max"": 0.0, ""dist_ema50_min"": -1.0, ""dist_hh60_min"": -0.1, ""atr_ratio_max"": 10.0, ""vol_ratio_min"": 0.0, ""atr_pct_min"": 0.02, ""atr_pct_max"": 0.03, ""up_close"": true, ""strong_close"": false}",11738,1675.5455612045366,0.385414891804396,-0.016244370858827694,0.9786033742336281,5.0,0.0,0.02365750501145467,-0.000350519618486661,-0.017666188771727716,7724,1929.678302532512,0.34101501812532364,-0.14950888137458726,0.8149013910559173,4.0,0.0,0.024686071083535606,-0.0034291536306647677,-0.21603667873188037
t2_normal,meanrev,1.0,3.0,29198,"{""family"": ""meanrev"", ""min_ddv"": 10000000.0, ""min_price"": 5.0, ""regime"": ""spy200"", ""trend"": true, ""mom_min"": 0.15, ""rsi2_max"": 100.0, ""rsi14_max"": 100.0, ""ret21_max"": 1.0, ""dist_ema20_max"": 0.0, ""dist_ema50_min"": -1.0, ""dist_hh60_min"": -0.1, ""atr_ratio_max"": 10.0, ""vol_ratio_min"": 0.0, ""atr_pct_min"": 0.02, ""atr_pct_max"": 0.03, ""up_close"": true, ""strong_close"": false}",11738,1675.5455612045366,0.3089964218776623,0.04790807928451752,1.055795496849486,6.0,0.0,0.02365750501145467,0.001209567134768041,0.05080181966025773,7724,1929.678302532512,0.2676074572760228,-0.114389396571668,0.8730773808719319,5.0,0.0,0.024686071083535606,-0.0024268096010827307,-0.12231120389456962
t2_normal,meanrev,1.0,4.0,29198,"{""family"": ""meanrev"", ""min_ddv"": 10000000.0, ""min_price"": 5.0, ""regime"": ""spy200"", ""trend"": true, ""mom_min"": 0.15, ""rsi2_max"": 100.0, ""rsi14_max"": 100.0, ""ret21_max"": 1.0, ""dist_ema20_max"": 0.0, ""dist_ema50_min"": -1.0, ""dist_hh60_min"": -0.1, ""atr_ratio_max"": 10.0, ""vol_ratio_min"": 0.0, ""atr_pct_min"": 0.02, ""atr_pct_max"": 0.03, ""up_close"": true, ""strong_close"": false}",11737,1675.4028157997652,0.26003237624605946,0.09751559391116847,1.1053157435418326,7.0,0.0,0.023657482914130386,0.0023897068702035365,0.08602944732732731,7724,1929.678302532512,0.22190574831693424,-0.0824935010334711,0.9140618878474929,6.0,0.0,0.024686071083535606,-0.0015341429157225374,-0.06443400246034657
t2_normal,meanrev,1.0,6.0,29198,"{""family"": ""meanrev"", ""min_ddv"": 10000000.0, ""min_price"": 5.0, ""regime"": ""spy200"", ""trend"": true, ""mom_min"": 0.15, ""rsi2_max"": 100.0, ""rsi14_max"": 100.0, ""ret21_max"": 1.0, ""dist_ema20_max"": 0.0, ""dist_ema50_min"": -1.0, ""dist_hh60_min"": -0.1, ""atr_ratio_max"": 10.0, ""vol_ratio_min"": 0.0, ""atr_pct_min"": 0.02, ""atr_pct_max"": 0.03, ""up_close"": true, ""strong_close"": false}",11737,1675.4028157997652,0.19723949902019255,0.16434285369912735,1.1627035311364613,7.0,0.0,0.023657482914130386,0.003990162036127068,0.14364583330057443,7724,1929.678302532512,0.17180217503884,0.0018444358825713367,1.001804175140031,6.0,0.0,0.024686071083535606,0.0006530858875522034,0.02742960727719254
t2_normal,meanrev,1.5,0.5,29198,"{""family"": ""meanrev"", ""min_ddv"": 10000000.0, ""min_price"": 5.0, ""regime"": ""spy200"", ""trend"": true, ""mom_min"": 0.15, ""rsi2_max"": 100.0, ""rsi14_max"": 100.0, ""ret21_max"": 1.0, ""dist_ema20_max"": 0.0, ""dist_ema50_min"": -1.0, ""dist_hh60_min"": -0.1, ""atr_ratio_max"": 10.0, ""vol_ratio_min"": 0.0, ""atr_pct_min"": 0.02, ""atr_pct_max"": 0.03, ""up_close"": true, ""strong_close"": false}",11738,1675.5455612045366,0.6991821434656671,-0.04305540337182822,0.8763230711297968,3.0,0.0,0.035486257517182006,-0.0015178128558064328,-0.12749627988774034,7724,1929.678302532512,0.663386846193682,-0.09445606822902958,0.7577022118433593,3.0,0.0,0.0370291066253033,-0.003353491515263649,-0.28169328728214654
t2_normal,meanrev,1.5,1.0,29198,"{""family"": ""meanrev"", ""min_ddv"": 10000000.0, ""min_price"": 5.0, ""regime"": ""spy200"", ""trend"": true, ""mom_min"": 0.15, ""rsi2_max"": 100.0, ""rsi14_max"": 100.0, ""ret21_max"": 1.0, ""dist_ema20_max"": 0.0, ""dist_ema50_min"": -1.0, ""dist_hh60_min"": -0.1, ""atr_ratio_max"": 10.0, ""vol_ratio_min"": 0.0, ""atr_pct_min"": 0.02, ""atr_pct_max"": 0.03, ""up_close"": true, ""strong_close"": false}",11738,1675.5455612045366,0.5518827738967456,0.0024689914893637754,1.0047408391724286,5.0,0.0,0.035486257517182006,0.00014295899564323853,0.007205133380419222,7724,1929.678302532512,0.5059554634904194,-0.09454847361523698,0.8357601439258725,5.0,0.0,0.0370291066253033,-0.0031757842419570053,-0.16005952579463306
t2_normal,meanrev,1.5,2.0,29198,"{""family"": ""meanrev"", ""min_ddv"": 10000000.0, ""min_price"": 5.0, ""regime"": ""spy200"", ""trend"": true, ""mom_min"": 0.15, ""rsi2_max"": 100.0, ""rsi14_max"": 100.0, ""ret21_max"": 1.0, ""dist_ema20_max"": 0.0, ""dist_ema50_min"": -1.0, ""dist_hh60_min"": -0.1, ""atr_ratio_max"": 10.0, ""vol_ratio_min"": 0.0, ""atr_pct_min"": 0.02, ""atr_pct_max"": 0.03, ""up_close"": true, ""strong_close"": false}",11738,1675.5455612045366,0.4006645084341455,0.08361443337093434,1.119381644149963,9.0,0.0,0.035486257517182006,0.003076578772474803,0.08614420562929448,7724,1929.678302532512,0.36380113930605906,-0.03066515952342834,0.9587782086721193,8.0,0.0,0.0370291066253033,-0.0005686710945110792,-0.017913139477098994
t2_normal,meanrev,1.5,3.0,29198,"{""family"": ""meanrev"", ""min_ddv"": 10000000.0, ""min_price"": 5.0, ""regime"": ""spy200"", ""trend"": true, ""mom_min"": 0.15, ""rsi2_max"": 100.0, ""rsi14_max"": 100.0, ""ret21_max"": 1.0, ""dist_ema20_max"": 0.0, ""dist_ema50_min"": -1.0, ""dist_hh60_min"": -0.1, ""atr_ratio_max"": 10.0, ""vol_ratio_min"": 0.0, ""atr_pct_min"": 0.02, ""atr_pct_max"": 0.03, ""up_close"": true, ""strong_close"": false}",11737,1675.4028157997652,0.3219732469966772,0.1561584819500089,1.1958787407274103,12.0,0.0,0.03548622437119552,0.005633059832652796,0.11829425648570872,7724,1929.678302532512,0.2857327809425168,0.012407484205390475,1.014839677424273,10.0,0.0,0.0370291066253033,0.001164850806207423,0.029354240316427055
t2_normal,meanrev,1.5,4.0,29198,"{""family"": ""meanrev"", ""min_ddv"": 10000000.0, ""min_price"": 5.0, ""regime"": ""spy200"", ""trend"": true, ""mom_min"": 0.15, ""rsi2_max"": 100.0, ""rsi14_max"": 100.0, ""ret21_max"": 1.0, ""dist_ema20_max"": 0.0, ""dist_ema50_min"": -1.0, ""dist_hh60_min"": -0.1, ""atr_ratio_max"": 10.0, ""vol_ratio_min"": 0.0, ""atr_pct_min"": 0.02, ""atr_pct_max"": 0.03, ""up_close"": true, ""strong_close"": false}",11735,1675.1173249902229,0.269961653174265,0.209870751240766,1.243904240878836,14.0,0.0,0.03548629066316849,0.007583945996113403,0.13651102793004125,7724,1929.678302532512,0.24313827032625582,0.08080982054891145,1.0912704692408979,12.0,0.0,0.0370291066253033,0.0037980795357282758,0.07975967025029379
t2_normal,meanrev,1.5,6.0,29198,"{""family"": ""meanrev"", ""min_ddv"": 10000000.0, ""min_price"": 5.0, ""regime"": ""spy200"", ""trend"": true, ""mom_min"": 0.15, ""rsi2_max"": 100.0, ""rsi14_max"": 100.0, ""ret21_max"": 1.0, ""dist_ema20_max"": 0.0, ""dist_ema50_min"": -1.0, ""dist_hh60_min"": -0.1, ""atr_ratio_max"": 10.0, ""vol_ratio_min"": 0.0, ""atr_pct_min"": 0.02, ""atr_pct_max"": 0.03, ""up_close"": true, ""strong_close"": false}",11712,1671.834180680485,0.21644467213114754,0.36326639434743185,1.392013410845737,15.0,0.0,0.03548620172747473,0.013059878620854526,0.21940596083035604,7723,1929.4284736481861,0.19603780914152533,0.22762225045272336,1.2416867266697973,13.0,0.0,0.03702844547408804,0.009294139483021031,0.18016331920933076
t2_normal,meanrev,2.0,0.5,29198,"{""family"": ""meanrev"", ""min_ddv"": 10000000.0, ""min_price"": 5.0, ""regime"": ""spy200"", ""trend"": true, ""mom_min"": 0.15, ""rsi2_max"": 100.0, ""rsi14_max"": 100.0, ""ret21_max"": 1.0, ""dist_ema20_max"": 0.0, ""dist_ema50_min"": -1.0, ""dist_hh60_min"": -0.1, ""atr_ratio_max"": 10.0, ""vol_ratio_min"": 0.0, ""atr_pct_min"": 0.02, ""atr_pct_max"": 0.03, ""up_close"": true, ""strong_close"": false}",11738,1675.5455612045366,0.7161356278752768,0.007396164672428877,1.0231505362706597,4.0,0.0,0.04731501002290933,0.00043387190122007356,0.027333929776864635,7724,1929.678302532512,0.6736147074054893,-0.05720194155845689,0.8440463435097619,4.0,0.0,0.04937214216707114,-0.0025472269667076906,-0.1604752989025845
t2_normal,meanrev,2.0,1.0,29198,"{""family"": ""meanrev"", ""min_ddv"": 10000000.0, ""min_price"": 5.0, ""regime"": ""spy200"", ""trend"": true, ""mom_min"": 0.15, ""rsi2_max"": 100.0, ""rsi14_max"": 100.0, ""ret21_max"": 1.0, ""dist_ema20_max"": 0.0, ""dist_ema50_min"": -1.0, ""dist_hh60_min"": -0.1, ""atr_ratio_max"": 10.0, ""vol_ratio_min"": 0.0, ""atr_pct_min"": 0.02, ""atr_pct_max"": 0.03, ""up_close"": true, ""strong_close"": false}",11738,1675.5455612045366,0.566450843414551,0.05789835467892758,1.1182662955445732,8.0,0.0,0.04731501002290933,0.0028544790137178247,0.08991608893211148,7724,1929.678302532512,0.5211030554117038,-0.036928002818359,0.9315780036598538,8.0,0.0,0.04937214216707114,-0.0013458905275712805,-0.042395551618495335
t2_normal,meanrev,2.0,2.0,29198,"{""family"": ""meanrev"", ""min_ddv"": 10000000.0, ""min_price"": 5.0, ""regime"": ""spy200"", ""trend"": true, ""mom_min"": 0.15, ""rsi2_max"": 100.0, ""rsi14_max"": 100.0, ""ret21_max"": 1.0, ""dist_ema20_max"": 0.0, ""dist_ema50_min"": -1.0, ""dist_hh60_min"": -0.1, ""atr_ratio_max"": 10.0, ""vol_ratio_min"": 0.0, ""atr_pct_min"": 0.02, ""atr_pct_max"": 0.03, ""up_close"": true, ""strong_close"": false}",11737,1675.4028157997652,0.4197835903552867,0.16711798189416546,1.2537241631498595,15.0,0.0,0.04731496582826065,0.008058848881321195,0.13538866120619605,7724,1929.678302532512,0.3767477990678405,0.03971814940900019,1.0563795175578228,14.0,0.0,0.04937214216707114,0.002741862112466018,0.049353518024388324
t2_normal,meanrev,2.0,3.0,29198,"{""family"": ""meanrev"", ""min_ddv"": 10000000.0, ""min_price"": 5.0, ""regime"": ""spy200"", ""trend"": true, ""mom_min"": 0.15, ""rsi2_max"": 100.0, ""rsi14_max"": 100.0, ""ret21_max"": 1.0, ""dist_ema20_max"": 0.0, ""dist_ema50_min"": -1.0, ""dist_hh60_min"": -0.1, ""atr_ratio_max"": 10.0, ""vol_ratio_min"": 0.0, ""atr_pct_min"": 0.02, ""atr_pct_max"": 0.03, ""up_close"": true, ""strong_close"": false}",11735,1675.1173249902229,0.33804857264593097,0.25007101067728105,1.3316302149017234,20.0,0.0,0.04731505421755802,0.012074750123623156,0.15214185155765175,7724,1929.678302532512,0.3047643707923356,0.12120140120728408,1.154102996314614,18.0,0.0,0.04937214216707114,0.006957372739659289,0.09740321835523005
t2_normal,meanrev,2.0,4.0,29198,"{""family"": ""meanrev"", ""min_ddv"": 10000000.0, ""min_price"": 5.0, ""regime"": ""spy200"", ""trend"": true, ""mom_min"": 0.15, ""rsi2_max"": 100.0, ""rsi14_max"": 100.0, ""ret21_max"": 1.0, ""dist_ema20_max"": 0.0, ""dist_ema50_min"": -1.0, ""dist_hh60_min"": -0.1, ""atr_ratio_max"": 10.0, ""vol_ratio_min"": 0.0, ""atr_pct_min"": 0.02, ""atr_pct_max"": 0.03, ""up_close"": true, ""strong_close"": false}",11717,1672.547907704341,0.29282239481095845,0.3547669792858223,1.4392904790768861,25.0,0.0,0.04731496582826065,0.017036457157997523,0.17172748815261504,7721,1928.9288158795346,0.2633078616759487,0.21164057942286474,1.253396089439995,20.0,0.0,0.04936656895881702,0.011538804266387865,0.1453889337564871
t2_normal,meanrev,2.0,6.0,29198,"{""family"": ""meanrev"", ""min_ddv"": 10000000.0, ""min_price"": 5.0, ""regime"": ""spy200"", ""trend"": true, ""mom_min"": 0.15, ""rsi2_max"": 100.0, ""rsi14_max"": 100.0, ""ret21_max"": 1.0, ""dist_ema20_max"": 0.0, ""dist_ema50_min"": -1.0, ""dist_hh60_min"": -0.1, ""atr_ratio_max"": 10.0, ""vol_ratio_min"": 0.0, ""atr_pct_min"": 0.02, ""atr_pct_max"": 0.03, ""up_close"": true, ""strong_close"": false}",11636,1660.9855299178726,0.24037469920935028,0.5623014983599782,1.6473057658511094,28.0,0.0015469233413544173,0.04727710337820991,0.026545595384071842,0.23891035845664657,7700,1923.6824093086927,0.18428571428571427,0.17014057048472778,1.1830729859849485,22.0,0.0005194805194805195,0.0493429717650628,0.009659950371181343,0.11065034061534992
t2_normal,meanrev,3.0,0.5,29198,"{""family"": ""meanrev"", ""min_ddv"": 10000000.0, ""min_price"": 5.0, ""regime"": ""spy200"", ""trend"": true, ""mom_min"": 0.15, ""rsi2_max"": 100.0, ""rsi14_max"": 100.0, ""ret21_max"": 1.0, ""dist_ema20_max"": 0.0, ""dist_ema50_min"": -1.0, ""dist_hh60_min"": -0.1, ""atr_ratio_max"": 10.0, ""vol_ratio_min"": 0.0, ""atr_pct_min"": 0.02, ""atr_pct_max"": 0.03, ""up_close"": true, ""strong_close"": false}",11738,1675.5455612045366,0.7334298858408588,0.056468072270431914,1.192982668824009,8.0,0.0,0.07097251503436401,0.004131236492732059,0.13013394952105986,7724,1929.678302532512,0.6936820300362506,-0.004708319149240619,0.9859327011816783,8.0,0.0,0.07405821325060669,7.61633053127015e-05,0.0023991441173500973
t2_normal,meanrev,3.0,1.0,29198,"{""family"": ""meanrev"", ""min_ddv"": 10000000.0, ""min_price"": 5.0, ""regime"": ""spy200"", ""trend"": true, ""mom_min"": 0.15, ""rsi2_max"": 100.0, ""rsi14_max"": 100.0, ""ret21_max"": 1.0, ""dist_ema20_max"": 0.0, ""dist_ema50_min"": -1.0, ""dist_hh60_min"": -0.1, ""atr_ratio_max"": 10.0, ""vol_ratio_min"": 0.0, ""atr_pct_min"": 0.02, ""atr_pct_max"": 0.03, ""up_close"": true, ""strong_close"": false}",11738,1675.5455612045366,0.5945646617822457,0.1358833663977923,1.3045547858620088,16.0,0.0,0.07097251503436401,0.009858827986689814,0.15527654079036457,7724,1929.678302532512,0.5630502330398757,0.07334144482585239,1.1530402995371218,16.0,0.0,0.07405821325060669,0.006065973651462961,0.09553908501054165
t2_normal,meanrev,3.0,2.0,29198,"{""family"": ""meanrev"", ""min_ddv"": 10000000.0, ""min_price"": 5.0, ""regime"": ""spy200"", ""trend"": true, ""mom_min"": 0.15, ""rsi2_max"": 100.0, ""rsi14_max"": 100.0, ""ret21_max"": 1.0, ""dist_ema20_max"": 0.0, ""dist_ema50_min"": -1.0, ""dist_hh60_min"": -0.1, ""atr_ratio_max"": 10.0, ""vol_ratio_min"": 0.0, ""atr_pct_min"": 0.02, ""atr_pct_max"": 0.03, ""up_close"": true, ""strong_close"": false}",11727,1673.9753617520532,0.4433358915323612,0.26193224795517933,1.4256131048281364,32.0,0.0,0.07096999407800733,0.018884898071741842,0.14871857231496702,7724,1929.678302532512,0.42244950802692904,0.20471503011220574,1.3229430764273826,30.0,0.0,0.07405821325060669,0.01604353147748907,0.13476566441090818
t2_normal,meanrev,3.0,3.0,29198,"{""family"": ""meanrev"", ""min_ddv"": 10000000.0, ""min_price"": 5.0, ""regime"": ""spy200"", ""trend"": true, ""mom_min"": 0.15, ""rsi2_max"": 100.0, ""rsi14_max"": 100.0, ""ret21_max"": 1.0, ""dist_ema20_max"": 0.0, ""dist_ema50_min"": -1.0, ""dist_hh60_min"": -0.1, ""atr_ratio_max"": 10.0, ""vol_ratio_min"": 0.0, ""atr_pct_min"": 0.02, ""atr_pct_max"": 0.03, ""up_close"": true, ""strong_close"": false}",11667,1665.4106374657802,0.37267506642667353,0.41476997362205753,1.5974618961345661,45.0,0.000599982857632639,0.07094010406564047,0.02951716107790629,0.1652961020362752,7705,1924.9315537303216,0.33419857235561323,0.26462850852651204,1.361721476957487,41.0,0.00012978585334198572,0.07404094862426121,0.02054496093045814,0.12627634523110856
t2_normal,meanrev,3.0,4.0,29198,"{""family"": ""meanrev"", ""min_ddv"": 10000000.0, ""min_price"": 5.0, ""regime"": ""spy200"", ""trend"": true, ""mom_min"": 0.15, ""rsi2_max"": 100.0, ""rsi14_max"": 100.0, ""ret21_max"": 1.0, ""dist_ema20_max"": 0.0, ""dist_ema50_min"": -1.0, ""dist_hh60_min"": -0.1, ""atr_ratio_max"": 10.0, ""vol_ratio_min"": 0.0, ""atr_pct_min"": 0.02, ""atr_pct_max"": 0.03, ""up_close"": true, ""strong_close"": false}",11563,1650.5651153695737,0.324310300095131,0.5337982735306327,1.714088925673513,52.0,0.004410620081293782,0.07088214948376632,0.037701592953495684,0.18270771969770985,7663,1914.438740588638,0.25199008221323244,0.17590066186823222,1.2133617910912502,49.0,0.0014354691374135456,0.07397993143916506,0.01411270707843324,0.07257963640337095
t2_normal,meanrev,3.0,6.0,29198,"{""family"": ""meanrev"", ""min_ddv"": 10000000.0, ""min_price"": 5.0, ""regime"": ""spy200"", ""trend"": true, ""mom_min"": 0.15, ""rsi2_max"": 100.0, ""rsi14_max"": 100.0, ""ret21_max"": 1.0, ""dist_ema20_max"": 0.0, ""dist_ema50_min"": -1.0, ""dist_hh60_min"": -0.1, ""atr_ratio_max"": 10.0, ""vol_ratio_min"": 0.0, ""atr_pct_min"": 0.02, ""atr_pct_max"": 0.03, ""up_close"": true, ""strong_close"": false}",11329,1617.1626906531092,0.2678082796363315,0.7180510705343254,1.8856748095904652,59.0,0.023567834760349547,0.07083957786113705,0.05018635830545762,0.2143552931012766,7541,1883.9596167008897,0.1652300755867922,0.02231021341914074,1.024195634761277,54.0,0.012730407107810635,0.07384164100146226,0.002869942693636733,0.013393065903638087
t3_active,pullback,1.0,0.5,38155,"{""family"": ""pullback"", ""min_ddv"": 10000000.0, ""min_price"": 5.0, ""regime"": ""spy200"", ""trend"": true, ""mom_min"": 0.0, ""rsi2_max"": 100.0, ""rsi14_max"": 100.0, ""ret21_max"": 1.0, ""dist_ema20_max"": 1.0, ""dist_ema50_min"": -1.0, ""dist_hh60_min"": -1.0, ""atr_ratio_max"": 10.0, ""vol_ratio_min"": 0.0, ""atr_pct_min"": 0.03, ""atr_pct_max"": 0.045, ""up_close"": true, ""strong_close"": true}",10092,1440.5866249511146,0.6728101466508125,-0.09066345148522435,0.7611522983247279,2.0,0.0,0.034459593266997705,-0.0031925010881014575,-0.40225513710078364,12494,3121.362080766598,0.6635985272931006,-0.10026654593707612,0.7434040327289176,2.0,0.0,0.03566545541346584,-0.003595003929109474,-0.45297049506779374
t3_active,pullback,1.0,1.0,38155,"{""family"": ""pullback"", ""min_ddv"": 10000000.0, ""min_price"": 5.0, ""regime"": ""spy200"", ""trend"": true, ""mom_min"": 0.0, ""rsi2_max"": 100.0, ""rsi14_max"": 100.0, ""ret21_max"": 1.0, ""dist_ema20_max"": 1.0, ""dist_ema50_min"": -1.0, ""dist_hh60_min"": -1.0, ""atr_ratio_max"": 10.0, ""vol_ratio_min"": 0.0, ""atr_pct_min"": 0.03, ""atr_pct_max"": 0.045, ""up_close"": true, ""strong_close"": true}",10092,1440.5866249511146,0.5356718192627824,-0.039082669346357166,0.9279383027549569,3.0,0.0,0.034459593266997705,-0.0013155891621427984,-0.11050948961999506,12494,3121.362080766598,0.5113654554186009,-0.08930122772389869,0.8438926335009894,3.0,0.0,0.03566545541346584,-0.00320538156921504,-0.26925205181406336
t3_active,pullback,1.0,2.0,38155,"{""family"": ""pullback"", ""min_ddv"": 10000000.0, ""min_price"": 5.0, ""regime"": ""spy200"", ""trend"": true, ""mom_min"": 0.0, ""rsi2_max"": 100.0, ""rsi14_max"": 100.0, ""ret21_max"": 1.0, ""dist_ema20_max"": 1.0, ""dist_ema50_min"": -1.0, ""dist_hh60_min"": -1.0, ""atr_ratio_max"": 10.0, ""vol_ratio_min"": 0.0, ""atr_pct_min"": 0.03, ""atr_pct_max"": 0.045, ""up_close"": true, ""strong_close"": true}",10092,1440.5866249511146,0.37247324613555294,-0.006296047635200624,0.991440080064486,5.0,0.0,0.034459593266997705,-9.513008892957084e-05,-0.00479455648205037,12494,3121.362080766598,0.359212421962542,-0.052675900344154036,0.9302105576730552,5.0,0.0,0.03566545541346584,-0.001896316939065776,-0.09557437372891511
t3_active,pullback,1.0,3.0,38155,"{""family"": ""pullback"", ""min_ddv"": 10000000.0, ""min_price"": 5.0, ""regime"": ""spy200"", ""trend"": true, ""mom_min"": 0.0, ""rsi2_max"": 100.0, ""rsi14_max"": 100.0, ""ret21_max"": 1.0, ""dist_ema20_max"": 1.0, ""dist_ema50_min"": -1.0, ""dist_hh60_min"": -1.0, ""atr_ratio_max"": 10.0, ""vol_ratio_min"": 0.0, ""atr_pct_min"": 0.03, ""atr_pct_max"": 0.045, ""up_close"": true, ""strong_close"": true}",10092,1440.5866249511146,0.28864447086801426,0.020644271308999193,1.0246709418315783,6.0,0.0,0.034459593266997705,0.0007968983707891399,0.033469731573143875,12494,3121.362080766598,0.28093484872738916,-0.016583421125645655,0.9804856838741715,6.0,0.0,0.03566545541346584,-0.0006435517077835922,-0.02702917172691087
t3_active,pullback,1.0,4.0,38155,"{""family"": ""pullback"", ""min_ddv"": 10000000.0, ""min_price"": 5.0, ""regime"": ""spy200"", ""trend"": true, ""mom_min"": 0.0, ""rsi2_max"": 100.0, ""rsi14_max"": 100.0, ""ret21_max"": 1.0, ""dist_ema20_max"": 1.0, ""dist_ema50_min"": -1.0, ""dist_hh60_min"": -1.0, ""atr_ratio_max"": 10.0, ""vol_ratio_min"": 0.0, ""atr_pct_min"": 0.03, ""atr_pct_max"": 0.045, ""up_close"": true, ""strong_close"": true}",10092,1440.5866249511146,0.23751486325802615,0.04478249288490006,1.04986553092131,7.0,0.0,0.034459593266997705,0.0016400635309161836,0.05904228711298261,12494,3121.362080766598,0.24083560108852248,0.05413304209310744,1.060051247784519,7.0,0.0,0.03566545541346584,0.001848037271936935,0.06652934178972966
t3_active,pullback,1.0,6.0,38155,"{""family"": ""pullback"", ""min_ddv"": 10000000.0, ""min_price"": 5.0, ""regime"": ""spy200"", ""trend"": true, ""mom_min"": 0.0, ""rsi2_max"": 100.0, ""rsi14_max"": 100.0, ""ret21_max"": 1.0, ""dist_ema20_max"": 1.0, ""dist_ema50_min"": -1.0, ""dist_hh60_min"": -1.0, ""atr_ratio_max"": 10.0, ""vol_ratio_min"": 0.0, ""atr_pct_min"": 0.03, ""atr_pct_max"": 0.045, ""up_close"": true, ""strong_close"": true}",10092,1440.5866249511146,0.17905271502179945,0.09908860823214402,1.1022764115278914,8.0,0.0,0.034459593266997705,0.0034878537074115065,0.10986739178346246,12494,3121.362080766598,0.19033135905234513,0.17565589649138078,1.1826119880666552,7.0,0.0,0.03566545541346584,0.006130694674686217,0.22070500828870382
t3_active,pullback,1.5,0.5,38155,"{""family"": ""pullback"", ""min_ddv"": 10000000.0, ""min_price"": 5.0, ""regime"": ""spy200"", ""trend"": true, ""mom_min"": 0.0, ""rsi2_max"": 100.0, ""rsi14_max"": 100.0, ""ret21_max"": 1.0, ""dist_ema20_max"": 1.0, ""dist_ema50_min"": -1.0, ""dist_hh60_min"": -1.0, ""atr_ratio_max"": 10.0, ""vol_ratio_min"": 0.0, ""atr_pct_min"": 0.03, ""atr_pct_max"": 0.045, ""up_close"": true, ""strong_close"": true}",10092,1440.5866249511146,0.6884661117717004,-0.034011635699479105,0.902644233108019,3.0,0.0,0.0516893899004965,-0.0017102170277021828,-0.14365823032698335,12494,3121.362080766598,0.6748039058748199,-0.05495665764541502,0.8499299009513469,3.0,0.0,0.0534981831201987,-0.002989233376576698,-0.25109560363244265
t3_active,pullback,1.5,1.0,38155,"{""family"": ""pullback"", ""min_ddv"": 10000000.0, ""min_price"": 5.0, ""regime"": ""spy200"", ""trend"": true, ""mom_min"": 0.0, ""rsi2_max"": 100.0, ""rsi14_max"": 100.0, ""ret21_max"": 1.0, ""dist_ema20_max"": 1.0, ""dist_ema50_min"": -1.0, ""dist_hh60_min"": -1.0, ""atr_ratio_max"": 10.0, ""vol_ratio_min"": 0.0, ""atr_pct_min"": 0.03, ""atr_pct_max"": 0.045, ""up_close"": true, ""strong_close"": true}",10092,1440.5866249511146,0.5396353547364249,0.006741655982478297,1.0130626751351346,5.0,0.0,0.0516893899004965,0.00044802424913140826,0.022580422156222975,12494,3121.362080766598,0.5245717944613414,-0.03081411591512304,0.9427072665709301,5.0,0.0,0.0534981831201987,-0.0017067103285932244,-0.08601820056109852
t3_active,pullback,1.5,2.0,38155,"{""family"": ""pullback"", ""min_ddv"": 10000000.0, ""min_price"": 5.0, ""regime"": ""spy200"", ""trend"": true, ""mom_min"": 0.0, ""rsi2_max"": 100.0, ""rsi14_max"": 100.0, ""ret21_max"": 1.0, ""dist_ema20_max"": 1.0, ""dist_ema50_min"": -1.0, ""dist_hh60_min"": -1.0, ""atr_ratio_max"": 10.0, ""vol_ratio_min"": 0.0, ""atr_pct_min"": 0.03, ""atr_pct_max"": 0.045, ""up_close"": true, ""strong_close"": true}",10091,1440.4438795463434,0.37389753245466256,0.035142558308286956,1.049825259388631,10.0,0.0,0.05168896577484993,0.0019074855021403722,0.04806863465393738,12494,3121.362080766598,0.3725788378421642,0.0250326893515856,1.0351728686120008,9.0,0.0,0.0534981831201987,0.0012324818882649361,0.03450949287141821
t3_active,pullback,1.5,3.0,38155,"{""family"": ""pullback"", ""min_ddv"": 10000000.0, ""min_price"": 5.0, ""regime"": ""spy200"", ""trend"": true, ""mom_min"": 0.0, ""rsi2_max"": 100.0, ""rsi14_max"": 100.0, ""ret21_max"": 1.0, ""dist_ema20_max"": 1.0, ""dist_ema50_min"": -1.0, ""dist_hh60_min"": -1.0, ""atr_ratio_max"": 10.0, ""vol_ratio_min"": 0.0, ""atr_pct_min"": 0.03, ""atr_pct_max"": 0.045, ""up_close"": true, ""strong_close"": true}",10091,1440.4438795463434,0.2922406104449509,0.07227798612563292,1.0905303280231253,13.0,0.0,0.05168896577484993,0.003823620761694484,0.07411941784207769,12494,3121.362080766598,0.30742756523131104,0.12882438050717362,1.1634878116704332,12.0,0.0,0.0534981831201987,0.006719004152777375,0.14109908720832487
t3_active,pullback,1.5,4.0,38155,"{""family"": ""pullback"", ""min_ddv"": 10000000.0, ""min_price"": 5.0, ""regime"": ""spy200"", ""trend"": true, ""mom_min"": 0.0, ""rsi2_max"": 100.0, ""rsi14_max"": 100.0, ""ret21_max"": 1.0, ""dist_ema20_max"": 1.0, ""dist_ema50_min"": -1.0, ""dist_hh60_min"": -1.0, ""atr_ratio_max"": 10.0, ""vol_ratio_min"": 0.0, ""atr_pct_min"": 0.03, ""atr_pct_max"": 0.045, ""up_close"": true, ""strong_close"": true}",10089,1440.1583887368008,0.24105461393596986,0.10028799934595374,1.1169240920281296,15.0,0.0,0.051689814026143074,0.0052526203449789885,0.08824402179564701,12491,3120.6125941136206,0.2609879112961332,0.2002961904768958,1.2383253184611054,14.0,0.0,0.05349741176677016,0.010524472493016383,0.1894405048742949
t3_active,pullback,1.5,6.0,38155,"{""family"": ""pullback"", ""min_ddv"": 10000000.0, ""min_price"": 5.0, ""regime"": ""spy200"", ""trend"": true, ""mom_min"": 0.0, ""rsi2_max"": 100.0, ""rsi14_max"": 100.0, ""ret21_max"": 1.0, ""dist_ema20_max"": 1.0, ""dist_ema50_min"": -1.0, ""dist_hh60_min"": -1.0, ""atr_ratio_max"": 10.0, ""vol_ratio_min"": 0.0, ""atr_pct_min"": 0.03, ""atr_pct_max"": 0.045, ""up_close"": true, ""strong_close"": true}",10062,1436.3042628079781,0.1806797853309481,0.15272177383437105,1.1647443434532982,17.0,0.0,0.05169181090871956,0.007692817128145546,0.11403470095839278,12482,3118.3641341546886,0.20501522191956417,0.32246300399391775,1.35664668322205,15.0,8.01153661272232e-05,0.05350250995144755,0.016984804929439212,0.2853447228145788
t3_active,pullback,2.0,0.5,38155,"{""family"": ""pullback"", ""min_ddv"": 10000000.0, ""min_price"": 5.0, ""regime"": ""spy200"", ""trend"": true, ""mom_min"": 0.0, ""rsi2_max"": 100.0, ""rsi14_max"": 100.0, ""ret21_max"": 1.0, ""dist_ema20_max"": 1.0, ""dist_ema50_min"": -1.0, ""dist_hh60_min"": -1.0, ""atr_ratio_max"": 10.0, ""vol_ratio_min"": 0.0, ""atr_pct_min"": 0.03, ""atr_pct_max"": 0.045, ""up_close"": true, ""strong_close"": true}",10092,1440.5866249511146,0.7046175188267935,0.00865220934742597,1.0267168696376314,4.0,0.0,0.0689191865339954,0.0006859689050326207,0.043216041017055104,12494,3121.362080766598,0.6800064030734753,-0.03346972439918623,0.9057963023619839,4.0,0.0,0.07133091082693167,-0.002361690140927856,-0.14878647887845492
t3_active,pullback,2.0,1.0,38155,"{""family"": ""pullback"", ""min_ddv"": 10000000.0, ""min_price"": 5.0, ""regime"": ""spy200"", ""trend"": true, ""mom_min"": 0.0, ""rsi2_max"": 100.0, ""rsi14_max"": 100.0, ""ret21_max"": 1.0, ""dist_ema20_max"": 1.0, ""dist_ema50_min"": -1.0, ""dist_hh60_min"": -1.0, ""atr_ratio_max"": 10.0, ""vol_ratio_min"": 0.0, ""atr_pct_min"": 0.03, ""atr_pct_max"": 0.045, ""up_close"": true, ""strong_close"": true}",10089,1440.1583887368008,0.5482208345723065,0.03903729329798239,1.078361896883974,9.0,0.0,0.06891045663865701,0.0027188623990223636,0.07612814717262618,12494,3121.362080766598,0.5292140227309108,-0.004463290651575398,0.9914622075443399,8.0,0.0,0.07133091082693167,-0.00037635216241023147,-0.011855093115922291
t3_active,pullback,2.0,2.0,38155,"{""family"": ""pullback"", ""min_ddv"": 10000000.0, ""min_price"": 5.0, ""regime"": ""spy200"", ""trend"": true, ""mom_min"": 0.0, ""rsi2_max"": 100.0, ""rsi14_max"": 100.0, ""ret21_max"": 1.0, ""dist_ema20_max"": 1.0, ""dist_ema50_min"": -1.0, ""dist_hh60_min"": -1.0, ""atr_ratio_max"": 10.0, ""vol_ratio_min"": 0.0, ""atr_pct_min"": 0.03, ""atr_pct_max"": 0.045, ""up_close"": true, ""strong_close"": true}",10088,1440.0156433320296,0.38352498017446474,0.07700732436747454,1.1127289456281286,16.0,0.0,0.06891010302008237,0.005400761007367004,0.08506198586603031,12493,3121.112251882272,0.38941807412150803,0.09454635868278989,1.139379133424487,15.0,0.0,0.07132988235569365,0.006592916783971238,0.1107610019707168
t3_active,pullback,2.0,3.0,38155,"{""family"": ""pullback"", ""min_ddv"": 10000000.0, ""min_price"": 5.0, ""regime"": ""spy200"", ""trend"": true, ""mom_min"": 0.0, ""rsi2_max"": 100.0, ""rsi14_max"": 100.0, ""ret21_max"": 1.0, ""dist_ema20_max"": 1.0, ""dist_ema50_min"": -1.0, ""dist_hh60_min"": -1.0, ""atr_ratio_max"": 10.0, ""vol_ratio_min"": 0.0, ""atr_pct_min"": 0.03, ""atr_pct_max"": 0.045, ""up_close"": true, ""strong_close"": true}",10083,1439.3019163081735,0.29891897252801747,0.11356068750990879,1.1460852036896685,22.0,0.0,0.06891045663865701,0.007872324322021892,0.09017389677952349,12490,3120.362765229295,0.3133706965572458,0.1748978357722696,1.2294312116059485,20.0,0.0,0.0713292567689615,0.012222708628013638,0.15400612871297184
t3_active,pullback,2.0,4.0,38155,"{""family"": ""pullback"", ""min_ddv"": 10000000.0, ""min_price"": 5.0, ""regime"": ""spy200"", ""trend"": true, ""mom_min"": 0.0, ""rsi2_max"": 100.0, ""rsi14_max"": 100.0, ""ret21_max"": 1.0, ""dist_ema20_max"": 1.0, ""dist_ema50_min"": -1.0, ""dist_hh60_min"": -1.0, ""atr_ratio_max"": 10.0, ""vol_ratio_min"": 0.0, ""atr_pct_min"": 0.03, ""atr_pct_max"": 0.045, ""up_close"": true, ""strong_close"": true}",10053,1435.019554165037,0.24529991047448524,0.1399440279681818,1.1673426737833388,26.0,9.947279419078882e-05,0.06890974940150772,0.009417139479137734,0.09127381341318112,12482,3118.3641341546886,0.26742509213267107,0.2526854909107787,1.3105115233608438,23.0,0.0002403460983816696,0.07132518877712501,0.017705230778758067,0.19398774592378407
t3_active,pullback,2.0,6.0,38155,"{""family"": ""pullback"", ""min_ddv"": 10000000.0, ""min_price"": 5.0, ""regime"": ""spy200"", ""trend"": true, ""mom_min"": 0.0, ""rsi2_max"": 100.0, ""rsi14_max"": 100.0, ""ret21_max"": 1.0, ""dist_ema20_max"": 1.0, ""dist_ema50_min"": -1.0, ""dist_hh60_min"": -1.0, ""atr_ratio_max"": 10.0, ""vol_ratio_min"": 0.0, ""atr_pct_min"": 0.03, ""atr_pct_max"": 0.045, ""up_close"": true, ""strong_close"": true}",9929,1417.3191239734062,0.18712861315338905,0.2099903793661901,1.2331179228288867,28.0,0.0026185920032228823,0.068936876452751,0.014080532554116834,0.1267247929870515,12404,3098.877481177276,0.19171235085456304,0.24349320872488217,1.270332876561372,25.0,0.0008868107062237988,0.07131996207336636,0.017100858835412767,0.1723766570609607
t3_active,pullback,3.0,0.5,38155,"{""family"": ""pullback"", ""min_ddv"": 10000000.0, ""min_price"": 5.0, ""regime"": ""spy200"", ""trend"": true, ""mom_min"": 0.0, ""rsi2_max"": 100.0, ""rsi14_max"": 100.0, ""ret21_max"": 1.0, ""dist_ema20_max"": 1.0, ""dist_ema50_min"": -1.0, ""dist_hh60_min"": -1.0, ""atr_ratio_max"": 10.0, ""vol_ratio_min"": 0.0, ""atr_pct_min"": 0.03, ""atr_pct_max"": 0.045, ""up_close"": true, ""strong_close"": true}",10090,1440.3011341415722,0.7140733399405352,0.0394541465670474,1.1283855173656674,9.0,0.0,0.10337180825384273,0.004004392742172361,0.1121229967808261,12494,3121.362080766598,0.6956939330878822,0.007837855120226818,1.0238147739253647,9.0,0.0,0.10699636624039746,0.0007336657692332104,0.02054264153852989
t3_active,pullback,3.0,1.0,38155,"{""family"": ""pullback"", ""min_ddv"": 10000000.0, ""min_price"": 5.0, ""regime"": ""spy200"", ""trend"": true, ""mom_min"": 0.0, ""rsi2_max"": 100.0, ""rsi14_max"": 100.0, ""ret21_max"": 1.0, ""dist_ema20_max"": 1.0, ""dist_ema50_min"": -1.0, ""dist_hh60_min"": -1.0, ""atr_ratio_max"": 10.0, ""vol_ratio_min"": 0.0, ""atr_pct_min"": 0.03, ""atr_pct_max"": 0.045, ""up_close"": true, ""strong_close"": true}",10080,1438.87368009386,0.5568452380952381,0.07265963111321723,1.1520150433908296,18.0,0.0,0.10335531188432456,0.0074171988144966635,0.10384078340295329,12494,3121.362080766598,0.5547462782135425,0.06853585782637195,1.1427732412682188,18.0,0.0,0.10699636624039746,0.007270176847245083,0.10178247586143116
t3_active,pullback,3.0,2.0,38155,"{""family"": ""pullback"", ""min_ddv"": 10000000.0, ""min_price"": 5.0, ""regime"": ""spy200"", ""trend"": true, ""mom_min"": 0.0, ""rsi2_max"": 100.0, ""rsi14_max"": 100.0, ""ret21_max"": 1.0, ""dist_ema20_max"": 1.0, ""dist_ema50_min"": -1.0, ""dist_hh60_min"": -1.0, ""atr_ratio_max"": 10.0, ""vol_ratio_min"": 0.0, ""atr_pct_min"": 0.03, ""atr_pct_max"": 0.045, ""up_close"": true, ""strong_close"": true}",10042,1433.4493547125537,0.39693288189603665,0.138417082696386,1.2129365036021047,35.0,9.958175662218681e-05,0.10333663789919331,0.01418401990111715,0.10212494328804349,12478,3117.3648186173855,0.4124859753165571,0.19031038659650418,1.3011689377116558,32.0,0.0,0.10700081704697803,0.02028249620313038,0.15972465759965176
t3_active,pullback,3.0,3.0,38155,"{""family"": ""pullback"", ""min_ddv"": 10000000.0, ""min_price"": 5.0, ""regime"": ""spy200"", ""trend"": true, ""mom_min"": 0.0, ""rsi2_max"": 100.0, ""rsi14_max"": 100.0, ""ret21_max"": 1.0, ""dist_ema20_max"": 1.0, ""dist_ema50_min"": -1.0, ""dist_hh60_min"": -1.0, ""atr_ratio_max"": 10.0, ""vol_ratio_min"": 0.0, ""atr_pct_min"": 0.03, ""atr_pct_max"": 0.045, ""up_close"": true, ""strong_close"": true}",9905,1413.893234258897,0.31075214538112067,0.18310919455741534,1.2462243569375844,47.0,0.0009086320040383645,0.10337962805228615,0.01834007682032459,0.0983340289089744,12415,3101.6255989048595,0.32049939589206605,0.22546654250942197,1.3081781830932235,45.0,0.0012082158679017317,0.10699790894725449,0.024125462562627997,0.13510259035071678
t3_active,pullback,3.0,4.0,38155,"{""family"": ""pullback"", ""min_ddv"": 10000000.0, ""min_price"": 5.0, ""regime"": ""spy200"", ""trend"": true, ""mom_min"": 0.0, ""rsi2_max"": 100.0, ""rsi14_max"": 100.0, ""ret21_max"": 1.0, ""dist_ema20_max"": 1.0, ""dist_ema50_min"": -1.0, ""dist_hh60_min"": -1.0, ""atr_ratio_max"": 10.0, ""vol_ratio_min"": 0.0, ""atr_pct_min"": 0.03, ""atr_pct_max"": 0.045, ""up_close"": true, ""strong_close"": true}",9742,1390.6257332811888,0.25908437692465613,0.221656364473738,1.2773405731735492,53.0,0.005543009648942722,0.10342953383526246,0.022319223084114524,0.10612158900371434,12266,3064.4010951403147,0.2501222892548508,0.183419061436294,1.2269598423200778,54.0,0.0030164682863199088,0.10701857889585631,0.0196918213684595,0.09189516638614433
t3_active,pullback,3.0,6.0,38155,"{""family"": ""pullback"", ""min_ddv"": 10000000.0, ""min_price"": 5.0, ""regime"": ""spy200"", ""trend"": true, ""mom_min"": 0.0, ""rsi2_max"": 100.0, ""rsi14_max"": 100.0, ""ret21_max"": 1.0, ""dist_ema20_max"": 1.0, ""dist_ema50_min"": -1.0, ""dist_hh60_min"": -1.0, ""atr_ratio_max"": 10.0, ""vol_ratio_min"": 0.0, ""atr_pct_min"": 0.03, ""atr_pct_max"": 0.045, ""up_close"": true, ""strong_close"": true}",9485,1353.9401642549863,0.19536109646810754,0.21583781433983504,1.2489657965504668,55.0,0.028044280442804426,0.10344242725078857,0.021266014240628496,0.09743701070251602,11963,2988.702943189596,0.16743291816434006,0.05629163753622413,1.0626073807751222,59.0,0.012873025160912814,0.10706678497140293,0.006091527804468946,0.026018050961460582
t3_active,pullback,1.0,0.5,34854,"{""family"": ""pullback"", ""min_ddv"": 10000000.0, ""min_price"": 5.0, ""regime"": ""spy200"", ""trend"": true, ""mom_min"": 0.15, ""rsi2_max"": 100.0, ""rsi14_max"": 100.0, ""ret21_max"": 1.0, ""dist_ema20_max"": 1.0, ""dist_ema50_min"": -1.0, ""dist_hh60_min"": -1.0, ""atr_ratio_max"": 10.0, ""vol_ratio_min"": 0.0, ""atr_pct_min"": 0.03, ""atr_pct_max"": 0.045, ""up_close"": true, ""strong_close"": false}",8863,1265.1525224872898,0.6717815638045809,-0.09260322083646533,0.7572036598323951,2.0,0.0,0.03498641694161495,-0.003246595813938869,-0.4090710725562975,11275,2816.820670773443,0.6650110864745011,-0.09709568555512815,0.7502218718131829,2.0,0.0,0.03608456095426745,-0.003487021610647481,-0.4393647229415826
t3_active,pullback,1.0,1.0,34854,"{""family"": ""pullback"", ""min_ddv"": 10000000.0, ""min_price"": 5.0, ""regime"": ""spy200"", ""trend"": true, ""mom_min"": 0.15, ""rsi2_max"": 100.0, ""rsi14_max"": 100.0, ""ret21_max"": 1.0, ""dist_ema20_max"": 1.0, ""dist_ema50_min"": -1.0, ""dist_hh60_min"": -1.0, ""atr_ratio_max"": 10.0, ""vol_ratio_min"": 0.0, ""atr_pct_min"": 0.03, ""atr_pct_max"": 0.045, ""up_close"": true, ""strong_close"": false}",8863,1265.1525224872898,0.5349204558275978,-0.04160822376829785,0.9235542697770346,3.0,0.0,0.03498641694161495,-0.0013652336910342604,-0.11467963004687787,11275,2816.820670773443,0.5171618625277162,-0.07543155883527443,0.8663133017701555,3.0,0.0,0.03608456095426745,-0.002714754431878264,-0.22803937227777415
t3_active,pullback,1.0,2.0,34854,"{""family"": ""pullback"", ""min_ddv"": 10000000.0, ""min_price"": 5.0, ""regime"": ""spy200"", ""trend"": true, ""mom_min"": 0.15, ""rsi2_max"": 100.0, ""rsi14_max"": 100.0, ""ret21_max"": 1.0, ""dist_ema20_max"": 1.0, ""dist_ema50_min"": -1.0, ""dist_hh60_min"": -1.0, ""atr_ratio_max"": 10.0, ""vol_ratio_min"": 0.0, ""atr_pct_min"": 0.03, ""atr_pct_max"": 0.045, ""up_close"": true, ""strong_close"": false}",8863,1265.1525224872898,0.3754936251833465,0.00282085855918288,1.0038489905504864,5.0,0.0,0.03498641694161495,0.0002644689680382275,0.013329235989126668,11275,2816.820670773443,0.36274944567627493,-0.04099694256554808,0.9453456046745378,5.0,0.0,0.03608456095426745,-0.0013694371728283099,-0.06901963351054682
t3_active,pullback,1.0,3.0,34854,"{""family"": ""pullback"", ""min_ddv"": 10000000.0, ""min_price"": 5.0, ""regime"": ""spy200"", ""trend"": true, ""mom_min"": 0.15, ""rsi2_max"": 100.0, ""rsi14_max"": 100.0, ""ret21_max"": 1.0, ""dist_ema20_max"": 1.0, ""dist_ema50_min"": -1.0, ""dist_hh60_min"": -1.0, ""atr_ratio_max"": 10.0, ""vol_ratio_min"": 0.0, ""atr_pct_min"": 0.03, ""atr_pct_max"": 0.045, ""up_close"": true, ""strong_close"": false}",8863,1265.1525224872898,0.2865846778743089,0.010367842007689853,1.0123458920707962,6.0,0.0,0.03498641694161495,0.000480934913301038,0.020199266358643598,11275,2816.820670773443,0.29108647450110864,0.027394866853476404,1.0327915258868494,6.0,0.0,0.03608456095426745,0.0010317593548192366,0.04333389290240794
t3_active,pullback,1.0,4.0,34854,"{""family"": ""pullback"", ""min_ddv"": 10000000.0, ""min_price"": 5.0, ""regime"": ""spy200"", ""trend"": true, ""mom_min"": 0.15, ""rsi2_max"": 100.0, ""rsi14_max"": 100.0, ""ret21_max"": 1.0, ""dist_ema20_max"": 1.0, ""dist_ema50_min"": -1.0, ""dist_hh60_min"": -1.0, ""atr_ratio_max"": 10.0, ""vol_ratio_min"": 0.0, ""atr_pct_min"": 0.03, ""atr_pct_max"": 0.045, ""up_close"": true, ""strong_close"": false}",8863,1265.1525224872898,0.23468351573959156,0.030065384936905522,1.033311127030526,7.0,0.0,0.03498641694161495,0.0011052382615921324,0.03978857741731677,11275,2816.820670773443,0.25108647450110866,0.10809421583271783,1.121766286415698,6.0,0.0,0.03608456095426745,0.003943407875861396,0.16562313078617863
t3_active,pullback,1.0,6.0,34854,"{""family"": ""pullback"", ""min_ddv"": 10000000.0, ""min_price"": 5.0, ""regime"": ""spy200"", ""trend"": true, ""mom_min"": 0.15, ""rsi2_max"": 100.0, ""rsi14_max"": 100.0, ""ret21_max"": 1.0, ""dist_ema20_max"": 1.0, ""dist_ema50_min"": -1.0, ""dist_hh60_min"": -1.0, ""atr_ratio_max"": 10.0, ""vol_ratio_min"": 0.0, ""atr_pct_min"": 0.03, ""atr_pct_max"": 0.045, ""up_close"": true, ""strong_close"": false}",8863,1265.1525224872898,0.17860769491142953,0.09782228899999026,1.1009100015003086,8.0,0.0,0.03498641694161495,0.003468875786452909,0.10926958727326663,11275,2816.820670773443,0.20053215077605321,0.24936958526316322,1.2625822940385087,7.0,0.0,0.03608456095426745,0.008971550503537496,0.3229758181273499
t3_active,pullback,1.5,0.5,34854,"{""family"": ""pullback"", ""min_ddv"": 10000000.0, ""min_price"": 5.0, ""regime"": ""spy200"", ""trend"": true, ""mom_min"": 0.15, ""rsi2_max"": 100.0, ""rsi14_max"": 100.0, ""ret21_max"": 1.0, ""dist_ema20_max"": 1.0, ""dist_ema50_min"": -1.0, ""dist_hh60_min"": -1.0, ""atr_ratio_max"": 10.0, ""vol_ratio_min"": 0.0, ""atr_pct_min"": 0.03, ""atr_pct_max"": 0.045, ""up_close"": true, ""strong_close"": false}",8863,1265.1525224872898,0.6923163714317951,-0.029089687223204427,0.9160018535171094,3.0,0.0,0.05247962541242243,-0.0014273162760891616,-0.11989456719148957,11275,2816.820670773443,0.6854988913525499,-0.037195849423042646,0.8948716955303396,3.0,0.0,0.05412684143140118,-0.002029625953359951,-0.17048858008223589
t3_active,pullback,1.5,1.0,34854,"{""family"": ""pullback"", ""min_ddv"": 10000000.0, ""min_price"": 5.0, ""regime"": ""spy200"", ""trend"": true, ""mom_min"": 0.15, ""rsi2_max"": 100.0, ""rsi14_max"": 100.0, ""ret21_max"": 1.0, ""dist_ema20_max"": 1.0, ""dist_ema50_min"": -1.0, ""dist_hh60_min"": -1.0, ""atr_ratio_max"": 10.0, ""vol_ratio_min"": 0.0, ""atr_pct_min"": 0.03, ""atr_pct_max"": 0.045, ""up_close"": true, ""strong_close"": false}",8863,1265.1525224872898,0.544510887961187,0.016201951937805405,1.031650957683969,5.0,0.0,0.05247962541242243,0.0009894758928987726,0.049869585002098135,11275,2816.820670773443,0.5323281596452328,-0.01488666423245273,0.971883864691232,5.0,0.0,0.05412684143140118,-0.0008200269390958012,-0.04132935773042838
t3_active,pullback,1.5,2.0,34854,"{""family"": ""pullback"", ""min_ddv"": 10000000.0, ""min_price"": 5.0, ""regime"": ""spy200"", ""trend"": true, ""mom_min"": 0.15, ""rsi2_max"": 100.0, ""rsi14_max"": 100.0, ""ret21_max"": 1.0, ""dist_ema20_max"": 1.0, ""dist_ema50_min"": -1.0, ""dist_hh60_min"": -1.0, ""atr_ratio_max"": 10.0, ""vol_ratio_min"": 0.0, ""atr_pct_min"": 0.03, ""atr_pct_max"": 0.045, ""up_close"": true, ""strong_close"": false}",8862,1265.0097770825184,0.3724892800722185,0.029483420507282934,1.041690554778897,10.0,0.0,0.05247941634255017,0.001626370030493059,0.04098452476842509,11275,2816.820670773443,0.38740576496674056,0.07113792357508217,1.102445155666762,9.0,0.0,0.05412684143140118,0.0037976670127475836,0.10633467635693233
t3_active,pullback,1.5,3.0,34854,"{""family"": ""pullback"", ""min_ddv"": 10000000.0, ""min_price"": 5.0, ""regime"": ""spy200"", ""trend"": true, ""mom_min"": 0.15, ""rsi2_max"": 100.0, ""rsi14_max"": 100.0, ""ret21_max"": 1.0, ""dist_ema20_max"": 1.0, ""dist_ema50_min"": -1.0, ""dist_hh60_min"": -1.0, ""atr_ratio_max"": 10.0, ""vol_ratio_min"": 0.0, ""atr_pct_min"": 0.03, ""atr_pct_max"": 0.045, ""up_close"": true, ""strong_close"": false}",8862,1265.0097770825184,0.29293613179869105,0.07666316573709694,1.0961083857505185,13.0,0.0,0.05247941634255017,0.003987713421115535,0.07730029093239345,11275,2816.820670773443,0.3206208425720621,0.1818816339553951,1.235121491023834,12.0,0.0,0.05412684143140118,0.009771611573089312,0.20520384303487557
t3_active,pullback,1.5,4.0,34854,"{""family"": ""pullback"", ""min_ddv"": 10000000.0, ""min_price"": 5.0, ""regime"": ""spy200"", ""trend"": true, ""mom_min"": 0.15, ""rsi2_max"": 100.0, ""rsi14_max"": 100.0, ""ret21_max"": 1.0, ""dist_ema20_max"": 1.0, ""dist_ema50_min"": -1.0, ""dist_hh60_min"": -1.0, ""atr_ratio_max"": 10.0, ""vol_ratio_min"": 0.0, ""atr_pct_min"": 0.03, ""atr_pct_max"": 0.045, ""up_close"": true, ""strong_close"": false}",8861,1264.8670316777473,0.2417334386638077,0.10554309211137428,1.1232384733240837,15.0,0.0,0.05247962541242243,0.005489852284669877,0.09222951838245394,11275,2816.820670773443,0.27379157427937917,0.26447650330327144,1.319758830480864,14.0,0.0,0.05412684143140118,0.014192280101519615,0.2554610418273531
t3_active,pullback,1.5,6.0,34854,"{""family"": ""pullback"", ""min_ddv"": 10000000.0, ""min_price"": 5.0, ""regime"": ""spy200"", ""trend"": true, ""mom_min"": 0.15, ""rsi2_max"": 100.0, ""rsi14_max"": 100.0, ""ret21_max"": 1.0, ""dist_ema20_max"": 1.0, ""dist_ema50_min"": -1.0, ""dist_hh60_min"": -1.0, ""atr_ratio_max"": 10.0, ""vol_ratio_min"": 0.0, ""atr_pct_min"": 0.03, ""atr_pct_max"": 0.045, ""up_close"": true, ""strong_close"": false}",8840,1261.8693781775519,0.18246606334841628,0.16449466778269398,1.1776654401314641,16.0,0.00022624434389140272,0.052480653828040374,0.00838969256986181,0.1321376579753235,11268,2815.071868583162,0.21645367412140576,0.403670110180818,1.4525500361945332,16.0,0.0,0.05412678705767964,0.02155497397808184,0.339490840154789
t3_active,pullback,2.0,0.5,34854,"{""family"": ""pullback"", ""min_ddv"": 10000000.0, ""min_price"": 5.0, ""regime"": ""spy200"", ""trend"": true, ""mom_min"": 0.15, ""rsi2_max"": 100.0, ""rsi14_max"": 100.0, ""ret21_max"": 1.0, ""dist_ema20_max"": 1.0, ""dist_ema50_min"": -1.0, ""dist_hh60_min"": -1.0, ""atr_ratio_max"": 10.0, ""vol_ratio_min"": 0.0, ""atr_pct_min"": 0.03, ""atr_pct_max"": 0.045, ""up_close"": true, ""strong_close"": false}",8863,1265.1525224872898,0.7119485501523186,0.01948361482222008,1.0614716382653628,4.0,0.0,0.0699728338832299,0.0014974228418837092,0.09433763903867368,11275,2816.820670773443,0.6904656319290465,-0.01607684325626093,0.953155988206063,4.0,0.0,0.0721691219085349,-0.0011335660732958513,-0.07141466261763862
t3_active,pullback,2.0,1.0,34854,"{""family"": ""pullback"", ""min_ddv"": 10000000.0, ""min_price"": 5.0, ""regime"": ""spy200"", ""trend"": true, ""mom_min"": 0.15, ""rsi2_max"": 100.0, ""rsi14_max"": 100.0, ""ret21_max"": 1.0, ""dist_ema20_max"": 1.0, ""dist_ema50_min"": -1.0, ""dist_hh60_min"": -1.0, ""atr_ratio_max"": 10.0, ""vol_ratio_min"": 0.0, ""atr_pct_min"": 0.03, ""atr_pct_max"": 0.045, ""up_close"": true, ""strong_close"": false}",8860,1264.724286272976,0.5548532731376975,0.05299503373349776,1.1078105505808655,9.0,0.0,0.0699715114841425,0.0037298088080167393,0.1044346466244687,11275,2816.820670773443,0.5373835920177383,0.012584271773866116,1.024501306453657,8.0,0.0,0.0721691219085349,0.0009748129401658421,0.03070660761522403
t3_active,pullback,2.0,2.0,34854,"{""family"": ""pullback"", ""min_ddv"": 10000000.0, ""min_price"": 5.0, ""regime"": ""spy200"", ""trend"": true, ""mom_min"": 0.15, ""rsi2_max"": 100.0, ""rsi14_max"": 100.0, ""ret21_max"": 1.0, ""dist_ema20_max"": 1.0, ""dist_ema50_min"": -1.0, ""dist_hh60_min"": -1.0, ""atr_ratio_max"": 10.0, ""vol_ratio_min"": 0.0, ""atr_pct_min"": 0.03, ""atr_pct_max"": 0.045, ""up_close"": true, ""strong_close"": false}",8859,1264.581540868205,0.38503217067389095,0.08176652001491608,1.1199414569491628,16.0,0.0,0.06997074660471447,0.005652106582153047,0.08902067866891049,11274,2816.5708418891168,0.4051800603157708,0.1435461495410365,1.2173183365980809,15.0,0.0,0.07216910389685322,0.010304331476577725,0.17311276880650578
t3_active,pullback,2.0,3.0,34854,"{""family"": ""pullback"", ""min_ddv"": 10000000.0, ""min_price"": 5.0, ""regime"": ""spy200"", ""trend"": true, ""mom_min"": 0.15, ""rsi2_max"": 100.0, ""rsi14_max"": 100.0, ""ret21_max"": 1.0, ""dist_ema20_max"": 1.0, ""dist_ema50_min"": -1.0, ""dist_hh60_min"": -1.0, ""atr_ratio_max"": 10.0, ""vol_ratio_min"": 0.0, ""atr_pct_min"": 0.03, ""atr_pct_max"": 0.045, ""up_close"": true, ""strong_close"": false}",8854,1263.8678138443488,0.3040433702281455,0.1355020174791884,1.1755562296544702,21.0,0.0,0.0699715114841425,0.009338207605581097,0.11205849126697316,11274,2816.5708418891168,0.3303175447933298,0.24372630728029882,1.327620600952832,20.0,0.0,0.07216910389685322,0.01743893882939895,0.21973062925042677
t3_active,pullback,2.0,4.0,34854,"{""family"": ""pullback"", ""min_ddv"": 10000000.0, ""min_price"": 5.0, ""regime"": ""spy200"", ""trend"": true, ""mom_min"": 0.15, ""rsi2_max"": 100.0, ""rsi14_max"": 100.0, ""ret21_max"": 1.0, ""dist_ema20_max"": 1.0, ""dist_ema50_min"": -1.0, ""dist_hh60_min"": -1.0, ""atr_ratio_max"": 10.0, ""vol_ratio_min"": 0.0, ""atr_pct_min"": 0.03, ""atr_pct_max"": 0.045, ""up_close"": true, ""strong_close"": false}",8833,1260.8701603441532,0.2514434506962527,0.1705437701448066,1.2054534850270275,25.0,0.0006792709158836182,0.06996775130468105,0.011546131887936819,0.11638500943040313,11267,2814.8220396988363,0.2841040205911068,0.3371538087994786,1.4235308871270462,23.0,0.0,0.07216246831066633,0.024033237055978648,0.2633206842655052
t3_active,pullback,2.0,6.0,34854,"{""family"": ""pullback"", ""min_ddv"": 10000000.0, ""min_price"": 5.0, ""regime"": ""spy200"", ""trend"": true, ""mom_min"": 0.15, ""rsi2_max"": 100.0, ""rsi14_max"": 100.0, ""ret21_max"": 1.0, ""dist_ema20_max"": 1.0, ""dist_ema50_min"": -1.0, ""dist_hh60_min"": -1.0, ""atr_ratio_max"": 10.0, ""vol_ratio_min"": 0.0, ""atr_pct_min"": 0.03, ""atr_pct_max"": 0.045, ""up_close"": true, ""strong_close"": false}",8737,1247.1666014861164,0.1929724161611537,0.24389659311782566,1.2726423674432825,28.0,0.004807142039601694,0.06997227636357053,0.0162414307903241,0.1461728771129169,11201,2798.3333333333335,0.20837425229890189,0.3620798845228606,1.4098221636528225,26.0,0.0004463887152932774,0.07215808298071574,0.025570566606463094,0.24783779941648845
t3_active,pullback,3.0,0.5,34854,"{""family"": ""pullback"", ""min_ddv"": 10000000.0, ""min_price"": 5.0, ""regime"": ""spy200"", ""trend"": true, ""mom_min"": 0.15, ""rsi2_max"": 100.0, ""rsi14_max"": 100.0, ""ret21_max"": 1.0, ""dist_ema20_max"": 1.0, ""dist_ema50_min"": -1.0, ""dist_hh60_min"": -1.0, ""atr_ratio_max"": 10.0, ""vol_ratio_min"": 0.0, ""atr_pct_min"": 0.03, ""atr_pct_max"": 0.045, ""up_close"": true, ""strong_close"": false}",8862,1265.0097770825184,0.7266982622432859,0.058450663361200104,1.1981032579739235,9.0,0.0,0.10495883268510034,0.006079985042911682,0.17023958120152707,11275,2816.820670773443,0.7031485587583148,0.01860761778075284,1.0577552368457535,8.0,0.0,0.10825368286280236,0.001964140599478576,0.061870428883575135
t3_active,pullback,3.0,1.0,34854,"{""family"": ""pullback"", ""min_ddv"": 10000000.0, ""min_price"": 5.0, ""regime"": ""spy200"", ""trend"": true, ""mom_min"": 0.15, ""rsi2_max"": 100.0, ""rsi14_max"": 100.0, ""ret21_max"": 1.0, ""dist_ema20_max"": 1.0, ""dist_ema50_min"": -1.0, ""dist_hh60_min"": -1.0, ""atr_ratio_max"": 10.0, ""vol_ratio_min"": 0.0, ""atr_pct_min"": 0.03, ""atr_pct_max"": 0.045, ""up_close"": true, ""strong_close"": false}",8857,1264.2960500586626,0.5656542847465281,0.08802962807335737,1.1872057794876032,18.0,0.0,0.10495557086719831,0.009089580827391084,0.12725413158347518,11275,2816.820670773443,0.5707317073170731,0.10057588835914313,1.2168742960233747,17.0,0.0,0.10825368286280236,0.010813774523078145,0.16029830469504072
t3_active,pullback,3.0,2.0,34854,"{""family"": ""pullback"", ""min_ddv"": 10000000.0, ""min_price"": 5.0, ""regime"": ""spy200"", ""trend"": true, ""mom_min"": 0.15, ""rsi2_max"": 100.0, ""rsi14_max"": 100.0, ""ret21_max"": 1.0, ""dist_ema20_max"": 1.0, ""dist_ema50_min"": -1.0, ""dist_hh60_min"": -1.0, ""atr_ratio_max"": 10.0, ""vol_ratio_min"": 0.0, ""atr_pct_min"": 0.03, ""atr_pct_max"": 0.045, ""up_close"": true, ""strong_close"": false}",8834,1261.0129057489246,0.4077428118632556,0.17133449353045965,1.2678934032499651,34.0,0.00011319900384876613,0.10495186270503899,0.017597461700016418,0.13042824554129814,11271,2815.8213552361394,0.4350989264484074,0.25808726810667953,1.4240686923216896,32.0,0.0,0.10825362882775727,0.027839690484093838,0.21923756256223897
t3_active,pullback,3.0,3.0,34854,"{""family"": ""pullback"", ""min_ddv"": 10000000.0, ""min_price"": 5.0, ""regime"": ""spy200"", ""trend"": true, ""mom_min"": 0.15, ""rsi2_max"": 100.0, ""rsi14_max"": 100.0, ""ret21_max"": 1.0, ""dist_ema20_max"": 1.0, ""dist_ema50_min"": -1.0, ""dist_hh60_min"": -1.0, ""atr_ratio_max"": 10.0, ""vol_ratio_min"": 0.0, ""atr_pct_min"": 0.03, ""atr_pct_max"": 0.045, ""up_close"": true, ""strong_close"": false}",8736,1247.0238560813452,0.32303113553113555,0.23108364939358175,1.3160431354705349,46.0,0.0018315018315018315,0.10496130765608075,0.023355284292257677,0.1279463400358464,11220,2803.0800821355238,0.3442959001782531,0.3220194284155103,1.4550073107928725,45.0,8.9126559714795e-05,0.10825074944639076,0.03452025213835287,0.19331341197477608
t3_active,pullback,3.0,4.0,34854,"{""family"": ""pullback"", ""min_ddv"": 10000000.0, ""min_price"": 5.0, ""regime"": ""spy200"", ""trend"": true, ""mom_min"": 0.15, ""rsi2_max"": 100.0, ""rsi14_max"": 100.0, ""ret21_max"": 1.0, ""dist_ema20_max"": 1.0, ""dist_ema50_min"": -1.0, ""dist_hh60_min"": -1.0, ""atr_ratio_max"": 10.0, ""vol_ratio_min"": 0.0, ""atr_pct_min"": 0.03, ""atr_pct_max"": 0.045, ""up_close"": true, ""strong_close"": false}",8605,1228.324208056316,0.27088901801278326,0.27517246001364365,1.3496989819089884,52.0,0.008483439860546194,0.10497979156076934,0.0276096436326088,0.13380058068110418,11090,2770.602327173169,0.2747520288548242,0.30838792531252024,1.3932998638491774,55.0,0.0017132551848512173,0.10826231772860578,0.03290337542350993,0.15075728375862732
t3_active,pullback,3.0,6.0,34854,"{""family"": ""pullback"", ""min_ddv"": 10000000.0, ""min_price"": 5.0, ""regime"": ""spy200"", ""trend"": true, ""mom_min"": 0.15, ""rsi2_max"": 100.0, ""rsi14_max"": 100.0, ""ret21_max"": 1.0, ""dist_ema20_max"": 1.0, ""dist_ema50_min"": -1.0, ""dist_hh60_min"": -1.0, ""atr_ratio_max"": 10.0, ""vol_ratio_min"": 0.0, ""atr_pct_min"": 0.03, ""atr_pct_max"": 0.045, ""up_close"": true, ""strong_close"": false}",8400,1199.0614000782166,0.20607142857142857,0.2739580223882619,1.3201476340023897,55.0,0.03142857142857143,0.10501797079628726,0.026830200852980195,0.12293110209001835,10816,2702.1492128678988,0.18528106508875739,0.18363824481513508,1.2079015137785278,62.0,0.012481508875739645,0.10834099069510525,0.019102405259713746,0.07764203428141717
t3_active,breakout,1.0,0.5,34396,"{""family"": ""breakout"", ""min_ddv"": 10000000.0, ""min_price"": 5.0, ""regime"": ""spy200"", ""trend"": true, ""mom_min"": 0.0, ""rsi2_max"": 100.0, ""rsi14_max"": 100.0, ""ret21_max"": 1.0, ""dist_ema20_max"": 1.0, ""dist_ema50_min"": -1.0, ""dist_hh60_min"": -1.0, ""atr_ratio_max"": 10.0, ""vol_ratio_min"": 0.0, ""atr_pct_min"": 0.03, ""atr_pct_max"": 0.045, ""up_close"": false, ""strong_close"": false}",6945,991.3668361360969,0.6395968322534197,-0.1413019959658395,0.6579294449991222,2.0,0.0,0.03399762382264141,-0.004936704680469644,-0.6220247897391752,11954,2986.4544832306638,0.6206290781328425,-0.16426426921650866,0.6215403286252158,1.0,0.0,0.03543637162705907,-0.005948039495219728,-1.4989059527953714
t3_active,breakout,1.0,1.0,34396,"{""family"": ""breakout"", ""min_ddv"": 10000000.0, ""min_price"": 5.0, ""regime"": ""spy200"", ""trend"": true, ""mom_min"": 0.0, ""rsi2_max"": 100.0, ""rsi14_max"": 100.0, ""ret21_max"": 1.0, ""dist_ema20_max"": 1.0, ""dist_ema50_min"": -1.0, ""dist_hh60_min"": -1.0, ""atr_ratio_max"": 10.0, ""vol_ratio_min"": 0.0, ""atr_pct_min"": 0.03, ""atr_pct_max"": 0.045, ""up_close"": false, ""strong_close"": false}",6945,991.3668361360969,0.48567314614830814,-0.1419899705198969,0.7619568597565178,2.0,0.0,0.03399762382264141,-0.004946809586163692,-0.6232980078566253,11954,2986.4544832306638,0.4656182031119291,-0.17569483813002237,0.7143013402565508,2.0,0.0,0.03543637162705907,-0.006393084768701497,-0.8055286808563886
t3_active,breakout,1.0,2.0,34396,"{""family"": ""breakout"", ""min_ddv"": 10000000.0, ""min_price"": 5.0, ""regime"": ""spy200"", ""trend"": true, ""mom_min"": 0.0, ""rsi2_max"": 100.0, ""rsi14_max"": 100.0, ""ret21_max"": 1.0, ""dist_ema20_max"": 1.0, ""dist_ema50_min"": -1.0, ""dist_hh60_min"": -1.0, ""atr_ratio_max"": 10.0, ""vol_ratio_min"": 0.0, ""atr_pct_min"": 0.03, ""atr_pct_max"": 0.045, ""up_close"": false, ""strong_close"": false}",6945,991.3668361360969,0.3305975521958243,-0.13860574509890566,0.8225348580372953,4.0,0.0,0.03399762382264141,-0.004840554567848112,-0.30495493777443106,11954,2986.4544832306638,0.3118621381964196,-0.18642723690508675,0.7658175068909586,4.0,0.0,0.03543637162705907,-0.006740770799120969,-0.4246685603446211
t3_active,breakout,1.0,3.0,34396,"{""family"": ""breakout"", ""min_ddv"": 10000000.0, ""min_price"": 5.0, ""regime"": ""spy200"", ""trend"": true, ""mom_min"": 0.0, ""rsi2_max"": 100.0, ""rsi14_max"": 100.0, ""ret21_max"": 1.0, ""dist_ema20_max"": 1.0, ""dist_ema50_min"": -1.0, ""dist_hh60_min"": -1.0, ""atr_ratio_max"": 10.0, ""vol_ratio_min"": 0.0, ""atr_pct_min"": 0.03, ""atr_pct_max"": 0.045, ""up_close"": false, ""strong_close"": false}",6945,991.3668361360969,0.24622030237580994,-0.15167953657401623,0.8277981353907686,5.0,0.0,0.03399762382264141,-0.005272520924780431,-0.26573505460893376,11954,2986.4544832306638,0.2370754559143383,-0.18216321184091103,0.7939310512228194,4.0,0.0,0.03543637162705907,-0.006588091687880764,-0.41504977633648815
t3_active,breakout,1.0,4.0,34396,"{""family"": ""breakout"", ""min_ddv"": 10000000.0, ""min_price"": 5.0, ""regime"": ""spy200"", ""trend"": true, ""mom_min"": 0.0, ""rsi2_max"": 100.0, ""rsi14_max"": 100.0, ""ret21_max"": 1.0, ""dist_ema20_max"": 1.0, ""dist_ema50_min"": -1.0, ""dist_hh60_min"": -1.0, ""atr_ratio_max"": 10.0, ""vol_ratio_min"": 0.0, ""atr_pct_min"": 0.03, ""atr_pct_max"": 0.045, ""up_close"": false, ""strong_close"": false}",6944,991.2240907313258,0.20002880184331798,-0.14116136849967592,0.8493109761713096,6.0,0.0,0.03399689226519036,-0.0048935955741070255,-0.20553101411249508,11954,2986.4544832306638,0.20018403881545926,-0.1351992784388643,0.854428510206926,5.0,0.0,0.03543637162705907,-0.004952187088162138,-0.24959022924337174
t3_active,breakout,1.0,6.0,34396,"{""family"": ""breakout"", ""min_ddv"": 10000000.0, ""min_price"": 5.0, ""regime"": ""spy200"", ""trend"": true, ""mom_min"": 0.0, ""rsi2_max"": 100.0, ""rsi14_max"": 100.0, ""ret21_max"": 1.0, ""dist_ema20_max"": 1.0, ""dist_ema50_min"": -1.0, ""dist_hh60_min"": -1.0, ""atr_ratio_max"": 10.0, ""vol_ratio_min"": 0.0, ""atr_pct_min"": 0.03, ""atr_pct_max"": 0.045, ""up_close"": false, ""strong_close"": false}",6944,991.2240907313258,0.15034562211981567,-0.09956627036765077,0.9003124395417383,6.0,0.0,0.03399689226519036,-0.0034169824721783913,-0.14351326383149243,11954,2986.4544832306638,0.1591099213652334,-0.029796903803626994,0.9695695705489881,5.0,0.0,0.03543637162705907,-0.0011697077939232673,-0.05895327281373267
t3_active,breakout,1.5,0.5,34396,"{""family"": ""breakout"", ""min_ddv"": 10000000.0, ""min_price"": 5.0, ""regime"": ""spy200"", ""trend"": true, ""mom_min"": 0.0, ""rsi2_max"": 100.0, ""rsi14_max"": 100.0, ""ret21_max"": 1.0, ""dist_ema20_max"": 1.0, ""dist_ema50_min"": -1.0, ""dist_hh60_min"": -1.0, ""atr_ratio_max"": 10.0, ""vol_ratio_min"": 0.0, ""atr_pct_min"": 0.03, ""atr_pct_max"": 0.045, ""up_close"": false, ""strong_close"": false}",6945,991.3668361360969,0.6518358531317494,-0.09168535026802759,0.7637742134714074,3.0,0.0,0.05099643573396212,-0.0047319407720963005,-0.3974830248560892,11954,2986.4544832306638,0.641124309854442,-0.10249047171624613,0.7419928116669433,3.0,0.0,0.053154557440588626,-0.005601374071768906,-0.4705154220285881
t3_active,breakout,1.5,1.0,34396,"{""family"": ""breakout"", ""min_ddv"": 10000000.0, ""min_price"": 5.0, ""regime"": ""spy200"", ""trend"": true, ""mom_min"": 0.0, ""rsi2_max"": 100.0, ""rsi14_max"": 100.0, ""ret21_max"": 1.0, ""dist_ema20_max"": 1.0, ""dist_ema50_min"": -1.0, ""dist_hh60_min"": -1.0, ""atr_ratio_max"": 10.0, ""vol_ratio_min"": 0.0, ""atr_pct_min"": 0.03, ""atr_pct_max"": 0.045, ""up_close"": false, ""strong_close"": false}",6945,991.3668361360969,0.49632829373650106,-0.08771868448393709,0.8445305665132927,5.0,0.0,0.05099643573396212,-0.004554636984248355,-0.22955370400611708,11954,2986.4544832306638,0.4804249623556968,-0.11167290244864962,0.8064593602882658,5.0,0.0,0.053154557440588626,-0.006089148235466397,-0.3068930710675064
t3_active,breakout,1.5,2.0,34396,"{""family"": ""breakout"", ""min_ddv"": 10000000.0, ""min_price"": 5.0, ""regime"": ""spy200"", ""trend"": true, ""mom_min"": 0.0, ""rsi2_max"": 100.0, ""rsi14_max"": 100.0, ""ret21_max"": 1.0, ""dist_ema20_max"": 1.0, ""dist_ema50_min"": -1.0, ""dist_hh60_min"": -1.0, ""atr_ratio_max"": 10.0, ""vol_ratio_min"": 0.0, ""atr_pct_min"": 0.03, ""atr_pct_max"": 0.045, ""up_close"": false, ""strong_close"": false}",6943,991.0813453265546,0.33314129338902493,-0.08878527441240618,0.881210167652802,8.0,0.0,0.05099424106160888,-0.004551211105352582,-0.14336314981860634,11954,2986.4544832306638,0.33101890580558807,-0.09313338968176946,0.8752055778368155,7.0,0.0,0.053154557440588626,-0.005131021672225936,-0.18471678020013368
t3_active,breakout,1.5,3.0,34396,"{""family"": ""breakout"", ""min_ddv"": 10000000.0, ""min_price"": 5.0, ""regime"": ""spy200"", ""trend"": true, ""mom_min"": 0.0, ""rsi2_max"": 100.0, ""rsi14_max"": 100.0, ""ret21_max"": 1.0, ""dist_ema20_max"": 1.0, ""dist_ema50_min"": -1.0, ""dist_hh60_min"": -1.0, ""atr_ratio_max"": 10.0, ""vol_ratio_min"": 0.0, ""atr_pct_min"": 0.03, ""atr_pct_max"": 0.045, ""up_close"": false, ""strong_close"": false}",6941,990.7958545170121,0.25673534072900156,-0.0697731139687542,0.9165381554319572,10.0,0.0,0.05098988107511635,-0.0034837709471569156,-0.08779102786835427,11954,2986.4544832306638,0.2684457085494395,-0.017219594002878383,0.9789256515193623,9.0,0.0,0.053154557440588626,-0.0011429964002050831,-0.03200389920574233
t3_active,breakout,1.5,4.0,34396,"{""family"": ""breakout"", ""min_ddv"": 10000000.0, ""min_price"": 5.0, ""regime"": ""spy200"", ""trend"": true, ""mom_min"": 0.0, ""rsi2_max"": 100.0, ""rsi14_max"": 100.0, ""ret21_max"": 1.0, ""dist_ema20_max"": 1.0, ""dist_ema50_min"": -1.0, ""dist_hh60_min"": -1.0, ""atr_ratio_max"": 10.0, ""vol_ratio_min"": 0.0, ""atr_pct_min"": 0.03, ""atr_pct_max"": 0.045, ""up_close"": false, ""strong_close"": false}",6941,990.7958545170121,0.2156749747874946,-0.024267695902560445,0.9725663656280876,12.0,0.0,0.05098988107511635,-0.0011740447514191521,-0.024654939779802196,11954,2986.4544832306638,0.2324744855278568,0.0676972346213338,1.078934798794417,10.0,0.0,0.053154557440588626,0.0034806075218414834,0.08771130955040538
t3_active,breakout,1.5,6.0,34396,"{""family"": ""breakout"", ""min_ddv"": 10000000.0, ""min_price"": 5.0, ""regime"": ""spy200"", ""trend"": true, ""mom_min"": 0.0, ""rsi2_max"": 100.0, ""rsi14_max"": 100.0, ""ret21_max"": 1.0, ""dist_ema20_max"": 1.0, ""dist_ema50_min"": -1.0, ""dist_hh60_min"": -1.0, ""atr_ratio_max"": 10.0, ""vol_ratio_min"": 0.0, ""atr_pct_min"": 0.03, ""atr_pct_max"": 0.045, ""up_close"": false, ""strong_close"": false}",6936,990.082127493156,0.16926182237600923,0.07564337759551935,1.0804252030401336,12.0,0.0,0.05099206106836261,0.0038032118872862145,0.0798674496330105,11952,2985.954825462012,0.18616131191432397,0.19986245321377177,1.2192305362865683,10.0,0.000251004016064257,0.05315578082400582,0.010470083168646203,0.26384609584988433
t3_active,breakout,2.0,0.5,34396,"{""family"": ""breakout"", ""min_ddv"": 10000000.0, ""min_price"": 5.0, ""regime"": ""spy200"", ""trend"": true, ""mom_min"": 0.0, ""rsi2_max"": 100.0, ""rsi14_max"": 100.0, ""ret21_max"": 1.0, ""dist_ema20_max"": 1.0, ""dist_ema50_min"": -1.0, ""dist_hh60_min"": -1.0, ""atr_ratio_max"": 10.0, ""vol_ratio_min"": 0.0, ""atr_pct_min"": 0.03, ""atr_pct_max"": 0.045, ""up_close"": false, ""strong_close"": false}",6945,991.3668361360969,0.6643628509719223,-0.05398956613667281,0.8524760366142058,4.0,0.0,0.06799524764528282,-0.0037378458929550984,-0.2354842912561712,11954,2986.4544832306638,0.6525012548101055,-0.06831844187074708,0.8185346889302678,4.0,0.0,0.07087274325411812,-0.00502616259295107,-0.3166482433559174
t3_active,breakout,2.0,1.0,34396,"{""family"": ""breakout"", ""min_ddv"": 10000000.0, ""min_price"": 5.0, ""regime"": ""spy200"", ""trend"": true, ""mom_min"": 0.0, ""rsi2_max"": 100.0, ""rsi14_max"": 100.0, ""ret21_max"": 1.0, ""dist_ema20_max"": 1.0, ""dist_ema50_min"": -1.0, ""dist_hh60_min"": -1.0, ""atr_ratio_max"": 10.0, ""vol_ratio_min"": 0.0, ""atr_pct_min"": 0.03, ""atr_pct_max"": 0.045, ""up_close"": false, ""strong_close"": false}",6944,991.2240907313258,0.502160138248848,-0.05520825607227798,0.8984730570022916,8.0,0.0,0.06799378453038071,-0.0039527902368264025,-0.12451289246003168,11954,2986.4544832306638,0.4994144219508114,-0.056492734813188644,0.8962398072716808,7.0,0.0,0.07087274325411812,-0.004165018021664134,-0.14994064877990884
t3_active,breakout,2.0,2.0,34396,"{""family"": ""breakout"", ""min_ddv"": 10000000.0, ""min_price"": 5.0, ""regime"": ""spy200"", ""trend"": true, ""mom_min"": 0.0, ""rsi2_max"": 100.0, ""rsi14_max"": 100.0, ""ret21_max"": 1.0, ""dist_ema20_max"": 1.0, ""dist_ema50_min"": -1.0, ""dist_hh60_min"": -1.0, ""atr_ratio_max"": 10.0, ""vol_ratio_min"": 0.0, ""atr_pct_min"": 0.03, ""atr_pct_max"": 0.045, ""up_close"": false, ""strong_close"": false}",6939,990.5103637074697,0.34572705000720566,-0.028647028495311633,0.9599819791719961,14.0,0.0,0.0679865081001551,-0.0019003025539670888,-0.0342054459714076,11954,2986.4544832306638,0.3634766605320395,0.026808106159883435,1.0386307628097105,12.0,0.0,0.07087274325411812,0.0016770964931095082,0.03521902635529967
t3_active,breakout,2.0,3.0,34396,"{""family"": ""breakout"", ""min_ddv"": 10000000.0, ""min_price"": 5.0, ""regime"": ""spy200"", ""trend"": true, ""mom_min"": 0.0, ""rsi2_max"": 100.0, ""rsi14_max"": 100.0, ""ret21_max"": 1.0, ""dist_ema20_max"": 1.0, ""dist_ema50_min"": -1.0, ""dist_hh60_min"": -1.0, ""atr_ratio_max"": 10.0, ""vol_ratio_min"": 0.0, ""atr_pct_min"": 0.03, ""atr_pct_max"": 0.045, ""up_close"": false, ""strong_close"": false}",6937,990.2248728979272,0.27317284128585845,0.020933744554737357,1.0262662684130455,18.0,0.0,0.0679865081001551,0.0014398192827727776,0.020157469958818886,11954,2986.4544832306638,0.30048519324075623,0.13333104146963645,1.1745976710240231,15.0,0.0,0.07087274325411812,0.009297667531414687,0.15620081452776674
t3_active,breakout,2.0,4.0,34396,"{""family"": ""breakout"", ""min_ddv"": 10000000.0, ""min_price"": 5.0, ""regime"": ""spy200"", ""trend"": true, ""mom_min"": 0.0, ""rsi2_max"": 100.0, ""rsi14_max"": 100.0, ""ret21_max"": 1.0, ""dist_ema20_max"": 1.0, ""dist_ema50_min"": -1.0, ""dist_hh60_min"": -1.0, ""atr_ratio_max"": 10.0, ""vol_ratio_min"": 0.0, ""atr_pct_min"": 0.03, ""atr_pct_max"": 0.045, ""up_close"": false, ""strong_close"": false}",6932,989.5111458740712,0.23629544143104445,0.10445202025516562,1.1244063024904778,19.0,0.0,0.06798941475781685,0.0070537372125391105,0.09355483039788715,11951,2985.7049965776864,0.2588067944105096,0.21964435406103935,1.2708993461921423,16.0,0.0003347000251025019,0.07087488442308919,0.015364538174413632,0.2419914762470147
t3_active,breakout,2.0,6.0,34396,"{""family"": ""breakout"", ""min_ddv"": 10000000.0, ""min_price"": 5.0, ""regime"": ""spy200"", ""trend"": true, ""mom_min"": 0.0, ""rsi2_max"": 100.0, ""rsi14_max"": 100.0, ""ret21_max"": 1.0, ""dist_ema20_max"": 1.0, ""dist_ema50_min"": -1.0, ""dist_hh60_min"": -1.0, ""atr_ratio_max"": 10.0, ""vol_ratio_min"": 0.0, ""atr_pct_min"": 0.03, ""atr_pct_max"": 0.045, ""up_close"": false, ""strong_close"": false}",6918,987.5127102072742,0.1819890141659439,0.18498808062067418,1.2048411734703208,20.0,0.0013009540329575022,0.06796929919777221,0.012122194146841191,0.152739646250199,11929,2980.208761122519,0.20404057339257273,0.3409886358913591,1.390776485319373,18.0,0.002263391734428703,0.07087162206730986,0.02409212622751246,0.33728976718517445
t3_active,breakout,3.0,0.5,34396,"{""family"": ""breakout"", ""min_ddv"": 10000000.0, ""min_price"": 5.0, ""regime"": ""spy200"", ""trend"": true, ""mom_min"": 0.0, ""rsi2_max"": 100.0, ""rsi14_max"": 100.0, ""ret21_max"": 1.0, ""dist_ema20_max"": 1.0, ""dist_ema50_min"": -1.0, ""dist_hh60_min"": -1.0, ""atr_ratio_max"": 10.0, ""vol_ratio_min"": 0.0, ""atr_pct_min"": 0.03, ""atr_pct_max"": 0.045, ""up_close"": false, ""strong_close"": false}",6940,990.6531091122408,0.673342939481268,-0.023023161774395718,0.9336122602292499,9.0,0.0,0.10198412213672531,-0.002432279455980128,-0.06810382476744359,11954,2986.4544832306638,0.6765936088338631,-0.01500989121409319,0.9562613027385225,8.0,0.0,0.1063091148811772,-0.0016955527038668052,-0.05340991017180437
t3_active,breakout,3.0,1.0,34396,"{""family"": ""breakout"", ""min_ddv"": 10000000.0, ""min_price"": 5.0, ""regime"": ""spy200"", ""trend"": true, ""mom_min"": 0.0, ""rsi2_max"": 100.0, ""rsi14_max"": 100.0, ""ret21_max"": 1.0, ""dist_ema20_max"": 1.0, ""dist_ema50_min"": -1.0, ""dist_hh60_min"": -1.0, ""atr_ratio_max"": 10.0, ""vol_ratio_min"": 0.0, ""atr_pct_min"": 0.03, ""atr_pct_max"": 0.045, ""up_close"": false, ""strong_close"": false}",6936,990.082127493156,0.5158592848904268,-0.005031066101255511,0.9902347661584951,17.0,0.0,0.10197793166390275,-0.0005671678194758332,-0.008407428853406467,11954,2986.4544832306638,0.5402375773799565,0.0440297835600005,1.0899011525347586,15.0,0.0,0.1063091148811772,0.0045662350186929665,0.07671274831404183
t3_active,breakout,3.0,2.0,34396,"{""family"": ""breakout"", ""min_ddv"": 10000000.0, ""min_price"": 5.0, ""regime"": ""spy200"", ""trend"": true, ""mom_min"": 0.0, ""rsi2_max"": 100.0, ""rsi14_max"": 100.0, ""ret21_max"": 1.0, ""dist_ema20_max"": 1.0, ""dist_ema50_min"": -1.0, ""dist_hh60_min"": -1.0, ""atr_ratio_max"": 10.0, ""vol_ratio_min"": 0.0, ""atr_pct_min"": 0.03, ""atr_pct_max"": 0.045, ""up_close"": false, ""strong_close"": false}",6932,989.5111458740712,0.37665897287939987,0.08567548194308877,1.1286397910624195,30.0,0.0,0.1019737800944019,0.008804597547640715,0.073958619400182,11953,2986.204654346338,0.41253241863967205,0.19410439672528443,1.3095408825677401,26.0,0.0,0.1063074331009649,0.020536385934419185,0.19904497136437055
t3_active,breakout,3.0,3.0,34396,"{""family"": ""breakout"", ""min_ddv"": 10000000.0, ""min_price"": 5.0, ""regime"": ""spy200"", ""trend"": true, ""mom_min"": 0.0, ""rsi2_max"": 100.0, ""rsi14_max"": 100.0, ""ret21_max"": 1.0, ""dist_ema20_max"": 1.0, ""dist_ema50_min"": -1.0, ""dist_hh60_min"": -1.0, ""atr_ratio_max"": 10.0, ""vol_ratio_min"": 0.0, ""atr_pct_min"": 0.03, ""atr_pct_max"": 0.045, ""up_close"": false, ""strong_close"": false}",6909,986.2280015643332,0.3090172239108409,0.18535047948663633,1.2500749044526276,37.0,0.0004342162396873643,0.10197610117757279,0.018910075078648746,0.12879294377890496,11940,2982.9568788501024,0.333500837520938,0.28166438697893553,1.3949988760820826,35.0,0.0011725293132328308,0.10630496589261584,0.029837056828050185,0.21482680916196134
t3_active,breakout,3.0,4.0,34396,"{""family"": ""breakout"", ""min_ddv"": 10000000.0, ""min_price"": 5.0, ""regime"": ""spy200"", ""trend"": true, ""mom_min"": 0.0, ""rsi2_max"": 100.0, ""rsi14_max"": 100.0, ""ret21_max"": 1.0, ""dist_ema20_max"": 1.0, ""dist_ema50_min"": -1.0, ""dist_hh60_min"": -1.0, ""atr_ratio_max"": 10.0, ""vol_ratio_min"": 0.0, ""atr_pct_min"": 0.03, ""atr_pct_max"": 0.045, ""up_close"": false, ""strong_close"": false}",6876,981.517403206883,0.2585805700988947,0.2304793071012951,1.2890298816910903,40.0,0.002763234438627109,0.10195394879665835,0.023060040457235535,0.14527825488058385,11880,2967.9671457905542,0.2823232323232323,0.3509443669664061,1.4570613994129247,40.0,0.003703703703703704,0.10632761664863515,0.03737035975715672,0.23543326647008733
t3_active,breakout,3.0,6.0,34396,"{""family"": ""breakout"", ""min_ddv"": 10000000.0, ""min_price"": 5.0, ""regime"": ""spy200"", ""trend"": true, ""mom_min"": 0.0, ""rsi2_max"": 100.0, ""rsi14_max"": 100.0, ""ret21_max"": 1.0, ""dist_ema20_max"": 1.0, ""dist_ema50_min"": -1.0, ""dist_hh60_min"": -1.0, ""atr_ratio_max"": 10.0, ""vol_ratio_min"": 0.0, ""atr_pct_min"": 0.03, ""atr_pct_max"": 0.045, ""up_close"": false, ""strong_close"": false}",6786,968.6703167774735,0.20350722074860006,0.2905753041593121,1.338359329145059,42.0,0.0206307102858827,0.10194969568967335,0.028461208534968536,0.17076725120981123,11702,2923.4976043805614,0.20458041360451204,0.31418102351582416,1.3685304269965248,45.0,0.017347461972312427,0.10639970681559141,0.033224948077538244,0.18605970923421417
t3_active,breakout,1.0,0.5,9764,"{""family"": ""breakout"", ""min_ddv"": 10000000.0, ""min_price"": 5.0, ""regime"": ""spy200"", ""trend"": true, ""mom_min"": 0.15, ""rsi2_max"": 100.0, ""rsi14_max"": 100.0, ""ret21_max"": 1.0, ""dist_ema20_max"": 1.0, ""dist_ema50_min"": -1.0, ""dist_hh60_min"": -1.0, ""atr_ratio_max"": 10.0, ""vol_ratio_min"": 1.3, ""atr_pct_min"": 0.03, ""atr_pct_max"": 0.045, ""up_close"": false, ""strong_close"": false}",2328,332.3113023073915,0.654639175257732,-0.12201492395172688,0.6920408368041013,1.0,0.0,0.03429928598478804,-0.004344974991447978,-1.0949336978448905,2989,746.7385352498288,0.6139176982268317,-0.17507268384123284,0.6032233442697166,1.0,0.0,0.03596973994229211,-0.006269715183504893,-1.579968226243233
t3_active,breakout,1.0,1.0,9764,"{""family"": ""breakout"", ""min_ddv"": 10000000.0, ""min_price"": 5.0, ""regime"": ""spy200"", ""trend"": true, ""mom_min"": 0.15, ""rsi2_max"": 100.0, ""rsi14_max"": 100.0, ""ret21_max"": 1.0, ""dist_ema20_max"": 1.0, ""dist_ema50_min"": -1.0, ""dist_hh60_min"": -1.0, ""atr_ratio_max"": 10.0, ""vol_ratio_min"": 1.3, ""atr_pct_min"": 0.03, ""atr_pct_max"": 0.045, ""up_close"": false, ""strong_close"": false}",2328,332.3113023073915,0.5077319587628866,-0.1009652921755267,0.8230171842147932,2.0,0.0,0.03429928598478804,-0.003690580533672347,-0.4650131472427157,2989,746.7385352498288,0.4727333556373369,-0.16266615564251044,0.7319891353153882,2.0,0.0,0.03596973994229211,-0.00585037161222567,-0.7371468231404344
t3_active,breakout,1.0,2.0,9764,"{""family"": ""breakout"", ""min_ddv"": 10000000.0, ""min_price"": 5.0, ""regime"": ""spy200"", ""trend"": true, ""mom_min"": 0.15, ""rsi2_max"": 100.0, ""rsi14_max"": 100.0, ""ret21_max"": 1.0, ""dist_ema20_max"": 1.0, ""dist_ema50_min"": -1.0, ""dist_hh60_min"": -1.0, ""atr_ratio_max"": 10.0, ""vol_ratio_min"": 1.3, ""atr_pct_min"": 0.03, ""atr_pct_max"": 0.045, ""up_close"": false, ""strong_close"": false}",2328,332.3113023073915,0.34664948453608246,-0.09036583713745516,0.88122836325833,4.0,0.0,0.03429928598478804,-0.00342796596137684,-0.2159618555667409,2989,746.7385352498288,0.31381733021077285,-0.18121856984507814,0.770926459876832,3.0,0.0,0.03596973994229211,-0.006581061241183509,-0.5528091442594147
t3_active,breakout,1.0,3.0,9764,"{""family"": ""breakout"", ""min_ddv"": 10000000.0, ""min_price"": 5.0, ""regime"": ""spy200"", ""trend"": true, ""mom_min"": 0.15, ""rsi2_max"": 100.0, ""rsi14_max"": 100.0, ""ret21_max"": 1.0, ""dist_ema20_max"": 1.0, ""dist_ema50_min"": -1.0, ""dist_hh60_min"": -1.0, ""atr_ratio_max"": 10.0, ""vol_ratio_min"": 1.3, ""atr_pct_min"": 0.03, ""atr_pct_max"": 0.045, ""up_close"": false, ""strong_close"": false}",2328,332.3113023073915,0.26847079037800686,-0.06757099141516075,0.9209566982946659,5.0,0.0,0.03429928598478804,-0.0025876810900666482,-0.13041912693935906,2989,746.7385352498288,0.23251923720307796,-0.1978102236528123,0.7764463153934051,4.0,0.0,0.03596973994229211,-0.007283579026513678,-0.4588654786703617
t3_active,breakout,1.0,4.0,9764,"{""family"": ""breakout"", ""min_ddv"": 10000000.0, ""min_price"": 5.0, ""regime"": ""spy200"", ""trend"": true, ""mom_min"": 0.15, ""rsi2_max"": 100.0, ""rsi14_max"": 100.0, ""ret21_max"": 1.0, ""dist_ema20_max"": 1.0, ""dist_ema50_min"": -1.0, ""dist_hh60_min"": -1.0, ""atr_ratio_max"": 10.0, ""vol_ratio_min"": 1.3, ""atr_pct_min"": 0.03, ""atr_pct_max"": 0.045, ""up_close"": false, ""strong_close"": false}",2328,332.3113023073915,0.22079037800687284,-0.04323351373318268,0.952778514745365,6.0,0.0,0.03429928598478804,-0.0016531220165363317,-0.06943112469452593,2989,746.7385352498288,0.1917029106724657,-0.1755157818745718,0.8121379140090204,4.0,0.0,0.03596973994229211,-0.006458671667229413,-0.40689631503545304
t3_active,breakout,1.0,6.0,9764,"{""family"": ""breakout"", ""min_ddv"": 10000000.0, ""min_price"": 5.0, ""regime"": ""spy200"", ""trend"": true, ""mom_min"": 0.15, ""rsi2_max"": 100.0, ""rsi14_max"": 100.0, ""ret21_max"": 1.0, ""dist_ema20_max"": 1.0, ""dist_ema50_min"": -1.0, ""dist_hh60_min"": -1.0, ""atr_ratio_max"": 10.0, ""vol_ratio_min"": 1.3, ""atr_pct_min"": 0.03, ""atr_pct_max"": 0.045, ""up_close"": false, ""strong_close"": false}",2328,332.3113023073915,0.16924398625429554,0.028623099252154546,1.0291853609948292,6.0,0.0,0.03429928598478804,0.000917805844061191,0.03854784545057002,2989,746.7385352498288,0.14720642355302777,-0.10940434017867585,0.8892764973542999,4.0,0.0,0.03596973994229211,-0.00397551079117811,-0.25045717984422095
t3_active,breakout,1.5,0.5,9764,"{""family"": ""breakout"", ""min_ddv"": 10000000.0, ""min_price"": 5.0, ""regime"": ""spy200"", ""trend"": true, ""mom_min"": 0.15, ""rsi2_max"": 100.0, ""rsi14_max"": 100.0, ""ret21_max"": 1.0, ""dist_ema20_max"": 1.0, ""dist_ema50_min"": -1.0, ""dist_hh60_min"": -1.0, ""atr_ratio_max"": 10.0, ""vol_ratio_min"": 1.3, ""atr_pct_min"": 0.03, ""atr_pct_max"": 0.045, ""up_close"": false, ""strong_close"": false}",2328,332.3113023073915,0.6851374570446735,-0.04169921490768001,0.8809996691307181,2.0,0.0,0.05144892897718202,-0.002214798296079131,-0.2790645853059705,2989,746.7385352498288,0.637671462027434,-0.11113201244413755,0.7240309980390498,2.0,0.0,0.053954609913438166,-0.006092110677225136,-0.7676059453303671
t3_active,breakout,1.5,1.0,9764,"{""family"": ""breakout"", ""min_ddv"": 10000000.0, ""min_price"": 5.0, ""regime"": ""spy200"", ""trend"": true, ""mom_min"": 0.15, ""rsi2_max"": 100.0, ""rsi14_max"": 100.0, ""ret21_max"": 1.0, ""dist_ema20_max"": 1.0, ""dist_ema50_min"": -1.0, ""dist_hh60_min"": -1.0, ""atr_ratio_max"": 10.0, ""vol_ratio_min"": 1.3, ""atr_pct_min"": 0.03, ""atr_pct_max"": 0.045, ""up_close"": false, ""strong_close"": false}",2328,332.3113023073915,0.5219072164948454,-0.035789242621567526,0.932962805711448,5.0,0.0,0.05144892897718202,-0.0019182486249682336,-0.09667973069839898,2989,746.7385352498288,0.4780863164938106,-0.12026372615357127,0.7927921948396212,4.0,0.0,0.053954609913438166,-0.006584790465424576,-0.41484179932174825
t3_active,breakout,1.5,2.0,9764,"{""family"": ""breakout"", ""min_ddv"": 10000000.0, ""min_price"": 5.0, ""regime"": ""spy200"", ""trend"": true, ""mom_min"": 0.15, ""rsi2_max"": 100.0, ""rsi14_max"": 100.0, ""ret21_max"": 1.0, ""dist_ema20_max"": 1.0, ""dist_ema50_min"": -1.0, ""dist_hh60_min"": -1.0, ""atr_ratio_max"": 10.0, ""vol_ratio_min"": 1.3, ""atr_pct_min"": 0.03, ""atr_pct_max"": 0.045, ""up_close"": false, ""strong_close"": false}",2327,332.16855690262025,0.3657069187795445,0.007576801035129294,1.010688822757684,9.0,0.0,0.051448374303604306,0.00038317906981701186,0.010729013954876333,2989,746.7385352498288,0.32151221144195385,-0.12361155369695095,0.8365507163121145,6.0,0.0,0.053954609913438166,-0.006896929405681895,-0.2896710350386396
t3_active,breakout,1.5,3.0,9764,"{""family"": ""breakout"", ""min_ddv"": 10000000.0, ""min_price"": 5.0, ""regime"": ""spy200"", ""trend"": true, ""mom_min"": 0.15, ""rsi2_max"": 100.0, ""rsi14_max"": 100.0, ""ret21_max"": 1.0, ""dist_ema20_max"": 1.0, ""dist_ema50_min"": -1.0, ""dist_hh60_min"": -1.0, ""atr_ratio_max"": 10.0, ""vol_ratio_min"": 1.3, ""atr_pct_min"": 0.03, ""atr_pct_max"": 0.045, ""up_close"": false, ""strong_close"": false}",2327,332.16855690262025,0.28362698753760207,0.03797800906611897,1.047176887558694,11.0,0.0,0.051448374303604306,0.0021272369370605483,0.0487330643762962,2989,746.7385352498288,0.2535965205754433,-0.07864750648210236,0.9055152289306778,8.0,0.0,0.053954609913438166,-0.004456040655272871,-0.14036528064109544
t3_active,breakout,1.5,4.0,9764,"{""family"": ""breakout"", ""min_ddv"": 10000000.0, ""min_price"": 5.0, ""regime"": ""spy200"", ""trend"": true, ""mom_min"": 0.15, ""rsi2_max"": 100.0, ""rsi14_max"": 100.0, ""ret21_max"": 1.0, ""dist_ema20_max"": 1.0, ""dist_ema50_min"": -1.0, ""dist_hh60_min"": -1.0, ""atr_ratio_max"": 10.0, ""vol_ratio_min"": 1.3, ""atr_pct_min"": 0.03, ""atr_pct_max"": 0.045, ""up_close"": false, ""strong_close"": false}",2327,332.16855690262025,0.2406532015470563,0.10342375129576016,1.1209287016686174,13.0,0.0,0.051448374303604306,0.005494812393515242,0.10651482485891085,2989,746.7385352498288,0.21445299431247908,-0.02300100885575362,0.9737526174029746,9.0,0.0,0.053954609913438166,-0.0012702700859023263,-0.03556756240526513
t3_active,breakout,1.5,6.0,9764,"{""family"": ""breakout"", ""min_ddv"": 10000000.0, ""min_price"": 5.0, ""regime"": ""spy200"", ""trend"": true, ""mom_min"": 0.15, ""rsi2_max"": 100.0, ""rsi14_max"": 100.0, ""ret21_max"": 1.0, ""dist_ema20_max"": 1.0, ""dist_ema50_min"": -1.0, ""dist_hh60_min"": -1.0, ""atr_ratio_max"": 10.0, ""vol_ratio_min"": 1.3, ""atr_pct_min"": 0.03, ""atr_pct_max"": 0.045, ""up_close"": false, ""strong_close"": false}",2324,331.7403206883066,0.18545611015490535,0.19168583933656702,1.2078644845258826,14.0,0.0,0.05144892897718202,0.009881528545306929,0.17786751381552474,2988,746.488706365503,0.16633199464524764,0.06366534182796837,1.0683977559291196,10.0,0.0,0.05395610262231977,0.0034721744152866043,0.08749879526522243
t3_active,breakout,2.0,0.5,9764,"{""family"": ""breakout"", ""min_ddv"": 10000000.0, ""min_price"": 5.0, ""regime"": ""spy200"", ""trend"": true, ""mom_min"": 0.15, ""rsi2_max"": 100.0, ""rsi14_max"": 100.0, ""ret21_max"": 1.0, ""dist_ema20_max"": 1.0, ""dist_ema50_min"": -1.0, ""dist_hh60_min"": -1.0, ""atr_ratio_max"": 10.0, ""vol_ratio_min"": 1.3, ""atr_pct_min"": 0.03, ""atr_pct_max"": 0.045, ""up_close"": false, ""strong_close"": false}",2328,332.3113023073915,0.6950171821305842,-0.007337476034591904,0.9778508806039659,4.0,0.0,0.068598571969576,-0.0006754923577198254,-0.042556018536349,2989,746.7385352498288,0.6540649046503847,-0.06667100072130212,0.8219243384782896,3.0,0.0,0.07193947988458423,-0.0049139705751965,-0.412773528316506
t3_active,breakout,2.0,1.0,9764,"{""family"": ""breakout"", ""min_ddv"": 10000000.0, ""min_price"": 5.0, ""regime"": ""spy200"", ""trend"": true, ""mom_min"": 0.15, ""rsi2_max"": 100.0, ""rsi14_max"": 100.0, ""ret21_max"": 1.0, ""dist_ema20_max"": 1.0, ""dist_ema50_min"": -1.0, ""dist_hh60_min"": -1.0, ""atr_ratio_max"": 10.0, ""vol_ratio_min"": 1.3, ""atr_pct_min"": 0.03, ""atr_pct_max"": 0.045, ""up_close"": false, ""strong_close"": false}",2327,332.16855690262025,0.5242801890846583,-0.011382102770678446,0.9780896357355217,8.0,0.0,0.06859783240480569,-0.0011751648689149099,-0.037017693370819664,2989,746.7385352498288,0.5005018400802944,-0.05597640977211095,0.896832643487321,7.0,0.0,0.07193947988458423,-0.004123112222565648,-0.14843204001236332
t3_active,breakout,2.0,2.0,9764,"{""family"": ""breakout"", ""min_ddv"": 10000000.0, ""min_price"": 5.0, ""regime"": ""spy200"", ""trend"": true, ""mom_min"": 0.15, ""rsi2_max"": 100.0, ""rsi14_max"": 100.0, ""ret21_max"": 1.0, ""dist_ema20_max"": 1.0, ""dist_ema50_min"": -1.0, ""dist_hh60_min"": -1.0, ""atr_ratio_max"": 10.0, ""vol_ratio_min"": 1.3, ""atr_pct_min"": 0.03, ""atr_pct_max"": 0.045, ""up_close"": false, ""strong_close"": false}",2326,332.025811497849,0.37876182287188304,0.06693743233416549,1.0983006497772652,15.0,0.0,0.06859573193791257,0.004694936968135962,0.07887494106468416,2989,746.7385352498288,0.3553027768484443,0.0001577126943501918,1.0002245423931293,12.0,0.0,0.07193947988458423,-0.00025950013330121584,-0.005449502799325532
t3_active,breakout,2.0,3.0,9764,"{""family"": ""breakout"", ""min_ddv"": 10000000.0, ""min_price"": 5.0, ""regime"": ""spy200"", ""trend"": true, ""mom_min"": 0.15, ""rsi2_max"": 100.0, ""rsi14_max"": 100.0, ""ret21_max"": 1.0, ""dist_ema20_max"": 1.0, ""dist_ema50_min"": -1.0, ""dist_hh60_min"": -1.0, ""atr_ratio_max"": 10.0, ""vol_ratio_min"": 1.3, ""atr_pct_min"": 0.03, ""atr_pct_max"": 0.045, ""up_close"": false, ""strong_close"": false}",2326,332.025811497849,0.30481513327601034,0.14655997257536107,1.191961292025347,20.0,0.0,0.06859573193791257,0.010180564048253135,0.1282751070079895,2989,746.7385352498288,0.28471060555369687,0.0697075303953056,1.0893687831979124,15.0,0.0,0.07193947988458423,0.004888810128035632,0.08213201015099861
t3_active,breakout,2.0,4.0,9764,"{""family"": ""breakout"", ""min_ddv"": 10000000.0, ""min_price"": 5.0, ""regime"": ""spy200"", ""trend"": true, ""mom_min"": 0.15, ""rsi2_max"": 100.0, ""rsi14_max"": 100.0, ""ret21_max"": 1.0, ""dist_ema20_max"": 1.0, ""dist_ema50_min"": -1.0, ""dist_hh60_min"": -1.0, ""atr_ratio_max"": 10.0, ""vol_ratio_min"": 1.3, ""atr_pct_min"": 0.03, ""atr_pct_max"": 0.045, ""up_close"": false, ""strong_close"": false}",2321,331.31208447399297,0.25764756570443775,0.21433085867969096,1.2629004082257116,23.0,0.0,0.06859783240480569,0.014616251842377304,0.16014328105561218,2988,746.488706365503,0.23962516733601072,0.12422018335853308,1.1496307557346306,16.0,0.00033467202141900936,0.07194147016309302,0.008748950526317611,0.13779597078950237
t3_active,breakout,2.0,6.0,9764,"{""family"": ""breakout"", ""min_ddv"": 10000000.0, ""min_price"": 5.0, ""regime"": ""spy200"", ""trend"": true, ""mom_min"": 0.15, ""rsi2_max"": 100.0, ""rsi14_max"": 100.0, ""ret21_max"": 1.0, ""dist_ema20_max"": 1.0, ""dist_ema50_min"": -1.0, ""dist_hh60_min"": -1.0, ""atr_ratio_max"": 10.0, ""vol_ratio_min"": 1.3, ""atr_pct_min"": 0.03, ""atr_pct_max"": 0.045, ""up_close"": false, ""strong_close"": false}",2316,330.59835745013686,0.19818652849740934,0.3005871525455766,1.3399977662041533,25.0,0.0012953367875647669,0.06858078106262366,0.0199371383764695,0.20096635483481257,2980,744.4900752908966,0.17785234899328858,0.16051354577081908,1.178529591293409,18.0,0.0010067114093959733,0.07194147016309302,0.011394006763276792,0.15951609468587508
t3_active,breakout,3.0,0.5,9764,"{""family"": ""breakout"", ""min_ddv"": 10000000.0, ""min_price"": 5.0, ""regime"": ""spy200"", ""trend"": true, ""mom_min"": 0.15, ""rsi2_max"": 100.0, ""rsi14_max"": 100.0, ""ret21_max"": 1.0, ""dist_ema20_max"": 1.0, ""dist_ema50_min"": -1.0, ""dist_hh60_min"": -1.0, ""atr_ratio_max"": 10.0, ""vol_ratio_min"": 1.3, ""atr_pct_min"": 0.03, ""atr_pct_max"": 0.045, ""up_close"": false, ""strong_close"": false}",2326,332.025811497849,0.6913155631986242,0.0033438911764113732,1.0102175327299232,8.0,0.0,0.10289359790686887,0.00035501361909196367,0.011182929001396856,2989,746.7385352498288,0.6868517898962864,0.0013726253319931284,1.004160792623888,7.0,0.0,0.10790921982687633,0.00031634568204841183,0.011388444553742825
t3_active,breakout,3.0,1.0,9764,"{""family"": ""breakout"", ""min_ddv"": 10000000.0, ""min_price"": 5.0, ""regime"": ""spy200"", ""trend"": true, ""mom_min"": 0.15, ""rsi2_max"": 100.0, ""rsi14_max"": 100.0, ""ret21_max"": 1.0, ""dist_ema20_max"": 1.0, ""dist_ema50_min"": -1.0, ""dist_hh60_min"": -1.0, ""atr_ratio_max"": 10.0, ""vol_ratio_min"": 1.3, ""atr_pct_min"": 0.03, ""atr_pct_max"": 0.045, ""up_close"": false, ""strong_close"": false}",2324,331.7403206883066,0.5490533562822719,0.05913840800227834,1.1232566735664373,18.0,0.0,0.10288264162309538,0.006244065458569071,0.08741691641996699,2989,746.7385352498288,0.5460020073603212,0.05712480205326347,1.1189438215112584,15.0,0.0,0.10790921982687633,0.006229376697955148,0.10465352852564648
t3_active,breakout,3.0,2.0,9764,"{""family"": ""breakout"", ""min_ddv"": 10000000.0, ""min_price"": 5.0, ""regime"": ""spy200"", ""trend"": true, ""mom_min"": 0.15, ""rsi2_max"": 100.0, ""rsi14_max"": 100.0, ""ret21_max"": 1.0, ""dist_ema20_max"": 1.0, ""dist_ema50_min"": -1.0, ""dist_hh60_min"": -1.0, ""atr_ratio_max"": 10.0, ""vol_ratio_min"": 1.3, ""atr_pct_min"": 0.03, ""atr_pct_max"": 0.045, ""up_close"": false, ""strong_close"": false}",2324,331.7403206883066,0.40963855421686746,0.18335369942278285,1.2901633012910538,34.0,0.0,0.10288264162309538,0.019446562750728223,0.14413334744657388,2989,746.7385352498288,0.4028103044496487,0.16763485772110281,1.264206517497677,28.0,0.0,0.10790921982687633,0.018414985735882464,0.16573487162294218
t3_active,breakout,3.0,3.0,9764,"{""family"": ""breakout"", ""min_ddv"": 10000000.0, ""min_price"": 5.0, ""regime"": ""spy200"", ""trend"": true, ""mom_min"": 0.15, ""rsi2_max"": 100.0, ""rsi14_max"": 100.0, ""ret21_max"": 1.0, ""dist_ema20_max"": 1.0, ""dist_ema50_min"": -1.0, ""dist_hh60_min"": -1.0, ""atr_ratio_max"": 10.0, ""vol_ratio_min"": 1.3, ""atr_pct_min"": 0.03, ""atr_pct_max"": 0.045, ""up_close"": false, ""strong_close"": false}",2314,330.31286664059445,0.3292999135695765,0.2662777360521867,1.3700656987793511,44.0,0.000432152117545376,0.10287117159393541,0.027653815344813596,0.15838094242938697,2987,746.2388774811773,0.32005356545028457,0.23132449130904353,1.3198724322592683,36.0,0.001004352192835621,0.10791519066240275,0.025158861721398477,0.17611203204978934
t3_active,breakout,3.0,4.0,9764,"{""family"": ""breakout"", ""min_ddv"": 10000000.0, ""min_price"": 5.0, ""regime"": ""spy200"", ""trend"": true, ""mom_min"": 0.15, ""rsi2_max"": 100.0, ""rsi14_max"": 100.0, ""ret21_max"": 1.0, ""dist_ema20_max"": 1.0, ""dist_ema50_min"": -1.0, ""dist_hh60_min"": -1.0, ""atr_ratio_max"": 10.0, ""vol_ratio_min"": 1.3, ""atr_pct_min"": 0.03, ""atr_pct_max"": 0.045, ""up_close"": false, ""strong_close"": false}",2301,328.45717637856865,0.27727075184702304,0.3256765667863513,1.4190494296950178,48.0,0.0021729682746631897,0.10281263928646296,0.03314196188181643,0.17399529987953624,2964,740.4928131416838,0.25978407557354927,0.2406647703781351,1.3051635897772984,41.0,0.003036437246963563,0.10793857752905694,0.02617308095927044,0.16086869272527196
t3_active,breakout,3.0,6.0,9764,"{""family"": ""breakout"", ""min_ddv"": 10000000.0, ""min_price"": 5.0, ""regime"": ""spy200"", ""trend"": true, ""mom_min"": 0.15, ""rsi2_max"": 100.0, ""rsi14_max"": 100.0, ""ret21_max"": 1.0, ""dist_ema20_max"": 1.0, ""dist_ema50_min"": -1.0, ""dist_hh60_min"": -1.0, ""atr_ratio_max"": 10.0, ""vol_ratio_min"": 1.3, ""atr_pct_min"": 0.03, ""atr_pct_max"": 0.045, ""up_close"": false, ""strong_close"": false}",2265,323.3183418068048,0.2163355408388521,0.3839849867213423,1.4551985793176527,52.0,0.018543046357615896,0.10275212970360068,0.03884148766447617,0.18823182483553838,2921,729.7501711156742,0.1828141047586443,0.1797336513937446,1.2062583925258081,46.0,0.013693940431359124,0.10800163415597089,0.019251756021064034,0.10546614168061166
t3_active,meanrev,1.0,0.5,33124,"{""family"": ""meanrev"", ""min_ddv"": 10000000.0, ""min_price"": 5.0, ""regime"": ""spy200"", ""trend"": true, ""mom_min"": 0.0, ""rsi2_max"": 10.0, ""rsi14_max"": 100.0, ""ret21_max"": 1.0, ""dist_ema20_max"": 0.0, ""dist_ema50_min"": -1.0, ""dist_hh60_min"": -1.0, ""atr_ratio_max"": 10.0, ""vol_ratio_min"": 0.0, ""atr_pct_min"": 0.03, ""atr_pct_max"": 0.045, ""up_close"": false, ""strong_close"": false}",7773,1109.560031286664,0.6768300527466873,-0.08367945733853872,0.776562268960985,1.0,0.0,0.03455172121396703,-0.0029787260969281588,-0.750638976425896,10703,2673.918548939083,0.684667850135476,-0.06948199363406467,0.8103425714792682,1.0,0.0,0.03558012387906699,-0.0024829341692570966,-0.6256994106527883
t3_active,meanrev,1.0,1.0,33124,"{""family"": ""meanrev"", ""min_ddv"": 10000000.0, ""min_price"": 5.0, ""regime"": ""spy200"", ""trend"": true, ""mom_min"": 0.0, ""rsi2_max"": 10.0, ""rsi14_max"": 100.0, ""ret21_max"": 1.0, ""dist_ema20_max"": 0.0, ""dist_ema50_min"": -1.0, ""dist_hh60_min"": -1.0, ""atr_ratio_max"": 10.0, ""vol_ratio_min"": 0.0, ""atr_pct_min"": 0.03, ""atr_pct_max"": 0.045, ""up_close"": false, ""strong_close"": false}",7773,1109.560031286664,0.5311977357519619,-0.052166676859647675,0.9053486442075459,3.0,0.0,0.03455172121396703,-0.001827750812636232,-0.1535310682614435,10703,2673.918548939083,0.5471363169204896,-0.016227811813136178,0.9695055559144508,2.0,0.0,0.03558012387906699,-0.0005320352907431699,-0.0670364466336394
t3_active,meanrev,1.0,2.0,33124,"{""family"": ""meanrev"", ""min_ddv"": 10000000.0, ""min_price"": 5.0, ""regime"": ""spy200"", ""trend"": true, ""mom_min"": 0.0, ""rsi2_max"": 10.0, ""rsi14_max"": 100.0, ""ret21_max"": 1.0, ""dist_ema20_max"": 0.0, ""dist_ema50_min"": -1.0, ""dist_hh60_min"": -1.0, ""atr_ratio_max"": 10.0, ""vol_ratio_min"": 0.0, ""atr_pct_min"": 0.03, ""atr_pct_max"": 0.045, ""up_close"": false, ""strong_close"": false}",7773,1109.560031286664,0.36922681075517816,-0.01972640985878242,0.9733931916394748,4.0,0.0,0.03455172121396703,-0.0006442473357831015,-0.040587582154335396,10703,2673.918548939083,0.39045127534336166,0.036404763822732014,1.0502484126133855,4.0,0.0,0.03558012387906699,0.001358381775838676,0.08557805187783658
t3_active,meanrev,1.0,3.0,33124,"{""family"": ""meanrev"", ""min_ddv"": 10000000.0, ""min_price"": 5.0, ""regime"": ""spy200"", ""trend"": true, ""mom_min"": 0.0, ""rsi2_max"": 10.0, ""rsi14_max"": 100.0, ""ret21_max"": 1.0, ""dist_ema20_max"": 0.0, ""dist_ema50_min"": -1.0, ""dist_hh60_min"": -1.0, ""atr_ratio_max"": 10.0, ""vol_ratio_min"": 0.0, ""atr_pct_min"": 0.03, ""atr_pct_max"": 0.045, ""up_close"": false, ""strong_close"": false}",7773,1109.560031286664,0.28508941206741284,-0.0031430436473878264,0.9962846913455521,6.0,0.0,0.03455172121396703,-0.00010667986569849607,-0.004480554359336835,10703,2673.918548939083,0.30832476875642345,0.08893574147153507,1.107944928528048,6.0,0.0,0.03558012387906699,0.0032259481236900874,0.13548982119498368
t3_active,meanrev,1.0,4.0,33124,"{""family"": ""meanrev"", ""min_ddv"": 10000000.0, ""min_price"": 5.0, ""regime"": ""spy200"", ""trend"": true, ""mom_min"": 0.0, ""rsi2_max"": 10.0, ""rsi14_max"": 100.0, ""ret21_max"": 1.0, ""dist_ema20_max"": 0.0, ""dist_ema50_min"": -1.0, ""dist_hh60_min"": -1.0, ""atr_ratio_max"": 10.0, ""vol_ratio_min"": 0.0, ""atr_pct_min"": 0.03, ""atr_pct_max"": 0.045, ""up_close"": false, ""strong_close"": false}",7773,1109.560031286664,0.23440113212401903,0.01868592594371418,1.020543762490592,7.0,0.0,0.03455172121396703,0.0006990499384145412,0.025165797782923483,10703,2673.918548939083,0.2594599644959357,0.14391321121302517,1.1627837950942053,7.0,0.0,0.03558012387906699,0.005127310720051529,0.18458318592185505
t3_active,meanrev,1.0,6.0,33124,"{""family"": ""meanrev"", ""min_ddv"": 10000000.0, ""min_price"": 5.0, ""regime"": ""spy200"", ""trend"": true, ""mom_min"": 0.0, ""rsi2_max"": 10.0, ""rsi14_max"": 100.0, ""ret21_max"": 1.0, ""dist_ema20_max"": 0.0, ""dist_ema50_min"": -1.0, ""dist_hh60_min"": -1.0, ""atr_ratio_max"": 10.0, ""vol_ratio_min"": 0.0, ""atr_pct_min"": 0.03, ""atr_pct_max"": 0.045, ""up_close"": false, ""strong_close"": false}",7771,1109.2745404771215,0.17861279114657058,0.0872573417873901,1.0892212326490267,7.0,0.0,0.0345545586778507,0.0029982253489094597,0.10793611256074055,10703,2673.918548939083,0.2036812108754555,0.2643366881079041,1.2775716981645808,7.0,0.0,0.03558012387906699,0.009345548757945457,0.3364397552860364
t3_active,meanrev,1.5,0.5,33124,"{""family"": ""meanrev"", ""min_ddv"": 10000000.0, ""min_price"": 5.0, ""regime"": ""spy200"", ""trend"": true, ""mom_min"": 0.0, ""rsi2_max"": 10.0, ""rsi14_max"": 100.0, ""ret21_max"": 1.0, ""dist_ema20_max"": 0.0, ""dist_ema50_min"": -1.0, ""dist_hh60_min"": -1.0, ""atr_ratio_max"": 10.0, ""vol_ratio_min"": 0.0, ""atr_pct_min"": 0.03, ""atr_pct_max"": 0.045, ""up_close"": false, ""strong_close"": false}",7773,1109.560031286664,0.6894377975041811,-0.03605619689538468,0.897613002696388,2.0,0.0,0.05182758182095055,-0.0019457570546754133,-0.24516538888910208,10703,2673.918548939083,0.7074651966738298,-0.006647462760811021,0.9799979327221016,2.0,0.0,0.053370185818600493,-0.00028853547461928867,-0.036355469802030374
t3_active,meanrev,1.5,1.0,33124,"{""family"": ""meanrev"", ""min_ddv"": 10000000.0, ""min_price"": 5.0, ""regime"": ""spy200"", ""trend"": true, ""mom_min"": 0.0, ""rsi2_max"": 10.0, ""rsi14_max"": 100.0, ""ret21_max"": 1.0, ""dist_ema20_max"": 0.0, ""dist_ema50_min"": -1.0, ""dist_hh60_min"": -1.0, ""atr_ratio_max"": 10.0, ""vol_ratio_min"": 0.0, ""atr_pct_min"": 0.03, ""atr_pct_max"": 0.045, ""up_close"": false, ""strong_close"": false}",7773,1109.560031286664,0.5394313649813457,0.0008860281589430586,1.0017017993055894,5.0,0.0,0.05182758182095055,1.3580577679327683e-05,0.0006844611150381152,10703,2673.918548939083,0.5591890124264225,0.03502413756430409,1.069478817721021,5.0,0.0,0.053370185818600493,0.00191349235024103,0.0964400144521479
t3_active,meanrev,1.5,2.0,33124,"{""family"": ""meanrev"", ""min_ddv"": 10000000.0, ""min_price"": 5.0, ""regime"": ""spy200"", ""trend"": true, ""mom_min"": 0.0, ""rsi2_max"": 10.0, ""rsi14_max"": 100.0, ""ret21_max"": 1.0, ""dist_ema20_max"": 0.0, ""dist_ema50_min"": -1.0, ""dist_hh60_min"": -1.0, ""atr_ratio_max"": 10.0, ""vol_ratio_min"": 0.0, ""atr_pct_min"": 0.03, ""atr_pct_max"": 0.045, ""up_close"": false, ""strong_close"": false}",7773,1109.560031286664,0.3736009262832883,0.026275176905963128,1.0369700899896623,9.0,0.0,0.05182758182095055,0.0013876620511145568,0.03885453743120759,10703,2673.918548939083,0.40325142483415866,0.11525527873389411,1.169237401616293,9.0,0.0,0.053370185818600493,0.006149891489498631,0.17219696170596166
t3_active,meanrev,1.5,3.0,33124,"{""family"": ""meanrev"", ""min_ddv"": 10000000.0, ""min_price"": 5.0, ""regime"": ""spy200"", ""trend"": true, ""mom_min"": 0.0, ""rsi2_max"": 10.0, ""rsi14_max"": 100.0, ""ret21_max"": 1.0, ""dist_ema20_max"": 0.0, ""dist_ema50_min"": -1.0, ""dist_hh60_min"": -1.0, ""atr_ratio_max"": 10.0, ""vol_ratio_min"": 0.0, ""atr_pct_min"": 0.03, ""atr_pct_max"": 0.045, ""up_close"": false, ""strong_close"": false}",7772,1109.417285881893,0.2959341224909933,0.07856807939508184,1.0979773521863394,12.0,0.0,0.051829709918863265,0.0041744506704143895,0.08766346407870218,10703,2673.918548939083,0.33243015976828927,0.2270327763097284,1.2976661389265378,12.0,0.0,0.053370185818600493,0.012021539757149442,0.25245233490013824
t3_active,meanrev,1.5,4.0,33124,"{""family"": ""meanrev"", ""min_ddv"": 10000000.0, ""min_price"": 5.0, ""regime"": ""spy200"", ""trend"": true, ""mom_min"": 0.0, ""rsi2_max"": 10.0, ""rsi14_max"": 100.0, ""ret21_max"": 1.0, ""dist_ema20_max"": 0.0, ""dist_ema50_min"": -1.0, ""dist_hh60_min"": -1.0, ""atr_ratio_max"": 10.0, ""vol_ratio_min"": 0.0, ""atr_pct_min"": 0.03, ""atr_pct_max"": 0.045, ""up_close"": false, ""strong_close"": false}",7769,1108.9890496675791,0.24481915304414983,0.11142949638386124,1.1293982933498867,13.0,0.0,0.05183399835119096,0.00579351363857597,0.11230503360931882,10702,2673.668720054757,0.2827508876845449,0.3060925728011572,1.3734903649726165,14.5,0.0,0.05336961606797122,0.016165830150220873,0.2809509791624593
t3_active,meanrev,1.5,6.0,33124,"{""family"": ""meanrev"", ""min_ddv"": 10000000.0, ""min_price"": 5.0, ""regime"": ""spy200"", ""trend"": true, ""mom_min"": 0.0, ""rsi2_max"": 10.0, ""rsi14_max"": 100.0, ""ret21_max"": 1.0, ""dist_ema20_max"": 0.0, ""dist_ema50_min"": -1.0, ""dist_hh60_min"": -1.0, ""atr_ratio_max"": 10.0, ""vol_ratio_min"": 0.0, ""atr_pct_min"": 0.03, ""atr_pct_max"": 0.045, ""up_close"": false, ""strong_close"": false}",7761,1107.8470864294095,0.18592964824120603,0.18257277632031835,1.1964890458785855,15.0,0.0005153975003221235,0.05183399835119096,0.009218331916359599,0.15486797619484127,10695,2671.9199178644762,0.22131837307152874,0.43309568117237346,1.4862805757204707,17.0,9.350163627863488e-05,0.0533776312403154,0.022982694116641056,0.34068464219962036
t3_active,meanrev,2.0,0.5,33124,"{""family"": ""meanrev"", ""min_ddv"": 10000000.0, ""min_price"": 5.0, ""regime"": ""spy200"", ""trend"": true, ""mom_min"": 0.0, ""rsi2_max"": 10.0, ""rsi14_max"": 100.0, ""ret21_max"": 1.0, ""dist_ema20_max"": 0.0, ""dist_ema50_min"": -1.0, ""dist_hh60_min"": -1.0, ""atr_ratio_max"": 10.0, ""vol_ratio_min"": 0.0, ""atr_pct_min"": 0.03, ""atr_pct_max"": 0.045, ""up_close"": false, ""strong_close"": false}",7773,1109.560031286664,0.7034606972854753,0.004159376509332345,1.0126952486319467,4.0,0.0,0.06910344242793406,0.0002955450322517753,0.018619337031861843,10703,2673.918548939083,0.7223208446230029,0.03251273800668354,1.1053768393364465,4.0,0.0,0.07116024775813398,0.002412827710113468,0.15200814573714846
t3_active,meanrev,2.0,1.0,33124,"{""family"": ""meanrev"", ""min_ddv"": 10000000.0, ""min_price"": 5.0, ""regime"": ""spy200"", ""trend"": true, ""mom_min"": 0.0, ""rsi2_max"": 10.0, ""rsi14_max"": 100.0, ""ret21_max"": 1.0, ""dist_ema20_max"": 0.0, ""dist_ema50_min"": -1.0, ""dist_hh60_min"": -1.0, ""atr_ratio_max"": 10.0, ""vol_ratio_min"": 0.0, ""atr_pct_min"": 0.03, ""atr_pct_max"": 0.045, ""up_close"": false, ""strong_close"": false}",7773,1109.560031286664,0.5467644410137656,0.035112253850337234,1.0702079283871408,8.0,0.0,0.06910344242793406,0.002419109039981781,0.0762019347594261,10703,2673.918548939083,0.5782490890404559,0.09393022850536888,1.19975960796862,8.0,0.0,0.07116024775813398,0.00673311965367411,0.21209326909073445
t3_active,meanrev,2.0,2.0,33124,"{""family"": ""meanrev"", ""min_ddv"": 10000000.0, ""min_price"": 5.0, ""regime"": ""spy200"", ""trend"": true, ""mom_min"": 0.0, ""rsi2_max"": 10.0, ""rsi14_max"": 100.0, ""ret21_max"": 1.0, ""dist_ema20_max"": 0.0, ""dist_ema50_min"": -1.0, ""dist_hh60_min"": -1.0, ""atr_ratio_max"": 10.0, ""vol_ratio_min"": 0.0, ""atr_pct_min"": 0.03, ""atr_pct_max"": 0.045, ""up_close"": false, ""strong_close"": false}",7772,1109.417285881893,0.3894750386001029,0.09406711892291875,1.1389634527208907,15.0,0.0,0.06910627989181767,0.0066238306394466465,0.11128035474270366,10703,2673.918548939083,0.4248341586471083,0.2006782323832443,1.3129824026867896,15.0,0.0,0.07116024775813398,0.014129942048358853,0.23738302641242873
t3_active,meanrev,2.0,3.0,33124,"{""family"": ""meanrev"", ""min_ddv"": 10000000.0, ""min_price"": 5.0, ""regime"": ""spy200"", ""trend"": true, ""mom_min"": 0.0, ""rsi2_max"": 10.0, ""rsi14_max"": 100.0, ""ret21_max"": 1.0, ""dist_ema20_max"": 0.0, ""dist_ema50_min"": -1.0, ""dist_hh60_min"": -1.0, ""atr_ratio_max"": 10.0, ""vol_ratio_min"": 0.0, ""atr_pct_min"": 0.03, ""atr_pct_max"": 0.045, ""up_close"": false, ""strong_close"": false}",7766,1108.5608134532656,0.3101983002832861,0.15993455003551224,1.209221196659724,21.0,0.0,0.06912392465003636,0.011088921164898433,0.13306705397878119,10702,2673.668720054757,0.34881330592412635,0.3163418012313227,1.4364483824477103,21.0,0.0,0.07115948809062828,0.02233984149547583,0.26807809794570997
t3_active,meanrev,2.0,4.0,33124,"{""family"": ""meanrev"", ""min_ddv"": 10000000.0, ""min_price"": 5.0, ""regime"": ""spy200"", ""trend"": true, ""mom_min"": 0.0, ""rsi2_max"": 10.0, ""rsi14_max"": 100.0, ""ret21_max"": 1.0, ""dist_ema20_max"": 0.0, ""dist_ema50_min"": -1.0, ""dist_hh60_min"": -1.0, ""atr_ratio_max"": 10.0, ""vol_ratio_min"": 0.0, ""atr_pct_min"": 0.03, ""atr_pct_max"": 0.045, ""up_close"": false, ""strong_close"": false}",7754,1106.8478685960108,0.25767345885994325,0.202747136225018,1.2462014519950868,24.0,0.0005158627805003869,0.06912392465003636,0.01380941353255075,0.14499884209178288,10693,2671.4202600958247,0.29514635743009443,0.3915904729299959,1.4990020845334282,26.0,0.00018703824932198634,0.07117011980516048,0.027765247238269522,0.2691093193863046
t3_active,meanrev,2.0,6.0,33124,"{""family"": ""meanrev"", ""min_ddv"": 10000000.0, ""min_price"": 5.0, ""regime"": ""spy200"", ""trend"": true, ""mom_min"": 0.0, ""rsi2_max"": 10.0, ""rsi14_max"": 100.0, ""ret21_max"": 1.0, ""dist_ema20_max"": 0.0, ""dist_ema50_min"": -1.0, ""dist_hh60_min"": -1.0, ""atr_ratio_max"": 10.0, ""vol_ratio_min"": 0.0, ""atr_pct_min"": 0.03, ""atr_pct_max"": 0.045, ""up_close"": false, ""strong_close"": false}",7696,1098.5686351192803,0.19984407484407485,0.2991877014573342,1.3369930854922478,27.0,0.0032484407484407486,0.06910627989181767,0.02000061072265894,0.1866723667448168,10637,2657.4298425735797,0.2151922534549215,0.4080580399849709,1.4660073818699295,29.0,0.0009401146939926671,0.07117536423201465,0.029035747899701748,0.25231063692154626
t3_active,meanrev,3.0,0.5,33124,"{""family"": ""meanrev"", ""min_ddv"": 10000000.0, ""min_price"": 5.0, ""regime"": ""spy200"", ""trend"": true, ""mom_min"": 0.0, ""rsi2_max"": 10.0, ""rsi14_max"": 100.0, ""ret21_max"": 1.0, ""dist_ema20_max"": 0.0, ""dist_ema50_min"": -1.0, ""dist_hh60_min"": -1.0, ""atr_ratio_max"": 10.0, ""vol_ratio_min"": 0.0, ""atr_pct_min"": 0.03, ""atr_pct_max"": 0.045, ""up_close"": false, ""strong_close"": false}",7773,1109.560031286664,0.7145246365624598,0.03794758884025394,1.1230752142515952,8.0,0.0,0.10365516364190124,0.003912364328686264,0.1232394763536173,10703,2673.918548939083,0.7412874894889283,0.07609279707770701,1.270075793344276,7.0,0.0,0.10674037163720115,0.008057246269264748,0.29006086569353096
t3_active,meanrev,3.0,1.0,33124,"{""family"": ""meanrev"", ""min_ddv"": 10000000.0, ""min_price"": 5.0, ""regime"": ""spy200"", ""trend"": true, ""mom_min"": 0.0, ""rsi2_max"": 10.0, ""rsi14_max"": 100.0, ""ret21_max"": 1.0, ""dist_ema20_max"": 0.0, ""dist_ema50_min"": -1.0, ""dist_hh60_min"": -1.0, ""atr_ratio_max"": 10.0, ""vol_ratio_min"": 0.0, ""atr_pct_min"": 0.03, ""atr_pct_max"": 0.045, ""up_close"": false, ""strong_close"": false}",7772,1109.417285881893,0.5573854863612969,0.07237843542507294,1.15158886231923,17.0,0.0,0.10365941983772659,0.007526824927699469,0.11157411069295683,10703,2673.918548939083,0.5954405306923293,0.14982524950667173,1.3417033293199452,17.0,0.0,0.10674037163720115,0.015997272978018073,0.2371360464976797
t3_active,meanrev,3.0,2.0,33124,"{""family"": ""meanrev"", ""min_ddv"": 10000000.0, ""min_price"": 5.0, ""regime"": ""spy200"", ""trend"": true, ""mom_min"": 0.0, ""rsi2_max"": 10.0, ""rsi14_max"": 100.0, ""ret21_max"": 1.0, ""dist_ema20_max"": 0.0, ""dist_ema50_min"": -1.0, ""dist_hh60_min"": -1.0, ""atr_ratio_max"": 10.0, ""vol_ratio_min"": 0.0, ""atr_pct_min"": 0.03, ""atr_pct_max"": 0.045, ""up_close"": false, ""strong_close"": false}",7747,1105.8486507626124,0.40970698334839295,0.1766707658057498,1.277432912924695,32.0,0.000258164450755131,0.10366799670238191,0.01820876966053697,0.14339406107672864,10696,2672.169746748802,0.4457741211667913,0.2885434142452559,1.482335804590546,33.0,0.0,0.10675915441432648,0.03070617016462685,0.2344834812571505
t3_active,meanrev,3.0,3.0,33124,"{""family"": ""meanrev"", ""min_ddv"": 10000000.0, ""min_price"": 5.0, ""regime"": ""spy200"", ""trend"": true, ""mom_min"": 0.0, ""rsi2_max"": 10.0, ""rsi14_max"": 100.0, ""ret21_max"": 1.0, ""dist_ema20_max"": 0.0, ""dist_ema50_min"": -1.0, ""dist_hh60_min"": -1.0, ""atr_ratio_max"": 10.0, ""vol_ratio_min"": 0.0, ""atr_pct_min"": 0.03, ""atr_pct_max"": 0.045, ""up_close"": false, ""strong_close"": false}",7683,1096.7129448572546,0.32435246648444616,0.23798135485149363,1.3261098755007366,45.0,0.0018222048678901471,0.10370170534937001,0.02418645386046149,0.13544414161858434,10642,2658.6789869952086,0.3524713399736892,0.3528513466867513,1.5045107144436993,47.0,0.0006577710956587108,0.10674777567247092,0.037779255054617766,0.20256111220773781
t3_active,meanrev,3.0,4.0,33124,"{""family"": ""meanrev"", ""min_ddv"": 10000000.0, ""min_price"": 5.0, ""regime"": ""spy200"", ""trend"": true, ""mom_min"": 0.0, ""rsi2_max"": 10.0, ""rsi14_max"": 100.0, ""ret21_max"": 1.0, ""dist_ema20_max"": 0.0, ""dist_ema50_min"": -1.0, ""dist_hh60_min"": -1.0, ""atr_ratio_max"": 10.0, ""vol_ratio_min"": 0.0, ""atr_pct_min"": 0.03, ""atr_pct_max"": 0.045, ""up_close"": false, ""strong_close"": false}",7598,1084.5795854517012,0.27691497762569095,0.3103276405723721,1.3972911408024846,52.0,0.007370360621216109,0.10367633745771508,0.03134703380101303,0.15191254842029392,10509,2625.4517453798767,0.27985536207060613,0.3343840862047431,1.429518413702631,58.0,0.0019031306499191168,0.10676304634802197,0.03597149300410309,0.15628993512127548
t3_active,meanrev,3.0,6.0,33124,"{""family"": ""meanrev"", ""min_ddv"": 10000000.0, ""min_price"": 5.0, ""regime"": ""spy200"", ""trend"": true, ""mom_min"": 0.0, ""rsi2_max"": 10.0, ""rsi14_max"": 100.0, ""ret21_max"": 1.0, ""dist_ema20_max"": 0.0, ""dist_ema50_min"": -1.0, ""dist_hh60_min"": -1.0, ""atr_ratio_max"": 10.0, ""vol_ratio_min"": 0.0, ""atr_pct_min"": 0.03, ""atr_pct_max"": 0.045, ""up_close"": false, ""strong_close"": false}",7457,1064.4524833789596,0.21496580394260426,0.34758219824635744,1.409944308896731,56.0,0.030307094005632293,0.10368990049409284,0.034672495601474715,0.15602623020663622,10220,2553.251197809719,0.1910958904109589,0.21967431792655018,1.2510987859331504,65.5,0.013992172211350294,0.10688592846340907,0.023602490411389187,0.09080652799496298
t3_active,meanrev,1.0,0.5,10395,"{""family"": ""meanrev"", ""min_ddv"": 10000000.0, ""min_price"": 5.0, ""regime"": ""spy200"", ""trend"": true, ""mom_min"": 0.15, ""rsi2_max"": 100.0, ""rsi14_max"": 100.0, ""ret21_max"": 1.0, ""dist_ema20_max"": 0.0, ""dist_ema50_min"": -1.0, ""dist_hh60_min"": -0.1, ""atr_ratio_max"": 10.0, ""vol_ratio_min"": 0.0, ""atr_pct_min"": 0.03, ""atr_pct_max"": 0.045, ""up_close"": true, ""strong_close"": false}",2654,378.84630426280796,0.6752072343632253,-0.09400817551284488,0.7528898337964307,2.0,0.0,0.03312786655916703,-0.0031907113945041903,-0.402029635707528,3701,924.6167008898015,0.6736017292623615,-0.08931502193407174,0.766654241570077,2.0,0.0,0.034215772538635836,-0.0030841807455248287,-0.3886067739361284
t3_active,meanrev,1.0,1.0,10395,"{""family"": ""meanrev"", ""min_ddv"": 10000000.0, ""min_price"": 5.0, ""regime"": ""spy200"", ""trend"": true, ""mom_min"": 0.15, ""rsi2_max"": 100.0, ""rsi14_max"": 100.0, ""ret21_max"": 1.0, ""dist_ema20_max"": 0.0, ""dist_ema50_min"": -1.0, ""dist_hh60_min"": -0.1, ""atr_ratio_max"": 10.0, ""vol_ratio_min"": 0.0, ""atr_pct_min"": 0.03, ""atr_pct_max"": 0.045, ""up_close"": true, ""strong_close"": false}",2654,378.84630426280796,0.5391861341371514,-0.036979368754509724,0.9317604446909233,3.0,0.0,0.03312786655916703,-0.0011793306623271097,-0.0990637756354772,3701,924.6167008898015,0.5347203458524723,-0.04310177509706043,0.9211514529823881,3.0,0.0,0.034215772538635836,-0.0014201507609942767,-0.11929266392351924
t3_active,meanrev,1.0,2.0,10395,"{""family"": ""meanrev"", ""min_ddv"": 10000000.0, ""min_price"": 5.0, ""regime"": ""spy200"", ""trend"": true, ""mom_min"": 0.15, ""rsi2_max"": 100.0, ""rsi14_max"": 100.0, ""ret21_max"": 1.0, ""dist_ema20_max"": 0.0, ""dist_ema50_min"": -1.0, ""dist_hh60_min"": -0.1, ""atr_ratio_max"": 10.0, ""vol_ratio_min"": 0.0, ""atr_pct_min"": 0.03, ""atr_pct_max"": 0.045, ""up_close"": true, ""strong_close"": false}",2654,378.84630426280796,0.38696307460437074,0.03512793655991,1.0486685375835532,5.0,0.0,0.03312786655916703,0.0014143569894484052,0.07128359226819962,3701,924.6167008898015,0.38503107268305864,0.022069623663158594,1.0302505067067178,4.0,0.0,0.034215772538635836,0.0009338491606550365,0.0588324971212673
t3_active,meanrev,1.0,3.0,10395,"{""family"": ""meanrev"", ""min_ddv"": 10000000.0, ""min_price"": 5.0, ""regime"": ""spy200"", ""trend"": true, ""mom_min"": 0.15, ""rsi2_max"": 100.0, ""rsi14_max"": 100.0, ""ret21_max"": 1.0, ""dist_ema20_max"": 0.0, ""dist_ema50_min"": -1.0, ""dist_hh60_min"": -0.1, ""atr_ratio_max"": 10.0, ""vol_ratio_min"": 0.0, ""atr_pct_min"": 0.03, ""atr_pct_max"": 0.045, ""up_close"": true, ""strong_close"": false}",2654,378.84630426280796,0.3025621703089676,0.07717560747356614,1.0941244656991738,6.0,0.0,0.03312786655916703,0.0029872802954647145,0.125465772409518,3701,924.6167008898015,0.31667116995406647,0.12583050711783655,1.155029426059716,6.0,0.0,0.034215772538635836,0.0045361189516372035,0.19051699596876256
t3_active,meanrev,1.0,4.0,10395,"{""family"": ""meanrev"", ""min_ddv"": 10000000.0, ""min_price"": 5.0, ""regime"": ""spy200"", ""trend"": true, ""mom_min"": 0.15, ""rsi2_max"": 100.0, ""rsi14_max"": 100.0, ""ret21_max"": 1.0, ""dist_ema20_max"": 0.0, ""dist_ema50_min"": -1.0, ""dist_hh60_min"": -0.1, ""atr_ratio_max"": 10.0, ""vol_ratio_min"": 0.0, ""atr_pct_min"": 0.03, ""atr_pct_max"": 0.045, ""up_close"": true, ""strong_close"": false}",2654,378.84630426280796,0.25244913338357194,0.12586055977208083,1.1431564801966545,7.0,0.0,0.03312786655916703,0.004704859049782583,0.169374925792173,3701,924.6167008898015,0.27911375303971897,0.24777429655199748,1.2886711753514208,7.0,0.0,0.034215772538635836,0.008786115714752567,0.31630016573109243
t3_active,meanrev,1.0,6.0,10395,"{""family"": ""meanrev"", ""min_ddv"": 10000000.0, ""min_price"": 5.0, ""regime"": ""spy200"", ""trend"": true, ""mom_min"": 0.15, ""rsi2_max"": 100.0, ""rsi14_max"": 100.0, ""ret21_max"": 1.0, ""dist_ema20_max"": 0.0, ""dist_ema50_min"": -1.0, ""dist_hh60_min"": -0.1, ""atr_ratio_max"": 10.0, ""vol_ratio_min"": 0.0, ""atr_pct_min"": 0.03, ""atr_pct_max"": 0.045, ""up_close"": true, ""strong_close"": false}",2654,378.84630426280796,0.2015825169555388,0.2649810517081345,1.2815146550959746,8.0,0.0,0.03312786655916703,0.009587015755766383,0.30199099630664106,3701,924.6167008898015,0.21642799243447716,0.3576553131955744,1.381879831380522,7.0,0.0,0.034215772538635836,0.012521199407665716,0.45076317867596577
t3_active,meanrev,1.5,0.5,10395,"{""family"": ""meanrev"", ""min_ddv"": 10000000.0, ""min_price"": 5.0, ""regime"": ""spy200"", ""trend"": true, ""mom_min"": 0.15, ""rsi2_max"": 100.0, ""rsi14_max"": 100.0, ""ret21_max"": 1.0, ""dist_ema20_max"": 0.0, ""dist_ema50_min"": -1.0, ""dist_hh60_min"": -0.1, ""atr_ratio_max"": 10.0, ""vol_ratio_min"": 0.0, ""atr_pct_min"": 0.03, ""atr_pct_max"": 0.045, ""up_close"": true, ""strong_close"": false}",2654,378.84630426280796,0.6850037678975132,-0.04272062842264361,0.8800409375943419,3.0,0.0,0.04969179983875061,-0.0020576937612894453,-0.1728462759483134,3701,924.6167008898015,0.7049446095649824,-0.008315251962786752,0.9750125387742397,3.0,0.0,0.05132365880795386,-0.0005013262177147549,-0.04211140228803942
t3_active,meanrev,1.5,1.0,10395,"{""family"": ""meanrev"", ""min_ddv"": 10000000.0, ""min_price"": 5.0, ""regime"": ""spy200"", ""trend"": true, ""mom_min"": 0.15, ""rsi2_max"": 100.0, ""rsi14_max"": 100.0, ""ret21_max"": 1.0, ""dist_ema20_max"": 0.0, ""dist_ema50_min"": -1.0, ""dist_hh60_min"": -0.1, ""atr_ratio_max"": 10.0, ""vol_ratio_min"": 0.0, ""atr_pct_min"": 0.03, ""atr_pct_max"": 0.045, ""up_close"": true, ""strong_close"": false}",2654,378.84630426280796,0.5535041446872645,0.030476131072251972,1.0603217627508097,5.0,0.0,0.04969179983875061,0.0017936622472743845,0.09040057726262898,3701,924.6167008898015,0.5566063226155094,0.03587187651293258,1.071520798453705,5.0,0.0,0.05132365880795386,0.0017781230697081225,0.08961740271328937
t3_active,meanrev,1.5,2.0,10395,"{""family"": ""meanrev"", ""min_ddv"": 10000000.0, ""min_price"": 5.0, ""regime"": ""spy200"", ""trend"": true, ""mom_min"": 0.15, ""rsi2_max"": 100.0, ""rsi14_max"": 100.0, ""ret21_max"": 1.0, ""dist_ema20_max"": 0.0, ""dist_ema50_min"": -1.0, ""dist_hh60_min"": -0.1, ""atr_ratio_max"": 10.0, ""vol_ratio_min"": 0.0, ""atr_pct_min"": 0.03, ""atr_pct_max"": 0.045, ""up_close"": true, ""strong_close"": false}",2654,378.84630426280796,0.3835719668425019,0.06252014506125292,1.0898146847668797,9.0,0.0,0.04969179983875061,0.003527174497487317,0.09876088592964488,3701,924.6167008898015,0.4196163199135369,0.1712514948483181,1.2604537266001123,9.0,0.0,0.05132365880795386,0.008880664466475997,0.24865860506132792
t3_active,meanrev,1.5,3.0,10395,"{""family"": ""meanrev"", ""min_ddv"": 10000000.0, ""min_price"": 5.0, ""regime"": ""spy200"", ""trend"": true, ""mom_min"": 0.15, ""rsi2_max"": 100.0, ""rsi14_max"": 100.0, ""ret21_max"": 1.0, ""dist_ema20_max"": 0.0, ""dist_ema50_min"": -1.0, ""dist_hh60_min"": -0.1, ""atr_ratio_max"": 10.0, ""vol_ratio_min"": 0.0, ""atr_pct_min"": 0.03, ""atr_pct_max"": 0.045, ""up_close"": true, ""strong_close"": false}",2654,378.84630426280796,0.31311228334589297,0.1622191861431546,1.2095082756229256,12.0,0.0,0.04969179983875061,0.008749653924135866,0.1837427324068532,3701,924.6167008898015,0.35449878411240204,0.3213081052101589,1.4382258952071056,12.0,0.0,0.05132365880795386,0.016670852099453536,0.3500878940885242
t3_active,meanrev,1.5,4.0,10395,"{""family"": ""meanrev"", ""min_ddv"": 10000000.0, ""min_price"": 5.0, ""regime"": ""spy200"", ""trend"": true, ""mom_min"": 0.15, ""rsi2_max"": 100.0, ""rsi14_max"": 100.0, ""ret21_max"": 1.0, ""dist_ema20_max"": 0.0, ""dist_ema50_min"": -1.0, ""dist_hh60_min"": -0.1, ""atr_ratio_max"": 10.0, ""vol_ratio_min"": 0.0, ""atr_pct_min"": 0.03, ""atr_pct_max"": 0.045, ""up_close"": true, ""strong_close"": false}",2654,378.84630426280796,0.26601356443104746,0.2318662915662835,1.279854782174181,14.0,0.0,0.04969179983875061,0.0123073865129079,0.2215329572323422,3701,924.6167008898015,0.29505539043501755,0.37202183007260464,1.462821501258113,15.0,0.0,0.05132365880795386,0.019302598348282293,0.32428365225114253
t3_active,meanrev,1.5,6.0,10395,"{""family"": ""meanrev"", ""min_ddv"": 10000000.0, ""min_price"": 5.0, ""regime"": ""spy200"", ""trend"": true, ""mom_min"": 0.15, ""rsi2_max"": 100.0, ""rsi14_max"": 100.0, ""ret21_max"": 1.0, ""dist_ema20_max"": 0.0, ""dist_ema50_min"": -1.0, ""dist_hh60_min"": -0.1, ""atr_ratio_max"": 10.0, ""vol_ratio_min"": 0.0, ""atr_pct_min"": 0.03, ""atr_pct_max"": 0.045, ""up_close"": true, ""strong_close"": false}",2647,377.84708642940944,0.20627125047223271,0.3374274897162237,1.3764856442030495,16.0,0.0,0.04969394797077683,0.01753534055369167,0.27618161372064376,3698,923.8672142368241,0.2366143861546782,0.5457891157559633,1.6276989202779526,17.0,0.0,0.05132277076491847,0.028152000171041823,0.4173120025354435
t3_active,meanrev,2.0,0.5,10395,"{""family"": ""meanrev"", ""min_ddv"": 10000000.0, ""min_price"": 5.0, ""regime"": ""spy200"", ""trend"": true, ""mom_min"": 0.15, ""rsi2_max"": 100.0, ""rsi14_max"": 100.0, ""ret21_max"": 1.0, ""dist_ema20_max"": 0.0, ""dist_ema50_min"": -1.0, ""dist_hh60_min"": -0.1, ""atr_ratio_max"": 10.0, ""vol_ratio_min"": 0.0, ""atr_pct_min"": 0.03, ""atr_pct_max"": 0.045, ""up_close"": true, ""strong_close"": false}",2654,378.84630426280796,0.7038432554634514,0.0053114640611143125,1.0162367298468418,4.0,0.0,0.06625573311833413,0.00041930513680654593,0.026416223618812393,3701,924.6167008898015,0.711159146176709,0.014673197871791879,1.0457905601679292,4.0,0.0,0.06843154507727188,0.0009640750561619226,0.06073672853820112
t3_active,meanrev,2.0,1.0,10395,"{""family"": ""meanrev"", ""min_ddv"": 10000000.0, ""min_price"": 5.0, ""regime"": ""spy200"", ""trend"": true, ""mom_min"": 0.15, ""rsi2_max"": 100.0, ""rsi14_max"": 100.0, ""ret21_max"": 1.0, ""dist_ema20_max"": 0.0, ""dist_ema50_min"": -1.0, ""dist_hh60_min"": -0.1, ""atr_ratio_max"": 10.0, ""vol_ratio_min"": 0.0, ""atr_pct_min"": 0.03, ""atr_pct_max"": 0.045, ""up_close"": true, ""strong_close"": false}",2653,378.70355885803673,0.5567282321899736,0.05674935150258995,1.1159463892079973,8.0,0.0,0.06625381404308879,0.0038653282659776122,0.12175784037829479,3701,924.6167008898015,0.5660632261550932,0.0683807558636153,1.1412887120162452,8.0,0.0,0.06843154507727188,0.004726797308903154,0.14889411523044938
t3_active,meanrev,2.0,2.0,10395,"{""family"": ""meanrev"", ""min_ddv"": 10000000.0, ""min_price"": 5.0, ""regime"": ""spy200"", ""trend"": true, ""mom_min"": 0.15, ""rsi2_max"": 100.0, ""rsi14_max"": 100.0, ""ret21_max"": 1.0, ""dist_ema20_max"": 0.0, ""dist_ema50_min"": -1.0, ""dist_hh60_min"": -0.1, ""atr_ratio_max"": 10.0, ""vol_ratio_min"": 0.0, ""atr_pct_min"": 0.03, ""atr_pct_max"": 0.045, ""up_close"": true, ""strong_close"": false}",2653,378.70355885803673,0.40218620429702223,0.13481277851123988,1.2032673525991753,16.0,0.0,0.06625381404308879,0.009284109099895523,0.14622471832335449,3701,924.6167008898015,0.441772493920562,0.2538137580768464,1.4079838591108502,14.0,0.0,0.06843154507727188,0.01759405076438168,0.3166929137588702
t3_active,meanrev,2.0,3.0,10395,"{""family"": ""meanrev"", ""min_ddv"": 10000000.0, ""min_price"": 5.0, ""regime"": ""spy200"", ""trend"": true, ""mom_min"": 0.15, ""rsi2_max"": 100.0, ""rsi14_max"": 100.0, ""ret21_max"": 1.0, ""dist_ema20_max"": 0.0, ""dist_ema50_min"": -1.0, ""dist_hh60_min"": -0.1, ""atr_ratio_max"": 10.0, ""vol_ratio_min"": 0.0, ""atr_pct_min"": 0.03, ""atr_pct_max"": 0.045, ""up_close"": true, ""strong_close"": false}",2653,378.70355885803673,0.33169996230682247,0.24847114352253824,1.334688369471142,21.0,0.0,0.06625381404308879,0.017105994880217565,0.2052719385626108,3701,924.6167008898015,0.35666036206430696,0.3478302314439083,1.4843802719281105,20.0,0.0,0.06843154507727188,0.024224877226984312,0.3052334530600023
t3_active,meanrev,2.0,4.0,10395,"{""family"": ""meanrev"", ""min_ddv"": 10000000.0, ""min_price"": 5.0, ""regime"": ""spy200"", ""trend"": true, ""mom_min"": 0.15, ""rsi2_max"": 100.0, ""rsi14_max"": 100.0, ""ret21_max"": 1.0, ""dist_ema20_max"": 0.0, ""dist_ema50_min"": -1.0, ""dist_hh60_min"": -0.1, ""atr_ratio_max"": 10.0, ""vol_ratio_min"": 0.0, ""atr_pct_min"": 0.03, ""atr_pct_max"": 0.045, ""up_close"": true, ""strong_close"": false}",2651,378.4180680484943,0.28555262165220674,0.34436240814670344,1.4340502206532224,24.0,0.0,0.06625016297189663,0.023467561670497336,0.24640939754022204,3698,923.8672142368241,0.30746349378042187,0.4526327397080035,1.5854540586691892,24.0,0.0,0.06841915366843845,0.031212564607715924,0.3277319283810172
t3_active,meanrev,2.0,6.0,10395,"{""family"": ""meanrev"", ""min_ddv"": 10000000.0, ""min_price"": 5.0, ""regime"": ""spy200"", ""trend"": true, ""mom_min"": 0.15, ""rsi2_max"": 100.0, ""rsi14_max"": 100.0, ""ret21_max"": 1.0, ""dist_ema20_max"": 0.0, ""dist_ema50_min"": -1.0, ""dist_hh60_min"": -0.1, ""atr_ratio_max"": 10.0, ""vol_ratio_min"": 0.0, ""atr_pct_min"": 0.03, ""atr_pct_max"": 0.045, ""up_close"": true, ""strong_close"": false}",2617,373.56472428627296,0.2296522735957203,0.5058711128706136,1.5925381987049854,27.0,0.00573175391669851,0.06625859729436924,0.034251793377623886,0.31968340485782293,3687,921.1190965092402,0.22945484133441824,0.5106920432952363,1.5933999364529972,31.0,0.0010848928668294006,0.06840913037436619,0.03482224243448738,0.283071132048091
t3_active,meanrev,3.0,0.5,10395,"{""family"": ""meanrev"", ""min_ddv"": 10000000.0, ""min_price"": 5.0, ""regime"": ""spy200"", ""trend"": true, ""mom_min"": 0.15, ""rsi2_max"": 100.0, ""rsi14_max"": 100.0, ""ret21_max"": 1.0, ""dist_ema20_max"": 0.0, ""dist_ema50_min"": -1.0, ""dist_hh60_min"": -0.1, ""atr_ratio_max"": 10.0, ""vol_ratio_min"": 0.0, ""atr_pct_min"": 0.03, ""atr_pct_max"": 0.045, ""up_close"": true, ""strong_close"": false}",2654,378.84630426280796,0.7422758100979653,0.0828954017255075,1.2990086873646487,8.0,0.0,0.09938359967750116,0.008264261996309764,0.26032425288375755,3701,924.6167008898015,0.723318022156174,0.048256973696342804,1.159943370919107,8.0,0.0,0.10264731761590781,0.004826299289979978,0.1520284276343693
t3_active,meanrev,3.0,1.0,10395,"{""family"": ""meanrev"", ""min_ddv"": 10000000.0, ""min_price"": 5.0, ""regime"": ""spy200"", ""trend"": true, ""mom_min"": 0.15, ""rsi2_max"": 100.0, ""rsi14_max"": 100.0, ""ret21_max"": 1.0, ""dist_ema20_max"": 0.0, ""dist_ema50_min"": -1.0, ""dist_hh60_min"": -0.1, ""atr_ratio_max"": 10.0, ""vol_ratio_min"": 0.0, ""atr_pct_min"": 0.03, ""atr_pct_max"": 0.045, ""up_close"": true, ""strong_close"": false}",2653,378.70355885803673,0.5898982284206559,0.13690292227533318,1.3080069513560244,18.0,0.0,0.09938072106463312,0.013850060238673176,0.19390084334142446,3701,924.6167008898015,0.5971359092137261,0.15310767869303407,1.3502943399968077,16.0,0.0,0.10264731761590781,0.015730641049783188,0.24775759653408522
t3_active,meanrev,3.0,2.0,10395,"{""family"": ""meanrev"", ""min_ddv"": 10000000.0, ""min_price"": 5.0, ""regime"": ""spy200"", ""trend"": true, ""mom_min"": 0.15, ""rsi2_max"": 100.0, ""rsi14_max"": 100.0, ""ret21_max"": 1.0, ""dist_ema20_max"": 0.0, ""dist_ema50_min"": -1.0, ""dist_hh60_min"": -0.1, ""atr_ratio_max"": 10.0, ""vol_ratio_min"": 0.0, ""atr_pct_min"": 0.03, ""atr_pct_max"": 0.045, ""up_close"": true, ""strong_close"": false}",2648,377.9898318341807,0.45392749244712993,0.3126788134010605,1.5298415067340756,34.0,0.0,0.09937798276123905,0.0316441088629033,0.23453868921916565,3700,924.3668720054757,0.4602702702702703,0.33149911021007034,1.566401334713158,31.0,0.0,0.10264554152983699,0.03464034928184361,0.2815925167427287
t3_active,meanrev,3.0,3.0,10395,"{""family"": ""meanrev"", ""min_ddv"": 10000000.0, ""min_price"": 5.0, ""regime"": ""spy200"", ""trend"": true, ""mom_min"": 0.15, ""rsi2_max"": 100.0, ""rsi14_max"": 100.0, ""ret21_max"": 1.0, ""dist_ema20_max"": 0.0, ""dist_ema50_min"": -1.0, ""dist_hh60_min"": -0.1, ""atr_ratio_max"": 10.0, ""vol_ratio_min"": 0.0, ""atr_pct_min"": 0.03, ""atr_pct_max"": 0.045, ""up_close"": true, ""strong_close"": false}",2625,374.7066875244427,0.37257142857142855,0.43705103484762486,1.6467596497364891,48.0,0.0,0.09937524445784496,0.04385217622608202,0.2302239251869306,3682,919.8699520876112,0.3652906029331885,0.4029565869229286,1.584685106390218,47.0,0.0,0.10258660180503643,0.041926371276365865,0.22479671407753612
t3_active,meanrev,3.0,4.0,10395,"{""family"": ""meanrev"", ""min_ddv"": 10000000.0, ""min_price"": 5.0, ""regime"": ""spy200"", ""trend"": true, ""mom_min"": 0.15, ""rsi2_max"": 100.0, ""rsi14_max"": 100.0, ""ret21_max"": 1.0, ""dist_ema20_max"": 0.0, ""dist_ema50_min"": -1.0, ""dist_hh60_min"": -0.1, ""atr_ratio_max"": 10.0, ""vol_ratio_min"": 0.0, ""atr_pct_min"": 0.03, ""atr_pct_max"": 0.045, ""up_close"": true, ""strong_close"": false}",2587,369.2823621431365,0.3250869733281794,0.5547904851213837,1.7632111931560066,55.0,0.00889060688055663,0.09937524445784496,0.055696567956843274,0.25519154772953645,3656,913.3744010951403,0.2962253829321663,0.41144021201425024,1.5385362904994373,60.0,0.002735229759299781,0.10256628042374788,0.042345904629278557,0.17785279944296992
t3_active,meanrev,3.0,6.0,10395,"{""family"": ""meanrev"", ""min_ddv"": 10000000.0, ""min_price"": 5.0, ""regime"": ""spy200"", ""trend"": true, ""mom_min"": 0.15, ""rsi2_max"": 100.0, ""rsi14_max"": 100.0, ""ret21_max"": 1.0, ""dist_ema20_max"": 0.0, ""dist_ema50_min"": -1.0, ""dist_hh60_min"": -0.1, ""atr_ratio_max"": 10.0, ""vol_ratio_min"": 0.0, ""atr_pct_min"": 0.03, ""atr_pct_max"": 0.045, ""up_close"": true, ""strong_close"": false}",2492,355.72154868987093,0.24317817014446227,0.5417763730033397,1.6651458005633792,64.0,0.03330658105939005,0.09930175754400382,0.05382966795799734,0.21195431758461453,3534,882.8952772073922,0.20628183361629882,0.3182384955862562,1.3683073037367712,70.0,0.015280135823429542,0.10264554152983699,0.032568324476075654,0.11724596811387235
t4_hot,pullback,1.0,0.5,17316,"{""family"": ""pullback"", ""min_ddv"": 10000000.0, ""min_price"": 5.0, ""regime"": ""spy200"", ""trend"": true, ""mom_min"": 0.0, ""rsi2_max"": 100.0, ""rsi14_max"": 100.0, ""ret21_max"": 1.0, ""dist_ema20_max"": 1.0, ""dist_ema50_min"": -1.0, ""dist_hh60_min"": -1.0, ""atr_ratio_max"": 10.0, ""vol_ratio_min"": 0.0, ""atr_pct_min"": 0.045, ""atr_pct_max"": 0.07, ""up_close"": true, ""strong_close"": true}",2683,382.98592100117327,0.6500186358553858,-0.08723883576524036,0.773536823184699,2.0,0.0,0.05215450261363066,-0.004722059749172114,-0.5949795283956864,6356,1587.9123887748117,0.6609502831969792,-0.06856550109427276,0.8164074012688447,2.0,0.0,0.05332270135506563,-0.0038531335011483224,-0.4854948211446886
t4_hot,pullback,1.0,1.0,17316,"{""family"": ""pullback"", ""min_ddv"": 10000000.0, ""min_price"": 5.0, ""regime"": ""spy200"", ""trend"": true, ""mom_min"": 0.0, ""rsi2_max"": 100.0, ""rsi14_max"": 100.0, ""ret21_max"": 1.0, ""dist_ema20_max"": 1.0, ""dist_ema50_min"": -1.0, ""dist_hh60_min"": -1.0, ""atr_ratio_max"": 10.0, ""vol_ratio_min"": 0.0, ""atr_pct_min"": 0.045, ""atr_pct_max"": 0.07, ""up_close"": true, ""strong_close"": true}",2683,382.98592100117327,0.5117405888930302,-0.052264480399615176,0.9044858892068743,3.0,0.0,0.05215450261363066,-0.003043403265507225,-0.2556458743026069,6356,1587.9123887748117,0.5078665827564506,-0.05143847268230291,0.9055306253483516,3.0,0.0,0.05332270135506563,-0.0029326304949682147,-0.24634096157733001
t4_hot,pullback,1.0,2.0,17316,"{""family"": ""pullback"", ""min_ddv"": 10000000.0, ""min_price"": 5.0, ""regime"": ""spy200"", ""trend"": true, ""mom_min"": 0.0, ""rsi2_max"": 100.0, ""rsi14_max"": 100.0, ""ret21_max"": 1.0, ""dist_ema20_max"": 1.0, ""dist_ema50_min"": -1.0, ""dist_hh60_min"": -1.0, ""atr_ratio_max"": 10.0, ""vol_ratio_min"": 0.0, ""atr_pct_min"": 0.045, ""atr_pct_max"": 0.07, ""up_close"": true, ""strong_close"": true}",2683,382.98592100117327,0.3469996272828923,-0.053122435522174924,0.9281320020386805,5.0,0.0,0.05215450261363066,-0.0031938450769044696,-0.16096979187598529,6356,1587.9123887748117,0.35226557583385776,-0.023248530166427642,0.9677597465372763,5.0,0.0,0.05332270135506563,-0.0014962649617016814,-0.07541175406976473
t4_hot,pullback,1.0,3.0,17316,"{""family"": ""pullback"", ""min_ddv"": 10000000.0, ""min_price"": 5.0, ""regime"": ""spy200"", ""trend"": true, ""mom_min"": 0.0, ""rsi2_max"": 100.0, ""rsi14_max"": 100.0, ""ret21_max"": 1.0, ""dist_ema20_max"": 1.0, ""dist_ema50_min"": -1.0, ""dist_hh60_min"": -1.0, ""atr_ratio_max"": 10.0, ""vol_ratio_min"": 0.0, ""atr_pct_min"": 0.045, ""atr_pct_max"": 0.07, ""up_close"": true, ""strong_close"": true}",2683,382.98592100117327,0.2720834886321282,-0.006551597035887743,0.9920543609520798,7.0,0.0,0.05215450261363066,-0.0008073180631398975,-0.02906345027303631,6356,1587.9123887748117,0.27548772813089994,0.013448117632173746,1.0166643717696073,6.0,0.0,0.05332270135506563,0.000292306518045707,0.012276873757919695
t4_hot,pullback,1.0,4.0,17316,"{""family"": ""pullback"", ""min_ddv"": 10000000.0, ""min_price"": 5.0, ""regime"": ""spy200"", ""trend"": true, ""mom_min"": 0.0, ""rsi2_max"": 100.0, ""rsi14_max"": 100.0, ""ret21_max"": 1.0, ""dist_ema20_max"": 1.0, ""dist_ema50_min"": -1.0, ""dist_hh60_min"": -1.0, ""atr_ratio_max"": 10.0, ""vol_ratio_min"": 0.0, ""atr_pct_min"": 0.045, ""atr_pct_max"": 0.07, ""up_close"": true, ""strong_close"": true}",2683,382.98592100117327,0.22325754752143123,0.009429803651025049,1.0106495064427872,7.0,0.0,0.05215450261363066,-0.0002634182157078079,-0.009483055765481085,6356,1587.9123887748117,0.22718691000629326,0.039922955421362746,1.0462155138448823,7.0,0.0,0.05332270135506563,0.0017891317633663376,0.06440874348118815
t4_hot,pullback,1.0,6.0,17316,"{""family"": ""pullback"", ""min_ddv"": 10000000.0, ""min_price"": 5.0, ""regime"": ""spy200"", ""trend"": true, ""mom_min"": 0.0, ""rsi2_max"": 100.0, ""rsi14_max"": 100.0, ""ret21_max"": 1.0, ""dist_ema20_max"": 1.0, ""dist_ema50_min"": -1.0, ""dist_hh60_min"": -1.0, ""atr_ratio_max"": 10.0, ""vol_ratio_min"": 0.0, ""atr_pct_min"": 0.045, ""atr_pct_max"": 0.07, ""up_close"": true, ""strong_close"": true}",2682,382.84317559640203,0.174496644295302,0.10949968946812433,1.1165194722035143,8.0,0.0,0.05215290401106678,0.005360952046830774,0.16886998947516937,6356,1587.9123887748117,0.17432347388294525,0.1204707612122782,1.130347973199451,8.0,0.0,0.05332270135506563,0.006209364428666478,0.19559497950299407
t4_hot,pullback,1.5,0.5,17316,"{""family"": ""pullback"", ""min_ddv"": 10000000.0, ""min_price"": 5.0, ""regime"": ""spy200"", ""trend"": true, ""mom_min"": 0.0, ""rsi2_max"": 100.0, ""rsi14_max"": 100.0, ""ret21_max"": 1.0, ""dist_ema20_max"": 1.0, ""dist_ema50_min"": -1.0, ""dist_hh60_min"": -1.0, ""atr_ratio_max"": 10.0, ""vol_ratio_min"": 0.0, ""atr_pct_min"": 0.045, ""atr_pct_max"": 0.07, ""up_close"": true, ""strong_close"": true}",2683,382.98592100117327,0.6731270965337309,-0.030777219765009654,0.9129039394114485,3.0,0.0,0.07823175392044598,-0.0026883649572632617,-0.22582265641011398,6356,1587.9123887748117,0.6823473882945249,-0.01643841008623272,0.9521057811773884,3.0,0.0,0.07998405203259848,-0.001601169066542762,-0.134498201589592
t4_hot,pullback,1.5,1.0,17316,"{""family"": ""pullback"", ""min_ddv"": 10000000.0, ""min_price"": 5.0, ""regime"": ""spy200"", ""trend"": true, ""mom_min"": 0.0, ""rsi2_max"": 100.0, ""rsi14_max"": 100.0, ""ret21_max"": 1.0, ""dist_ema20_max"": 1.0, ""dist_ema50_min"": -1.0, ""dist_hh60_min"": -1.0, ""atr_ratio_max"": 10.0, ""vol_ratio_min"": 0.0, ""atr_pct_min"": 0.045, ""atr_pct_max"": 0.07, ""up_close"": true, ""strong_close"": true}",2683,382.98592100117327,0.5109951546775997,-0.034713462563804726,0.9354477363941117,6.0,0.0,0.07823175392044598,-0.003076308746670379,-0.1292049673601559,6356,1587.9123887748117,0.527375707992448,0.008339152887191361,1.0163084463481422,6.0,0.0,0.07998405203259848,0.0004338182417565698,0.018220366153775935
t4_hot,pullback,1.5,2.0,17316,"{""family"": ""pullback"", ""min_ddv"": 10000000.0, ""min_price"": 5.0, ""regime"": ""spy200"", ""trend"": true, ""mom_min"": 0.0, ""rsi2_max"": 100.0, ""rsi14_max"": 100.0, ""ret21_max"": 1.0, ""dist_ema20_max"": 1.0, ""dist_ema50_min"": -1.0, ""dist_hh60_min"": -1.0, ""atr_ratio_max"": 10.0, ""vol_ratio_min"": 0.0, ""atr_pct_min"": 0.045, ""atr_pct_max"": 0.07, ""up_close"": true, ""strong_close"": true}",2683,382.98592100117327,0.36116287737607156,0.019064406333872474,1.0270529211177226,10.0,0.0,0.07823175392044598,0.0010863492912507097,0.027376002139517887,6356,1587.9123887748117,0.3698867212083071,0.05152112299831513,1.0754262497487996,10.0,0.0,0.07998405203259848,0.003579195454388959,0.09019572545060177
t4_hot,pullback,1.5,3.0,17316,"{""family"": ""pullback"", ""min_ddv"": 10000000.0, ""min_price"": 5.0, ""regime"": ""spy200"", ""trend"": true, ""mom_min"": 0.0, ""rsi2_max"": 100.0, ""rsi14_max"": 100.0, ""ret21_max"": 1.0, ""dist_ema20_max"": 1.0, ""dist_ema50_min"": -1.0, ""dist_hh60_min"": -1.0, ""atr_ratio_max"": 10.0, ""vol_ratio_min"": 0.0, ""atr_pct_min"": 0.045, ""atr_pct_max"": 0.07, ""up_close"": true, ""strong_close"": true}",2681,382.7004301916308,0.2823573293547184,0.055169516957414864,1.0695132545757866,13.0,0.0,0.07823297150460265,0.00384210144661398,0.07447765881128637,6356,1587.9123887748117,0.28886091881686593,0.09008690152983125,1.1164816271758986,13.0,0.0,0.07998405203259848,0.006811914525456659,0.13204634310885216
t4_hot,pullback,1.5,4.0,17316,"{""family"": ""pullback"", ""min_ddv"": 10000000.0, ""min_price"": 5.0, ""regime"": ""spy200"", ""trend"": true, ""mom_min"": 0.0, ""rsi2_max"": 100.0, ""rsi14_max"": 100.0, ""ret21_max"": 1.0, ""dist_ema20_max"": 1.0, ""dist_ema50_min"": -1.0, ""dist_hh60_min"": -1.0, ""atr_ratio_max"": 10.0, ""vol_ratio_min"": 0.0, ""atr_pct_min"": 0.045, ""atr_pct_max"": 0.07, ""up_close"": true, ""strong_close"": true}",2680,382.55768478685957,0.2414179104477612,0.12826692673549606,1.1530086585175148,15.0,0.0,0.07823236271252432,0.009863143827753188,0.16570081630625355,6356,1587.9123887748117,0.23914411579609818,0.12799280051862658,1.1547779637941014,15.0,0.0,0.07998405203259848,0.009934045905624146,0.16689197121448565
t4_hot,pullback,1.5,6.0,17316,"{""family"": ""pullback"", ""min_ddv"": 10000000.0, ""min_price"": 5.0, ""regime"": ""spy200"", ""trend"": true, ""mom_min"": 0.0, ""rsi2_max"": 100.0, ""rsi14_max"": 100.0, ""ret21_max"": 1.0, ""dist_ema20_max"": 1.0, ""dist_ema50_min"": -1.0, ""dist_hh60_min"": -1.0, ""atr_ratio_max"": 10.0, ""vol_ratio_min"": 0.0, ""atr_pct_min"": 0.045, ""atr_pct_max"": 0.07, ""up_close"": true, ""strong_close"": true}",2665,380.41650371529136,0.17861163227016885,0.16231400452473513,1.1788793387124255,16.0,0.000375234521575985,0.07823175392044598,0.011900209172786854,0.18742829447139295,6350,1586.413415468857,0.18251968503937008,0.20258422606627854,1.2273861693741728,16.0,0.0,0.07998753332818723,0.015876470656704986,0.25005441284310354
t4_hot,pullback,2.0,0.5,17316,"{""family"": ""pullback"", ""min_ddv"": 10000000.0, ""min_price"": 5.0, ""regime"": ""spy200"", ""trend"": true, ""mom_min"": 0.0, ""rsi2_max"": 100.0, ""rsi14_max"": 100.0, ""ret21_max"": 1.0, ""dist_ema20_max"": 1.0, ""dist_ema50_min"": -1.0, ""dist_hh60_min"": -1.0, ""atr_ratio_max"": 10.0, ""vol_ratio_min"": 0.0, ""atr_pct_min"": 0.045, ""atr_pct_max"": 0.07, ""up_close"": true, ""strong_close"": true}",2683,382.98592100117327,0.683935892657473,-0.009089029962176101,0.9734364879575838,5.0,0.0,0.10430900522726132,-0.001369674110180557,-0.06903157515310007,6356,1587.9123887748117,0.6903713027061045,0.005022024814817161,1.0151934511051108,5.0,0.0,0.10664540271013132,0.0003645994380095128,0.018375811675679442
t4_hot,pullback,2.0,1.0,17316,"{""family"": ""pullback"", ""min_ddv"": 10000000.0, ""min_price"": 5.0, ""regime"": ""spy200"", ""trend"": true, ""mom_min"": 0.0, ""rsi2_max"": 100.0, ""rsi14_max"": 100.0, ""ret21_max"": 1.0, ""dist_ema20_max"": 1.0, ""dist_ema50_min"": -1.0, ""dist_hh60_min"": -1.0, ""atr_ratio_max"": 10.0, ""vol_ratio_min"": 0.0, ""atr_pct_min"": 0.045, ""atr_pct_max"": 0.07, ""up_close"": true, ""strong_close"": true}",2682,382.84317559640203,0.5160328113348247,-0.01446035666171956,0.972529438163663,10.0,0.0,0.10430981695003239,-0.0021042393999077323,-0.05302683287767486,6356,1587.9123887748117,0.5309943360604154,0.0247505119056372,1.0494013652677985,9.0,0.0,0.10664540271013132,0.0022505021080348997,0.0630140590249772
t4_hot,pullback,2.0,2.0,17316,"{""family"": ""pullback"", ""min_ddv"": 10000000.0, ""min_price"": 5.0, ""regime"": ""spy200"", ""trend"": true, ""mom_min"": 0.0, ""rsi2_max"": 100.0, ""rsi14_max"": 100.0, ""ret21_max"": 1.0, ""dist_ema20_max"": 1.0, ""dist_ema50_min"": -1.0, ""dist_hh60_min"": -1.0, ""atr_ratio_max"": 10.0, ""vol_ratio_min"": 0.0, ""atr_pct_min"": 0.045, ""atr_pct_max"": 0.07, ""up_close"": true, ""strong_close"": true}",2680,382.55768478685957,0.36977611940298505,0.05339082208165627,1.077794384982977,17.0,0.0,0.10430580802213356,0.004770841332710879,0.07072070681430244,6356,1587.9123887748117,0.37838263058527377,0.08826179309722632,1.13281362962927,17.0,0.0,0.10664540271013132,0.009058296961196434,0.1342759314247942
t4_hot,pullback,2.0,3.0,17316,"{""family"": ""pullback"", ""min_ddv"": 10000000.0, ""min_price"": 5.0, ""regime"": ""spy200"", ""trend"": true, ""mom_min"": 0.0, ""rsi2_max"": 100.0, ""rsi14_max"": 100.0, ""ret21_max"": 1.0, ""dist_ema20_max"": 1.0, ""dist_ema50_min"": -1.0, ""dist_hh60_min"": -1.0, ""atr_ratio_max"": 10.0, ""vol_ratio_min"": 0.0, ""atr_pct_min"": 0.045, ""atr_pct_max"": 0.07, ""up_close"": true, ""strong_close"": true}",2675,381.8439577630035,0.2960747663551402,0.12295914926631807,1.1606381836569164,22.0,0.0,0.1043026108170058,0.01260065021629587,0.14433472065938904,6353,1587.1629021218343,0.30111758224460883,0.1546499337573051,1.207010410709092,22.0,0.0,0.10664228219500223,0.016307455471308508,0.18679448994407927
t4_hot,pullback,2.0,4.0,17316,"{""family"": ""pullback"", ""min_ddv"": 10000000.0, ""min_price"": 5.0, ""regime"": ""spy200"", ""trend"": true, ""mom_min"": 0.0, ""rsi2_max"": 100.0, ""rsi14_max"": 100.0, ""ret21_max"": 1.0, ""dist_ema20_max"": 1.0, ""dist_ema50_min"": -1.0, ""dist_hh60_min"": -1.0, ""atr_ratio_max"": 10.0, ""vol_ratio_min"": 0.0, ""atr_pct_min"": 0.045, ""atr_pct_max"": 0.07, ""up_close"": true, ""strong_close"": true}",2660,379.70277669143525,0.24360902255639097,0.14829585861906946,1.1803230979342703,24.0,0.0007518796992481203,0.10426763942569933,0.015110261909213595,0.15865775004674273,6352,1586.9130732375086,0.2512594458438287,0.20407055525394674,1.254658264451266,25.0,0.0,0.10664540271013132,0.02179778518625077,0.21972167467740775
t4_hot,pullback,2.0,6.0,17316,"{""family"": ""pullback"", ""min_ddv"": 10000000.0, ""min_price"": 5.0, ""regime"": ""spy200"", ""trend"": true, ""mom_min"": 0.0, ""rsi2_max"": 100.0, ""rsi14_max"": 100.0, ""ret21_max"": 1.0, ""dist_ema20_max"": 1.0, ""dist_ema50_min"": -1.0, ""dist_hh60_min"": -1.0, ""atr_ratio_max"": 10.0, ""vol_ratio_min"": 0.0, ""atr_pct_min"": 0.045, ""atr_pct_max"": 0.07, ""up_close"": true, ""strong_close"": true}",2633,375.8486507626124,0.17318647930117737,0.10818592288745696,1.1192070144741648,26.0,0.0072161033042157235,0.1043026108170058,0.00853763679321738,0.08274940276502998,6310,1576.4202600958247,0.1792393026941363,0.19128230108946928,1.2171866016605897,28.0,0.0009508716323296355,0.1066403452297694,0.01964136163795672,0.17677225474161049
t4_hot,pullback,3.0,0.5,17316,"{""family"": ""pullback"", ""min_ddv"": 10000000.0, ""min_price"": 5.0, ""regime"": ""spy200"", ""trend"": true, ""mom_min"": 0.0, ""rsi2_max"": 100.0, ""rsi14_max"": 100.0, ""ret21_max"": 1.0, ""dist_ema20_max"": 1.0, ""dist_ema50_min"": -1.0, ""dist_hh60_min"": -1.0, ""atr_ratio_max"": 10.0, ""vol_ratio_min"": 0.0, ""atr_pct_min"": 0.045, ""atr_pct_max"": 0.07, ""up_close"": true, ""strong_close"": true}",2677,382.1294485725459,0.6869630183040717,0.00451754577001304,1.013520994421087,10.0,0.0,0.15645391622550853,0.000375461459282616,0.009461628773921923,6356,1587.9123887748117,0.7065764631843927,0.03892280494175421,1.1257969696181442,10.0,0.0,0.15996810406519688,0.006200868898525778,0.1562618962428496
t4_hot,pullback,3.0,1.0,17316,"{""family"": ""pullback"", ""min_ddv"": 10000000.0, ""min_price"": 5.0, ""regime"": ""spy200"", ""trend"": true, ""mom_min"": 0.0, ""rsi2_max"": 100.0, ""rsi14_max"": 100.0, ""ret21_max"": 1.0, ""dist_ema20_max"": 1.0, ""dist_ema50_min"": -1.0, ""dist_hh60_min"": -1.0, ""atr_ratio_max"": 10.0, ""vol_ratio_min"": 0.0, ""atr_pct_min"": 0.045, ""atr_pct_max"": 0.07, ""up_close"": true, ""strong_close"": true}",2671,381.27297614391864,0.5402470984649944,0.049309331870188,1.1005872457873611,20.0,0.0,0.15644924784928166,0.007405326538378291,0.09330711438356647,6356,1587.9123887748117,0.5591567023285084,0.09047720496005202,1.1949332888897541,20.0,0.0,0.15996810406519688,0.014555237911680587,0.1833959976871754
t4_hot,pullback,3.0,2.0,17316,"{""family"": ""pullback"", ""min_ddv"": 10000000.0, ""min_price"": 5.0, ""regime"": ""spy200"", ""trend"": true, ""mom_min"": 0.0, ""rsi2_max"": 100.0, ""rsi14_max"": 100.0, ""ret21_max"": 1.0, ""dist_ema20_max"": 1.0, ""dist_ema50_min"": -1.0, ""dist_hh60_min"": -1.0, ""atr_ratio_max"": 10.0, ""vol_ratio_min"": 0.0, ""atr_pct_min"": 0.045, ""atr_pct_max"": 0.07, ""up_close"": true, ""strong_close"": true}",2653,378.70355885803673,0.37994722955145116,0.0999864034976409,1.1516392927483545,34.0,0.0,0.15642354616101092,0.01568369439495563,0.11624385257437701,6347,1585.6639288158794,0.40223727745391524,0.17277303430482951,1.2744901078253463,36.0,0.0,0.1599634232925032,0.028191503002714474,0.19734052101900132
t4_hot,pullback,3.0,3.0,17316,"{""family"": ""pullback"", ""min_ddv"": 10000000.0, ""min_price"": 5.0, ""regime"": ""spy200"", ""trend"": true, ""mom_min"": 0.0, ""rsi2_max"": 100.0, ""rsi14_max"": 100.0, ""ret21_max"": 1.0, ""dist_ema20_max"": 1.0, ""dist_ema50_min"": -1.0, ""dist_hh60_min"": -1.0, ""atr_ratio_max"": 10.0, ""vol_ratio_min"": 0.0, ""atr_pct_min"": 0.045, ""atr_pct_max"": 0.07, ""up_close"": true, ""strong_close"": true}",2617,373.56472428627296,0.2957585021016431,0.12634269908725598,1.169120875990561,44.0,0.006495987772258311,0.1564051325075652,0.018941170472495647,0.1084812490697478,6300,1573.9219712525667,0.3080952380952381,0.19166557177831947,1.2625305593246787,49.0,0.0006349206349206349,0.15998458457278653,0.03078496534441314,0.15832267891412471
t4_hot,pullback,3.0,4.0,17316,"{""family"": ""pullback"", ""min_ddv"": 10000000.0, ""min_price"": 5.0, ""regime"": ""spy200"", ""trend"": true, ""mom_min"": 0.0, ""rsi2_max"": 100.0, ""rsi14_max"": 100.0, ""ret21_max"": 1.0, ""dist_ema20_max"": 1.0, ""dist_ema50_min"": -1.0, ""dist_hh60_min"": -1.0, ""atr_ratio_max"": 10.0, ""vol_ratio_min"": 0.0, ""atr_pct_min"": 0.045, ""atr_pct_max"": 0.07, ""up_close"": true, ""strong_close"": true}",2588,369.4251075479077,0.23686244204018547,0.09791784579239456,1.1202782194504575,51.0,0.015069551777434312,0.15641636043379428,0.012645611759250438,0.06248419928100217,6237,1558.182751540041,0.2429052429052429,0.16580747784763034,1.2075234281607568,58.0,0.002725669392336059,0.15997734847485823,0.026399953391315706,0.11470324576916478
t4_hot,pullback,3.0,6.0,17316,"{""family"": ""pullback"", ""min_ddv"": 10000000.0, ""min_price"": 5.0, ""regime"": ""spy200"", ""trend"": true, ""mom_min"": 0.0, ""rsi2_max"": 100.0, ""rsi14_max"": 100.0, ""ret21_max"": 1.0, ""dist_ema20_max"": 1.0, ""dist_ema50_min"": -1.0, ""dist_hh60_min"": -1.0, ""atr_ratio_max"": 10.0, ""vol_ratio_min"": 0.0, ""atr_pct_min"": 0.045, ""atr_pct_max"": 0.07, ""up_close"": true, ""strong_close"": true}",2550,364.0007821666015,0.1768627450980392,0.012572338465092531,1.0143170912332502,53.0,0.04549019607843137,0.15640715360707141,0.0002548354181461172,0.0012116702900532366,6083,1519.7091033538672,0.16406378431694887,0.05760905142507372,1.0653585884380694,64.0,0.012000657570277823,0.15989634618200513,0.008667864440953691,0.03412971623625516
t4_hot,pullback,1.0,0.5,19264,"{""family"": ""pullback"", ""min_ddv"": 10000000.0, ""min_price"": 5.0, ""regime"": ""spy200"", ""trend"": true, ""mom_min"": 0.15, ""rsi2_max"": 100.0, ""rsi14_max"": 100.0, ""ret21_max"": 1.0, ""dist_ema20_max"": 1.0, ""dist_ema50_min"": -1.0, ""dist_hh60_min"": -1.0, ""atr_ratio_max"": 10.0, ""vol_ratio_min"": 0.0, ""atr_pct_min"": 0.045, ""atr_pct_max"": 0.07, ""up_close"": true, ""strong_close"": false}",2863,408.68009385999216,0.662242403073699,-0.06594081413285786,0.8223724398866037,2.0,0.0,0.052562067373272785,-0.0037159019066626557,-0.4682036402394946,6931,1731.563997262149,0.6619535420574232,-0.0671033924121058,0.8201881490771208,2.0,0.0,0.053662945545329244,-0.003741860129828082,-0.47147437635833833
t4_hot,pullback,1.0,1.0,19264,"{""family"": ""pullback"", ""min_ddv"": 10000000.0, ""min_price"": 5.0, ""regime"": ""spy200"", ""trend"": true, ""mom_min"": 0.15, ""rsi2_max"": 100.0, ""rsi14_max"": 100.0, ""ret21_max"": 1.0, ""dist_ema20_max"": 1.0, ""dist_ema50_min"": -1.0, ""dist_hh60_min"": -1.0, ""atr_ratio_max"": 10.0, ""vol_ratio_min"": 0.0, ""atr_pct_min"": 0.045, ""atr_pct_max"": 0.07, ""up_close"": true, ""strong_close"": false}",2863,408.68009385999216,0.5211316800558854,-0.03213512410676904,0.9399700690888165,3.0,0.0,0.052562067373272785,-0.0020759734173515904,-0.1743817670575336,6931,1731.563997262149,0.5106045303707979,-0.04573711399214568,0.9156607622273069,3.0,0.0,0.053662945545329244,-0.002641098708012278,-0.22185229147303134
t4_hot,pullback,1.0,2.0,19264,"{""family"": ""pullback"", ""min_ddv"": 10000000.0, ""min_price"": 5.0, ""regime"": ""spy200"", ""trend"": true, ""mom_min"": 0.15, ""rsi2_max"": 100.0, ""rsi14_max"": 100.0, ""ret21_max"": 1.0, ""dist_ema20_max"": 1.0, ""dist_ema50_min"": -1.0, ""dist_hh60_min"": -1.0, ""atr_ratio_max"": 10.0, ""vol_ratio_min"": 0.0, ""atr_pct_min"": 0.045, ""atr_pct_max"": 0.07, ""up_close"": true, ""strong_close"": false}",2863,408.68009385999216,0.3531260915123996,-0.034849663995924256,0.952346760205535,5.0,0.0,0.052562067373272785,-0.0022924385357743844,-0.11553890220302898,6931,1731.563997262149,0.35247439041985285,-0.022201349032740462,0.9692149215202156,5.0,0.0,0.053662945545329244,-0.0014188157278666568,-0.0715083126844795
t4_hot,pullback,1.0,3.0,19264,"{""family"": ""pullback"", ""min_ddv"": 10000000.0, ""min_price"": 5.0, ""regime"": ""spy200"", ""trend"": true, ""mom_min"": 0.15, ""rsi2_max"": 100.0, ""rsi14_max"": 100.0, ""ret21_max"": 1.0, ""dist_ema20_max"": 1.0, ""dist_ema50_min"": -1.0, ""dist_hh60_min"": -1.0, ""atr_ratio_max"": 10.0, ""vol_ratio_min"": 0.0, ""atr_pct_min"": 0.045, ""atr_pct_max"": 0.07, ""up_close"": true, ""strong_close"": false}",2863,408.68009385999216,0.27558505064617533,0.007923539933232384,1.0096623206376192,7.0,0.0,0.052562067373272785,3.115039562445175e-05,0.001121414242480263,6931,1731.563997262149,0.27831481748665415,0.023360529176984536,1.0289541658506711,6.0,0.0,0.053662945545329244,0.0009221999255968854,0.03873239687506919
t4_hot,pullback,1.0,4.0,19264,"{""family"": ""pullback"", ""min_ddv"": 10000000.0, ""min_price"": 5.0, ""regime"": ""spy200"", ""trend"": true, ""mom_min"": 0.15, ""rsi2_max"": 100.0, ""rsi14_max"": 100.0, ""ret21_max"": 1.0, ""dist_ema20_max"": 1.0, ""dist_ema50_min"": -1.0, ""dist_hh60_min"": -1.0, ""atr_ratio_max"": 10.0, ""vol_ratio_min"": 0.0, ""atr_pct_min"": 0.045, ""atr_pct_max"": 0.07, ""up_close"": true, ""strong_close"": false}",2863,408.68009385999216,0.22598672720922108,0.02695500750128466,1.0306499965648865,7.0,0.0,0.052562067373272785,0.000749337904669378,0.02697616456809761,6931,1731.563997262149,0.23257827153368923,0.06501923223793334,1.075609251714771,7.0,0.0,0.053662945545329244,0.003108797002415564,0.1119166920869603
t4_hot,pullback,1.0,6.0,19264,"{""family"": ""pullback"", ""min_ddv"": 10000000.0, ""min_price"": 5.0, ""regime"": ""spy200"", ""trend"": true, ""mom_min"": 0.15, ""rsi2_max"": 100.0, ""rsi14_max"": 100.0, ""ret21_max"": 1.0, ""dist_ema20_max"": 1.0, ""dist_ema50_min"": -1.0, ""dist_hh60_min"": -1.0, ""atr_ratio_max"": 10.0, ""vol_ratio_min"": 0.0, ""atr_pct_min"": 0.045, ""atr_pct_max"": 0.07, ""up_close"": true, ""strong_close"": false}",2862,408.537348455221,0.176450034940601,0.12651009623667878,1.135310828411257,8.0,0.0,0.05255560348558784,0.006546767470146946,0.2062231753096288,6931,1731.563997262149,0.18020487664117732,0.15897044267961816,1.1727675892625864,8.0,0.0,0.053662945545329244,0.00824956593727507,0.2598613270241647
t4_hot,pullback,1.5,0.5,19264,"{""family"": ""pullback"", ""min_ddv"": 10000000.0, ""min_price"": 5.0, ""regime"": ""spy200"", ""trend"": true, ""mom_min"": 0.15, ""rsi2_max"": 100.0, ""rsi14_max"": 100.0, ""ret21_max"": 1.0, ""dist_ema20_max"": 1.0, ""dist_ema50_min"": -1.0, ""dist_hh60_min"": -1.0, ""atr_ratio_max"": 10.0, ""vol_ratio_min"": 0.0, ""atr_pct_min"": 0.045, ""atr_pct_max"": 0.07, ""up_close"": true, ""strong_close"": false}",2863,408.68009385999216,0.681802305274188,-0.017273672192682922,0.9500348401762548,3.0,0.0,0.07884310105990917,-0.001769182139948209,-0.14861129975564955,6931,1731.563997262149,0.6846053960467465,-0.012257206485449673,0.9639985342911725,3.0,0.0,0.0804944183179937,-0.0012309442903678204,-0.1033993203908969
t4_hot,pullback,1.5,1.0,19264,"{""family"": ""pullback"", ""min_ddv"": 10000000.0, ""min_price"": 5.0, ""regime"": ""spy200"", ""trend"": true, ""mom_min"": 0.15, ""rsi2_max"": 100.0, ""rsi14_max"": 100.0, ""ret21_max"": 1.0, ""dist_ema20_max"": 1.0, ""dist_ema50_min"": -1.0, ""dist_hh60_min"": -1.0, ""atr_ratio_max"": 10.0, ""vol_ratio_min"": 0.0, ""atr_pct_min"": 0.045, ""atr_pct_max"": 0.07, ""up_close"": true, ""strong_close"": false}",2863,408.68009385999216,0.5155431365700315,-0.02608450725890279,0.9510912659143886,6.0,0.0,0.07884310105990917,-0.002530615553976158,-0.10628585326699863,6931,1731.563997262149,0.5309479151637571,0.016475439331814827,1.032498018623143,6.0,0.0,0.0804944183179937,0.0010973173961764855,0.046087330639412394
t4_hot,pullback,1.5,2.0,19264,"{""family"": ""pullback"", ""min_ddv"": 10000000.0, ""min_price"": 5.0, ""regime"": ""spy200"", ""trend"": true, ""mom_min"": 0.15, ""rsi2_max"": 100.0, ""rsi14_max"": 100.0, ""ret21_max"": 1.0, ""dist_ema20_max"": 1.0, ""dist_ema50_min"": -1.0, ""dist_hh60_min"": -1.0, ""atr_ratio_max"": 10.0, ""vol_ratio_min"": 0.0, ""atr_pct_min"": 0.045, ""atr_pct_max"": 0.07, ""up_close"": true, ""strong_close"": false}",2863,408.68009385999216,0.3629060426126441,0.024822348200921857,1.0353150298804283,10.0,0.0,0.07884310105990917,0.0016318908547308386,0.041123649539217134,6931,1731.563997262149,0.3751262444091762,0.0681243833399472,1.1004750405265848,10.0,0.0,0.0804944183179937,0.004974431889801082,0.12535568362298727
t4_hot,pullback,1.5,3.0,19264,"{""family"": ""pullback"", ""min_ddv"": 10000000.0, ""min_price"": 5.0, ""regime"": ""spy200"", ""trend"": true, ""mom_min"": 0.15, ""rsi2_max"": 100.0, ""rsi14_max"": 100.0, ""ret21_max"": 1.0, ""dist_ema20_max"": 1.0, ""dist_ema50_min"": -1.0, ""dist_hh60_min"": -1.0, ""atr_ratio_max"": 10.0, ""vol_ratio_min"": 0.0, ""atr_pct_min"": 0.045, ""atr_pct_max"": 0.07, ""up_close"": true, ""strong_close"": false}",2862,408.537348455221,0.283717679944095,0.06124325435981845,1.077361780847742,13.0,0.0,0.07884387491590837,0.0043944623112886876,0.08518496172651917,6931,1731.563997262149,0.29577261578415814,0.11890572940809176,1.155335211541673,13.0,0.0,0.0804944183179937,0.009068167615937215,0.17578294147816756
t4_hot,pullback,1.5,4.0,19264,"{""family"": ""pullback"", ""min_ddv"": 10000000.0, ""min_price"": 5.0, ""regime"": ""spy200"", ""trend"": true, ""mom_min"": 0.15, ""rsi2_max"": 100.0, ""rsi14_max"": 100.0, ""ret21_max"": 1.0, ""dist_ema20_max"": 1.0, ""dist_ema50_min"": -1.0, ""dist_hh60_min"": -1.0, ""atr_ratio_max"": 10.0, ""vol_ratio_min"": 0.0, ""atr_pct_min"": 0.045, ""atr_pct_max"": 0.07, ""up_close"": true, ""strong_close"": false}",2861,408.39460305044975,0.24327158336246069,0.13862894208983326,1.1658933450188884,15.0,0.0,0.07884310105990917,0.010995997454773233,0.18473275724019034,6931,1731.563997262149,0.24787187995960178,0.1712938889686114,1.2094812546776414,15.0,0.0,0.0804944183179937,0.013292536381290358,0.223314611205678
t4_hot,pullback,1.5,6.0,19264,"{""family"": ""pullback"", ""min_ddv"": 10000000.0, ""min_price"": 5.0, ""regime"": ""spy200"", ""trend"": true, ""mom_min"": 0.15, ""rsi2_max"": 100.0, ""rsi14_max"": 100.0, ""ret21_max"": 1.0, ""dist_ema20_max"": 1.0, ""dist_ema50_min"": -1.0, ""dist_hh60_min"": -1.0, ""atr_ratio_max"": 10.0, ""vol_ratio_min"": 0.0, ""atr_pct_min"": 0.045, ""atr_pct_max"": 0.07, ""up_close"": true, ""strong_close"": false}",2849,406.6816581931951,0.1811161811161811,0.1815742371730624,1.2009516610323678,16.0,0.000351000351000351,0.07884310105990917,0.01397358959946561,0.22008403619158337,6925,1730.0650239561944,0.18902527075812275,0.24875366109906816,1.2814899830043613,17.0,0.0,0.0804945860298614,0.019355293949544702,0.28691376913442734
t4_hot,pullback,2.0,0.5,19264,"{""family"": ""pullback"", ""min_ddv"": 10000000.0, ""min_price"": 5.0, ""regime"": ""spy200"", ""trend"": true, ""mom_min"": 0.15, ""rsi2_max"": 100.0, ""rsi14_max"": 100.0, ""ret21_max"": 1.0, ""dist_ema20_max"": 1.0, ""dist_ema50_min"": -1.0, ""dist_hh60_min"": -1.0, ""atr_ratio_max"": 10.0, ""vol_ratio_min"": 0.0, ""atr_pct_min"": 0.045, ""atr_pct_max"": 0.07, ""up_close"": true, ""strong_close"": false}",2863,408.68009385999216,0.6905344044708348,-0.0007949574828139582,0.9976447428214396,5.0,0.0,0.10512413474654557,-0.0005404655816013723,-0.02723946531270916,6931,1731.563997262149,0.6954263454047035,0.013880111303123995,1.042741600869994,5.0,0.0,0.1073258910906583,0.0012845117652790232,0.06473939297006277
t4_hot,pullback,2.0,1.0,19264,"{""family"": ""pullback"", ""min_ddv"": 10000000.0, ""min_price"": 5.0, ""regime"": ""spy200"", ""trend"": true, ""mom_min"": 0.15, ""rsi2_max"": 100.0, ""rsi14_max"": 100.0, ""ret21_max"": 1.0, ""dist_ema20_max"": 1.0, ""dist_ema50_min"": -1.0, ""dist_hh60_min"": -1.0, ""atr_ratio_max"": 10.0, ""vol_ratio_min"": 0.0, ""atr_pct_min"": 0.045, ""atr_pct_max"": 0.07, ""up_close"": true, ""strong_close"": false}",2863,408.68009385999216,0.5197345441844219,-0.00836470000680472,0.984029078520653,10.0,0.0,0.10512413474654557,-0.001574261905737124,-0.039671400024575525,6931,1731.563997262149,0.5391718366758044,0.04291014622573927,1.0873071062623119,9.0,0.0,0.1073258910906583,0.004186641378040755,0.11722595858514112
t4_hot,pullback,2.0,2.0,19264,"{""family"": ""pullback"", ""min_ddv"": 10000000.0, ""min_price"": 5.0, ""regime"": ""spy200"", ""trend"": true, ""mom_min"": 0.15, ""rsi2_max"": 100.0, ""rsi14_max"": 100.0, ""ret21_max"": 1.0, ""dist_ema20_max"": 1.0, ""dist_ema50_min"": -1.0, ""dist_hh60_min"": -1.0, ""atr_ratio_max"": 10.0, ""vol_ratio_min"": 0.0, ""atr_pct_min"": 0.045, ""atr_pct_max"": 0.07, ""up_close"": true, ""strong_close"": false}",2860,408.2518576456785,0.37097902097902097,0.05695447013013197,1.0830419224714658,17.0,0.0,0.10511120697117568,0.005125798158078489,0.07598241975504583,6931,1731.563997262149,0.39070841148463425,0.1257965504927585,1.1930883884148973,17.0,0.0,0.1073258910906583,0.01301734419860651,0.19296298459110825
t4_hot,pullback,2.0,3.0,19264,"{""family"": ""pullback"", ""min_ddv"": 10000000.0, ""min_price"": 5.0, ""regime"": ""spy200"", ""trend"": true, ""mom_min"": 0.15, ""rsi2_max"": 100.0, ""rsi14_max"": 100.0, ""ret21_max"": 1.0, ""dist_ema20_max"": 1.0, ""dist_ema50_min"": -1.0, ""dist_hh60_min"": -1.0, ""atr_ratio_max"": 10.0, ""vol_ratio_min"": 0.0, ""atr_pct_min"": 0.045, ""atr_pct_max"": 0.07, ""up_close"": true, ""strong_close"": false}",2856,407.68087602659364,0.29831932773109243,0.13179261928677785,1.1726023896214959,22.0,0.0,0.10511120697117568,0.013737072000873752,0.15735191564637208,6928,1730.8145106091717,0.31365473441108543,0.20449862580323436,1.2785984110405457,23.0,0.0,0.1073244364541335,0.02153874384237937,0.23598971514259137
t4_hot,pullback,2.0,4.0,19264,"{""family"": ""pullback"", ""min_ddv"": 10000000.0, ""min_price"": 5.0, ""regime"": ""spy200"", ""trend"": true, ""mom_min"": 0.15, ""rsi2_max"": 100.0, ""rsi14_max"": 100.0, ""ret21_max"": 1.0, ""dist_ema20_max"": 1.0, ""dist_ema50_min"": -1.0, ""dist_hh60_min"": -1.0, ""atr_ratio_max"": 10.0, ""vol_ratio_min"": 0.0, ""atr_pct_min"": 0.045, ""atr_pct_max"": 0.07, ""up_close"": true, ""strong_close"": false}",2843,405.82518576456783,0.2451635596201196,0.15707496400545215,1.1914168681383819,24.0,0.0007034822370735139,0.10509273574581655,0.016464185514484093,0.172873947902083,6925,1730.0650239561944,0.2616606498194946,0.25630569120126057,1.32436648571893,26.0,0.0,0.1073258910906583,0.027154708193228558,0.26319178710359986
t4_hot,pullback,2.0,6.0,19264,"{""family"": ""pullback"", ""min_ddv"": 10000000.0, ""min_price"": 5.0, ""regime"": ""spy200"", ""trend"": true, ""mom_min"": 0.15, ""rsi2_max"": 100.0, ""rsi14_max"": 100.0, ""ret21_max"": 1.0, ""dist_ema20_max"": 1.0, ""dist_ema50_min"": -1.0, ""dist_hh60_min"": -1.0, ""atr_ratio_max"": 10.0, ""vol_ratio_min"": 0.0, ""atr_pct_min"": 0.045, ""atr_pct_max"": 0.07, ""up_close"": true, ""strong_close"": false}",2816,401.971059835745,0.1768465909090909,0.12698551188233476,1.140457541001351,26.0,0.00887784090909091,0.10512916808845857,0.010992096326622805,0.10653877978111334,6879,1718.5728952772074,0.18781799680186073,0.25063260591897524,1.287589968780404,30.0,0.0011629597325192615,0.10731625334192174,0.025963868234137412,0.21809649316675425
t4_hot,pullback,3.0,0.5,19264,"{""family"": ""pullback"", ""min_ddv"": 10000000.0, ""min_price"": 5.0, ""regime"": ""spy200"", ""trend"": true, ""mom_min"": 0.15, ""rsi2_max"": 100.0, ""rsi14_max"": 100.0, ""ret21_max"": 1.0, ""dist_ema20_max"": 1.0, ""dist_ema50_min"": -1.0, ""dist_hh60_min"": -1.0, ""atr_ratio_max"": 10.0, ""vol_ratio_min"": 0.0, ""atr_pct_min"": 0.045, ""atr_pct_max"": 0.07, ""up_close"": true, ""strong_close"": false}",2858,407.9663668361361,0.6871938418474458,0.002390448438360289,1.0071148699407877,10.0,0.0,0.15766681045676353,-1.556334136832633e-05,-0.00039219620248182355,6931,1731.563997262149,0.7169239647958447,0.05600726472871503,1.1882485037870874,10.0,0.0,0.16098883663598756,0.00888591102737931,0.22392495788995861
t4_hot,pullback,3.0,1.0,19264,"{""family"": ""pullback"", ""min_ddv"": 10000000.0, ""min_price"": 5.0, ""regime"": ""spy200"", ""trend"": true, ""mom_min"": 0.15, ""rsi2_max"": 100.0, ""rsi14_max"": 100.0, ""ret21_max"": 1.0, ""dist_ema20_max"": 1.0, ""dist_ema50_min"": -1.0, ""dist_hh60_min"": -1.0, ""atr_ratio_max"": 10.0, ""vol_ratio_min"": 0.0, ""atr_pct_min"": 0.045, ""atr_pct_max"": 0.07, ""up_close"": true, ""strong_close"": false}",2853,407.25263981228,0.5411847178408693,0.0502531238882639,1.1024533793647147,20.0,0.0,0.15764638374228554,0.007565781313862031,0.09532884455466159,6931,1731.563997262149,0.5716346847496754,0.1174379345580678,1.2608070059872802,20.0,0.0,0.16098883663598756,0.018857262757771998,0.23760151074792715
t4_hot,pullback,3.0,2.0,19264,"{""family"": ""pullback"", ""min_ddv"": 10000000.0, ""min_price"": 5.0, ""regime"": ""spy200"", ""trend"": true, ""mom_min"": 0.15, ""rsi2_max"": 100.0, ""rsi14_max"": 100.0, ""ret21_max"": 1.0, ""dist_ema20_max"": 1.0, ""dist_ema50_min"": -1.0, ""dist_hh60_min"": -1.0, ""atr_ratio_max"": 10.0, ""vol_ratio_min"": 0.0, ""atr_pct_min"": 0.045, ""atr_pct_max"": 0.07, ""up_close"": true, ""strong_close"": false}",2834,404.5404771216269,0.3832039520112915,0.10851616199230125,1.1650513114355974,33.0,0.00035285815102328866,0.1576427436805052,0.017306433250084984,0.13215821754610352,6916,1727.8165639972622,0.4178716020821284,0.22125062942893706,1.3616422922899627,37.0,0.0,0.16098665468120038,0.03570315536758603,0.24316743655761294
t4_hot,pullback,3.0,3.0,19264,"{""family"": ""pullback"", ""min_ddv"": 10000000.0, ""min_price"": 5.0, ""regime"": ""spy200"", ""trend"": true, ""mom_min"": 0.15, ""rsi2_max"": 100.0, ""rsi14_max"": 100.0, ""ret21_max"": 1.0, ""dist_ema20_max"": 1.0, ""dist_ema50_min"": -1.0, ""dist_hh60_min"": -1.0, ""atr_ratio_max"": 10.0, ""vol_ratio_min"": 0.0, ""atr_pct_min"": 0.045, ""atr_pct_max"": 0.07, ""up_close"": true, ""strong_close"": false}",2804,400.2581149784904,0.3013552068473609,0.1496854769395824,1.2017475294813753,43.0,0.007132667617689016,0.15766681045676353,0.02328441933486026,0.13645752726476246,6865,1715.075290896646,0.32250546249089584,0.2518903530676623,1.3529897925404726,50.0,0.0001456664238892935,0.1609891720597226,0.04002919772356542,0.2017471565267697
t4_hot,pullback,3.0,4.0,19264,"{""family"": ""pullback"", ""min_ddv"": 10000000.0, ""min_price"": 5.0, ""regime"": ""spy200"", ""trend"": true, ""mom_min"": 0.15, ""rsi2_max"": 100.0, ""rsi14_max"": 100.0, ""ret21_max"": 1.0, ""dist_ema20_max"": 1.0, ""dist_ema50_min"": -1.0, ""dist_hh60_min"": -1.0, ""atr_ratio_max"": 10.0, ""vol_ratio_min"": 0.0, ""atr_pct_min"": 0.045, ""atr_pct_max"": 0.07, ""up_close"": true, ""strong_close"": false}",2775,396.1184982401251,0.24144144144144145,0.112333009605025,1.1386096901821243,50.0,0.0190990990990991,0.15768929754381514,0.01576052247505833,0.07943303327429398,6790,1696.3381245722107,0.2572901325478645,0.23836525581804668,1.3046930001731323,58.0,0.003240058910162003,0.16100733774777518,0.03776826983412106,0.16409662065859493
t4_hot,pullback,3.0,6.0,19264,"{""family"": ""pullback"", ""min_ddv"": 10000000.0, ""min_price"": 5.0, ""regime"": ""spy200"", ""trend"": true, ""mom_min"": 0.15, ""rsi2_max"": 100.0, ""rsi14_max"": 100.0, ""ret21_max"": 1.0, ""dist_ema20_max"": 1.0, ""dist_ema50_min"": -1.0, ""dist_hh60_min"": -1.0, ""atr_ratio_max"": 10.0, ""vol_ratio_min"": 0.0, ""atr_pct_min"": 0.045, ""atr_pct_max"": 0.07, ""up_close"": true, ""strong_close"": false}",2739,390.97966366836135,0.18437385907265424,0.04091830636134312,1.046991135876474,53.0,0.05257393209200438,0.15764741879370872,0.005246774884435107,0.024946929639200886,6634,1657.3648186173853,0.17576123002713295,0.1436944892735038,1.165547806203312,66.0,0.011456135061802835,0.1609228405480393,0.022080162134272396,0.08430607360358551
t4_hot,breakout,1.0,0.5,11065,"{""family"": ""breakout"", ""min_ddv"": 10000000.0, ""min_price"": 5.0, ""regime"": ""spy200"", ""trend"": true, ""mom_min"": 0.0, ""rsi2_max"": 100.0, ""rsi14_max"": 100.0, ""ret21_max"": 1.0, ""dist_ema20_max"": 1.0, ""dist_ema50_min"": -1.0, ""dist_hh60_min"": -1.0, ""atr_ratio_max"": 10.0, ""vol_ratio_min"": 0.0, ""atr_pct_min"": 0.045, ""atr_pct_max"": 0.07, ""up_close"": false, ""strong_close"": false}",1156,165.013687915526,0.6288927335640139,-0.12623567071251435,0.6910864495728328,1.0,0.0,0.05002337725093024,-0.00672563272925834,-1.6948594477731016,3902,974.8323066392882,0.627883136852896,-0.1276215573212669,0.6926262590925324,1.0,0.0,0.051260359619622,-0.006741397811185108,-1.6988322484186473
t4_hot,breakout,1.0,1.0,11065,"{""family"": ""breakout"", ""min_ddv"": 10000000.0, ""min_price"": 5.0, ""regime"": ""spy200"", ""trend"": true, ""mom_min"": 0.0, ""rsi2_max"": 100.0, ""rsi14_max"": 100.0, ""ret21_max"": 1.0, ""dist_ema20_max"": 1.0, ""dist_ema50_min"": -1.0, ""dist_hh60_min"": -1.0, ""atr_ratio_max"": 10.0, ""vol_ratio_min"": 0.0, ""atr_pct_min"": 0.045, ""atr_pct_max"": 0.07, ""up_close"": false, ""strong_close"": false}",1156,165.013687915526,0.47837370242214533,-0.12105159472079872,0.7905060199196716,2.0,0.0,0.05002337725093024,-0.006441188300207019,-0.8115897258260844,3902,974.8323066392882,0.4805228088159918,-0.11615606857294479,0.7997980696893567,2.0,0.0,0.051260359619622,-0.006068577694934897,-0.764640789561797
t4_hot,breakout,1.0,2.0,11065,"{""family"": ""breakout"", ""min_ddv"": 10000000.0, ""min_price"": 5.0, ""regime"": ""spy200"", ""trend"": true, ""mom_min"": 0.0, ""rsi2_max"": 100.0, ""rsi14_max"": 100.0, ""ret21_max"": 1.0, ""dist_ema20_max"": 1.0, ""dist_ema50_min"": -1.0, ""dist_hh60_min"": -1.0, ""atr_ratio_max"": 10.0, ""vol_ratio_min"": 0.0, ""atr_pct_min"": 0.045, ""atr_pct_max"": 0.07, ""up_close"": false, ""strong_close"": false}",1156,165.013687915526,0.328719723183391,-0.10474067430631641,0.8597946168365574,3.0,0.0,0.05002337725093024,-0.005537707911163841,-0.46516746453776264,3902,974.8323066392882,0.3223987698616094,-0.12262391098632663,0.8384684481694807,3.0,0.0,0.051260359619622,-0.006337889709303853,-0.5323827355815236
t4_hot,breakout,1.0,3.0,11065,"{""family"": ""breakout"", ""min_ddv"": 10000000.0, ""min_price"": 5.0, ""regime"": ""spy200"", ""trend"": true, ""mom_min"": 0.0, ""rsi2_max"": 100.0, ""rsi14_max"": 100.0, ""ret21_max"": 1.0, ""dist_ema20_max"": 1.0, ""dist_ema50_min"": -1.0, ""dist_hh60_min"": -1.0, ""atr_ratio_max"": 10.0, ""vol_ratio_min"": 0.0, ""atr_pct_min"": 0.045, ""atr_pct_max"": 0.07, ""up_close"": false, ""strong_close"": false}",1156,165.013687915526,0.25346020761245674,-0.08149708608763022,0.9020063285881887,4.0,0.0,0.05002337725093024,-0.004363336800810775,-0.2748902184510788,3902,974.8323066392882,0.25627883136852897,-0.07117821488090467,0.9148209750172208,4.0,0.0,0.051260359619622,-0.0034679104728658652,-0.2184783597905495
t4_hot,breakout,1.0,4.0,11065,"{""family"": ""breakout"", ""min_ddv"": 10000000.0, ""min_price"": 5.0, ""regime"": ""spy200"", ""trend"": true, ""mom_min"": 0.0, ""rsi2_max"": 100.0, ""rsi14_max"": 100.0, ""ret21_max"": 1.0, ""dist_ema20_max"": 1.0, ""dist_ema50_min"": -1.0, ""dist_hh60_min"": -1.0, ""atr_ratio_max"": 10.0, ""vol_ratio_min"": 0.0, ""atr_pct_min"": 0.045, ""atr_pct_max"": 0.07, ""up_close"": false, ""strong_close"": false}",1156,165.013687915526,0.20847750865051903,-0.05414023130408689,0.9386322109407399,5.0,0.0,0.05002337725093024,-0.0029637829687064908,-0.14937466162280713,3902,974.8323066392882,0.21399282419272167,-0.03213682274258445,0.9637560436011116,4.0,0.0,0.051260359619622,-0.001587241367421297,-0.09999620614754172
t4_hot,breakout,1.0,6.0,11065,"{""family"": ""breakout"", ""min_ddv"": 10000000.0, ""min_price"": 5.0, ""regime"": ""spy200"", ""trend"": true, ""mom_min"": 0.0, ""rsi2_max"": 100.0, ""rsi14_max"": 100.0, ""ret21_max"": 1.0, ""dist_ema20_max"": 1.0, ""dist_ema50_min"": -1.0, ""dist_hh60_min"": -1.0, ""atr_ratio_max"": 10.0, ""vol_ratio_min"": 0.0, ""atr_pct_min"": 0.045, ""atr_pct_max"": 0.07, ""up_close"": false, ""strong_close"": false}",1156,165.013687915526,0.15570934256055363,-0.0074923011736731,0.9920326537574184,5.0,0.0,0.05002337725093024,4.974007025689715e-05,0.0025068995409476165,3902,974.8323066392882,0.1652998462327012,0.051591508879732774,1.0545962161938975,5.0,0.0,0.051260359619622,0.0029251271140577476,0.1474264065485105
t4_hot,breakout,1.5,0.5,11065,"{""family"": ""breakout"", ""min_ddv"": 10000000.0, ""min_price"": 5.0, ""regime"": ""spy200"", ""trend"": true, ""mom_min"": 0.0, ""rsi2_max"": 100.0, ""rsi14_max"": 100.0, ""ret21_max"": 1.0, ""dist_ema20_max"": 1.0, ""dist_ema50_min"": -1.0, ""dist_hh60_min"": -1.0, ""atr_ratio_max"": 10.0, ""vol_ratio_min"": 0.0, ""atr_pct_min"": 0.045, ""atr_pct_max"": 0.07, ""up_close"": false, ""strong_close"": false}",1156,165.013687915526,0.6479238754325259,-0.07816702005478281,0.7955796846675395,2.0,0.0,0.07503506587639536,-0.006470286293886221,-0.8152560730296639,3902,974.8323066392882,0.6450538185545874,-0.07714078974955728,0.7996335715307337,2.0,0.0,0.07689053942943302,-0.00614997320830818,-0.7748966242468307
t4_hot,breakout,1.5,1.0,11065,"{""family"": ""breakout"", ""min_ddv"": 10000000.0, ""min_price"": 5.0, ""regime"": ""spy200"", ""trend"": true, ""mom_min"": 0.0, ""rsi2_max"": 100.0, ""rsi14_max"": 100.0, ""ret21_max"": 1.0, ""dist_ema20_max"": 1.0, ""dist_ema50_min"": -1.0, ""dist_hh60_min"": -1.0, ""atr_ratio_max"": 10.0, ""vol_ratio_min"": 0.0, ""atr_pct_min"": 0.045, ""atr_pct_max"": 0.07, ""up_close"": false, ""strong_close"": false}",1156,165.013687915526,0.49740484429065746,-0.061249602658328156,0.8874865840423576,4.0,0.0,0.07503506587639536,-0.005167982072095016,-0.32558287054198604,3902,974.8323066392882,0.49308047155304974,-0.0649056427616764,0.8821015428770451,4.0,0.0,0.07689053942943302,-0.005093697366863151,-0.3209029341123785
t4_hot,breakout,1.5,2.0,11065,"{""family"": ""breakout"", ""min_ddv"": 10000000.0, ""min_price"": 5.0, ""regime"": ""spy200"", ""trend"": true, ""mom_min"": 0.0, ""rsi2_max"": 100.0, ""rsi14_max"": 100.0, ""ret21_max"": 1.0, ""dist_ema20_max"": 1.0, ""dist_ema50_min"": -1.0, ""dist_hh60_min"": -1.0, ""atr_ratio_max"": 10.0, ""vol_ratio_min"": 0.0, ""atr_pct_min"": 0.045, ""atr_pct_max"": 0.07, ""up_close"": false, ""strong_close"": false}",1155,164.8709425107548,0.34285714285714286,-0.03755500571724313,0.9474323861634395,7.0,0.0,0.07503255601402989,-0.003357760621697111,-0.120879382381096,3902,974.8323066392882,0.3495643259866735,-0.011929575722408348,0.9831707904423177,6.0,0.0,0.07689053942943302,-0.0007072455130700393,-0.02970431154894165
t4_hot,breakout,1.5,3.0,11065,"{""family"": ""breakout"", ""min_ddv"": 10000000.0, ""min_price"": 5.0, ""regime"": ""spy200"", ""trend"": true, ""mom_min"": 0.0, ""rsi2_max"": 100.0, ""rsi14_max"": 100.0, ""ret21_max"": 1.0, ""dist_ema20_max"": 1.0, ""dist_ema50_min"": -1.0, ""dist_hh60_min"": -1.0, ""atr_ratio_max"": 10.0, ""vol_ratio_min"": 0.0, ""atr_pct_min"": 0.045, ""atr_pct_max"": 0.07, ""up_close"": false, ""strong_close"": false}",1154,164.72819710598358,0.2720970537261698,0.018903407630165583,1.0238815327835356,9.0,0.0,0.07503506587639536,0.000977844053863195,0.02737963350816946,3902,974.8323066392882,0.278575089697591,0.04720406025192921,1.0598512037092926,8.0,0.0,0.07689053942943302,0.0038721571648173605,0.12197295069174685
t4_hot,breakout,1.5,4.0,11065,"{""family"": ""breakout"", ""min_ddv"": 10000000.0, ""min_price"": 5.0, ""regime"": ""spy200"", ""trend"": true, ""mom_min"": 0.0, ""rsi2_max"": 100.0, ""rsi14_max"": 100.0, ""ret21_max"": 1.0, ""dist_ema20_max"": 1.0, ""dist_ema50_min"": -1.0, ""dist_hh60_min"": -1.0, ""atr_ratio_max"": 10.0, ""vol_ratio_min"": 0.0, ""atr_pct_min"": 0.045, ""atr_pct_max"": 0.07, ""up_close"": false, ""strong_close"": false}",1154,164.72819710598358,0.21923743500866552,0.027297030602017838,1.0321983199906095,10.0,0.0,0.07503506587639536,0.002218320009268473,0.05590166423356552,3902,974.8323066392882,0.23398257303946693,0.09980145062357267,1.1187199845214262,9.0,0.0,0.07689053942943302,0.008149856173061914,0.22819597284573356
t4_hot,breakout,1.5,6.0,11065,"{""family"": ""breakout"", ""min_ddv"": 10000000.0, ""min_price"": 5.0, ""regime"": ""spy200"", ""trend"": true, ""mom_min"": 0.0, ""rsi2_max"": 100.0, ""rsi14_max"": 100.0, ""ret21_max"": 1.0, ""dist_ema20_max"": 1.0, ""dist_ema50_min"": -1.0, ""dist_hh60_min"": -1.0, ""atr_ratio_max"": 10.0, ""vol_ratio_min"": 0.0, ""atr_pct_min"": 0.045, ""atr_pct_max"": 0.07, ""up_close"": false, ""strong_close"": false}",1153,164.58545170121235,0.16131830008673026,0.05817064864083754,1.0639510833261165,10.0,0.0,0.07503255601402989,0.003716832586965934,0.09366418119154155,3902,974.8323066392882,0.18913377754997437,0.24950552600568104,1.2800112757181155,9.0,0.00025627883136852895,0.07689053942943302,0.01991307039144624,0.5575659709604948
t4_hot,breakout,2.0,0.5,11065,"{""family"": ""breakout"", ""min_ddv"": 10000000.0, ""min_price"": 5.0, ""regime"": ""spy200"", ""trend"": true, ""mom_min"": 0.0, ""rsi2_max"": 100.0, ""rsi14_max"": 100.0, ""ret21_max"": 1.0, ""dist_ema20_max"": 1.0, ""dist_ema50_min"": -1.0, ""dist_hh60_min"": -1.0, ""atr_ratio_max"": 10.0, ""vol_ratio_min"": 0.0, ""atr_pct_min"": 0.045, ""atr_pct_max"": 0.07, ""up_close"": false, ""strong_close"": false}",1156,165.013687915526,0.6479238754325259,-0.0636542387891861,0.8294895177785594,3.0,0.0,0.10004675450186049,-0.00667051138310808,-0.5603229561810786,3902,974.8323066392882,0.6601742696053307,-0.041013954147999514,0.8866827222583692,4.0,0.0,0.102520719239244,-0.004374379890123277,-0.2755859330777664
t4_hot,breakout,2.0,1.0,11065,"{""family"": ""breakout"", ""min_ddv"": 10000000.0, ""min_price"": 5.0, ""regime"": ""spy200"", ""trend"": true, ""mom_min"": 0.0, ""rsi2_max"": 100.0, ""rsi14_max"": 100.0, ""ret21_max"": 1.0, ""dist_ema20_max"": 1.0, ""dist_ema50_min"": -1.0, ""dist_hh60_min"": -1.0, ""atr_ratio_max"": 10.0, ""vol_ratio_min"": 0.0, ""atr_pct_min"": 0.045, ""atr_pct_max"": 0.07, ""up_close"": false, ""strong_close"": false}",1156,165.013687915526,0.4913494809688581,-0.057233933743490784,0.8936929916879537,7.0,0.0,0.10004675450186049,-0.006293959373015897,-0.2265825374285723,3902,974.8323066392882,0.5071758072783188,-0.02253435725744227,0.9572490486250688,6.0,0.0,0.102520719239244,-0.0024014883966907746,-0.10086251266101254
t4_hot,breakout,2.0,2.0,11065,"{""family"": ""breakout"", ""min_ddv"": 10000000.0, ""min_price"": 5.0, ""regime"": ""spy200"", ""trend"": true, ""mom_min"": 0.0, ""rsi2_max"": 100.0, ""rsi14_max"": 100.0, ""ret21_max"": 1.0, ""dist_ema20_max"": 1.0, ""dist_ema50_min"": -1.0, ""dist_hh60_min"": -1.0, ""atr_ratio_max"": 10.0, ""vol_ratio_min"": 0.0, ""atr_pct_min"": 0.045, ""atr_pct_max"": 0.07, ""up_close"": false, ""strong_close"": false}",1154,164.72819710598358,0.354419410745234,0.01817584152700252,1.0264722579942245,11.0,0.0,0.10004675450186049,0.0015003333044599704,0.034371272065810234,3902,974.8323066392882,0.3744233726294208,0.07711374014656969,1.1147034693382019,10.0,0.0,0.102520719239244,0.008244701930238366,0.2077664886420068
t4_hot,breakout,2.0,3.0,11065,"{""family"": ""breakout"", ""min_ddv"": 10000000.0, ""min_price"": 5.0, ""regime"": ""spy200"", ""trend"": true, ""mom_min"": 0.0, ""rsi2_max"": 100.0, ""rsi14_max"": 100.0, ""ret21_max"": 1.0, ""dist_ema20_max"": 1.0, ""dist_ema50_min"": -1.0, ""dist_hh60_min"": -1.0, ""atr_ratio_max"": 10.0, ""vol_ratio_min"": 0.0, ""atr_pct_min"": 0.045, ""atr_pct_max"": 0.07, ""up_close"": false, ""strong_close"": false}",1154,164.72819710598358,0.26429809358752165,0.005734319502593363,1.0073024990637707,15.0,0.0,0.10004675450186049,0.001023721900410737,0.017198527926900384,3902,974.8323066392882,0.30317785750896975,0.1614987188927088,1.21474757444481,13.0,0.0,0.102520719239244,0.017008754043648055,0.3297081553076392
t4_hot,breakout,2.0,4.0,11065,"{""family"": ""breakout"", ""min_ddv"": 10000000.0, ""min_price"": 5.0, ""regime"": ""spy200"", ""trend"": true, ""mom_min"": 0.0, ""rsi2_max"": 100.0, ""rsi14_max"": 100.0, ""ret21_max"": 1.0, ""dist_ema20_max"": 1.0, ""dist_ema50_min"": -1.0, ""dist_hh60_min"": -1.0, ""atr_ratio_max"": 10.0, ""vol_ratio_min"": 0.0, ""atr_pct_min"": 0.045, ""atr_pct_max"": 0.07, ""up_close"": false, ""strong_close"": false}",1153,164.58545170121235,0.21509106678230702,0.023629437897350808,1.0282159784621652,16.0,0.0,0.10004340801870651,0.002375976786287168,0.03742163438402289,3902,974.8323066392882,0.265504869297796,0.274671290264721,1.3461677817049522,14.0,0.0,0.102520719239244,0.028811302608849322,0.5186034469592878
t4_hot,breakout,2.0,6.0,11065,"{""family"": ""breakout"", ""min_ddv"": 10000000.0, ""min_price"": 5.0, ""regime"": ""spy200"", ""trend"": true, ""mom_min"": 0.0, ""rsi2_max"": 100.0, ""rsi14_max"": 100.0, ""ret21_max"": 1.0, ""dist_ema20_max"": 1.0, ""dist_ema50_min"": -1.0, ""dist_hh60_min"": -1.0, ""atr_ratio_max"": 10.0, ""vol_ratio_min"": 0.0, ""atr_pct_min"": 0.045, ""atr_pct_max"": 0.07, ""up_close"": false, ""strong_close"": false}",1152,164.44270629644114,0.1597222222222222,0.06657036406791866,1.0741935054595637,17.0,0.0,0.10002800512934452,0.0059358117123331855,0.08798967950046839,3888,971.3347022587269,0.20344650205761317,0.36125115665866175,1.419794335237983,16.0,0.00102880658436214,0.10254065210676687,0.03769114059371367,0.5936354643509903
t4_hot,breakout,3.0,0.5,11065,"{""family"": ""breakout"", ""min_ddv"": 10000000.0, ""min_price"": 5.0, ""regime"": ""spy200"", ""trend"": true, ""mom_min"": 0.0, ""rsi2_max"": 100.0, ""rsi14_max"": 100.0, ""ret21_max"": 1.0, ""dist_ema20_max"": 1.0, ""dist_ema50_min"": -1.0, ""dist_hh60_min"": -1.0, ""atr_ratio_max"": 10.0, ""vol_ratio_min"": 0.0, ""atr_pct_min"": 0.045, ""atr_pct_max"": 0.07, ""up_close"": false, ""strong_close"": false}",1155,164.8709425107548,0.6562770562770562,-0.03752347576889908,0.8955559215230593,7.0,0.0,0.15006511202805958,-0.00600763354651299,-0.21627480767446763,3902,974.8323066392882,0.6878523833931317,0.014728499869364175,1.0452891106851836,7.0,0.0,0.153781078858866,0.0022260533089519933,0.08013791912227176
t4_hot,breakout,3.0,1.0,11065,"{""family"": ""breakout"", ""min_ddv"": 10000000.0, ""min_price"": 5.0, ""regime"": ""spy200"", ""trend"": true, ""mom_min"": 0.0, ""rsi2_max"": 100.0, ""rsi14_max"": 100.0, ""ret21_max"": 1.0, ""dist_ema20_max"": 1.0, ""dist_ema50_min"": -1.0, ""dist_hh60_min"": -1.0, ""atr_ratio_max"": 10.0, ""vol_ratio_min"": 0.0, ""atr_pct_min"": 0.045, ""atr_pct_max"": 0.07, ""up_close"": false, ""strong_close"": false}",1150,164.1572154868987,0.5095652173913043,-0.009879768606912252,0.9808574880161072,14.0,0.0,0.1500051859397537,-0.0018714912606094122,-0.03368684269096942,3902,974.8323066392882,0.5410046130189646,0.059106432856052334,1.123005107138909,13.0,0.0,0.153781078858866,0.009392042066678388,0.18206112313868875
t4_hot,breakout,3.0,2.0,11065,"{""family"": ""breakout"", ""min_ddv"": 10000000.0, ""min_price"": 5.0, ""regime"": ""spy200"", ""trend"": true, ""mom_min"": 0.0, ""rsi2_max"": 100.0, ""rsi14_max"": 100.0, ""ret21_max"": 1.0, ""dist_ema20_max"": 1.0, ""dist_ema50_min"": -1.0, ""dist_hh60_min"": -1.0, ""atr_ratio_max"": 10.0, ""vol_ratio_min"": 0.0, ""atr_pct_min"": 0.045, ""atr_pct_max"": 0.07, ""up_close"": false, ""strong_close"": false}",1149,164.0144700821275,0.350739773716275,0.021104826091918407,1.0309370036751966,24.0,0.0,0.1500189033599738,0.004498485790155162,0.0472341007966292,3901,974.5824777549624,0.4055370417841579,0.18783399435843537,1.3002928508308058,24.0,0.0,0.1537543571175434,0.0296487245206578,0.3113116074669069
t4_hot,breakout,3.0,3.0,11065,"{""family"": ""breakout"", ""min_ddv"": 10000000.0, ""min_price"": 5.0, ""regime"": ""spy200"", ""trend"": true, ""mom_min"": 0.0, ""rsi2_max"": 100.0, ""rsi14_max"": 100.0, ""ret21_max"": 1.0, ""dist_ema20_max"": 1.0, ""dist_ema50_min"": -1.0, ""dist_hh60_min"": -1.0, ""atr_ratio_max"": 10.0, ""vol_ratio_min"": 0.0, ""atr_pct_min"": 0.045, ""atr_pct_max"": 0.07, ""up_close"": false, ""strong_close"": false}",1147,163.72897927258506,0.27550130775937226,0.06713586011389648,1.0881796669235342,31.0,0.0017436791630340018,0.1499914685195336,0.010880930436451216,0.08845143451566795,3897,973.5831622176592,0.3333333333333333,0.30096910890313167,1.4290482899070855,31.0,0.0010264305876315114,0.15374511213687037,0.04746482672468177,0.3858431075683808
t4_hot,breakout,3.0,4.0,11065,"{""family"": ""breakout"", ""min_ddv"": 10000000.0, ""min_price"": 5.0, ""regime"": ""spy200"", ""trend"": true, ""mom_min"": 0.0, ""rsi2_max"": 100.0, ""rsi14_max"": 100.0, ""ret21_max"": 1.0, ""dist_ema20_max"": 1.0, ""dist_ema50_min"": -1.0, ""dist_hh60_min"": -1.0, ""atr_ratio_max"": 10.0, ""vol_ratio_min"": 0.0, ""atr_pct_min"": 0.045, ""atr_pct_max"": 0.07, ""up_close"": false, ""strong_close"": false}",1146,163.58623386781383,0.22949389179755672,0.10350030126943932,1.1275359984574602,34.0,0.0034904013961605585,0.14997519635382678,0.014820465952237518,0.10984580646952513,3868,966.3381245722107,0.27559462254395034,0.338659294273901,1.4448233004005837,34.0,0.0025853154084798345,0.15373056021417802,0.05288927521526589,0.39200286336020596
t4_hot,breakout,3.0,6.0,11065,"{""family"": ""breakout"", ""min_ddv"": 10000000.0, ""min_price"": 5.0, ""regime"": ""spy200"", ""trend"": true, ""mom_min"": 0.0, ""rsi2_max"": 100.0, ""rsi14_max"": 100.0, ""ret21_max"": 1.0, ""dist_ema20_max"": 1.0, ""dist_ema50_min"": -1.0, ""dist_hh60_min"": -1.0, ""atr_ratio_max"": 10.0, ""vol_ratio_min"": 0.0, ""atr_pct_min"": 0.045, ""atr_pct_max"": 0.07, ""up_close"": false, ""strong_close"": false}",1127,160.87407117716074,0.16149068322981366,0.010021519252393118,1.0112984472237572,35.0,0.022182786157941437,0.1499914685195336,-0.00018658794524050197,-0.001343433205731614,3816,953.347022587269,0.20833333333333334,0.36817382259068543,1.4420522551302164,37.0,0.01310272536687631,0.1536331234453669,0.05787927766743219,0.3942048100592679
t4_hot,breakout,1.0,0.5,4222,"{""family"": ""breakout"", ""min_ddv"": 10000000.0, ""min_price"": 5.0, ""regime"": ""spy200"", ""trend"": true, ""mom_min"": 0.15, ""rsi2_max"": 100.0, ""rsi14_max"": 100.0, ""ret21_max"": 1.0, ""dist_ema20_max"": 1.0, ""dist_ema50_min"": -1.0, ""dist_hh60_min"": -1.0, ""atr_ratio_max"": 10.0, ""vol_ratio_min"": 1.3, ""atr_pct_min"": 0.045, ""atr_pct_max"": 0.07, ""up_close"": false, ""strong_close"": false}",483,68.94603050449746,0.6273291925465838,-0.12623208998425747,0.689857229777808,1.0,0.0,0.050139057272010054,-0.006880846226308204,-1.7339732490296675,1357,339.01779603011636,0.6013264554163597,-0.17062719411371366,0.6151165492729016,1.0,0.0,0.0519772909376486,-0.009237715809483198,-2.327904383989766
t4_hot,breakout,1.0,1.0,4222,"{""family"": ""breakout"", ""min_ddv"": 10000000.0, ""min_price"": 5.0, ""regime"": ""spy200"", ""trend"": true, ""mom_min"": 0.15, ""rsi2_max"": 100.0, ""rsi14_max"": 100.0, ""ret21_max"": 1.0, ""dist_ema20_max"": 1.0, ""dist_ema50_min"": -1.0, ""dist_hh60_min"": -1.0, ""atr_ratio_max"": 10.0, ""vol_ratio_min"": 1.3, ""atr_pct_min"": 0.045, ""atr_pct_max"": 0.07, ""up_close"": false, ""strong_close"": false}",483,68.94603050449746,0.4720496894409938,-0.13249192362307655,0.7723676725469681,2.0,0.0,0.050139057272010054,-0.007265793858494491,-0.9154900261703058,1357,339.01779603011636,0.45983787767133383,-0.1604810363606166,0.733629527464823,2.0,0.0,0.0519772909376486,-0.008669218508016104,-1.0923215320100292
t4_hot,breakout,1.0,2.0,4222,"{""family"": ""breakout"", ""min_ddv"": 10000000.0, ""min_price"": 5.0, ""regime"": ""spy200"", ""trend"": true, ""mom_min"": 0.15, ""rsi2_max"": 100.0, ""rsi14_max"": 100.0, ""ret21_max"": 1.0, ""dist_ema20_max"": 1.0, ""dist_ema50_min"": -1.0, ""dist_hh60_min"": -1.0, ""atr_ratio_max"": 10.0, ""vol_ratio_min"": 1.3, ""atr_pct_min"": 0.045, ""atr_pct_max"": 0.07, ""up_close"": false, ""strong_close"": false}",483,68.94603050449746,0.34575569358178054,-0.04657256284432186,0.9355060686726133,3.0,0.0,0.050139057272010054,-0.0026638510240811625,-0.22376348602281762,1357,339.01779603011636,0.313927781871776,-0.15206919328759738,0.802736444557466,3.0,0.0,0.0519772909376486,-0.0081726084983915,-0.6864991138648859
t4_hot,breakout,1.0,3.0,4222,"{""family"": ""breakout"", ""min_ddv"": 10000000.0, ""min_price"": 5.0, ""regime"": ""spy200"", ""trend"": true, ""mom_min"": 0.15, ""rsi2_max"": 100.0, ""rsi14_max"": 100.0, ""ret21_max"": 1.0, ""dist_ema20_max"": 1.0, ""dist_ema50_min"": -1.0, ""dist_hh60_min"": -1.0, ""atr_ratio_max"": 10.0, ""vol_ratio_min"": 1.3, ""atr_pct_min"": 0.045, ""atr_pct_max"": 0.07, ""up_close"": false, ""strong_close"": false}",483,68.94603050449746,0.2670807453416149,-0.020303270881348208,0.9749532584082723,4.0,0.0,0.050139057272010054,-0.0013343220514509975,-0.08406228924141285,1357,339.01779603011636,0.2542372881355932,-0.07106569078024737,0.9150091343151284,3.0,0.0,0.0519772909376486,-0.0036307779952036443,-0.3049853515971061
t4_hot,breakout,1.0,4.0,4222,"{""family"": ""breakout"", ""min_ddv"": 10000000.0, ""min_price"": 5.0, ""regime"": ""spy200"", ""trend"": true, ""mom_min"": 0.15, ""rsi2_max"": 100.0, ""rsi14_max"": 100.0, ""ret21_max"": 1.0, ""dist_ema20_max"": 1.0, ""dist_ema50_min"": -1.0, ""dist_hh60_min"": -1.0, ""atr_ratio_max"": 10.0, ""vol_ratio_min"": 1.3, ""atr_pct_min"": 0.045, ""atr_pct_max"": 0.07, ""up_close"": false, ""strong_close"": false}",483,68.94603050449746,0.21325051759834368,-0.02574140707366814,0.9705149954948495,4.0,0.0,0.050139057272010054,-0.0017610788611819356,-0.11094796825446195,1357,339.01779603011636,0.21665438467207074,-0.020962914661717246,0.9764205845544442,3.0,0.0,0.0519772909376486,-0.001259608767738158,-0.10580713649000527
t4_hot,breakout,1.0,6.0,4222,"{""family"": ""breakout"", ""min_ddv"": 10000000.0, ""min_price"": 5.0, ""regime"": ""spy200"", ""trend"": true, ""mom_min"": 0.15, ""rsi2_max"": 100.0, ""rsi14_max"": 100.0, ""ret21_max"": 1.0, ""dist_ema20_max"": 1.0, ""dist_ema50_min"": -1.0, ""dist_hh60_min"": -1.0, ""atr_ratio_max"": 10.0, ""vol_ratio_min"": 1.3, ""atr_pct_min"": 0.045, ""atr_pct_max"": 0.07, ""up_close"": false, ""strong_close"": false}",483,68.94603050449746,0.14699792960662525,-0.057685600830820756,0.9390334496149666,5.0,0.0,0.050139057272010054,-0.0022944062037127777,-0.115638072667124,1357,339.01779603011636,0.1658069270449521,0.05212083655347764,1.0547057292975963,4.0,0.0,0.0519772909376486,0.0030031386236827554,0.1891977332920136
t4_hot,breakout,1.5,0.5,4222,"{""family"": ""breakout"", ""min_ddv"": 10000000.0, ""min_price"": 5.0, ""regime"": ""spy200"", ""trend"": true, ""mom_min"": 0.15, ""rsi2_max"": 100.0, ""rsi14_max"": 100.0, ""ret21_max"": 1.0, ""dist_ema20_max"": 1.0, ""dist_ema50_min"": -1.0, ""dist_hh60_min"": -1.0, ""atr_ratio_max"": 10.0, ""vol_ratio_min"": 1.3, ""atr_pct_min"": 0.045, ""atr_pct_max"": 0.07, ""up_close"": false, ""strong_close"": false}",483,68.94603050449746,0.6356107660455487,-0.0958155912261408,0.7561051150216067,2.0,0.0,0.07520858590801499,-0.008030847167671239,-1.0118867431265761,1357,339.01779603011636,0.6293294030950627,-0.10348826915134077,0.7424250474282681,2.0,0.0,0.0779659364064729,-0.00855437630275102,-1.0778514141466284
t4_hot,breakout,1.5,1.0,4222,"{""family"": ""breakout"", ""min_ddv"": 10000000.0, ""min_price"": 5.0, ""regime"": ""spy200"", ""trend"": true, ""mom_min"": 0.15, ""rsi2_max"": 100.0, ""rsi14_max"": 100.0, ""ret21_max"": 1.0, ""dist_ema20_max"": 1.0, ""dist_ema50_min"": -1.0, ""dist_hh60_min"": -1.0, ""atr_ratio_max"": 10.0, ""vol_ratio_min"": 1.3, ""atr_pct_min"": 0.045, ""atr_pct_max"": 0.07, ""up_close"": false, ""strong_close"": false}",483,68.94603050449746,0.5072463768115942,-0.03726701708369001,0.9297694452344382,4.0,0.0,0.07520858590801499,-0.0036159408342279166,-0.22780427255635874,1357,339.01779603011636,0.4885777450257922,-0.07580734913269775,0.8639557470653805,3.0,0.0,0.0779659364064729,-0.006176050990222823,-0.5187882831787171
t4_hot,breakout,1.5,2.0,4222,"{""family"": ""breakout"", ""min_ddv"": 10000000.0, ""min_price"": 5.0, ""regime"": ""spy200"", ""trend"": true, ""mom_min"": 0.15, ""rsi2_max"": 100.0, ""rsi14_max"": 100.0, ""ret21_max"": 1.0, ""dist_ema20_max"": 1.0, ""dist_ema50_min"": -1.0, ""dist_hh60_min"": -1.0, ""atr_ratio_max"": 10.0, ""vol_ratio_min"": 1.3, ""atr_pct_min"": 0.045, ""atr_pct_max"": 0.07, ""up_close"": false, ""strong_close"": false}",483,68.94603050449746,0.34782608695652173,-0.01810221551876579,0.9743366535826972,7.0,0.0,0.07520858590801499,-0.0021535540215889206,-0.07752794477720114,1357,339.01779603011636,0.3470891672807664,-0.013164620195670957,0.9814862135262853,6.0,0.0,0.0779659364064729,-0.0011651991726321727,-0.04893836525055125
t4_hot,breakout,1.5,3.0,4222,"{""family"": ""breakout"", ""min_ddv"": 10000000.0, ""min_price"": 5.0, ""regime"": ""spy200"", ""trend"": true, ""mom_min"": 0.15, ""rsi2_max"": 100.0, ""rsi14_max"": 100.0, ""ret21_max"": 1.0, ""dist_ema20_max"": 1.0, ""dist_ema50_min"": -1.0, ""dist_hh60_min"": -1.0, ""atr_ratio_max"": 10.0, ""vol_ratio_min"": 1.3, ""atr_pct_min"": 0.045, ""atr_pct_max"": 0.07, ""up_close"": false, ""strong_close"": false}",483,68.94603050449746,0.2608695652173913,-0.021119069033978248,0.9736478516029206,9.0,0.0,0.07520858590801499,-0.0024484331759201464,-0.0685561289257641,1357,339.01779603011636,0.2866617538688283,0.07886356864179206,1.100678930270274,7.0,0.0,0.0779659364064729,0.005899893693162526,0.21239617295385096
t4_hot,breakout,1.5,4.0,4222,"{""family"": ""breakout"", ""min_ddv"": 10000000.0, ""min_price"": 5.0, ""regime"": ""spy200"", ""trend"": true, ""mom_min"": 0.15, ""rsi2_max"": 100.0, ""rsi14_max"": 100.0, ""ret21_max"": 1.0, ""dist_ema20_max"": 1.0, ""dist_ema50_min"": -1.0, ""dist_hh60_min"": -1.0, ""atr_ratio_max"": 10.0, ""vol_ratio_min"": 1.3, ""atr_pct_min"": 0.045, ""atr_pct_max"": 0.07, ""up_close"": false, ""strong_close"": false}",483,68.94603050449746,0.20910973084886128,-0.01700923657166901,0.9801439309745913,10.0,0.0,0.07520858590801499,-0.0014129196082926538,-0.03560557412897487,1357,339.01779603011636,0.2328666175386883,0.08909371601746875,1.1047174030608953,7.0,0.0,0.0779659364064729,0.006950489035689646,0.2502176052848273
t4_hot,breakout,1.5,6.0,4222,"{""family"": ""breakout"", ""min_ddv"": 10000000.0, ""min_price"": 5.0, ""regime"": ""spy200"", ""trend"": true, ""mom_min"": 0.15, ""rsi2_max"": 100.0, ""rsi14_max"": 100.0, ""ret21_max"": 1.0, ""dist_ema20_max"": 1.0, ""dist_ema50_min"": -1.0, ""dist_hh60_min"": -1.0, ""atr_ratio_max"": 10.0, ""vol_ratio_min"": 1.3, ""atr_pct_min"": 0.045, ""atr_pct_max"": 0.07, ""up_close"": false, ""strong_close"": false}",483,68.94603050449746,0.15734989648033126,0.032841765117640226,1.0360420189736825,10.0,0.0,0.07520858590801499,0.0012599880462427506,0.03175169876531732,1357,339.01779603011636,0.18201915991156964,0.1951134887929555,1.214546006899712,8.0,0.0,0.0779659364064729,0.015417982422632507,0.485666446312924
t4_hot,breakout,2.0,0.5,4222,"{""family"": ""breakout"", ""min_ddv"": 10000000.0, ""min_price"": 5.0, ""regime"": ""spy200"", ""trend"": true, ""mom_min"": 0.15, ""rsi2_max"": 100.0, ""rsi14_max"": 100.0, ""ret21_max"": 1.0, ""dist_ema20_max"": 1.0, ""dist_ema50_min"": -1.0, ""dist_hh60_min"": -1.0, ""atr_ratio_max"": 10.0, ""vol_ratio_min"": 1.3, ""atr_pct_min"": 0.045, ""atr_pct_max"": 0.07, ""up_close"": false, ""strong_close"": false}",483,68.94603050449746,0.6376811594202898,-0.07750310856739079,0.7968994594642616,3.0,0.0,0.10027811454402011,-0.008505644744129966,-0.7144741585069171,1357,339.01779603011636,0.6389093588798821,-0.07641098929080897,0.8013285228788882,3.0,0.0,0.103954581875297,-0.008457597639703003,-0.7104382017350522
t4_hot,breakout,2.0,1.0,4222,"{""family"": ""breakout"", ""min_ddv"": 10000000.0, ""min_price"": 5.0, ""regime"": ""spy200"", ""trend"": true, ""mom_min"": 0.15, ""rsi2_max"": 100.0, ""rsi14_max"": 100.0, ""ret21_max"": 1.0, ""dist_ema20_max"": 1.0, ""dist_ema50_min"": -1.0, ""dist_hh60_min"": -1.0, ""atr_ratio_max"": 10.0, ""vol_ratio_min"": 1.3, ""atr_pct_min"": 0.045, ""atr_pct_max"": 0.07, ""up_close"": false, ""strong_close"": false}",483,68.94603050449746,0.5010351966873706,-0.03491262720090362,0.9336827460194651,6.0,0.0,0.10027811454402011,-0.004452727701094684,-0.18701456344597675,1357,339.01779603011636,0.4922623434045689,-0.05569109301911046,0.8978485942019746,6.0,0.0,0.103954581875297,-0.006526562864503344,-0.27411564030914043
t4_hot,breakout,2.0,2.0,4222,"{""family"": ""breakout"", ""min_ddv"": 10000000.0, ""min_price"": 5.0, ""regime"": ""spy200"", ""trend"": true, ""mom_min"": 0.15, ""rsi2_max"": 100.0, ""rsi14_max"": 100.0, ""ret21_max"": 1.0, ""dist_ema20_max"": 1.0, ""dist_ema50_min"": -1.0, ""dist_hh60_min"": -1.0, ""atr_ratio_max"": 10.0, ""vol_ratio_min"": 1.3, ""atr_pct_min"": 0.045, ""atr_pct_max"": 0.07, ""up_close"": false, ""strong_close"": false}",483,68.94603050449746,0.34782608695652173,-0.0006594758043947546,0.9990499078125543,11.0,0.0,0.10027811454402011,-0.0005240820760301354,-0.012006243923599464,1357,339.01779603011636,0.37214443625644805,0.06868832545580453,1.1013617676386016,9.0,0.0,0.103954581875297,0.0066492050866462,0.1861777424260936
t4_hot,breakout,2.0,3.0,4222,"{""family"": ""breakout"", ""min_ddv"": 10000000.0, ""min_price"": 5.0, ""regime"": ""spy200"", ""trend"": true, ""mom_min"": 0.15, ""rsi2_max"": 100.0, ""rsi14_max"": 100.0, ""ret21_max"": 1.0, ""dist_ema20_max"": 1.0, ""dist_ema50_min"": -1.0, ""dist_hh60_min"": -1.0, ""atr_ratio_max"": 10.0, ""vol_ratio_min"": 1.3, ""atr_pct_min"": 0.045, ""atr_pct_max"": 0.07, ""up_close"": false, ""strong_close"": false}",483,68.94603050449746,0.2484472049689441,-0.060975396547411256,0.9245165845381756,14.0,0.0,0.10027811454402011,-0.005693964603675086,-0.10249136286615154,1357,339.01779603011636,0.2955047899778924,0.12720482078669657,1.1661608913719654,11.0,0.0,0.103954581875297,0.012767851044232783,0.29249986028606006
t4_hot,breakout,2.0,4.0,4222,"{""family"": ""breakout"", ""min_ddv"": 10000000.0, ""min_price"": 5.0, ""regime"": ""spy200"", ""trend"": true, ""mom_min"": 0.15, ""rsi2_max"": 100.0, ""rsi14_max"": 100.0, ""ret21_max"": 1.0, ""dist_ema20_max"": 1.0, ""dist_ema50_min"": -1.0, ""dist_hh60_min"": -1.0, ""atr_ratio_max"": 10.0, ""vol_ratio_min"": 1.3, ""atr_pct_min"": 0.045, ""atr_pct_max"": 0.07, ""up_close"": false, ""strong_close"": false}",483,68.94603050449746,0.2028985507246377,-0.04314361571940974,0.9495818898426297,16.0,0.0,0.10027811454402011,-0.004794683882537926,-0.07551627114997234,1357,339.01779603011636,0.2571849668386146,0.22686044103955422,1.2799072598444294,12.0,0.0,0.103954581875297,0.022928963378476618,0.481508230948009
t4_hot,breakout,2.0,6.0,4222,"{""family"": ""breakout"", ""min_ddv"": 10000000.0, ""min_price"": 5.0, ""regime"": ""spy200"", ""trend"": true, ""mom_min"": 0.15, ""rsi2_max"": 100.0, ""rsi14_max"": 100.0, ""ret21_max"": 1.0, ""dist_ema20_max"": 1.0, ""dist_ema50_min"": -1.0, ""dist_hh60_min"": -1.0, ""atr_ratio_max"": 10.0, ""vol_ratio_min"": 1.3, ""atr_pct_min"": 0.045, ""atr_pct_max"": 0.07, ""up_close"": false, ""strong_close"": false}",483,68.94603050449746,0.14699792960662525,-0.029340365545390212,0.9680668175291278,17.0,0.0,0.10027811454402011,-0.004320858740941299,-0.06405037663042397,1350,337.26899383983573,0.1925925925925926,0.2797259446373364,1.3176439340585708,14.0,0.0014814814814814814,0.10396937443152106,0.0287541805301553,0.5175752495427954
t4_hot,breakout,3.0,0.5,4222,"{""family"": ""breakout"", ""min_ddv"": 10000000.0, ""min_price"": 5.0, ""regime"": ""spy200"", ""trend"": true, ""mom_min"": 0.15, ""rsi2_max"": 100.0, ""rsi14_max"": 100.0, ""ret21_max"": 1.0, ""dist_ema20_max"": 1.0, ""dist_ema50_min"": -1.0, ""dist_hh60_min"": -1.0, ""atr_ratio_max"": 10.0, ""vol_ratio_min"": 1.3, ""atr_pct_min"": 0.045, ""atr_pct_max"": 0.07, ""up_close"": false, ""strong_close"": false}",483,68.94603050449746,0.6583850931677019,-0.03263158125899961,0.907720488475841,7.0,0.0,0.15041717181602998,-0.0053763331898092044,-0.19354799483313137,1357,339.01779603011636,0.6823876197494473,0.006001784198355162,1.0181424215614547,6.0,0.0,0.1559318728129456,0.0003513154758047999,0.014755249983801596
t4_hot,breakout,3.0,1.0,4222,"{""family"": ""breakout"", ""min_ddv"": 10000000.0, ""min_price"": 5.0, ""regime"": ""spy200"", ""trend"": true, ""mom_min"": 0.15, ""rsi2_max"": 100.0, ""rsi14_max"": 100.0, ""ret21_max"": 1.0, ""dist_ema20_max"": 1.0, ""dist_ema50_min"": -1.0, ""dist_hh60_min"": -1.0, ""atr_ratio_max"": 10.0, ""vol_ratio_min"": 1.3, ""atr_pct_min"": 0.045, ""atr_pct_max"": 0.07, ""up_close"": false, ""strong_close"": false}",481,68.66053969495502,0.5114345114345115,-0.00665940074336795,0.9870004644082938,14.0,0.0,0.15031669081565677,-0.0017112367550901986,-0.030802261591623574,1357,339.01779603011636,0.5357406042741342,0.051210824570027964,1.1055548595560163,12.0,0.0,0.1559318728129456,0.00786908239778518,0.16525073035348878
t4_hot,breakout,3.0,2.0,4222,"{""family"": ""breakout"", ""min_ddv"": 10000000.0, ""min_price"": 5.0, ""regime"": ""spy200"", ""trend"": true, ""mom_min"": 0.15, ""rsi2_max"": 100.0, ""rsi14_max"": 100.0, ""ret21_max"": 1.0, ""dist_ema20_max"": 1.0, ""dist_ema50_min"": -1.0, ""dist_hh60_min"": -1.0, ""atr_ratio_max"": 10.0, ""vol_ratio_min"": 1.3, ""atr_pct_min"": 0.045, ""atr_pct_max"": 0.07, ""up_close"": false, ""strong_close"": false}",481,68.66053969495502,0.3492723492723493,0.016908902159884054,1.024693699428793,26.0,0.0,0.15031669081565677,0.00476506144110415,0.046184441659932525,1356,338.7679671457905,0.39085545722713866,0.14322330392813581,1.2230916563147525,22.0,0.0,0.1559312281655344,0.02216503997288758,0.25389045787125775
t4_hot,breakout,3.0,3.0,4222,"{""family"": ""breakout"", ""min_ddv"": 10000000.0, ""min_price"": 5.0, ""regime"": ""spy200"", ""trend"": true, ""mom_min"": 0.15, ""rsi2_max"": 100.0, ""rsi14_max"": 100.0, ""ret21_max"": 1.0, ""dist_ema20_max"": 1.0, ""dist_ema50_min"": -1.0, ""dist_hh60_min"": -1.0, ""atr_ratio_max"": 10.0, ""vol_ratio_min"": 1.3, ""atr_pct_min"": 0.045, ""atr_pct_max"": 0.07, ""up_close"": false, ""strong_close"": false}",480,68.5177942901838,0.2791666666666667,0.07444482968769028,1.0976596486969215,33.0,0.0,0.1503669313158434,0.012026792189486473,0.09184095853789671,1355,338.51813826146474,0.31439114391143913,0.22310286300759036,1.3079560302118183,29.0,0.0007380073800738007,0.15593058351812322,0.034434716099675265,0.2992258088661437
t4_hot,breakout,3.0,4.0,4222,"{""family"": ""breakout"", ""min_ddv"": 10000000.0, ""min_price"": 5.0, ""regime"": ""spy200"", ""trend"": true, ""mom_min"": 0.15, ""rsi2_max"": 100.0, ""rsi14_max"": 100.0, ""ret21_max"": 1.0, ""dist_ema20_max"": 1.0, ""dist_ema50_min"": -1.0, ""dist_hh60_min"": -1.0, ""atr_ratio_max"": 10.0, ""vol_ratio_min"": 1.3, ""atr_pct_min"": 0.045, ""atr_pct_max"": 0.07, ""up_close"": false, ""strong_close"": false}",480,68.5177942901838,0.22291666666666668,0.06519998245043425,1.0790704701342362,35.0,0.0020833333333333333,0.1503669313158434,0.007777103452436211,0.05599514485754072,1338,334.2710472279261,0.257847533632287,0.2439372944973904,1.3116073198367102,32.5,0.0037369207772795215,0.15570757983913894,0.0375175552541269,0.29090535150892244
t4_hot,breakout,3.0,6.0,4222,"{""family"": ""breakout"", ""min_ddv"": 10000000.0, ""min_price"": 5.0, ""regime"": ""spy200"", ""trend"": true, ""mom_min"": 0.15, ""rsi2_max"": 100.0, ""rsi14_max"": 100.0, ""ret21_max"": 1.0, ""dist_ema20_max"": 1.0, ""dist_ema50_min"": -1.0, ""dist_hh60_min"": -1.0, ""atr_ratio_max"": 10.0, ""vol_ratio_min"": 1.3, ""atr_pct_min"": 0.045, ""atr_pct_max"": 0.07, ""up_close"": false, ""strong_close"": false}",474,67.66132186155652,0.1518987341772152,-0.06601209409541547,0.9273298302483172,36.5,0.02109704641350211,0.150536722374257,-0.014464733590677193,-0.09986610588631925,1323,330.523613963039,0.1889644746787604,0.2228202645200999,1.2602151452691182,35.0,0.015873015873015872,0.1557271612721502,0.034798558638136606,0.2505496221945836
t4_hot,meanrev,1.0,0.5,15451,"{""family"": ""meanrev"", ""min_ddv"": 10000000.0, ""min_price"": 5.0, ""regime"": ""spy200"", ""trend"": true, ""mom_min"": 0.0, ""rsi2_max"": 10.0, ""rsi14_max"": 100.0, ""ret21_max"": 1.0, ""dist_ema20_max"": 0.0, ""dist_ema50_min"": -1.0, ""dist_hh60_min"": -1.0, ""atr_ratio_max"": 10.0, ""vol_ratio_min"": 0.0, ""atr_pct_min"": 0.045, ""atr_pct_max"": 0.07, ""up_close"": false, ""strong_close"": false}",2246,320.60617911615174,0.6656277827248441,-0.06134135819830962,0.8327389039701504,1.0,0.0,0.052099069741019216,-0.0029180354028019535,-0.7353449215060923,5513,1377.3066392881587,0.6729548340286595,-0.054229815899604,0.8510034787952921,2.0,0.0,0.05305607654337983,-0.0028862157191344817,-0.3636631806109447
t4_hot,meanrev,1.0,1.0,15451,"{""family"": ""meanrev"", ""min_ddv"": 10000000.0, ""min_price"": 5.0, ""regime"": ""spy200"", ""trend"": true, ""mom_min"": 0.0, ""rsi2_max"": 10.0, ""rsi14_max"": 100.0, ""ret21_max"": 1.0, ""dist_ema20_max"": 0.0, ""dist_ema50_min"": -1.0, ""dist_hh60_min"": -1.0, ""atr_ratio_max"": 10.0, ""vol_ratio_min"": 0.0, ""atr_pct_min"": 0.045, ""atr_pct_max"": 0.07, ""up_close"": false, ""strong_close"": false}",2246,320.60617911615174,0.5129118432769367,-0.0391651247542056,0.9273908851058554,3.0,0.0,0.052099069741019216,-0.0016089437232202498,-0.13515127275050098,5513,1377.3066392881587,0.5276618900779975,-0.016641865133880666,0.9684328609895057,3.0,0.0,0.05305607654337983,-0.0010423152345407894,-0.08755447970142631
t4_hot,meanrev,1.0,2.0,15451,"{""family"": ""meanrev"", ""min_ddv"": 10000000.0, ""min_price"": 5.0, ""regime"": ""spy200"", ""trend"": true, ""mom_min"": 0.0, ""rsi2_max"": 10.0, ""rsi14_max"": 100.0, ""ret21_max"": 1.0, ""dist_ema20_max"": 0.0, ""dist_ema50_min"": -1.0, ""dist_hh60_min"": -1.0, ""atr_ratio_max"": 10.0, ""vol_ratio_min"": 0.0, ""atr_pct_min"": 0.045, ""atr_pct_max"": 0.07, ""up_close"": false, ""strong_close"": false}",2246,320.60617911615174,0.3539626001780944,-0.019214651032309384,0.973455322606203,5.0,0.0,0.052099069741019216,-0.00037969857716701203,-0.019136808289217405,5513,1377.3066392881587,0.38019227280972245,0.06000803710875181,1.0867291672256587,4.0,0.0,0.05305607654337983,0.0030240517398685035,0.19051525961171573
t4_hot,meanrev,1.0,3.0,15451,"{""family"": ""meanrev"", ""min_ddv"": 10000000.0, ""min_price"": 5.0, ""regime"": ""spy200"", ""trend"": true, ""mom_min"": 0.0, ""rsi2_max"": 10.0, ""rsi14_max"": 100.0, ""ret21_max"": 1.0, ""dist_ema20_max"": 0.0, ""dist_ema50_min"": -1.0, ""dist_hh60_min"": -1.0, ""atr_ratio_max"": 10.0, ""vol_ratio_min"": 0.0, ""atr_pct_min"": 0.045, ""atr_pct_max"": 0.07, ""up_close"": false, ""strong_close"": false}",2246,320.60617911615174,0.28227960819234194,0.04029625170507313,1.0499116737414447,6.0,0.0,0.052099069741019216,0.0027821159583971545,0.1168488702526805,5513,1377.3066392881587,0.3014692544893887,0.11917005901543166,1.1526926101628185,6.0,0.0,0.05305607654337983,0.00637117523812208,0.2675893600011274
t4_hot,meanrev,1.0,4.0,15451,"{""family"": ""meanrev"", ""min_ddv"": 10000000.0, ""min_price"": 5.0, ""regime"": ""spy200"", ""trend"": true, ""mom_min"": 0.0, ""rsi2_max"": 10.0, ""rsi14_max"": 100.0, ""ret21_max"": 1.0, ""dist_ema20_max"": 0.0, ""dist_ema50_min"": -1.0, ""dist_hh60_min"": -1.0, ""atr_ratio_max"": 10.0, ""vol_ratio_min"": 0.0, ""atr_pct_min"": 0.045, ""atr_pct_max"": 0.07, ""up_close"": false, ""strong_close"": false}",2246,320.60617911615174,0.2350845948352627,0.07852445384384389,1.0910558697103117,7.0,0.0,0.052099069741019216,0.004679311270263468,0.16845520572948486,5513,1377.3066392881587,0.24560130600399058,0.13022043031527217,1.1536443532542109,7.0,0.0,0.05305607654337983,0.006963250886447069,0.2506770319120945
t4_hot,meanrev,1.0,6.0,15451,"{""family"": ""meanrev"", ""min_ddv"": 10000000.0, ""min_price"": 5.0, ""regime"": ""spy200"", ""trend"": true, ""mom_min"": 0.0, ""rsi2_max"": 10.0, ""rsi14_max"": 100.0, ""ret21_max"": 1.0, ""dist_ema20_max"": 0.0, ""dist_ema50_min"": -1.0, ""dist_hh60_min"": -1.0, ""atr_ratio_max"": 10.0, ""vol_ratio_min"": 0.0, ""atr_pct_min"": 0.045, ""atr_pct_max"": 0.07, ""up_close"": false, ""strong_close"": false}",2244,320.3206883066093,0.1746880570409982,0.12027116731144219,1.1289221298945107,7.0,0.0,0.05208476330901425,0.007057372248652674,0.25406540095149627,5513,1377.3066392881587,0.18628695809903864,0.19930392432209487,1.2172431038453269,7.0,0.0,0.05305607654337983,0.011083612699632595,0.39901005718677346
t4_hot,meanrev,1.5,0.5,15451,"{""family"": ""meanrev"", ""min_ddv"": 10000000.0, ""min_price"": 5.0, ""regime"": ""spy200"", ""trend"": true, ""mom_min"": 0.0, ""rsi2_max"": 10.0, ""rsi14_max"": 100.0, ""ret21_max"": 1.0, ""dist_ema20_max"": 0.0, ""dist_ema50_min"": -1.0, ""dist_hh60_min"": -1.0, ""atr_ratio_max"": 10.0, ""vol_ratio_min"": 0.0, ""atr_pct_min"": 0.045, ""atr_pct_max"": 0.07, ""up_close"": false, ""strong_close"": false}",2246,320.60617911615174,0.6794300979519146,-0.01741179957447339,0.9494999867524696,3.0,0.0,0.07814860461152881,-0.0009550699456748451,-0.08022587543668698,5513,1377.3066392881587,0.701070197714493,0.011012841577732904,1.033943385246861,3.0,0.0,0.07958411481506963,0.0007942515460330731,0.06671712986677814
t4_hot,meanrev,1.5,1.0,15451,"{""family"": ""meanrev"", ""min_ddv"": 10000000.0, ""min_price"": 5.0, ""regime"": ""spy200"", ""trend"": true, ""mom_min"": 0.0, ""rsi2_max"": 10.0, ""rsi14_max"": 100.0, ""ret21_max"": 1.0, ""dist_ema20_max"": 0.0, ""dist_ema50_min"": -1.0, ""dist_hh60_min"": -1.0, ""atr_ratio_max"": 10.0, ""vol_ratio_min"": 0.0, ""atr_pct_min"": 0.045, ""atr_pct_max"": 0.07, ""up_close"": false, ""strong_close"": false}",2246,320.60617911615174,0.5151380231522708,-0.018557090571248235,0.9649101942191941,5.0,0.0,0.07814860461152881,-0.0007866159599936592,-0.03964544438368042,5513,1377.3066392881587,0.5577725376383095,0.06841564442745966,1.1426618810802487,5.0,0.0,0.07958411481506963,0.00528889642165808,0.26656037965156726
t4_hot,meanrev,1.5,2.0,15451,"{""family"": ""meanrev"", ""min_ddv"": 10000000.0, ""min_price"": 5.0, ""regime"": ""spy200"", ""trend"": true, ""mom_min"": 0.0, ""rsi2_max"": 10.0, ""rsi14_max"": 100.0, ""ret21_max"": 1.0, ""dist_ema20_max"": 0.0, ""dist_ema50_min"": -1.0, ""dist_hh60_min"": -1.0, ""atr_ratio_max"": 10.0, ""vol_ratio_min"": 0.0, ""atr_pct_min"": 0.045, ""atr_pct_max"": 0.07, ""up_close"": false, ""strong_close"": false}",2245,320.4634337113805,0.36525612472160357,0.03692081750745177,1.053081536378053,10.0,0.0,0.07814654326885465,0.0037927648079568946,0.09557767316051374,5513,1377.3066392881587,0.4037729004171957,0.1556787651929009,1.2406615398880132,9.0,0.0,0.07958411481506963,0.012315620756504393,0.34483738118212304
t4_hot,meanrev,1.5,3.0,15451,"{""family"": ""meanrev"", ""min_ddv"": 10000000.0, ""min_price"": 5.0, ""regime"": ""spy200"", ""trend"": true, ""mom_min"": 0.0, ""rsi2_max"": 10.0, ""rsi14_max"": 100.0, ""ret21_max"": 1.0, ""dist_ema20_max"": 0.0, ""dist_ema50_min"": -1.0, ""dist_hh60_min"": -1.0, ""atr_ratio_max"": 10.0, ""vol_ratio_min"": 0.0, ""atr_pct_min"": 0.045, ""atr_pct_max"": 0.07, ""up_close"": false, ""strong_close"": false}",2244,320.3206883066093,0.2838680926916221,0.06729290225809066,1.0858070356103016,12.0,0.0,0.07812714496352138,0.005902991640712823,0.12396282445496927,5511,1376.8069815195072,0.31736526946107785,0.20419319647369344,1.2740872028354415,13.0,0.0,0.079587029406456,0.016507094991833934,0.31998368753401163
t4_hot,meanrev,1.5,4.0,15451,"{""family"": ""meanrev"", ""min_ddv"": 10000000.0, ""min_price"": 5.0, ""regime"": ""spy200"", ""trend"": true, ""mom_min"": 0.0, ""rsi2_max"": 10.0, ""rsi14_max"": 100.0, ""ret21_max"": 1.0, ""dist_ema20_max"": 0.0, ""dist_ema50_min"": -1.0, ""dist_hh60_min"": -1.0, ""atr_ratio_max"": 10.0, ""vol_ratio_min"": 0.0, ""atr_pct_min"": 0.045, ""atr_pct_max"": 0.07, ""up_close"": false, ""strong_close"": false}",2239,319.6069612827532,0.231353282715498,0.08484450456604646,1.1004722197406083,13.0,0.0,0.0781077466581881,0.007926412274826114,0.15365045332739852,5510,1376.5571526351814,0.2662431941923775,0.2618198190829404,1.3266041538207738,16.0,0.0,0.07958557211076281,0.02162535722877635,0.3405993763532275
t4_hot,meanrev,1.5,6.0,15451,"{""family"": ""meanrev"", ""min_ddv"": 10000000.0, ""min_price"": 5.0, ""regime"": ""spy200"", ""trend"": true, ""mom_min"": 0.0, ""rsi2_max"": 10.0, ""rsi14_max"": 100.0, ""ret21_max"": 1.0, ""dist_ema20_max"": 0.0, ""dist_ema50_min"": -1.0, ""dist_hh60_min"": -1.0, ""atr_ratio_max"": 10.0, ""vol_ratio_min"": 0.0, ""atr_pct_min"": 0.045, ""atr_pct_max"": 0.07, ""up_close"": false, ""strong_close"": false}",2234,318.8932342588971,0.17412712623097581,0.13600378982859218,1.1498763424456397,14.0,0.0004476275738585497,0.07808716190100455,0.012254378848089038,0.2205788192656027,5507,1375.8076659822038,0.21027782821863084,0.39530122805022744,1.456661953816209,18.0,0.0,0.07957497889079143,0.03261948669415598,0.4566728137181837
t4_hot,meanrev,2.0,0.5,15451,"{""family"": ""meanrev"", ""min_ddv"": 10000000.0, ""min_price"": 5.0, ""regime"": ""spy200"", ""trend"": true, ""mom_min"": 0.0, ""rsi2_max"": 10.0, ""rsi14_max"": 100.0, ""ret21_max"": 1.0, ""dist_ema20_max"": 0.0, ""dist_ema50_min"": -1.0, ""dist_hh60_min"": -1.0, ""atr_ratio_max"": 10.0, ""vol_ratio_min"": 0.0, ""atr_pct_min"": 0.045, ""atr_pct_max"": 0.07, ""up_close"": false, ""strong_close"": false}",2246,320.60617911615174,0.686553873552983,0.0001861222818552092,1.0005537544283538,5.0,0.0,0.10419813948203843,0.000537104210748443,0.027070052221721524,5513,1377.3066392881587,0.7190277525847996,0.04912125520448549,1.1635959613949773,4.0,0.0,0.10611215308675954,0.005151799794456109,0.32456338705073484
t4_hot,meanrev,2.0,1.0,15451,"{""family"": ""meanrev"", ""min_ddv"": 10000000.0, ""min_price"": 5.0, ""regime"": ""spy200"", ""trend"": true, ""mom_min"": 0.0, ""rsi2_max"": 10.0, ""rsi14_max"": 100.0, ""ret21_max"": 1.0, ""dist_ema20_max"": 0.0, ""dist_ema50_min"": -1.0, ""dist_hh60_min"": -1.0, ""atr_ratio_max"": 10.0, ""vol_ratio_min"": 0.0, ""atr_pct_min"": 0.045, ""atr_pct_max"": 0.07, ""up_close"": false, ""strong_close"": false}",2245,320.4634337113805,0.5287305122494432,0.019792582117007435,1.038969893443449,9.0,0.0,0.10419539102513953,0.0028482690348381884,0.07975153297546927,5513,1377.3066392881587,0.5673861781244331,0.0997346509330849,1.215964637463948,8.0,0.0,0.10611215308675954,0.010365425599992616,0.3265109063997674
t4_hot,meanrev,2.0,2.0,15451,"{""family"": ""meanrev"", ""min_ddv"": 10000000.0, ""min_price"": 5.0, ""regime"": ""spy200"", ""trend"": true, ""mom_min"": 0.0, ""rsi2_max"": 10.0, ""rsi14_max"": 100.0, ""ret21_max"": 1.0, ""dist_ema20_max"": 0.0, ""dist_ema50_min"": -1.0, ""dist_hh60_min"": -1.0, ""atr_ratio_max"": 10.0, ""vol_ratio_min"": 0.0, ""atr_pct_min"": 0.045, ""atr_pct_max"": 0.07, ""up_close"": false, ""strong_close"": false}",2245,320.4634337113805,0.38173719376391985,0.09677891724146763,1.1453288971945623,17.0,0.0,0.10419539102513953,0.010673648456431387,0.1582211418247476,5513,1377.3066392881587,0.41030292037003446,0.1851376897600351,1.2933358197520262,17.0,0.0,0.10611215308675954,0.01985320594814107,0.29429458229009114
t4_hot,meanrev,2.0,3.0,15451,"{""family"": ""meanrev"", ""min_ddv"": 10000000.0, ""min_price"": 5.0, ""regime"": ""spy200"", ""trend"": true, ""mom_min"": 0.0, ""rsi2_max"": 10.0, ""rsi14_max"": 100.0, ""ret21_max"": 1.0, ""dist_ema20_max"": 0.0, ""dist_ema50_min"": -1.0, ""dist_hh60_min"": -1.0, ""atr_ratio_max"": 10.0, ""vol_ratio_min"": 0.0, ""atr_pct_min"": 0.045, ""atr_pct_max"": 0.07, ""up_close"": false, ""strong_close"": false}",2238,319.464215877982,0.29222520107238603,0.11621051432408655,1.1524383656865849,21.0,0.0,0.1041695266180285,0.013173987732937402,0.1580878527952488,5506,1375.557837097878,0.3309117326552851,0.27375312222168785,1.3817520795883569,23.0,0.0,0.10611409614768377,0.030061200043085445,0.3293661917764144
t4_hot,meanrev,2.0,4.0,15451,"{""family"": ""meanrev"", ""min_ddv"": 10000000.0, ""min_price"": 5.0, ""regime"": ""spy200"", ""trend"": true, ""mom_min"": 0.0, ""rsi2_max"": 10.0, ""rsi14_max"": 100.0, ""ret21_max"": 1.0, ""dist_ema20_max"": 0.0, ""dist_ema50_min"": -1.0, ""dist_hh60_min"": -1.0, ""atr_ratio_max"": 10.0, ""vol_ratio_min"": 0.0, ""atr_pct_min"": 0.045, ""atr_pct_max"": 0.07, ""up_close"": false, ""strong_close"": false}",2232,318.6077434493547,0.24193548387096775,0.1467378302368799,1.1798939728196467,24.0,0.0013440860215053765,0.1041695266180285,0.016890523596568414,0.17735049776396836,5503,1374.8083504449007,0.286934399418499,0.3822076816892111,1.499472615525754,27.0,0.0,0.106116039208608,0.04198200855790595,0.3918320798737889
t4_hot,meanrev,2.0,6.0,15451,"{""family"": ""meanrev"", ""min_ddv"": 10000000.0, ""min_price"": 5.0, ""regime"": ""spy200"", ""trend"": true, ""mom_min"": 0.0, ""rsi2_max"": 10.0, ""rsi14_max"": 100.0, ""ret21_max"": 1.0, ""dist_ema20_max"": 0.0, ""dist_ema50_min"": -1.0, ""dist_hh60_min"": -1.0, ""atr_ratio_max"": 10.0, ""vol_ratio_min"": 0.0, ""atr_pct_min"": 0.045, ""atr_pct_max"": 0.07, ""up_close"": false, ""strong_close"": false}",2217,316.46656237778643,0.18854307622913846,0.22981075833153977,1.2627698619977978,26.0,0.007668019846639603,0.10412538133739847,0.02513500077834328,0.2436161613900964,5459,1363.8158795345653,0.20736398607803627,0.39086459083918607,1.458263269972876,32.0,0.00036636746656896867,0.1060791428219262,0.04294386117338429,0.3381829067404013
t4_hot,meanrev,3.0,0.5,15451,"{""family"": ""meanrev"", ""min_ddv"": 10000000.0, ""min_price"": 5.0, ""regime"": ""spy200"", ""trend"": true, ""mom_min"": 0.0, ""rsi2_max"": 10.0, ""rsi14_max"": 100.0, ""ret21_max"": 1.0, ""dist_ema20_max"": 0.0, ""dist_ema50_min"": -1.0, ""dist_hh60_min"": -1.0, ""atr_ratio_max"": 10.0, ""vol_ratio_min"": 0.0, ""atr_pct_min"": 0.045, ""atr_pct_max"": 0.07, ""up_close"": false, ""strong_close"": false}",2245,320.4634337113805,0.689977728285078,0.009658342745596057,1.0290686299585052,10.0,0.0,0.15630133190840598,0.002271763818333187,0.057248448221996304,5513,1377.3066392881587,0.7384364230001814,0.09052867967514808,1.3312457247178677,8.0,0.0,0.15916822963013938,0.014296227767779255,0.4503311746850465
t4_hot,meanrev,3.0,1.0,15451,"{""family"": ""meanrev"", ""min_ddv"": 10000000.0, ""min_price"": 5.0, ""regime"": ""spy200"", ""trend"": true, ""mom_min"": 0.0, ""rsi2_max"": 10.0, ""rsi14_max"": 100.0, ""ret21_max"": 1.0, ""dist_ema20_max"": 0.0, ""dist_ema50_min"": -1.0, ""dist_hh60_min"": -1.0, ""atr_ratio_max"": 10.0, ""vol_ratio_min"": 0.0, ""atr_pct_min"": 0.045, ""atr_pct_max"": 0.07, ""up_close"": false, ""strong_close"": false}",2243,320.1779429018381,0.548372715113687,0.06517158725415052,1.134711491615742,20.0,0.0,0.15630133190840598,0.010791858018446343,0.13597741103242394,5513,1377.3066392881587,0.5955015418102666,0.16823575438660157,1.3971713517568913,19.0,0.0,0.15916822963013938,0.027296207584533255,0.3620339111211779
t4_hot,meanrev,3.0,2.0,15451,"{""family"": ""meanrev"", ""min_ddv"": 10000000.0, ""min_price"": 5.0, ""regime"": ""spy200"", ""trend"": true, ""mom_min"": 0.0, ""rsi2_max"": 10.0, ""rsi14_max"": 100.0, ""ret21_max"": 1.0, ""dist_ema20_max"": 0.0, ""dist_ema50_min"": -1.0, ""dist_hh60_min"": -1.0, ""atr_ratio_max"": 10.0, ""vol_ratio_min"": 0.0, ""atr_pct_min"": 0.045, ""atr_pct_max"": 0.07, ""up_close"": false, ""strong_close"": false}",2220,316.89479859210013,0.3824324324324324,0.10830730273593991,1.1648660397925865,34.0,0.0009009009009009009,0.15635369586061137,0.017791279319045776,0.1318647761293981,5501,1374.3086926762492,0.4271950554444646,0.2488675295966327,1.412046966120819,37.0,0.0,0.15916822963013938,0.04132284247013367,0.28144206222901846
t4_hot,meanrev,3.0,3.0,15451,"{""family"": ""meanrev"", ""min_ddv"": 10000000.0, ""min_price"": 5.0, ""regime"": ""spy200"", ""trend"": true, ""mom_min"": 0.0, ""rsi2_max"": 10.0, ""rsi14_max"": 100.0, ""ret21_max"": 1.0, ""dist_ema20_max"": 0.0, ""dist_ema50_min"": -1.0, ""dist_hh60_min"": -1.0, ""atr_ratio_max"": 10.0, ""vol_ratio_min"": 0.0, ""atr_pct_min"": 0.045, ""atr_pct_max"": 0.07, ""up_close"": false, ""strong_close"": false}",2199,313.8971450919046,0.3019554342883129,0.15853653991170674,1.2145276473371718,44.0,0.006366530241018645,0.15616057559792038,0.02675988440509575,0.15326115613827565,5463,1364.8151950718686,0.33900787113307707,0.31787280178718347,1.4555123889872303,50.0,0.0007321984257733846,0.15914995778158286,0.05223537696722436,0.26326629991481076
t4_hot,meanrev,3.0,4.0,15451,"{""family"": ""meanrev"", ""min_ddv"": 10000000.0, ""min_price"": 5.0, ""regime"": ""spy200"", ""trend"": true, ""mom_min"": 0.0, ""rsi2_max"": 10.0, ""rsi14_max"": 100.0, ""ret21_max"": 1.0, ""dist_ema20_max"": 0.0, ""dist_ema50_min"": -1.0, ""dist_hh60_min"": -1.0, ""atr_ratio_max"": 10.0, ""vol_ratio_min"": 0.0, ""atr_pct_min"": 0.045, ""atr_pct_max"": 0.07, ""up_close"": false, ""strong_close"": false}",2180,311.18498240125143,0.25688073394495414,0.19067988287329787,1.2412466798161115,51.0,0.020642201834862386,0.1561114878731924,0.03093373937983004,0.1528490651709249,5389,1346.3278576317591,0.26758211170903695,0.2914702349407023,1.376251663133404,61.0,0.0031545741324921135,0.1591030804593471,0.04821212674581044,0.19917140885154477
t4_hot,meanrev,3.0,6.0,15451,"{""family"": ""meanrev"", ""min_ddv"": 10000000.0, ""min_price"": 5.0, ""regime"": ""spy200"", ""trend"": true, ""mom_min"": 0.0, ""rsi2_max"": 10.0, ""rsi14_max"": 100.0, ""ret21_max"": 1.0, ""dist_ema20_max"": 0.0, ""dist_ema50_min"": -1.0, ""dist_hh60_min"": -1.0, ""atr_ratio_max"": 10.0, ""vol_ratio_min"": 0.0, ""atr_pct_min"": 0.045, ""atr_pct_max"": 0.07, ""up_close"": false, ""strong_close"": false}",2147,306.4743840438013,0.19282720074522589,0.09119419276910909,1.1061708966004284,55.0,0.05449464368886819,0.15613692734659923,0.01575665593437902,0.07219413264479115,5251,1311.851471594798,0.18663111788230813,0.20242028705158385,1.2352933341851875,69.0,0.017330032374785757,0.15887748613937283,0.033166199245617076,0.12112872767964498
t4_hot,meanrev,1.0,0.5,652,"{""family"": ""meanrev"", ""min_ddv"": 10000000.0, ""min_price"": 5.0, ""regime"": ""spy200"", ""trend"": true, ""mom_min"": 0.15, ""rsi2_max"": 100.0, ""rsi14_max"": 100.0, ""ret21_max"": 1.0, ""dist_ema20_max"": 0.0, ""dist_ema50_min"": -1.0, ""dist_hh60_min"": -0.1, ""atr_ratio_max"": 10.0, ""vol_ratio_min"": 0.0, ""atr_pct_min"": 0.045, ""atr_pct_max"": 0.07, ""up_close"": true, ""strong_close"": false}",63,8.992960500586625,0.6825396825396826,-0.0467867033550678,0.8659223472209171,2.0,0.0,0.04670438764528092,-0.002001715971207594,-0.25221621237215686,311,77.69678302532512,0.7363344051446945,0.041286869832049274,1.1429982219720451,2.0,0.0,0.04845281148900129,0.001979848656384651,0.249460930704466
t4_hot,meanrev,1.0,1.0,652,"{""family"": ""meanrev"", ""min_ddv"": 10000000.0, ""min_price"": 5.0, ""regime"": ""spy200"", ""trend"": true, ""mom_min"": 0.15, ""rsi2_max"": 100.0, ""rsi14_max"": 100.0, ""ret21_max"": 1.0, ""dist_ema20_max"": 0.0, ""dist_ema50_min"": -1.0, ""dist_hh60_min"": -0.1, ""atr_ratio_max"": 10.0, ""vol_ratio_min"": 0.0, ""atr_pct_min"": 0.045, ""atr_pct_max"": 0.07, ""up_close"": true, ""strong_close"": false}",63,8.992960500586625,0.5396825396825397,-0.0016860740535973606,0.9966879266045674,3.0,0.0,0.04670438764528092,0.00010060401151253614,0.008450736967053035,311,77.69678302532512,0.5884244372990354,0.11000143212129232,1.2434737972564425,3.0,0.0,0.04845281148900129,0.005648253698000527,0.47445331063204427
t4_hot,meanrev,1.0,2.0,652,"{""family"": ""meanrev"", ""min_ddv"": 10000000.0, ""min_price"": 5.0, ""regime"": ""spy200"", ""trend"": true, ""mom_min"": 0.15, ""rsi2_max"": 100.0, ""rsi14_max"": 100.0, ""ret21_max"": 1.0, ""dist_ema20_max"": 0.0, ""dist_ema50_min"": -1.0, ""dist_hh60_min"": -0.1, ""atr_ratio_max"": 10.0, ""vol_ratio_min"": 0.0, ""atr_pct_min"": 0.045, ""atr_pct_max"": 0.07, ""up_close"": true, ""strong_close"": false}",63,8.992960500586625,0.3492063492063492,0.015142941988431698,1.0207414381954563,6.0,0.0,0.04670438764528092,0.0007023540127585006,0.029498868535857026,311,77.69678302532512,0.45980707395498394,0.3048445605357586,1.5129976300045715,4.0,0.0,0.04845281148900129,0.015354005353018696,0.9673023372401779
t4_hot,meanrev,1.0,3.0,652,"{""family"": ""meanrev"", ""min_ddv"": 10000000.0, ""min_price"": 5.0, ""regime"": ""spy200"", ""trend"": true, ""mom_min"": 0.15, ""rsi2_max"": 100.0, ""rsi14_max"": 100.0, ""ret21_max"": 1.0, ""dist_ema20_max"": 0.0, ""dist_ema50_min"": -1.0, ""dist_hh60_min"": -0.1, ""atr_ratio_max"": 10.0, ""vol_ratio_min"": 0.0, ""atr_pct_min"": 0.045, ""atr_pct_max"": 0.07, ""up_close"": true, ""strong_close"": false}",63,8.992960500586625,0.2857142857142857,0.11181128039701402,1.139033269850999,7.0,0.0,0.04670438764528092,0.0050768826827590164,0.18276777657932458,311,77.69678302532512,0.3504823151125402,0.32623815116363336,1.4574983769703667,6.0,0.0,0.04845281148900129,0.01599256274158156,0.6716876351464255
t4_hot,meanrev,1.0,4.0,652,"{""family"": ""meanrev"", ""min_ddv"": 10000000.0, ""min_price"": 5.0, ""regime"": ""spy200"", ""trend"": true, ""mom_min"": 0.15, ""rsi2_max"": 100.0, ""rsi14_max"": 100.0, ""ret21_max"": 1.0, ""dist_ema20_max"": 0.0, ""dist_ema50_min"": -1.0, ""dist_hh60_min"": -0.1, ""atr_ratio_max"": 10.0, ""vol_ratio_min"": 0.0, ""atr_pct_min"": 0.045, ""atr_pct_max"": 0.07, ""up_close"": true, ""strong_close"": false}",63,8.992960500586625,0.25396825396825395,0.2078844829752488,1.2472774695845275,7.0,0.0,0.04670438764528092,0.010060310672583391,0.3621711842130021,311,77.69678302532512,0.2861736334405145,0.35531181798641553,1.4531279377880624,8.0,0.0,0.04845281148900129,0.017024101138197786,0.5362591858532303
t4_hot,meanrev,1.0,6.0,652,"{""family"": ""meanrev"", ""min_ddv"": 10000000.0, ""min_price"": 5.0, ""regime"": ""spy200"", ""trend"": true, ""mom_min"": 0.15, ""rsi2_max"": 100.0, ""rsi14_max"": 100.0, ""ret21_max"": 1.0, ""dist_ema20_max"": 0.0, ""dist_ema50_min"": -1.0, ""dist_hh60_min"": -0.1, ""atr_ratio_max"": 10.0, ""vol_ratio_min"": 0.0, ""atr_pct_min"": 0.045, ""atr_pct_max"": 0.07, ""up_close"": true, ""strong_close"": false}",63,8.992960500586625,0.20634920634920634,0.32833265052067856,1.3635237063665218,8.0,0.0,0.04670438764528092,0.01423625025596219,0.44844188306280897,311,77.69678302532512,0.22508038585209003,0.48891139875924583,1.5732680543172164,9.0,0.0,0.04845281148900129,0.02387073054410564,0.6683804552349578
t4_hot,meanrev,1.5,0.5,652,"{""family"": ""meanrev"", ""min_ddv"": 10000000.0, ""min_price"": 5.0, ""regime"": ""spy200"", ""trend"": true, ""mom_min"": 0.15, ""rsi2_max"": 100.0, ""rsi14_max"": 100.0, ""ret21_max"": 1.0, ""dist_ema20_max"": 0.0, ""dist_ema50_min"": -1.0, ""dist_hh60_min"": -0.1, ""atr_ratio_max"": 10.0, ""vol_ratio_min"": 0.0, ""atr_pct_min"": 0.045, ""atr_pct_max"": 0.07, ""up_close"": true, ""strong_close"": false}",63,8.992960500586625,0.6984126984126984,0.002476805610633572,1.0077410178818615,3.0,0.0,0.07005658146792137,0.0007513813952927183,0.06311603720458835,311,77.69678302532512,0.7459807073954984,0.07647367322963479,1.2805076536977247,3.0,0.0,0.07267921723350183,0.005850095137943852,0.49140799158728354
t4_hot,meanrev,1.5,1.0,652,"{""family"": ""meanrev"", ""min_ddv"": 10000000.0, ""min_price"": 5.0, ""regime"": ""spy200"", ""trend"": true, ""mom_min"": 0.15, ""rsi2_max"": 100.0, ""rsi14_max"": 100.0, ""ret21_max"": 1.0, ""dist_ema20_max"": 0.0, ""dist_ema50_min"": -1.0, ""dist_hh60_min"": -0.1, ""atr_ratio_max"": 10.0, ""vol_ratio_min"": 0.0, ""atr_pct_min"": 0.045, ""atr_pct_max"": 0.07, ""up_close"": true, ""strong_close"": false}",63,8.992960500586625,0.5238095238095238,0.0003603383109578976,1.0007143012724302,5.0,0.0,0.07005658146792137,0.0007434389149564064,0.037469321313802886,311,77.69678302532512,0.639871382636656,0.23351626233065995,1.605272156157524,5.0,0.0,0.07267921723350183,0.0179173081834159,0.9030323324441614
t4_hot,meanrev,1.5,2.0,652,"{""family"": ""meanrev"", ""min_ddv"": 10000000.0, ""min_price"": 5.0, ""regime"": ""spy200"", ""trend"": true, ""mom_min"": 0.15, ""rsi2_max"": 100.0, ""rsi14_max"": 100.0, ""ret21_max"": 1.0, ""dist_ema20_max"": 0.0, ""dist_ema50_min"": -1.0, ""dist_hh60_min"": -0.1, ""atr_ratio_max"": 10.0, ""vol_ratio_min"": 0.0, ""atr_pct_min"": 0.045, ""atr_pct_max"": 0.07, ""up_close"": true, ""strong_close"": false}",63,8.992960500586625,0.3968253968253968,0.20085009685327446,1.3123597492109957,10.0,0.0,0.07005658146792137,0.015281360395631828,0.38509028196992207,311,77.69678302532512,0.4533762057877814,0.3085315063395448,1.523345383382436,9.0,0.0,0.07267921723350183,0.022227843137226824,0.622379607842351
t4_hot,meanrev,1.5,3.0,652,"{""family"": ""meanrev"", ""min_ddv"": 10000000.0, ""min_price"": 5.0, ""regime"": ""spy200"", ""trend"": true, ""mom_min"": 0.15, ""rsi2_max"": 100.0, ""rsi14_max"": 100.0, ""ret21_max"": 1.0, ""dist_ema20_max"": 0.0, ""dist_ema50_min"": -1.0, ""dist_hh60_min"": -0.1, ""atr_ratio_max"": 10.0, ""vol_ratio_min"": 0.0, ""atr_pct_min"": 0.045, ""atr_pct_max"": 0.07, ""up_close"": true, ""strong_close"": false}",63,8.992960500586625,0.36507936507936506,0.42710461096916275,1.6313063238437882,11.0,0.0,0.07005658146792137,0.03230625397531562,0.7401069092526851,311,77.69678302532512,0.36977491961414793,0.4233146729244853,1.6230874312103336,13.0,0.0,0.07267921723350183,0.030620560709091114,0.593567792206997
t4_hot,meanrev,1.5,4.0,652,"{""family"": ""meanrev"", ""min_ddv"": 10000000.0, ""min_price"": 5.0, ""regime"": ""spy200"", ""trend"": true, ""mom_min"": 0.15, ""rsi2_max"": 100.0, ""rsi14_max"": 100.0, ""ret21_max"": 1.0, ""dist_ema20_max"": 0.0, ""dist_ema50_min"": -1.0, ""dist_hh60_min"": -0.1, ""atr_ratio_max"": 10.0, ""vol_ratio_min"": 0.0, ""atr_pct_min"": 0.045, ""atr_pct_max"": 0.07, ""up_close"": true, ""strong_close"": false}",63,8.992960500586625,0.30158730158730157,0.4517769695375935,1.6057198479870005,12.0,0.0,0.07005658146792137,0.03291093994895918,0.6911297389281428,311,77.69678302532512,0.3022508038585209,0.4491742397982602,1.5977542748667062,16.0,0.0,0.07267921723350183,0.03281384078701145,0.5168179923954304
t4_hot,meanrev,1.5,6.0,652,"{""family"": ""meanrev"", ""min_ddv"": 10000000.0, ""min_price"": 5.0, ""regime"": ""spy200"", ""trend"": true, ""mom_min"": 0.15, ""rsi2_max"": 100.0, ""rsi14_max"": 100.0, ""ret21_max"": 1.0, ""dist_ema20_max"": 0.0, ""dist_ema50_min"": -1.0, ""dist_hh60_min"": -0.1, ""atr_ratio_max"": 10.0, ""vol_ratio_min"": 0.0, ""atr_pct_min"": 0.045, ""atr_pct_max"": 0.07, ""up_close"": true, ""strong_close"": false}",63,8.992960500586625,0.2698412698412698,0.8284709729022139,2.062899432683332,13.0,0.0,0.07005658146792137,0.06086498146713157,1.1798442561320888,311,77.69678302532512,0.2604501607717042,0.7579471673688124,1.9517514532233482,21.0,0.0,0.07267921723350183,0.05505205782424283,0.6606246938909139
t4_hot,meanrev,2.0,0.5,652,"{""family"": ""meanrev"", ""min_ddv"": 10000000.0, ""min_price"": 5.0, ""regime"": ""spy200"", ""trend"": true, ""mom_min"": 0.15, ""rsi2_max"": 100.0, ""rsi14_max"": 100.0, ""ret21_max"": 1.0, ""dist_ema20_max"": 0.0, ""dist_ema50_min"": -1.0, ""dist_hh60_min"": -0.1, ""atr_ratio_max"": 10.0, ""vol_ratio_min"": 0.0, ""atr_pct_min"": 0.045, ""atr_pct_max"": 0.07, ""up_close"": true, ""strong_close"": false}",63,8.992960500586625,0.6507936507936508,-0.05970265089670054,0.8367215644296813,4.0,0.0,0.09340877529056184,-0.005652988119764068,-0.3561382515451363,311,77.69678302532512,0.7427652733118971,0.07732010768671302,1.276624187542176,4.0,0.0,0.09690562297800248,0.007987743085551446,0.5032278143897411
t4_hot,meanrev,2.0,1.0,652,"{""family"": ""meanrev"", ""min_ddv"": 10000000.0, ""min_price"": 5.0, ""regime"": ""spy200"", ""trend"": true, ""mom_min"": 0.15, ""rsi2_max"": 100.0, ""rsi14_max"": 100.0, ""ret21_max"": 1.0, ""dist_ema20_max"": 0.0, ""dist_ema50_min"": -1.0, ""dist_hh60_min"": -0.1, ""atr_ratio_max"": 10.0, ""vol_ratio_min"": 0.0, ""atr_pct_min"": 0.045, ""atr_pct_max"": 0.07, ""up_close"": true, ""strong_close"": false}",63,8.992960500586625,0.5396825396825397,0.07659402739923561,1.1587146287215462,9.0,0.0,0.09340877529056184,0.007810360452349015,0.2186900926657724,311,77.69678302532512,0.639871382636656,0.23876309373070698,1.613199316697506,7.0,0.0,0.09690562297800248,0.023923469573504948,0.8612449046461782
t4_hot,meanrev,2.0,2.0,652,"{""family"": ""meanrev"", ""min_ddv"": 10000000.0, ""min_price"": 5.0, ""regime"": ""spy200"", ""trend"": true, ""mom_min"": 0.15, ""rsi2_max"": 100.0, ""rsi14_max"": 100.0, ""ret21_max"": 1.0, ""dist_ema20_max"": 0.0, ""dist_ema50_min"": -1.0, ""dist_hh60_min"": -0.1, ""atr_ratio_max"": 10.0, ""vol_ratio_min"": 0.0, ""atr_pct_min"": 0.045, ""atr_pct_max"": 0.07, ""up_close"": true, ""strong_close"": false}",63,8.992960500586625,0.4126984126984127,0.2157812884047537,1.3430272430734906,14.0,0.0,0.09340877529056184,0.022109256069425313,0.3979666092496556,311,77.69678302532512,0.4533762057877814,0.31909129664476515,1.5438723970275083,17.0,0.0,0.09690562297800248,0.03085933594218523,0.4574442739665105
t4_hot,meanrev,2.0,3.0,652,"{""family"": ""meanrev"", ""min_ddv"": 10000000.0, ""min_price"": 5.0, ""regime"": ""spy200"", ""trend"": true, ""mom_min"": 0.15, ""rsi2_max"": 100.0, ""rsi14_max"": 100.0, ""ret21_max"": 1.0, ""dist_ema20_max"": 0.0, ""dist_ema50_min"": -1.0, ""dist_hh60_min"": -0.1, ""atr_ratio_max"": 10.0, ""vol_ratio_min"": 0.0, ""atr_pct_min"": 0.045, ""atr_pct_max"": 0.07, ""up_close"": true, ""strong_close"": false}",63,8.992960500586625,0.3492063492063492,0.34399187345103066,1.4944277534014976,19.0,0.0,0.09340877529056184,0.033135689704242924,0.4394838844983799,311,77.69678302532512,0.3665594855305466,0.41215014300519875,1.6065796233222616,24.0,0.0,0.09690562297800248,0.040268530548492075,0.4228195707591668
t4_hot,meanrev,2.0,4.0,652,"{""family"": ""meanrev"", ""min_ddv"": 10000000.0, ""min_price"": 5.0, ""regime"": ""spy200"", ""trend"": true, ""mom_min"": 0.15, ""rsi2_max"": 100.0, ""rsi14_max"": 100.0, ""ret21_max"": 1.0, ""dist_ema20_max"": 0.0, ""dist_ema50_min"": -1.0, ""dist_hh60_min"": -0.1, ""atr_ratio_max"": 10.0, ""vol_ratio_min"": 0.0, ""atr_pct_min"": 0.045, ""atr_pct_max"": 0.07, ""up_close"": true, ""strong_close"": false}",63,8.992960500586625,0.31746031746031744,0.5313211713814648,1.728981255620507,21.0,0.0,0.09340877529056184,0.05175199668653597,0.6210239602384316,311,77.69678302532512,0.3054662379421222,0.4742163415272841,1.6379106488928248,29.0,0.0,0.09690562297800248,0.0458900648075846,0.39876883901763166
t4_hot,meanrev,2.0,6.0,652,"{""family"": ""meanrev"", ""min_ddv"": 10000000.0, ""min_price"": 5.0, ""regime"": ""spy200"", ""trend"": true, ""mom_min"": 0.15, ""rsi2_max"": 100.0, ""rsi14_max"": 100.0, ""ret21_max"": 1.0, ""dist_ema20_max"": 0.0, ""dist_ema50_min"": -1.0, ""dist_hh60_min"": -0.1, ""atr_ratio_max"": 10.0, ""vol_ratio_min"": 0.0, ""atr_pct_min"": 0.045, ""atr_pct_max"": 0.07, ""up_close"": true, ""strong_close"": false}",60,8.564724286272975,0.25,0.6928414983394671,1.8661443824562236,21.5,0.0,0.09337391884881867,0.06558611889831706,0.7687303238314372,307,76.6974674880219,0.26384364820846906,0.7811838449912885,1.977706623744066,37.0,0.003257328990228013,0.09686185563947408,0.07521278401786721,0.5122600425000686
t4_hot,meanrev,3.0,0.5,652,"{""family"": ""meanrev"", ""min_ddv"": 10000000.0, ""min_price"": 5.0, ""regime"": ""spy200"", ""trend"": true, ""mom_min"": 0.15, ""rsi2_max"": 100.0, ""rsi14_max"": 100.0, ""ret21_max"": 1.0, ""dist_ema20_max"": 0.0, ""dist_ema50_min"": -1.0, ""dist_hh60_min"": -0.1, ""atr_ratio_max"": 10.0, ""vol_ratio_min"": 0.0, ""atr_pct_min"": 0.045, ""atr_pct_max"": 0.07, ""up_close"": true, ""strong_close"": false}",63,8.992960500586625,0.7142857142857143,0.045109595736050466,1.1507392631744473,11.0,0.0,0.14011316293584275,0.0085449171413778,0.1957562836024732,311,77.69678302532512,0.7781350482315113,0.14459568719452548,1.6236540145895635,7.0,0.0,0.14535843446700378,0.02197482865391296,0.7910938315408665
t4_hot,meanrev,3.0,1.0,652,"{""family"": ""meanrev"", ""min_ddv"": 10000000.0, ""min_price"": 5.0, ""regime"": ""spy200"", ""trend"": true, ""mom_min"": 0.15, ""rsi2_max"": 100.0, ""rsi14_max"": 100.0, ""ret21_max"": 1.0, ""dist_ema20_max"": 0.0, ""dist_ema50_min"": -1.0, ""dist_hh60_min"": -0.1, ""atr_ratio_max"": 10.0, ""vol_ratio_min"": 0.0, ""atr_pct_min"": 0.045, ""atr_pct_max"": 0.07, ""up_close"": true, ""strong_close"": false}",63,8.992960500586625,0.5396825396825397,0.08043179911738461,1.1670178223279202,20.0,0.0,0.14011316293584275,0.014268035587956258,0.17977724840824885,311,77.69678302532512,0.6334405144694534,0.2446411429205777,1.6394649929598135,17.0,0.0,0.14535843446700378,0.036140534646418664,0.5357302782880884
t4_hot,meanrev,3.0,2.0,652,"{""family"": ""meanrev"", ""min_ddv"": 10000000.0, ""min_price"": 5.0, ""regime"": ""spy200"", ""trend"": true, ""mom_min"": 0.15, ""rsi2_max"": 100.0, ""rsi14_max"": 100.0, ""ret21_max"": 1.0, ""dist_ema20_max"": 0.0, ""dist_ema50_min"": -1.0, ""dist_hh60_min"": -0.1, ""atr_ratio_max"": 10.0, ""vol_ratio_min"": 0.0, ""atr_pct_min"": 0.045, ""atr_pct_max"": 0.07, ""up_close"": true, ""strong_close"": false}",63,8.992960500586625,0.3968253968253968,0.15490971109424975,1.2448175197060194,28.0,0.0,0.14011316293584275,0.023370965859733646,0.2103386927376028,310,77.44695414099931,0.46774193548387094,0.37351436916219616,1.6715664250172952,37.0,0.0,0.14532560896310748,0.05481939969078112,0.37336456005613083
t4_hot,meanrev,3.0,3.0,652,"{""family"": ""meanrev"", ""min_ddv"": 10000000.0, ""min_price"": 5.0, ""regime"": ""spy200"", ""trend"": true, ""mom_min"": 0.15, ""rsi2_max"": 100.0, ""rsi14_max"": 100.0, ""ret21_max"": 1.0, ""dist_ema20_max"": 0.0, ""dist_ema50_min"": -1.0, ""dist_hh60_min"": -0.1, ""atr_ratio_max"": 10.0, ""vol_ratio_min"": 0.0, ""atr_pct_min"": 0.045, ""atr_pct_max"": 0.07, ""up_close"": true, ""strong_close"": false}",63,8.992960500586625,0.3333333333333333,0.291795541214062,1.4159255004685067,44.0,0.0,0.14011316293584275,0.0440711044461664,0.25240723455531666,308,76.94729637234771,0.39935064935064934,0.5608431499609542,1.8856897145261333,49.5,0.0,0.14532560896310748,0.08162660999523697,0.41555365088484275
t4_hot,meanrev,3.0,4.0,652,"{""family"": ""meanrev"", ""min_ddv"": 10000000.0, ""min_price"": 5.0, ""regime"": ""spy200"", ""trend"": true, ""mom_min"": 0.15, ""rsi2_max"": 100.0, ""rsi14_max"": 100.0, ""ret21_max"": 1.0, ""dist_ema20_max"": 0.0, ""dist_ema50_min"": -1.0, ""dist_hh60_min"": -0.1, ""atr_ratio_max"": 10.0, ""vol_ratio_min"": 0.0, ""atr_pct_min"": 0.045, ""atr_pct_max"": 0.07, ""up_close"": true, ""strong_close"": false}",60,8.564724286272975,0.25,0.20741805588337073,1.2633035342119403,59.5,0.0,0.14006087827322805,0.02857713727597981,0.12103258140414978,302,75.44832306639287,0.3509933774834437,0.7195638250136497,2.05500229431114,62.0,0.006622516556291391,0.14526264344793585,0.10390348047505298,0.4223173722534411
t4_hot,meanrev,3.0,6.0,652,"{""family"": ""meanrev"", ""min_ddv"": 10000000.0, ""min_price"": 5.0, ""regime"": ""spy200"", ""trend"": true, ""mom_min"": 0.15, ""rsi2_max"": 100.0, ""rsi14_max"": 100.0, ""ret21_max"": 1.0, ""dist_ema20_max"": 0.0, ""dist_ema50_min"": -1.0, ""dist_hh60_min"": -0.1, ""atr_ratio_max"": 10.0, ""vol_ratio_min"": 0.0, ""atr_pct_min"": 0.045, ""atr_pct_max"": 0.07, ""up_close"": true, ""strong_close"": false}",59,8.42197888150176,0.2033898305084746,0.21309711765204087,1.2545325296453582,59.0,0.06779661016949153,0.14011316293584275,0.031198107948799028,0.13325293564571788,285,71.20123203285421,0.256140350877193,0.6919263885332325,1.881694048238367,74.0,0.017543859649122806,0.14493015900048803,0.09766927281585473,0.3326034695891269
t5_wild,pullback,1.0,0.5,6488,"{""family"": ""pullback"", ""min_ddv"": 10000000.0, ""min_price"": 5.0, ""regime"": ""spy200"", ""trend"": true, ""mom_min"": 0.0, ""rsi2_max"": 100.0, ""rsi14_max"": 100.0, ""ret21_max"": 1.0, ""dist_ema20_max"": 1.0, ""dist_ema50_min"": -1.0, ""dist_hh60_min"": -1.0, ""atr_ratio_max"": 10.0, ""vol_ratio_min"": 0.0, ""atr_pct_min"": 0.07, ""atr_pct_max"": 0.2, ""up_close"": true, ""strong_close"": true}",438,62.52248728979272,0.6232876712328768,-0.1032134291396898,0.7404368988429091,2.0,0.0,0.07762453543462136,-0.00942835095662081,-1.1879722205342222,2208,551.6221765913757,0.6086956521739131,-0.12626668838647043,0.6979221791703992,2.0,0.0,0.0840968877547818,-0.01188376669757743,-1.4973546038947563
t5_wild,pullback,1.0,1.0,6488,"{""family"": ""pullback"", ""min_ddv"": 10000000.0, ""min_price"": 5.0, ""regime"": ""spy200"", ""trend"": true, ""mom_min"": 0.0, ""rsi2_max"": 100.0, ""rsi14_max"": 100.0, ""ret21_max"": 1.0, ""dist_ema20_max"": 1.0, ""dist_ema50_min"": -1.0, ""dist_hh60_min"": -1.0, ""atr_ratio_max"": 10.0, ""vol_ratio_min"": 0.0, ""atr_pct_min"": 0.07, ""atr_pct_max"": 0.2, ""up_close"": true, ""strong_close"": true}",438,62.52248728979272,0.4497716894977169,-0.16722317269298625,0.7234971809518571,4.0,0.0,0.07762453543462136,-0.01590477989182543,-1.002001133185002,2208,551.6221765913757,0.4492753623188406,-0.14789464804020772,0.749374272159186,4.0,0.0,0.0840968877547818,-0.014498850791650489,-0.9134275998739808
t5_wild,pullback,1.0,2.0,6488,"{""family"": ""pullback"", ""min_ddv"": 10000000.0, ""min_price"": 5.0, ""regime"": ""spy200"", ""trend"": true, ""mom_min"": 0.0, ""rsi2_max"": 100.0, ""rsi14_max"": 100.0, ""ret21_max"": 1.0, ""dist_ema20_max"": 1.0, ""dist_ema50_min"": -1.0, ""dist_hh60_min"": -1.0, ""atr_ratio_max"": 10.0, ""vol_ratio_min"": 0.0, ""atr_pct_min"": 0.07, ""atr_pct_max"": 0.2, ""up_close"": true, ""strong_close"": true}",438,62.52248728979272,0.2876712328767123,-0.21346464058686263,0.7285285925070207,6.0,0.0,0.07762453543462136,-0.021552992523526947,-0.9052256859881318,2208,551.6221765913757,0.28442028985507245,-0.2053046288839925,0.7330154129683486,6.0,0.0,0.0840968877547818,-0.02173074158170242,-0.9126911464315016
t5_wild,pullback,1.0,3.0,6488,"{""family"": ""pullback"", ""min_ddv"": 10000000.0, ""min_price"": 5.0, ""regime"": ""spy200"", ""trend"": true, ""mom_min"": 0.0, ""rsi2_max"": 100.0, ""rsi14_max"": 100.0, ""ret21_max"": 1.0, ""dist_ema20_max"": 1.0, ""dist_ema50_min"": -1.0, ""dist_hh60_min"": -1.0, ""atr_ratio_max"": 10.0, ""vol_ratio_min"": 0.0, ""atr_pct_min"": 0.07, ""atr_pct_max"": 0.2, ""up_close"": true, ""strong_close"": true}",438,62.52248728979272,0.2465753424657534,-0.09159252574111441,0.8901907658602866,7.0,0.0,0.07762453543462136,-0.01256780429857176,-0.45244095474858337,2208,551.6221765913757,0.21240942028985507,-0.22675181475402922,0.7360877911203134,7.0,0.0,0.0840968877547818,-0.023051955905348986,-0.8298704125925634
t5_wild,pullback,1.0,4.0,6488,"{""family"": ""pullback"", ""min_ddv"": 10000000.0, ""min_price"": 5.0, ""regime"": ""spy200"", ""trend"": true, ""mom_min"": 0.0, ""rsi2_max"": 100.0, ""rsi14_max"": 100.0, ""ret21_max"": 1.0, ""dist_ema20_max"": 1.0, ""dist_ema50_min"": -1.0, ""dist_hh60_min"": -1.0, ""atr_ratio_max"": 10.0, ""vol_ratio_min"": 0.0, ""atr_pct_min"": 0.07, ""atr_pct_max"": 0.2, ""up_close"": true, ""strong_close"": true}",438,62.52248728979272,0.20319634703196346,-0.03691534135922212,0.958412523158422,7.0,0.0,0.07762453543462136,-0.007045886055704427,-0.25365189800535937,2208,551.6221765913757,0.1852355072463768,-0.14491167414720746,0.8370354223086368,8.0,0.0,0.0840968877547818,-0.015681728098506896,-0.49397443510296724
t5_wild,pullback,1.0,6.0,6488,"{""family"": ""pullback"", ""min_ddv"": 10000000.0, ""min_price"": 5.0, ""regime"": ""spy200"", ""trend"": true, ""mom_min"": 0.0, ""rsi2_max"": 100.0, ""rsi14_max"": 100.0, ""ret21_max"": 1.0, ""dist_ema20_max"": 1.0, ""dist_ema50_min"": -1.0, ""dist_hh60_min"": -1.0, ""atr_ratio_max"": 10.0, ""vol_ratio_min"": 0.0, ""atr_pct_min"": 0.07, ""atr_pct_max"": 0.2, ""up_close"": true, ""strong_close"": true}",438,62.52248728979272,0.16666666666666666,0.10507726122760909,1.113453347815406,7.0,0.0,0.07762453543462136,0.004960678107671129,0.17858441187616061,2208,551.6221765913757,0.151268115942029,-0.015282608855908446,0.9834875804832376,8.0,0.0,0.0840968877547818,-0.005530507358618736,-0.1742109817964902
t5_wild,pullback,1.5,0.5,6488,"{""family"": ""pullback"", ""min_ddv"": 10000000.0, ""min_price"": 5.0, ""regime"": ""spy200"", ""trend"": true, ""mom_min"": 0.0, ""rsi2_max"": 100.0, ""rsi14_max"": 100.0, ""ret21_max"": 1.0, ""dist_ema20_max"": 1.0, ""dist_ema50_min"": -1.0, ""dist_hh60_min"": -1.0, ""atr_ratio_max"": 10.0, ""vol_ratio_min"": 0.0, ""atr_pct_min"": 0.07, ""atr_pct_max"": 0.2, ""up_close"": true, ""strong_close"": true}",438,62.52248728979272,0.636986301369863,-0.0838215937223113,0.785909583481662,4.0,0.0,0.1164368031519321,-0.012956483608267042,-0.8162584673208236,2208,551.6221765913757,0.6086956521739131,-0.11573546926141715,0.7192684227615932,4.0,0.0,0.12614533163217262,-0.016683521553768246,-1.0510618578873996
t5_wild,pullback,1.5,1.0,6488,"{""family"": ""pullback"", ""min_ddv"": 10000000.0, ""min_price"": 5.0, ""regime"": ""spy200"", ""trend"": true, ""mom_min"": 0.0, ""rsi2_max"": 100.0, ""rsi14_max"": 100.0, ""ret21_max"": 1.0, ""dist_ema20_max"": 1.0, ""dist_ema50_min"": -1.0, ""dist_hh60_min"": -1.0, ""atr_ratio_max"": 10.0, ""vol_ratio_min"": 0.0, ""atr_pct_min"": 0.07, ""atr_pct_max"": 0.2, ""up_close"": true, ""strong_close"": true}",438,62.52248728979272,0.4520547945205479,-0.14051190968064203,0.7607367850039447,7.0,0.0,0.1164368031519321,-0.023574254348261946,-0.84867315653743,2208,551.6221765913757,0.442481884057971,-0.15166135407569956,0.7428965734919226,7.0,0.0,0.12614533163217262,-0.02410436445242028,-0.86775712028713
t5_wild,pullback,1.5,2.0,6488,"{""family"": ""pullback"", ""min_ddv"": 10000000.0, ""min_price"": 5.0, ""regime"": ""spy200"", ""trend"": true, ""mom_min"": 0.0, ""rsi2_max"": 100.0, ""rsi14_max"": 100.0, ""ret21_max"": 1.0, ""dist_ema20_max"": 1.0, ""dist_ema50_min"": -1.0, ""dist_hh60_min"": -1.0, ""atr_ratio_max"": 10.0, ""vol_ratio_min"": 0.0, ""atr_pct_min"": 0.07, ""atr_pct_max"": 0.2, ""up_close"": true, ""strong_close"": true}",438,62.52248728979272,0.3333333333333333,-0.04479171520558789,0.937524624923812,13.0,0.0,0.1164368031519321,-0.0137681033814782,-0.26688938862557743,2208,551.6221765913757,0.2857789855072464,-0.19462048358418063,0.7451606183854715,12.0,0.0,0.12614533163217262,-0.030797095769205904,-0.646739011153324
t5_wild,pullback,1.5,3.0,6488,"{""family"": ""pullback"", ""min_ddv"": 10000000.0, ""min_price"": 5.0, ""regime"": ""spy200"", ""trend"": true, ""mom_min"": 0.0, ""rsi2_max"": 100.0, ""rsi14_max"": 100.0, ""ret21_max"": 1.0, ""dist_ema20_max"": 1.0, ""dist_ema50_min"": -1.0, ""dist_hh60_min"": -1.0, ""atr_ratio_max"": 10.0, ""vol_ratio_min"": 0.0, ""atr_pct_min"": 0.07, ""atr_pct_max"": 0.2, ""up_close"": true, ""strong_close"": true}",438,62.52248728979272,0.2579908675799087,0.0073255418340746736,1.0091758083283073,15.0,0.0,0.1164368031519321,-0.0057462289238615905,-0.09653664592087473,2208,551.6221765913757,0.24230072463768115,-0.07690252845824164,0.9050337042723468,14.0,0.0,0.12614533163217262,-0.015726523681636316,-0.2830774262694537
t5_wild,pullback,1.5,4.0,6488,"{""family"": ""pullback"", ""min_ddv"": 10000000.0, ""min_price"": 5.0, ""regime"": ""spy200"", ""trend"": true, ""mom_min"": 0.0, ""rsi2_max"": 100.0, ""rsi14_max"": 100.0, ""ret21_max"": 1.0, ""dist_ema20_max"": 1.0, ""dist_ema50_min"": -1.0, ""dist_hh60_min"": -1.0, ""atr_ratio_max"": 10.0, ""vol_ratio_min"": 0.0, ""atr_pct_min"": 0.07, ""atr_pct_max"": 0.2, ""up_close"": true, ""strong_close"": true}",436,62.23699648025029,0.22018348623853212,0.06428613563660468,1.076747688012228,16.0,0.0,0.11639807537046856,0.001352140318823239,0.021296210021466016,2208,551.6221765913757,0.21240942028985507,0.010807236472312312,1.0128464545912295,15.0,0.0,0.12614533163217262,-0.005015821874039005,-0.0842658074838553
t5_wild,pullback,1.5,6.0,6488,"{""family"": ""pullback"", ""min_ddv"": 10000000.0, ""min_price"": 5.0, ""regime"": ""spy200"", ""trend"": true, ""mom_min"": 0.0, ""rsi2_max"": 100.0, ""rsi14_max"": 100.0, ""ret21_max"": 1.0, ""dist_ema20_max"": 1.0, ""dist_ema50_min"": -1.0, ""dist_hh60_min"": -1.0, ""atr_ratio_max"": 10.0, ""vol_ratio_min"": 0.0, ""atr_pct_min"": 0.07, ""atr_pct_max"": 0.2, ""up_close"": true, ""strong_close"": true}",434,61.95150567070786,0.14055299539170507,-0.06615480569215941,0.9281267701018338,17.0,0.0,0.1164368031519321,-0.014312381955758713,-0.21216001487359976,2200,549.6235455167694,0.14272727272727273,-0.05827832101728682,0.9363936250214199,15.0,0.00045454545454545455,0.12618583973798747,-0.0124005978527466,-0.20833004392614288
t5_wild,pullback,2.0,0.5,6488,"{""family"": ""pullback"", ""min_ddv"": 10000000.0, ""min_price"": 5.0, ""regime"": ""spy200"", ""trend"": true, ""mom_min"": 0.0, ""rsi2_max"": 100.0, ""rsi14_max"": 100.0, ""ret21_max"": 1.0, ""dist_ema20_max"": 1.0, ""dist_ema50_min"": -1.0, ""dist_hh60_min"": -1.0, ""atr_ratio_max"": 10.0, ""vol_ratio_min"": 0.0, ""atr_pct_min"": 0.07, ""atr_pct_max"": 0.2, ""up_close"": true, ""strong_close"": true}",438,62.52248728979272,0.6255707762557078,-0.09873697217020325,0.7563955246718673,7.0,0.0,0.15524907086924278,-0.019873812428069394,-0.7154572474104982,2208,551.6221765913757,0.6000905797101449,-0.12329729390965148,0.7060522296803311,6.0,0.0,0.1681937755095636,-0.026294283282438404,-1.104359897862413
t5_wild,pullback,2.0,1.0,6488,"{""family"": ""pullback"", ""min_ddv"": 10000000.0, ""min_price"": 5.0, ""regime"": ""spy200"", ""trend"": true, ""mom_min"": 0.0, ""rsi2_max"": 100.0, ""rsi14_max"": 100.0, ""ret21_max"": 1.0, ""dist_ema20_max"": 1.0, ""dist_ema50_min"": -1.0, ""dist_hh60_min"": -1.0, ""atr_ratio_max"": 10.0, ""vol_ratio_min"": 0.0, ""atr_pct_min"": 0.07, ""atr_pct_max"": 0.2, ""up_close"": true, ""strong_close"": true}",438,62.52248728979272,0.4452054794520548,-0.14968153738535384,0.7484851160316639,14.0,0.0,0.15524907086924278,-0.030767947494575093,-0.5538230549023517,2208,551.6221765913757,0.42346014492753625,-0.18403193597004852,0.6964971238118668,12.0,0.0,0.1681937755095636,-0.04005184722423203,-0.8410887917088726
t5_wild,pullback,2.0,2.0,6488,"{""family"": ""pullback"", ""min_ddv"": 10000000.0, ""min_price"": 5.0, ""regime"": ""spy200"", ""trend"": true, ""mom_min"": 0.0, ""rsi2_max"": 100.0, ""rsi14_max"": 100.0, ""ret21_max"": 1.0, ""dist_ema20_max"": 1.0, ""dist_ema50_min"": -1.0, ""dist_hh60_min"": -1.0, ""atr_ratio_max"": 10.0, ""vol_ratio_min"": 0.0, ""atr_pct_min"": 0.07, ""atr_pct_max"": 0.2, ""up_close"": true, ""strong_close"": true}",436,62.23699648025029,0.31880733944954126,-0.06636477638860917,0.9088682961031646,22.0,0.0,0.15524907086924278,-0.017971685060859617,-0.205857483424392,2208,551.6221765913757,0.317481884057971,-0.08229774605047942,0.8860185784338007,19.0,0.0,0.1681937755095636,-0.020864114555012105,-0.27672404567700265
t5_wild,pullback,2.0,3.0,6488,"{""family"": ""pullback"", ""min_ddv"": 10000000.0, ""min_price"": 5.0, ""regime"": ""spy200"", ""trend"": true, ""mom_min"": 0.0, ""rsi2_max"": 100.0, ""rsi14_max"": 100.0, ""ret21_max"": 1.0, ""dist_ema20_max"": 1.0, ""dist_ema50_min"": -1.0, ""dist_hh60_min"": -1.0, ""atr_ratio_max"": 10.0, ""vol_ratio_min"": 0.0, ""atr_pct_min"": 0.07, ""atr_pct_max"": 0.2, ""up_close"": true, ""strong_close"": true}",433,61.80876026593664,0.24480369515011546,-0.05402295089352651,0.9328452300849709,24.0,0.0,0.15515736300797514,-0.015587440520466433,-0.16366812546489753,2206,551.1225188227241,0.2583862194016319,-0.005513206732488451,0.9929596976318633,23.0,0.0,0.16817523185254615,-0.009802441835381375,-0.10740066706591768
t5_wild,pullback,2.0,4.0,6488,"{""family"": ""pullback"", ""min_ddv"": 10000000.0, ""min_price"": 5.0, ""regime"": ""spy200"", ""trend"": true, ""mom_min"": 0.0, ""rsi2_max"": 100.0, ""rsi14_max"": 100.0, ""ret21_max"": 1.0, ""dist_ema20_max"": 1.0, ""dist_ema50_min"": -1.0, ""dist_hh60_min"": -1.0, ""atr_ratio_max"": 10.0, ""vol_ratio_min"": 0.0, ""atr_pct_min"": 0.07, ""atr_pct_max"": 0.2, ""up_close"": true, ""strong_close"": true}",431,61.52326945639421,0.16705336426914152,-0.20629230826717318,0.7667994146678014,26.0,0.0,0.15523750464660774,-0.042992391813409185,-0.4166954898838121,2197,548.8740588637919,0.2002730996813837,-0.04106369984065914,0.9514143074582697,25.0,0.0,0.16822167964359366,-0.015653147473325822,-0.1577837265311243
t5_wild,pullback,2.0,6.0,6488,"{""family"": ""pullback"", ""min_ddv"": 10000000.0, ""min_price"": 5.0, ""regime"": ""spy200"", ""trend"": true, ""mom_min"": 0.0, ""rsi2_max"": 100.0, ""rsi14_max"": 100.0, ""ret21_max"": 1.0, ""dist_ema20_max"": 1.0, ""dist_ema50_min"": -1.0, ""dist_hh60_min"": -1.0, ""atr_ratio_max"": 10.0, ""vol_ratio_min"": 0.0, ""atr_pct_min"": 0.07, ""atr_pct_max"": 0.2, ""up_close"": true, ""strong_close"": true}",430,61.38052405162299,0.10465116279069768,-0.3244769156442389,0.6598564471051449,27.0,0.0,0.15524907086924278,-0.06400178323769214,-0.5973499768851267,2180,544.6269678302532,0.13577981651376148,-0.10283921488442838,0.8872042466013501,26.5,0.001834862385321101,0.16827477877329108,-0.026237537979825577,-0.24950413475154887
t5_wild,pullback,3.0,0.5,6488,"{""family"": ""pullback"", ""min_ddv"": 10000000.0, ""min_price"": 5.0, ""regime"": ""spy200"", ""trend"": true, ""mom_min"": 0.0, ""rsi2_max"": 100.0, ""rsi14_max"": 100.0, ""ret21_max"": 1.0, ""dist_ema20_max"": 1.0, ""dist_ema50_min"": -1.0, ""dist_hh60_min"": -1.0, ""atr_ratio_max"": 10.0, ""vol_ratio_min"": 0.0, ""atr_pct_min"": 0.07, ""atr_pct_max"": 0.2, ""up_close"": true, ""strong_close"": true}",421,60.09581540868205,0.6603325415676959,-0.03708412114328128,0.8989424325057481,15.0,0.0,0.2317920944230613,-0.007550909599040567,-0.12685528126388151,2174,543.1279945242984,0.6195952161913524,-0.08456496325161246,0.7850014663038104,15.0,0.0,0.251444253695615,-0.029458115551360933,-0.4948963412628637
t5_wild,pullback,3.0,1.0,6488,"{""family"": ""pullback"", ""min_ddv"": 10000000.0, ""min_price"": 5.0, ""regime"": ""spy200"", ""trend"": true, ""mom_min"": 0.0, ""rsi2_max"": 100.0, ""rsi14_max"": 100.0, ""ret21_max"": 1.0, ""dist_ema20_max"": 1.0, ""dist_ema50_min"": -1.0, ""dist_hh60_min"": -1.0, ""atr_ratio_max"": 10.0, ""vol_ratio_min"": 0.0, ""atr_pct_min"": 0.07, ""atr_pct_max"": 0.2, ""up_close"": true, ""strong_close"": true}",412,58.8111067657411,0.5097087378640777,-0.006406666931486568,0.9877468122337643,25.0,0.0,0.2312587662673295,-0.002000411796159868,-0.020164150905291472,2172,542.6283367556468,0.4714548802946593,-0.07730653538277854,0.8591087295787988,28.0,0.0,0.2512951599415181,-0.0287629844073599,-0.2588668596662391
t5_wild,pullback,3.0,2.0,6488,"{""family"": ""pullback"", ""min_ddv"": 10000000.0, ""min_price"": 5.0, ""regime"": ""spy200"", ""trend"": true, ""mom_min"": 0.0, ""rsi2_max"": 100.0, ""rsi14_max"": 100.0, ""ret21_max"": 1.0, ""dist_ema20_max"": 1.0, ""dist_ema50_min"": -1.0, ""dist_hh60_min"": -1.0, ""atr_ratio_max"": 10.0, ""vol_ratio_min"": 0.0, ""atr_pct_min"": 0.07, ""atr_pct_max"": 0.2, ""up_close"": true, ""strong_close"": true}",405,57.81188893234259,0.3308641975308642,-0.03247737864187869,0.953985116737166,42.0,0.0,0.23133400800210943,-0.007603334742623558,-0.04562000845574135,2158,539.1307323750856,0.3470806302131603,0.02169449046584389,1.0320935518171375,41.0,0.0004633920296570899,0.2510786508089127,-0.003977851214029925,-0.02444923185208637
t5_wild,pullback,3.0,3.0,6488,"{""family"": ""pullback"", ""min_ddv"": 10000000.0, ""min_price"": 5.0, ""regime"": ""spy200"", ""trend"": true, ""mom_min"": 0.0, ""rsi2_max"": 100.0, ""rsi14_max"": 100.0, ""ret21_max"": 1.0, ""dist_ema20_max"": 1.0, ""dist_ema50_min"": -1.0, ""dist_hh60_min"": -1.0, ""atr_ratio_max"": 10.0, ""vol_ratio_min"": 0.0, ""atr_pct_min"": 0.07, ""atr_pct_max"": 0.2, ""up_close"": true, ""strong_close"": true}",401,57.24090731325772,0.20448877805486285,-0.2205210158601049,0.737241028309737,58.0,0.0,0.23155704627768015,-0.05219061503515687,-0.226759223945854,2134,533.1348391512662,0.24273664479850046,-0.06118791159446654,0.9219656053291894,52.0,0.004217432052483599,0.25089549783983234,-0.02629939397490383,-0.12745090926299546
t5_wild,pullback,3.0,4.0,6488,"{""family"": ""pullback"", ""min_ddv"": 10000000.0, ""min_price"": 5.0, ""regime"": ""spy200"", ""trend"": true, ""mom_min"": 0.0, ""rsi2_max"": 100.0, ""rsi14_max"": 100.0, ""ret21_max"": 1.0, ""dist_ema20_max"": 1.0, ""dist_ema50_min"": -1.0, ""dist_hh60_min"": -1.0, ""atr_ratio_max"": 10.0, ""vol_ratio_min"": 0.0, ""atr_pct_min"": 0.07, ""atr_pct_max"": 0.2, ""up_close"": true, ""strong_close"": true}",400,57.0981619084865,0.15,-0.31014360090570503,0.65218764068914,62.5,0.01,0.23158641672529068,-0.07998954619474627,-0.3225178502572169,2102,525.1403148528406,0.18981921979067554,-0.09551843089500169,0.8861032490958491,59.0,0.006660323501427212,0.2510400037779501,-0.035870323496108185,-0.15320883933930954
t5_wild,pullback,3.0,6.0,6488,"{""family"": ""pullback"", ""min_ddv"": 10000000.0, ""min_price"": 5.0, ""regime"": ""spy200"", ""trend"": true, ""mom_min"": 0.0, ""rsi2_max"": 100.0, ""rsi14_max"": 100.0, ""ret21_max"": 1.0, ""dist_ema20_max"": 1.0, ""dist_ema50_min"": -1.0, ""dist_hh60_min"": -1.0, ""atr_ratio_max"": 10.0, ""vol_ratio_min"": 0.0, ""atr_pct_min"": 0.07, ""atr_pct_max"": 0.2, ""up_close"": true, ""strong_close"": true}",397,56.66992569417286,0.11083123425692695,-0.3693992787366032,0.6043705356961022,69.0,0.030226700251889168,0.2317920944230613,-0.09996342849819173,-0.36508382581948284,2032,507.6522929500342,0.12746062992125984,-0.1786896171743062,0.8021512245642101,62.0,0.010826771653543307,0.2510400037779501,-0.05972559758737057,-0.2427556547099578
t5_wild,pullback,1.0,0.5,8236,"{""family"": ""pullback"", ""min_ddv"": 10000000.0, ""min_price"": 5.0, ""regime"": ""spy200"", ""trend"": true, ""mom_min"": 0.15, ""rsi2_max"": 100.0, ""rsi14_max"": 100.0, ""ret21_max"": 1.0, ""dist_ema20_max"": 1.0, ""dist_ema50_min"": -1.0, ""dist_hh60_min"": -1.0, ""atr_ratio_max"": 10.0, ""vol_ratio_min"": 0.0, ""atr_pct_min"": 0.07, ""atr_pct_max"": 0.2, ""up_close"": true, ""strong_close"": false}",528,75.3695737192022,0.6287878787878788,-0.09431909866714708,0.7589718855543088,2.0,0.0,0.07890095046537823,-0.009906222802451216,-1.2481840731088532,2705,675.7871321013005,0.6203327171903882,-0.10930612765347718,0.7308947659200574,2.0,0.0,0.08425718369955479,-0.010452859214912088,-1.317060261078923
t5_wild,pullback,1.0,1.0,8236,"{""family"": ""pullback"", ""min_ddv"": 10000000.0, ""min_price"": 5.0, ""regime"": ""spy200"", ""trend"": true, ""mom_min"": 0.15, ""rsi2_max"": 100.0, ""rsi14_max"": 100.0, ""ret21_max"": 1.0, ""dist_ema20_max"": 1.0, ""dist_ema50_min"": -1.0, ""dist_hh60_min"": -1.0, ""atr_ratio_max"": 10.0, ""vol_ratio_min"": 0.0, ""atr_pct_min"": 0.07, ""atr_pct_max"": 0.2, ""up_close"": true, ""strong_close"": false}",528,75.3695737192022,0.4659090909090909,-0.11574971821345939,0.7966654028857787,4.0,0.0,0.07890095046537823,-0.01262699509275554,-0.795500690843599,2705,675.7871321013005,0.46617375231053604,-0.11368725198242739,0.8013081849812663,4.0,0.0,0.08425718369955479,-0.011279253604270517,-0.7105929770690426
t5_wild,pullback,1.0,2.0,8236,"{""family"": ""pullback"", ""min_ddv"": 10000000.0, ""min_price"": 5.0, ""regime"": ""spy200"", ""trend"": true, ""mom_min"": 0.15, ""rsi2_max"": 100.0, ""rsi14_max"": 100.0, ""ret21_max"": 1.0, ""dist_ema20_max"": 1.0, ""dist_ema50_min"": -1.0, ""dist_hh60_min"": -1.0, ""atr_ratio_max"": 10.0, ""vol_ratio_min"": 0.0, ""atr_pct_min"": 0.07, ""atr_pct_max"": 0.2, ""up_close"": true, ""strong_close"": false}",528,75.3695737192022,0.3068181818181818,-0.1327508845749607,0.8213486455468647,6.0,0.0,0.07890095046537823,-0.01614416750934682,-0.6780550353925664,2705,675.7871321013005,0.2920517560073937,-0.18076512721781285,0.7621042033993395,6.0,0.0,0.08425718369955479,-0.019715463173073704,-0.8280494532690956
t5_wild,pullback,1.0,3.0,8236,"{""family"": ""pullback"", ""min_ddv"": 10000000.0, ""min_price"": 5.0, ""regime"": ""spy200"", ""trend"": true, ""mom_min"": 0.15, ""rsi2_max"": 100.0, ""rsi14_max"": 100.0, ""ret21_max"": 1.0, ""dist_ema20_max"": 1.0, ""dist_ema50_min"": -1.0, ""dist_hh60_min"": -1.0, ""atr_ratio_max"": 10.0, ""vol_ratio_min"": 0.0, ""atr_pct_min"": 0.07, ""atr_pct_max"": 0.2, ""up_close"": true, ""strong_close"": false}",528,75.3695737192022,0.24053030303030304,-0.10033938776257681,0.8782477893197915,7.0,0.0,0.07890095046537823,-0.015180711418187682,-0.5465056110547566,2705,675.7871321013005,0.2133086876155268,-0.22174411706598504,0.7414091629663809,7.0,0.0,0.08425718369955479,-0.0227693613373728,-0.8196970081454209
t5_wild,pullback,1.0,4.0,8236,"{""family"": ""pullback"", ""min_ddv"": 10000000.0, ""min_price"": 5.0, ""regime"": ""spy200"", ""trend"": true, ""mom_min"": 0.15, ""rsi2_max"": 100.0, ""rsi14_max"": 100.0, ""ret21_max"": 1.0, ""dist_ema20_max"": 1.0, ""dist_ema50_min"": -1.0, ""dist_hh60_min"": -1.0, ""atr_ratio_max"": 10.0, ""vol_ratio_min"": 0.0, ""atr_pct_min"": 0.07, ""atr_pct_max"": 0.2, ""up_close"": true, ""strong_close"": false}",528,75.3695737192022,0.20265151515151514,-0.03225220063108039,0.9630703846314934,8.0,0.0,0.07890095046537823,-0.00866634701880108,-0.272989931092234,2705,675.7871321013005,0.1844731977818854,-0.14779571228449753,0.8337712336063908,8.0,0.0,0.08425718369955479,-0.016033708753610914,-0.5050618257387438
t5_wild,pullback,1.0,6.0,8236,"{""family"": ""pullback"", ""min_ddv"": 10000000.0, ""min_price"": 5.0, ""regime"": ""spy200"", ""trend"": true, ""mom_min"": 0.15, ""rsi2_max"": 100.0, ""rsi14_max"": 100.0, ""ret21_max"": 1.0, ""dist_ema20_max"": 1.0, ""dist_ema50_min"": -1.0, ""dist_hh60_min"": -1.0, ""atr_ratio_max"": 10.0, ""vol_ratio_min"": 0.0, ""atr_pct_min"": 0.07, ""atr_pct_max"": 0.2, ""up_close"": true, ""strong_close"": false}",528,75.3695737192022,0.16856060606060605,0.12743790324604257,1.1401448062419348,8.0,0.0,0.07890095046537823,0.0048919120778460595,0.15409523045215087,2705,675.7871321013005,0.15083179297597044,-0.01731472158203075,0.9812840520856617,9.0,0.0,0.08425718369955479,-0.006071193203293482,-0.1699934096922175
t5_wild,pullback,1.5,0.5,8236,"{""family"": ""pullback"", ""min_ddv"": 10000000.0, ""min_price"": 5.0, ""regime"": ""spy200"", ""trend"": true, ""mom_min"": 0.15, ""rsi2_max"": 100.0, ""rsi14_max"": 100.0, ""ret21_max"": 1.0, ""dist_ema20_max"": 1.0, ""dist_ema50_min"": -1.0, ""dist_hh60_min"": -1.0, ""atr_ratio_max"": 10.0, ""vol_ratio_min"": 0.0, ""atr_pct_min"": 0.07, ""atr_pct_max"": 0.2, ""up_close"": true, ""strong_close"": false}",528,75.3695737192022,0.6477272727272727,-0.05526971407826104,0.8501743499852286,4.0,0.0,0.11835142569806731,-0.010953798527701718,-0.6900893072452082,2705,675.7871321013005,0.6207024029574861,-0.0970952448994395,0.7570820083490508,4.0,0.0,0.12638577554933228,-0.014202596546037845,-0.8947635824003842
t5_wild,pullback,1.5,1.0,8236,"{""family"": ""pullback"", ""min_ddv"": 10000000.0, ""min_price"": 5.0, ""regime"": ""spy200"", ""trend"": true, ""mom_min"": 0.15, ""rsi2_max"": 100.0, ""rsi14_max"": 100.0, ""ret21_max"": 1.0, ""dist_ema20_max"": 1.0, ""dist_ema50_min"": -1.0, ""dist_hh60_min"": -1.0, ""atr_ratio_max"": 10.0, ""vol_ratio_min"": 0.0, ""atr_pct_min"": 0.07, ""atr_pct_max"": 0.2, ""up_close"": true, ""strong_close"": false}",528,75.3695737192022,0.4715909090909091,-0.08852001485328811,0.8402598167513392,8.0,0.0,0.11835142569806731,-0.01871349064106847,-0.5894749551936568,2705,675.7871321013005,0.455452865064695,-0.1255029111637006,0.7825112206460431,7.0,0.0,0.12638577554933228,-0.020928635243794114,-0.7534308687765882
t5_wild,pullback,1.5,2.0,8236,"{""family"": ""pullback"", ""min_ddv"": 10000000.0, ""min_price"": 5.0, ""regime"": ""spy200"", ""trend"": true, ""mom_min"": 0.15, ""rsi2_max"": 100.0, ""rsi14_max"": 100.0, ""ret21_max"": 1.0, ""dist_ema20_max"": 1.0, ""dist_ema50_min"": -1.0, ""dist_hh60_min"": -1.0, ""atr_ratio_max"": 10.0, ""vol_ratio_min"": 0.0, ""atr_pct_min"": 0.07, ""atr_pct_max"": 0.2, ""up_close"": true, ""strong_close"": false}",528,75.3695737192022,0.32575757575757575,-0.062199029224781474,0.9133683160217696,13.0,0.0,0.11835142569806731,-0.0177706032045268,-0.3444763082723657,2705,675.7871321013005,0.2868761552680222,-0.19202576424213785,0.7485486359973156,12.0,0.0,0.12638577554933228,-0.03059965370123069,-0.6425927277258444
t5_wild,pullback,1.5,3.0,8236,"{""family"": ""pullback"", ""min_ddv"": 10000000.0, ""min_price"": 5.0, ""regime"": ""spy200"", ""trend"": true, ""mom_min"": 0.15, ""rsi2_max"": 100.0, ""rsi14_max"": 100.0, ""ret21_max"": 1.0, ""dist_ema20_max"": 1.0, ""dist_ema50_min"": -1.0, ""dist_hh60_min"": -1.0, ""atr_ratio_max"": 10.0, ""vol_ratio_min"": 0.0, ""atr_pct_min"": 0.07, ""atr_pct_max"": 0.2, ""up_close"": true, ""strong_close"": false}",528,75.3695737192022,0.26136363636363635,0.020825094874796942,1.0264072416762327,16.0,0.0,0.11835142569806731,-0.0071531339400370195,-0.11266185955558305,2705,675.7871321013005,0.23955637707948244,-0.08916105083743173,0.8903968864659291,14.0,0.0,0.12638577554933228,-0.017586517882345692,-0.31655732188222246
t5_wild,pullback,1.5,4.0,8236,"{""family"": ""pullback"", ""min_ddv"": 10000000.0, ""min_price"": 5.0, ""regime"": ""spy200"", ""trend"": true, ""mom_min"": 0.15, ""rsi2_max"": 100.0, ""rsi14_max"": 100.0, ""ret21_max"": 1.0, ""dist_ema20_max"": 1.0, ""dist_ema50_min"": -1.0, ""dist_hh60_min"": -1.0, ""atr_ratio_max"": 10.0, ""vol_ratio_min"": 0.0, ""atr_pct_min"": 0.07, ""atr_pct_max"": 0.2, ""up_close"": true, ""strong_close"": false}",526,75.08408290965976,0.22433460076045628,0.08743406135770054,1.1057138780568434,17.5,0.0,0.11812664542196388,0.0012043982477705733,0.017343334767896255,2705,675.7871321013005,0.21035120147874306,0.00012551389488130456,1.0001486787334366,15.0,0.0,0.12638577554933228,-0.007017225884618637,-0.11788939486159311
t5_wild,pullback,1.5,6.0,8236,"{""family"": ""pullback"", ""min_ddv"": 10000000.0, ""min_price"": 5.0, ""regime"": ""spy200"", ""trend"": true, ""mom_min"": 0.15, ""rsi2_max"": 100.0, ""rsi14_max"": 100.0, ""ret21_max"": 1.0, ""dist_ema20_max"": 1.0, ""dist_ema50_min"": -1.0, ""dist_hh60_min"": -1.0, ""atr_ratio_max"": 10.0, ""vol_ratio_min"": 0.0, ""atr_pct_min"": 0.07, ""atr_pct_max"": 0.2, ""up_close"": true, ""strong_close"": false}",525,74.94133750488854,0.14476190476190476,-0.029932684702018642,0.96709657853615,20.0,0.0,0.11828780314373771,-0.0133674686773625,-0.1684301053347675,2695,673.2888432580424,0.14916512059369202,-0.013606287219270138,0.985060548483235,16.0,0.00037105751391465676,0.12655393496999093,-0.007273407824690454,-0.11455617323887465
t5_wild,pullback,2.0,0.5,8236,"{""family"": ""pullback"", ""min_ddv"": 10000000.0, ""min_price"": 5.0, ""regime"": ""spy200"", ""trend"": true, ""mom_min"": 0.15, ""rsi2_max"": 100.0, ""rsi14_max"": 100.0, ""ret21_max"": 1.0, ""dist_ema20_max"": 1.0, ""dist_ema50_min"": -1.0, ""dist_hh60_min"": -1.0, ""atr_ratio_max"": 10.0, ""vol_ratio_min"": 0.0, ""atr_pct_min"": 0.07, ""atr_pct_max"": 0.2, ""up_close"": true, ""strong_close"": false}",528,75.3695737192022,0.6439393939393939,-0.06179899028171374,0.836278690902051,7.0,0.0,0.15780190093075638,-0.015599850881241592,-0.5615946317246973,2705,675.7871321013005,0.6096118299445471,-0.10814892694509479,0.7353654173081261,6.0,0.0,0.1685143673991097,-0.023411346212692273,-0.9832765409330754
t5_wild,pullback,2.0,1.0,8236,"{""family"": ""pullback"", ""min_ddv"": 10000000.0, ""min_price"": 5.0, ""regime"": ""spy200"", ""trend"": true, ""mom_min"": 0.15, ""rsi2_max"": 100.0, ""rsi14_max"": 100.0, ""ret21_max"": 1.0, ""dist_ema20_max"": 1.0, ""dist_ema50_min"": -1.0, ""dist_hh60_min"": -1.0, ""atr_ratio_max"": 10.0, ""vol_ratio_min"": 0.0, ""atr_pct_min"": 0.07, ""atr_pct_max"": 0.2, ""up_close"": true, ""strong_close"": false}",528,75.3695737192022,0.4678030303030303,-0.09649333859405404,0.8288454942656291,13.0,0.0,0.15780190093075638,-0.024046864553197204,-0.4661392205696689,2705,675.7871321013005,0.43364140480591495,-0.16231636774231006,0.7272828123929939,12.0,0.0,0.1685143673991097,-0.03649423441659841,-0.7663789227485666
t5_wild,pullback,2.0,2.0,8236,"{""family"": ""pullback"", ""min_ddv"": 10000000.0, ""min_price"": 5.0, ""regime"": ""spy200"", ""trend"": true, ""mom_min"": 0.15, ""rsi2_max"": 100.0, ""rsi14_max"": 100.0, ""ret21_max"": 1.0, ""dist_ema20_max"": 1.0, ""dist_ema50_min"": -1.0, ""dist_hh60_min"": -1.0, ""atr_ratio_max"": 10.0, ""vol_ratio_min"": 0.0, ""atr_pct_min"": 0.07, ""atr_pct_max"": 0.2, ""up_close"": true, ""strong_close"": false}",524,74.79859210011732,0.32061068702290074,-0.0651693622602269,0.9098010946277196,22.0,0.0019083969465648854,0.15750219389595188,-0.021458323790605294,-0.2457953452378425,2702,675.037645448323,0.3134715025906736,-0.09361401641331486,0.8710878152970157,20.0,0.0,0.16846182051596248,-0.022919961473137258,-0.28879151456152946
t5_wild,pullback,2.0,3.0,8236,"{""family"": ""pullback"", ""min_ddv"": 10000000.0, ""min_price"": 5.0, ""regime"": ""spy200"", ""trend"": true, ""mom_min"": 0.15, ""rsi2_max"": 100.0, ""rsi14_max"": 100.0, ""ret21_max"": 1.0, ""dist_ema20_max"": 1.0, ""dist_ema50_min"": -1.0, ""dist_hh60_min"": -1.0, ""atr_ratio_max"": 10.0, ""vol_ratio_min"": 0.0, ""atr_pct_min"": 0.07, ""atr_pct_max"": 0.2, ""up_close"": true, ""strong_close"": false}",519,74.08486507626124,0.2543352601156069,-0.019808105825822573,0.9749548981040441,25.0,0.0019267822736030828,0.15708750806631802,-0.013528913151761314,-0.13637144456975403,2699,674.2881587953457,0.25565024082993704,-0.015780302001938838,0.979923062789123,24.0,0.0,0.1683971949949544,-0.01195877251314115,-0.12556711138798207
t5_wild,pullback,2.0,4.0,8236,"{""family"": ""pullback"", ""min_ddv"": 10000000.0, ""min_price"": 5.0, ""regime"": ""spy200"", ""trend"": true, ""mom_min"": 0.15, ""rsi2_max"": 100.0, ""rsi14_max"": 100.0, ""ret21_max"": 1.0, ""dist_ema20_max"": 1.0, ""dist_ema50_min"": -1.0, ""dist_hh60_min"": -1.0, ""atr_ratio_max"": 10.0, ""vol_ratio_min"": 0.0, ""atr_pct_min"": 0.07, ""atr_pct_max"": 0.2, ""up_close"": true, ""strong_close"": false}",518,73.94211967149002,0.17374517374517376,-0.1754133694318584,0.7992644344489929,27.0,0.0019305019305019305,0.15718741249995238,-0.0412717231814664,-0.3852027496936864,2688,671.5400410677618,0.20498511904761904,-0.01707163324745296,0.9796847005092034,26.0,0.0,0.1685154872524907,-0.012239930409504628,-0.11863317166135254
t5_wild,pullback,2.0,6.0,8236,"{""family"": ""pullback"", ""min_ddv"": 10000000.0, ""min_price"": 5.0, ""regime"": ""spy200"", ""trend"": true, ""mom_min"": 0.15, ""rsi2_max"": 100.0, ""rsi14_max"": 100.0, ""ret21_max"": 1.0, ""dist_ema20_max"": 1.0, ""dist_ema50_min"": -1.0, ""dist_hh60_min"": -1.0, ""atr_ratio_max"": 10.0, ""vol_ratio_min"": 0.0, ""atr_pct_min"": 0.07, ""atr_pct_max"": 0.2, ""up_close"": true, ""strong_close"": false}",517,73.79937426671881,0.1102514506769826,-0.301240602517179,0.6840555450265848,29.0,0.0019342359767891683,0.15728731693358675,-0.06338622542287917,-0.5508044416057086,2670,667.0431211498973,0.13782771535580524,-0.08748133012607959,0.9038189804531711,27.0,0.00149812734082397,0.16858786728908648,-0.02410714614009782,-0.22500003064091298
t5_wild,pullback,3.0,0.5,8236,"{""family"": ""pullback"", ""min_ddv"": 10000000.0, ""min_price"": 5.0, ""regime"": ""spy200"", ""trend"": true, ""mom_min"": 0.15, ""rsi2_max"": 100.0, ""rsi14_max"": 100.0, ""ret21_max"": 1.0, ""dist_ema20_max"": 1.0, ""dist_ema50_min"": -1.0, ""dist_hh60_min"": -1.0, ""atr_ratio_max"": 10.0, ""vol_ratio_min"": 0.0, ""atr_pct_min"": 0.07, ""atr_pct_max"": 0.2, ""up_close"": true, ""strong_close"": false}",503,71.80093859992178,0.6938369781312127,0.01821405813670313,1.055384565667302,15.0,0.0,0.23399997546470575,0.006416347067557337,0.10779463073496326,2659,664.2950034223135,0.6254230913877398,-0.0757196182824977,0.8044650057961581,15.0,0.0,0.25196218121872893,-0.028075075529977293,-0.47166126890361854
t5_wild,pullback,3.0,1.0,8236,"{""family"": ""pullback"", ""min_ddv"": 10000000.0, ""min_price"": 5.0, ""regime"": ""spy200"", ""trend"": true, ""mom_min"": 0.15, ""rsi2_max"": 100.0, ""rsi14_max"": 100.0, ""ret21_max"": 1.0, ""dist_ema20_max"": 1.0, ""dist_ema50_min"": -1.0, ""dist_hh60_min"": -1.0, ""atr_ratio_max"": 10.0, ""vol_ratio_min"": 0.0, ""atr_pct_min"": 0.07, ""atr_pct_max"": 0.2, ""up_close"": true, ""strong_close"": false}",490,69.94524833789598,0.5244897959183673,0.027449405361986964,1.0544695550183514,26.0,0.0,0.233086259860485,0.0064388101221761005,0.062406928876476045,2656,663.545516769336,0.47251506024096385,-0.07486040501605598,0.8632545342786038,29.0,0.00037650602409638556,0.2519453820973961,-0.02872063478087587,-0.24957241257864549
t5_wild,pullback,3.0,2.0,8236,"{""family"": ""pullback"", ""min_ddv"": 10000000.0, ""min_price"": 5.0, ""regime"": ""spy200"", ""trend"": true, ""mom_min"": 0.15, ""rsi2_max"": 100.0, ""rsi14_max"": 100.0, ""ret21_max"": 1.0, ""dist_ema20_max"": 1.0, ""dist_ema50_min"": -1.0, ""dist_hh60_min"": -1.0, ""atr_ratio_max"": 10.0, ""vol_ratio_min"": 0.0, ""atr_pct_min"": 0.07, ""atr_pct_max"": 0.2, ""up_close"": true, ""strong_close"": false}",480,68.5177942901838,0.3645833333333333,0.06706033506270023,1.1003737815975867,43.5,0.0020833333333333333,0.2329996815390823,0.015477315367137387,0.08966168902341659,2635,658.2991101984942,0.34383301707779884,0.01217293973457254,1.0179127154600185,42.0,0.0007590132827324478,0.25158443983041506,-0.006823939072283825,-0.04094363443370295
t5_wild,pullback,3.0,3.0,8236,"{""family"": ""pullback"", ""min_ddv"": 10000000.0, ""min_price"": 5.0, ""regime"": ""spy200"", ""trend"": true, ""mom_min"": 0.15, ""rsi2_max"": 100.0, ""rsi14_max"": 100.0, ""ret21_max"": 1.0, ""dist_ema20_max"": 1.0, ""dist_ema50_min"": -1.0, ""dist_hh60_min"": -1.0, ""atr_ratio_max"": 10.0, ""vol_ratio_min"": 0.0, ""atr_pct_min"": 0.07, ""atr_pct_max"": 0.2, ""up_close"": true, ""strong_close"": false}",477,68.08955807587016,0.2222222222222222,-0.14750163495692825,0.8187419919728788,64.0,0.0020964360587002098,0.23307518779870623,-0.03906578952526061,-0.15382154625571365,2604,650.5544147843942,0.25076804915514594,-0.027299148246132058,0.964820844436715,52.0,0.0038402457757296467,0.25135749650097616,-0.017772517617644534,-0.08612835460858505
t5_wild,pullback,3.0,4.0,8236,"{""family"": ""pullback"", ""min_ddv"": 10000000.0, ""min_price"": 5.0, ""regime"": ""spy200"", ""trend"": true, ""mom_min"": 0.15, ""rsi2_max"": 100.0, ""rsi14_max"": 100.0, ""ret21_max"": 1.0, ""dist_ema20_max"": 1.0, ""dist_ema50_min"": -1.0, ""dist_hh60_min"": -1.0, ""atr_ratio_max"": 10.0, ""vol_ratio_min"": 0.0, ""atr_pct_min"": 0.07, ""atr_pct_max"": 0.2, ""up_close"": true, ""strong_close"": false}",476,67.94681267109894,0.1638655462184874,-0.24427378145446862,0.7212815859036906,70.5,0.008403361344537815,0.233086259860485,-0.06755998436100077,-0.2414910079286836,2567,641.3107460643395,0.19283209972730814,-0.0785789628912937,0.9059061367917778,60.0,0.006622516556291391,0.25120668588110706,-0.03152999040795515,-0.13242595971341162
t5_wild,pullback,3.0,6.0,8236,"{""family"": ""pullback"", ""min_ddv"": 10000000.0, ""min_price"": 5.0, ""regime"": ""spy200"", ""trend"": true, ""mom_min"": 0.15, ""rsi2_max"": 100.0, ""rsi14_max"": 100.0, ""ret21_max"": 1.0, ""dist_ema20_max"": 1.0, ""dist_ema50_min"": -1.0, ""dist_hh60_min"": -1.0, ""atr_ratio_max"": 10.0, ""vol_ratio_min"": 0.0, ""atr_pct_min"": 0.07, ""atr_pct_max"": 0.2, ""up_close"": true, ""strong_close"": false}",471,67.23308564724286,0.11677282377919321,-0.34029424981554784,0.6318460345963084,80.0,0.03184713375796178,0.23338310200074586,-0.09646576418751716,-0.3038671571906791,2487,621.3244353182752,0.13148371531966224,-0.148466638379462,0.8348259939021965,63.0,0.011258544431041415,0.25120668588110706,-0.05199505706425912,-0.2079802282570365
t5_wild,breakout,1.0,0.5,1473,"{""family"": ""breakout"", ""min_ddv"": 10000000.0, ""min_price"": 5.0, ""regime"": ""spy200"", ""trend"": true, ""mom_min"": 0.0, ""rsi2_max"": 100.0, ""rsi14_max"": 100.0, ""ret21_max"": 1.0, ""dist_ema20_max"": 1.0, ""dist_ema50_min"": -1.0, ""dist_hh60_min"": -1.0, ""atr_ratio_max"": 10.0, ""vol_ratio_min"": 0.0, ""atr_pct_min"": 0.07, ""atr_pct_max"": 0.2, ""up_close"": false, ""strong_close"": false}",41,5.852561595619867,0.5853658536585366,-0.20191917963152817,0.5692664894917401,1.0,0.0,0.07344694761473698,-0.01626326223519413,-4.09834208326892,340,84.94182067077344,0.5823529411764706,-0.16705298410198055,0.6252074013137022,1.0,0.0,0.07636443969349768,-0.012525239615228894,-3.1563603830376814
t5_wild,breakout,1.0,1.0,1473,"{""family"": ""breakout"", ""min_ddv"": 10000000.0, ""min_price"": 5.0, ""regime"": ""spy200"", ""trend"": true, ""mom_min"": 0.0, ""rsi2_max"": 100.0, ""rsi14_max"": 100.0, ""ret21_max"": 1.0, ""dist_ema20_max"": 1.0, ""dist_ema50_min"": -1.0, ""dist_hh60_min"": -1.0, ""atr_ratio_max"": 10.0, ""vol_ratio_min"": 0.0, ""atr_pct_min"": 0.07, ""atr_pct_max"": 0.2, ""up_close"": false, ""strong_close"": false}",41,5.852561595619867,0.3902439024390244,-0.342846230162579,0.5211401261363285,2.0,0.0,0.07344694761473698,-0.027315163363178855,-3.4417105837605355,340,84.94182067077344,0.46176470588235297,-0.11831876904487669,0.7951362803211224,2.0,0.0,0.07636443969349768,-0.008630617141015614,-1.0874577597679673
t5_wild,breakout,1.0,2.0,1473,"{""family"": ""breakout"", ""min_ddv"": 10000000.0, ""min_price"": 5.0, ""regime"": ""spy200"", ""trend"": true, ""mom_min"": 0.0, ""rsi2_max"": 100.0, ""rsi14_max"": 100.0, ""ret21_max"": 1.0, ""dist_ema20_max"": 1.0, ""dist_ema50_min"": -1.0, ""dist_hh60_min"": -1.0, ""atr_ratio_max"": 10.0, ""vol_ratio_min"": 0.0, ""atr_pct_min"": 0.07, ""atr_pct_max"": 0.2, ""up_close"": false, ""strong_close"": false}",41,5.852561595619867,0.14634146341463414,-0.7126923239076187,0.2888308758432926,3.0,0.0,0.07344694761473698,-0.05591249205841316,-4.696649332906705,340,84.94182067077344,0.3,-0.14765496537674927,0.8032816835396883,2.0,0.0,0.07636443969349768,-0.01166918656652006,-1.4703175073815276
t5_wild,breakout,1.0,3.0,1473,"{""family"": ""breakout"", ""min_ddv"": 10000000.0, ""min_price"": 5.0, ""regime"": ""spy200"", ""trend"": true, ""mom_min"": 0.0, ""rsi2_max"": 100.0, ""rsi14_max"": 100.0, ""ret21_max"": 1.0, ""dist_ema20_max"": 1.0, ""dist_ema50_min"": -1.0, ""dist_hh60_min"": -1.0, ""atr_ratio_max"": 10.0, ""vol_ratio_min"": 0.0, ""atr_pct_min"": 0.07, ""atr_pct_max"": 0.2, ""up_close"": false, ""strong_close"": false}",41,5.852561595619867,0.0975609756097561,-0.764729400938567,0.27419278743768793,4.0,0.0,0.07344694761473698,-0.05916990254916254,-3.72770386059724,340,84.94182067077344,0.2411764705882353,-0.07608135240387175,0.9064634697582156,3.0,0.0,0.07636443969349768,-0.00624336659690128,-0.5244427941397075
t5_wild,breakout,1.0,4.0,1473,"{""family"": ""breakout"", ""min_ddv"": 10000000.0, ""min_price"": 5.0, ""regime"": ""spy200"", ""trend"": true, ""mom_min"": 0.0, ""rsi2_max"": 100.0, ""rsi14_max"": 100.0, ""ret21_max"": 1.0, ""dist_ema20_max"": 1.0, ""dist_ema50_min"": -1.0, ""dist_hh60_min"": -1.0, ""atr_ratio_max"": 10.0, ""vol_ratio_min"": 0.0, ""atr_pct_min"": 0.07, ""atr_pct_max"": 0.2, ""up_close"": false, ""strong_close"": false}",41,5.852561595619867,0.07317073170731707,-0.7886017667618912,0.2693533637312655,4.0,0.0,0.07344694761473698,-0.06073251032532924,-3.826148150495742,340,84.94182067077344,0.19705882352941176,-0.057068123350176615,0.9337331745708684,3.0,0.0,0.07636443969349768,-0.004695187339773921,-0.39439573654100935
t5_wild,breakout,1.0,6.0,1473,"{""family"": ""breakout"", ""min_ddv"": 10000000.0, ""min_price"": 5.0, ""regime"": ""spy200"", ""trend"": true, ""mom_min"": 0.0, ""rsi2_max"": 100.0, ""rsi14_max"": 100.0, ""ret21_max"": 1.0, ""dist_ema20_max"": 1.0, ""dist_ema50_min"": -1.0, ""dist_hh60_min"": -1.0, ""atr_ratio_max"": 10.0, ""vol_ratio_min"": 0.0, ""atr_pct_min"": 0.07, ""atr_pct_max"": 0.2, ""up_close"": false, ""strong_close"": false}",41,5.852561595619867,0.024390243902439025,-0.9858157841839267,0.12815217841604182,4.0,0.0,0.07344694761473698,-0.07459349692695676,-4.699390306398276,340,84.94182067077344,0.15,0.00021378264649606936,1.0002347982927595,3.0,0.0,0.07636443969349768,0.0002535430175508136,0.021297613474268343
t5_wild,breakout,1.5,0.5,1473,"{""family"": ""breakout"", ""min_ddv"": 10000000.0, ""min_price"": 5.0, ""regime"": ""spy200"", ""trend"": true, ""mom_min"": 0.0, ""rsi2_max"": 100.0, ""rsi14_max"": 100.0, ""ret21_max"": 1.0, ""dist_ema20_max"": 1.0, ""dist_ema50_min"": -1.0, ""dist_hh60_min"": -1.0, ""atr_ratio_max"": 10.0, ""vol_ratio_min"": 0.0, ""atr_pct_min"": 0.07, ""atr_pct_max"": 0.2, ""up_close"": false, ""strong_close"": false}",41,5.852561595619867,0.6585365853658537,-0.04653875303655189,0.8702725635742139,2.0,0.0,0.11017042142210541,-0.007247700531564106,-0.9132102669770774,340,84.94182067077344,0.6294117647058823,-0.08310971101079305,0.7888609845603205,2.0,0.0,0.1145466595402464,-0.008718119427489712,-1.0984830478637038
t5_wild,breakout,1.5,1.0,1473,"{""family"": ""breakout"", ""min_ddv"": 10000000.0, ""min_price"": 5.0, ""regime"": ""spy200"", ""trend"": true, ""mom_min"": 0.0, ""rsi2_max"": 100.0, ""rsi14_max"": 100.0, ""ret21_max"": 1.0, ""dist_ema20_max"": 1.0, ""dist_ema50_min"": -1.0, ""dist_hh60_min"": -1.0, ""atr_ratio_max"": 10.0, ""vol_ratio_min"": 0.0, ""atr_pct_min"": 0.07, ""atr_pct_max"": 0.2, ""up_close"": false, ""strong_close"": false}",41,5.852561595619867,0.3170731707317073,-0.40281465559245616,0.43642290440135173,6.0,0.0,0.11017042142210541,-0.048148070757468,-2.022218971813656,340,84.94182067077344,0.4764705882352941,-0.07604601922327747,0.8626790107558128,3.0,0.0,0.1145466595402464,-0.008058070888594778,-0.6768779546419613
t5_wild,breakout,1.5,2.0,1473,"{""family"": ""breakout"", ""min_ddv"": 10000000.0, ""min_price"": 5.0, ""regime"": ""spy200"", ""trend"": true, ""mom_min"": 0.0, ""rsi2_max"": 100.0, ""rsi14_max"": 100.0, ""ret21_max"": 1.0, ""dist_ema20_max"": 1.0, ""dist_ema50_min"": -1.0, ""dist_hh60_min"": -1.0, ""atr_ratio_max"": 10.0, ""vol_ratio_min"": 0.0, ""atr_pct_min"": 0.07, ""atr_pct_max"": 0.2, ""up_close"": false, ""strong_close"": false}",41,5.852561595619867,0.12195121951219512,-0.6789934787748739,0.2617942531225922,8.0,0.0,0.11017042142210541,-0.07909726664938921,-2.49156389945576,340,84.94182067077344,0.3205882352941177,-0.06985656153505182,0.9028243327678238,5.0,0.0,0.1145466595402464,-0.006823300488705707,-0.3438943446307676
t5_wild,breakout,1.5,3.0,1473,"{""family"": ""breakout"", ""min_ddv"": 10000000.0, ""min_price"": 5.0, ""regime"": ""spy200"", ""trend"": true, ""mom_min"": 0.0, ""rsi2_max"": 100.0, ""rsi14_max"": 100.0, ""ret21_max"": 1.0, ""dist_ema20_max"": 1.0, ""dist_ema50_min"": -1.0, ""dist_hh60_min"": -1.0, ""atr_ratio_max"": 10.0, ""vol_ratio_min"": 0.0, ""atr_pct_min"": 0.07, ""atr_pct_max"": 0.2, ""up_close"": false, ""strong_close"": false}",41,5.852561595619867,0.04878048780487805,-0.8505884527218739,0.14561746807889678,11.0,0.0,0.11017042142210541,-0.09710185540197641,-2.224515232845278,340,84.94182067077344,0.24705882352941178,-0.04321719957770513,0.9456927599533823,6.0,0.0,0.1145466595402464,-0.003680341092152227,-0.15457432587039352
t5_wild,breakout,1.5,4.0,1473,"{""family"": ""breakout"", ""min_ddv"": 10000000.0, ""min_price"": 5.0, ""regime"": ""spy200"", ""trend"": true, ""mom_min"": 0.0, ""rsi2_max"": 100.0, ""rsi14_max"": 100.0, ""ret21_max"": 1.0, ""dist_ema20_max"": 1.0, ""dist_ema50_min"": -1.0, ""dist_hh60_min"": -1.0, ""atr_ratio_max"": 10.0, ""vol_ratio_min"": 0.0, ""atr_pct_min"": 0.07, ""atr_pct_max"": 0.2, ""up_close"": false, ""strong_close"": false}",41,5.852561595619867,0.024390243902439025,-0.924183842754068,0.09463566247396225,11.0,0.0,0.11017042142210541,-0.10504067462339745,-2.4063863640996503,340,84.94182067077344,0.2088235294117647,0.007262314156966914,1.00869337502406,6.0,0.0,0.1145466595402464,0.002179599842407059,0.09154319338109647
t5_wild,breakout,1.5,6.0,1473,"{""family"": ""breakout"", ""min_ddv"": 10000000.0, ""min_price"": 5.0, ""regime"": ""spy200"", ""trend"": true, ""mom_min"": 0.0, ""rsi2_max"": 100.0, ""rsi14_max"": 100.0, ""ret21_max"": 1.0, ""dist_ema20_max"": 1.0, ""dist_ema50_min"": -1.0, ""dist_hh60_min"": -1.0, ""atr_ratio_max"": 10.0, ""vol_ratio_min"": 0.0, ""atr_pct_min"": 0.07, ""atr_pct_max"": 0.2, ""up_close"": false, ""strong_close"": false}",41,5.852561595619867,0.024390243902439025,-0.8715120937126317,0.14623483676284627,11.0,0.0,0.11017042142210541,-0.0987504117393153,-2.2622821598461322,340,84.94182067077344,0.16176470588235295,0.086205143803589,1.0974979470063226,7.0,0.0,0.1145466595402464,0.010551294984373152,0.3798466194374335
t5_wild,breakout,2.0,0.5,1473,"{""family"": ""breakout"", ""min_ddv"": 10000000.0, ""min_price"": 5.0, ""regime"": ""spy200"", ""trend"": true, ""mom_min"": 0.0, ""rsi2_max"": 100.0, ""rsi14_max"": 100.0, ""ret21_max"": 1.0, ""dist_ema20_max"": 1.0, ""dist_ema50_min"": -1.0, ""dist_hh60_min"": -1.0, ""atr_ratio_max"": 10.0, ""vol_ratio_min"": 0.0, ""atr_pct_min"": 0.07, ""atr_pct_max"": 0.2, ""up_close"": false, ""strong_close"": false}",41,5.852561595619867,0.6585365853658537,-0.036065806973299024,0.8973792330119331,6.0,0.0,0.14689389522947383,-0.006325917950745655,-0.2656885539313175,340,84.94182067077344,0.6441176470588236,-0.05021208107938242,0.8648121585556229,3.0,0.0,0.15272887938699528,-0.007167310416591074,-0.6020540749936502
t5_wild,breakout,2.0,1.0,1473,"{""family"": ""breakout"", ""min_ddv"": 10000000.0, ""min_price"": 5.0, ""regime"": ""spy200"", ""trend"": true, ""mom_min"": 0.0, ""rsi2_max"": 100.0, ""rsi14_max"": 100.0, ""ret21_max"": 1.0, ""dist_ema20_max"": 1.0, ""dist_ema50_min"": -1.0, ""dist_hh60_min"": -1.0, ""atr_ratio_max"": 10.0, ""vol_ratio_min"": 0.0, ""atr_pct_min"": 0.07, ""atr_pct_max"": 0.2, ""up_close"": false, ""strong_close"": false}",41,5.852561595619867,0.36585365853658536,-0.2932602371494401,0.5511794073807424,9.0,0.0,0.14689389522947383,-0.04585972033480439,-1.284072169374523,340,84.94182067077344,0.4676470588235294,-0.08409655979142576,0.8487285376657525,5.0,0.0,0.15272887938699528,-0.01236827490804386,-0.6233610553654105
t5_wild,breakout,2.0,2.0,1473,"{""family"": ""breakout"", ""min_ddv"": 10000000.0, ""min_price"": 5.0, ""regime"": ""spy200"", ""trend"": true, ""mom_min"": 0.0, ""rsi2_max"": 100.0, ""rsi14_max"": 100.0, ""ret21_max"": 1.0, ""dist_ema20_max"": 1.0, ""dist_ema50_min"": -1.0, ""dist_hh60_min"": -1.0, ""atr_ratio_max"": 10.0, ""vol_ratio_min"": 0.0, ""atr_pct_min"": 0.07, ""atr_pct_max"": 0.2, ""up_close"": false, ""strong_close"": false}",41,5.852561595619867,0.1951219512195122,-0.4365487425266553,0.4734272424899293,15.0,0.0,0.14689389522947383,-0.06649656885899098,-1.1171423568310486,340,84.94182067077344,0.3205882352941177,-0.058566753569131824,0.9173298483571587,7.0,0.0,0.15272887938699528,-0.007813532711770632,-0.2812871776237427
t5_wild,breakout,2.0,3.0,1473,"{""family"": ""breakout"", ""min_ddv"": 10000000.0, ""min_price"": 5.0, ""regime"": ""spy200"", ""trend"": true, ""mom_min"": 0.0, ""rsi2_max"": 100.0, ""rsi14_max"": 100.0, ""ret21_max"": 1.0, ""dist_ema20_max"": 1.0, ""dist_ema50_min"": -1.0, ""dist_hh60_min"": -1.0, ""atr_ratio_max"": 10.0, ""vol_ratio_min"": 0.0, ""atr_pct_min"": 0.07, ""atr_pct_max"": 0.2, ""up_close"": false, ""strong_close"": false}",41,5.852561595619867,0.14634146341463414,-0.44309259354961866,0.49596104673339614,18.0,0.0,0.14689389522947383,-0.06591123103165727,-0.9227572344432018,340,84.94182067077344,0.24705882352941178,-0.03946915602746643,0.9498035265817294,9.0,0.0,0.15272887938699528,-0.004791912610768686,-0.13417355310152324
t5_wild,breakout,2.0,4.0,1473,"{""family"": ""breakout"", ""min_ddv"": 10000000.0, ""min_price"": 5.0, ""regime"": ""spy200"", ""trend"": true, ""mom_min"": 0.0, ""rsi2_max"": 100.0, ""rsi14_max"": 100.0, ""ret21_max"": 1.0, ""dist_ema20_max"": 1.0, ""dist_ema50_min"": -1.0, ""dist_hh60_min"": -1.0, ""atr_ratio_max"": 10.0, ""vol_ratio_min"": 0.0, ""atr_pct_min"": 0.07, ""atr_pct_max"": 0.2, ""up_close"": false, ""strong_close"": false}",41,5.852561595619867,0.12195121951219512,-0.41932458681823553,0.5364214476292818,18.0,0.0,0.14689389522947383,-0.0650747090201785,-0.911045926282499,339,84.69199178644763,0.18584070796460178,-0.10279177474224342,0.8790771985347627,10.0,0.0,0.15271066546564968,-0.01606235829630717,-0.4047714290669407
t5_wild,breakout,2.0,6.0,1473,"{""family"": ""breakout"", ""min_ddv"": 10000000.0, ""min_price"": 5.0, ""regime"": ""spy200"", ""trend"": true, ""mom_min"": 0.0, ""rsi2_max"": 100.0, ""rsi14_max"": 100.0, ""ret21_max"": 1.0, ""dist_ema20_max"": 1.0, ""dist_ema50_min"": -1.0, ""dist_hh60_min"": -1.0, ""atr_ratio_max"": 10.0, ""vol_ratio_min"": 0.0, ""atr_pct_min"": 0.07, ""atr_pct_max"": 0.2, ""up_close"": false, ""strong_close"": false}",41,5.852561595619867,0.12195121951219512,-0.17549531852555256,0.805983554822701,18.0,0.0,0.14689389522947383,-0.02838874790784566,-0.3974424707098392,339,84.69199178644763,0.15634218289085547,0.054176248027655444,1.0614510266503747,10.0,0.0,0.15271066546564968,0.00820904090953977,0.20686783092040223
t5_wild,breakout,3.0,0.5,1473,"{""family"": ""breakout"", ""min_ddv"": 10000000.0, ""min_price"": 5.0, ""regime"": ""spy200"", ""trend"": true, ""mom_min"": 0.0, ""rsi2_max"": 100.0, ""rsi14_max"": 100.0, ""ret21_max"": 1.0, ""dist_ema20_max"": 1.0, ""dist_ema50_min"": -1.0, ""dist_hh60_min"": -1.0, ""atr_ratio_max"": 10.0, ""vol_ratio_min"": 0.0, ""atr_pct_min"": 0.07, ""atr_pct_max"": 0.2, ""up_close"": false, ""strong_close"": false}",41,5.852561595619867,0.5365853658536586,-0.261492775428485,0.5014797775063609,9.0,0.0,0.22034084284421082,-0.06097237294196916,-1.7072264423751364,340,84.94182067077344,0.6735294117647059,-0.005228456677761408,0.9846368378158934,6.0,0.0,0.22909331908049288,-0.0020768897940406338,-0.08722937134970661
t5_wild,breakout,3.0,1.0,1473,"{""family"": ""breakout"", ""min_ddv"": 10000000.0, ""min_price"": 5.0, ""regime"": ""spy200"", ""trend"": true, ""mom_min"": 0.0, ""rsi2_max"": 100.0, ""rsi14_max"": 100.0, ""ret21_max"": 1.0, ""dist_ema20_max"": 1.0, ""dist_ema50_min"": -1.0, ""dist_hh60_min"": -1.0, ""atr_ratio_max"": 10.0, ""vol_ratio_min"": 0.0, ""atr_pct_min"": 0.07, ""atr_pct_max"": 0.2, ""up_close"": false, ""strong_close"": false}",41,5.852561595619867,0.3902439024390244,-0.3379636391676646,0.5326995597233158,21.0,0.0,0.22034084284421082,-0.07438337255007739,-0.8926004706009287,340,84.94182067077344,0.5264705882352941,0.04172504490211511,1.0848069429465714,11.0,0.0,0.22909331908049288,0.010982746615027223,0.25160474063516913
t5_wild,breakout,3.0,2.0,1473,"{""family"": ""breakout"", ""min_ddv"": 10000000.0, ""min_price"": 5.0, ""regime"": ""spy200"", ""trend"": true, ""mom_min"": 0.0, ""rsi2_max"": 100.0, ""rsi14_max"": 100.0, ""ret21_max"": 1.0, ""dist_ema20_max"": 1.0, ""dist_ema50_min"": -1.0, ""dist_hh60_min"": -1.0, ""atr_ratio_max"": 10.0, ""vol_ratio_min"": 0.0, ""atr_pct_min"": 0.07, ""atr_pct_max"": 0.2, ""up_close"": false, ""strong_close"": false}",41,5.852561595619867,0.21951219512195122,-0.4633789585832898,0.48484682319329375,28.0,0.0,0.22034084284421082,-0.10499885133696463,-0.9449896620326816,340,84.94182067077344,0.3558823529411765,0.04948134887561591,1.0741712502014071,18.0,0.0,0.22909331908049288,0.013420388325036616,0.1878854365505126
t5_wild,breakout,3.0,3.0,1473,"{""family"": ""breakout"", ""min_ddv"": 10000000.0, ""min_price"": 5.0, ""regime"": ""spy200"", ""trend"": true, ""mom_min"": 0.0, ""rsi2_max"": 100.0, ""rsi14_max"": 100.0, ""ret21_max"": 1.0, ""dist_ema20_max"": 1.0, ""dist_ema50_min"": -1.0, ""dist_hh60_min"": -1.0, ""atr_ratio_max"": 10.0, ""vol_ratio_min"": 0.0, ""atr_pct_min"": 0.07, ""atr_pct_max"": 0.2, ""up_close"": false, ""strong_close"": false}",41,5.852561595619867,0.17073170731707318,-0.43727712231927657,0.5392277975271589,29.0,0.0,0.22034084284421082,-0.1016436190344733,-0.883247999885768,339,84.69199178644763,0.2831858407079646,0.1074082750755036,1.1448816766589769,22.0,0.0,0.2290659981984746,0.024763712168573423,0.28365706665820467
t5_wild,breakout,3.0,4.0,1473,"{""family"": ""breakout"", ""min_ddv"": 10000000.0, ""min_price"": 5.0, ""regime"": ""spy200"", ""trend"": true, ""mom_min"": 0.0, ""rsi2_max"": 100.0, ""rsi14_max"": 100.0, ""ret21_max"": 1.0, ""dist_ema20_max"": 1.0, ""dist_ema50_min"": -1.0, ""dist_hh60_min"": -1.0, ""atr_ratio_max"": 10.0, ""vol_ratio_min"": 0.0, ""atr_pct_min"": 0.07, ""atr_pct_max"": 0.2, ""up_close"": false, ""strong_close"": false}",41,5.852561595619867,0.17073170731707318,-0.2684731816517267,0.7171016435562929,29.0,0.0,0.22034084284421082,-0.06387819541799916,-0.5550794912184756,338,84.44216290212184,0.23668639053254437,0.15878484162392448,1.2021719578364043,24.0,0.008875739644970414,0.22909331908049288,0.03668430974427552,0.3851852523148929
t5_wild,breakout,3.0,6.0,1473,"{""family"": ""breakout"", ""min_ddv"": 10000000.0, ""min_price"": 5.0, ""regime"": ""spy200"", ""trend"": true, ""mom_min"": 0.0, ""rsi2_max"": 100.0, ""rsi14_max"": 100.0, ""ret21_max"": 1.0, ""dist_ema20_max"": 1.0, ""dist_ema50_min"": -1.0, ""dist_hh60_min"": -1.0, ""atr_ratio_max"": 10.0, ""vol_ratio_min"": 0.0, ""atr_pct_min"": 0.07, ""atr_pct_max"": 0.2, ""up_close"": false, ""strong_close"": false}",40,5.709816190848651,0.125,-0.3563820543966091,0.6518062362715861,28.5,0.025,0.22090302485555025,-0.08338120922428119,-0.7372654289304862,334,83.44284736481862,0.18562874251497005,0.279371371474306,1.3332715985045107,25.5,0.008982035928143712,0.22909331908049288,0.06332874532148076,0.6258370125887511
t5_wild,breakout,1.0,0.5,785,"{""family"": ""breakout"", ""min_ddv"": 10000000.0, ""min_price"": 5.0, ""regime"": ""spy200"", ""trend"": true, ""mom_min"": 0.15, ""rsi2_max"": 100.0, ""rsi14_max"": 100.0, ""ret21_max"": 1.0, ""dist_ema20_max"": 1.0, ""dist_ema50_min"": -1.0, ""dist_hh60_min"": -1.0, ""atr_ratio_max"": 10.0, ""vol_ratio_min"": 1.3, ""atr_pct_min"": 0.07, ""atr_pct_max"": 0.2, ""up_close"": false, ""strong_close"": false}",22,3.1403989049667578,0.5454545454545454,-0.28911028249412546,0.46154416714519936,1.0,0.0,0.07318032313824194,-0.024055477398838485,-6.061980304507299,172,42.97056810403833,0.5755813953488372,-0.181862259717422,0.5971315374734177,1.0,0.0,0.07741350628703575,-0.013930793395165703,-3.510559935581757
t5_wild,breakout,1.0,1.0,785,"{""family"": ""breakout"", ""min_ddv"": 10000000.0, ""min_price"": 5.0, ""regime"": ""spy200"", ""trend"": true, ""mom_min"": 0.15, ""rsi2_max"": 100.0, ""rsi14_max"": 100.0, ""ret21_max"": 1.0, ""dist_ema20_max"": 1.0, ""dist_ema50_min"": -1.0, ""dist_hh60_min"": -1.0, ""atr_ratio_max"": 10.0, ""vol_ratio_min"": 1.3, ""atr_pct_min"": 0.07, ""atr_pct_max"": 0.2, ""up_close"": false, ""strong_close"": false}",22,3.1403989049667578,0.45454545454545453,-0.2213873917184771,0.6619550253464694,2.0,0.0,0.07318032313824194,-0.01882012588395819,-2.371335861378732,172,42.97056810403833,0.46511627906976744,-0.11859686542865443,0.792224528440945,1.0,0.0,0.07741350628703575,-0.008771652034749432,-2.210456312756857
t5_wild,breakout,1.0,2.0,785,"{""family"": ""breakout"", ""min_ddv"": 10000000.0, ""min_price"": 5.0, ""regime"": ""spy200"", ""trend"": true, ""mom_min"": 0.15, ""rsi2_max"": 100.0, ""rsi14_max"": 100.0, ""ret21_max"": 1.0, ""dist_ema20_max"": 1.0, ""dist_ema50_min"": -1.0, ""dist_hh60_min"": -1.0, ""atr_ratio_max"": 10.0, ""vol_ratio_min"": 1.3, ""atr_pct_min"": 0.07, ""atr_pct_max"": 0.2, ""up_close"": false, ""strong_close"": false}",22,3.1403989049667578,0.18181818181818182,-0.619021243971627,0.36546921059125204,3.0,0.0,0.07318032313824194,-0.048800037974562754,-4.099203189863272,172,42.97056810403833,0.32558139534883723,-0.07238518340305138,0.8998128548070314,2.0,0.0,0.07741350628703575,-0.005192307699289203,-0.6542307701104396
t5_wild,breakout,1.0,3.0,785,"{""family"": ""breakout"", ""min_ddv"": 10000000.0, ""min_price"": 5.0, ""regime"": ""spy200"", ""trend"": true, ""mom_min"": 0.15, ""rsi2_max"": 100.0, ""rsi14_max"": 100.0, ""ret21_max"": 1.0, ""dist_ema20_max"": 1.0, ""dist_ema50_min"": -1.0, ""dist_hh60_min"": -1.0, ""atr_ratio_max"": 10.0, ""vol_ratio_min"": 1.3, ""atr_pct_min"": 0.07, ""atr_pct_max"": 0.2, ""up_close"": false, ""strong_close"": false}",22,3.1403989049667578,0.09090909090909091,-0.8025994379672113,0.2509608808759557,3.0,0.0,0.07318032313824194,-0.061109013836075816,-5.133157162230368,172,42.97056810403833,0.2558139534883721,-0.013929657714412213,0.982515467963538,2.0,0.0,0.07741350628703575,-0.0003034156299080876,-0.03823036936841904
t5_wild,breakout,1.0,4.0,785,"{""family"": ""breakout"", ""min_ddv"": 10000000.0, ""min_price"": 5.0, ""regime"": ""spy200"", ""trend"": true, ""mom_min"": 0.15, ""rsi2_max"": 100.0, ""rsi14_max"": 100.0, ""ret21_max"": 1.0, ""dist_ema20_max"": 1.0, ""dist_ema50_min"": -1.0, ""dist_hh60_min"": -1.0, ""atr_ratio_max"": 10.0, ""vol_ratio_min"": 1.3, ""atr_pct_min"": 0.07, ""atr_pct_max"": 0.2, ""up_close"": false, ""strong_close"": false}",22,3.1403989049667578,0.045454545454545456,-0.9397959929520855,0.16043926555948138,3.0,0.0,0.07318032313824194,-0.07071033347538686,-5.939668011932496,172,42.97056810403833,0.20348837209302326,-0.023232782668774602,0.97281985948021,3.0,0.0,0.07741350628703575,-0.0008667235077773636,-0.07280477465329854
t5_wild,breakout,1.0,6.0,785,"{""family"": ""breakout"", ""min_ddv"": 10000000.0, ""min_price"": 5.0, ""regime"": ""spy200"", ""trend"": true, ""mom_min"": 0.15, ""rsi2_max"": 100.0, ""rsi14_max"": 100.0, ""ret21_max"": 1.0, ""dist_ema20_max"": 1.0, ""dist_ema50_min"": -1.0, ""dist_hh60_min"": -1.0, ""atr_ratio_max"": 10.0, ""vol_ratio_min"": 1.3, ""atr_pct_min"": 0.07, ""atr_pct_max"": 0.2, ""up_close"": false, ""strong_close"": false}",22,3.1403989049667578,0.045454545454545456,-0.8493413233228573,0.24124636565036378,3.0,0.0,0.07318032313824194,-0.06350870374135194,-5.334731114273563,172,42.97056810403833,0.14534883720930233,-0.026397376766342982,0.971163823741372,3.0,0.0,0.07741350628703575,-0.0009778656117600615,-0.08214071138784516
t5_wild,breakout,1.5,0.5,785,"{""family"": ""breakout"", ""min_ddv"": 10000000.0, ""min_price"": 5.0, ""regime"": ""spy200"", ""trend"": true, ""mom_min"": 0.15, ""rsi2_max"": 100.0, ""rsi14_max"": 100.0, ""ret21_max"": 1.0, ""dist_ema20_max"": 1.0, ""dist_ema50_min"": -1.0, ""dist_hh60_min"": -1.0, ""atr_ratio_max"": 10.0, ""vol_ratio_min"": 1.3, ""atr_pct_min"": 0.07, ""atr_pct_max"": 0.2, ""up_close"": false, ""strong_close"": false}",22,3.1403989049667578,0.5909090909090909,-0.15329512684042051,0.6447978032796008,2.0,0.0,0.10977048470736293,-0.020404709536880786,-2.570993401646979,172,42.97056810403833,0.627906976744186,-0.0915909462281338,0.7676750700397533,1.0,0.0,0.11612025943055365,-0.00980778617170042,-2.471562115268506
t5_wild,breakout,1.5,1.0,785,"{""family"": ""breakout"", ""min_ddv"": 10000000.0, ""min_price"": 5.0, ""regime"": ""spy200"", ""trend"": true, ""mom_min"": 0.15, ""rsi2_max"": 100.0, ""rsi14_max"": 100.0, ""ret21_max"": 1.0, ""dist_ema20_max"": 1.0, ""dist_ema50_min"": -1.0, ""dist_hh60_min"": -1.0, ""atr_ratio_max"": 10.0, ""vol_ratio_min"": 1.3, ""atr_pct_min"": 0.07, ""atr_pct_max"": 0.2, ""up_close"": false, ""strong_close"": false}",22,3.1403989049667578,0.3181818181818182,-0.40317415896590103,0.4370664969603603,4.0,0.0,0.10977048470736293,-0.04892711984634695,-3.0824085503198577,172,42.97056810403833,0.4941860465116279,-0.042683415239260336,0.9198860804722157,2.0,0.0,0.11612025943055365,-0.0034727427382319695,-0.43756558501722814
t5_wild,breakout,1.5,2.0,785,"{""family"": ""breakout"", ""min_ddv"": 10000000.0, ""min_price"": 5.0, ""regime"": ""spy200"", ""trend"": true, ""mom_min"": 0.15, ""rsi2_max"": 100.0, ""rsi14_max"": 100.0, ""ret21_max"": 1.0, ""dist_ema20_max"": 1.0, ""dist_ema50_min"": -1.0, ""dist_hh60_min"": -1.0, ""atr_ratio_max"": 10.0, ""vol_ratio_min"": 1.3, ""atr_pct_min"": 0.07, ""atr_pct_max"": 0.2, ""up_close"": false, ""strong_close"": false}",22,3.1403989049667578,0.09090909090909091,-0.7768616064108752,0.18749563687665668,9.5,0.0,0.10977048470736293,-0.08822502413247939,-2.340284850672085,172,42.97056810403833,0.3372093023255814,-0.017373516425972704,0.9751929277432114,4.0,0.0,0.11612025943055365,0.0005643016304137066,0.03555100271606352
t5_wild,breakout,1.5,3.0,785,"{""family"": ""breakout"", ""min_ddv"": 10000000.0, ""min_price"": 5.0, ""regime"": ""spy200"", ""trend"": true, ""mom_min"": 0.15, ""rsi2_max"": 100.0, ""rsi14_max"": 100.0, ""ret21_max"": 1.0, ""dist_ema20_max"": 1.0, ""dist_ema50_min"": -1.0, ""dist_hh60_min"": -1.0, ""atr_ratio_max"": 10.0, ""vol_ratio_min"": 1.3, ""atr_pct_min"": 0.07, ""atr_pct_max"": 0.2, ""up_close"": false, ""strong_close"": false}",22,3.1403989049667578,0.045454545454545456,-0.8683032491280641,0.13444889023641426,13.5,0.0,0.10977048470736293,-0.09765945335646312,-1.8229764626539782,172,42.97056810403833,0.2558139534883721,-0.0021810046912767046,0.9972199447435557,6.0,0.0,0.11612025943055365,0.0029594480867604672,0.12429681964393963
t5_wild,breakout,1.5,4.0,785,"{""family"": ""breakout"", ""min_ddv"": 10000000.0, ""min_price"": 5.0, ""regime"": ""spy200"", ""trend"": true, ""mom_min"": 0.15, ""rsi2_max"": 100.0, ""rsi14_max"": 100.0, ""ret21_max"": 1.0, ""dist_ema20_max"": 1.0, ""dist_ema50_min"": -1.0, ""dist_hh60_min"": -1.0, ""atr_ratio_max"": 10.0, ""vol_ratio_min"": 1.3, ""atr_pct_min"": 0.07, ""atr_pct_max"": 0.2, ""up_close"": false, ""strong_close"": false}",22,3.1403989049667578,0.045454545454545456,-0.8231471057388816,0.17946190851361057,13.5,0.0,0.10977048470736293,-0.09226673300981557,-1.722312349516557,172,42.97056810403833,0.19767441860465115,-0.04277600429227053,0.9493589788037147,6.0,0.0,0.11612025943055365,-0.002299275678191925,-0.09656957848406084
t5_wild,breakout,1.5,6.0,785,"{""family"": ""breakout"", ""min_ddv"": 10000000.0, ""min_price"": 5.0, ""regime"": ""spy200"", ""trend"": true, ""mom_min"": 0.15, ""rsi2_max"": 100.0, ""rsi14_max"": 100.0, ""ret21_max"": 1.0, ""dist_ema20_max"": 1.0, ""dist_ema50_min"": -1.0, ""dist_hh60_min"": -1.0, ""atr_ratio_max"": 10.0, ""vol_ratio_min"": 1.3, ""atr_pct_min"": 0.07, ""atr_pct_max"": 0.2, ""up_close"": false, ""strong_close"": false}",22,3.1403989049667578,0.045454545454545456,-0.7249861188889319,0.27731176821272074,13.5,0.0,0.10977048470736293,-0.0805439703622079,-1.503487446761214,172,42.97056810403833,0.1511627906976744,0.015901728986370055,1.017815283826909,6.5,0.0,0.11612025943055365,0.0034711832658830574,0.13457510507731238
t5_wild,breakout,2.0,0.5,785,"{""family"": ""breakout"", ""min_ddv"": 10000000.0, ""min_price"": 5.0, ""regime"": ""spy200"", ""trend"": true, ""mom_min"": 0.15, ""rsi2_max"": 100.0, ""rsi14_max"": 100.0, ""ret21_max"": 1.0, ""dist_ema20_max"": 1.0, ""dist_ema50_min"": -1.0, ""dist_hh60_min"": -1.0, ""atr_ratio_max"": 10.0, ""vol_ratio_min"": 1.3, ""atr_pct_min"": 0.07, ""atr_pct_max"": 0.2, ""up_close"": false, ""strong_close"": false}",22,3.1403989049667578,0.7272727272727273,0.06696038990643373,1.23840063923662,3.0,0.0,0.14636064627648387,0.008610774459420044,0.7233050545912837,172,42.97056810403833,0.6686046511627907,-0.02354287308528588,0.9324916316948397,2.0,0.0,0.1548270125740715,-0.003170729589370557,-0.39951192826069015
t5_wild,breakout,2.0,1.0,785,"{""family"": ""breakout"", ""min_ddv"": 10000000.0, ""min_price"": 5.0, ""regime"": ""spy200"", ""trend"": true, ""mom_min"": 0.15, ""rsi2_max"": 100.0, ""rsi14_max"": 100.0, ""ret21_max"": 1.0, ""dist_ema20_max"": 1.0, ""dist_ema50_min"": -1.0, ""dist_hh60_min"": -1.0, ""atr_ratio_max"": 10.0, ""vol_ratio_min"": 1.3, ""atr_pct_min"": 0.07, ""atr_pct_max"": 0.2, ""up_close"": false, ""strong_close"": false}",22,3.1403989049667578,0.4090909090909091,-0.20805149130411735,0.6586170772256497,11.0,0.0,0.14636064627648387,-0.031878538363455826,-0.7303083334173516,172,42.97056810403833,0.4941860465116279,-0.037752283932831567,0.9286056962323859,4.0,0.0,0.1548270125740715,-0.00496168769956418,-0.31258632507254336
t5_wild,breakout,2.0,2.0,785,"{""family"": ""breakout"", ""min_ddv"": 10000000.0, ""min_price"": 5.0, ""regime"": ""spy200"", ""trend"": true, ""mom_min"": 0.15, ""rsi2_max"": 100.0, ""rsi14_max"": 100.0, ""ret21_max"": 1.0, ""dist_ema20_max"": 1.0, ""dist_ema50_min"": -1.0, ""dist_hh60_min"": -1.0, ""atr_ratio_max"": 10.0, ""vol_ratio_min"": 1.3, ""atr_pct_min"": 0.07, ""atr_pct_max"": 0.2, ""up_close"": false, ""strong_close"": false}",22,3.1403989049667578,0.22727272727272727,-0.34635501998982715,0.5650477808546354,20.5,0.0,0.14636064627648387,-0.04988528356308717,-0.6132239735559984,172,42.97056810403833,0.31976744186046513,-0.06121069555067379,0.9136505099171376,7.0,0.0,0.1548270125740715,-0.007339835214102365,-0.26423406770768515
t5_wild,breakout,2.0,3.0,785,"{""family"": ""breakout"", ""min_ddv"": 10000000.0, ""min_price"": 5.0, ""regime"": ""spy200"", ""trend"": true, ""mom_min"": 0.15, ""rsi2_max"": 100.0, ""rsi14_max"": 100.0, ""ret21_max"": 1.0, ""dist_ema20_max"": 1.0, ""dist_ema50_min"": -1.0, ""dist_hh60_min"": -1.0, ""atr_ratio_max"": 10.0, ""vol_ratio_min"": 1.3, ""atr_pct_min"": 0.07, ""atr_pct_max"": 0.2, ""up_close"": false, ""strong_close"": false}",22,3.1403989049667578,0.22727272727272727,-0.11936404881157649,0.8501027705090122,21.5,0.0,0.14636064627648387,-0.014654981259008654,-0.1717700128962875,172,42.97056810403833,0.23837209302325582,-0.06943263317709825,0.9125296914664607,8.0,0.0,0.1548270125740715,-0.00823315304876937,-0.25934432103623517
t5_wild,breakout,2.0,4.0,785,"{""family"": ""breakout"", ""min_ddv"": 10000000.0, ""min_price"": 5.0, ""regime"": ""spy200"", ""trend"": true, ""mom_min"": 0.15, ""rsi2_max"": 100.0, ""rsi14_max"": 100.0, ""ret21_max"": 1.0, ""dist_ema20_max"": 1.0, ""dist_ema50_min"": -1.0, ""dist_hh60_min"": -1.0, ""atr_ratio_max"": 10.0, ""vol_ratio_min"": 1.3, ""atr_pct_min"": 0.07, ""atr_pct_max"": 0.2, ""up_close"": false, ""strong_close"": false}",22,3.1403989049667578,0.18181818181818182,-0.1205100362667261,0.8571721959770542,21.5,0.0,0.14636064627648387,-0.02012064519700706,-0.23583267858817578,171,42.72073921971253,0.1871345029239766,-0.09238922253593052,0.8908312913892592,9.0,0.0,0.15461867720607633,-0.012802283176500444,-0.3584639289420124
t5_wild,breakout,2.0,6.0,785,"{""family"": ""breakout"", ""min_ddv"": 10000000.0, ""min_price"": 5.0, ""regime"": ""spy200"", ""trend"": true, ""mom_min"": 0.15, ""rsi2_max"": 100.0, ""rsi14_max"": 100.0, ""ret21_max"": 1.0, ""dist_ema20_max"": 1.0, ""dist_ema50_min"": -1.0, ""dist_hh60_min"": -1.0, ""atr_ratio_max"": 10.0, ""vol_ratio_min"": 1.3, ""atr_pct_min"": 0.07, ""atr_pct_max"": 0.2, ""up_close"": false, ""strong_close"": false}",22,3.1403989049667578,0.18181818181818182,0.24301723646054676,1.2880226352812785,21.5,0.0,0.14636064627648387,0.034199372411741064,0.4008484580352906,171,42.72073921971253,0.16374269005847952,0.108772338829126,1.1249763590405208,10.0,0.0,0.15461867720607633,0.020125199298222853,0.5071550223152159
t5_wild,breakout,3.0,0.5,785,"{""family"": ""breakout"", ""min_ddv"": 10000000.0, ""min_price"": 5.0, ""regime"": ""spy200"", ""trend"": true, ""mom_min"": 0.15, ""rsi2_max"": 100.0, ""rsi14_max"": 100.0, ""ret21_max"": 1.0, ""dist_ema20_max"": 1.0, ""dist_ema50_min"": -1.0, ""dist_hh60_min"": -1.0, ""atr_ratio_max"": 10.0, ""vol_ratio_min"": 1.3, ""atr_pct_min"": 0.07, ""atr_pct_max"": 0.2, ""up_close"": false, ""strong_close"": false}",22,3.1403989049667578,0.5,-0.2652663775322179,0.4801013214080844,9.5,0.0,0.21954096941472578,-0.061878971584138,-1.6414211409687132,172,42.97056810403833,0.7034883720930233,0.0352079284922407,1.1127855156449526,5.0,0.0,0.23224051886110722,0.009277218592336815,0.46757181705377554
t5_wild,breakout,3.0,1.0,785,"{""family"": ""breakout"", ""min_ddv"": 10000000.0, ""min_price"": 5.0, ""regime"": ""spy200"", ""trend"": true, ""mom_min"": 0.15, ""rsi2_max"": 100.0, ""rsi14_max"": 100.0, ""ret21_max"": 1.0, ""dist_ema20_max"": 1.0, ""dist_ema50_min"": -1.0, ""dist_hh60_min"": -1.0, ""atr_ratio_max"": 10.0, ""vol_ratio_min"": 1.3, ""atr_pct_min"": 0.07, ""atr_pct_max"": 0.2, ""up_close"": false, ""strong_close"": false}",22,3.1403989049667578,0.3181818181818182,-0.47371074970092336,0.3986733828747685,20.5,0.0,0.21954096941472578,-0.1049464362836447,-1.2900732655355347,172,42.97056810403833,0.5581395348837209,0.099805125531164,1.216381899576892,10.0,0.0,0.23224051886110722,0.026999065361272126,0.6803764471040575
t5_wild,breakout,3.0,2.0,785,"{""family"": ""breakout"", ""min_ddv"": 10000000.0, ""min_price"": 5.0, ""regime"": ""spy200"", ""trend"": true, ""mom_min"": 0.15, ""rsi2_max"": 100.0, ""rsi14_max"": 100.0, ""ret21_max"": 1.0, ""dist_ema20_max"": 1.0, ""dist_ema50_min"": -1.0, ""dist_hh60_min"": -1.0, ""atr_ratio_max"": 10.0, ""vol_ratio_min"": 1.3, ""atr_pct_min"": 0.07, ""atr_pct_max"": 0.2, ""up_close"": false, ""strong_close"": false}",22,3.1403989049667578,0.2727272727272727,-0.2923353175467446,0.6494722321102964,25.0,0.0,0.21954096941472578,-0.062045155893609615,-0.625415171407585,172,42.97056810403833,0.3546511627906977,0.044338765236698344,1.0662084696010703,18.0,0.0,0.23224051886110722,0.015309889018677025,0.21433844626147835
t5_wild,breakout,3.0,3.0,785,"{""family"": ""breakout"", ""min_ddv"": 10000000.0, ""min_price"": 5.0, ""regime"": ""spy200"", ""trend"": true, ""mom_min"": 0.15, ""rsi2_max"": 100.0, ""rsi14_max"": 100.0, ""ret21_max"": 1.0, ""dist_ema20_max"": 1.0, ""dist_ema50_min"": -1.0, ""dist_hh60_min"": -1.0, ""atr_ratio_max"": 10.0, ""vol_ratio_min"": 1.3, ""atr_pct_min"": 0.07, ""atr_pct_max"": 0.2, ""up_close"": false, ""strong_close"": false}",22,3.1403989049667578,0.22727272727272727,-0.1980005973628912,0.7750091785287452,25.0,0.0,0.21954096941472578,-0.04712909662194209,-0.4750612939491763,171,42.72073921971253,0.30409356725146197,0.19023347503840315,1.2636322208923643,20.0,0.0,0.23192801580911435,0.04653096102959419,0.5862901089728868
t5_wild,breakout,3.0,4.0,785,"{""family"": ""breakout"", ""min_ddv"": 10000000.0, ""min_price"": 5.0, ""regime"": ""spy200"", ""trend"": true, ""mom_min"": 0.15, ""rsi2_max"": 100.0, ""rsi14_max"": 100.0, ""ret21_max"": 1.0, ""dist_ema20_max"": 1.0, ""dist_ema50_min"": -1.0, ""dist_hh60_min"": -1.0, ""atr_ratio_max"": 10.0, ""vol_ratio_min"": 1.3, ""atr_pct_min"": 0.07, ""atr_pct_max"": 0.2, ""up_close"": false, ""strong_close"": false}",22,3.1403989049667578,0.22727272727272727,0.025706746608451837,1.0292109322588991,25.0,0.0,0.21954096941472578,0.002601655405336101,0.026224686485787897,170,42.47091033538672,0.2647058823529412,0.2935028026652692,1.3853122150791428,22.5,0.0,0.23224051886110722,0.07363916135053326,0.8247586071259726
t5_wild,breakout,3.0,6.0,785,"{""family"": ""breakout"", ""min_ddv"": 10000000.0, ""min_price"": 5.0, ""regime"": ""spy200"", ""trend"": true, ""mom_min"": 0.15, ""rsi2_max"": 100.0, ""rsi14_max"": 100.0, ""ret21_max"": 1.0, ""dist_ema20_max"": 1.0, ""dist_ema50_min"": -1.0, ""dist_hh60_min"": -1.0, ""atr_ratio_max"": 10.0, ""vol_ratio_min"": 1.3, ""atr_pct_min"": 0.07, ""atr_pct_max"": 0.2, ""up_close"": false, ""strong_close"": false}",21,2.9976535001955416,0.19047619047619047,0.22464902257885827,1.2436685327133852,23.0,0.0,0.2195160532228817,0.04765727769112341,0.5221579990505696,169,42.22108145106092,0.21301775147928995,0.4727912077172578,1.5805637022700305,24.0,0.0,0.23192801580911435,0.11807075523009895,1.239742929916039
t5_wild,meanrev,1.0,0.5,6539,"{""family"": ""meanrev"", ""min_ddv"": 10000000.0, ""min_price"": 5.0, ""regime"": ""spy200"", ""trend"": true, ""mom_min"": 0.0, ""rsi2_max"": 10.0, ""rsi14_max"": 100.0, ""ret21_max"": 1.0, ""dist_ema20_max"": 0.0, ""dist_ema50_min"": -1.0, ""dist_hh60_min"": -1.0, ""atr_ratio_max"": 10.0, ""vol_ratio_min"": 0.0, ""atr_pct_min"": 0.07, ""atr_pct_max"": 0.2, ""up_close"": false, ""strong_close"": false}",430,61.38052405162299,0.727906976744186,0.09389121363744138,1.324603538005197,2.0,0.0,0.08002049269436728,0.007458245313895112,0.9397389095507841,2115,528.3880903490759,0.6553191489361702,-0.06146132772596667,0.8355870834031268,2.0,0.0,0.08564292586027904,-0.005180572866379486,-0.6527521811638153
t5_wild,meanrev,1.0,1.0,6539,"{""family"": ""meanrev"", ""min_ddv"": 10000000.0, ""min_price"": 5.0, ""regime"": ""spy200"", ""trend"": true, ""mom_min"": 0.0, ""rsi2_max"": 10.0, ""rsi14_max"": 100.0, ""ret21_max"": 1.0, ""dist_ema20_max"": 0.0, ""dist_ema50_min"": -1.0, ""dist_hh60_min"": -1.0, ""atr_ratio_max"": 10.0, ""vol_ratio_min"": 0.0, ""atr_pct_min"": 0.07, ""atr_pct_max"": 0.2, ""up_close"": false, ""strong_close"": false}",430,61.38052405162299,0.5441860465116279,0.08292305268350421,1.1695578382512304,4.0,0.0,0.08002049269436728,0.008124988852728894,0.5118742977219203,2115,528.3880903490759,0.4888888888888889,-0.07493974558434652,0.864869317572745,3.0,0.0,0.08564292586027904,-0.006711704722372859,-0.5637831966793202
t5_wild,meanrev,1.0,2.0,6539,"{""family"": ""meanrev"", ""min_ddv"": 10000000.0, ""min_price"": 5.0, ""regime"": ""spy200"", ""trend"": true, ""mom_min"": 0.0, ""rsi2_max"": 10.0, ""rsi14_max"": 100.0, ""ret21_max"": 1.0, ""dist_ema20_max"": 0.0, ""dist_ema50_min"": -1.0, ""dist_hh60_min"": -1.0, ""atr_ratio_max"": 10.0, ""vol_ratio_min"": 0.0, ""atr_pct_min"": 0.07, ""atr_pct_max"": 0.2, ""up_close"": false, ""strong_close"": false}",430,61.38052405162299,0.32790697674418606,-0.04004417157874053,0.9446766413122482,6.0,0.0,0.08002049269436728,-0.0071299222981942275,-0.29945673652415755,2115,528.3880903490759,0.30685579196217494,-0.15266088779535206,0.7994315609755249,6.0,0.0,0.08564292586027904,-0.01620454128583405,-0.6805907340050301
t5_wild,meanrev,1.0,3.0,6539,"{""family"": ""meanrev"", ""min_ddv"": 10000000.0, ""min_price"": 5.0, ""regime"": ""spy200"", ""trend"": true, ""mom_min"": 0.0, ""rsi2_max"": 10.0, ""rsi14_max"": 100.0, ""ret21_max"": 1.0, ""dist_ema20_max"": 0.0, ""dist_ema50_min"": -1.0, ""dist_hh60_min"": -1.0, ""atr_ratio_max"": 10.0, ""vol_ratio_min"": 0.0, ""atr_pct_min"": 0.07, ""atr_pct_max"": 0.2, ""up_close"": false, ""strong_close"": false}",430,61.38052405162299,0.2627906976744186,0.02019323721703553,1.0253008819712122,8.0,0.0,0.08002049269436728,-0.004828338938180932,-0.15209267655269937,2115,528.3880903490759,0.22695035460992907,-0.1685306445921052,0.8021300617253272,7.0,0.0,0.08564292586027904,-0.01886479932163829,-0.6791327755789786
t5_wild,meanrev,1.0,4.0,6539,"{""family"": ""meanrev"", ""min_ddv"": 10000000.0, ""min_price"": 5.0, ""regime"": ""spy200"", ""trend"": true, ""mom_min"": 0.0, ""rsi2_max"": 10.0, ""rsi14_max"": 100.0, ""ret21_max"": 1.0, ""dist_ema20_max"": 0.0, ""dist_ema50_min"": -1.0, ""dist_hh60_min"": -1.0, ""atr_ratio_max"": 10.0, ""vol_ratio_min"": 0.0, ""atr_pct_min"": 0.07, ""atr_pct_max"": 0.2, ""up_close"": false, ""strong_close"": false}",430,61.38052405162299,0.2116279069767442,0.030852060600322806,1.0359118502867417,9.0,0.0,0.08002049269436728,-0.0034893674660566726,-0.09770228904958683,2115,528.3880903490759,0.1867612293144208,-0.14520521947240245,0.8376882171101954,7.0,0.0,0.08564292586027904,-0.01655578456255516,-0.5960082442519857
t5_wild,meanrev,1.0,6.0,6539,"{""family"": ""meanrev"", ""min_ddv"": 10000000.0, ""min_price"": 5.0, ""regime"": ""spy200"", ""trend"": true, ""mom_min"": 0.0, ""rsi2_max"": 10.0, ""rsi14_max"": 100.0, ""ret21_max"": 1.0, ""dist_ema20_max"": 0.0, ""dist_ema50_min"": -1.0, ""dist_hh60_min"": -1.0, ""atr_ratio_max"": 10.0, ""vol_ratio_min"": 0.0, ""atr_pct_min"": 0.07, ""atr_pct_max"": 0.2, ""up_close"": false, ""strong_close"": false}",429,61.23777864685178,0.1655011655011655,0.1125581148580976,1.1236776021631336,9.0,0.0,0.0799939281629528,0.003345268282133798,0.09366751189974634,2112,527.6386036960986,0.14820075757575757,-0.0409101579088945,0.9563220764485866,8.0,0.0,0.08563573128793142,-0.006981914548150736,-0.2199303082667482
t5_wild,meanrev,1.5,0.5,6539,"{""family"": ""meanrev"", ""min_ddv"": 10000000.0, ""min_price"": 5.0, ""regime"": ""spy200"", ""trend"": true, ""mom_min"": 0.0, ""rsi2_max"": 10.0, ""rsi14_max"": 100.0, ""ret21_max"": 1.0, ""dist_ema20_max"": 0.0, ""dist_ema50_min"": -1.0, ""dist_hh60_min"": -1.0, ""atr_ratio_max"": 10.0, ""vol_ratio_min"": 0.0, ""atr_pct_min"": 0.07, ""atr_pct_max"": 0.2, ""up_close"": false, ""strong_close"": false}",430,61.38052405162299,0.7232558139534884,0.08711232757145128,1.299753977045291,3.0,0.0,0.12003073904155095,0.0110802612345323,0.9307419437007133,2115,528.3880903490759,0.675177304964539,-0.014314729003631234,0.9584411158039878,3.0,0.0,0.12846438879041847,-0.0008044345421849828,-0.06757250154353855
t5_wild,meanrev,1.5,1.0,6539,"{""family"": ""meanrev"", ""min_ddv"": 10000000.0, ""min_price"": 5.0, ""regime"": ""spy200"", ""trend"": true, ""mom_min"": 0.0, ""rsi2_max"": 10.0, ""rsi14_max"": 100.0, ""ret21_max"": 1.0, ""dist_ema20_max"": 0.0, ""dist_ema50_min"": -1.0, ""dist_hh60_min"": -1.0, ""atr_ratio_max"": 10.0, ""vol_ratio_min"": 0.0, ""atr_pct_min"": 0.07, ""atr_pct_max"": 0.2, ""up_close"": false, ""strong_close"": false}",430,61.38052405162299,0.5325581395348837,0.06445664279665006,1.1313359830186622,8.0,0.0,0.12003073904155095,0.006036571825114788,0.19015201249111582,2115,528.3880903490759,0.4950354609929078,-0.049298483381623355,0.9088594248501706,7.0,0.0,0.12846438879041847,-0.008604025794748494,-0.30974492861094577
t5_wild,meanrev,1.5,2.0,6539,"{""family"": ""meanrev"", ""min_ddv"": 10000000.0, ""min_price"": 5.0, ""regime"": ""spy200"", ""trend"": true, ""mom_min"": 0.0, ""rsi2_max"": 10.0, ""rsi14_max"": 100.0, ""ret21_max"": 1.0, ""dist_ema20_max"": 0.0, ""dist_ema50_min"": -1.0, ""dist_hh60_min"": -1.0, ""atr_ratio_max"": 10.0, ""vol_ratio_min"": 0.0, ""atr_pct_min"": 0.07, ""atr_pct_max"": 0.2, ""up_close"": false, ""strong_close"": false}",429,61.23777864685178,0.34965034965034963,0.03519388647380142,1.0513138200593701,14.0,0.0,0.11999089224442919,-0.004862533314979679,-0.08752559966963423,2113,527.8884325804244,0.31140558447704686,-0.116032545907346,0.8436290246048493,13.0,0.0,0.12845496675864138,-0.01942852577361321,-0.3766144996115791
t5_wild,meanrev,1.5,3.0,6539,"{""family"": ""meanrev"", ""min_ddv"": 10000000.0, ""min_price"": 5.0, ""regime"": ""spy200"", ""trend"": true, ""mom_min"": 0.0, ""rsi2_max"": 10.0, ""rsi14_max"": 100.0, ""ret21_max"": 1.0, ""dist_ema20_max"": 0.0, ""dist_ema50_min"": -1.0, ""dist_hh60_min"": -1.0, ""atr_ratio_max"": 10.0, ""vol_ratio_min"": 0.0, ""atr_pct_min"": 0.07, ""atr_pct_max"": 0.2, ""up_close"": false, ""strong_close"": false}",428,61.09503324208056,0.2757009345794392,0.08833935358569979,1.115233560415544,17.0,0.0,0.12003073904155095,0.0008859264386382841,0.013132556619814564,2112,527.6386036960986,0.25236742424242425,-0.04618625697335454,0.9426214694797523,16.0,0.0,0.12845359693189712,-0.009519548619580135,-0.14993289075838712
t5_wild,meanrev,1.5,4.0,6539,"{""family"": ""meanrev"", ""min_ddv"": 10000000.0, ""min_price"": 5.0, ""regime"": ""spy200"", ""trend"": true, ""mom_min"": 0.0, ""rsi2_max"": 10.0, ""rsi14_max"": 100.0, ""ret21_max"": 1.0, ""dist_ema20_max"": 0.0, ""dist_ema50_min"": -1.0, ""dist_hh60_min"": -1.0, ""atr_ratio_max"": 10.0, ""vol_ratio_min"": 0.0, ""atr_pct_min"": 0.07, ""atr_pct_max"": 0.2, ""up_close"": false, ""strong_close"": false}",427,60.95228783730934,0.2224824355971897,0.08628969707448807,1.1048655281188144,19.0,0.0,0.11999089224442919,0.0001412222607041159,0.0018730531419703794,2107,526.3894592744696,0.21452301850972946,0.017577217908624168,1.0208024641146518,18.0,0.0,0.12842092486642975,-0.0019488372669006983,-0.027283721736609774
t5_wild,meanrev,1.5,6.0,6539,"{""family"": ""meanrev"", ""min_ddv"": 10000000.0, ""min_price"": 5.0, ""regime"": ""spy200"", ""trend"": true, ""mom_min"": 0.0, ""rsi2_max"": 10.0, ""rsi14_max"": 100.0, ""ret21_max"": 1.0, ""dist_ema20_max"": 0.0, ""dist_ema50_min"": -1.0, ""dist_hh60_min"": -1.0, ""atr_ratio_max"": 10.0, ""vol_ratio_min"": 0.0, ""atr_pct_min"": 0.07, ""atr_pct_max"": 0.2, ""up_close"": false, ""strong_close"": false}",425,60.66679702776691,0.1411764705882353,-0.05449706177781274,0.9399451097850973,21.0,0.0,0.12007058583867272,-0.017444473860477365,-0.20933368632572838,2099,524.3908281998631,0.16436398284897571,0.0854130823169101,1.0950862018700676,19.0,0.0014292520247737017,0.12845496675864138,0.006950527142897853,0.09218593894790837
t5_wild,meanrev,2.0,0.5,6539,"{""family"": ""meanrev"", ""min_ddv"": 10000000.0, ""min_price"": 5.0, ""regime"": ""spy200"", ""trend"": true, ""mom_min"": 0.0, ""rsi2_max"": 10.0, ""rsi14_max"": 100.0, ""ret21_max"": 1.0, ""dist_ema20_max"": 0.0, ""dist_ema50_min"": -1.0, ""dist_hh60_min"": -1.0, ""atr_ratio_max"": 10.0, ""vol_ratio_min"": 0.0, ""atr_pct_min"": 0.07, ""atr_pct_max"": 0.2, ""up_close"": false, ""strong_close"": false}",430,61.38052405162299,0.7418604651162791,0.09945706450935533,1.3457711615059607,6.0,0.0,0.16004098538873457,0.018998502365010432,0.7979370993304382,2114,528.1382614647501,0.6825922421948912,0.005124939244479081,1.0154655996876656,6.0,0.0,0.1712795703660399,0.0007798017564547182,0.032751673771098166
t5_wild,meanrev,2.0,1.0,6539,"{""family"": ""meanrev"", ""min_ddv"": 10000000.0, ""min_price"": 5.0, ""regime"": ""spy200"", ""trend"": true, ""mom_min"": 0.0, ""rsi2_max"": 10.0, ""rsi14_max"": 100.0, ""ret21_max"": 1.0, ""dist_ema20_max"": 0.0, ""dist_ema50_min"": -1.0, ""dist_hh60_min"": -1.0, ""atr_ratio_max"": 10.0, ""vol_ratio_min"": 0.0, ""atr_pct_min"": 0.07, ""atr_pct_max"": 0.2, ""up_close"": false, ""strong_close"": false}",430,61.38052405162299,0.49534883720930234,-0.041566752321162026,0.9247043240221567,14.0,0.0,0.16004098538873457,-0.011533537231621604,-0.20760367016918885,2112,527.6386036960986,0.4990530303030303,-0.029558341756651025,0.9440811375104564,13.0,0.0,0.1712714625758628,-0.008462770540284312,-0.16404755201166513
t5_wild,meanrev,2.0,2.0,6539,"{""family"": ""meanrev"", ""min_ddv"": 10000000.0, ""min_price"": 5.0, ""regime"": ""spy200"", ""trend"": true, ""mom_min"": 0.0, ""rsi2_max"": 10.0, ""rsi14_max"": 100.0, ""ret21_max"": 1.0, ""dist_ema20_max"": 0.0, ""dist_ema50_min"": -1.0, ""dist_hh60_min"": -1.0, ""atr_ratio_max"": 10.0, ""vol_ratio_min"": 0.0, ""atr_pct_min"": 0.07, ""atr_pct_max"": 0.2, ""up_close"": false, ""strong_close"": false}",427,60.95228783730934,0.3395784543325527,-0.029828241245517025,0.9582644952264977,23.0,0.01405152224824356,0.1599878563259056,-0.015293370364511094,-0.16756214486333895,2108,526.6392881587954,0.34819734345351044,0.01106635938882094,1.0160889451804993,23.0,0.0,0.17121855370060662,-0.002250755264529552,-0.024660448985280307
t5_wild,meanrev,2.0,3.0,6539,"{""family"": ""meanrev"", ""min_ddv"": 10000000.0, ""min_price"": 5.0, ""regime"": ""spy200"", ""trend"": true, ""mom_min"": 0.0, ""rsi2_max"": 10.0, ""rsi14_max"": 100.0, ""ret21_max"": 1.0, ""dist_ema20_max"": 0.0, ""dist_ema50_min"": -1.0, ""dist_hh60_min"": -1.0, ""atr_ratio_max"": 10.0, ""vol_ratio_min"": 0.0, ""atr_pct_min"": 0.07, ""atr_pct_max"": 0.2, ""up_close"": false, ""strong_close"": false}",424,60.5240516229957,0.27122641509433965,0.01455576798690252,1.018501875299656,28.0,0.014150943396226415,0.16004098538873457,-0.009503318197071852,-0.08552986377364667,2099,524.3908281998631,0.27584564078132445,0.06894022873800268,1.0903514678385497,29.0,0.0,0.17113072408890292,0.005985455046860726,0.05201154040720355
t5_wild,meanrev,2.0,4.0,6539,"{""family"": ""meanrev"", ""min_ddv"": 10000000.0, ""min_price"": 5.0, ""regime"": ""spy200"", ""trend"": true, ""mom_min"": 0.0, ""rsi2_max"": 10.0, ""rsi14_max"": 100.0, ""ret21_max"": 1.0, ""dist_ema20_max"": 0.0, ""dist_ema50_min"": -1.0, ""dist_hh60_min"": -1.0, ""atr_ratio_max"": 10.0, ""vol_ratio_min"": 0.0, ""atr_pct_min"": 0.07, ""atr_pct_max"": 0.2, ""up_close"": false, ""strong_close"": false}",423,60.38130621822448,0.2033096926713948,-0.07181348918192867,0.9161669694674008,32.0,0.014184397163120567,0.16009411445156352,-0.022018997136269508,-0.1733996024481224,2093,522.8918548939083,0.2283803153368371,0.10162730052862631,1.125029836526265,33.0,0.00047778308647873863,0.17120920757930697,0.011441347026079126,0.08737028638096787
t5_wild,meanrev,2.0,6.0,6539,"{""family"": ""meanrev"", ""min_ddv"": 10000000.0, ""min_price"": 5.0, ""regime"": ""spy200"", ""trend"": true, ""mom_min"": 0.0, ""rsi2_max"": 10.0, ""rsi14_max"": 100.0, ""ret21_max"": 1.0, ""dist_ema20_max"": 0.0, ""dist_ema50_min"": -1.0, ""dist_hh60_min"": -1.0, ""atr_ratio_max"": 10.0, ""vol_ratio_min"": 0.0, ""atr_pct_min"": 0.07, ""atr_pct_max"": 0.2, ""up_close"": false, ""strong_close"": false}",420,59.95307000391083,0.1261904761904762,-0.27378044733005674,0.7142240475748187,34.0,0.02619047619047619,0.16016206861444215,-0.06195578290187965,-0.45920168503746095,2069,516.8959616700889,0.16143064282261962,0.07793709694630122,1.088414784795921,36.0,0.0019333011116481392,0.17118294282253732,0.006838612028716361,0.047870284201014524
t5_wild,meanrev,3.0,0.5,6539,"{""family"": ""meanrev"", ""min_ddv"": 10000000.0, ""min_price"": 5.0, ""regime"": ""spy200"", ""trend"": true, ""mom_min"": 0.0, ""rsi2_max"": 10.0, ""rsi14_max"": 100.0, ""ret21_max"": 1.0, ""dist_ema20_max"": 0.0, ""dist_ema50_min"": -1.0, ""dist_hh60_min"": -1.0, ""atr_ratio_max"": 10.0, ""vol_ratio_min"": 0.0, ""atr_pct_min"": 0.07, ""atr_pct_max"": 0.2, ""up_close"": false, ""strong_close"": false}",412,58.8111067657411,0.7160194174757282,0.059955897229535884,1.1917981117622856,15.0,0.0,0.2376942407929774,0.016665279828937934,0.2799767011261573,2066,516.1464750171116,0.691190706679574,0.024898214245967307,1.07773886054752,13.0,0.0,0.25499704920230626,0.004810184787113515,0.09324358202712352
t5_wild,meanrev,3.0,1.0,6539,"{""family"": ""meanrev"", ""min_ddv"": 10000000.0, ""min_price"": 5.0, ""regime"": ""spy200"", ""trend"": true, ""mom_min"": 0.0, ""rsi2_max"": 10.0, ""rsi14_max"": 100.0, ""ret21_max"": 1.0, ""dist_ema20_max"": 0.0, ""dist_ema50_min"": -1.0, ""dist_hh60_min"": -1.0, ""atr_ratio_max"": 10.0, ""vol_ratio_min"": 0.0, ""atr_pct_min"": 0.07, ""atr_pct_max"": 0.2, ""up_close"": false, ""strong_close"": false}",404,57.66914352757137,0.5346534653465347,0.0431722092820396,1.0862913600232207,26.5,0.0049504950495049506,0.23731381441656962,0.010300315470728407,0.09795016975937956,2060,514.6475017111567,0.5199029126213592,0.027491078141136025,1.0553682685898929,32.0,0.000970873786407767,0.25482182344569937,0.0017250258390518474,0.013584578482533298
t5_wild,meanrev,3.0,2.0,6539,"{""family"": ""meanrev"", ""min_ddv"": 10000000.0, ""min_price"": 5.0, ""regime"": ""spy200"", ""trend"": true, ""mom_min"": 0.0, ""rsi2_max"": 10.0, ""rsi14_max"": 100.0, ""ret21_max"": 1.0, ""dist_ema20_max"": 0.0, ""dist_ema50_min"": -1.0, ""dist_hh60_min"": -1.0, ""atr_ratio_max"": 10.0, ""vol_ratio_min"": 0.0, ""atr_pct_min"": 0.07, ""atr_pct_max"": 0.2, ""up_close"": false, ""strong_close"": false}",399,56.95541650371529,0.3609022556390977,0.03231365482497979,1.047137218778726,44.0,0.010025062656641603,0.23738105497998102,0.00472248148829282,0.02704693943294979,2041,509.90075290896647,0.3718765311121999,0.10082964073576989,1.1553305020434264,51.0,0.0009799118079372856,0.2546008297884308,0.020038929802994165,0.09901588843832411
t5_wild,meanrev,3.0,3.0,6539,"{""family"": ""meanrev"", ""min_ddv"": 10000000.0, ""min_price"": 5.0, ""regime"": ""spy200"", ""trend"": true, ""mom_min"": 0.0, ""rsi2_max"": 10.0, ""rsi14_max"": 100.0, ""ret21_max"": 1.0, ""dist_ema20_max"": 0.0, ""dist_ema50_min"": -1.0, ""dist_hh60_min"": -1.0, ""atr_ratio_max"": 10.0, ""vol_ratio_min"": 0.0, ""atr_pct_min"": 0.07, ""atr_pct_max"": 0.2, ""up_close"": false, ""strong_close"": false}",396,56.52718028940164,0.2398989898989899,-0.10703406307281779,0.8674519516435554,62.0,0.017676767676767676,0.2373980979000557,-0.034147310152449456,-0.1387922928776978,2019,504.40451745379875,0.27736503219415554,0.08395178528177898,1.1124786570468053,71.0,0.004457652303120356,0.2547639099633204,0.015016765091847675,0.05329894088937485
t5_wild,meanrev,3.0,4.0,6539,"{""family"": ""meanrev"", ""min_ddv"": 10000000.0, ""min_price"": 5.0, ""regime"": ""spy200"", ""trend"": true, ""mom_min"": 0.0, ""rsi2_max"": 10.0, ""rsi14_max"": 100.0, ""ret21_max"": 1.0, ""dist_ema20_max"": 0.0, ""dist_ema50_min"": -1.0, ""dist_hh60_min"": -1.0, ""atr_ratio_max"": 10.0, ""vol_ratio_min"": 0.0, ""atr_pct_min"": 0.07, ""atr_pct_max"": 0.2, ""up_close"": false, ""strong_close"": false}",394,56.24168947985921,0.1700507614213198,-0.24975759304675782,0.7174517489524481,69.0,0.030456852791878174,0.2374351282954566,-0.07560298138786781,-0.27611523637308244,1990,497.15947980835045,0.21909547738693466,0.05543756156055683,1.0687311330839107,80.0,0.007035175879396985,0.25456093458241574,0.005979243857123192,0.018834618149938056
t5_wild,meanrev,3.0,6.0,6539,"{""family"": ""meanrev"", ""min_ddv"": 10000000.0, ""min_price"": 5.0, ""regime"": ""spy200"", ""trend"": true, ""mom_min"": 0.0, ""rsi2_max"": 10.0, ""rsi14_max"": 100.0, ""ret21_max"": 1.0, ""dist_ema20_max"": 0.0, ""dist_ema50_min"": -1.0, ""dist_hh60_min"": -1.0, ""atr_ratio_max"": 10.0, ""vol_ratio_min"": 0.0, ""atr_pct_min"": 0.07, ""atr_pct_max"": 0.2, ""up_close"": false, ""strong_close"": false}",387,55.24247164646069,0.1111111111111111,-0.4353820765134541,0.5437568057764467,71.0,0.05426356589147287,0.23769276299881084,-0.124057235910941,-0.44031582323319907,1913,477.9226557152635,0.14218504966021955,-0.07588165524788103,0.9143310416979411,85.0,0.013591217982226868,0.2547639099633204,-0.02832040840704081,-0.08396168139499158
