entry_date,exit_date,entry,exit,risk,r,mfe_r,status,days,ticker,side,signal_date,rank,momentum,config
2023-11-07,2023-12-07,351.83600759444016,361.2118749800961,37.840749474396375,0.22917609959958177,0.6643506579174484,ema_trail,22,MSFT,long,2023-11-06,0.9020866773675762,0.5422246745899495,xmom_f252_skip21_b20_s20_atr0.5_ema20
2023-11-17,2023-12-07,366.4892506146671,361.2118749800961,52.14245608212195,-0.11526795221027383,0.20110835923536463,ema_trail,14,MSFT,long,2023-11-16,0.9117174959871589,0.3774396662110491,xmom_f252_skip21_b20_s20_atr0.5_ema20
2024-01-11,2024-02-20,378.64313944413783,396.28600214507156,24.261966278740886,0.6959690005356715,1.4078141998001652,ema_trail,27,MSFT,long,2024-01-10,0.9118589743589743,0.6623295968960763,xmom_f252_skip21_b20_s20_atr0.5_ema20
2024-01-12,2024-02-20,378.1428865038529,396.28600214507156,23.921932341215438,0.726815443677807,1.4487372127066342,ema_trail,26,MSFT,long,2024-01-11,0.9150641025641025,0.6368462734868932,xmom_f252_skip21_b20_s20_atr0.5_ema20
2023-05-02,2023-06-28,28.621279673731713,41.03705596923828,2.8889624413769397,4.277845069619102,5.2902002226843745,time,40,NVDA,long,2023-05-01,0.9502407704654896,0.38553129909969175,xmom_f252_skip21_b20_s20_atr0.5_ema20
2023-05-09,2023-07-06,28.83982635316878,42.021141052246094,3.1100949608874053,4.219689498685403,4.843788778386242,time,40,NVDA,long,2023-05-08,0.9534510433386838,0.4361210564321776,xmom_f252_skip21_b20_s20_atr0.5_ema20
2023-10-12,2023-10-18,46.68989946190785,42.51168506984707,6.4941779258031005,-0.6577574929095203,0.12787630976298558,ema_trail,5,NVDA,long,2023-10-11,0.9967897271268058,2.8472531605572677,xmom_f252_skip21_b20_s20_atr0.5_ema20
2023-10-13,2023-10-18,46.87255588078778,42.51168506984707,6.671858619899467,-0.6676724098163532,0.02333855758921259,ema_trail,4,NVDA,long,2023-10-12,0.9967897271268058,2.9282606885667493,xmom_f252_skip21_b20_s20_atr0.5_ema20
2024-01-09,2024-03-06,52.30802809263291,88.54676818847656,7.244386316264112,4.9878792298161905,5.143427142945077,time,40,NVDA,long,2024-01-08,0.9935897435897436,2.1912499311547364,xmom_f252_skip21_b20_s20_atr0.5_ema20
2024-01-12,2024-03-11,54.523089827328256,85.62582397460938,8.028538154758387,3.8604397675132174,5.319604859208307,time,40,NVDA,long,2024-01-11,0.9903846153846154,1.9321571189869853,xmom_f252_skip21_b20_s20_atr0.5_ema20
2024-11-07,2024-11-19,146.1616297903136,141.09954425974988,19.978342462299892,-0.2680106620580958,0.16891735507207706,ema_trail,9,NVDA,long,2024-11-06,0.9792332268370607,1.905514635430337,xmom_f252_skip21_b20_s20_atr0.5_ema20
2023-07-13,2023-08-04,86.70917303432772,85.36266065735673,8.737656721154863,-0.17395175520683043,0.26759394648861196,ema_trail,17,AVGO,long,2023-07-12,0.942215088282504,0.7065509196092803,xmom_f252_skip21_b20_s20_atr0.5_ema20
2023-07-18,2023-08-04,87.38825129954925,85.36266065735673,9.416147433607236,-0.23368019248915745,0.17619369190563627,ema_trail,14,AVGO,long,2023-07-17,0.9502407704654896,0.8726317476875345,xmom_f252_skip21_b20_s20_atr0.5_ema20
2023-09-01,2023-09-08,86.99178864905019,82.47085669949473,9.908795005018675,-0.47381296358191366,0.0,ema_trail,5,AVGO,long,2023-08-31,0.9550561797752809,0.8141913718791443,xmom_f252_skip21_b20_s20_atr0.5_ema20
2023-10-13,2023-10-23,88.15708073256963,83.20709144022366,12.166704026223101,-0.42133871611919654,0.1347921063933225,ema_trail,7,AVGO,long,2023-10-12,0.9550561797752809,1.0216635012505275,xmom_f252_skip21_b20_s20_atr0.5_ema20
2023-12-12,2024-01-04,99.69702313553404,103.07538084763432,13.489185584505321,0.23566757577127617,0.9185500489936571,ema_trail,16,AVGO,long,2023-12-11,0.9678972712680578,0.7616888961474122,xmom_f252_skip21_b20_s20_atr0.5_ema20
2024-02-23,2024-03-12,127.47245981046328,127.33894846040614,14.84316533515944,-0.02617071634699862,0.8519855536084073,ema_trail,13,AVGO,long,2024-02-22,0.9807692307692307,1.1567222432781423,xmom_f252_skip21_b20_s20_atr0.5_ema20
2024-05-15,2024-05-31,135.02381874194919,133.20003824775029,19.937049567697088,-0.10502196549058661,0.3209578051939078,ema_trail,12,AVGO,long,2024-05-14,0.9663461538461539,1.1177364364954707,xmom_f252_skip21_b20_s20_atr0.5_ema20
2024-06-12,2024-07-18,146.7650358015438,155.95695385905861,21.32117809455646,0.41734973304235873,1.6135928770317562,ema_trail,25,AVGO,long,2024-06-11,0.9184,0.6891907263386392,xmom_f252_skip21_b20_s20_atr0.5_ema20
2024-12-12,2025-01-28,178.1741866560525,205.39058801824783,26.109084776747437,1.028762716830449,2.6760552141747707,ema_trail,30,AVGO,long,2024-12-11,0.9137380191693291,0.7650577882059366,xmom_f252_skip21_b20_s20_atr0.5_ema20
2025-07-01,2025-08-20,272.4040383904484,293.31086698084704,37.50288076870791,0.5429455043519649,1.1369160085055694,ema_trail,36,AVGO,long,2025-06-30,0.9124203821656051,0.5336235598691343,xmom_f252_skip21_b20_s20_atr0.5_ema20
2025-07-29,2025-08-20,295.3360881272754,293.31086698084704,38.36429293944656,-0.06818562580605293,0.5136436583177905,ema_trail,17,AVGO,long,2025-07-28,0.9426751592356688,0.8055303005167573,xmom_f252_skip21_b20_s20_atr0.5_ema20
2025-07-30,2025-08-20,294.98857929046596,293.31086698084704,38.02669048177137,-0.05963415273508765,0.527342357616287,ema_trail,16,AVGO,long,2025-07-29,0.9426751592356688,0.8251346792299235,xmom_f252_skip21_b20_s20_atr0.5_ema20
2025-07-31,2025-08-20,300.59747415612446,293.31086698084704,43.56001254609623,-0.18107896813029187,0.33159287385554476,ema_trail,15,AVGO,long,2025-07-30,0.9442675159235668,0.8386292421599939,xmom_f252_skip21_b20_s20_atr0.5_ema20
2025-10-29,2025-11-05,371.1102485015621,348.9345498385447,55.14328384874858,-0.4156067169101077,0.2396655333830494,ema_trail,6,AVGO,long,2025-10-28,0.9442675159235668,0.9323953142875021,xmom_f252_skip21_b20_s20_atr0.5_ema20
2023-05-08,2023-07-05,93.38477447059064,111.54611206054688,4.431205638651022,4.056360617578333,6.612321696426782,time,40,ORCL,long,2023-05-05,0.9165329052969502,0.2786012062992336,xmom_f252_skip21_b20_s20_atr0.5_ema20
2023-05-18,2023-07-07,95.97236632265567,110.46873110815906,6.913314638154063,2.0691116781974688,3.8639880769043797,ema_trail,34,ORCL,long,2023-05-17,0.9069020866773676,0.40832297825967134,xmom_f252_skip21_b20_s20_atr0.5_ema20
2023-05-19,2023-07-07,98.49263827543328,110.46873110815906,9.478805991830995,1.2426784097413073,2.5522933375562182,ema_trail,33,ORCL,long,2023-05-18,0.9052969502407705,0.3564627009905543,xmom_f252_skip21_b20_s20_atr0.5_ema20
2023-05-26,2023-07-07,100.3780361827648,110.46873110815906,11.034320200759026,0.8962889125102989,2.021628434533939,ema_trail,28,ORCL,long,2023-05-25,0.9004815409309791,0.38150747326749856,xmom_f252_skip21_b20_s20_atr0.5_ema20
2023-08-30,2023-09-12,116.5324528715122,105.71962428809908,10.812828583413122,-1.0215544807674604,0.5981406295300162,stop,9,ORCL,long,2023-08-29,0.9245585874799358,0.5966048260782562,xmom_f252_skip21_b20_s20_atr0.5_ema20
2023-09-06,2023-09-12,118.79129207040535,105.85276630284967,12.938525767555674,-1.0183624153484756,0.32528844264031226,stop,5,ORCL,long,2023-09-05,0.9036918138041734,0.5451529560635149,xmom_f252_skip21_b20_s20_atr0.5_ema20
2023-09-07,2023-09-12,119.53457442933585,105.89058321606133,13.643991213274518,-1.0175219365889123,0.2539924340238221,stop,4,ORCL,long,2023-09-06,0.9101123595505618,0.5805800641287739,xmom_f252_skip21_b20_s20_atr0.5_ema20
2023-09-08,2023-09-12,120.47093102079576,105.87329613425901,14.597634886536753,-1.0165055410629438,0.17325504893480378,stop,3,ORCL,long,2023-09-07,0.9101123595505618,0.5867965473740211,xmom_f252_skip21_b20_s20_atr0.5_ema20
2023-09-11,2023-09-12,122.61391872051743,105.89275348778344,16.721165232733995,-1.0146657146214288,0.023092065744422886,stop,2,ORCL,long,2023-09-08,0.9085072231139647,0.5436653924702022,xmom_f252_skip21_b20_s20_atr0.5_ema20
2023-09-12,2023-09-12,108.19217562501974,106.84443277894688,1.3477428460728618,-1.1605531440070735,0.873817935743835,stop,1,ORCL,long,2023-09-11,0.913322632423756,0.5388585380797495,xmom_f252_skip21_b20_s20_atr0.5_ema20
2025-08-01,2025-08-14,245.03716414010182,242.18959644503747,25.716179076815763,-0.12978763343398814,0.4098523550804092,ema_trail,10,ORCL,long,2025-07-31,0.9171974522292994,0.5962838230170713,xmom_f252_skip21_b20_s20_atr0.5_ema20
2024-01-12,2024-02-14,266.61740333705546,280.1532475337121,23.64729918054283,0.5498560021890854,0.9980701652264768,ema_trail,23,CRM,long,2024-01-11,0.9294871794871795,0.7098480644384582,xmom_f252_skip21_b20_s20_atr0.5_ema20
2024-01-22,2024-02-14,278.96381075064534,280.1532475337121,36.048025773763584,0.01751855054500895,0.3122294812296274,ema_trail,18,CRM,long,2024-01-19,0.9455128205128205,0.8122379231050074,xmom_f252_skip21_b20_s20_atr0.5_ema20
2024-01-30,2024-02-14,282.7384561141463,280.1532475337121,39.80381737422988,-0.07915535997565737,0.18793702505621104,ema_trail,12,CRM,long,2024-01-29,0.9150641025641025,0.6156038626312028,xmom_f252_skip21_b20_s20_atr0.5_ema20
2024-02-09,2024-02-14,288.262919160996,280.1532475337121,31.252760724834786,-0.27793376534263914,0.06259120573592594,ema_trail,4,CRM,long,2024-02-08,0.9294871794871795,0.52580570612401,xmom_f252_skip21_b20_s20_atr0.5_ema20
2024-02-27,2024-03-18,296.4512913878541,294.9092568170602,27.96812923483526,-0.07633464275152321,0.6020639226639222,ema_trail,15,CRM,long,2024-02-26,0.9342948717948718,0.7001586421675667,xmom_f252_skip21_b20_s20_atr0.5_ema20
2024-03-01,2024-03-18,301.77904591928524,294.9092568170602,33.49884431200428,-0.22309268715235997,0.3436192293099614,ema_trail,12,CRM,long,2024-02-29,0.9439102564102564,0.758633327884249,xmom_f252_skip21_b20_s20_atr0.5_ema20
2024-03-04,2024-03-18,309.22036780444193,294.9092568170602,41.11897224324605,-0.36308183080725787,0.07363043258721941,ema_trail,11,CRM,long,2024-03-01,0.9278846153846154,0.6796533584195952,xmom_f252_skip21_b20_s20_atr0.5_ema20
2025-06-10,2025-07-14,266.37690605261633,275.7765054106584,30.30638520770978,0.29257351165988427,0.7390241240057877,ema_trail,23,IBM,long,2025-06-09,0.9363057324840764,0.5539765708118147,xmom_f252_skip21_b20_s20_atr0.5_ema20
2025-06-11,2025-07-14,269.79940438032963,275.7765054106584,25.71479819120529,0.21145420551765298,0.7378884061662945,ema_trail,22,IBM,long,2025-06-10,0.9267515923566879,0.5264320018281587,xmom_f252_skip21_b20_s20_atr0.5_ema20
2025-06-12,2025-07-14,274.50889275249546,275.7765054106584,27.64033310167804,0.025998054003709355,0.516099535687742,ema_trail,21,IBM,long,2025-06-11,0.9140127388535032,0.537391170753982,xmom_f252_skip21_b20_s20_atr0.5_ema20
2025-06-24,2025-07-14,283.2162258226242,275.7765054106584,36.479231279664674,-0.21947153442551012,0.15235600682737016,ema_trail,14,IBM,long,2025-06-23,0.9171974522292994,0.5758971664973389,xmom_f252_skip21_b20_s20_atr0.5_ema20
2025-06-25,2025-07-14,287.14569094578104,275.7765054106584,39.46865251798937,-0.302606655030103,0.041257169496799646,ema_trail,13,IBM,long,2025-06-24,0.9076433121019108,0.5305518327539853,xmom_f252_skip21_b20_s20_atr0.5_ema20
2023-10-13,2023-10-25,560.0,533.5599975585938,68.5588012651645,-0.40199072814608555,0.11931353122910561,ema_trail,9,ADBE,long,2023-10-12,0.9518459069020867,0.9434751383458964,xmom_f252_skip21_b20_s20_atr0.5_ema20
2023-12-13,2023-12-14,630.4099731445312,584.4277669158927,45.982206228638574,-1.0274197357999713,0.04436583691431112,stop,2,ADBE,long,2023-12-12,0.9662921348314607,0.8062543680266174,xmom_f252_skip21_b20_s20_atr0.5_ema20
2024-01-26,2024-02-07,620.7000122070312,613.25,64.35525855542289,-0.13505364482313825,0.2727047981301273,ema_trail,9,ADBE,long,2024-01-25,0.9230769230769231,0.6571183102593352,xmom_f252_skip21_b20_s20_atr0.5_ema20
2024-01-30,2024-02-07,630.0,613.25,73.8064595415002,-0.24401658217832903,0.1117788341460974,ema_trail,7,ADBE,long,2024-01-29,0.9230769230769231,0.6294352554685461,xmom_f252_skip21_b20_s20_atr0.5_ema20
2023-12-01,2024-01-03,137.08999633789062,135.15199279785156,19.92364241388482,-0.11103308756300351,0.3536504572132385,ema_trail,22,NOW,long,2023-11-30,0.9293739967897271,0.46617108126021023,xmom_f252_skip21_b20_s20_atr0.5_ema20
2023-12-04,2024-01-03,136.8000030517578,135.15199279785156,19.6207452829335,-0.09793767934397574,0.3738899022116781,ema_trail,21,NOW,long,2023-12-01,0.9309791332263242,0.425606486909486,xmom_f252_skip21_b20_s20_atr0.5_ema20
2023-12-11,2024-01-03,139.82200622558594,135.15199279785156,17.979258952553693,-0.27529818961100844,0.23994289045574843,ema_trail,16,NOW,long,2023-12-08,0.9293739967897271,0.6095181465669641,xmom_f252_skip21_b20_s20_atr0.5_ema20
2023-12-12,2024-01-03,141.0240020751953,135.15199279785156,15.825098627678216,-0.3888795530620358,0.19664961242490075,ema_trail,15,NOW,long,2023-12-11,0.9357945425361156,0.5641420392470078,xmom_f252_skip21_b20_s20_atr0.5_ema20
2023-12-13,2024-01-03,143.39999389648438,135.15199279785156,15.357363703728538,-0.5557464973206084,0.04792539296643706,ema_trail,14,NOW,long,2023-12-12,0.9357945425361156,0.6127851766674446,xmom_f252_skip21_b20_s20_atr0.5_ema20
2024-01-12,2024-02-20,144.9600067138672,150.61599731445312,12.128345103415597,0.44244046004652393,1.4927006523225064,ema_trail,26,NOW,long,2024-01-11,0.9487179487179487,0.8514862334742193,xmom_f252_skip21_b20_s20_atr0.5_ema20
2024-01-19,2024-02-20,150.08799743652344,150.61599731445312,17.259187565137324,0.01320015106138792,0.7518313290143239,ema_trail,22,NOW,long,2024-01-18,0.9246794871794872,0.66947196123719,xmom_f252_skip21_b20_s20_atr0.5_ema20
2024-01-22,2024-02-20,152.03799438476562,150.61599731445312,19.167670671184993,-0.09005126854964485,0.5752394834881022,ema_trail,21,NOW,long,2024-01-19,0.9214743589743589,0.6908218033143139,xmom_f252_skip21_b20_s20_atr0.5_ema20
2024-01-23,2024-02-22,617.8648175415618,636.9614931070691,50.353508188458136,0.35471105337042297,0.6662695755736832,ema_trail,22,INTU,long,2024-01-22,0.9006410256410257,0.6501047556827142,xmom_f252_skip21_b20_s20_atr0.5_ema20
2023-12-08,2024-01-04,129.5399932861328,134.3000030517578,18.640340034743048,0.2414617850674192,1.153949430403806,ema_trail,18,AMD,long,2023-12-07,0.9341894060995185,0.6144870124942063,xmom_f252_skip21_b20_s20_atr0.5_ema20
2023-12-11,2024-01-04,130.55999755859375,134.3000030517578,18.68281851492742,0.1862077445791851,1.0967298899142395,ema_trail,17,AMD,long,2023-12-08,0.9325842696629213,0.6194752969252908,xmom_f252_skip21_b20_s20_atr0.5_ema20
2023-12-12,2024-01-04,132.25,134.3000030517578,18.49154665759025,0.09655779934583865,1.0166809407498074,ema_trail,16,AMD,long,2023-12-11,0.9486356340288925,0.610472483295881,xmom_f252_skip21_b20_s20_atr0.5_ema20
2023-09-01,2023-09-11,151.08162693822732,146.68115892738965,21.049383550714282,-0.22340945298393536,0.03530460903478697,ema_trail,6,AMAT,long,2023-08-31,0.9181380417335474,0.5702087869222072,xmom_f252_skip21_b20_s20_atr0.5_ema20
2024-07-10,2024-07-18,248.8068203920187,218.46812731101895,35.824647247935246,-0.8607567440475226,0.07933367785411861,ema_trail,7,AMAT,long,2024-07-09,0.9073482428115016,0.6012941222210606,xmom_f252_skip21_b20_s20_atr0.5_ema20
2024-07-11,2024-07-17,251.3342236017576,217.94029552467595,33.393928077081654,-1.0150526899993084,0.0,stop,5,AMAT,long,2024-07-10,0.9169329073482428,0.58987260176389,xmom_f252_skip21_b20_s20_atr0.5_ema20
2026-05-07,2026-05-19,425.8306100080117,403.86793027997817,57.149870814546944,-0.3992019688387888,0.38604827293344246,ema_trail,9,AMAT,long,2026-05-06,0.9585987261146497,1.3121375699735958,xmom_f252_skip21_b20_s20_atr0.5_ema20
2023-12-12,2024-01-03,71.76676528111953,71.66884354615492,7.174143464555868,-0.03365631963171255,0.9319796895717785,ema_trail,15,LRCX,long,2023-12-11,0.9020866773675762,0.44801056708840536,xmom_f252_skip21_b20_s20_atr0.5_ema20
2023-12-18,2024-01-03,75.93765050251822,71.66884354615492,9.74800734920828,-0.4534959914374075,0.2580292245928371,ema_trail,11,LRCX,long,2023-12-15,0.9036918138041734,0.5045417617201036,xmom_f252_skip21_b20_s20_atr0.5_ema20
2023-12-20,2024-01-03,75.59007431207614,71.66884354615492,9.39096245704134,-0.433652134504263,0.30485128453868027,ema_trail,9,LRCX,long,2023-12-19,0.9052969502407705,0.5925163006325698,xmom_f252_skip21_b20_s20_atr0.5_ema20
2024-01-22,2024-03-12,81.17869609566381,91.5911561154281,11.404283668859946,0.8987940781902387,1.530400233993359,ema_trail,36,LRCX,long,2024-01-19,0.9182692307692307,0.6691406544315375,xmom_f252_skip21_b20_s20_atr0.5_ema20
2024-01-23,2024-03-12,81.22567641239274,91.5911561154281,11.448088987279519,0.8912429281033382,1.5204404943009882,ema_trail,35,LRCX,long,2024-01-22,0.9230769230769231,0.7416785578029126,xmom_f252_skip21_b20_s20_atr0.5_ema20
2024-07-11,2024-07-12,111.05917267973871,103.90473671076873,16.356609388591224,-0.45098309430037625,0.001382447073570328,ema_trail,2,LRCX,long,2024-07-10,0.9009584664536742,0.5460244059392743,xmom_f252_skip21_b20_s20_atr0.5_ema20
2023-10-13,2023-10-20,48.987029648351815,45.461911642118466,6.6078465956952215,-0.5483014796212686,0.052371071416520726,ema_trail,6,KLAC,long,2023-10-12,0.9229534510433387,0.7435530200849398,xmom_f252_skip21_b20_s20_atr0.5_ema20
2024-05-07,2024-06-25,70.40458015439624,78.84072217359348,10.271160939697602,0.8076334221214793,1.546698170130432,ema_trail,34,KLAC,long,2024-05-06,0.9166666666666666,0.8498807659172505,xmom_f252_skip21_b20_s20_atr0.5_ema20
2024-06-18,2024-06-25,83.57884029223736,78.84072217359348,12.29637596706857,-0.398920447159828,0.22056300978172663,ema_trail,5,KLAC,long,2024-06-17,0.9041533546325878,0.6014215664073421,xmom_f252_skip21_b20_s20_atr0.5_ema20
2024-07-11,2024-07-18,88.23719728015995,78.14275620651004,12.362797776938564,-0.8307921599566632,0.0,ema_trail,6,KLAC,long,2024-07-10,0.9281150159744409,0.6603519232552013,xmom_f252_skip21_b20_s20_atr0.5_ema20
2024-06-06,2024-06-28,132.88731915577975,131.8745606766852,18.5187843966726,-0.06903979710654366,1.2706697946398569,ema_trail,16,MU,long,2024-06-05,0.9408,0.7830129932694485,xmom_f252_skip21_b20_s20_atr0.5_ema20
2024-06-11,2024-06-28,134.35675618655884,131.8745606766852,16.456834907992373,-0.16715905808295822,1.3405872428607881,ema_trail,13,MU,long,2024-06-10,0.952,0.8141632450213581,xmom_f252_skip21_b20_s20_atr0.5_ema20
2026-06-04,2026-06-08,427.7799987792969,414.95001220703125,55.7089307233,-0.24566162717785398,0.08059731493817889,ema_trail,3,ADI,long,2026-06-03,0.9092356687898089,0.8708623311995229,xmom_f252_skip21_b20_s20_atr0.5_ema20
2026-01-16,2026-01-21,240.87790271828183,225.22654797711303,23.74781685601704,-0.6793513123509575,0.018400391862388985,ema_trail,3,TEL,long,2026-01-15,0.9219745222929936,0.6340698129478615,xmom_f252_skip21_b20_s20_atr0.5_ema20
2023-03-17,2023-04-26,206.77999877929688,203.89999389648438,19.982565433408837,-0.16482192395900203,0.5449750396633986,ema_trail,28,CDNS,long,2023-03-16,0.9260450160771704,0.39712278131853074,xmom_f252_skip21_b20_s20_atr0.5_ema20
2023-04-14,2023-04-25,214.8699951171875,197.8219356761699,17.048059441017614,-1.0252075605274122,0.10910336257254025,stop,8,CDNS,long,2023-04-13,0.9356913183279743,0.3237933979487877,xmom_f252_skip21_b20_s20_atr0.5_ema20
2023-05-19,2023-05-24,217.91000366210938,204.41000366210938,26.216207030278326,-0.5315727020018223,0.04501004567206923,ema_trail,4,CDNS,long,2023-05-18,0.9454253611556982,0.49555543831078674,xmom_f252_skip21_b20_s20_atr0.5_ema20
2023-05-26,2023-06-22,226.25999450683594,226.11000061035156,30.26934821898186,-0.01990508289571334,0.5414718305487098,ema_trail,18,CDNS,long,2023-05-25,0.9101123595505618,0.4139583375718858,xmom_f252_skip21_b20_s20_atr0.5_ema20
2023-11-13,2023-12-05,260.6000061035156,260.7200012207031,34.839462940630256,-0.011515817442514037,0.5376081858858635,ema_trail,16,CDNS,long,2023-11-10,0.9341894060995185,0.7068219161078437,xmom_f252_skip21_b20_s20_atr0.5_ema20
2023-11-30,2023-12-05,277.6600036621094,260.7200012207031,40.04853830639257,-0.4368529586493761,0.04169897281593636,ema_trail,4,CDNS,long,2023-11-29,0.9293739967897271,0.4169142500441483,xmom_f252_skip21_b20_s20_atr0.5_ema20
2025-07-08,2025-07-11,106.97000122070312,100.0,9.779329967504367,-0.7346046454119018,0.18406122181626627,ema_trail,4,FTNT,long,2025-07-07,0.9442675159235668,0.6656286763200208,xmom_f252_skip21_b20_s20_atr0.5_ema20
2024-12-06,2024-12-12,48.627258987737335,46.51473400040151,4.227417663128925,-0.5227256167718545,0.04858373542910466,ema_trail,5,GLW,long,2024-12-05,0.9153354632587859,0.69990714414496,xmom_f252_skip21_b20_s20_atr0.5_ema20
2025-09-08,2025-10-31,71.00538948612805,88.47616577148438,9.093773737589856,1.9055637413491167,2.3023573620868216,time,40,GLW,long,2025-09-05,0.9028662420382165,0.6006340359750149,xmom_f252_skip21_b20_s20_atr0.5_ema20
2025-09-09,2025-11-03,71.51194386519316,86.90687561035156,9.59299014648878,1.5899013367599997,2.129738717839158,time,40,GLW,long,2025-09-08,0.9028662420382165,0.5977545070558419,xmom_f252_skip21_b20_s20_atr0.5_ema20
2025-10-28,2025-11-05,83.73849179501393,84.9601595586855,5.275427674357559,0.19983039198995883,1.5551373483676862,ema_trail,7,GLW,long,2025-10-27,0.9267515923566879,0.7288462372046483,xmom_f252_skip21_b20_s20_atr0.5_ema20
2025-10-30,2025-11-05,88.20798556062131,84.9601595586855,8.274860608645184,-0.41381264712538623,0.4513092142599828,ema_trail,5,GLW,long,2025-10-29,0.9378980891719745,0.8119684934357647,xmom_f252_skip21_b20_s20_atr0.5_ema20
2023-11-30,2024-01-04,74.0094810420152,75.90613620228139,10.383225372269344,0.16840973160924297,0.8562429107609179,ema_trail,24,STX,long,2023-11-29,0.9085072231139647,0.3706287312595067,xmom_f252_skip21_b20_s20_atr0.5_ema20
2023-12-01,2024-01-04,74.39603722931406,75.90613620228139,8.886009355264989,0.15319665376023048,0.9570108007483699,ema_trail,23,STX,long,2023-11-30,0.9085072231139647,0.3900763212831653,xmom_f252_skip21_b20_s20_atr0.5_ema20
2024-06-12,2024-07-19,98.81911788205485,100.30588203491892,13.753432244216114,0.09373121517663999,0.5058713024110524,ema_trail,26,STX,long,2024-06-11,0.9008,0.6039262792219962,xmom_f252_skip21_b20_s20_atr0.5_ema20
2024-05-30,2024-06-21,57.69503962452516,57.05548408768627,7.522233847104239,-0.10036189135207031,0.4871222630473127,ema_trail,16,WDC,long,2024-05-29,0.9439102564102564,0.759254606236843,xmom_f252_skip21_b20_s20_atr0.5_ema20
2024-06-13,2024-06-21,59.41806354186562,57.05548408768627,6.7626678883446445,-0.36692849955559215,0.2870499763529297,ema_trail,6,WDC,long,2024-06-12,0.9456,0.7606053755187785,xmom_f252_skip21_b20_s20_atr0.5_ema20
2024-07-10,2024-07-18,128.19430397272598,123.6183424065127,13.907662724410827,-0.34745954585718836,0.13437957352974275,ema_trail,7,NTAP,long,2024-07-09,0.9105431309904153,0.6206482559925113,xmom_f252_skip21_b20_s20_atr0.5_ema20
2024-07-11,2024-07-18,129.67784956951098,123.6183424065127,13.425215208422813,-0.47067125286549844,0.02583273891510881,ema_trail,6,NTAP,long,2024-07-10,0.9089456869009584,0.5819526995736919,xmom_f252_skip21_b20_s20_atr0.5_ema20
2024-08-16,2024-08-30,125.87260882526644,115.31417513816443,18.476477753961305,-0.5850779054700981,0.19343773275526746,ema_trail,11,NTAP,long,2024-08-15,0.9217252396166135,0.7059514785575152,xmom_f252_skip21_b20_s20_atr0.5_ema20
2023-11-07,2023-12-04,68.73546180593523,68.03468346947368,8.25525482152728,-0.10154129438712368,0.5221361157502749,ema_trail,19,DELL,long,2023-11-06,0.9550561797752809,0.8205534658550138,xmom_f252_skip21_b20_s20_atr0.5_ema20
2023-11-09,2023-12-04,69.72426533164023,68.03468346947368,9.212461486261127,-0.1985387288248127,0.3605511042070085,ema_trail,17,DELL,long,2023-11-08,0.9454253611556982,0.745802733691705,xmom_f252_skip21_b20_s20_atr0.5_ema20
2024-01-09,2024-02-16,76.00261451106597,80.3246334117881,11.158548131946333,0.3737057565546066,0.6984278785656729,ema_trail,28,DELL,long,2024-01-08,0.9230769230769231,0.7038838042340014,xmom_f252_skip21_b20_s20_atr0.5_ema20
2024-01-12,2024-02-16,76.74182405581047,80.3246334117881,11.122953560739802,0.30831070984332337,0.634204891389886,ema_trail,25,DELL,long,2024-01-11,0.9214743589743589,0.6779364423631553,xmom_f252_skip21_b20_s20_atr0.5_ema20
2024-02-23,2024-04-15,85.87888665562726,114.74948696999635,9.573339549881268,2.9977880123779563,4.744181933431461,ema_trail,36,DELL,long,2024-02-22,0.967948717948718,1.0188769645862648,xmom_f252_skip21_b20_s20_atr0.5_ema20
2024-02-26,2024-04-15,89.3117540432051,114.74948696999635,13.081079303264488,1.9309652386558984,3.209582036330603,ema_trail,35,DELL,long,2024-02-23,0.9743589743589743,1.0541494664519608,xmom_f252_skip21_b20_s20_atr0.5_ema20
2026-05-07,2026-05-19,366.6199951171875,339.6000061035156,54.754681263610735,-0.5068649540719853,0.0649258217514975,ema_trail,9,KEYS,long,2026-05-06,0.9410828025477707,1.0409396364597745,xmom_f252_skip21_b20_s20_atr0.5_ema20
2026-06-23,2026-06-29,359.06500244140625,330.04998779296875,50.79545675896799,-0.5853504732600106,0.19539125004947383,ema_trail,5,KEYS,long,2026-06-22,0.9490445859872612,1.1361308097668066,xmom_f252_skip21_b20_s20_atr0.5_ema20
2025-04-01,2025-04-25,156.91053856025553,154.2218771135439,15.755350875633923,0.15073230601699036,1.4384335837602404,ema_trail,18,CDW,short,2025-03-31,0.09728867623604466,-0.3004843902892079,xmom_f252_skip21_b20_s20_atr0.5_ema20
2023-12-11,2024-01-04,56.0,57.3125,5.907134161715788,0.20322883603701702,0.7057145899880148,ema_trail,17,ANET,long,2023-12-08,0.9438202247191011,0.6535184803661964,xmom_f252_skip21_b20_s20_atr0.5_ema20
2023-12-12,2024-01-04,56.584999084472656,57.3125,5.575320137556545,0.11018755913586636,0.6427885018343398,ema_trail,16,ANET,long,2023-12-11,0.9550561797752809,0.6517598636105106,xmom_f252_skip21_b20_s20_atr0.5_ema20
2023-12-13,2024-01-04,57.5,57.3125,6.198673490201429,-0.04880076365986654,0.4305357859480885,ema_trail,15,ANET,long,2023-12-12,0.9373996789727127,0.6172008903067858,xmom_f252_skip21_b20_s20_atr0.5_ema20
2023-12-18,2024-01-04,59.13249969482422,57.3125,7.161173047996549,-0.27066301585270686,0.14470409542821228,ema_trail,12,ANET,long,2023-12-15,0.9373996789727127,0.6317275863028988,xmom_f252_skip21_b20_s20_atr0.5_ema20
2023-12-19,2024-01-04,59.77750015258789,57.3125,7.8010003546093785,-0.3313107339324667,0.050153902392836604,ema_trail,11,ANET,long,2023-12-18,0.9438202247191011,0.6985188719674857,xmom_f252_skip21_b20_s20_atr0.5_ema20
2024-01-09,2024-02-14,61.25,67.5,7.824314639776404,0.783135684351148,1.5228172004938494,ema_trail,26,ANET,long,2024-01-08,0.9519230769230769,0.9490364239663474,xmom_f252_skip21_b20_s20_atr0.5_ema20
2024-01-11,2024-02-14,62.48749923706055,67.5,6.8389109911450205,0.7146643333702793,1.5612868324053288,ema_trail,24,ANET,long,2024-01-10,0.9583333333333334,0.9502915767620883,xmom_f252_skip21_b20_s20_atr0.5_ema20
2024-01-12,2024-02-14,63.0,67.5,7.0319612440968555,0.6220170800389232,1.4455427956262688,ema_trail,23,ANET,long,2024-01-11,0.9583333333333334,0.9662414364633933,xmom_f252_skip21_b20_s20_atr0.5_ema20
2024-01-19,2024-02-14,65.15249633789062,67.5,9.232213997033348,0.2401589337233801,0.8678854909788088,ema_trail,19,ANET,long,2024-01-18,0.9663461538461539,1.025795356158889,xmom_f252_skip21_b20_s20_atr0.5_ema20
2024-06-14,2024-07-18,82.75,84.66500091552734,11.652112437094345,0.1501445274384609,0.9762178370153586,ema_trail,23,ANET,long,2024-06-13,0.96,0.860379551051327,xmom_f252_skip21_b20_s20_atr0.5_ema20
2024-09-16,2024-10-24,88.78250122070312,99.12750244140625,12.129448979617734,0.8382438670830825,1.3933033194069726,ema_trail,29,ANET,long,2024-09-13,0.9552715654952076,0.8536339023057817,xmom_f252_skip21_b20_s20_atr0.5_ema20
2024-11-07,2024-11-11,106.75499725341797,101.33000183105469,12.677454212430575,-0.44476637993623475,0.09761447614177998,ema_trail,3,ANET,long,2024-11-06,0.9249201277955271,0.88064473385706,xmom_f252_skip21_b20_s20_atr0.5_ema20
2024-11-08,2024-11-11,101.61499786376953,101.33000183105469,7.517011435869549,-0.06494948592371086,0.38146813126992085,ema_trail,2,ANET,long,2024-11-07,0.9376996805111821,0.9140638804951198,xmom_f252_skip21_b20_s20_atr0.5_ema20
2025-01-07,2025-01-27,119.69000244140625,101.80048425967071,17.88951818173554,-1.013381020240512,0.7761525137670809,stop,13,ANET,long,2025-01-06,0.9217252396166135,0.8291117526297189,xmom_f252_skip21_b20_s20_atr0.5_ema20
2025-09-08,2025-10-15,143.8000030517578,140.4199981689453,18.49081053306277,-0.19834743762898333,1.0210471623331379,ema_trail,28,ANET,long,2025-09-05,0.9140127388535032,0.6990695183739226,xmom_f252_skip21_b20_s20_atr0.5_ema20
2026-01-13,2026-01-21,334.5146010595183,320.50283121296127,42.55349483318031,-0.3449963183101241,0.13001931973798644,ema_trail,6,GOOGL,long,2026-01-12,0.9219745222929936,0.6574585906257193,xmom_f252_skip21_b20_s20_atr0.5_ema20
2026-01-14,2026-01-21,334.62442706687915,320.50283121296127,42.70156961600571,-0.3463770732799393,0.0615100371914296,ema_trail,5,GOOGL,long,2026-01-13,0.9060509554140127,0.633272122617808,xmom_f252_skip21_b20_s20_atr0.5_ema20
2026-02-03,2026-02-05,346.8884575284791,307.3143610024755,39.574096526003586,-1.0175310866440397,0.0418921925731128,stop,3,GOOGL,long,2026-02-02,0.9187898089171974,0.5643244474913893,xmom_f252_skip21_b20_s20_atr0.5_ema20
2023-11-24,2023-12-01,138.3204644817207,132.15484619140625,19.283392914816275,-0.33408328335870946,0.007042913125255438,ema_trail,6,GOOG,long,2023-11-22,0.9165329052969502,0.46217247427365216,xmom_f252_skip21_b20_s20_atr0.5_ema20
2026-01-13,2026-01-21,334.842443176996,320.6759502987687,41.525624938046406,-0.35727765173229614,0.142376846840425,ema_trail,6,GOOG,long,2026-01-12,0.9203821656050956,0.6492639205889106,xmom_f252_skip21_b20_s20_atr0.5_ema20
2026-01-14,2026-01-21,334.54784115713085,320.6759502987687,41.2656275045872,-0.3523752677469879,0.0761140439961625,ema_trail,5,GOOG,long,2026-01-13,0.9044585987261147,0.6302804549263707,xmom_f252_skip21_b20_s20_atr0.5_ema20
2026-02-03,2026-02-05,348.0601743239401,307.902493335375,40.15768098856506,-1.0173346749989398,0.04066085061427527,stop,3,GOOG,long,2026-02-02,0.9156050955414012,0.5546643318091511,xmom_f252_skip21_b20_s20_atr0.5_ema20
2026-04-09,2026-06-01,313.00163791186503,372.35092462272263,45.863392718756984,1.280395538880784,1.9890608787098927,ema_trail,37,GOOG,long,2026-04-08,0.9060509554140127,1.0784345079729314,xmom_f252_skip21_b20_s20_atr0.5_ema20
2022-08-31,2022-09-12,165.61563278936217,165.93285648840623,19.063806025055214,-0.03401497915843958,0.5335081361371398,ema_trail,8,META,short,2022-08-30,0.06026058631921824,-0.5798612894274859,xmom_f252_skip21_b20_s20_atr0.5_ema20
2023-07-06,2023-07-24,293.3142553701415,293.2052158926609,40.578990011675415,-0.017143551084458888,0.5567316963067968,ema_trail,13,META,long,2023-07-05,0.9406099518459069,0.7034931613050175,xmom_f252_skip21_b20_s20_atr0.5_ema20
2023-07-12,2023-07-24,299.1232312229929,293.2052158926609,40.07654777388501,-0.16259538694658196,0.4187644650795307,ema_trail,9,META,long,2023-07-11,0.9036918138041734,0.54833800635709,xmom_f252_skip21_b20_s20_atr0.5_ema20
2023-07-31,2023-08-10,320.8722871378495,305.2592906041585,44.05824752797747,-0.3689375320170146,0.044324332155377746,ema_trail,9,META,long,2023-07-28,0.9470304975922953,0.6823333060115464,xmom_f252_skip21_b20_s20_atr0.5_ema20
2023-09-12,2023-09-21,303.66332641243866,293.1259325272159,36.15270069827449,-0.30826799444555847,0.17932450675667855,ema_trail,8,META,long,2023-09-11,0.9678972712680578,0.8865848257303239,xmom_f252_skip21_b20_s20_atr0.5_ema20
2023-09-15,2023-09-21,308.89735891461083,293.1259325272159,41.22104376025243,-0.3975935495604192,0.009379177688446889,ema_trail,5,META,long,2023-09-14,0.9695024077046549,0.9718545134998235,xmom_f252_skip21_b20_s20_atr0.5_ema20
2023-10-09,2023-10-20,309.7796795347402,311.4053948634876,29.950829849328557,0.03359359238924278,0.5970749404773058,ema_trail,10,META,long,2023-10-06,0.9759229534510433,1.1490147806438942,xmom_f252_skip21_b20_s20_atr0.5_ema20
2023-10-10,2023-10-20,316.34203714260326,311.4053948634876,36.49556803861941,-0.15260281323769134,0.31018923529814246,ema_trail,9,META,long,2023-10-09,0.9727126805778491,1.1420145077568806,xmom_f252_skip21_b20_s20_atr0.5_ema20
2023-10-11,2023-10-20,320.19815236923245,311.4053948634876,40.26416228597037,-0.23428163594925264,0.18538612729669027,ema_trail,8,META,long,2023-10-10,0.9791332263242376,1.304682727603243,xmom_f252_skip21_b20_s20_atr0.5_ema20
2023-10-12,2023-10-20,325.1446723921644,311.4053948634876,45.14711319208698,-0.3187261788420008,0.0557709433468462,ema_trail,7,META,long,2023-10-11,0.971107544141252,1.2547272782706789,xmom_f252_skip21_b20_s20_atr0.5_ema20
2023-12-19,2024-02-15,342.57167029164464,479.81646728515625,35.81018463478301,3.8134305937167863,3.959623173739385,time,40,META,long,2023-12-18,0.9887640449438202,1.877228127170512,xmom_f252_skip21_b20_s20_atr0.5_ema20
2023-12-20,2024-02-16,345.61488990125895,469.19970703125,38.87360492560276,3.161363284557355,3.569301524561582,time,40,META,long,2023-12-19,0.9871589085072231,1.8053252874466899,xmom_f252_skip21_b20_s20_atr0.5_ema20
2024-01-11,2024-03-08,368.8905728121484,502.07781982421875,51.02475131165261,2.5957885626421144,2.952927490441559,time,40,META,long,2024-01-10,0.9823717948717948,1.5700940735092108,xmom_f252_skip21_b20_s20_atr0.5_ema20
2024-01-16,2024-03-12,370.39731754067816,495.92529296875,48.544101627805446,2.5705940909103977,3.0727862111089728,time,40,META,long,2024-01-12,0.9823717948717948,1.5150128022248825,xmom_f252_skip21_b20_s20_atr0.5_ema20
2024-01-22,2024-03-18,384.5728454450382,488.1453082286487,51.55229794808872,1.9941558608355268,2.6185082640576622,ema_trail,40,META,long,2024-01-19,0.9855769230769231,1.5907375077140378,xmom_f252_skip21_b20_s20_atr0.5_ema20
2024-01-25,2024-03-18,386.7735471204069,488.1453082286487,53.834891827015326,1.868643376070071,2.4666050590302913,ema_trail,37,META,long,2024-01-24,0.9855769230769231,1.4714872469368334,xmom_f252_skip21_b20_s20_atr0.5_ema20
2024-03-08,2024-03-18,510.2547468573878,488.1453082286487,65.46565369133145,-0.35331424675771006,0.14218473766062967,ema_trail,7,META,long,2024-03-07,0.9871794871794872,1.4644737457915107,xmom_f252_skip21_b20_s20_atr0.5_ema20
2024-06-06,2024-07-15,489.20711088439725,495.3051548612854,44.279509490115686,0.11562074228175903,1.12881401558694,ema_trail,26,META,long,2024-06-05,0.9264,0.7177274466978254,xmom_f252_skip21_b20_s20_atr0.5_ema20
2024-06-12,2024-07-15,510.05622720634506,495.3051548612854,64.83100365232508,-0.24326609046575692,0.449387067182398,ema_trail,22,META,long,2024-06-11,0.9456,0.7992277287936527,xmom_f252_skip21_b20_s20_atr0.5_ema20
2024-06-13,2024-07-15,501.83960690092306,495.3051548612854,56.5413028247458,-0.13332079164862043,0.6605938143131145,ema_trail,21,META,long,2024-06-12,0.9392,0.7284876089349828,xmom_f252_skip21_b20_s20_atr0.5_ema20
2024-06-28,2024-07-15,513.7016232829023,495.3051548612854,68.23158857017393,-0.2846756476760896,0.3735633165134065,ema_trail,11,META,long,2024-06-27,0.9233226837060703,0.6736778693402621,xmom_f252_skip21_b20_s20_atr0.5_ema20
2024-07-08,2024-07-15,538.7334873376542,495.3051548612854,58.5846285042436,-0.7596839066380748,0.007799903731871617,ema_trail,6,META,long,2024-07-05,0.9233226837060703,0.6220949561841327,xmom_f252_skip21_b20_s20_atr0.5_ema20
2024-09-20,2024-10-24,556.7966017328396,563.885737507838,71.83296847406234,0.08318663001780918,0.5944946823455134,ema_trail,25,META,long,2024-09-19,0.9329073482428115,0.7301354496568548,xmom_f252_skip21_b20_s20_atr0.5_ema20
2024-12-04,2024-12-19,609.4535434454373,607.3878008993366,70.80691384558952,-0.04638882638148066,0.35723201741360183,ema_trail,12,META,long,2024-12-03,0.9313099041533547,0.7513316448440339,xmom_f252_skip21_b20_s20_atr0.5_ema20
2024-12-09,2024-12-19,620.350888846341,607.3878008993366,81.82339641500016,-0.17359081078298028,0.1759539680553757,ema_trail,9,META,long,2024-12-06,0.9265175718849841,0.8074420306046133,xmom_f252_skip21_b20_s20_atr0.5_ema20
2024-12-12,2024-12-19,627.8876010257708,607.3878008993366,89.60925304440309,-0.24278268805237532,0.0572536444017496,ema_trail,6,META,long,2024-12-11,0.9185303514376997,0.7982225991128138,xmom_f252_skip21_b20_s20_atr0.5_ema20
2025-08-01,2025-08-20,758.2448261685668,745.1278092436016,79.13381308919497,-0.18492103446106198,0.44739471847836115,ema_trail,14,META,long,2025-07-31,0.9012738853503185,0.5496395847961966,xmom_f252_skip21_b20_s20_atr0.5_ema20
2022-08-31,2022-09-02,22.700000762939453,23.10300064086914,2.9675562012094723,-0.15110072027374385,0.2537442286998701,ema_trail,3,NFLX,short,2022-08-30,0.048859934853420196,-0.6004627454568496,xmom_f252_skip21_b20_s20_atr0.5_ema20
2023-09-06,2023-09-14,44.861000061035156,41.040000915527344,5.666940747468139,-0.6900938830844675,0.049056429265453595,ema_trail,7,NFLX,long,2023-09-05,0.9582664526484751,0.8761954612829532,xmom_f252_skip21_b20_s20_atr0.5_ema20
2023-12-19,2024-01-03,48.84000015258789,46.731998443603516,4.805198016400084,-0.45901994085604486,0.2599269676407886,ema_trail,10,NFLX,long,2023-12-18,0.9213483146067416,0.6078991462413128,xmom_f252_skip21_b20_s20_atr0.5_ema20
2023-12-20,2024-01-03,49.20000076293945,46.731998443603516,5.169898652906518,-0.4964125011268808,0.17195693738890758,ema_trail,9,NFLX,long,2023-12-19,0.9069020866773676,0.6026624805728751,xmom_f252_skip21_b20_s20_atr0.5_ema20
2024-02-28,2024-04-01,59.57899856567383,60.79999923706055,5.389169129302417,0.20445501854160505,0.7162515255577454,ema_trail,23,NFLX,long,2024-02-27,0.9455128205128205,0.7985810986111568,xmom_f252_skip21_b20_s20_atr0.5_ema20
2024-03-04,2024-04-01,62.15599822998047,60.79999923706055,7.965761682178652,-0.18583420499406839,0.16106444019224267,ema_trail,20,NFLX,long,2024-03-01,0.9487179487179487,0.7995087427245369,xmom_f252_skip21_b20_s20_atr0.5_ema20
2024-03-21,2024-04-01,63.064998626708984,60.79999923706055,5.905161693637382,-0.4049219159363949,0.06333451456873393,ema_trail,7,NFLX,long,2024-03-20,0.9439102564102564,0.8848687303095464,xmom_f252_skip21_b20_s20_atr0.5_ema20
2024-09-25,2024-10-08,72.0999984741211,70.38800048828125,6.869227426472719,-0.2702193227195603,0.062016071967521735,ema_trail,10,NFLX,long,2024-09-24,0.9281150159744409,0.8080882109972278,xmom_f252_skip21_b20_s20_atr0.5_ema20
2024-10-11,2024-10-16,73.48999786376953,70.34300231933594,6.27113144258189,-0.5252601656209216,0.017540791699029373,ema_trail,4,NFLX,long,2024-10-10,0.9440894568690096,0.8254313146052261,xmom_f252_skip21_b20_s20_atr0.5_ema20
2024-10-21,2024-12-16,76.57599639892578,92.10800170898438,9.79871108586542,1.5694771672005559,1.7960532256347967,time,40,NFLX,long,2024-10-18,0.9488817891373802,1.034489738641609,xmom_f252_skip21_b20_s20_atr0.5_ema20
2024-12-12,2024-12-19,93.33499908447266,90.81800079345703,13.436377476894961,-0.20122003075857067,0.005507250572994022,ema_trail,6,NFLX,long,2024-12-11,0.9057507987220448,0.751375361446083,xmom_f252_skip21_b20_s20_atr0.5_ema20
2025-06-06,2025-07-11,125.94100189208984,125.97899627685547,16.976459712166104,-0.01259907086901476,0.4814904720809578,ema_trail,24,NFLX,long,2025-06-05,0.9585987261146497,0.7950582099591168,xmom_f252_skip21_b20_s20_atr0.5_ema20
2025-06-25,2025-07-11,128.6840057373047,125.97899627685547,12.361318494484479,-0.23964898835392173,0.439354406917243,ema_trail,12,NFLX,long,2025-06-24,0.947452229299363,0.7495102909131521,xmom_f252_skip21_b20_s20_atr0.5_ema20
2025-06-27,2025-07-11,130.68800354003906,125.97899627685547,14.380332038756109,-0.3456375872871436,0.23831174022192006,ema_trail,10,NFLX,long,2025-06-26,0.9538216560509554,0.8109622568374266,xmom_f252_skip21_b20_s20_atr0.5_ema20
2025-06-30,2025-07-11,133.10000610351562,125.97899627685547,16.3734193272127,-0.4511708697638745,0.06199067948876773,ema_trail,9,NFLX,long,2025-06-27,0.9538216560509554,0.7973410297850594,xmom_f252_skip21_b20_s20_atr0.5_ema20
2025-07-01,2025-07-11,133.822998046875,125.97899627685547,17.072310657356,-0.47513473301390463,0.003163066533639955,ema_trail,8,NFLX,long,2025-06-30,0.9522292993630573,0.7483806013047054,xmom_f252_skip21_b20_s20_atr0.5_ema20
2025-09-05,2025-09-12,126.0,120.30599975585938,10.55503193274049,-0.5633332312048075,0.0672664080030228,ema_trail,6,NFLX,long,2025-09-04,0.9203821656050956,0.6366578607998599,xmom_f252_skip21_b20_s20_atr0.5_ema20
2025-03-28,2025-04-07,26.5239891812444,23.558166748358904,3.535053574398926,-0.8539815161814882,0.17997006322291248,ema_trail,7,T,long,2025-03-27,0.9265175718849841,0.6422233463195344,xmom_f252_skip21_b20_s20_atr0.5_ema20
2025-05-07,2025-05-13,26.512401114542072,25.576334653386127,3.2837982347040295,-0.30120342137103845,0.10365625383606361,ema_trail,5,T,long,2025-05-06,0.9681020733652312,0.6489085055612434,xmom_f252_skip21_b20_s20_atr0.5_ema20
2025-06-11,2025-06-18,26.928429068164387,26.247657221340056,2.311783199356107,-0.31777577809427543,0.05317051391302035,ema_trail,6,T,long,2025-06-10,0.9442675159235668,0.6023840839384802,xmom_f252_skip21_b20_s20_atr0.5_ema20
2025-07-01,2025-07-10,27.410644663594585,26.509925244307226,1.8985576645641657,-0.5032982281493688,0.09960448578159284,ema_trail,7,T,long,2025-06-30,0.9156050955414012,0.5355864544375744,xmom_f252_skip21_b20_s20_atr0.5_ema20
2023-02-02,2023-02-06,143.46325003882737,135.2868982194823,13.487343075402862,-0.627497815700808,0.011343670188883995,ema_trail,3,TMUS,long,2023-02-01,0.9082125603864735,0.2942591786886808,xmom_f252_skip21_b20_s20_atr0.5_ema20
2022-09-07,2022-09-13,12.5,12.84000015258789,1.86043498547407,-0.19619075938570488,0.14512759643405182,ema_trail,5,WBD,short,2022-09-06,0.08306188925081433,-0.484634389691882,xmom_f252_skip21_b20_s20_atr0.5_ema20
2025-09-09,2025-10-09,12.34000015258789,17.84000015258789,1.7998632973011173,3.042075477568229,4.3892220205702674,ema_trail,23,WBD,long,2025-09-08,0.9060509554140127,0.6202184943372007,xmom_f252_skip21_b20_s20_atr0.5_ema20
2025-12-03,2026-01-21,24.239999771118164,28.31999969482422,2.7881906822922673,1.4459269051316703,2.065855920638233,ema_trail,33,WBD,long,2025-12-02,0.9633757961783439,1.1628131517750608,xmom_f252_skip21_b20_s20_atr0.5_ema20
2025-05-13,2025-06-05,48.23540714815991,49.08650141760163,6.09971070652108,0.12371463032478755,0.6035507866385389,ema_trail,17,FOX,long,2025-05-12,0.9554140127388535,0.5226554496835736,xmom_f252_skip21_b20_s20_atr0.5_ema20
2025-05-13,2025-06-05,52.26165640613795,53.7177708869182,7.075009669560842,0.1910373598191662,0.5656304187301385,ema_trail,17,FOXA,long,2025-05-12,0.9506369426751592,0.5105119956357722,xmom_f252_skip21_b20_s20_atr0.5_ema20
2023-12-14,2024-01-04,163.2899932861328,157.9600067138672,13.057041371586422,-0.43321962440489853,0.11947674614691613,ema_trail,14,TTWO,long,2023-12-13,0.9004815409309791,0.462722887097899,xmom_f252_skip21_b20_s20_atr0.5_ema20
2024-02-08,2024-02-09,170.61000061035156,154.88999938964844,13.696974114441076,-1.1726109057174947,0.0715483375635373,gap_stop,2,TTWO,long,2024-02-07,0.9166666666666666,0.5018946282007175,xmom_f252_skip21_b20_s20_atr0.5_ema20
2025-05-02,2025-05-23,214.4499969482422,225.9199981689453,29.460745362523625,0.37477331584596585,0.8937316930395288,ema_trail,16,TTWO,long,2025-05-01,0.9011164274322169,0.45650515464026564,xmom_f252_skip21_b20_s20_atr0.5_ema20
2025-06-20,2025-07-09,149.64999389648438,144.99000549316406,16.774526674440267,-0.29564401353093694,0.1520163937408327,ema_trail,13,LYV,long,2025-06-18,0.928343949044586,0.6709859498789612,xmom_f252_skip21_b20_s20_atr0.5_ema20
2025-06-23,2025-07-09,149.1199951171875,144.99000549316406,16.208131999173332,-0.2732103622109979,0.1900281803733939,ema_trail,12,LYV,long,2025-06-20,0.9219745222929936,0.6177152802437829,xmom_f252_skip21_b20_s20_atr0.5_ema20
2025-07-24,2025-08-01,154.0399932861328,146.02999877929688,13.551378382599893,-0.6138175954180938,0.07600806419873021,ema_trail,7,LYV,long,2025-07-23,0.9156050955414012,0.5845426378467553,xmom_f252_skip21_b20_s20_atr0.5_ema20
2025-08-13,2025-09-19,159.69000244140625,164.64999389648438,18.486465427634357,0.2510275135266436,0.8416967331858908,ema_trail,27,LYV,long,2025-08-12,0.9060509554140127,0.6186219443742949,xmom_f252_skip21_b20_s20_atr0.5_ema20
2025-08-15,2025-09-19,162.39999389648438,164.64999389648438,21.224316204371576,0.09070728091633395,0.6054379316526064,ema_trail,25,LYV,long,2025-08-14,0.9012738853503185,0.6221615590951171,xmom_f252_skip21_b20_s20_atr0.5_ema20
2025-08-25,2025-09-19,165.72000122070312,164.64999389648438,24.33368152448952,-0.05759290164333472,0.3916381814114664,ema_trail,19,LYV,long,2025-08-22,0.9060509554140127,0.5787898097000144,xmom_f252_skip21_b20_s20_atr0.5_ema20
2025-09-10,2025-09-19,170.83999633789062,164.64999389648438,17.21251856419903,-0.37947278951190355,0.2562090867563047,ema_trail,8,LYV,long,2025-09-09,0.9044585987261147,0.6255839686167843,xmom_f252_skip21_b20_s20_atr0.5_ema20
2025-09-11,2025-09-19,170.88999938964844,164.64999389648438,15.596627389203206,-0.4220005599736012,0.27954765485836897,ema_trail,7,LYV,long,2025-09-10,0.9028662420382165,0.6649062648529791,xmom_f252_skip21_b20_s20_atr0.5_ema20
2025-09-12,2025-09-19,173.75,164.64999389648438,18.47186818098308,-0.5114537420336239,0.08120456389702156,ema_trail,6,LYV,long,2025-09-11,0.9028662420382165,0.6712024005873023,xmom_f252_skip21_b20_s20_atr0.5_ema20
2023-12-19,2024-01-03,154.39999389648438,149.1999969482422,14.622993267658643,-0.3767215668640731,0.08411485691158141,ema_trail,10,AMZN,long,2023-12-18,0.9245585874799358,0.6148107038899477,xmom_f252_skip21_b20_s20_atr0.5_ema20
2024-01-29,2024-03-12,159.33999633789062,173.5,16.783446306681356,0.8247009235477146,1.2393165665550763,ema_trail,31,AMZN,long,2024-01-26,0.907051282051282,0.5786170321090109,xmom_f252_skip21_b20_s20_atr0.5_ema20
2024-01-30,2024-03-12,160.6999969482422,173.5,18.12212882233831,0.6885837298805386,1.0727217884823474,ema_trail,30,AMZN,long,2024-01-29,0.9038461538461539,0.5454544895318434,xmom_f252_skip21_b20_s20_atr0.5_ema20
2024-03-01,2024-03-12,176.75,173.5,22.874599732071943,-0.15753281116205134,0.14819928782821054,ema_trail,8,AMZN,long,2024-02-29,0.9262820512820513,0.6873606530366374,xmom_f252_skip21_b20_s20_atr0.5_ema20
2024-04-12,2024-04-18,187.72000122070312,181.47000122070312,15.953789522007071,-0.4152894203162266,0.060800678068685825,ema_trail,5,AMZN,long,2024-04-11,0.9150641025641025,0.7553042694526275,xmom_f252_skip21_b20_s20_atr0.5_ema20
2025-11-04,2025-11-10,454.4599914550781,439.6000061035156,52.504674631996465,-0.3003333597436113,0.2474069374393757,ema_trail,5,TSLA,long,2025-11-03,0.9187898089171974,0.6689186835364322,xmom_f252_skip21_b20_s20_atr0.5_ema20
2023-04-14,2023-05-04,98.6914407834918,96.25437349683698,9.766656565772337,-0.26973920404392526,0.8100195134830841,ema_trail,15,SBUX,long,2023-04-13,0.9019292604501608,0.2619950098066224,xmom_f252_skip21_b20_s20_atr0.5_ema20
2023-04-18,2023-05-04,100.50075569897864,96.25437349683698,11.54592646334892,-0.3851907187922315,0.5284866055267237,ema_trail,13,SBUX,long,2023-04-17,0.9244372990353698,0.270523606252314,xmom_f252_skip21_b20_s20_atr0.5_ema20
2023-04-25,2023-05-04,100.53769377983294,96.25437349683698,10.729085990509304,-0.41796623445113734,0.5652792240445303,ema_trail,8,SBUX,long,2023-04-24,0.9196141479099679,0.2760019492943451,xmom_f252_skip21_b20_s20_atr0.5_ema20
2023-04-26,2023-05-04,100.62998929354053,96.25437349683698,10.844292352303668,-0.42205389034152746,0.5507628986455505,ema_trail,7,SBUX,long,2023-04-25,0.9163987138263665,0.2919821136099783,xmom_f252_skip21_b20_s20_atr0.5_ema20
2023-04-27,2023-05-04,102.82703669805765,96.25437349683698,12.487638900739995,-0.5428021524721637,0.3023459050352335,ema_trail,6,SBUX,long,2023-04-26,0.9228295819935691,0.2951886223146527,xmom_f252_skip21_b20_s20_atr0.5_ema20
2023-04-28,2023-05-04,103.7778559151248,96.25437349683698,11.673458463820808,-0.6622748651634515,0.24198203787549233,ema_trail,5,SBUX,long,2023-04-27,0.9260450160771704,0.33624517312967805,xmom_f252_skip21_b20_s20_atr0.5_ema20
2023-05-01,2023-05-04,105.46717478905948,96.25437349683698,12.27312897062896,-0.7678348092285785,0.09251498920225261,ema_trail,4,SBUX,long,2023-04-28,0.9372990353697749,0.37818115132394436,xmom_f252_skip21_b20_s20_atr0.5_ema20
2023-05-02,2023-05-04,105.6887339234244,96.25437349683698,11.341429668403151,-0.8504869471004148,0.005697567654591643,ema_trail,3,SBUX,long,2023-05-01,0.9390048154093098,0.354425096223683,xmom_f252_skip21_b20_s20_atr0.5_ema20
2023-06-29,2023-07-10,42.065399169921875,41.497398376464844,2.103350146979537,-0.31004423715820795,0.42075834948420443,ema_trail,7,CMG,long,2023-06-28,0.92776886035313,0.5551584070771745,xmom_f252_skip21_b20_s20_atr0.5_ema20
2023-07-03,2023-07-10,42.7599983215332,41.497398376464844,2.7932744889772536,-0.48263067128967857,0.06816479560834565,ema_trail,5,CMG,long,2023-06-30,0.9261637239165329,0.6119313970432987,xmom_f252_skip21_b20_s20_atr0.5_ema20
2023-04-04,2023-04-13,75.79599979665022,73.70011390992293,6.6439610477691105,-0.33827379031297,0.02736864049477206,ema_trail,7,TJX,long,2023-04-03,0.9244372990353698,0.3091839312065019,xmom_f252_skip21_b20_s20_atr0.5_ema20
2023-12-11,2024-01-04,128.7706650654878,133.17116199049477,11.958799730069785,0.3464357367285563,0.9595457039981806,ema_trail,17,BKNG,long,2023-12-08,0.9181380417335474,0.5444886974009178,xmom_f252_skip21_b20_s20_atr0.5_ema20
2023-12-12,2024-01-04,131.6024799333747,133.17116199049477,12.369262684653066,0.10554203031625067,0.6987643692618853,ema_trail,16,BKNG,long,2023-12-11,0.9149277688603531,0.49707601319475203,xmom_f252_skip21_b20_s20_atr0.5_ema20
2023-12-13,2024-01-04,133.7293184549095,133.17116199049477,14.37129204014488,-0.057448912666883095,0.45342906527391624,ema_trail,15,BKNG,long,2023-12-12,0.913322632423756,0.5219109936637845,xmom_f252_skip21_b20_s20_atr0.5_ema20
2023-12-14,2024-01-04,135.28232466184764,133.17116199049477,15.908844249724297,-0.1497108956056216,0.3119871708901321,ema_trail,14,BKNG,long,2023-12-13,0.913322632423756,0.4996200727452531,xmom_f252_skip21_b20_s20_atr0.5_ema20
2023-12-15,2024-01-04,134.81192039098158,133.17116199049477,15.456543095996821,-0.12359699251015326,0.35155076699372745,ema_trail,13,BKNG,long,2023-12-14,0.9117174959871589,0.5496891766116994,xmom_f252_skip21_b20_s20_atr0.5_ema20
2023-12-20,2024-01-04,138.50154515798204,133.17116199049477,19.08728578399787,-0.29377598896246815,0.09137678521746952,ema_trail,10,BKNG,long,2023-12-19,0.9101123595505618,0.6173170099415404,xmom_f252_skip21_b20_s20_atr0.5_ema20
2024-11-26,2024-11-27,56.67354302759781,54.26504146211585,7.637556852955285,-0.3301904915524582,0.08623830275261099,ema_trail,2,GM,long,2024-11-25,0.9376996805111821,0.8680893705390846,xmom_f252_skip21_b20_s20_atr0.5_ema20
2026-01-28,2026-02-10,85.6809603474897,80.68365390632422,9.860615593378967,-0.5241729903081329,0.15648119357271179,ema_trail,10,GM,long,2026-01-27,0.9044585987261147,0.5532975062756242,xmom_f252_skip21_b20_s20_atr0.5_ema20
2023-05-02,2023-05-23,61.93199920654297,61.2586669921875,5.660360117732729,-0.14083842656425782,0.4192907770226523,ema_trail,16,ORLY,long,2023-05-01,0.9373996789727127,0.35011554166968484,xmom_f252_skip21_b20_s20_atr0.5_ema20
2023-05-03,2023-05-23,62.43466567993164,61.2586669921875,5.90371724677442,-0.22034727693213146,0.31686312884066103,ema_trail,15,ORLY,long,2023-05-02,0.92776886035313,0.3996867049111199,xmom_f252_skip21_b20_s20_atr0.5_ema20
2023-05-09,2023-05-23,63.15599822998047,61.2586669921875,5.631276559654509,-0.3593578139549027,0.20409897407439742,ema_trail,11,ORLY,long,2023-05-08,0.9502407704654896,0.4267749268307204,xmom_f252_skip21_b20_s20_atr0.5_ema20
2023-05-10,2023-05-23,63.55533218383789,61.2586669921875,5.873567638915723,-0.41265820111769447,0.12769135571506218,ema_trail,10,ORLY,long,2023-05-09,0.9438202247191011,0.42956932012898874,xmom_f252_skip21_b20_s20_atr0.5_ema20
2023-05-11,2023-05-23,63.67333221435547,61.2586669921875,5.824263762546813,-0.4364520547546627,0.10851221887370828,ema_trail,9,ORLY,long,2023-05-10,0.9165329052969502,0.42777055465399383,xmom_f252_skip21_b20_s20_atr0.5_ema20
2023-05-15,2023-05-23,63.92399978637695,61.2586669921875,5.485952146899422,-0.5091515053300039,0.039373220452454026,ema_trail,7,ORLY,long,2023-05-12,0.9085072231139647,0.4615739549469755,xmom_f252_skip21_b20_s20_atr0.5_ema20
2024-01-19,2024-01-30,100.10538785791223,96.81928957414027,8.360591267943349,-0.41699312258634036,0.31039300969041267,ema_trail,8,WSM,long,2024-01-18,0.9166666666666666,0.6571056767836019,xmom_f252_skip21_b20_s20_atr0.5_ema20
2024-01-23,2024-01-30,101.83543130117734,96.81928957414027,10.10509889946644,-0.5165523506073783,0.08560288739270927,ema_trail,6,WSM,long,2024-01-22,0.9214743589743589,0.7395793046892298,xmom_f252_skip21_b20_s20_atr0.5_ema20
2024-01-24,2024-01-30,102.70045694436055,96.81928957414027,10.953950117951962,-0.5556505387160734,0.0,ema_trail,5,WSM,long,2024-01-23,0.9230769230769231,0.6614675193814821,xmom_f252_skip21_b20_s20_atr0.5_ema20
2024-02-09,2024-04-08,104.65761660127355,148.9620361328125,13.4988565238679,3.266580707808101,3.694855406356739,time,40,WSM,long,2024-02-08,0.9230769230769231,0.5156886444241491,xmom_f252_skip21_b20_s20_atr0.5_ema20
2024-02-12,2024-04-09,106.25718669490215,149.3196258544922,15.114704115598386,2.834982706805295,3.194025668249569,time,40,WSM,long,2024-02-09,0.9294871794871795,0.5675356722997427,xmom_f252_skip21_b20_s20_atr0.5_ema20
2024-02-13,2024-04-10,106.19919128770391,141.7084503173828,15.15035188982037,2.329771671562276,3.1903383282399758,time,40,WSM,long,2024-02-12,0.9391025641025641,0.6296946964916132,xmom_f252_skip21_b20_s20_atr0.5_ema20
2024-03-08,2024-04-11,113.50593477689169,143.89757810533706,14.984877488651932,2.013004876532044,2.7379606448100535,ema_trail,24,WSM,long,2024-03-07,0.9230769230769231,0.6823648462819942,xmom_f252_skip21_b20_s20_atr0.5_ema20
2024-05-10,2024-05-23,155.2620306041252,136.10655491072544,22.999067031916837,-0.8463821479190508,0.6014533460068865,ema_trail,10,WSM,long,2024-05-09,0.9823717948717948,1.589563051553176,xmom_f252_skip21_b20_s20_atr0.5_ema20
2025-01-07,2025-02-04,195.7145807603783,200.76869543418272,25.50227299582096,0.18283411494527255,0.7862505116913855,ema_trail,19,WSM,long,2025-01-06,0.939297124600639,0.9474381737759563,xmom_f252_skip21_b20_s20_atr0.5_ema20
2025-01-27,2025-02-04,205.56499216838992,200.76869543418272,29.29204871941326,-0.1777761183051962,0.348243439097023,ema_trail,7,WSM,long,2025-01-24,0.9313099041533547,0.7652492640700819,xmom_f252_skip21_b20_s20_atr0.5_ema20
2025-03-14,2025-03-17,342.20001220703125,351.739990234375,40.355581973852736,-0.253357219786408,0.29809999486790634,ema_trail,2,ULTA,short,2025-03-13,0.07987220447284345,-0.31724879603658684,xmom_f252_skip21_b20_s20_atr0.5_ema20
2023-04-03,2023-05-24,56.58712196669747,64.34919308772045,6.4849754026597,1.179479705343605,1.8811096331927435,ema_trail,37,PHM,long,2023-03-31,0.9083601286173634,0.23740086653880388,xmom_f252_skip21_b20_s20_atr0.5_ema20
2023-04-12,2023-05-24,58.65441045119421,64.34919308772045,7.266567785354525,0.7675527126940214,1.3942842777692606,ema_trail,31,PHM,long,2023-04-11,0.9517684887459807,0.34279767701801545,xmom_f252_skip21_b20_s20_atr0.5_ema20
2023-04-18,2023-05-24,59.60030156468102,64.34919308772045,6.429918816949069,0.7200232307298107,1.4285981463349413,ema_trail,27,PHM,long,2023-04-17,0.9437299035369775,0.3246954039598413,xmom_f252_skip21_b20_s20_atr0.5_ema20
2023-04-19,2023-05-24,60.633936606438006,64.34919308772045,7.396077138747955,0.4859317366013813,1.1022241802362605,ema_trail,26,PHM,long,2023-04-18,0.9485530546623794,0.330947669886686,xmom_f252_skip21_b20_s20_atr0.5_ema20
2023-04-21,2023-05-24,61.28728737710366,64.34919308772045,8.059026185372026,0.3647253487273409,0.9304826809182025,ema_trail,24,PHM,long,2023-04-20,0.9308681672025724,0.2951428160907281,xmom_f252_skip21_b20_s20_atr0.5_ema20
2023-04-26,2023-05-24,63.101041983420316,64.34919308772045,8.566771415651218,0.1309652103339105,0.6636140277832013,ema_trail,21,PHM,long,2023-04-25,0.9469453376205788,0.3704675390590477,xmom_f252_skip21_b20_s20_atr0.5_ema20
2023-05-17,2023-05-24,67.5183895307429,64.34919308772045,7.959581285944388,-0.41512651273739565,0.15926492756023358,ema_trail,6,PHM,long,2023-05-16,0.9261637239165329,0.44416057574043344,xmom_f252_skip21_b20_s20_atr0.5_ema20
2023-05-19,2023-05-24,68.51304842931545,64.34919308772045,8.514654341790767,-0.5051152126451539,0.011452267504617043,ema_trail,4,PHM,long,2023-05-18,0.9261637239165329,0.42429080534572905,xmom_f252_skip21_b20_s20_atr0.5_ema20
2023-06-07,2023-07-21,70.45355892548021,75.73687214544954,7.657692364168987,0.671534694470117,1.3879985861991868,ema_trail,31,PHM,long,2023-06-06,0.9438202247191011,0.5077278297268955,xmom_f252_skip21_b20_s20_atr0.5_ema20
2023-06-13,2023-07-21,71.37019565766663,75.73687214544954,8.561680965650822,0.4933535964974481,1.1343834793416836,ema_trail,27,PHM,long,2023-06-12,0.9486356340288925,0.5644071588165906,xmom_f252_skip21_b20_s20_atr0.5_ema20
2023-06-14,2023-07-21,72.12104118774795,75.73687214544954,9.305213193342944,0.3730799932461202,0.9630498223467036,ema_trail,26,PHM,long,2023-06-13,0.9518459069020867,0.6459869169679411,xmom_f252_skip21_b20_s20_atr0.5_ema20
2023-06-22,2023-07-21,73.64555750813541,75.73687214544954,10.857195329150088,0.17905393274802922,0.6849713362338326,ema_trail,21,PHM,long,2023-06-21,0.9614767255216693,0.9279766796497935,xmom_f252_skip21_b20_s20_atr0.5_ema20
2023-07-13,2023-07-21,78.65884809090237,75.73687214544954,8.414880196417315,-0.36593434128101565,0.28801087514288765,ema_trail,7,PHM,long,2023-07-12,0.9261637239165329,0.6529073725773393,xmom_f252_skip21_b20_s20_atr0.5_ema20
2023-07-14,2023-07-21,79.11816348652424,75.73687214544954,8.855126512402904,-0.39971508742310125,0.22182197072166016,ema_trail,6,PHM,long,2023-07-13,0.9229534510433387,0.6715222231451083,xmom_f252_skip21_b20_s20_atr0.5_ema20
2023-07-17,2023-07-21,80.07586157431686,75.73687214544954,9.533977988575785,-0.47190597224024544,0.10557644745816909,ema_trail,5,PHM,long,2023-07-14,0.9245585874799358,0.683903067865332,xmom_f252_skip21_b20_s20_atr0.5_ema20
2023-07-26,2023-08-17,82.39193876191177,81.06289221454001,10.776721044308644,-0.13861641391232812,0.16776162798284053,ema_trail,17,PHM,long,2023-07-25,0.9470304975922953,0.6819619324232076,xmom_f252_skip21_b20_s20_atr0.5_ema20
2023-07-27,2023-08-17,83.06624310330642,81.06289221454001,11.439674836880911,-0.18964554551661886,0.09909511777911659,ema_trail,16,PHM,long,2023-07-26,0.956661316211878,0.7220547727806219,xmom_f252_skip21_b20_s20_atr0.5_ema20
2023-11-02,2023-12-29,77.6638160009344,101.27517700195312,11.4243811906653,2.0531557007378605,2.213168518061876,time,40,PHM,long,2023-11-01,0.9646869983948636,0.7876176211389554,xmom_f252_skip21_b20_s20_atr0.5_ema20
2023-12-04,2024-01-25,88.3571793541922,101.18686079589806,10.396368238313983,1.2170564559619188,1.8125741009381573,ema_trail,36,PHM,long,2023-12-01,0.9759229534510433,0.7431081634289525,xmom_f252_skip21_b20_s20_atr0.5_ema20
2023-12-07,2024-01-25,90.84443488488442,101.18686079589806,12.875908005502623,0.7891278065128761,1.2703517511076883,ema_trail,33,PHM,long,2023-12-06,0.9759229534510433,0.8928376059399228,xmom_f252_skip21_b20_s20_atr0.5_ema20
2023-12-14,2024-01-25,97.62081662129896,101.18686079589806,13.801573862183545,0.2442331994173893,0.694163625188286,ema_trail,28,PHM,long,2023-12-13,0.9678972712680578,0.8500191722928085,xmom_f252_skip21_b20_s20_atr0.5_ema20
2024-01-23,2024-01-25,104.27752293117786,101.18686079589806,8.215110784715677,-0.40160349234491066,0.21856331302955045,ema_trail,3,PHM,long,2024-01-22,0.9647435897435898,1.0700033884158087,xmom_f252_skip21_b20_s20_atr0.5_ema20
2024-03-01,2024-04-05,106.33794397377201,112.14643356642613,9.229097447388725,0.6063229624138214,1.3727235114926972,ema_trail,25,PHM,long,2024-02-29,0.9583333333333334,0.9481695021412093,xmom_f252_skip21_b20_s20_atr0.5_ema20
2024-03-04,2024-04-05,110.11542111281084,112.14643356642613,13.03556621225222,0.13891085219510463,0.6820971005073575,ema_trail,24,PHM,long,2024-03-01,0.9631410256410257,0.9459136279067781,xmom_f252_skip21_b20_s20_atr0.5_ema20
2024-03-08,2024-04-05,112.20526923607497,112.14643356642613,15.132578518572103,-0.018717643379372997,0.4494722287571241,ema_trail,20,PHM,long,2024-03-07,0.9599358974358975,0.9152374770509428,xmom_f252_skip21_b20_s20_atr0.5_ema20
2024-03-22,2024-04-05,114.34809765422264,112.14643356642613,12.665116346007267,-0.19189403529412843,0.3678486046364534,ema_trail,10,PHM,long,2024-03-21,0.9471153846153846,0.8677888909578588,xmom_f252_skip21_b20_s20_atr0.5_ema20
2024-04-01,2024-04-05,118.42704075463378,112.14643356642613,13.723823217594031,-0.47490128416704563,0.04225515483779577,ema_trail,5,PHM,long,2024-03-28,0.9326923076923077,0.8698679795531357,xmom_f252_skip21_b20_s20_atr0.5_ema20
2024-09-16,2024-10-07,138.56272571777615,135.78314531021084,20.637968754361054,-0.148110790135533,0.25373826156791773,ema_trail,16,PHM,long,2024-09-13,0.9169329073482428,0.5954598047802484,xmom_f252_skip21_b20_s20_atr0.5_ema20
2024-09-20,2024-10-07,141.27519024491562,135.78314531021084,19.814794852385646,-0.29142846838504444,0.11245981134562558,ema_trail,12,PHM,long,2024-09-19,0.9089456869009584,0.6259040471740724,xmom_f252_skip21_b20_s20_atr0.5_ema20
2024-10-21,2024-10-22,146.66868194773912,133.071150535251,13.59753141248811,-1.021572839583667,0.05220998599755615,stop,2,PHM,long,2024-10-18,0.9472843450479234,1.033167553438814,xmom_f252_skip21_b20_s20_atr0.5_ema20
2023-04-19,2023-05-23,99.8804953987395,100.84074456574102,8.477875257204118,0.08970268529934,0.8158814585838139,ema_trail,25,LEN,long,2023-04-18,0.9614147909967846,0.37314155914031955,xmom_f252_skip21_b20_s20_atr0.5_ema20
2023-04-21,2023-05-23,102.4732617902135,100.84074456574102,11.119168558175232,-0.1652519015643426,0.38889372136426736,ema_trail,23,LEN,long,2023-04-20,0.9485530546623794,0.3247705494711237,xmom_f252_skip21_b20_s20_atr0.5_ema20
2023-05-04,2023-05-23,104.63719872135324,100.84074456574102,13.222906528165481,-0.3029385819617283,0.16337088243981437,ema_trail,14,LEN,long,2023-05-03,0.9213483146067416,0.36975197375379976,xmom_f252_skip21_b20_s20_atr0.5_ema20
2023-06-16,2023-07-10,111.01674274524208,110.578201309501,14.921894581821405,-0.044268837151303565,0.3887177014939788,ema_trail,15,LEN,long,2023-06-15,0.9341894060995185,0.6756036406620598,xmom_f252_skip21_b20_s20_atr0.5_ema20
2024-02-13,2024-02-20,140.7525689761652,138.35810505803565,8.082533906861329,-0.33108046151346654,0.44552104672759574,ema_trail,5,LEN,long,2024-02-12,0.9182692307692307,0.5536019097731897,xmom_f252_skip21_b20_s20_atr0.5_ema20
2024-03-04,2024-03-15,150.62731925578714,141.12376770992913,14.219399135112525,-0.6895373068302298,0.3387429189025607,ema_trail,10,LEN,long,2024-03-01,0.9038461538461539,0.5871865589476191,xmom_f252_skip21_b20_s20_atr0.5_ema20
2024-03-08,2024-03-15,153.11455372317147,141.12376770992913,16.72206933904934,-0.7353763981813376,0.13930610222052042,ema_trail,6,LEN,long,2024-03-07,0.9006410256410257,0.579083594670148,xmom_f252_skip21_b20_s20_atr0.5_ema20
2023-04-12,2023-05-23,97.31654387834465,103.9931189860034,7.289457631097122,0.8892214411467092,1.673218858268799,ema_trail,30,DHI,long,2023-04-11,0.954983922829582,0.35248039438708045,xmom_f252_skip21_b20_s20_atr0.5_ema20
2023-04-19,2023-05-23,98.26510486174652,103.9931189860034,8.181639933532821,0.6760849853416725,1.3748218062493291,ema_trail,25,DHI,long,2023-04-18,0.954983922829582,0.3595393776363245,xmom_f252_skip21_b20_s20_atr0.5_ema20
2023-04-21,2023-05-23,104.23730761278172,103.9931189860034,14.359495206515604,-0.03152361803070157,0.36742894959650224,ema_trail,23,DHI,long,2023-04-20,0.9469453376205788,0.32181830877070894,xmom_f252_skip21_b20_s20_atr0.5_ema20
2023-05-17,2023-05-23,108.79547409458912,103.9931189860034,12.62872567564439,-0.39750218554959316,0.05684878879293572,ema_trail,5,DHI,long,2023-05-16,0.9341894060995185,0.46396906094215384,xmom_f252_skip21_b20_s20_atr0.5_ema20
2023-05-18,2023-05-23,108.94101522596227,103.9931189860034,7.817644209255036,-0.6607845192411315,0.06825484839944289,ema_trail,4,DHI,long,2023-05-17,0.9357945425361156,0.5072219356259409,xmom_f252_skip21_b20_s20_atr0.5_ema20
2023-06-07,2023-07-07,111.79332159091634,111.17241159976706,11.069810889334533,-0.0762882620826665,0.7729996149962566,ema_trail,21,DHI,long,2023-06-06,0.9309791332263242,0.4380431354891141,xmom_f252_skip21_b20_s20_atr0.5_ema20
2023-06-21,2023-07-07,113.34560766652176,111.17241159976706,12.680339591173237,-0.18926048981829316,0.5524042498678412,ema_trail,12,DHI,long,2023-06-20,0.9454253611556982,0.8547878349653455,xmom_f252_skip21_b20_s20_atr0.5_ema20
2023-06-23,2023-07-07,115.90687189692039,111.17241159976706,15.034950568073796,-0.33031528893037315,0.29553866701552933,ema_trail,10,DHI,long,2023-06-22,0.9502407704654896,0.7822319369506288,xmom_f252_skip21_b20_s20_atr0.5_ema20
2023-06-26,2023-07-07,116.9546580591604,111.17241159976706,16.052789931523833,-0.3747732201800864,0.2115285319111237,ema_trail,9,DHI,long,2023-06-23,0.9406099518459069,0.6703668498781363,xmom_f252_skip21_b20_s20_atr0.5_ema20
2023-04-19,2023-05-24,60.208652371998866,62.76843549478698,5.292727464367438,0.4608901241310477,1.0445248974871346,ema_trail,26,TOL,long,2023-04-18,0.927652733118971,0.2645483958716808,xmom_f252_skip21_b20_s20_atr0.5_ema20
2023-04-21,2023-05-24,60.675838759987016,62.76843549478698,5.779637231183592,0.3410672639874844,0.8756949652220862,ema_trail,24,TOL,long,2023-04-20,0.9131832797427653,0.24987914257851052,xmom_f252_skip21_b20_s20_atr0.5_ema20
2023-05-26,2023-07-21,66.56434155064247,76.85560159597007,7.378060626240632,1.3768023708151915,2.0522605604306277,ema_trail,38,TOL,long,2023-05-25,0.9052969502407705,0.3999759990292304,xmom_f252_skip21_b20_s20_atr0.5_ema20
2023-07-12,2023-07-21,78.87580940041067,76.85560159597007,10.039496852374953,-0.2169391011588597,0.28191004265936065,ema_trail,8,TOL,long,2023-07-11,0.9069020866773676,0.560628079406406,xmom_f252_skip21_b20_s20_atr0.5_ema20
2023-09-05,2023-09-06,81.44253228713902,77.66562935397846,10.063760759674452,-0.39148267648825563,0.0038791321150729178,ema_trail,2,TOL,long,2023-09-01,0.9502407704654896,0.8003825991126787,xmom_f252_skip21_b20_s20_atr0.5_ema20
2023-12-04,2024-01-18,85.71434098429437,98.74762333915326,9.993399622800723,1.287034858842729,1.7963227510137303,ema_trail,31,TOL,long,2023-12-01,0.9582664526484751,0.5701574308202637,xmom_f252_skip21_b20_s20_atr0.5_ema20
2023-12-07,2024-01-18,88.39626993400654,98.74762333915326,12.713057573811525,0.8003236677098016,1.2010833793556743,ema_trail,28,TOL,long,2023-12-06,0.9678972712680578,0.7311716504480343,xmom_f252_skip21_b20_s20_atr0.5_ema20
2023-12-08,2024-01-18,88.80738107622498,98.74762333915326,13.143165187388632,0.7427912045222897,1.1304986887584345,ema_trail,27,TOL,long,2023-12-07,0.9678972712680578,0.7689286762870606,xmom_f252_skip21_b20_s20_atr0.5_ema20
2024-02-13,2024-02-14,98.66915167797727,99.82650981211529,6.318632990326577,0.1519347352903383,0.10865786554546018,ema_trail,2,TOL,long,2024-02-12,0.9599358974358975,0.7974826343918908,xmom_f252_skip21_b20_s20_atr0.5_ema20
2024-02-22,2024-04-11,106.51561445391943,117.59755421654714,14.484973776668767,0.7503574877868705,1.4916958591652874,ema_trail,35,TOL,long,2024-02-21,0.9519230769230769,0.8215790834848948,xmom_f252_skip21_b20_s20_atr0.5_ema20
2024-03-22,2024-04-11,123.84645892258939,117.59755421654714,17.46661965483476,-0.37194361314721675,0.24482876587519434,ema_trail,14,TOL,long,2024-03-21,0.9487179487179487,0.8684586288652292,xmom_f252_skip21_b20_s20_atr0.5_ema20
2024-04-01,2024-04-11,126.74965143448034,117.59755421654714,16.340668124145054,-0.5755943667263156,0.08403196318421648,ema_trail,9,TOL,long,2024-03-28,0.9375,0.925935517407084,xmom_f252_skip21_b20_s20_atr0.5_ema20
2024-09-30,2024-10-11,151.0311979058084,147.5566842080003,19.992195984069355,-0.18890251459264717,0.132483517858927,ema_trail,10,TOL,long,2024-09-27,0.9568690095846646,0.9573434840688542,xmom_f252_skip21_b20_s20_atr0.5_ema20
2023-04-04,2023-05-16,55.90918470850335,57.79867138318284,7.949987276574468,0.22360643400028848,0.6935068176746018,ema_trail,30,MTH,long,2023-04-03,0.9469453376205788,0.38811060003436393,xmom_f252_skip21_b20_s20_atr0.5_ema20
2023-06-08,2023-07-07,45.77623904367509,46.18657285156241,5.708698742766188,0.055841329900954195,0.8207576574097418,ema_trail,20,KBH,long,2023-06-07,0.9069020866773676,0.36699956067381234,xmom_f252_skip21_b20_s20_atr0.5_ema20
2023-07-13,2023-07-21,50.29946173445652,49.74599094626426,5.768196794385929,-0.11339240580310476,0.44006204245784386,ema_trail,7,KBH,long,2023-07-12,0.9245585874799358,0.6332782972283222,xmom_f252_skip21_b20_s20_atr0.5_ema20
2023-07-17,2023-07-21,51.81675754255915,49.74599094626426,7.283690743282655,-0.2985299881636714,0.14018561338224084,ema_trail,5,KBH,long,2023-07-14,0.9197431781701445,0.6715540124218995,xmom_f252_skip21_b20_s20_atr0.5_ema20
2023-11-02,2023-12-29,45.96286263360336,60.054534912109375,6.2735475296735,2.2315518431989005,2.4101932192409334,time,40,KBH,long,2023-11-01,0.9341894060995185,0.5567888383644697,xmom_f252_skip21_b20_s20_atr0.5_ema20
2023-12-07,2024-01-16,53.574106551550514,57.78542523039437,6.047449030596312,0.6786614397204862,1.3164426842201955,ema_trail,26,KBH,long,2023-12-06,0.9550561797752809,0.6581287312145008,xmom_f252_skip21_b20_s20_atr0.5_ema20
2023-12-08,2024-01-16,53.58372894652838,57.78542523039437,6.063618088839156,0.6752616615992716,1.3113453919831923,ema_trail,25,KBH,long,2023-12-07,0.9598715890850722,0.7213486262084299,xmom_f252_skip21_b20_s20_atr0.5_ema20
2023-12-11,2024-01-16,54.17022754565119,57.78542523039437,6.40551759457194,0.5474744511862089,1.1497898384766725,ema_trail,24,KBH,long,2023-12-08,0.9454253611556982,0.6536740504541696,xmom_f252_skip21_b20_s20_atr0.5_ema20
2024-02-13,2024-02-14,58.26031619205308,59.302233863309624,3.2440622680161795,0.2852587165160481,0.26169885934880754,ema_trail,2,KBH,long,2024-02-12,0.9503205128205128,0.6919048489606296,xmom_f252_skip21_b20_s20_atr0.5_ema20
2024-03-01,2024-04-03,64.1162471561647,65.02311999210455,8.987183199235737,0.0866389751233441,0.5946950675376401,ema_trail,23,KBH,long,2024-02-29,0.9375,0.7308067876274533,xmom_f252_skip21_b20_s20_atr0.5_ema20
2024-09-20,2024-09-26,85.55607240003035,81.35013614671833,11.798934604959001,-0.3709697989403585,0.11278403751181597,ema_trail,5,KBH,long,2024-09-19,0.9185303514376997,0.6818586088357919,xmom_f252_skip21_b20_s20_atr0.5_ema20
2023-02-27,2023-03-03,50.90999984741211,52.650001525878906,7.026680707256858,-0.26211831089172244,0.12737172714271097,ema_trail,5,CZR,short,2023-02-24,0.09822866344605476,-0.3410015471147595,xmom_f252_skip21_b20_s20_atr0.5_ema20
2023-03-06,2023-03-10,57.18193510284802,52.91334803065199,5.71611337366442,-0.7667711705291035,0.01817351639752112,ema_trail,5,LVS,long,2023-03-03,0.9131832797427653,0.3270266754126041,xmom_f252_skip21_b20_s20_atr0.5_ema20
2023-04-21,2023-05-12,57.98464857000558,57.43691189324102,8.361248941685183,-0.07937880794287272,0.4721171064694875,ema_trail,16,LVS,long,2023-04-20,0.9678456591639871,0.44246833085695614,xmom_f252_skip21_b20_s20_atr0.5_ema20
2023-07-28,2023-08-10,107.94540481994748,101.33253196909696,14.878097643104581,-0.4589809681518848,0.12745817849131147,ema_trail,10,RCL,long,2023-07-27,0.9903691813804173,2.062499837148712,xmom_f252_skip21_b20_s20_atr0.5_ema20
2024-03-13,2024-04-10,126.52952497464236,128.0271437965369,18.27775713785593,0.0680914929856244,0.6166542057232101,ema_trail,20,RCL,long,2024-03-12,0.9118589743589743,0.7494761693272309,xmom_f252_skip21_b20_s20_atr0.5_ema20
2024-03-21,2024-04-10,133.02568853691577,128.0271437965369,18.589994107547483,-0.28319514718486555,0.25685281126766357,ema_trail,14,RCL,long,2024-03-20,0.9423076923076923,0.87677271850149,xmom_f252_skip21_b20_s20_atr0.5_ema20
2024-03-22,2024-04-10,131.7517530704041,128.0271437965369,17.28403119183949,-0.2307397351776919,0.34996625771772705,ema_trail,13,RCL,long,2024-03-21,0.9407051282051282,0.812588969568107,xmom_f252_skip21_b20_s20_atr0.5_ema20
2024-03-28,2024-04-10,135.82645728881857,128.0271437965369,19.242256904438918,-0.41943969706575573,0.10259313685884015,ema_trail,9,RCL,long,2024-03-27,0.9487179487179487,1.037526774847068,xmom_f252_skip21_b20_s20_atr0.5_ema20
2024-04-30,2024-06-17,138.42298312222417,143.2659487717118,18.750528688409574,0.2435195166558522,0.7904114866039955,ema_trail,34,RCL,long,2024-04-29,0.9647435897435898,1.254459827958434,xmom_f252_skip21_b20_s20_atr0.5_ema20
2024-05-21,2024-06-17,142.81859580313582,143.2659487717118,15.831463840811296,0.0102148341174132,0.658500103283613,ema_trail,19,RCL,long,2024-05-20,0.9230769230769231,0.6125051327746238,xmom_f252_skip21_b20_s20_atr0.5_ema20
2024-06-04,2024-06-17,146.3195387424035,143.2659487717118,12.753737135008322,-0.2623724334878502,0.5429057821829437,ema_trail,10,RCL,long,2024-06-03,0.9214743589743589,0.6506064049133002,xmom_f252_skip21_b20_s20_atr0.5_ema20
2024-06-05,2024-06-17,151.4931170024724,143.2659487717118,17.98881527595472,-0.4741921207100064,0.09731043140502489,ema_trail,9,RCL,long,2024-06-04,0.9008,0.6028063253225524,xmom_f252_skip21_b20_s20_atr0.5_ema20
2024-07-15,2024-07-26,162.40435035605964,150.39421422166805,23.778860920154614,-0.5187357324020845,0.2605131991368921,ema_trail,10,RCL,long,2024-07-12,0.9041533546325878,0.5425438008164281,xmom_f252_skip21_b20_s20_atr0.5_ema20
2024-09-17,2024-11-11,166.56655836720216,228.8917236328125,19.305210249544132,3.211155504009069,3.2354804435003954,time,40,RCL,long,2024-09-16,0.9169329073482428,0.6062941577502576,xmom_f252_skip21_b20_s20_atr0.5_ema20
2024-09-24,2024-11-18,172.53142445714627,225.90895080566406,25.03763630730893,2.118109826690085,2.3787191491536466,time,40,RCL,long,2024-09-23,0.902555910543131,0.6739823916881209,xmom_f252_skip21_b20_s20_atr0.5_ema20
2024-12-05,2024-12-19,245.637986838702,227.40034569919115,33.74914181315589,-0.5549449884348605,0.19351192467054307,ema_trail,11,RCL,long,2024-12-04,0.9361022364217252,0.7937802896374888,xmom_f252_skip21_b20_s20_atr0.5_ema20
2024-12-06,2024-12-19,247.44130194203254,227.40034569919115,35.32038919251116,-0.5814159842576023,0.13384751394287375,ema_trail,10,RCL,long,2024-12-05,0.9361022364217252,0.8484782586908743,xmom_f252_skip21_b20_s20_atr0.5_ema20
2025-06-02,2025-07-29,249.7732070657855,328.7491455078125,35.175166979554746,2.231016901028761,2.8472886441350544,time,40,RCL,long,2025-05-30,0.9076433121019108,0.44318665073188024,xmom_f252_skip21_b20_s20_atr0.5_ema20
2025-06-25,2025-07-30,276.71877777968166,329.1719190877006,39.68351701908384,1.3078403239183902,1.8448032906795657,ema_trail,25,RCL,long,2025-06-24,0.9235668789808917,0.6000765256238625,xmom_f252_skip21_b20_s20_atr0.5_ema20
2025-08-25,2025-09-18,30.778340357262643,31.025674905849087,3.4624853257389745,0.053654485259737414,0.48288432822542005,ema_trail,18,CCL,long,2025-08-22,0.947452229299363,0.9438642072579964,xmom_f252_skip21_b20_s20_atr0.5_ema20
2025-08-27,2025-09-18,31.43130480804339,31.025674905849087,4.094504616629127,-0.11441982747013829,0.2488739286287617,ema_trail,16,CCL,long,2025-08-26,0.9426751592356688,0.9242717710017128,xmom_f252_skip21_b20_s20_atr0.5_ema20
2025-08-28,2025-09-18,32.11394824029381,31.025674905849087,4.768411884770877,-0.24169498331427952,0.07054172869440288,ema_trail,15,CCL,long,2025-08-27,0.9363057324840764,0.7880794848033517,xmom_f252_skip21_b20_s20_atr0.5_ema20
2025-08-29,2025-09-18,31.94575926018142,31.025674905849087,4.587164078581321,-0.2145063607920932,0.10999410288090458,ema_trail,14,CCL,long,2025-08-28,0.9347133757961783,0.8156624118885096,xmom_f252_skip21_b20_s20_atr0.5_ema20
2026-04-20,2026-04-22,96.01364922894331,90.86580840258233,10.759863006762217,-0.49627659027470267,0.032263911252516014,ema_trail,3,HAS,long,2026-04-17,0.9028662420382165,0.8081981334484907,xmom_f252_skip21_b20_s20_atr0.5_ema20
2023-03-07,2023-03-13,72.35832977294922,67.48999786376953,6.9878595041136435,-0.717394012540533,0.23016166844753347,ema_trail,5,DECK,long,2023-03-06,0.9694533762057878,0.5701933131499703,xmom_f252_skip21_b20_s20_atr0.5_ema20
2023-03-28,2023-05-17,75.20999908447266,78.73666381835938,10.26597972954076,0.3288770117091208,0.8477837695907549,ema_trail,36,DECK,long,2023-03-27,0.9758842443729904,0.4818929001455281,xmom_f252_skip21_b20_s20_atr0.5_ema20
2023-03-29,2023-05-17,75.86000061035156,78.73666381835938,10.898351634671215,0.25003260108787234,0.7389493143305421,ema_trail,35,DECK,long,2023-03-28,0.977491961414791,0.5124493951697915,xmom_f252_skip21_b20_s20_atr0.5_ema20
2023-04-19,2023-05-17,79.45500183105469,78.73666381835938,9.796353742052574,-0.08954842173488288,0.45510078182785024,ema_trail,21,DECK,long,2023-04-18,0.9742765273311897,0.5198347230875047,xmom_f252_skip21_b20_s20_atr0.5_ema20
2023-04-20,2023-05-17,79.84500122070312,78.73666381835938,8.515245878937904,-0.14891260015422075,0.4777699804869654,ema_trail,20,DECK,long,2023-04-19,0.9742765273311897,0.5333603000245708,xmom_f252_skip21_b20_s20_atr0.5_ema20
2023-04-24,2023-05-17,81.14666748046875,78.73666381835938,9.458689087290125,-0.2719506871757495,0.29249958129756937,ema_trail,18,DECK,long,2023-04-21,0.9742765273311897,0.49601205235161205,xmom_f252_skip21_b20_s20_atr0.5_ema20
2023-04-25,2023-05-17,81.45333099365234,78.73666381835938,9.05502692557242,-0.3180083130562573,0.2716721998391126,ema_trail,17,DECK,long,2023-04-24,0.9742765273311897,0.5294483817028777,xmom_f252_skip21_b20_s20_atr0.5_ema20
2023-05-09,2023-05-17,81.75333404541016,78.73666381835938,6.660213176145916,-0.4774887546440193,0.32431334787466587,ema_trail,7,DECK,long,2023-05-08,0.9727126805778491,0.7235799631759985,xmom_f252_skip21_b20_s20_atr0.5_ema20
2023-07-03,2023-07-28,88.19667053222656,86.33000183105469,10.565650354918205,-0.19336831842871868,0.5330159784063173,ema_trail,19,DECK,long,2023-06-30,0.9598715890850722,0.8252381979724115,xmom_f252_skip21_b20_s20_atr0.5_ema20
2023-07-11,2023-07-28,90.09500122070312,86.33000183105469,10.205966651403386,-0.3865571510119871,0.36579874307504834,ema_trail,14,DECK,long,2023-07-10,0.9614767255216693,0.8300146309469754,xmom_f252_skip21_b20_s20_atr0.5_ema20
2023-07-12,2023-07-28,92.65666961669922,86.33000183105469,12.539291105066411,-0.5193260982869128,0.09343920379037404,ema_trail,13,DECK,long,2023-07-11,0.9614767255216693,0.821277571227351,xmom_f252_skip21_b20_s20_atr0.5_ema20
2023-07-13,2023-07-28,92.34166717529297,86.33000183105469,12.233684555273015,-0.5064989742536798,0.06852662630748237,ema_trail,12,DECK,long,2023-07-12,0.956661316211878,0.8664195773926611,xmom_f252_skip21_b20_s20_atr0.5_ema20
2023-08-08,2023-08-18,93.85832977294922,90.66666412353516,9.723763465155741,-0.34753851438999755,0.09118619316585885,ema_trail,9,DECK,long,2023-08-07,0.9630818619582665,0.6823999468243238,xmom_f252_skip21_b20_s20_atr0.5_ema20
2023-12-01,2023-12-29,110.75833129882812,112.42333221435547,13.456913042222894,0.10726711604664156,0.7291173217223482,ema_trail,20,DECK,long,2023-11-30,0.9486356340288925,0.5360036507095332,xmom_f252_skip21_b20_s20_atr0.5_ema20
2023-12-04,2023-12-29,114.0616683959961,112.42333221435547,16.80689897892168,-0.1110531764826713,0.3872416504074028,ema_trail,19,DECK,long,2023-12-01,0.9406099518459069,0.4891194487923396,xmom_f252_skip21_b20_s20_atr0.5_ema20
2023-12-05,2023-12-29,115.0,112.42333221435547,16.533008967016983,-0.16976146273456796,0.3369017524841519,ema_trail,18,DECK,long,2023-12-04,0.9438202247191011,0.539381615139676,xmom_f252_skip21_b20_s20_atr0.5_ema20
2024-01-19,2024-03-15,124.0433349609375,151.63333129882812,16.67469361323971,1.6397248610468782,2.071602379159164,time,40,DECK,long,2024-01-18,0.9262820512820513,0.673357173374721,xmom_f252_skip21_b20_s20_atr0.5_ema20
2024-01-22,2024-03-18,125.46666717529297,151.47666931152344,18.082690776590198,1.4245152516365265,1.831585971124336,time,40,DECK,long,2024-01-19,0.9198717948717948,0.6813056883297266,xmom_f252_skip21_b20_s20_atr0.5_ema20
2024-03-05,2024-04-03,153.3350067138672,150.57833862304688,19.34800672497221,-0.1583283563931285,0.3114872343265037,ema_trail,21,DECK,long,2024-03-04,0.9519230769230769,0.8364461857921832,xmom_f252_skip21_b20_s20_atr0.5_ema20
2024-05-16,2024-06-20,150.86666870117188,168.01666259765625,21.56272349010362,0.7813605070256858,1.55894061845165,ema_trail,24,DECK,long,2024-05-15,0.907051282051282,0.6558634487359996,xmom_f252_skip21_b20_s20_atr0.5_ema20
2024-10-07,2024-10-23,164.5,153.1999969482422,22.697412951210225,-0.5123492741994525,0.03260307660413807,ema_trail,13,DECK,long,2024-10-04,0.9057507987220448,0.7213044687511425,xmom_f252_skip21_b20_s20_atr0.5_ema20
2024-10-28,2024-11-01,168.64999389648438,162.8000030517578,21.23496672382177,-0.29137275857270434,0.09842311616787582,ema_trail,5,DECK,long,2024-10-25,0.9089456869009584,0.9162469105135227,xmom_f252_skip21_b20_s20_atr0.5_ema20
2025-01-24,2025-01-31,218.5500030517578,192.19060387243195,26.359399179325862,-1.0165823205274853,0.20599834764216052,stop,6,DECK,long,2025-01-23,0.9057507987220448,0.6043767383780079,xmom_f252_skip21_b20_s20_atr0.5_ema20
2025-01-31,2025-01-31,196.10000610351562,192.23497185266373,3.865034250851892,-1.1014738775265929,0.6597581360130786,stop,1,DECK,long,2025-01-30,0.9073482428115016,0.6039290063332761,xmom_f252_skip21_b20_s20_atr0.5_ema20
2025-01-21,2025-02-04,59.20000076293945,58.61000061035156,7.1353899191390795,-0.0992798098130062,0.6797108979019238,ema_trail,11,ONON,long,2025-01-17,0.9456869009584664,1.0895306669288756,xmom_f252_skip21_b20_s20_atr0.5_ema20
2025-01-22,2025-02-04,60.650001525878906,58.61000061035156,8.606434144841963,-0.25112617864791537,0.39505345287706717,ema_trail,10,ONON,long,2025-01-21,0.9424920127795527,1.0388768174824632,xmom_f252_skip21_b20_s20_atr0.5_ema20
2023-08-15,2023-09-21,41.279998779296875,50.04999923706055,6.165223864327018,1.4091038138082888,2.3097298641273594,ema_trail,27,ANF,long,2023-08-14,0.9743178170144462,0.8069358384495426,xmom_f252_skip21_b20_s20_atr0.5_ema20
2023-09-29,2023-10-30,56.790000915527344,58.93000030517578,8.42641188360384,0.24048425543503288,0.956515972626135,ema_trail,22,ANF,long,2023-09-28,0.9887640449438202,2.201497036589561,xmom_f252_skip21_b20_s20_atr0.5_ema20
2024-02-13,2024-03-11,108.80000305175781,117.5999984741211,15.17596861145796,0.5655253800261552,2.0743318949520924,ema_trail,19,ANF,long,2024-02-12,0.9983974358974359,2.2367642485717463,xmom_f252_skip21_b20_s20_atr0.5_ema20
2024-10-07,2024-10-08,144.99000549316406,142.0399932861328,20.43820673297742,-0.15852624745153357,0.01614632024062187,ema_trail,2,ANF,long,2024-10-04,0.9824281150159745,1.5000906794970024,xmom_f252_skip21_b20_s20_atr0.5_ema20
2023-11-16,2023-11-21,17.937271958518945,14.963078451099788,2.6465215076027935,-1.1373676891304392,0.25399132436664,gap_stop,4,AEO,long,2023-11-15,0.9293739967897271,0.5044418694145953,xmom_f252_skip21_b20_s20_atr0.5_ema20
2024-07-24,2024-08-02,20.146032051689605,18.76860206386549,2.7177260653054027,-0.5216574510677104,0.3585739417243758,ema_trail,8,AEO,long,2024-07-23,0.9105431309904153,0.6000389205872936,xmom_f252_skip21_b20_s20_atr0.5_ema20
2023-07-11,2023-08-16,34.779998779296875,35.97999954223633,4.2612704619457205,0.26528256666081074,0.7134024800057545,ema_trail,27,URBN,long,2023-07-10,0.9229534510433387,0.5838263236862691,xmom_f252_skip21_b20_s20_atr0.5_ema20
2023-08-01,2023-08-16,36.779998779296875,35.97999954223633,4.53817832694147,-0.1924911653279788,0.22916704470453414,ema_trail,12,URBN,long,2023-07-31,0.9357945425361156,0.610319402627792,xmom_f252_skip21_b20_s20_atr0.5_ema20
2023-08-02,2023-08-16,36.2400016784668,35.97999954223633,3.9883113183677352,-0.083364139117273,0.3961571427688988,ema_trail,11,URBN,long,2023-08-01,0.9357945425361156,0.6176758695619375,xmom_f252_skip21_b20_s20_atr0.5_ema20
2026-01-13,2026-01-23,136.72000122070312,127.52999877929688,19.711691340066835,-0.4800928687743732,0.28815349113324695,ema_trail,8,DLTR,long,2026-01-12,0.9331210191082803,0.7262747777754692,xmom_f252_skip21_b20_s20_atr0.5_ema20
2026-02-23,2026-02-26,132.88999938964844,127.7699966430664,19.14586515439251,-0.2813026573586675,0.04335149257354221,ema_trail,4,DLTR,long,2026-02-20,0.9171974522292994,0.7580004973937275,xmom_f252_skip21_b20_s20_atr0.5_ema20
2026-01-13,2026-01-30,147.0491455078125,138.7411306676194,20.110813008843152,-0.4277357224407694,0.30774169607214014,ema_trail,13,DG,long,2026-01-12,0.9394904458598726,0.7888677580081818,xmom_f252_skip21_b20_s20_atr0.5_ema20
2026-01-14,2026-01-30,150.54465460216343,138.7411306676194,22.39013249906185,-0.5406226713600537,0.1202952510662,ema_trail,12,DG,long,2026-01-13,0.9490445859872612,0.8922215911479716,xmom_f252_skip21_b20_s20_atr0.5_ema20
2026-02-17,2026-03-06,152.28745112296593,143.60314897635965,15.814254814393394,-0.5684034533622768,0.2780175244494061,ema_trail,14,DG,long,2026-02-13,0.9585987261146497,1.09019875437387,xmom_f252_skip21_b20_s20_atr0.5_ema20
2024-12-04,2024-12-23,91.99461595414958,90.27455332997533,11.929925057777808,-0.1596030022704279,0.2252731141935086,ema_trail,14,WMT,long,2024-12-03,0.9121405750798722,0.6191427439875099,xmom_f252_skip21_b20_s20_atr0.5_ema20
2024-12-05,2024-12-23,93.41219284760979,90.27455332997533,13.347947350819183,-0.24906180822818774,0.09513930816655759,ema_trail,13,WMT,long,2024-12-04,0.9105431309904153,0.6246860913818455,xmom_f252_skip21_b20_s20_atr0.5_ema20
2025-01-27,2025-02-21,94.6156321058318,95.23719031953138,7.057254305003767,0.061259936343994015,1.3141242682625942,ema_trail,19,WMT,long,2025-01-24,0.9201277955271565,0.7201278195770631,xmom_f252_skip21_b20_s20_atr0.5_ema20
2025-01-28,2025-02-21,95.92782074759961,95.23719031953138,8.41010239933668,-0.10493166761358752,0.946709104084902,ema_trail,18,WMT,long,2025-01-27,0.9201277955271565,0.7090271283829297,xmom_f252_skip21_b20_s20_atr0.5_ema20
2025-02-04,2025-02-21,98.63112886554795,95.23719031953138,10.533959933411793,-0.3409165049467328,0.4992056570398201,ema_trail,13,WMT,long,2025-02-03,0.9185303514376997,0.6599020858609823,xmom_f252_skip21_b20_s20_atr0.5_ema20
2025-02-05,2025-02-21,99.30200451192778,95.23719031953138,11.196241470525848,-0.3807901261011313,0.40975685952177643,ema_trail,12,WMT,long,2025-02-04,0.9137380191693291,0.6234105792442504,xmom_f252_skip21_b20_s20_atr0.5_ema20
2025-02-06,2025-02-21,101.15684303990325,95.23719031953138,13.065298535691923,-0.4685668980106061,0.2091722747833823,ema_trail,11,WMT,long,2025-02-05,0.9073482428115016,0.6253129313579304,xmom_f252_skip21_b20_s20_atr0.5_ema20
2025-02-07,2025-02-21,101.62054039645547,95.23719031953138,13.508372061964607,-0.4875932590177021,0.1679847762908325,ema_trail,10,WMT,long,2025-02-06,0.9057507987220448,0.6457826337692469,xmom_f252_skip21_b20_s20_atr0.5_ema20
2025-02-13,2025-02-21,102.60715627744821,95.23719031953138,14.50058915783896,-0.5224049994118078,0.0884505425213259,ema_trail,6,WMT,long,2025-02-12,0.9169329073482428,0.6415482885842165,xmom_f252_skip21_b20_s20_atr0.5_ema20
2025-06-03,2025-06-09,98.74441213059643,96.59241740159644,8.62284601667335,-0.27247193661097135,0.1518123918973132,ema_trail,5,WMT,long,2025-06-02,0.9299363057324841,0.5122143442186025,xmom_f252_skip21_b20_s20_atr0.5_ema20
2025-06-04,2025-06-09,98.96259164685713,96.59241740159644,8.851300536850701,-0.2901380896358249,0.038093527073131,ema_trail,4,WMT,long,2025-06-03,0.9299363057324841,0.5337256436487088,xmom_f252_skip21_b20_s20_atr0.5_ema20
2024-07-08,2024-07-12,877.2903266683809,840.7855320325511,58.5898905796945,-0.6530030165720442,0.16682323474874378,ema_trail,5,COST,long,2024-07-05,0.9121405750798722,0.5744349605274219,xmom_f252_skip21_b20_s20_atr0.5_ema20
2025-05-27,2025-06-26,170.67717935686045,173.22503663234477,16.76523134101015,0.131611838327168,0.4856257586049002,ema_trail,22,PM,long,2025-05-23,0.9665605095541401,0.7729769470945116,xmom_f252_skip21_b20_s20_atr0.5_ema20
2025-05-28,2025-06-26,170.76336941964547,173.22503663234477,16.81562743253673,0.12608155612188007,0.47904475510637984,ema_trail,21,PM,long,2025-05-27,0.9633757961783439,0.7599994005123478,xmom_f252_skip21_b20_s20_atr0.5_ema20
2025-06-02,2025-06-26,172.28631329000322,173.22503663234477,18.32284702952606,0.03242676832940348,0.3565217918642909,ema_trail,18,PM,long,2025-05-30,0.964968152866242,0.7896389280559679,xmom_f252_skip21_b20_s20_atr0.5_ema20
2025-06-03,2025-06-26,174.51809274450838,173.22503663234477,20.556720874283883,-0.07988104268647529,0.2092121027871179,ema_trail,17,PM,long,2025-06-02,0.9617834394904459,0.7839820574442553,xmom_f252_skip21_b20_s20_atr0.5_ema20
2025-06-13,2025-06-26,176.2613611187649,173.22503663234477,19.809841862220054,-0.1710688672947281,0.12909979009664005,ema_trail,9,PM,long,2025-06-12,0.9347133757961783,0.6509923741087353,xmom_f252_skip21_b20_s20_atr0.5_ema20
2025-06-16,2025-06-26,176.15601864262254,173.22503663234477,16.38339924092503,-0.20040371349563957,0.16252969626419636,ema_trail,8,PM,long,2025-06-13,0.9315286624203821,0.6508792884083776,xmom_f252_skip21_b20_s20_atr0.5_ema20
2025-05-08,2025-05-13,55.67229447644237,52.42290705704879,5.650304920245688,-0.5947877248720819,0.08145644655037411,ema_trail,4,MO,long,2025-05-07,0.9250398724082934,0.38077795059263364,xmom_f252_skip21_b20_s20_atr0.5_ema20
2022-12-01,2022-12-21,72.78122999366944,71.62856813438093,8.774194095419361,-0.14795938010461857,0.30166877848265106,ema_trail,15,GIS,long,2022-11-30,0.9129032258064517,0.35943119951256897,xmom_f252_skip21_b20_s20_atr0.5_ema20
2023-03-24,2023-05-19,71.18776560299689,76.30091619776317,5.136361355740107,0.9677619465003628,1.4398680119391856,ema_trail,40,GIS,long,2023-03-23,0.9308681672025724,0.31680137568724476,xmom_f252_skip21_b20_s20_atr0.5_ema20
2023-03-27,2023-05-19,73.03511759721523,76.30091619776317,7.019136717341908,0.44446040745234616,0.7904576649667445,ema_trail,39,GIS,long,2023-03-24,0.9180064308681672,0.28534440646929093,xmom_f252_skip21_b20_s20_atr0.5_ema20
2023-03-28,2023-05-19,73.07809333935026,76.30091619776317,7.060636259448373,0.4357492099408307,0.7797250099338094,ema_trail,38,GIS,long,2023-03-27,0.9067524115755627,0.24935550098139947,xmom_f252_skip21_b20_s20_atr0.5_ema20
2023-05-08,2023-05-19,77.32113507576993,76.30091619776317,3.7714687696863223,-0.3115128932264798,0.33470062148299734,ema_trail,10,GIS,long,2023-05-05,0.9069020866773676,0.2548097611879767,xmom_f252_skip21_b20_s20_atr0.5_ema20
2022-12-01,2023-01-12,45.864592244348714,47.898898292107056,5.664540775337251,0.3429363368214061,0.6265452385085708,ema_trail,29,CPB,long,2022-11-30,0.9112903225806451,0.35475799814381537,xmom_f252_skip21_b20_s20_atr0.5_ema20
2023-04-03,2023-05-24,54.220001220703125,57.849998474121094,4.94860094509724,0.7116268395950369,1.2629832288643326,ema_trail,37,MNST,long,2023-03-31,0.9260450160771704,0.27591811942185074,xmom_f252_skip21_b20_s20_atr0.5_ema20
2026-01-26,2026-02-11,82.69999694824219,80.2699966430664,8.602807488326945,-0.3016922443741692,0.06277031262876276,ema_trail,13,MNST,long,2026-01-23,0.9124203821656051,0.5781346292813407,xmom_f252_skip21_b20_s20_atr0.5_ema20
2022-08-26,2022-09-07,81.03865295018993,75.770378586058,11.093574710371982,-0.4895042231026918,0.04258892907686326,ema_trail,8,ADM,long,2022-08-25,0.9478827361563518,0.35491912027665196,xmom_f252_skip21_b20_s20_atr0.5_ema20
2023-03-10,2023-03-31,51.34285239139599,52.289516453972844,5.436159355870586,-0.19303145817946538,0.27599719692537356,ema_trail,16,TSN,short,2023-03-09,0.06591639871382636,-0.3225100115018388,xmom_f252_skip21_b20_s20_atr0.5_ema20
2023-03-13,2023-03-31,50.6462552506418,52.289516453972844,6.134256505052065,-0.2843952991524798,0.13102934362848445,ema_trail,15,TSN,short,2023-03-10,0.08520900321543408,-0.32602141893527703,xmom_f252_skip21_b20_s20_atr0.5_ema20
2023-04-03,2023-05-30,71.97019589883082,78.03813857685944,8.051421542956916,0.7357709759232579,1.3256661949676198,ema_trail,40,CAH,long,2023-03-31,0.9485530546623794,0.3379711269214163,xmom_f252_skip21_b20_s20_atr0.5_ema20
2023-05-08,2023-05-30,79.18715350307899,78.03813857685944,6.327230924143251,-0.2066289738591669,0.5462958122003254,ema_trail,16,CAH,long,2023-05-05,0.9486356340288925,0.3524309642198695,xmom_f252_skip21_b20_s20_atr0.5_ema20
2023-05-09,2023-05-30,80.46911361560174,78.03813857685944,7.604236561978013,-0.34085121429984805,0.28596948903907426,ema_trail,15,CAH,long,2023-05-08,0.9438202247191011,0.41027888840488136,xmom_f252_skip21_b20_s20_atr0.5_ema20
2023-05-10,2023-05-30,80.18423792925272,78.03813857685944,7.323577871741293,-0.31493729822297717,0.33582701974128815,ema_trail,14,CAH,long,2023-05-09,0.9373996789727127,0.40749210325981977,xmom_f252_skip21_b20_s20_atr0.5_ema20
2023-05-18,2023-05-30,82.10243677930617,78.03813857685944,9.138483458800025,-0.4627138731573076,0.005195556470447754,ema_trail,8,CAH,long,2023-05-17,0.9213483146067416,0.45777398033200223,xmom_f252_skip21_b20_s20_atr0.5_ema20
2023-06-13,2023-07-20,82.95706137127004,88.70049151718774,6.887377840061006,0.8098170526863029,1.1374713814493624,ema_trail,26,CAH,long,2023-06-12,0.9614767255216693,0.6693704614647191,xmom_f252_skip21_b20_s20_atr0.5_ema20
2023-06-14,2023-07-20,83.11850475327178,88.70049151718774,7.048283297266806,0.7683785577276027,1.0885986673196768,ema_trail,25,CAH,long,2023-06-13,0.9486356340288925,0.6333607418266225,xmom_f252_skip21_b20_s20_atr0.5_ema20
2023-06-16,2023-07-20,85.37854795711856,88.70049151718774,9.349246718472457,0.33705244487010516,0.5789459582615197,ema_trail,23,CAH,long,2023-06-15,0.9454253611556982,0.729219860510248,xmom_f252_skip21_b20_s20_atr0.5_ema20
2023-06-20,2023-07-20,86.54653620786475,88.70049151718774,10.532125963004646,0.1880780996985112,0.4030259763900758,ema_trail,22,CAH,long,2023-06-16,0.9470304975922953,0.7469294325652347,xmom_f252_skip21_b20_s20_atr0.5_ema20
2023-07-03,2023-07-20,89.57882865786318,88.70049151718774,11.4564410279892,-0.09230569907422426,0.08083253730313975,ema_trail,13,CAH,long,2023-06-30,0.9181380417335474,0.5789751872379179,xmom_f252_skip21_b20_s20_atr0.5_ema20
2025-06-13,2025-07-11,159.1739114858002,159.7981027475472,14.690948194016812,0.02081849549370552,0.5127207237546201,ema_trail,19,CAH,long,2025-06-12,0.910828025477707,0.5268102981077285,xmom_f252_skip21_b20_s20_atr0.5_ema20
2025-06-16,2025-07-11,158.8581741578259,159.7981027475472,11.638267111701992,0.0534626190852777,0.6743350056608647,ema_trail,18,CAH,long,2025-06-13,0.9140127388535032,0.5257306310010184,xmom_f252_skip21_b20_s20_atr0.5_ema20
2025-06-18,2025-07-11,162.9924328582758,159.7981027475472,15.734596234168777,-0.2237308745680135,0.2360297120390977,ema_trail,16,CAH,long,2025-06-17,0.9140127388535032,0.5605504989776064,xmom_f252_skip21_b20_s20_atr0.5_ema20
2025-06-20,2025-07-11,163.63376904483763,159.7981027475472,16.329295210335005,-0.2549365285983277,0.1881585207483957,ema_trail,15,CAH,long,2025-06-18,0.9092356687898089,0.5629744221749104,xmom_f252_skip21_b20_s20_atr0.5_ema20
2026-01-15,2026-01-23,212.67039354375027,206.09070782419158,20.648676560697226,-0.33924820731511574,0.08821926856685935,ema_trail,6,CAH,long,2026-01-14,0.9140127388535032,0.6562061827707732,xmom_f252_skip21_b20_s20_atr0.5_ema20
2026-02-03,2026-02-05,217.69722987883063,216.00503497069005,20.84925051942443,-0.10204632372353377,0.07495754541224259,ema_trail,3,CAH,long,2026-02-02,0.928343949044586,0.6182953598916083,xmom_f252_skip21_b20_s20_atr0.5_ema20
2026-02-06,2026-02-13,225.1728218635018,215.40777812555805,29.19944717682705,-0.34984872555319424,0.15681460048104454,ema_trail,6,CAH,long,2026-02-05,0.9235668789808917,0.6864854106718699,xmom_f252_skip21_b20_s20_atr0.5_ema20
2026-01-23,2026-01-27,81.61366647304985,74.73404648676095,6.27041778675202,-1.1231862945583866,0.2640120921284541,gap_stop,3,CVS,long,2026-01-22,0.9044585987261147,0.5248082852206828,xmom_f252_skip21_b20_s20_atr0.5_ema20
2025-07-15,2025-08-08,81.58000183105469,80.12000274658203,7.160438693357264,-0.22668430771435408,0.4929863840006972,ema_trail,19,USFD,long,2025-07-14,0.9028662420382165,0.5134435221941538,xmom_f252_skip21_b20_s20_atr0.5_ema20
2022-08-26,2022-09-02,87.20044813250672,85.06390730540008,12.97660640537309,-0.17808521358980176,0.1898177152066247,ema_trail,6,XOM,long,2022-08-25,0.9804560260586319,0.7091699400485973,xmom_f252_skip21_b20_s20_atr0.5_ema20
2023-01-13,2023-02-03,100.66461854652972,99.58775624091643,10.102289189987957,-0.1265249408988531,0.41140738717157505,ema_trail,15,XOM,long,2023-01-12,0.9693548387096774,0.5458803647302357,xmom_f252_skip21_b20_s20_atr0.5_ema20
2023-01-27,2023-02-03,104.08211487027636,99.58775624091643,12.240874920362216,-0.38416558372621,0.052347586819279764,ema_trail,6,XOM,long,2023-01-26,0.9565217391304348,0.5079589927268566,xmom_f252_skip21_b20_s20_atr0.5_ema20
2023-02-13,2023-02-21,105.5735546425414,99.37653874919886,13.73457645168267,-0.46657157759259,0.030036310324625275,ema_trail,6,XOM,long,2023-02-10,0.9581320450885669,0.44960191956981066,xmom_f252_skip21_b20_s20_atr0.5_ema20
2023-04-25,2023-05-02,105.42110505870058,102.18359692326389,13.371139426801136,-0.2578950256581878,0.15895849835520257,ema_trail,6,XOM,long,2023-04-24,0.9067524115755627,0.23120438993100034,xmom_f252_skip21_b20_s20_atr0.5_ema20
2022-08-26,2022-09-01,140.9454909493518,134.33517289669538,15.90186799611503,-0.4334213462367413,0.1430648824172005,ema_trail,5,CVX,long,2022-08-25,0.9690553745928339,0.5615211547794747,xmom_f252_skip21_b20_s20_atr0.5_ema20
2023-01-18,2023-01-31,156.4314061010441,149.44987498438127,13.578302670034361,-0.5372095545463684,0.4453578549750049,ema_trail,10,CVX,long,2023-01-17,0.9467741935483871,0.408025407056704,xmom_f252_skip21_b20_s20_atr0.5_ema20
2023-01-27,2023-01-31,159.38146860648166,149.44987498438127,13.417832647639074,-0.7639353410117954,0.0,ema_trail,3,CVX,long,2023-01-26,0.9355877616747182,0.38615488846937596,xmom_f252_skip21_b20_s20_atr0.5_ema20
2023-01-17,2023-02-02,108.13411095702439,101.3723773935398,12.998164306482323,-0.5368451745081143,0.3662755928032461,ema_trail,13,COP,long,2023-01-13,0.9483870967741935,0.40246552422866944,xmom_f252_skip21_b20_s20_atr0.5_ema20
2023-01-27,2023-02-02,111.37653729501777,101.3723773935398,14.353396438291597,-0.7125082220111286,0.10579266066019459,ema_trail,5,COP,long,2023-01-26,0.9436392914653784,0.4111971881242076,xmom_f252_skip21_b20_s20_atr0.5_ema20
2023-01-24,2023-02-02,118.65729270958337,112.28165910596528,13.584600986017648,-0.48679738152367064,0.25747666033857086,ema_trail,8,EOG,long,2023-01-23,0.9130434782608695,0.30537599270113946,xmom_f252_skip21_b20_s20_atr0.5_ema20
2023-01-27,2023-02-02,120.42828403329693,112.28165910596528,15.255417570070975,-0.5498034686283076,0.11318774869761153,ema_trail,5,EOG,long,2023-01-26,0.9001610305958132,0.30453610963379973,xmom_f252_skip21_b20_s20_atr0.5_ema20
2023-08-10,2023-08-22,55.03589307322588,53.154724760151126,4.999180134857333,-0.3983133324876741,0.10380613074405737,ema_trail,9,SLB,long,2023-08-09,0.9518459069020867,0.6472533516189976,xmom_f252_skip21_b20_s20_atr0.5_ema20
2023-09-05,2023-09-21,56.019458821463964,55.926400786149564,5.203542438631416,-0.039414870806986246,0.34335579549573014,ema_trail,13,SLB,long,2023-09-01,0.9101123595505618,0.5476463032330161,xmom_f252_skip21_b20_s20_atr0.5_ema20
2023-09-13,2023-09-21,57.62931520348332,55.926400786149564,6.786018659095809,-0.2679292732718457,0.013712628189683797,ema_trail,7,SLB,long,2023-09-12,0.9197431781701445,0.524945594745019,xmom_f252_skip21_b20_s20_atr0.5_ema20
2022-08-15,2022-09-02,86.6547040642179,90.77213252014953,11.434191824029313,0.34494078011832063,1.0404175872731476,ema_trail,15,MPC,long,2022-08-12,0.9739413680781759,0.3993696865046299,xmom_f252_skip21_b20_s20_atr0.5_ema20
2023-01-13,2023-02-02,112.46479599132279,113.9875957253853,14.121218599271899,0.09190921682543673,1.008681348005651,ema_trail,14,MPC,long,2023-01-12,0.9741935483870968,0.5697495569637869,xmom_f252_skip21_b20_s20_atr0.5_ema20
2023-01-24,2023-02-02,115.32470645423558,113.9875957253853,15.778784567203147,-0.09935873926673681,0.7214687101403968,ema_trail,8,MPC,long,2023-01-23,0.9694041867954911,0.6106676119446506,xmom_f252_skip21_b20_s20_atr0.5_ema20
2023-04-04,2023-04-05,125.41556968648787,117.21518441448897,15.924980425574901,-0.5306892809613472,0.01114346878333689,ema_trail,2,MPC,long,2023-04-03,0.9758842443729904,0.5996390213249523,xmom_f252_skip21_b20_s20_atr0.5_ema20
2026-06-30,2026-07-10,267.0,280.69000244140625,39.12329016210572,0.3362703491167257,0.5124821483544064,time,8,VLO,long,2026-06-29,0.9012738853503185,0.8333557268737566,xmom_f252_skip21_b20_s20_atr0.5_ema20
2026-05-19,2026-05-27,42.81784358835741,40.278644821658915,5.9512382910794415,-0.4410568566561493,0.09871899495850073,ema_trail,6,HAL,long,2026-05-18,0.9076433121019108,0.8140922116937117,xmom_f252_skip21_b20_s20_atr0.5_ema20
2026-05-20,2026-05-27,42.817843061908754,40.278644821658915,4.800309097312535,-0.5468051896581358,0.12238811655513611,ema_trail,5,HAL,long,2026-05-19,0.9028662420382165,0.7734407370328833,xmom_f252_skip21_b20_s20_atr0.5_ema20
2024-07-01,2024-07-24,190.75731667345553,188.87639877169516,17.644896372426587,-0.12822022228720764,0.6792313879395441,ema_trail,17,FANG,long,2024-06-28,0.9121405750798722,0.5999919207411462,xmom_f252_skip21_b20_s20_atr0.5_ema20
2024-07-02,2024-07-24,194.2261579098285,188.87639877169516,21.137827576063273,-0.2714664708709706,0.40288559389913586,ema_trail,16,FANG,long,2024-07-01,0.9153354632587859,0.6015909570623188,xmom_f252_skip21_b20_s20_atr0.5_ema20
2024-07-03,2024-07-24,194.78382025513557,188.87639877169516,21.72798621070882,-0.2898100662843365,0.3662771042946588,ema_trail,15,FANG,long,2024-07-02,0.9121405750798722,0.6005537602178317,xmom_f252_skip21_b20_s20_atr0.5_ema20
2025-03-26,2025-04-04,27.57412837907213,25.37997338552571,3.633117563414462,-0.6191110557376603,0.01568637815786254,ema_trail,8,KMI,long,2025-03-25,0.9041533546325878,0.538228342344897,xmom_f252_skip21_b20_s20_atr0.5_ema20
2025-05-08,2025-06-10,26.741259133808498,26.60683072077057,3.9650291706298937,-0.047392067805567296,0.20583991190947243,ema_trail,23,KMI,long,2025-05-07,0.9330143540669856,0.4156177372435996,xmom_f252_skip21_b20_s20_atr0.5_ema20
2025-05-16,2025-06-10,26.904489655109312,26.60683072077057,3.107218367239337,-0.11311336124767703,0.21013352031651356,ema_trail,17,KMI,long,2025-05-15,0.9251592356687898,0.4728439982598045,xmom_f252_skip21_b20_s20_atr0.5_ema20
2025-05-19,2025-06-10,26.770062869649205,26.60683072077057,2.9613230035203735,-0.07320115852280808,0.26588032390395794,ema_trail,16,KMI,long,2025-05-16,0.9219745222929936,0.4387015303606574,xmom_f252_skip21_b20_s20_atr0.5_ema20
2025-06-03,2025-06-10,27.519011956402164,26.60683072077057,2.587765526344185,-0.3737661892848604,0.014842315587046627,ema_trail,6,KMI,long,2025-06-02,0.9140127388535032,0.4568121055194758,xmom_f252_skip21_b20_s20_atr0.5_ema20
2022-08-19,2022-09-01,29.5662288012885,28.338153452218265,3.539890262647994,-0.3636292967200411,0.15207453161226384,ema_trail,10,WMB,long,2022-08-18,0.9560260586319218,0.4300856570896665,xmom_f252_skip21_b20_s20_atr0.5_ema20
2025-01-15,2025-01-28,56.10056720611263,52.34719554912399,7.259486020681848,-0.5324857407794542,0.33725137304612457,ema_trail,9,WMB,long,2025-01-14,0.9009584664536742,0.6496598508521292,xmom_f252_skip21_b20_s20_atr0.5_ema20
2025-05-06,2025-05-09,56.892706209123425,55.61432308921499,8.234033675534448,-0.16907491360682567,0.06420332611884627,ema_trail,4,WMB,long,2025-05-05,0.9409888357256778,0.6210382763496141,xmom_f252_skip21_b20_s20_atr0.5_ema20
2025-05-29,2025-06-10,57.77700004404759,57.411742028466904,4.241146097764876,-0.1133684161274646,0.3036890974823024,ema_trail,9,WMB,long,2025-05-28,0.9347133757961783,0.5476600871363424,xmom_f252_skip21_b20_s20_atr0.5_ema20
2025-06-03,2025-06-10,58.91119997647664,57.411742028466904,5.342720486133551,-0.3027072728510059,0.028784941808372776,ema_trail,6,WMB,long,2025-06-02,0.9347133757961783,0.5257310749701976,xmom_f252_skip21_b20_s20_atr0.5_ema20
2023-01-24,2023-02-22,9.762251803344208,9.922504094947726,1.2200090858968213,0.11534978683653122,0.418877376298666,ema_trail,21,ET,long,2023-01-23,0.9243156199677939,0.3234496049628861,xmom_f252_skip21_b20_s20_atr0.5_ema20
2022-12-02,2022-12-06,68.4970588575772,66.25822566870623,8.74771096152854,-0.2715941709819573,0.2146873658302158,ema_trail,3,TRGP,long,2022-12-01,0.9161290322580645,0.375939840282852,xmom_f252_skip21_b20_s20_atr0.5_ema20
2023-01-13,2023-01-31,69.477697828117,68.94682482312429,7.229642226426762,-0.09265028332944339,0.16635468149214527,ema_trail,12,TRGP,long,2023-01-12,0.9080645161290323,0.27531250737415536,xmom_f252_skip21_b20_s20_atr0.5_ema20
2024-06-11,2024-07-25,115.2168162225442,126.20536920869462,8.603566907775331,1.2504254885241681,2.019461177857638,ema_trail,31,TRGP,long,2024-06-10,0.904,0.6105757748367846,xmom_f252_skip21_b20_s20_atr0.5_ema20
2024-06-12,2024-07-25,116.97152758931654,126.20536920869462,10.354669859959856,0.8691632554120216,1.508484404218483,ema_trail,30,TRGP,long,2024-06-11,0.9088,0.6381398369340563,xmom_f252_skip21_b20_s20_atr0.5_ema20
2024-06-13,2024-07-25,116.44414868347087,126.20536920869462,8.501054978153306,1.1208411488154684,1.8994391804220487,ema_trail,29,TRGP,long,2024-06-12,0.92,0.6495514813860328,xmom_f252_skip21_b20_s20_atr0.5_ema20
2024-06-20,2024-07-25,118.81255264365193,126.20536920869462,10.88212789001696,0.657517677798973,1.266189212211488,ema_trail,25,TRGP,long,2024-06-18,0.9249201277955271,0.6795809939026876,xmom_f252_skip21_b20_s20_atr0.5_ema20
2024-06-21,2024-07-25,124.34517116980167,126.20536920869462,16.447347974950034,0.09797978975137714,0.5013704596421747,ema_trail,24,TRGP,long,2024-06-20,0.9233226837060703,0.6979721921323101,xmom_f252_skip21_b20_s20_atr0.5_ema20
2024-06-26,2024-07-25,124.65200626148896,126.20536920869462,16.215340466145875,0.08042131075849263,0.48962150002239596,ema_trail,21,TRGP,long,2024-06-25,0.9153354632587859,0.6685176005469426,xmom_f252_skip21_b20_s20_atr0.5_ema20
2024-07-02,2024-07-25,126.42591625759343,126.20536920869462,17.833956861947797,-0.026544803549686913,0.34571516428073007,ema_trail,17,TRGP,long,2024-07-01,0.9121405750798722,0.5883550839509917,xmom_f252_skip21_b20_s20_atr0.5_ema20
2024-07-23,2024-07-25,131.4599240995279,126.20536920869462,12.513450723727018,-0.44092351988652867,0.04980673737493302,ema_trail,3,TRGP,long,2024-07-22,0.9217252396166135,0.6263454888055291,xmom_f252_skip21_b20_s20_atr0.5_ema20
2024-09-24,2024-09-27,151.05986729633645,141.13770122223644,15.620361536033812,-0.6545486021630675,0.06296444490820884,ema_trail,4,TRGP,long,2024-09-23,0.9233226837060703,0.7610285457336001,xmom_f252_skip21_b20_s20_atr0.5_ema20
2024-09-25,2024-09-27,150.86702143591538,141.13770122223644,15.387950631785202,-0.6518772055214886,0.02819809412112392,ema_trail,3,TRGP,long,2024-09-24,0.9153354632587859,0.747979964355445,xmom_f252_skip21_b20_s20_atr0.5_ema20
2024-10-10,2024-12-05,157.3853622827973,192.1049346923828,19.983648727202223,1.7216476407627839,2.2967454158787564,time,40,TRGP,long,2024-10-09,0.9313099041533547,0.7759276702513502,xmom_f252_skip21_b20_s20_atr0.5_ema20
2024-10-14,2024-12-09,159.10171411882007,188.91819282744586,21.704003526226103,1.3591167751490556,2.0356153055966852,ema_trail,40,TRGP,long,2024-10-11,0.9233226837060703,0.7573308761797592,xmom_f252_skip21_b20_s20_atr0.5_ema20
2024-10-15,2024-12-09,157.57821315869725,188.91819282744586,20.152012193680747,1.539539721604573,2.267987052189512,ema_trail,39,TRGP,long,2024-10-14,0.9041533546325878,0.774522277906659,xmom_f252_skip21_b20_s20_atr0.5_ema20
2025-01-13,2025-01-28,187.27156714452352,194.19716091787467,23.64261015639204,0.2770866074315808,1.0311878681474391,ema_trail,11,TRGP,long,2025-01-10,0.9648562300319489,1.2865535587020434,xmom_f252_skip21_b20_s20_atr0.5_ema20
2025-01-14,2025-01-28,191.78528888498246,194.19716091787467,28.179940799365,0.0719767819798949,0.7049784513599692,ema_trail,10,TRGP,long,2025-01-13,0.9664536741214057,1.2614243254427961,xmom_f252_skip21_b20_s20_atr0.5_ema20
2023-12-19,2024-02-09,47.34083595172364,50.47178273992772,4.789736834286423,0.6339106346232016,1.274477370834062,ema_trail,36,NRG,long,2023-12-18,0.9085072231139647,0.5569269408826316,xmom_f252_skip21_b20_s20_atr0.5_ema20
2023-12-20,2024-02-09,47.781565970476606,50.47178273992772,5.228134227461382,0.4962867295719837,1.0833082974508028,ema_trail,35,NRG,long,2023-12-19,0.9085072231139647,0.6141631212793148,xmom_f252_skip21_b20_s20_atr0.5_ema20
2024-01-22,2024-02-09,50.502641436762076,50.47178273992772,3.6684372106175616,-0.03594554632861855,0.8021414988358534,ema_trail,15,NRG,long,2024-01-19,0.907051282051282,0.6244414904976214,xmom_f252_skip21_b20_s20_atr0.5_ema20
2024-01-23,2024-02-09,50.49305885967848,50.47178273992772,3.4844222490591363,-0.035088238086853324,0.8472533144887181,ema_trail,14,NRG,long,2024-01-22,0.9134615384615384,0.6810475276564922,xmom_f252_skip21_b20_s20_atr0.5_ema20
2024-01-26,2024-02-09,51.489508511618745,50.47178273992772,3.8278895689116155,-0.29277354232371805,0.510918252066868,ema_trail,11,NRG,long,2024-01-25,0.9102564102564102,0.5842313380949531,xmom_f252_skip21_b20_s20_atr0.5_ema20
2024-01-29,2024-02-09,52.035632725934775,50.47178273992772,4.366129974925876,-0.38201365077026656,0.3228521462788611,ema_trail,10,NRG,long,2024-01-26,0.9118589743589743,0.5977548611226746,xmom_f252_skip21_b20_s20_atr0.5_ema20
2024-01-30,2024-02-09,52.112289233362446,50.47178273992772,4.452574999917594,-0.3918476548814435,0.2993678772248165,ema_trail,9,NRG,long,2024-01-29,0.9134615384615384,0.5942959556695799,xmom_f252_skip21_b20_s20_atr0.5_ema20
2024-02-05,2024-02-09,52.4026028043515,50.47178273992772,4.806433710414346,-0.42352092896273463,0.0401718400509595,ema_trail,5,NRG,long,2024-02-02,0.9423076923076923,0.5391679960795415,xmom_f252_skip21_b20_s20_atr0.5_ema20
2024-03-04,2024-04-22,54.48789425002464,68.07125073378448,5.584630705651399,2.412761273833974,3.4746803085722897,ema_trail,35,NRG,long,2024-03-01,0.9262820512820513,0.6681763446935016,xmom_f252_skip21_b20_s20_atr0.5_ema20
2024-03-05,2024-04-22,55.73327415506426,68.07125073378448,6.858993232883002,1.7825516974990505,2.6475352609296308,ema_trail,34,NRG,long,2024-03-04,0.9294871794871795,0.7202991864768153,xmom_f252_skip21_b20_s20_atr0.5_ema20
2024-05-06,2024-06-04,75.49667952665854,75.71024314022276,9.885660254718687,0.006329395599149301,0.9633387320081837,ema_trail,21,NRG,long,2024-05-03,0.9631410256410257,1.1713183966188092,xmom_f252_skip21_b20_s20_atr0.5_ema20
2024-05-07,2024-06-04,75.57434286114918,75.71024314022276,9.954514312625946,-0.0015318081997608198,0.9488736249415336,ema_trail,20,NRG,long,2024-05-06,0.9711538461538461,1.3816048538306864,xmom_f252_skip21_b20_s20_atr0.5_ema20
2024-09-23,2024-10-10,85.72792271566604,85.71815377531479,12.73871520380267,-0.01422630013178131,0.6566502327633011,ema_trail,14,NRG,long,2024-09-20,0.9648562300319489,1.1872149024354015,xmom_f252_skip21_b20_s20_atr0.5_ema20
2025-06-30,2025-07-09,161.97728455433747,151.1609990873539,18.368944191775142,-0.6064714400450075,0.04682667254775724,ema_trail,7,NRG,long,2025-06-27,0.9601910828025477,0.9319459033763964,xmom_f252_skip21_b20_s20_atr0.5_ema20
2025-08-01,2025-08-07,160.7590964517293,149.77548938837262,21.455577195213152,-0.5269084654959726,0.6371325574426732,ema_trail,5,NRG,long,2025-07-31,0.9554140127388535,1.1369480028852395,xmom_f252_skip21_b20_s20_atr0.5_ema20
2025-09-11,2025-10-08,160.05527612932568,163.15804450543658,23.13493163155036,0.12027949198939449,0.46062376699558427,ema_trail,20,NRG,long,2025-09-10,0.945859872611465,1.0180725857977877,xmom_f252_skip21_b20_s20_atr0.5_ema20
2025-10-30,2025-11-05,174.89503706305058,166.66769055426607,21.165742299586668,-0.4052367482088311,0.17094858856259743,ema_trail,5,NRG,long,2025-10-29,0.9426751592356688,0.8790989583100779,xmom_f252_skip21_b20_s20_atr0.5_ema20
2023-05-05,2023-06-23,77.24846758385408,87.83136830750315,5.723988819111781,1.8218770368072787,2.8228730805294626,ema_trail,34,CEG,long,2023-05-04,0.9020866773675762,0.28532326503044847,xmom_f252_skip21_b20_s20_atr0.5_ema20
2023-07-18,2023-09-01,94.06304102041409,103.77556471731715,8.807182108271874,1.081435298801956,1.6181565089427972,ema_trail,34,CEG,long,2023-07-17,0.9085072231139647,0.6260035988413937,xmom_f252_skip21_b20_s20_atr0.5_ema20
2024-05-07,2024-06-04,196.04842629838015,204.54003240181515,23.91419592031326,0.3386904279712092,1.5513070715845114,ema_trail,20,CEG,long,2024-05-06,0.9727564102564102,1.4827431644110889,xmom_f252_skip21_b20_s20_atr0.5_ema20
2024-05-08,2024-06-04,195.89058204953753,204.54003240181515,23.804089860538937,0.3469012777450334,1.565113630033934,ema_trail,19,CEG,long,2024-05-07,0.9743589743589743,1.4406495577274328,xmom_f252_skip21_b20_s20_atr0.5_ema20
2025-09-16,2025-10-22,330.70175844515387,359.5450499992764,44.29144188842179,0.6362829213875566,1.8137801162806697,ema_trail,27,CEG,long,2025-09-15,0.9299363057324841,0.750496050935743,xmom_f252_skip21_b20_s20_atr0.5_ema20
2022-08-16,2022-08-23,24.253093201084102,23.434938789888992,3.1994194055179754,-0.27088058417804356,0.09699730077076368,ema_trail,6,VST,long,2022-08-15,0.9299674267100977,0.2660112739674154,xmom_f252_skip21_b20_s20_atr0.5_ema20
2023-11-02,2023-12-29,33.19634828032104,37.82286071777344,3.1152219410617903,1.4638185744600551,1.6049052984840557,time,40,VST,long,2023-11-01,0.9036918138041734,0.43599929062016995,xmom_f252_skip21_b20_s20_atr0.5_ema20
2023-12-05,2024-02-01,36.252361656612955,42.47707748413086,3.5922448313556075,1.7126369145287392,1.7751889080419405,time,40,VST,long,2023-12-04,0.9309791332263242,0.45645229874584015,xmom_f252_skip21_b20_s20_atr0.5_ema20
2023-12-06,2024-02-02,36.52573839872527,43.74372100830078,3.862538169402221,1.8498020781717834,1.9729415819179268,time,40,VST,long,2023-12-05,0.9325842696629213,0.5034156515456258,xmom_f252_skip21_b20_s20_atr0.5_ema20
2023-12-14,2024-02-12,37.414234588678845,42.035221099853516,4.373007364248878,1.0395953318450852,1.5394590988441053,time,40,VST,long,2023-12-13,0.9020866773675762,0.4640287019131921,xmom_f252_skip21_b20_s20_atr0.5_ema20
2024-01-09,2024-03-06,38.294174728936326,59.79782485961914,3.0362460929681063,7.057089947632917,7.2310752869580615,time,40,VST,long,2024-01-08,0.9102564102564102,0.6620418303472946,xmom_f252_skip21_b20_s20_atr0.5_ema20
2024-01-10,2024-03-07,38.961864125470754,60.5637092590332,3.698556144363721,5.819547024617187,5.875128720695615,time,40,VST,long,2024-01-09,0.9214743589743589,0.6884414101791054,xmom_f252_skip21_b20_s20_atr0.5_ema20
2024-01-22,2024-03-18,39.52154767044834,61.34922790527344,3.0992963727203744,7.017282158270835,7.27722884942326,time,40,VST,long,2024-01-19,0.9423076923076923,0.7958188429118147,xmom_f252_skip21_b20_s20_atr0.5_ema20
2024-01-31,2024-03-27,40.601641931568864,67.29547882080078,3.885978347301581,6.848374135653269,8.073637677367223,time,40,VST,long,2024-01-30,0.9551282051282052,0.7608791483778763,xmom_f252_skip21_b20_s20_atr0.5_ema20
2024-02-02,2024-04-01,42.31996276089139,70.47796630859375,5.3616365550927725,5.235969154887043,5.534756876356362,time,40,VST,long,2024-02-01,0.9487179487179487,0.6976542578284235,xmom_f252_skip21_b20_s20_atr0.5_ema20
2024-02-05,2024-04-02,43.24295576444388,70.10354614257812,6.33228869912454,4.228187585683983,4.540595534162235,time,40,VST,long,2024-02-02,0.9615384615384616,0.6922853727174534,xmom_f252_skip21_b20_s20_atr0.5_ema20
2024-02-16,2024-04-15,44.372140150379195,67.21664428710938,6.475490831852831,3.514136680495974,4.694885760137291,time,40,VST,long,2024-02-15,0.9567307692307693,0.7750813932976925,xmom_f252_skip21_b20_s20_atr0.5_ema20
2025-08-01,2025-08-18,199.10555550200272,195.97200454051728,23.712795668573705,-0.14893908427550148,0.7005866518767714,ema_trail,12,VST,long,2025-07-31,0.9792993630573248,1.6164789820473664,xmom_f252_skip21_b20_s20_atr0.5_ema20
2025-02-19,2025-02-21,649.4036810058208,625.789129136776,64.50340494398279,-0.3862332423023586,0.029491812366558498,ema_trail,3,GS,long,2025-02-18,0.9105431309904153,0.6607740348927169,xmom_f252_skip21_b20_s20_atr0.5_ema20
2026-01-16,2026-01-26,963.6591084375203,909.5931713770888,114.79150824253782,-0.48778220736503414,0.10094554175864048,ema_trail,6,GS,long,2026-01-15,0.9028662420382165,0.5882717328970932,xmom_f252_skip21_b20_s20_atr0.5_ema20
2024-09-03,2024-09-05,59.24414474285349,58.833525354877914,8.80668923353403,-0.060080203062753135,0.03795134031296991,ema_trail,3,C,long,2024-08-30,0.9185303514376997,0.577848628719511,xmom_f252_skip21_b20_s20_atr0.5_ema20
2025-08-28,2025-10-02,95.83761952777168,97.52071204606838,10.813011550276386,0.13792802054327213,0.7482323305229786,ema_trail,25,C,long,2025-08-27,0.9060509554140127,0.5568935576676874,xmom_f252_skip21_b20_s20_atr0.5_ema20
2025-09-12,2025-10-02,97.22542905215614,97.52071204606838,8.992388555336305,0.011213053705079228,0.7453898668416737,ema_trail,15,C,long,2025-09-11,0.9012738853503185,0.6573787294763194,xmom_f252_skip21_b20_s20_atr0.5_ema20
2025-09-16,2025-10-02,98.28843655969591,97.52071204606838,9.983097972668432,-0.09659340110524492,0.5649376391728885,ema_trail,13,C,long,2025-09-15,0.9219745222929936,0.7171331903367355,xmom_f252_skip21_b20_s20_atr0.5_ema20
2025-09-17,2025-10-02,98.90852142888969,97.52071204606838,10.593148341273718,-0.14968415192498158,0.4738669533739019,ema_trail,12,C,long,2025-09-16,0.9187898089171974,0.6844126405964892,xmom_f252_skip21_b20_s20_atr0.5_ema20
2025-09-18,2025-10-02,100.36523149581195,97.52071204606838,12.046164875819656,-0.25279829257923786,0.2957815122842132,ema_trail,11,C,long,2025-09-17,0.9219745222929936,0.6839543783125546,xmom_f252_skip21_b20_s20_atr0.5_ema20
2025-09-19,2025-10-02,100.92626027095992,97.52071204606838,11.808273198382949,-0.3054977374615162,0.25422888161649665,ema_trail,10,C,long,2025-09-18,0.9235668789808917,0.6547167121212369,xmom_f252_skip21_b20_s20_atr0.5_ema20
2025-09-23,2025-10-02,101.90068619658501,97.52071204606838,11.297271673838551,-0.4057418158336933,0.17947502918931985,ema_trail,8,C,long,2025-09-22,0.9187898089171974,0.5932152705562885,xmom_f252_skip21_b20_s20_atr0.5_ema20
2024-08-29,2024-09-09,252.52902323430195,242.98577168991088,37.710073133924936,-0.26646221435778544,0.09733348358149108,ema_trail,7,AXP,long,2024-08-28,0.9089456869009584,0.607414790854452,xmom_f252_skip21_b20_s20_atr0.5_ema20
2024-10-07,2024-10-22,269.2339725413012,265.5735372359549,36.46632674338642,-0.1151446725077796,0.32320323440952,ema_trail,12,AXP,long,2024-10-04,0.9169329073482428,0.740678197127675,xmom_f252_skip21_b20_s20_atr0.5_ema20
2024-10-17,2024-10-22,278.70403042830435,265.5735372359549,23.765459490750686,-0.5759577784950153,0.09745138167411,ema_trail,4,AXP,long,2024-10-16,0.9057507987220448,0.7532425790522983,xmom_f252_skip21_b20_s20_atr0.5_ema20
2024-11-07,2024-12-19,286.8689035647058,287.5558368347333,28.57228249636279,0.0039617227959476975,0.5323672374456351,ema_trail,30,AXP,long,2024-11-06,0.9137380191693291,0.7800659922356994,xmom_f252_skip21_b20_s20_atr0.5_ema20
2024-11-25,2024-12-19,297.3987693272187,287.5558368347333,37.59709042048047,-0.2776206859202597,0.12450647869926915,ema_trail,18,AXP,long,2024-11-22,0.9041533546325878,0.6680673007578872,xmom_f252_skip21_b20_s20_atr0.5_ema20
2025-01-16,2025-02-11,307.59032452859594,303.48849075260716,29.75169475508551,-0.15854607490014277,0.44865574545981973,ema_trail,18,AXP,long,2025-01-15,0.9089456869009584,0.6640139121420383,xmom_f252_skip21_b20_s20_atr0.5_ema20
2025-01-22,2025-02-11,313.1086624987175,303.48849075260716,30.460135515711215,-0.3363868511294936,0.2570550224530589,ema_trail,15,AXP,long,2025-01-21,0.9041533546325878,0.6906732431337261,xmom_f252_skip21_b20_s20_atr0.5_ema20
2025-01-24,2025-02-11,319.0991067223649,303.48849075260716,35.70616649122502,-0.45507025200242995,0.00192861261877514,ema_trail,13,AXP,long,2025-01-23,0.9041533546325878,0.5979364715504829,xmom_f252_skip21_b20_s20_atr0.5_ema20
2025-01-21,2025-01-29,67.51962128323544,65.10263862673001,6.9037999086819255,-0.36965467319853546,0.2329268074669606,ema_trail,7,SYF,long,2025-01-17,0.9345047923322684,0.9217129568720208,xmom_f252_skip21_b20_s20_atr0.5_ema20
2025-01-22,2025-01-29,68.08487858892558,65.10263862673001,7.448395823409172,-0.41866863594610926,0.1400063572282777,ema_trail,6,SYF,long,2025-01-21,0.9361022364217252,0.9204482994832797,xmom_f252_skip21_b20_s20_atr0.5_ema20
2025-01-23,2025-01-29,68.80608472028254,65.10263862673001,8.158074195719365,-0.4708290425954377,0.039423107385028106,ema_trail,5,SYF,long,2025-01-22,0.9281150159744409,0.7614148464968464,xmom_f252_skip21_b20_s20_atr0.5_ema20
2024-09-03,2024-09-09,39.665825954219365,38.21020993337519,4.93531500102192,-0.3110131111053263,0.05104756578295929,ema_trail,5,FITB,long,2024-08-30,0.9265175718849841,0.612460637374904,xmom_f252_skip21_b20_s20_atr0.5_ema20
2024-10-14,2024-10-28,41.16827199671638,41.140031499578754,2.641106489949969,-0.04186769505577611,0.7020435567223302,ema_trail,11,FITB,long,2024-10-11,0.902555910543131,0.6969573906625461,xmom_f252_skip21_b20_s20_atr0.5_ema20
2024-10-16,2024-10-28,42.325951019160726,41.140031499578754,3.8163157346956993,-0.3329314212838852,0.18250396976079683,ema_trail,9,FITB,long,2024-10-15,0.9105431309904153,0.7986529658478649,xmom_f252_skip21_b20_s20_atr0.5_ema20
2024-05-06,2024-05-24,41.0110126194201,40.266909230268865,5.343612162204735,-0.15460055657355598,0.3151612351134825,ema_trail,15,ZION,long,2024-05-03,0.9342948717948718,0.9384726701401447,xmom_f252_skip21_b20_s20_atr0.5_ema20
2024-07-03,2024-08-02,41.11068406223218,44.26078122964753,4.17258420129982,0.7352459893643835,2.127795319807953,ema_trail,22,ZION,long,2024-07-02,0.9313099041533547,0.6792223130188833,xmom_f252_skip21_b20_s20_atr0.5_ema20
2026-01-12,2026-01-28,27.85576396816733,26.47774077557281,2.7000594178037645,-0.5310011739286318,0.4775593119147235,ema_trail,12,IVZ,long,2026-01-09,0.9203821656050956,0.6160067018078952,xmom_f252_skip21_b20_s20_atr0.5_ema20
2026-01-13,2026-01-28,28.34791571659995,26.47774077557281,3.2007801634497497,-0.602000348060015,0.24909138664597105,ema_trail,11,IVZ,long,2026-01-12,0.9171974522292994,0.6426267951066722,xmom_f252_skip21_b20_s20_atr0.5_ema20
2026-01-16,2026-01-28,28.771166405560166,26.47774077557281,3.269175445419638,-0.7191317817134475,0.11441297249018939,ema_trail,8,IVZ,long,2026-01-15,0.9235668789808917,0.640071501812046,xmom_f252_skip21_b20_s20_atr0.5_ema20
2026-06-01,2026-06-04,28.079999923706055,27.209999084472656,2.9361647622537,-0.3154321756691614,0.1430437697820362,ema_trail,4,IVZ,long,2026-05-29,0.9028662420382165,0.8172698372647513,xmom_f252_skip21_b20_s20_atr0.5_ema20
2024-07-16,2024-07-26,161.63096877379763,160.08264511143528,12.34946738228416,-0.15155192867627754,0.9235720519231008,ema_trail,9,ALL,long,2024-07-15,0.9041533546325878,0.5731371388462816,xmom_f252_skip21_b20_s20_atr0.5_ema20
2024-07-17,2024-07-26,162.17912632959897,160.08264511143528,12.880007978387908,-0.18795325863811185,0.8429703920083434,ema_trail,8,ALL,long,2024-07-16,0.9153354632587859,0.6319160783116038,xmom_f252_skip21_b20_s20_atr0.5_ema20
2024-07-18,2024-07-26,166.85294215944032,160.08264511143528,17.365770282189942,-0.4090807846058903,0.356082652499023,ema_trail,7,ALL,long,2024-07-17,0.9105431309904153,0.5746219970422259,xmom_f252_skip21_b20_s20_atr0.5_ema20
2024-07-19,2024-07-26,170.73815831131787,160.08264511143528,20.883298113562347,-0.5265925648671076,0.0,ema_trail,6,ALL,long,2024-07-18,0.9089456869009584,0.5758226462516571,xmom_f252_skip21_b20_s20_atr0.5_ema20
2024-08-29,2024-10-04,179.64338284035608,181.08565686645647,19.564339033924313,0.05535516730423625,0.39924292169604597,ema_trail,26,ALL,long,2024-08-28,0.9297124600638977,0.690546376222398,xmom_f252_skip21_b20_s20_atr0.5_ema20
2024-08-30,2024-10-04,181.16301125350205,181.08565686645647,21.065851318214385,-0.020871713319860596,0.298649001589139,ema_trail,25,ALL,long,2024-08-29,0.9201277955271565,0.6486633095294712,xmom_f252_skip21_b20_s20_atr0.5_ema20
2024-09-03,2024-10-04,183.6176581290837,181.08565686645647,23.475236384281203,-0.12350191203300095,0.1634338638991213,ema_trail,24,ALL,long,2024-08-30,0.9361022364217252,0.652823198107876,xmom_f252_skip21_b20_s20_atr0.5_ema20
2023-03-06,2023-03-13,132.65080951124742,126.32541574894115,10.84429549448302,-0.6077568971337732,0.09847782873687169,ema_trail,6,PGR,long,2023-03-03,0.9035369774919614,0.31945733329816384,xmom_f252_skip21_b20_s20_atr0.5_ema20
2024-07-15,2024-07-17,197.22029406614274,197.66200186882293,12.82319396636015,0.003686071868825972,0.6831719797868419,ema_trail,3,PGR,long,2024-07-12,0.9105431309904153,0.5879845988989665,xmom_f252_skip21_b20_s20_atr0.5_ema20
2024-07-16,2024-07-17,204.76606544629738,197.66200186882293,19.376317799665657,-0.38777211367253134,0.06268866157094487,ema_trail,2,PGR,long,2024-07-15,0.9472843450479234,0.7747081074583695,xmom_f252_skip21_b20_s20_atr0.5_ema20
2024-07-19,2024-07-26,206.5880967396765,196.08842008044647,20.531724530085626,-0.5315117508380031,0.012997249735721741,ema_trail,6,PGR,long,2024-07-18,0.9424920127795527,0.7489115466789851,xmom_f252_skip21_b20_s20_atr0.5_ema20
2024-08-15,2024-09-30,218.55087230687406,232.71298315222182,29.51330350716222,0.4650448262222922,0.7158835181646582,ema_trail,32,PGR,long,2024-08-14,0.9137380191693291,0.6789090653113965,xmom_f252_skip21_b20_s20_atr0.5_ema20
2024-08-16,2024-09-30,218.23800796696838,232.71298315222182,29.157898986603698,0.48146470278154646,0.7353393979835494,ema_trail,31,PGR,long,2024-08-15,0.9408945686900958,0.7819618563201463,xmom_f252_skip21_b20_s20_atr0.5_ema20
2024-09-16,2024-09-30,236.7802910167034,232.71298315222182,23.542982045004152,-0.19287567045817577,0.12312241635313166,ema_trail,11,PGR,long,2024-09-13,0.9376996805111821,0.6951314855152428,xmom_f252_skip21_b20_s20_atr0.5_ema20
2024-09-04,2024-10-08,113.54538641304805,111.60442725268229,13.223621564127171,-0.16395281146530327,0.15118064913004403,ema_trail,25,HIG,long,2024-09-03,0.9153354632587859,0.5364437517700908,xmom_f252_skip21_b20_s20_atr0.5_ema20
2023-01-27,2023-02-03,38.08324432373047,37.9641211516591,2.729948223572464,-0.071536030988628,0.6713270039160095,ema_trail,6,UNM,long,2023-01-26,0.9677938808373591,0.6302143886105702,xmom_f252_skip21_b20_s20_atr0.5_ema20
2023-02-01,2023-02-03,38.147388689003996,37.9641211516591,2.811742138562167,-0.09231369803193835,0.6289849884341039,ema_trail,3,UNM,long,2023-01-31,0.9758454106280193,0.6926785399263553,xmom_f252_skip21_b20_s20_atr0.5_ema20
2023-02-02,2023-02-03,39.67768575307216,37.9641211516591,4.383555464168097,-0.40901044541921017,0.0,ema_trail,2,UNM,long,2023-02-01,0.9742351046698873,0.6610002865863489,xmom_f252_skip21_b20_s20_atr0.5_ema20
2023-02-24,2023-03-10,40.44741811946238,38.18404408035008,4.156979982822577,-0.5639355698218862,0.4055989893422687,ema_trail,11,UNM,long,2023-02-23,0.961352657004831,0.5031993695412971,xmom_f252_skip21_b20_s20_atr0.5_ema20
2023-05-01,2023-06-01,38.739595058619976,40.587426005245405,4.081803969788396,0.43371797607418305,1.145325761244784,ema_trail,23,UNM,long,2023-04-28,0.9019292604501608,0.29412042026923535,xmom_f252_skip21_b20_s20_atr0.5_ema20
2023-08-03,2023-08-11,45.84447248542632,45.24872613626977,2.9059784370114485,-0.23655897971300072,0.608613367630717,ema_trail,7,UNM,long,2023-08-02,0.9229534510433387,0.5397790546991141,xmom_f252_skip21_b20_s20_atr0.5_ema20
2023-08-04,2023-08-11,46.98941700926992,45.24872613626977,4.066406277458299,-0.4511771775459318,0.15337198410927413,ema_trail,6,UNM,long,2023-08-03,0.9293739967897271,0.5662956954268241,xmom_f252_skip21_b20_s20_atr0.5_ema20
2022-08-12,2022-08-31,39.70290731120487,39.71506589416355,3.1054266217011417,-0.021654748237744065,0.6225117277348555,ema_trail,14,WRB,long,2022-08-11,0.9625407166123778,0.36604507435287204,xmom_f252_skip21_b20_s20_atr0.5_ema20
2022-08-18,2022-08-31,41.392906188964844,39.71506589416355,4.781268875769612,-0.3682340719430519,0.0508579668257783,ema_trail,10,WRB,long,2022-08-17,0.9364820846905537,0.3189856628560601,xmom_f252_skip21_b20_s20_atr0.5_ema20
2022-12-01,2022-12-12,46.699521289574875,44.836418784811734,5.585597454025084,-0.3502761456489135,0.03161204053751027,ema_trail,8,WRB,long,2022-11-30,0.9483870967741935,0.49531217172732456,xmom_f252_skip21_b20_s20_atr0.5_ema20
2022-12-01,2023-01-23,57.491324739955104,59.47870097045796,5.998429955072467,0.3121472777121597,0.6198312973825457,ema_trail,35,ACGL,long,2022-11-30,0.932258064516129,0.42397217935351805,xmom_f252_skip21_b20_s20_atr0.5_ema20
2022-12-05,2023-01-23,57.40574264595032,59.47870097045796,5.177036931604782,0.3782369848014103,0.7347053470094979,ema_trail,33,ACGL,long,2022-12-02,0.9161290322580645,0.32939220211335374,xmom_f252_skip21_b20_s20_atr0.5_ema20
2023-01-26,2023-02-02,61.932017534122615,58.29046260007103,3.641554934051584,-1.0340140509511508,0.04961425606766908,stop,6,ACGL,long,2023-01-25,0.9339774557165862,0.3752734655425076,xmom_f252_skip21_b20_s20_atr0.5_ema20
2023-02-15,2023-03-10,62.997024642898225,64.75618843219891,5.880879293440493,0.2777084273497197,0.9750104399019336,ema_trail,17,ACGL,long,2023-02-14,0.9339774557165862,0.36941567298841704,xmom_f252_skip21_b20_s20_atr0.5_ema20
2023-02-16,2023-03-10,64.58502673036665,64.75618843219891,7.493703081855919,0.005603591163519682,0.5532533880982604,ema_trail,16,ACGL,long,2023-02-15,0.9355877616747182,0.3787160941169394,xmom_f252_skip21_b20_s20_atr0.5_ema20
2023-02-24,2023-03-10,65.03195141299963,64.75618843219891,7.90250798153906,-0.05135418838864406,0.468078228512688,ema_trail,11,ACGL,long,2023-02-23,0.9227053140096618,0.36749945859929367,xmom_f252_skip21_b20_s20_atr0.5_ema20
2023-04-28,2023-05-18,70.00514937263263,69.41559164483051,7.1289697839659,-0.10233849331053238,0.6242430408209376,ema_trail,15,ACGL,long,2023-04-27,0.954983922829582,0.4364653393200557,xmom_f252_skip21_b20_s20_atr0.5_ema20
2023-05-01,2023-05-18,71.25082974608674,69.41559164483051,8.26413633709626,-0.23931596479969353,0.3877633755901119,ema_trail,14,ACGL,long,2023-04-28,0.9469453376205788,0.41456292899743086,xmom_f252_skip21_b20_s20_atr0.5_ema20
2023-05-02,2023-05-18,71.70726152020237,69.41559164483051,8.575493642838055,-0.28395851012564766,0.3204594094229005,ema_trail,13,ACGL,long,2023-05-01,0.9582664526484751,0.45124053982961865,xmom_f252_skip21_b20_s20_atr0.5_ema20
2023-05-11,2023-05-18,73.21918557419707,69.41559164483051,8.02881033133859,-0.49198226605215967,0.15396721597394084,ema_trail,6,ACGL,long,2023-05-10,0.942215088282504,0.5260945258095744,xmom_f252_skip21_b20_s20_atr0.5_ema20
2023-07-03,2023-07-31,70.77537703989168,73.4569075233743,5.3882616320909875,0.47139131371710347,1.8353507839582686,ema_trail,20,ACGL,long,2023-06-30,0.9117174959871589,0.5617297039781932,xmom_f252_skip21_b20_s20_atr0.5_ema20
2023-07-12,2023-07-31,72.44895763483161,73.4569075233743,7.062169457004785,0.1222077689479655,1.1633492605507374,ema_trail,14,ACGL,long,2023-07-11,0.9245585874799358,0.5963571415104236,xmom_f252_skip21_b20_s20_atr0.5_ema20
2023-07-13,2023-07-31,72.04958165489442,73.4569075233743,6.63516019545267,0.1903837538143875,1.2984080778534932,ema_trail,13,ACGL,long,2023-07-12,0.9181380417335474,0.6021529000218981,xmom_f252_skip21_b20_s20_atr0.5_ema20
2023-07-14,2023-07-31,73.3332953077942,73.4569075233743,7.914949320711301,-0.0029127634431171494,0.9262765490542737,ema_trail,12,ACGL,long,2023-07-13,0.9004815409309791,0.5946129122592403,xmom_f252_skip21_b20_s20_atr0.5_ema20
2023-07-18,2023-07-31,76.45224555384152,73.4569075233743,10.452665851924678,-0.3011903916353752,0.4030054874379206,ema_trail,10,ACGL,long,2023-07-17,0.9149277688603531,0.6501058838831779,xmom_f252_skip21_b20_s20_atr0.5_ema20
2023-07-21,2023-07-31,77.86907653084886,73.4569075233743,11.514125773883876,-0.39672201348513136,0.2428018222637726,ema_trail,7,ACGL,long,2023-07-20,0.9261637239165329,0.6132634355728721,xmom_f252_skip21_b20_s20_atr0.5_ema20
2023-07-24,2023-07-31,77.94515274787427,73.4569075233743,11.592328931926318,-0.4006214417540688,0.23460121935963238,ema_trail,6,ACGL,long,2023-07-21,0.9373996789727127,0.6400823713850103,xmom_f252_skip21_b20_s20_atr0.5_ema20
2023-09-12,2023-10-03,75.04491220451402,75.3682205686731,5.860894360840632,0.029554967055438,0.5289168164989384,ema_trail,16,ACGL,long,2023-09-11,0.9406099518459069,0.647944876958854,xmom_f252_skip21_b20_s20_atr0.5_ema20
2023-09-19,2023-10-03,76.68996944038312,75.3682205686731,7.253619997502668,-0.20336450091108482,0.2005713494509221,ema_trail,11,ACGL,long,2023-09-18,0.92776886035313,0.5712775153670633,xmom_f252_skip21_b20_s20_atr0.5_ema20
2023-09-20,2023-10-03,77.57430015161174,75.3682205686731,7.983554023046835,-0.2957615338263508,0.07146411716231496,ema_trail,10,ACGL,long,2023-09-19,0.9325842696629213,0.6173686956446751,xmom_f252_skip21_b20_s20_atr0.5_ema20
2023-10-09,2023-10-24,77.87859404100769,78.30649060878488,5.212477449142696,0.05220921957944205,1.0234177688634847,ema_trail,12,ACGL,long,2023-10-06,0.9197431781701445,0.6236448357901787,xmom_f252_skip21_b20_s20_atr0.5_ema20
2023-10-12,2023-10-24,79.16229898773878,78.30649060878488,6.47279727473024,-0.15667615311984848,0.6258248053490252,ema_trail,9,ACGL,long,2023-10-11,0.9181380417335474,0.6895370074578993,xmom_f252_skip21_b20_s20_atr0.5_ema20
2023-10-16,2023-10-24,80.83588931571016,78.30649060878488,8.150074611165962,-0.33018967481227873,0.29168404952924454,ema_trail,7,ACGL,long,2023-10-13,0.9165329052969502,0.7352939829783758,xmom_f252_skip21_b20_s20_atr0.5_ema20
2023-10-17,2023-10-24,81.2447759477477,78.30649060878488,8.58470915039912,-0.3611974309827547,0.22928675858765957,ema_trail,6,ACGL,long,2023-10-16,0.9117174959871589,0.6621082833653249,xmom_f252_skip21_b20_s20_atr0.5_ema20
2023-10-18,2023-10-24,82.49045113607,78.30649060878488,9.835954286676682,-0.4421473812101926,0.07347380082575626,ema_trail,5,ACGL,long,2023-10-17,0.9085072231139647,0.7142552791956163,xmom_f252_skip21_b20_s20_atr0.5_ema20
2022-12-01,2022-12-12,364.75525012260846,353.21280254739594,38.14373472072816,-0.32172932633124884,0.011737014965946879,ema_trail,8,LLY,long,2022-11-30,0.9435483870967742,0.47564020755033853,xmom_f252_skip21_b20_s20_atr0.5_ema20
2023-09-08,2023-09-22,561.4629337692606,538.3892330213519,57.713050032464935,-0.41925745740064235,0.5016133173742655,ema_trail,11,LLY,long,2023-09-07,0.9341894060995185,0.714726006900148,xmom_f252_skip21_b20_s20_atr0.5_ema20
2023-09-11,2023-09-22,576.0014215198922,538.3892330213519,72.43716193029354,-0.5351423262397144,0.19894687130078328,ema_trail,10,LLY,long,2023-09-08,0.9454253611556982,0.7034090066234522,xmom_f252_skip21_b20_s20_atr0.5_ema20
2023-09-12,2023-09-22,579.748925517251,538.3892330213519,66.10767568623294,-0.6431808395252406,0.16130717989835588,ema_trail,9,LLY,long,2023-09-11,0.9438202247191011,0.6667198218609973,xmom_f252_skip21_b20_s20_atr0.5_ema20
2023-09-13,2023-09-22,583.368763837953,538.3892330213519,65.35163587241368,-0.7061226200116647,0.10778313839964154,ema_trail,8,LLY,long,2023-09-12,0.9582664526484751,0.6772109884130011,xmom_f252_skip21_b20_s20_atr0.5_ema20
2024-02-05,2024-03-12,679.1517085118212,729.510548886485,86.55231619947301,0.5661377893655783,1.2622941702507546,ema_trail,26,LLY,long,2024-02-02,0.9727564102564102,0.8209205128158188,xmom_f252_skip21_b20_s20_atr0.5_ema20
2024-05-22,2024-07-18,789.9669819033655,894.5364671509096,92.23799810079345,1.1165631670712877,1.7652779847573603,ema_trail,39,LLY,long,2024-05-21,0.9278846153846154,0.6626858803353994,xmom_f252_skip21_b20_s20_atr0.5_ema20
2024-06-04,2024-07-18,822.5123781673913,894.5364671509096,106.42129107471328,0.6613250367144468,1.2241940482561202,ema_trail,31,LLY,long,2024-06-03,0.9358974358974359,0.7417587907648375,xmom_f252_skip21_b20_s20_atr0.5_ema20
2024-06-10,2024-07-18,842.2171596984988,894.5364671509096,111.74480339094282,0.45312955588517256,0.9895362133614085,ema_trail,27,LLY,long,2024-06-07,0.944,0.786237120255292,xmom_f252_skip21_b20_s20_atr0.5_ema20
2024-06-14,2024-07-18,870.1767200201524,894.5364671509096,123.85829335432743,0.18262316618563865,0.6670200844144648,ema_trail,23,LLY,long,2024-06-13,0.9392,0.7239002603553208,xmom_f252_skip21_b20_s20_atr0.5_ema20
2024-07-10,2024-07-18,923.6695814326984,894.5364671509096,95.19315961629957,-0.3254483155042734,0.305936981117942,ema_trail,7,LLY,long,2024-07-09,0.9456869009584664,0.8659175800616135,xmom_f252_skip21_b20_s20_atr0.5_ema20
2024-07-11,2024-07-18,921.2237110013508,894.5364671509096,89.75281607594184,-0.31786959473566023,0.3517324546198686,ema_trail,6,LLY,long,2024-07-10,0.952076677316294,0.8897052965876946,xmom_f252_skip21_b20_s20_atr0.5_ema20
2024-07-15,2024-07-18,943.0290903333027,894.5364671509096,102.55313058260265,-0.49124469508496976,0.09520527476848184,ema_trail,4,LLY,long,2024-07-12,0.9616613418530351,0.9797712470326856,xmom_f252_skip21_b20_s20_atr0.5_ema20
2026-03-30,2026-04-06,258.70244155156036,276.3019282869355,36.785397835251615,-0.4925022613488431,0.09487585918345143,ema_trail,5,UNH,short,2026-03-27,0.03343949044585987,-0.4356048585629111,xmom_f252_skip21_b20_s20_atr0.5_ema20
2022-12-01,2022-12-19,141.9187216263756,141.72477314180617,17.36218953121977,-0.02751876005978706,0.34269916981855336,ema_trail,13,ABBV,long,2022-11-30,0.9,0.3194292356729733,xmom_f252_skip21_b20_s20_atr0.5_ema20
2022-12-01,2023-01-10,98.06459673717626,99.44287807305514,11.997893023702503,0.09852997856116252,0.48446475375688713,ema_trail,27,MRK,long,2022-11-30,0.9258064516129032,0.3983453476514889,xmom_f252_skip21_b20_s20_atr0.5_ema20
2023-02-24,2023-03-01,99.02013479546022,95.30542749531267,8.375019183256455,-0.4671926695476631,0.02577573316803405,ema_trail,4,MRK,long,2023-02-23,0.9549114331723028,0.47476524658042707,xmom_f252_skip21_b20_s20_atr0.5_ema20
2023-04-06,2023-05-18,102.34415286010938,103.37666019506695,10.604305984808576,0.07806442311484246,0.5679686929346766,ema_trail,30,MRK,long,2023-04-05,0.9501607717041801,0.3634480560866795,xmom_f252_skip21_b20_s20_atr0.5_ema20
2023-04-14,2023-05-18,104.82576125875507,103.37666019506695,13.045214177800858,-0.12715410905467087,0.2714639531983823,ema_trail,25,MRK,long,2023-04-13,0.905144694533762,0.2720305576947579,xmom_f252_skip21_b20_s20_atr0.5_ema20
2023-04-26,2023-05-18,104.33669122022074,103.37666019506695,10.512929118170106,-0.11116829519703486,0.3833732163754244,ema_trail,17,MRK,long,2023-04-25,0.909967845659164,0.276280618490115,xmom_f252_skip21_b20_s20_atr0.5_ema20
2023-03-30,2023-04-28,73.38883097861856,74.05290903398125,5.453543748311375,0.09485582536412818,0.9198475076803353,ema_trail,21,GILD,long,2023-03-29,0.9581993569131833,0.4049484721322767,xmom_f252_skip21_b20_s20_atr0.5_ema20
2023-04-03,2023-04-28,74.42982929492292,74.05290903398125,6.479791390797757,-0.08114148864085398,0.6135120822332663,ema_trail,19,GILD,long,2023-03-31,0.954983922829582,0.37789674795431716,xmom_f252_skip21_b20_s20_atr0.5_ema20
2023-04-04,2023-04-28,74.62723677526857,74.05290903398125,6.662413619668911,-0.10860661858364407,0.5670651874729489,ema_trail,18,GILD,long,2023-04-03,0.9533762057877814,0.40794599049351365,xmom_f252_skip21_b20_s20_atr0.5_ema20
2023-04-24,2023-04-28,77.73221458974714,74.05290903398125,8.075488574993813,-0.47486538422207175,0.08334418500267902,ema_trail,5,GILD,long,2023-04-21,0.9372990353697749,0.2751816929623707,xmom_f252_skip21_b20_s20_atr0.5_ema20
2025-07-28,2025-08-07,110.51111590828874,107.77245056979812,7.713464477617251,-0.38370405138904173,0.2981896614965091,ema_trail,9,GILD,long,2025-07-25,0.9124203821656051,0.5364107779935787,xmom_f252_skip21_b20_s20_atr0.5_ema20
2022-08-16,2022-08-24,305.0,287.3500061035156,37.43246150779538,-0.487811732409895,0.024310548263567038,ema_trail,7,VRTX,long,2022-08-15,0.9755700325732899,0.5066885954840548,xmom_f252_skip21_b20_s20_atr0.5_ema20
2023-06-15,2023-07-24,322.239990234375,336.760009765625,28.037245587533903,0.494896672622887,1.2779435475564231,ema_trail,26,ISRG,long,2023-06-14,0.9149277688603531,0.5799865921130132,xmom_f252_skip21_b20_s20_atr0.5_ema20
2023-06-16,2023-07-24,331.69000244140625,336.760009765625,37.62031015529095,0.11713426341106828,0.7012171025150996,ema_trail,25,ISRG,long,2023-06-15,0.9213483146067416,0.6044478051218747,xmom_f252_skip21_b20_s20_atr0.5_ema20
2024-03-04,2024-03-12,398.29998779296875,378.8999938964844,31.02460746524315,-0.650986282250196,0.15149304345902428,ema_trail,7,ISRG,long,2024-03-01,0.9246794871794872,0.6637487272875917,xmom_f252_skip21_b20_s20_atr0.5_ema20
2024-03-05,2024-03-12,400.0,378.8999938964844,32.690360775482475,-0.6699224353602259,0.012542035400749529,ema_trail,6,ISRG,long,2024-03-04,0.9182692307692307,0.6768457702355613,xmom_f252_skip21_b20_s20_atr0.5_ema20
2024-09-13,2024-09-30,490.2799987792969,480.0,29.264740215632287,-0.3847824615521596,0.20160759511313847,ema_trail,12,ISRG,long,2024-09-12,0.9041533546325878,0.5560604542570278,xmom_f252_skip21_b20_s20_atr0.5_ema20
2023-06-06,2023-06-27,125.48999786376953,124.62000274658203,14.93980876493508,-0.07503276183468002,0.5789901103808737,ema_trail,15,DXCM,long,2023-06-05,0.9582664526484751,0.5062053455431053,xmom_f252_skip21_b20_s20_atr0.5_ema20
2023-06-13,2023-06-27,126.9800033569336,124.62000274658203,16.565997026523277,-0.15779072113077786,0.43221038982750076,ema_trail,10,DXCM,long,2023-06-12,0.956661316211878,0.6335974998749236,xmom_f252_skip21_b20_s20_atr0.5_ema20
2023-07-17,2023-07-21,136.6999969482422,130.97999572753906,16.530757147946176,-0.3625605990675536,0.13429519294456174,ema_trail,5,DXCM,long,2023-07-14,0.9117174959871589,0.6496398096318634,xmom_f252_skip21_b20_s20_atr0.5_ema20
2023-06-28,2023-07-18,290.53660398360745,284.8995459533127,40.76938928936045,-0.15251960715253296,0.17900282235070425,ema_trail,14,HCA,long,2023-06-27,0.9020866773675762,0.45920970211295375,xmom_f252_skip21_b20_s20_atr0.5_ema20
2023-06-29,2023-07-18,292.1094487475543,284.8995459533127,42.27253140729522,-0.18437792656986782,0.1354305217542572,ema_trail,13,HCA,long,2023-06-28,0.9004815409309791,0.48137099226680724,xmom_f252_skip21_b20_s20_atr0.5_ema20
2024-06-11,2024-07-01,137.02000427246094,134.0800018310547,15.259785270725942,-0.2106217350329906,0.3492841961072449,ema_trail,14,THC,long,2024-06-10,0.9264,0.7028540222567072,xmom_f252_skip21_b20_s20_atr0.5_ema20
2024-06-13,2024-07-01,140.64999389648438,134.0800018310547,15.20840279621109,-0.45049385823273547,0.040109445977031435,ema_trail,12,THC,long,2024-06-12,0.9376,0.719427476076621,xmom_f252_skip21_b20_s20_atr0.5_ema20
2024-07-25,2024-08-05,146.2100067138672,135.92999267578125,19.993033942696968,-0.528805887181298,0.43965279663538065,ema_trail,8,THC,long,2024-07-24,0.9456869009584664,0.7691507329834932,xmom_f252_skip21_b20_s20_atr0.5_ema20
2024-09-20,2024-10-03,166.6999969482422,161.55999755859375,19.264034822477242,-0.2841252849667074,0.2335959232563994,ema_trail,10,THC,long,2024-09-19,0.9728434504792333,1.217745477329884,xmom_f252_skip21_b20_s20_atr0.5_ema20
2024-11-06,2024-11-18,155.00999450683594,156.10000610351562,21.014494801582998,0.03711683840276092,0.7609036355211144,ema_trail,9,THC,long,2024-11-05,0.9776357827476039,1.7835032813899168,xmom_f252_skip21_b20_s20_atr0.5_ema20
2022-08-15,2022-08-29,96.13999938964844,89.2699966430664,9.178411187566624,-0.7694450162494493,0.2603935845548093,ema_trail,11,CNC,long,2022-08-12,0.9657980456026058,0.35889718438956497,xmom_f252_skip21_b20_s20_atr0.5_ema20
2022-08-16,2022-08-29,96.94000244140625,89.2699966430664,9.993884629002991,-0.7868697803856048,0.07904843260194366,ema_trail,10,CNC,long,2022-08-15,0.9674267100977199,0.4215951180584394,xmom_f252_skip21_b20_s20_atr0.5_ema20
2023-02-02,2023-02-03,479.50244493440283,472.30699120378887,26.592434983478995,-0.3066458045511389,0.2666095433430426,ema_trail,2,HUM,long,2023-02-01,0.9210950080515298,0.3136239127347671,xmom_f252_skip21_b20_s20_atr0.5_ema20
2022-08-15,2022-08-29,269.5247105664535,263.79107728992346,27.46629758994675,-0.22837743882738987,0.1326231536323588,ema_trail,11,CI,long,2022-08-12,0.9446254071661238,0.2872519620384917,xmom_f252_skip21_b20_s20_atr0.5_ema20
2023-04-19,2023-05-15,77.34541796474936,77.78478739010252,7.815870867652535,0.03642314391373341,0.43868188009049014,ema_trail,19,GE,long,2023-04-18,0.9356913183279743,0.2789049664864365,xmom_f252_skip21_b20_s20_atr0.5_ema20
2023-04-20,2023-05-15,77.91033401285888,77.78478739010252,8.353513626259144,-0.033682508148140694,0.34282159660990785,ema_trail,18,GE,long,2023-04-19,0.9228295819935691,0.2797219641062896,xmom_f252_skip21_b20_s20_atr0.5_ema20
2023-04-21,2023-05-15,78.44384777936229,77.78478739010252,8.272974665849674,-0.09862813773462548,0.28167028260977384,ema_trail,17,GE,long,2023-04-20,0.9292604501607717,0.29047312818052684,xmom_f252_skip21_b20_s20_atr0.5_ema20
2023-05-18,2023-06-21,80.72701446019173,81.31546746389957,6.173157169976847,0.06917027430698944,0.7638607356692099,ema_trail,23,GE,long,2023-05-17,0.9646869983948636,0.6975333440227096,xmom_f252_skip21_b20_s20_atr0.5_ema20
2023-05-19,2023-06-21,82.00591508236111,81.31546746389957,7.463659781287973,-0.11448263635602363,0.46043520950760103,ema_trail,22,GE,long,2023-05-18,0.9646869983948636,0.6676355422118314,xmom_f252_skip21_b20_s20_atr0.5_ema20
2023-07-03,2023-08-10,85.5679926550885,88.292999574499,5.845446582446485,0.4368991997582261,1.2062925785898535,ema_trail,28,GE,long,2023-06-30,0.971107544141252,1.0484850744035867,xmom_f252_skip21_b20_s20_atr0.5_ema20
2023-07-11,2023-08-10,86.9425130552927,88.292999574499,7.217295986800181,0.16302525145811284,0.7865547486381058,ema_trail,23,GE,long,2023-07-10,0.9807383627608347,1.163727214793567,xmom_f252_skip21_b20_s20_atr0.5_ema20
2023-07-26,2023-08-10,91.97547410137871,88.292999574499,10.96249136239308,-0.35269587425594373,0.017905521832056563,ema_trail,12,GE,long,2023-07-25,0.9775280898876404,0.9557009750304324,xmom_f252_skip21_b20_s20_atr0.5_ema20
2023-11-15,2024-01-04,91.90023168124004,97.7288908981333,10.00886106482288,0.5639861235930415,0.9672642000726571,ema_trail,34,GE,long,2023-11-14,0.956661316211878,0.6252762673595673,xmom_f252_skip21_b20_s20_atr0.5_ema20
2023-12-01,2024-01-04,95.62463658201953,97.7288908981333,12.056041306665918,0.15867605246939612,0.4940932051577488,ema_trail,23,GE,long,2023-11-30,0.9582664526484751,0.629957113960079,xmom_f252_skip21_b20_s20_atr0.5_ema20
2023-12-04,2024-01-04,95.71106698962377,97.7288908981333,11.562533057313502,0.1579586207863898,0.5077068886222489,ema_trail,22,GE,long,2023-12-01,0.9678972712680578,0.6034473122528439,xmom_f252_skip21_b20_s20_atr0.5_ema20
2023-12-20,2024-01-04,98.55545061560012,97.7288908981333,6.465149331694704,-0.15833673225142472,0.46804704762341315,ema_trail,10,GE,long,2023-12-19,0.9678972712680578,0.9832221090765223,xmom_f252_skip21_b20_s20_atr0.5_ema20
2023-12-22,2024-01-04,100.09551574733149,97.7288908981333,8.081868388919048,-0.3176017917109591,0.183859579729133,ema_trail,8,GE,long,2023-12-21,0.9582664526484751,0.9164178724562051,xmom_f252_skip21_b20_s20_atr0.5_ema20
2024-01-11,2024-03-08,102.30478325113978,132.05589294433594,8.912258128574521,3.3152653009411566,4.030744720999056,time,40,GE,long,2024-01-10,0.9134615384615384,0.663381952566531,xmom_f252_skip21_b20_s20_atr0.5_ema20
2024-01-31,2024-03-27,105.17453848486534,141.61647033691406,8.963490401264764,4.042128808434564,4.086648125898342,time,40,GE,long,2024-01-30,0.907051282051282,0.5464038830959568,xmom_f252_skip21_b20_s20_atr0.5_ema20
2024-02-02,2024-04-01,106.47969153208871,137.87405395507812,9.867755912391118,3.159928489999453,3.5798897455757106,time,40,GE,long,2024-02-01,0.9342948717948718,0.5697070092888581,xmom_f252_skip21_b20_s20_atr0.5_ema20
2024-02-05,2024-04-02,106.91211808904436,134.44361877441406,10.262803012089975,2.66181436173045,3.454427765955293,time,40,GE,long,2024-02-02,0.9358974358974359,0.5115932287556197,xmom_f252_skip21_b20_s20_atr0.5_ema20
2024-02-06,2024-04-03,108.24870809770489,143.45774841308594,11.608485211145947,3.014393545988874,3.2299303654277365,time,40,GE,long,2024-02-05,0.9423076923076923,0.48958989790088836,xmom_f252_skip21_b20_s20_atr0.5_ema20
2024-02-14,2024-04-11,112.43147617342863,155.33865356445312,14.124596421238763,3.021843114363071,3.0907716380692216,time,40,GE,long,2024-02-13,0.9294871794871795,0.6014472702882268,xmom_f252_skip21_b20_s20_atr0.5_ema20
2024-02-15,2024-04-12,115.57642337789218,152.60496520996094,17.144338282339632,2.1463289150808422,2.3629348736781255,time,40,GE,long,2024-02-14,0.9294871794871795,0.5524448333877194,xmom_f252_skip21_b20_s20_atr0.5_ema20
2024-07-24,2024-08-05,169.54051466963782,150.7476875841212,17.844805854902887,-1.0721275574763047,0.1789355751654199,ema_trail,9,GE,long,2024-07-23,0.9536741214057508,0.8710845686666855,xmom_f252_skip21_b20_s20_atr0.5_ema20
2024-09-16,2024-10-23,176.67798969740377,177.90991439356546,20.27611751657892,0.04333022414416903,0.7980580996896964,ema_trail,28,GE,long,2024-09-13,0.9568690095846646,0.8614191043916171,xmom_f252_skip21_b20_s20_atr0.5_ema20
2024-09-17,2024-10-23,179.4361333505388,177.90991439356546,23.051880197025042,-0.08177602900772041,0.5823115531792185,ema_trail,27,GE,long,2024-09-16,0.9536741214057508,0.8500882241714822,xmom_f252_skip21_b20_s20_atr0.5_ema20
2024-09-20,2024-10-23,182.88625424271368,177.90991439356546,26.46920344211702,-0.20182369179774534,0.376787132671582,ema_trail,24,GE,long,2024-09-19,0.9488817891373802,0.8417150799530992,xmom_f252_skip21_b20_s20_atr0.5_ema20
2025-07-16,2025-08-14,262.666105033761,271.61066569075984,34.704799741657524,0.24259550579758477,0.5017049474985057,ema_trail,22,GE,long,2025-07-15,0.9012738853503185,0.489531562504677,xmom_f252_skip21_b20_s20_atr0.5_ema20
2025-09-05,2025-10-13,280.8437708421132,294.86426893460697,21.240571710504582,0.633636925325953,1.1701072725865729,ema_trail,27,GE,long,2025-09-04,0.9076433121019108,0.5684014219922282,xmom_f252_skip21_b20_s20_atr0.5_ema20
2025-12-23,2026-01-21,313.7913402539266,312.21545072582376,39.279991107634146,-0.05609655568843645,0.46081650915299005,ema_trail,19,GE,long,2025-12-22,0.9601910828025477,0.8281825643361931,xmom_f252_skip21_b20_s20_atr0.5_ema20
2026-01-05,2026-01-21,322.94644771209664,312.21545072582376,47.834967363400835,-0.23783626306812716,0.1870130035973418,ema_trail,12,GE,long,2026-01-02,0.9394904458598726,0.7289489399547517,xmom_f252_skip21_b20_s20_atr0.5_ema20
2023-03-06,2023-03-08,243.02478157786848,235.7430514760399,24.302218770470404,-0.31963252978460255,0.0019559392393594835,ema_trail,3,CAT,long,2023-03-03,0.9115755627009646,0.32591614931995094,xmom_f252_skip21_b20_s20_atr0.5_ema20
2026-01-14,2026-03-04,631.4177408326162,735.689428725424,84.2305439477667,1.2229394182117679,1.8626431271207875,ema_trail,34,CAT,long,2026-01-13,0.9378980891719745,0.8092806439970588,xmom_f252_skip21_b20_s20_atr0.5_ema20
2026-06-05,2026-06-11,929.9299926757812,872.4000244140625,99.18847158407584,-0.5987573686598173,0.08317498866798237,ema_trail,5,CAT,long,2026-06-04,0.9665605095541401,1.6170007900018328,xmom_f252_skip21_b20_s20_atr0.5_ema20
2023-09-01,2023-09-14,223.49340749021903,215.72946539157124,20.53388345604256,-0.39987218838587374,0.42325252027289767,ema_trail,9,ETN,long,2023-08-31,0.9309791332263242,0.5959246606004562,xmom_f252_skip21_b20_s20_atr0.5_ema20
2023-09-05,2023-09-14,224.99981349409444,215.72946539157124,22.032080325494945,-0.4411906450006565,0.32609775444449135,ema_trail,8,ETN,long,2023-09-01,0.9325842696629213,0.6131405773297081,xmom_f252_skip21_b20_s20_atr0.5_ema20
2023-09-08,2023-09-14,226.3903788276262,215.72946539157124,23.49084610852887,-0.47310744544340333,0.24665125128247933,ema_trail,5,ETN,long,2023-09-07,0.9197431781701445,0.6210892931924992,xmom_f252_skip21_b20_s20_atr0.5_ema20
2023-09-11,2023-09-14,228.29276752147234,215.72946539157124,25.33625250983181,-0.5138837189869196,0.15360037523293896,ema_trail,4,ETN,long,2023-09-08,0.9165329052969502,0.5717436406756418,xmom_f252_skip21_b20_s20_atr0.5_ema20
2023-09-12,2023-09-14,228.78528150632053,215.72946539157124,25.804134279303128,-0.5236907594532514,0.1317286552172704,ema_trail,3,ETN,long,2023-09-11,0.9149277688603531,0.5437222560996522,xmom_f252_skip21_b20_s20_atr0.5_ema20
2024-01-31,2024-03-27,241.1782522765701,305.7721862792969,18.28318932317177,3.506586097476977,3.6723340641310442,time,40,ETN,long,2024-01-30,0.9006410256410257,0.5108596432347929,xmom_f252_skip21_b20_s20_atr0.5_ema20
2024-02-02,2024-04-01,258.0188860088672,303.46722412109375,33.839163666929466,1.327819469253625,1.4864831091940494,time,40,ETN,long,2024-02-01,0.9102564102564102,0.4995272045102279,xmom_f252_skip21_b20_s20_atr0.5_ema20
2024-02-05,2024-04-02,261.1503891155122,306.112548828125,37.04698838448351,1.1995538874354124,1.2732436338402842,time,40,ETN,long,2024-02-02,0.9246794871794872,0.45299966016853443,xmom_f252_skip21_b20_s20_atr0.5_ema20
2024-03-21,2024-04-18,303.1560070640375,305.1400371971876,32.32980010613642,0.042614495434524016,0.59442692054528,ema_trail,20,ETN,long,2024-03-20,0.907051282051282,0.710218650333974,xmom_f252_skip21_b20_s20_atr0.5_ema20
2024-03-22,2024-04-18,306.28758919854744,305.1400371971876,35.39624519037966,-0.0497263811539905,0.45445841212551147,ema_trail,19,ETN,long,2024-03-21,0.9150641025641025,0.6820866928618594,xmom_f252_skip21_b20_s20_atr0.5_ema20
2024-03-25,2024-04-18,306.35566422601715,305.1400371971876,35.360536002026095,-0.05170561773093084,0.45299218190690577,ema_trail,18,ETN,long,2024-03-22,0.9086538461538461,0.7352258327027614,xmom_f252_skip21_b20_s20_atr0.5_ema20
2024-04-04,2024-04-18,315.0212376876546,305.1400371971876,35.91092807182588,-0.29270318341031565,0.20474193483978678,ema_trail,11,ETN,long,2024-04-03,0.9198717948717948,0.7537239335816963,xmom_f252_skip21_b20_s20_atr0.5_ema20
2024-04-08,2024-04-18,317.34559292055206,305.1400371971876,38.53720871196754,-0.33319089104702293,0.07747731656516102,ema_trail,9,ETN,long,2024-04-05,0.9407051282051282,0.8529746805648659,xmom_f252_skip21_b20_s20_atr0.5_ema20
2024-06-20,2024-06-27,335.6695447960521,325.95981119365615,29.60071348326585,-0.35070346185597084,0.09006599114063762,ema_trail,6,TT,long,2024-06-18,0.9408945686900958,0.7745071077634669,xmom_f252_skip21_b20_s20_atr0.5_ema20
2024-09-18,2024-10-30,369.1362933657294,372.282202640723,38.76466018242343,0.062109062144025895,0.8306218228423973,ema_trail,31,TT,long,2024-09-17,0.9281150159744409,0.7007223970923255,xmom_f252_skip21_b20_s20_atr0.5_ema20
2024-09-23,2024-10-30,381.2367047703396,372.282202640723,50.93881852033195,-0.1907577721944763,0.3945588429766639,ema_trail,28,TT,long,2024-09-20,0.9265175718849841,0.7632313676107307,xmom_f252_skip21_b20_s20_atr0.5_ema20
2024-11-11,2024-12-10,407.45921641137005,394.599273018914,50.87438398504986,-0.26879660752840434,0.1711657020701184,ema_trail,21,TT,long,2024-11-08,0.9185303514376997,0.7940170380000044,xmom_f252_skip21_b20_s20_atr0.5_ema20
2024-11-12,2024-12-10,409.20477090340347,394.599273018914,52.51234454280507,-0.29371964936213396,0.13258587520267884,ema_trail,20,TT,long,2024-11-11,0.9073482428115016,0.8302109595870892,xmom_f252_skip21_b20_s20_atr0.5_ema20
2024-09-27,2024-10-11,134.40130714363588,128.98660375514797,12.683869680049497,-0.44808927765276446,0.02210674818965403,ema_trail,11,MMM,long,2024-09-26,0.9137380191693291,0.7499654274491343,xmom_f252_skip21_b20_s20_atr0.5_ema20
2025-03-03,2025-03-05,151.9006921554686,143.36299751734836,15.038104507271129,-0.5879395251014635,0.055215156187595794,ema_trail,3,MMM,long,2025-02-28,0.9536741214057508,0.9984856862677312,xmom_f252_skip21_b20_s20_atr0.5_ema20
2024-10-02,2024-10-30,121.36656527328077,118.57518712346646,8.670186011603988,-0.34994765698222385,0.3890241822509631,ema_trail,21,RTX,long,2024-10-01,0.9185303514376997,0.7575776746565086,xmom_f252_skip21_b20_s20_atr0.5_ema20
2022-12-05,2022-12-16,447.0858609624108,433.2052158181957,36.89741922769991,-0.4004295469816497,0.10145465008714315,ema_trail,10,LMT,long,2022-12-02,0.9467741935483871,0.48746692267135394,xmom_f252_skip21_b20_s20_atr0.5_ema20
2026-03-03,2026-03-13,370.0068222297072,358.73658335750696,48.52231082342911,-0.2475202090099239,0.09818276554076834,ema_trail,9,LHX,long,2026-03-02,0.9076433121019108,0.770814823073459,xmom_f252_skip21_b20_s20_atr0.5_ema20
2026-01-20,2026-02-12,173.22224358288304,157.04106690694545,16.181176675937593,-1.0214103395633118,1.7757031473018754,stop,18,CHRW,long,2026-01-16,0.910828025477707,0.5775019499979162,xmom_f252_skip21_b20_s20_atr0.5_ema20
2026-01-22,2026-02-12,178.45632254332597,157.1107821171428,21.345540426183163,-1.0167207125217055,1.100880414404623,stop,16,CHRW,long,2026-01-21,0.9299363057324841,0.6282241999582248,xmom_f252_skip21_b20_s20_atr0.5_ema20
2026-01-28,2026-02-12,178.96286664308474,157.07924246535686,21.88362417772788,-1.0163558709644835,1.0506643279731016,stop,12,CHRW,long,2026-01-27,0.9076433121019108,0.5585219264569015,xmom_f252_skip21_b20_s20_atr0.5_ema20
2026-04-17,2026-05-04,181.66784391977953,170.9844430510058,25.378529553913125,-0.43527882626714237,0.3086538536998669,ema_trail,12,CHRW,long,2026-04-16,0.910828025477707,0.8942935491027451,xmom_f252_skip21_b20_s20_atr0.5_ema20
2023-06-05,2023-08-01,49.060001373291016,69.22000122070312,4.580255880500722,4.380078399129161,5.194032325161124,time,40,XPO,long,2023-06-02,0.9245585874799358,0.4549299853959414,xmom_f252_skip21_b20_s20_atr0.5_ema20
2023-06-15,2023-08-11,50.79999923706055,73.22000122070312,6.319280472173382,3.53179481167933,4.109644685081375,time,40,XPO,long,2023-06-14,0.9454253611556982,0.7400632148217638,xmom_f252_skip21_b20_s20_atr0.5_ema20
2023-10-09,2023-10-16,76.05999755859375,74.23999786376953,10.219844692888643,-0.19296963400174585,0.42662102422998827,ema_trail,6,XPO,long,2023-10-06,0.985553772070626,1.5050334161667167,xmom_f252_skip21_b20_s20_atr0.5_ema20
2023-12-04,2023-12-06,89.91999816894531,85.66000366210938,13.180458114153978,-0.3368497866099255,0.05993728811891543,ema_trail,3,XPO,long,2023-12-01,0.9871589085072231,1.0189022106971346,xmom_f252_skip21_b20_s20_atr0.5_ema20
2024-03-08,2024-03-28,128.0800018310547,119.83000183105469,15.99546401910979,-0.5317857608569402,0.08439835462814506,ema_trail,15,XPO,long,2024-03-07,0.9903846153846154,1.775261759697191,xmom_f252_skip21_b20_s20_atr0.5_ema20
2023-11-15,2023-12-21,193.43164226657063,189.8922569990975,24.495283256371323,-0.16028590120447145,1.0246952898018562,ema_trail,26,FDX,long,2023-11-14,0.9165329052969502,0.44223568084014886,xmom_f252_skip21_b20_s20_atr0.5_ema20
2023-11-16,2023-12-21,195.67881054304848,189.8922569990975,26.80113229055837,-0.23050933438410987,0.8526890898090485,ema_trail,25,FDX,long,2023-11-15,0.9101123595505618,0.452001959268832,xmom_f252_skip21_b20_s20_atr0.5_ema20
2023-12-04,2023-12-21,200.05886817545183,189.8922569990975,18.685591665977626,-0.5655014356299428,0.9886213825340094,ema_trail,14,FDX,long,2023-12-01,0.9052969502407705,0.36560836790118234,xmom_f252_skip21_b20_s20_atr0.5_ema20
2023-12-05,2023-12-21,201.27008826907735,189.8922569990975,19.913418410738842,-0.5915795672813827,0.8668403895611609,ema_trail,13,FDX,long,2023-12-04,0.9069020866773676,0.40179480071315954,xmom_f252_skip21_b20_s20_atr0.5_ema20
2026-05-01,2026-05-05,323.52360941551626,286.59533189329,43.84665214995948,-0.8569713512572481,0.015562065215852199,ema_trail,3,FDX,long,2026-04-30,0.9060509554140127,0.7350307389030657,xmom_f252_skip21_b20_s20_atr0.5_ema20
2023-09-05,2023-09-14,212.7476091032545,206.32147083989474,24.61627199551043,-0.27833757616977384,0.09414753189352564,ema_trail,8,ODFL,long,2023-09-01,0.9036918138041734,0.5288222273258003,xmom_f252_skip21_b20_s20_atr0.5_ema20
2025-06-30,2025-07-30,104.55747622415291,102.08198483498754,7.303894500426779,-0.3675582035661673,1.0154241191610989,ema_trail,22,JCI,long,2025-06-27,0.9028662420382165,0.5220333979123792,xmom_f252_skip21_b20_s20_atr0.5_ema20
2025-07-17,2025-07-30,106.43647587641055,102.08198483498754,7.382469886757448,-0.6186769554412541,0.7500946258131002,ema_trail,10,JCI,long,2025-07-16,0.9092356687898089,0.47766029577784686,xmom_f252_skip21_b20_s20_atr0.5_ema20
2025-07-28,2025-07-29,111.34769878859413,102.07466081892792,9.273037969666206,-1.0240153656553188,0.06754292144053177,stop,2,JCI,long,2025-07-25,0.9028662420382165,0.5217986414614713,xmom_f252_skip21_b20_s20_atr0.5_ema20
2025-12-10,2026-02-02,92.44661431496026,110.57749411907129,13.353394908692223,1.343926896357974,3.13383967848941,ema_trail,36,NEM,long,2025-12-09,0.9681528662420382,1.0588769299236005,xmom_f252_skip21_b20_s20_atr0.5_ema20
2025-03-24,2025-04-25,124.23336898308617,112.80790331191504,15.111452597182677,0.7396376265832147,1.8751888373896803,ema_trail,24,NUE,short,2025-03-21,0.0926517571884984,-0.2562815140887684,xmom_f252_skip21_b20_s20_atr0.5_ema20
2026-05-27,2026-06-22,240.40956510067878,244.18029911872475,29.630552768361554,0.11103116818520736,1.0066212389737077,ema_trail,18,NUE,long,2026-05-26,0.9219745222929936,0.965307717127506,xmom_f252_skip21_b20_s20_atr0.5_ema20
2026-05-28,2026-06-22,245.19781420070223,244.18029911872475,29.154003334398027,-0.05172225210661685,0.8588355551705049,ema_trail,17,NUE,long,2026-05-27,0.9235668789808917,1.011804702486788,xmom_f252_skip21_b20_s20_atr0.5_ema20
2026-05-29,2026-06-22,248.48972325164826,244.18029911872475,32.558450129414155,-0.14762384451109287,0.6679244712741413,ema_trail,16,NUE,long,2026-05-28,0.9378980891719745,1.0892669760343558,xmom_f252_skip21_b20_s20_atr0.5_ema20
2026-06-02,2026-06-22,250.8239917038544,244.18029911872475,34.83112423846262,-0.2051424042364688,0.5573267461333349,ema_trail,14,NUE,long,2026-06-01,0.9299363057324841,1.0993824835429318,xmom_f252_skip21_b20_s20_atr0.5_ema20
2022-12-05,2022-12-12,31.200000762939453,29.649999618530273,4.087997878891088,-0.39442318555518413,0.13209375938453063,ema_trail,6,ATI,long,2022-12-02,0.9806451612903225,0.8058984953007664,xmom_f252_skip21_b20_s20_atr0.5_ema20
2023-03-06,2023-03-10,42.400001525878906,40.369998931884766,5.124971764472022,-0.412646682603483,0.1795128268458063,ema_trail,5,ATI,long,2023-03-03,0.9421221864951769,0.38693854269202865,xmom_f252_skip21_b20_s20_atr0.5_ema20
2023-06-05,2023-08-01,38.880001068115234,46.91999816894531,5.4397677716360775,1.4637090098239813,1.6618351150882287,time,40,ATI,long,2023-06-02,0.9213483146067416,0.42964635474316637,xmom_f252_skip21_b20_s20_atr0.5_ema20
2023-08-01,2023-08-03,47.209999084472656,44.529998779296875,5.176964199081951,-0.5359164554077319,0.13714583627960242,ema_trail,3,ATI,long,2023-07-31,0.956661316211878,0.7464617640993019,xmom_f252_skip21_b20_s20_atr0.5_ema20
2025-12-11,2026-02-02,105.62999725341797,119.44000244140625,14.220328965574112,0.956289072243163,1.5105138150414363,ema_trail,35,ATI,long,2025-12-10,0.9442675159235668,0.7046046876564946,xmom_f252_skip21_b20_s20_atr0.5_ema20
2026-02-04,2026-03-09,129.0500030517578,150.1699981689453,15.451762716196257,1.350130434582517,2.529808220321504,ema_trail,23,ATI,long,2026-02-03,0.9745222929936306,1.0879312774505019,xmom_f252_skip21_b20_s20_atr0.5_ema20
2023-07-26,2023-08-11,55.75350821737019,54.98430686487245,5.775438755423963,-0.15249202809143594,0.3305001180628604,ema_trail,13,CRH,long,2023-07-25,0.9101123595505618,0.5268599497003956,xmom_f252_skip21_b20_s20_atr0.5_ema20
2023-12-04,2024-01-04,60.91847832290912,64.36732750539281,7.327659509670681,0.45403477351083893,0.8781846435159193,ema_trail,22,CRH,long,2023-12-01,0.9373996789727127,0.44315950386328207,xmom_f252_skip21_b20_s20_atr0.5_ema20
2023-12-12,2024-01-04,62.38755098766434,64.36732750539281,7.134542068867809,0.26000287023992724,0.6960454282301283,ema_trail,16,CRH,long,2023-12-11,0.9229534510433387,0.5177366814685862,xmom_f252_skip21_b20_s20_atr0.5_ema20
2024-01-26,2024-03-22,68.35212465831327,84.05683135986328,5.295555573961224,2.939824204429618,2.982185795930718,time,40,CRH,long,2024-01-25,0.905448717948718,0.5792147198123216,xmom_f252_skip21_b20_s20_atr0.5_ema20
2024-01-31,2024-03-27,69.5252584559547,83.74529266357422,6.464503696328329,2.1782002690640034,2.497899191825335,time,40,CRH,long,2024-01-30,0.9086538461538461,0.547249982400078,xmom_f252_skip21_b20_s20_atr0.5_ema20
2024-02-02,2024-04-01,69.91307438642828,82.61597442626953,6.87484636113075,1.8273970400412074,2.292394884231961,time,40,CRH,long,2024-02-01,0.9182692307692307,0.5130207173118908,xmom_f252_skip21_b20_s20_atr0.5_ema20
2024-02-08,2024-04-05,72.12362103729551,84.11524963378906,8.409880158406082,1.4087455625127945,1.6111187938542046,time,40,CRH,long,2024-02-07,0.9278846153846154,0.5441424655649874,xmom_f252_skip21_b20_s20_atr0.5_ema20
2024-02-16,2024-04-10,74.53774436174045,79.65636928668674,9.184665545304966,0.5410702667080949,1.2123677882333754,ema_trail,37,CRH,long,2024-02-15,0.9198717948717948,0.5032327606814797,xmom_f252_skip21_b20_s20_atr0.5_ema20
2024-02-20,2024-04-10,76.28291631766537,79.65636928668674,10.94103598003015,0.29438593769958205,0.8582387183479381,ema_trail,36,CRH,long,2024-02-16,0.9198717948717948,0.500130179180396,xmom_f252_skip21_b20_s20_atr0.5_ema20
2024-09-20,2024-10-03,90.52432518559105,86.6759839384047,10.504945089037463,-0.3835707719940817,0.18036415035654466,ema_trail,10,CRH,long,2024-09-19,0.9105431309904153,0.6369206298149508,xmom_f252_skip21_b20_s20_atr0.5_ema20
2025-03-31,2025-04-30,31.635612566384566,28.014947263525958,4.6909269263482685,0.7583563192477938,1.7907576460327341,ema_trail,22,DOW,short,2025-03-28,0.09904153354632587,-0.29832209768548157,xmom_f252_skip21_b20_s20_atr0.5_ema20
2024-09-13,2024-11-04,109.88581575042544,114.7466203597159,10.327355192585799,0.44939221042009886,1.274831701104826,ema_trail,37,IRM,long,2024-09-12,0.950479233226837,0.7702982300514509,xmom_f252_skip21_b20_s20_atr0.5_ema20
2024-09-16,2024-11-04,110.54222897865913,114.7466203597159,10.946687399295826,0.36388240367179014,1.1427408222736781,ema_trail,36,IRM,long,2024-09-13,0.952076677316294,0.7859705269296253,xmom_f252_skip21_b20_s20_atr0.5_ema20
2024-09-17,2024-11-04,110.54221914290937,114.7466203597159,10.67290077894458,0.3732178215672135,1.1720559063260574,ema_trail,35,IRM,long,2024-09-16,0.9408945686900958,0.7447446586888098,xmom_f252_skip21_b20_s20_atr0.5_ema20
2024-09-25,2024-11-04,112.97038562398994,114.7466203597159,13.285525731651234,0.11669044912423658,0.7588009777058667,ema_trail,29,IRM,long,2024-09-24,0.9376996805111821,0.8781913782957802,xmom_f252_skip21_b20_s20_atr0.5_ema20
2024-10-16,2024-11-04,115.5780452223615,114.7466203597159,10.593984535724644,-0.10030040628312392,0.7054390433495814,ema_trail,14,IRM,long,2024-10-15,0.950479233226837,1.0223811988920288,xmom_f252_skip21_b20_s20_atr0.5_ema20
2024-10-21,2024-11-04,118.09122918515251,114.7466203597159,9.547818593263216,-0.3750376328194444,0.5195140968483302,ema_trail,11,IRM,long,2024-10-18,0.9361022364217252,0.9630014455587679,xmom_f252_skip21_b20_s20_atr0.5_ema20
2024-10-28,2024-11-04,121.80429928612322,114.7466203597159,13.27678575239463,-0.5499288503365877,0.05337165171889689,ema_trail,6,IRM,long,2024-10-25,0.9313099041533547,1.0736955594213788,xmom_f252_skip21_b20_s20_atr0.5_ema20
2024-11-26,2024-12-11,23.807356919459775,23.358867645263672,1.539979295644713,-0.3221497778821293,0.4914547346222163,ema_trail,11,AKR,long,2024-11-25,0.9073482428115016,0.6807463829117131,xmom_f252_skip21_b20_s20_atr0.5_ema20
2024-11-29,2024-12-11,24.508124467834104,23.358867645263672,2.17171530865474,-0.551763422549324,0.025814878896432223,ema_trail,9,AKR,long,2024-11-27,0.9041533546325878,0.6931605910781851,xmom_f252_skip21_b20_s20_atr0.5_ema20
2025-06-02,2025-06-10,150.87979025664686,147.7282604716857,12.282579910177645,-0.2811534214088825,0.20045836047384236,ema_trail,7,WELL,long,2025-05-30,0.9394904458598726,0.5363963886026084,xmom_f252_skip21_b20_s20_atr0.5_ema20
2025-05-08,2025-05-13,39.36821257233476,37.28389808126596,5.318557875834372,-0.4066987643476821,0.058601706003690864,ema_trail,4,NI,long,2025-05-07,0.9122807017543859,0.3330948992945182,xmom_f252_skip21_b20_s20_atr0.5_ema20
2025-07-18,2025-08-19,82.79103640969957,86.35448445139689,5.415223763024272,0.6274654783573131,1.3486202409287493,ema_trail,23,ETR,long,2025-07-17,0.9315286624203821,0.5802707822092852,xmom_f252_skip21_b20_s20_atr0.5_ema20
2025-07-21,2025-08-19,84.80939126649363,86.35448445139689,7.447938340380375,0.18467854317655602,0.7095554873926256,ema_trail,22,ETR,long,2025-07-18,0.9331210191082803,0.5420959515568691,xmom_f252_skip21_b20_s20_atr0.5_ema20
2025-07-22,2025-08-19,85.1798936164085,86.35448445139689,7.801130563456994,0.12872891173744785,0.6299373057904903,ema_trail,21,ETR,long,2025-07-21,0.9092356687898089,0.5107303792536702,xmom_f252_skip21_b20_s20_atr0.5_ema20
2025-07-23,2025-08-19,86.85697083618344,86.35448445139689,9.480589821630687,-0.07132471071748245,0.3414498475720597,ema_trail,20,ETR,long,2025-07-22,0.9076433121019108,0.5104350223057392,xmom_f252_skip21_b20_s20_atr0.5_ema20
2023-03-06,2023-03-13,16.020484641892327,15.430774567615254,1.5562444237340962,-0.3995201743881667,0.33472371160242764,ema_trail,6,PCG,long,2023-03-03,0.9292604501607717,0.3647466741582299,xmom_f252_skip21_b20_s20_atr0.5_ema20
2023-03-07,2023-03-13,16.45293973514175,15.430774567615254,1.9940773027899308,-0.5291023800936009,0.044359772963502374,ema_trail,5,PCG,long,2023-03-06,0.932475884244373,0.3674539249726223,xmom_f252_skip21_b20_s20_atr0.5_ema20
2023-04-13,2023-05-16,16.678996292444687,16.76745204253193,2.0150262672639467,0.027343443803919027,0.34631090335388776,ema_trail,24,PCG,long,2023-04-12,0.905144694533762,0.22741440649390543,xmom_f252_skip21_b20_s20_atr0.5_ema20
2023-04-25,2023-05-16,16.767452291139964,16.76745204253193,1.525453865883799,-0.021983721658397206,0.3994677137283751,ema_trail,16,PCG,long,2023-04-24,0.909967845659164,0.2360550585804182,xmom_f252_skip21_b20_s20_atr0.5_ema20
2023-04-26,2023-05-16,16.934537407070778,16.76745204253193,1.6414956801885285,-0.12242154626316813,0.26943991239812576,ema_trail,15,PCG,long,2023-04-25,0.9147909967845659,0.28936502234160355,xmom_f252_skip21_b20_s20_atr0.5_ema20
2023-06-15,2023-06-21,16.973850600644138,16.570881010123983,1.4164748024071283,-0.3084539809525409,0.20122290279068364,ema_trail,4,PCG,long,2023-06-14,0.92776886035313,0.6413462128759475,xmom_f252_skip21_b20_s20_atr0.5_ema20
2023-06-20,2023-06-21,17.11144841510227,16.570881010123983,1.546013339659691,-0.37178870780960677,0.019072427074770425,ema_trail,2,PCG,long,2023-06-16,0.9293739967897271,0.6342416116720042,xmom_f252_skip21_b20_s20_atr0.5_ema20
2023-07-06,2023-07-28,17.465281083123212,17.337506895044566,1.1588433162456013,-0.14040271705757487,0.3562118645101129,ema_trail,17,PCG,long,2023-07-05,0.9229534510433387,0.6259765792490704,xmom_f252_skip21_b20_s20_atr0.5_ema20
2023-07-13,2023-07-28,17.78962053978915,17.337506895044566,1.4859539277853742,-0.32820188883716483,0.03968534324406838,ema_trail,12,PCG,long,2023-07-12,0.92776886035313,0.6679844201403713,xmom_f252_skip21_b20_s20_atr0.5_ema20
2023-11-16,2024-01-16,110.80999755859375,143.16000366210938,14.957534002635981,2.1479734629208544,2.819984091437592,time,40,PDD,long,2023-11-15,0.9486356340288925,0.6034561775927982,xmom_f252_skip21_b20_s20_atr0.5_ema20
2023-11-06,2023-12-04,104.77655383670297,99.75636490474542,13.455400692789723,-0.3886723375271455,0.43860381194382503,ema_trail,20,NTES,long,2023-11-03,0.9454253611556982,0.7069595793967576,xmom_f252_skip21_b20_s20_atr0.5_ema20
2023-11-21,2023-12-04,107.28054941005486,99.75636490474542,14.716730359925748,-0.5258468025752827,0.14041760979819476,ema_trail,9,NTES,long,2023-11-20,0.92776886035313,0.4453984811914993,xmom_f252_skip21_b20_s20_atr0.5_ema20
2025-07-21,2025-08-04,118.42241308165175,117.27296535176116,17.304978904758457,-0.08010946235090192,0.25652913386947745,ema_trail,11,BABA,long,2025-07-18,0.9156050955414012,0.49239890673318465,xmom_f252_skip21_b20_s20_atr0.5_ema20
2026-01-13,2026-02-04,163.99388981456383,160.8527448190459,22.90499580394868,-0.1514574726335025,0.6748759603557567,ema_trail,16,BABA,long,2026-01-12,0.9585987261146497,0.929792765915606,xmom_f252_skip21_b20_s20_atr0.5_ema20
2024-09-20,2024-10-30,83.86000061035156,95.5,9.476056397261203,1.2106596781909704,1.9069113708574867,ema_trail,29,SE,long,2024-09-19,0.9648562300319489,1.1120373971520174,xmom_f252_skip21_b20_s20_atr0.5_ema20
2025-07-21,2025-07-22,163.7100067138672,154.9600067138672,21.27384990347602,-0.42669380740269947,0.08790111454541916,ema_trail,2,SE,long,2025-07-18,0.9729299363057324,1.2082280479762715,xmom_f252_skip21_b20_s20_atr0.5_ema20
2025-09-12,2025-09-24,195.5500030517578,185.0,27.88242748621053,-0.3924013812381413,0.07850806255698897,ema_trail,9,SE,long,2025-09-11,0.9617834394904459,1.2639446993417551,xmom_f252_skip21_b20_s20_atr0.5_ema20
2023-12-20,2024-01-03,78.0999984741211,72.08000183105469,11.174280466393895,-0.5527153769398628,0.14587112680003517,ema_trail,9,SHOP,long,2023-12-19,0.956661316211878,0.8935992255181577,xmom_f252_skip21_b20_s20_atr0.5_ema20
2024-01-10,2024-01-19,80.69000244140625,77.30999755859375,11.415533822378464,-0.3102250795099001,0.21899983293809003,ema_trail,7,SHOP,long,2024-01-09,0.9567307692307693,0.9500679399163934,xmom_f252_skip21_b20_s20_atr0.5_ema20
2024-01-11,2024-01-19,81.1500015258789,77.30999755859375,11.848673705601428,-0.3377849765957211,0.1721712460157409,ema_trail,6,SHOP,long,2024-01-10,0.9567307692307693,0.9499865372671523,xmom_f252_skip21_b20_s20_atr0.5_ema20
2024-02-08,2024-02-14,85.02999877929688,79.11000061035156,10.720865024190218,-0.5680566029665044,0.6100254877540846,ema_trail,5,SHOP,long,2024-02-07,0.9182692307692307,0.5064960810772225,xmom_f252_skip21_b20_s20_atr0.5_ema20
2024-03-21,2024-04-01,81.66000366210938,77.3499984741211,10.510883688500002,-0.425589829350579,0.16459089252712952,ema_trail,7,SHOP,long,2024-03-20,0.9310897435897436,0.7917046680226749,xmom_f252_skip21_b20_s20_atr0.5_ema20
2025-06-12,2025-06-16,113.25,107.95999908447266,15.230720412556778,-0.3621956654774736,0.021010148315794636,ema_trail,3,SHOP,long,2025-06-11,0.9394904458598726,0.6941061224125757,xmom_f252_skip21_b20_s20_atr0.5_ema20
2025-09-19,2025-09-26,151.9600067138672,143.1199951171875,20.912988852118445,-0.4372369571258658,0.3371104839590922,ema_trail,6,SHOP,long,2025-09-18,0.9538216560509554,0.8924979143073231,xmom_f252_skip21_b20_s20_atr0.5_ema20
2025-09-22,2025-09-26,153.17999267578125,143.1199951171875,22.0856195573661,-0.4693713715849948,0.2639727545750573,ema_trail,5,SHOP,long,2025-09-19,0.9490445859872612,0.8440563991100918,xmom_f252_skip21_b20_s20_atr0.5_ema20
2023-07-20,2023-08-09,229.0399932861328,227.75,15.023803771805973,-0.11635357458445736,0.7414899421512696,ema_trail,15,WDAY,long,2023-07-19,0.9117174959871589,0.6029983068397844,xmom_f252_skip21_b20_s20_atr0.5_ema20
2023-11-10,2024-01-03,226.5500030517578,267.20001220703125,25.593328954203656,1.5706010429943564,2.0817918456737794,ema_trail,36,WDAY,long,2023-11-09,0.9117174959871589,0.5836782108660696,xmom_f252_skip21_b20_s20_atr0.5_ema20
2023-11-21,2024-01-03,236.52000427246094,267.20001220703125,35.43415222207702,0.8524817452018828,1.2222666434452094,ema_trail,29,WDAY,long,2023-11-20,0.9149277688603531,0.41899070711942854,xmom_f252_skip21_b20_s20_atr0.5_ema20
2024-01-16,2024-02-28,282.5199890136719,294.2099914550781,21.339118214278983,0.521341245297319,1.3477599906813562,ema_trail,31,WDAY,long,2024-01-12,0.9278846153846154,0.6883235913336556,xmom_f252_skip21_b20_s20_atr0.5_ema20
2024-01-19,2024-02-28,286.760009765625,294.2099914550781,25.606509647904886,0.2685434979024759,0.9575685773198727,ema_trail,28,WDAY,long,2024-01-18,0.9118589743589743,0.6359710133359013,xmom_f252_skip21_b20_s20_atr0.5_ema20
2024-01-22,2024-02-28,291.6700134277344,294.2099914550781,30.49247721176829,0.064167892523115,0.6431089614455531,ema_trail,27,WDAY,long,2024-01-19,0.9134615384615384,0.6601741502598377,xmom_f252_skip21_b20_s20_atr0.5_ema20
2024-02-09,2024-02-28,300.0,294.2099914550781,27.77216034692202,-0.23008683750560577,0.4061620932037804,ema_trail,13,WDAY,long,2024-02-08,0.907051282051282,0.43843550103895046,xmom_f252_skip21_b20_s20_atr0.5_ema20
2024-02-12,2024-02-28,301.760009765625,294.2099914550781,28.10841904389133,-0.29007459712858147,0.3386881702171296,ema_trail,12,WDAY,long,2024-02-09,0.905448717948718,0.4666984783818455,xmom_f252_skip21_b20_s20_atr0.5_ema20
2024-01-19,2024-01-25,128.0500030517578,123.61000061035156,19.147254129397368,-0.24526244942347608,0.4191198300420192,ema_trail,5,DDOG,long,2024-01-18,0.9278846153846154,0.6780728520528148,xmom_f252_skip21_b20_s20_atr0.5_ema20
2024-04-12,2024-04-18,129.08999633789062,123.9000015258789,12.43532658825059,-0.4381207655483018,0.20023643733785992,ema_trail,5,DDOG,long,2024-04-11,0.9407051282051282,0.8965304665789571,xmom_f252_skip21_b20_s20_atr0.5_ema20
2024-01-16,2024-02-06,230.0,235.25,26.41229466059093,0.18135493570526567,0.6201659149007095,ema_trail,16,ZS,long,2024-01-12,0.9583333333333334,0.9505783299781887,xmom_f252_skip21_b20_s20_atr0.5_ema20
2024-02-09,2024-02-21,253.83999633789062,213.0,36.19293078619009,-1.142424098640367,0.1594230941881472,gap_stop,8,ZS,long,2024-02-08,0.9471153846153846,0.6388526619436554,xmom_f252_skip21_b20_s20_atr0.5_ema20
2024-02-12,2024-02-21,253.6999969482422,213.0,36.14200685342931,-1.1401524300864532,0.07525914348151647,gap_stop,7,ZS,long,2024-02-09,0.9423076923076923,0.6377242309073896,xmom_f252_skip21_b20_s20_atr0.5_ema20
2025-09-22,2025-10-08,293.82000732421875,297.29998779296875,37.7099836358621,0.07669959451668798,0.4555820771940914,ema_trail,13,ZS,long,2025-09-19,0.9187898089171974,0.6075914801633959,xmom_f252_skip21_b20_s20_atr0.5_ema20
2025-10-03,2025-10-08,308.07000732421875,297.29998779296875,45.218006388844685,-0.2518058723771469,0.06479703352211656,ema_trail,4,ZS,long,2025-10-02,0.9187898089171974,0.5828944817349779,xmom_f252_skip21_b20_s20_atr0.5_ema20
2025-10-09,2025-10-17,312.5450134277344,296.9700012207031,40.406094646096165,-0.40093214589972487,0.18177953808789493,ema_trail,7,ZS,long,2025-10-08,0.9219745222929936,0.623009374071164,xmom_f252_skip21_b20_s20_atr0.5_ema20
2025-10-27,2025-11-13,325.79998779296875,315.29998779296875,42.771003210225444,-0.26072804326740406,0.2616259054389215,ema_trail,14,ZS,long,2025-10-24,0.9060509554140127,0.5398581758862286,xmom_f252_skip21_b20_s20_atr0.5_ema20
2025-10-29,2025-11-13,321.3699951171875,315.29998779296875,38.085942935486,-0.1762526222817664,0.4101249414684651,ema_trail,12,ZS,long,2025-10-28,0.910828025477707,0.6142010858437787,xmom_f252_skip21_b20_s20_atr0.5_ema20
2025-11-03,2025-11-13,331.7300109863281,315.29998779296875,48.60886913341466,-0.3516535875051174,0.10821027812044008,ema_trail,9,ZS,long,2025-10-31,0.9124203821656051,0.6201210254613201,xmom_f252_skip21_b20_s20_atr0.5_ema20
2025-11-04,2025-11-13,329.2300109863281,315.29998779296875,46.042237437501115,-0.31685000615217285,0.140523171348605,ema_trail,8,ZS,long,2025-11-03,0.9124203821656051,0.6351322714322756,xmom_f252_skip21_b20_s20_atr0.5_ema20
2024-01-10,2024-02-22,68.71749877929688,76.23249816894531,10.001945008140716,0.7376129728852884,1.5892660817658202,ema_trail,30,CRWD,long,2024-01-09,0.9823717948717948,1.5355784952888167,xmom_f252_skip21_b20_s20_atr0.5_ema20
2025-10-27,2025-11-14,133.13499450683594,130.61749267578125,16.289957824744903,-0.1708888291803759,0.5273194497551872,ema_trail,15,CRWD,long,2025-10-24,0.9012738853503185,0.5334672502110938,xmom_f252_skip21_b20_s20_atr0.5_ema20
2025-10-29,2025-11-14,135.25,130.61749267578125,18.418379393941095,-0.2662018855921516,0.35155134797829396,ema_trail,13,CRWD,long,2025-10-28,0.9060509554140127,0.6042631794551259,xmom_f252_skip21_b20_s20_atr0.5_ema20
2024-01-12,2024-02-21,162.2550048828125,137.60000610351562,23.416897053518653,-1.066730093742674,1.2027636805065385,gap_stop,27,PANW,long,2024-01-11,0.9727564102564102,1.2347417797667481,xmom_f252_skip21_b20_s20_atr0.5_ema20
2025-08-01,2025-08-14,198.66000366210938,195.97000122070312,23.33883898920189,-0.13228260626669866,0.8715084905166564,ema_trail,10,NET,long,2025-07-31,0.9665605095541401,1.390461294851288,xmom_f252_skip21_b20_s20_atr0.5_ema20
2024-05-16,2024-05-28,56.720001220703125,55.25,6.986891203756677,-0.2266302962171723,0.3907316519782755,ema_trail,8,GTLB,long,2024-05-15,0.9358974358974359,0.7532552673898574,xmom_f252_skip21_b20_s20_atr0.5_ema20
2024-05-21,2024-05-28,58.29999923706055,55.25,7.389763361727248,-0.42851158833244724,0.1556208865678901,ema_trail,5,GTLB,long,2024-05-20,0.9150641025641025,0.5818741285819042,xmom_f252_skip21_b20_s20_atr0.5_ema20
2025-06-25,2025-07-11,223.19000244140625,213.47999572753906,26.49520787183178,-0.3833291955239838,0.1287026574241261,ema_trail,12,SNOW,long,2025-06-24,0.9267515923566879,0.604643723491515,xmom_f252_skip21_b20_s20_atr0.5_ema20
2025-10-03,2025-11-14,242.5,247.41000366210938,32.060326925713355,0.13802116467378842,1.19056844043349,ema_trail,31,SNOW,long,2025-10-02,0.9601910828025477,0.996604567407487,xmom_f252_skip21_b20_s20_atr0.5_ema20
2025-10-07,2025-11-14,243.27999877929688,247.41000366210938,32.99667315060364,0.11041855245904549,1.1331449833679215,ema_trail,29,SNOW,long,2025-10-06,0.9617834394904459,1.0572731298851346,xmom_f252_skip21_b20_s20_atr0.5_ema20
2024-05-07,2024-05-08,21.989999771118164,21.579999923706055,2.1700316401178057,-0.2092042523996103,0.3271846265719632,ema_trail,2,PLTR,long,2024-05-06,0.9855769230769231,2.111110938812231,xmom_f252_skip21_b20_s20_atr0.5_ema20
2024-06-06,2024-07-25,22.979999542236328,26.040000915527344,2.9023833596278763,1.0384711462075715,2.360129429059291,ema_trail,34,PLTR,long,2024-06-05,0.9072,0.6541994398352271,xmom_f252_skip21_b20_s20_atr0.5_ema20
2025-10-28,2025-11-07,189.47999572753906,173.14999389648438,23.865455866229837,-0.7001316847315424,0.7559046282643567,ema_trail,9,PLTR,long,2025-10-27,0.9872611464968153,3.1692887224239437,xmom_f252_skip21_b20_s20_atr0.5_ema20
2025-11-04,2025-11-07,192.07000732421875,173.14999389648438,26.445067363000476,-0.7299718006917019,0.13726528180836428,ema_trail,4,PLTR,long,2025-11-03,0.9872611464968153,2.9613186716471067,xmom_f252_skip21_b20_s20_atr0.5_ema20
2024-02-16,2024-02-22,131.9199981689453,126.81999969482422,18.752621453168274,-0.2860313948028188,0.0677240926359322,ema_trail,4,ESTC,long,2024-02-15,0.969551282051282,0.8663239159631531,xmom_f252_skip21_b20_s20_atr0.5_ema20
2024-03-01,2024-03-01,115.95999908447266,113.76863490346987,2.1913641810027826,-1.1058336173327508,1.829911326923061,stop,1,ESTC,long,2024-02-29,0.969551282051282,1.0594714013725284,xmom_f252_skip21_b20_s20_atr0.5_ema20
2024-04-25,2024-05-24,101.79000091552734,106.04000091552734,10.00159090703876,0.4045776352761259,0.9858432225429704,ema_trail,22,ESTC,long,2024-04-24,0.9022435897435898,0.7306046259296977,xmom_f252_skip21_b20_s20_atr0.5_ema20
2024-07-12,2024-07-19,120.75,111.08000183105469,15.9382085726335,-0.6218702763097056,0.2014027530035179,ema_trail,6,ESTC,long,2024-07-11,0.9153354632587859,0.6218898119216507,xmom_f252_skip21_b20_s20_atr0.5_ema20
2023-05-31,2023-06-06,39.939998626708984,38.380001068115234,4.852152079858207,-0.3379691173849377,0.05564550601875653,ema_trail,5,ALGM,long,2023-05-30,0.9293739967897271,0.4552481923836573,xmom_f252_skip21_b20_s20_atr0.5_ema20
2024-09-26,2024-09-27,47.810001373291016,44.630001068115234,6.186998879009714,-0.5294360597082663,0.019395337583117934,ema_trail,2,RBLX,long,2024-09-25,0.902555910543131,0.6809487242799794,xmom_f252_skip21_b20_s20_atr0.5_ema20
2025-07-16,2025-08-18,112.4000015258789,115.45999908447266,16.096158575007692,0.17614125397249558,2.3726154680973917,ema_trail,24,RBLX,long,2025-07-15,0.9745222929936306,1.4691069439274171,xmom_f252_skip21_b20_s20_atr0.5_ema20
2024-02-16,2024-02-21,42.0,41.04999923706055,5.9735814508487195,-0.17309561633122847,0.6060014350972716,ema_trail,3,DKNG,long,2024-02-15,0.9823717948717948,1.1126505354766265,xmom_f252_skip21_b20_s20_atr0.5_ema20
2024-06-14,2024-07-03,9.270000457763672,8.75,1.1393782146760074,-0.47266171297854603,0.48271875833341626,ema_trail,13,RSI,long,2024-06-13,0.9872,1.7366769233988775,xmom_f252_skip21_b20_s20_atr0.5_ema20
2026-04-06,2026-04-13,22.6200008392334,20.899999618530273,3.1447210405242103,-0.5613347574026262,0.16853602353502448,ema_trail,6,RSI,long,2026-04-02,0.9044585987261147,0.8544130650780772,xmom_f252_skip21_b20_s20_atr0.5_ema20
2023-06-09,2023-06-20,32.13999938964844,30.450000762939453,4.479248949830197,-0.39164570782670693,0.10269558348394417,ema_trail,7,FLYW,long,2023-06-08,0.9438202247191011,0.49922081092735393,xmom_f252_skip21_b20_s20_atr0.5_ema20
2023-06-14,2023-06-20,31.8700008392334,30.450000762939453,4.167419055167606,-0.3560333286216015,0.14277405403152152,ema_trail,4,FLYW,long,2023-06-13,0.9630818619582665,0.7534083255594088,xmom_f252_skip21_b20_s20_atr0.5_ema20
2023-05-01,2023-06-27,32.05666732788086,50.23666763305664,4.545524045019128,3.98543419660731,4.201201938341209,time,40,CELH,long,2023-04-28,0.9726688102893891,0.6793920676499339,xmom_f252_skip21_b20_s20_atr0.5_ema20
2024-10-09,2024-11-04,132.9600067138672,131.89999389648438,16.63651759953754,-0.07970014294622602,0.49830099577830256,ema_trail,19,CAVA,long,2024-10-08,0.9968051118210862,2.799114015156452,xmom_f252_skip21_b20_s20_atr0.5_ema20
2024-10-15,2024-11-04,133.5,131.89999389648438,17.077287939022966,-0.10932685038643443,0.4538191326206213,ema_trail,15,CAVA,long,2024-10-14,0.9952076677316294,2.8879721119119095,xmom_f252_skip21_b20_s20_atr0.5_ema20
2024-11-08,2024-11-15,140.3300018310547,137.75,14.213339789700314,-0.20126598512685762,2.2584411067121466,ema_trail,6,CAVA,long,2024-11-07,0.9968051118210862,2.912759573446674,xmom_f252_skip21_b20_s20_atr0.5_ema20
2024-11-12,2024-11-15,147.41000366210938,137.75,21.417422996160397,-0.46480025497083577,1.1682072590225876,ema_trail,4,CAVA,long,2024-11-11,0.9952076677316294,3.2388198853763956,xmom_f252_skip21_b20_s20_atr0.5_ema20
2025-01-23,2025-02-12,122.22000122070312,128.50999450683594,15.326887326200762,0.3944410339180057,1.4530024132421961,ema_trail,15,CAVA,long,2025-01-22,0.9712460063897763,1.5340539880701014,xmom_f252_skip21_b20_s20_atr0.5_ema20
2025-01-03,2025-03-04,56.81999969482422,72.36000061035156,7.220067559547871,2.1365950926231654,4.163395606851654,time,40,BROS,long,2025-01-02,0.9169329073482428,0.7546684139437874,xmom_f252_skip21_b20_s20_atr0.5_ema20
2023-05-18,2023-05-31,107.90831588092124,102.52521987259931,11.07846441125686,-0.5053870673985015,0.24466412392625467,ema_trail,9,TXRH,long,2023-05-17,0.9229534510433387,0.460973709337384,xmom_f252_skip21_b20_s20_atr0.5_ema20
2023-05-19,2023-05-31,110.12601087814174,102.52521987259931,13.303978292508845,-0.5878725036482179,0.00356203985560418,ema_trail,8,TXRH,long,2023-05-18,0.9325842696629213,0.4445615660429365,xmom_f252_skip21_b20_s20_atr0.5_ema20
2023-09-19,2023-09-20,43.599998474121094,39.66999816894531,6.245763834461279,-0.6431879924692224,0.030421009574185802,ema_trail,2,APP,long,2023-09-18,0.9197431781701445,0.550635532646865,xmom_f252_skip21_b20_s20_atr0.5_ema20
2023-07-12,2023-07-25,83.70999908447266,82.62000274658203,11.047267838563968,-0.11382147644417225,0.7196353608703795,ema_trail,10,TTD,long,2023-07-11,0.9309791332263242,0.6335743846303235,xmom_f252_skip21_b20_s20_atr0.5_ema20
2025-06-05,2025-06-06,76.8499984741211,73.87999725341797,6.292630129937535,-0.49640629643719025,0.4227173069420147,ema_trail,2,CIEN,long,2025-06-04,0.928343949044586,0.5135978084614852,xmom_f252_skip21_b20_s20_atr0.5_ema20
2023-12-01,2023-12-20,45.542412430566195,43.59002352096902,6.819699490005043,-0.29964278300726077,0.17965930086505139,ema_trail,14,CCJ,long,2023-11-30,0.9695024077046549,0.7550407827227625,xmom_f252_skip21_b20_s20_atr0.5_ema20
2025-10-14,2025-10-20,89.52568024302381,87.47966956432198,12.337328447772961,-0.18035201450679803,0.6544600494327566,ema_trail,5,CCJ,long,2025-10-13,0.9012738853503185,0.5472953666114919,xmom_f252_skip21_b20_s20_atr0.5_ema20
2025-09-17,2025-10-23,175.27299801575938,190.211039999597,20.892818928317723,0.6982062132379127,1.845613053445105,ema_trail,27,BWXT,long,2025-09-16,0.9331210191082803,0.7741195642120271,xmom_f252_skip21_b20_s20_atr0.5_ema20
2025-06-25,2025-08-15,514.6069574393721,622.6162295246694,64.94949894080003,1.6471267664116767,2.48113589565289,ema_trail,37,GEV,long,2025-06-24,0.9808917197452229,1.593492444654005,xmom_f252_skip21_b20_s20_atr0.5_ema20
2023-06-05,2023-06-21,213.27999877929688,211.8300018310547,19.382129371388856,-0.0968189258178661,0.5484436038541822,ema_trail,12,BA,long,2023-06-02,0.9518459069020867,0.5379257716229255,xmom_f252_skip21_b20_s20_atr0.5_ema20
2023-06-09,2023-06-21,217.99000549316406,211.8300018310547,24.217561768208355,-0.2723636564335965,0.2444506274251275,ema_trail,8,BA,long,2023-06-08,0.9341894060995185,0.4336031414769883,xmom_f252_skip21_b20_s20_atr0.5_ema20
2023-06-13,2023-06-21,222.35000610351562,211.8300018310547,28.56312776207284,-0.38387617686699227,0.05321507596553105,ema_trail,6,BA,long,2023-06-12,0.9357945425361156,0.5093098241707761,xmom_f252_skip21_b20_s20_atr0.5_ema20
2025-09-10,2025-09-18,478.5,454.0,63.30042070068106,-0.4021616241758422,0.02448621629701228,ema_trail,7,ALNY,long,2025-09-09,0.9251592356687898,0.7453873076701143,xmom_f252_skip21_b20_s20_atr0.5_ema20
2023-05-08,2023-05-24,317.4800109863281,301.82000732421875,45.960055178542575,-0.3545462167262514,0.0,ema_trail,13,BIIB,long,2023-05-05,0.9454253611556982,0.35168958583682297,xmom_f252_skip21_b20_s20_atr0.5_ema20
2025-01-30,2025-02-24,71.86000061035156,71.2300033569336,10.131982430199876,-0.07636385672486885,0.613897750371486,ema_trail,17,ALK,long,2025-01-29,0.9361022364217252,0.822681419872425,xmom_f252_skip21_b20_s20_atr0.5_ema20
2025-02-20,2025-02-24,76.27999877929688,71.2300033569336,10.501992267608529,-0.4953874738575274,0.06665445563083822,ema_trail,3,ALK,long,2025-02-19,0.9281150159744409,0.7573508963679636,xmom_f252_skip21_b20_s20_atr0.5_ema20
2026-02-10,2026-03-03,52.4398990413877,53.39331929764089,6.962111227345559,0.12187976182246993,2.480249290494479,ema_trail,15,BWA,long,2026-02-09,0.9012738853503185,0.6041948272568252,xmom_f252_skip21_b20_s20_atr0.5_ema20
2026-05-01,2026-06-18,56.066973445764525,71.94999694824219,5.190980897467121,3.038132843694601,4.383184353493146,ema_trail,34,BWA,long,2026-04-30,0.9267515923566879,0.9077103534038011,xmom_f252_skip21_b20_s20_atr0.5_ema20
2026-05-07,2026-06-18,59.60856936198828,71.94999694824219,8.738079533651835,1.398729595039747,2.1985872592312123,ema_trail,30,BWA,long,2026-05-06,0.9124203821656051,0.8044362275984966,xmom_f252_skip21_b20_s20_atr0.5_ema20
