entry_date,exit_date,entry,exit,risk,r,mfe_r,status,days,ticker,side,signal_date,rank,momentum,config
2023-11-07,2023-12-04,351.83600759444016,362.06521566015255,37.840749474396375,0.2517269394193322,0.6643506579174484,ema_trail,19,MSFT,long,2023-11-06,0.9020866773675762,0.5422246745899495,xmom_f252_skip21_b55_s20_atr0.5_ema10
2023-11-17,2023-12-04,366.4892506146671,362.06521566015255,52.14245608212195,-0.09890238863358984,0.20110835923536463,ema_trail,11,MSFT,long,2023-11-16,0.9117174959871589,0.3774396662110491,xmom_f252_skip21_b55_s20_atr0.5_ema10
2024-01-12,2024-02-01,378.1428865038529,394.1713822058696,23.921932341215438,0.6384187410603234,1.2232079339395876,ema_trail,14,MSFT,long,2024-01-11,0.9150641025641025,0.6368462734868932,xmom_f252_skip21_b55_s20_atr0.5_ema10
2023-05-02,2023-05-05,28.621279673731713,27.76902536331952,2.8889624413769397,-0.3148178241203339,0.05388811356542083,ema_trail,4,NVDA,long,2023-05-01,0.9502407704654896,0.38553129909969175,xmom_f252_skip21_b55_s20_atr0.5_ema10
2023-05-09,2023-06-27,28.83982635316878,40.71967293420545,3.1100949608874053,3.8012237815906116,4.843788778386242,ema_trail,34,NVDA,long,2023-05-08,0.9534510433386838,0.4361210564321776,xmom_f252_skip21_b55_s20_atr0.5_ema10
2024-01-09,2024-02-21,52.30802809263291,67.8853441158395,7.244386316264112,2.135819280134761,3.0603810154955435,ema_trail,30,NVDA,long,2024-01-08,0.9935897435897436,2.1912499311547364,xmom_f252_skip21_b55_s20_atr0.5_ema10
2024-01-12,2024-02-21,54.523089827328256,67.8853441158395,8.028538154758387,1.6507622998592368,2.485573367386654,ema_trail,27,NVDA,long,2024-01-11,0.9903846153846154,1.9321571189869853,xmom_f252_skip21_b55_s20_atr0.5_ema10
2024-11-07,2024-11-18,146.1616297903136,139.28237084466085,19.978342462299892,-0.3589678282253154,0.16891735507207706,ema_trail,8,NVDA,long,2024-11-06,0.9792332268370607,1.905514635430337,xmom_f252_skip21_b55_s20_atr0.5_ema10
2023-12-12,2024-01-03,99.69702313553404,104.26790137241268,13.489185584505321,0.3240732483975151,0.9185500489936571,ema_trail,15,AVGO,long,2023-12-11,0.9678972712680578,0.7616888961474122,xmom_f252_skip21_b55_s20_atr0.5_ema10
2024-02-23,2024-03-11,127.47245981046328,124.50671343615767,14.84316533515944,-0.21698143362302855,0.8519855536084073,ema_trail,12,AVGO,long,2024-02-22,0.9807692307692307,1.1567222432781423,xmom_f252_skip21_b55_s20_atr0.5_ema10
2024-06-12,2024-06-25,146.7650358015438,157.0592085022487,21.32117809455646,0.469047375560129,1.6135928770317562,ema_trail,9,AVGO,long,2024-06-11,0.9184,0.6891907263386392,xmom_f252_skip21_b55_s20_atr0.5_ema10
2025-07-01,2025-07-23,272.4040383904484,274.76675375060375,37.50288076870791,0.0484738037748632,0.4272377826779443,ema_trail,16,AVGO,long,2025-06-30,0.9124203821656051,0.5336235598691343,xmom_f252_skip21_b55_s20_atr0.5_ema10
2025-07-29,2025-08-04,295.3360881272754,290.0746056810316,38.36429293944656,-0.15254170412407392,0.24453008720957198,ema_trail,5,AVGO,long,2025-07-28,0.9426751592356688,0.8055303005167573,xmom_f252_skip21_b55_s20_atr0.5_ema10
2025-07-30,2025-08-04,294.98857929046596,290.0746056810316,38.02669048177137,-0.14473914764298795,0.25583958561130804,ema_trail,4,AVGO,long,2025-07-29,0.9426751592356688,0.8251346792299235,xmom_f252_skip21_b55_s20_atr0.5_ema10
2025-07-31,2025-08-04,300.59747415612446,290.0746056810316,43.56001254609623,-0.2553732832751915,0.0945784362437373,ema_trail,3,AVGO,long,2025-07-30,0.9442675159235668,0.8386292421599939,xmom_f252_skip21_b55_s20_atr0.5_ema10
2023-05-08,2023-05-24,93.38477447059064,94.22164901378302,4.431205638651022,0.14671063526835285,1.306830548405799,ema_trail,13,ORCL,long,2023-05-05,0.9165329052969502,0.2786012062992336,xmom_f252_skip21_b55_s20_atr0.5_ema10
2023-05-18,2023-05-24,95.97236632265567,94.22164901378302,6.913314638154063,-0.28100298383593847,0.46334402677316255,ema_trail,5,ORCL,long,2023-05-17,0.9069020866773676,0.40832297825967134,xmom_f252_skip21_b55_s20_atr0.5_ema10
2023-05-19,2023-05-24,98.49263827543328,94.22164901378302,9.478805991830995,-0.4713646995256263,0.07205243894675593,ema_trail,4,ORCL,long,2023-05-18,0.9052969502407705,0.3564627009905543,xmom_f252_skip21_b55_s20_atr0.5_ema10
2023-05-26,2023-06-26,100.3780361827648,113.49884944549537,11.034320200759026,1.1708974323108996,2.021628434533939,ema_trail,20,ORCL,long,2023-05-25,0.9004815409309791,0.38150747326749856,xmom_f252_skip21_b55_s20_atr0.5_ema10
2023-09-08,2023-09-12,120.47093102079576,105.87329613425901,14.597634886536753,-1.0165055410629438,0.17325504893480378,stop,3,ORCL,long,2023-09-07,0.9101123595505618,0.5867965473740211,xmom_f252_skip21_b55_s20_atr0.5_ema10
2023-09-11,2023-09-12,122.61391872051743,105.89275348778344,16.721165232733995,-1.0146657146214288,0.023092065744422886,stop,2,ORCL,long,2023-09-08,0.9085072231139647,0.5436653924702022,xmom_f252_skip21_b55_s20_atr0.5_ema10
2023-09-12,2023-09-12,108.19217562501974,106.84443277894688,1.3477428460728618,-1.1605531440070735,0.873817935743835,stop,1,ORCL,long,2023-09-11,0.913322632423756,0.5388585380797495,xmom_f252_skip21_b55_s20_atr0.5_ema10
2025-08-01,2025-08-04,245.03716414010182,243.1288987814313,25.716179076815763,-0.09326189865869028,0.02229980168583823,ema_trail,2,ORCL,long,2025-07-31,0.9171974522292994,0.5962838230170713,xmom_f252_skip21_b55_s20_atr0.5_ema10
2024-01-12,2024-02-14,266.61740333705546,280.1532475337121,23.64729918054283,0.5498560021890854,0.9980701652264768,ema_trail,23,CRM,long,2024-01-11,0.9294871794871795,0.7098480644384582,xmom_f252_skip21_b55_s20_atr0.5_ema10
2024-01-22,2024-02-14,278.96381075064534,280.1532475337121,36.048025773763584,0.01751855054500895,0.3122294812296274,ema_trail,18,CRM,long,2024-01-19,0.9455128205128205,0.8122379231050074,xmom_f252_skip21_b55_s20_atr0.5_ema10
2024-01-30,2024-02-14,282.7384561141463,280.1532475337121,39.80381737422988,-0.07915535997565737,0.18793702505621104,ema_trail,12,CRM,long,2024-01-29,0.9150641025641025,0.6156038626312028,xmom_f252_skip21_b55_s20_atr0.5_ema10
2024-02-09,2024-02-14,288.262919160996,280.1532475337121,31.252760724834786,-0.27793376534263914,0.06259120573592594,ema_trail,4,CRM,long,2024-02-08,0.9294871794871795,0.52580570612401,xmom_f252_skip21_b55_s20_atr0.5_ema10
2024-02-27,2024-03-06,296.4512913878541,299.4690126095062,27.96812923483526,0.08669935048269847,0.6020639226639222,ema_trail,7,CRM,long,2024-02-26,0.9342948717948718,0.7001586421675667,xmom_f252_skip21_b55_s20_atr0.5_ema10
2024-03-01,2024-03-06,301.77904591928524,299.4690126095062,33.49884431200428,-0.08697587816704266,0.3436192293099614,ema_trail,4,CRM,long,2024-02-29,0.9439102564102564,0.758633327884249,xmom_f252_skip21_b55_s20_atr0.5_ema10
2024-03-04,2024-03-06,309.22036780444193,299.4690126095062,41.11897224324605,-0.2521900564342997,0.07363043258721941,ema_trail,3,CRM,long,2024-03-01,0.9278846153846154,0.6796533584195952,xmom_f252_skip21_b55_s20_atr0.5_ema10
2025-06-10,2025-07-03,266.37690605261633,280.7591034786075,30.30638520770978,0.4569810460391937,0.7390241240057877,ema_trail,17,IBM,long,2025-06-09,0.9363057324840764,0.5539765708118147,xmom_f252_skip21_b55_s20_atr0.5_ema10
2025-06-11,2025-07-03,269.79940438032963,280.7591034786075,25.71479819120529,0.405218046513039,0.7378884061662945,ema_trail,16,IBM,long,2025-06-10,0.9267515923566879,0.5264320018281587,xmom_f252_skip21_b55_s20_atr0.5_ema10
2025-06-12,2025-07-03,274.50889275249546,280.7591034786075,27.64033310167804,0.20626353957582963,0.516099535687742,ema_trail,15,IBM,long,2025-06-11,0.9140127388535032,0.537391170753982,xmom_f252_skip21_b55_s20_atr0.5_ema10
2025-06-24,2025-07-03,283.2162258226242,280.7591034786075,36.479231279664674,-0.08288427934465299,0.15235600682737016,ema_trail,8,IBM,long,2025-06-23,0.9171974522292994,0.5758971664973389,xmom_f252_skip21_b55_s20_atr0.5_ema10
2025-06-25,2025-07-03,287.14569094578104,280.7591034786075,39.46865251798937,-0.17636474531002508,0.041257169496799646,ema_trail,7,IBM,long,2025-06-24,0.9076433121019108,0.5305518327539853,xmom_f252_skip21_b55_s20_atr0.5_ema10
2023-12-13,2023-12-14,630.4099731445312,584.4277669158927,45.982206228638574,-1.0274197357999713,0.04436583691431112,stop,2,ADBE,long,2023-12-12,0.9662921348314607,0.8062543680266174,xmom_f252_skip21_b55_s20_atr0.5_ema10
2023-12-01,2023-12-15,137.08999633789062,135.052001953125,19.92364241388482,-0.11605179060180522,0.3536504572132385,ema_trail,11,NOW,long,2023-11-30,0.9293739967897271,0.46617108126021023,xmom_f252_skip21_b55_s20_atr0.5_ema10
2023-12-04,2023-12-15,136.8000030517578,135.052001953125,19.6207452829335,-0.1030338590907021,0.3738899022116781,ema_trail,10,NOW,long,2023-12-01,0.9309791332263242,0.425606486909486,xmom_f252_skip21_b55_s20_atr0.5_ema10
2023-12-11,2023-12-15,139.82200622558594,135.052001953125,17.979258952553693,-0.2808596448962587,0.23994289045574843,ema_trail,5,NOW,long,2023-12-08,0.9293739967897271,0.6095181465669641,xmom_f252_skip21_b55_s20_atr0.5_ema10
2023-12-12,2023-12-15,141.0240020751953,135.052001953125,15.825098627678216,-0.3951980504742212,0.19664961242490075,ema_trail,4,NOW,long,2023-12-11,0.9357945425361156,0.5641420392470078,xmom_f252_skip21_b55_s20_atr0.5_ema10
2023-12-13,2023-12-15,143.39999389648438,135.052001953125,15.357363703728538,-0.5622574354383458,0.04792539296643706,ema_trail,3,NOW,long,2023-12-12,0.9357945425361156,0.6127851766674446,xmom_f252_skip21_b55_s20_atr0.5_ema10
2024-01-12,2024-02-14,144.9600067138672,157.0,12.128345103415597,0.9688109278318614,1.4927006523225064,ema_trail,23,NOW,long,2024-01-11,0.9487179487179487,0.8514862334742193,xmom_f252_skip21_b55_s20_atr0.5_ema10
2024-01-19,2024-02-14,150.08799743652344,157.0,17.259187565137324,0.38309025518437884,0.7518313290143239,ema_trail,19,NOW,long,2024-01-18,0.9246794871794872,0.66947196123719,xmom_f252_skip21_b55_s20_atr0.5_ema10
2024-01-22,2024-02-14,152.03799438476562,157.0,19.167670671184993,0.243009685755253,0.5752394834881022,ema_trail,18,NOW,long,2024-01-19,0.9214743589743589,0.6908218033143139,xmom_f252_skip21_b55_s20_atr0.5_ema10
2024-01-23,2024-02-01,617.8648175415618,618.7760027911155,50.353508188458136,-0.006445318254981732,0.45592074425919316,ema_trail,8,INTU,long,2024-01-22,0.9006410256410257,0.6501047556827142,xmom_f252_skip21_b55_s20_atr0.5_ema10
2023-12-08,2024-01-03,129.5399932861328,135.7100067138672,18.640340034743048,0.31710437846868333,1.153949430403806,ema_trail,17,AMD,long,2023-12-07,0.9341894060995185,0.6144870124942063,xmom_f252_skip21_b55_s20_atr0.5_ema10
2023-12-11,2024-01-03,130.55999755859375,135.7100067138672,18.68281851492742,0.2616783520243515,1.0967298899142395,ema_trail,16,AMD,long,2023-12-08,0.9325842696629213,0.6194752969252908,xmom_f252_skip21_b55_s20_atr0.5_ema10
2023-12-12,2024-01-03,132.25,135.7100067138672,18.49154665759025,0.17280905556677834,1.0166809407498074,ema_trail,15,AMD,long,2023-12-11,0.9486356340288925,0.610472483295881,xmom_f252_skip21_b55_s20_atr0.5_ema10
2024-07-10,2024-07-12,248.8068203920187,237.60559479906212,35.824647247935246,-0.3265583929626795,0.07933367785411861,ema_trail,3,AMAT,long,2024-07-09,0.9073482428115016,0.6012941222210606,xmom_f252_skip21_b55_s20_atr0.5_ema10
2024-07-11,2024-07-12,251.3342236017576,237.60559479906212,33.393928077081654,-0.4261642181491664,0.0,ema_trail,2,AMAT,long,2024-07-10,0.9169329073482428,0.58987260176389,xmom_f252_skip21_b55_s20_atr0.5_ema10
2026-05-07,2026-05-19,425.8306100080117,403.86793027997817,57.149870814546944,-0.3992019688387888,0.38604827293344246,ema_trail,9,AMAT,long,2026-05-06,0.9585987261146497,1.3121375699735958,xmom_f252_skip21_b55_s20_atr0.5_ema10
2023-12-12,2024-01-03,71.76676528111953,71.66884354615492,7.174143464555868,-0.03365631963171255,0.9319796895717785,ema_trail,15,LRCX,long,2023-12-11,0.9020866773675762,0.44801056708840536,xmom_f252_skip21_b55_s20_atr0.5_ema10
2023-12-18,2024-01-03,75.93765050251822,71.66884354615492,9.74800734920828,-0.4534959914374075,0.2580292245928371,ema_trail,11,LRCX,long,2023-12-15,0.9036918138041734,0.5045417617201036,xmom_f252_skip21_b55_s20_atr0.5_ema10
2023-12-20,2024-01-03,75.59007431207614,71.66884354615492,9.39096245704134,-0.433652134504263,0.30485128453868027,ema_trail,9,LRCX,long,2023-12-19,0.9052969502407705,0.5925163006325698,xmom_f252_skip21_b55_s20_atr0.5_ema10
2024-01-22,2024-02-01,81.17869609566381,81.44499747031323,11.404283668859946,0.009114468341568288,0.6092063896321662,ema_trail,9,LRCX,long,2024-01-19,0.9182692307692307,0.6691406544315375,xmom_f252_skip21_b55_s20_atr0.5_ema10
2024-01-23,2024-02-01,81.22567641239274,81.44499747031323,11.448088987279519,0.004967615569627961,0.6027715342871507,ema_trail,8,LRCX,long,2024-01-22,0.9230769230769231,0.7416785578029126,xmom_f252_skip21_b55_s20_atr0.5_ema10
2024-07-11,2024-07-12,111.05917267973871,103.90473671076873,16.356609388591224,-0.45098309430037625,0.001382447073570328,ema_trail,2,LRCX,long,2024-07-10,0.9009584664536742,0.5460244059392743,xmom_f252_skip21_b55_s20_atr0.5_ema10
2024-06-18,2024-06-24,83.57884029223736,80.11066069572466,12.29637596706857,-0.29564298349636664,0.22056300978172663,ema_trail,4,KLAC,long,2024-06-17,0.9041533546325878,0.6014215664073421,xmom_f252_skip21_b55_s20_atr0.5_ema10
2024-07-11,2024-07-12,88.23719728015995,84.05628476176189,12.362797776938564,-0.3524596124258058,0.0,ema_trail,2,KLAC,long,2024-07-10,0.9281150159744409,0.6603519232552013,xmom_f252_skip21_b55_s20_atr0.5_ema10
2024-06-06,2024-06-24,132.88731915577975,141.4261006161672,18.5187843966726,0.44673595441622777,1.2706697946398569,ema_trail,12,MU,long,2024-06-05,0.9408,0.7830129932694485,xmom_f252_skip21_b55_s20_atr0.5_ema10
2024-06-11,2024-06-24,134.35675618655884,141.4261006161672,16.456834907992373,0.4132405140633974,1.3405872428607881,ema_trail,9,MU,long,2024-06-10,0.952,0.8141632450213581,xmom_f252_skip21_b55_s20_atr0.5_ema10
2026-06-04,2026-06-08,427.7799987792969,414.95001220703125,55.7089307233,-0.24566162717785398,0.08059731493817889,ema_trail,3,ADI,long,2026-06-03,0.9092356687898089,0.8708623311995229,xmom_f252_skip21_b55_s20_atr0.5_ema10
2023-03-17,2023-03-29,206.77999877929688,205.22000122070312,19.982565433408837,-0.09876397316096132,0.1361187195791966,ema_trail,9,CDNS,long,2023-03-16,0.9260450160771704,0.39712278131853074,xmom_f252_skip21_b55_s20_atr0.5_ema10
2023-04-14,2023-04-25,214.8699951171875,197.8219356761699,17.048059441017614,-1.0252075605274122,0.10910336257254025,stop,8,CDNS,long,2023-04-13,0.9356913183279743,0.3237933979487877,xmom_f252_skip21_b55_s20_atr0.5_ema10
2023-05-26,2023-06-08,226.25999450683594,222.1199951171875,30.26934821898186,-0.15172177958500432,0.4208880019813187,ema_trail,9,CDNS,long,2023-05-25,0.9101123595505618,0.4139583375718858,xmom_f252_skip21_b55_s20_atr0.5_ema10
2023-11-13,2023-12-05,260.6000061035156,260.7200012207031,34.839462940630256,-0.011515817442514037,0.5376081858858635,ema_trail,16,CDNS,long,2023-11-10,0.9341894060995185,0.7068219161078437,xmom_f252_skip21_b55_s20_atr0.5_ema10
2023-11-30,2023-12-05,277.6600036621094,260.7200012207031,40.04853830639257,-0.4368529586493761,0.04169897281593636,ema_trail,4,CDNS,long,2023-11-29,0.9293739967897271,0.4169142500441483,xmom_f252_skip21_b55_s20_atr0.5_ema10
2025-09-08,2025-10-13,71.00538948612805,84.53306969479871,9.093773737589856,1.471959806341744,1.7791939818250069,ema_trail,26,GLW,long,2025-09-05,0.9028662420382165,0.6006340359750149,xmom_f252_skip21_b55_s20_atr0.5_ema10
2025-09-09,2025-10-13,71.51194386519316,84.53306969479871,9.59299014648878,1.3424491993863665,1.6338006072767306,ema_trail,25,GLW,long,2025-09-08,0.9028662420382165,0.5977545070558419,xmom_f252_skip21_b55_s20_atr0.5_ema10
2025-10-28,2025-11-04,83.73849179501393,84.92043564819188,5.275427674357559,0.1923004033434065,1.5551373483676862,ema_trail,6,GLW,long,2025-10-27,0.9267515923566879,0.7288462372046483,xmom_f252_skip21_b55_s20_atr0.5_ema10
2025-10-30,2025-11-04,88.20798556062131,84.92043564819188,8.274860608645184,-0.4186132005573219,0.4513092142599828,ema_trail,4,GLW,long,2025-10-29,0.9378980891719745,0.8119684934357647,xmom_f252_skip21_b55_s20_atr0.5_ema10
2023-11-30,2023-12-06,74.0094810420152,73.6700874552868,10.383225372269344,-0.046942306589449825,0.08353575160751747,ema_trail,5,STX,long,2023-11-29,0.9085072231139647,0.3706287312595067,xmom_f252_skip21_b55_s20_atr0.5_ema10
2023-12-01,2023-12-06,74.39603722931406,73.6700874552868,8.886009355264989,-0.09844034746233947,0.05198824537516282,ema_trail,4,STX,long,2023-11-30,0.9085072231139647,0.3900763212831653,xmom_f252_skip21_b55_s20_atr0.5_ema10
2024-06-12,2024-07-02,98.81911788205485,98.66563525614949,13.753432244216114,-0.025529690002809247,0.33521091541795767,ema_trail,14,STX,long,2024-06-11,0.9008,0.6039262792219962,xmom_f252_skip21_b55_s20_atr0.5_ema10
2024-05-30,2024-06-05,57.69503962452516,56.41593482439339,7.522233847104239,-0.18538308004312368,0.00700173922381567,ema_trail,5,WDC,long,2024-05-29,0.9439102564102564,0.759254606236843,xmom_f252_skip21_b55_s20_atr0.5_ema10
2024-06-13,2024-06-21,59.41806354186562,57.05548408768627,6.7626678883446445,-0.36692849955559215,0.2870499763529297,ema_trail,6,WDC,long,2024-06-12,0.9456,0.7606053755187785,xmom_f252_skip21_b55_s20_atr0.5_ema10
2024-07-10,2024-07-15,128.19430397272598,125.63178200948013,13.907662724410827,-0.20268758504213097,0.13437957352974275,ema_trail,4,NTAP,long,2024-07-09,0.9105431309904153,0.6206482559925113,xmom_f252_skip21_b55_s20_atr0.5_ema10
2024-07-11,2024-07-15,129.67784956951098,125.63178200948013,13.425215208422813,-0.320696777841498,0.02583273891510881,ema_trail,3,NTAP,long,2024-07-10,0.9089456869009584,0.5819526995736919,xmom_f252_skip21_b55_s20_atr0.5_ema10
2023-11-09,2023-12-04,69.72426533164023,68.03468346947368,9.212461486261127,-0.1985387288248127,0.3605511042070085,ema_trail,17,DELL,long,2023-11-08,0.9454253611556982,0.745802733691705,xmom_f252_skip21_b55_s20_atr0.5_ema10
2024-01-09,2024-01-18,76.00261451106597,75.56101124814961,11.158548131946333,-0.05319764586927056,0.09463611024169172,ema_trail,7,DELL,long,2024-01-08,0.9230769230769231,0.7038838042340014,xmom_f252_skip21_b55_s20_atr0.5_ema10
2024-01-12,2024-01-18,76.74182405581047,75.56101124814961,11.122953560739802,-0.11995882644714845,0.028480928620053397,ema_trail,4,DELL,long,2024-01-11,0.9214743589743589,0.6779364423631553,xmom_f252_skip21_b55_s20_atr0.5_ema10
2024-02-23,2024-03-14,85.87888665562726,106.74593882127769,9.573339549881268,2.1617633308113313,4.230481880232443,ema_trail,15,DELL,long,2024-02-22,0.967948717948718,1.0188769645862648,xmom_f252_skip21_b55_s20_atr0.5_ema10
2024-02-26,2024-03-14,89.3117540432051,106.74593882127769,13.081079303264488,1.3191236647942282,2.8336325506609463,ema_trail,14,DELL,long,2024-02-23,0.9743589743589743,1.0541494664519608,xmom_f252_skip21_b55_s20_atr0.5_ema10
2026-05-07,2026-05-18,366.6199951171875,353.5,54.754681263610735,-0.2530054926395592,0.0649258217514975,ema_trail,8,KEYS,long,2026-05-06,0.9410828025477707,1.0409396364597745,xmom_f252_skip21_b55_s20_atr0.5_ema10
2026-06-23,2026-06-24,359.06500244140625,350.0,50.79545675896799,-0.19259857220521676,0.011713670053731272,ema_trail,2,KEYS,long,2026-06-22,0.9490445859872612,1.1361308097668066,xmom_f252_skip21_b55_s20_atr0.5_ema10
2025-04-01,2025-04-10,156.91053856025553,151.0248079992095,15.755350875633923,0.3536518816945324,1.4384335837602404,ema_trail,8,CDW,short,2025-03-31,0.09728867623604466,-0.3004843902892079,xmom_f252_skip21_b55_s20_atr0.5_ema10
2023-12-11,2024-01-03,56.0,57.36000061035156,5.907134161715788,0.2112700636528404,0.7057145899880148,ema_trail,16,ANET,long,2023-12-08,0.9438202247191011,0.6535184803661964,xmom_f252_skip21_b55_s20_atr0.5_ema10
2023-12-12,2024-01-03,56.584999084472656,57.36000061035156,5.575320137556545,0.11870735874909186,0.6427885018343398,ema_trail,15,ANET,long,2023-12-11,0.9550561797752809,0.6517598636105106,xmom_f252_skip21_b55_s20_atr0.5_ema10
2023-12-13,2024-01-03,57.5,57.36000061035156,6.198673490201429,-0.04113773536411113,0.4305357859480885,ema_trail,14,ANET,long,2023-12-12,0.9373996789727127,0.6172008903067858,xmom_f252_skip21_b55_s20_atr0.5_ema10
2023-12-18,2024-01-03,59.13249969482422,57.36000061035156,7.161173047996549,-0.2640299391160888,0.14470409542821228,ema_trail,11,ANET,long,2023-12-15,0.9373996789727127,0.6317275863028988,xmom_f252_skip21_b55_s20_atr0.5_ema10
2023-12-19,2024-01-03,59.77750015258789,57.36000061035156,7.8010003546093785,-0.32522169301561865,0.050153902392836604,ema_trail,10,ANET,long,2023-12-18,0.9438202247191011,0.6985188719674857,xmom_f252_skip21_b55_s20_atr0.5_ema10
2024-01-09,2024-02-01,61.25,65.5,7.824314639776404,0.527522241886473,0.891451685577974,ema_trail,17,ANET,long,2024-01-08,0.9519230769230769,0.9490364239663474,xmom_f252_skip21_b55_s20_atr0.5_ema10
2024-01-11,2024-02-01,62.48749923706055,65.5,6.8389109911450205,0.4222201119745647,0.8389492485703389,ema_trail,15,ANET,long,2024-01-10,0.9583333333333334,0.9502915767620883,xmom_f252_skip21_b55_s20_atr0.5_ema10
2024-01-12,2024-02-01,63.0,65.5,7.0319612440968555,0.33760140558125373,0.7430357325287225,ema_trail,14,ANET,long,2024-01-11,0.9583333333333334,0.9662414364633933,xmom_f252_skip21_b55_s20_atr0.5_ema10
2024-01-19,2024-02-01,65.15249633789062,65.5,9.232213997033348,0.023526173624591862,0.3328023090905147,ema_trail,10,ANET,long,2024-01-18,0.9663461538461539,1.025795356158889,xmom_f252_skip21_b55_s20_atr0.5_ema10
2024-06-14,2024-07-17,82.75,87.67749786376953,11.652112437094345,0.4086810773134813,0.9762178370153586,ema_trail,22,ANET,long,2024-06-13,0.96,0.860379551051327,xmom_f252_skip21_b55_s20_atr0.5_ema10
2024-11-07,2024-11-11,106.75499725341797,101.33000183105469,12.677454212430575,-0.44476637993623475,0.09761447614177998,ema_trail,3,ANET,long,2024-11-06,0.9249201277955271,0.88064473385706,xmom_f252_skip21_b55_s20_atr0.5_ema10
2024-11-08,2024-11-11,101.61499786376953,101.33000183105469,7.517011435869549,-0.06494948592371086,0.38146813126992085,ema_trail,2,ANET,long,2024-11-07,0.9376996805111821,0.9140638804951198,xmom_f252_skip21_b55_s20_atr0.5_ema10
2025-01-07,2025-01-14,119.69000244140625,114.61000061035156,17.88951818173554,-0.29734628858637285,0.03298000157952755,ema_trail,5,ANET,long,2025-01-06,0.9217252396166135,0.8291117526297189,xmom_f252_skip21_b55_s20_atr0.5_ema10
2025-09-08,2025-09-15,143.8000030517578,139.60000610351562,18.49081053306277,-0.24269336091685048,0.6770933188717907,ema_trail,6,ANET,long,2025-09-05,0.9140127388535032,0.6990695183739226,xmom_f252_skip21_b55_s20_atr0.5_ema10
2026-01-13,2026-01-21,334.5146010595183,320.50283121296127,42.55349483318031,-0.3449963183101241,0.13001931973798644,ema_trail,6,GOOGL,long,2026-01-12,0.9219745222929936,0.6574585906257193,xmom_f252_skip21_b55_s20_atr0.5_ema10
2026-01-14,2026-01-21,334.62442706687915,320.50283121296127,42.70156961600571,-0.3463770732799393,0.0615100371914296,ema_trail,5,GOOGL,long,2026-01-13,0.9060509554140127,0.633272122617808,xmom_f252_skip21_b55_s20_atr0.5_ema10
2026-02-03,2026-02-05,346.8884575284791,311.814107165092,39.574096526003586,-0.9038267558411921,0.0418921925731128,ema_trail,3,GOOGL,long,2026-02-02,0.9187898089171974,0.5643244474913893,xmom_f252_skip21_b55_s20_atr0.5_ema10
2026-01-13,2026-01-21,334.842443176996,320.6759502987687,41.525624938046406,-0.35727765173229614,0.142376846840425,ema_trail,6,GOOG,long,2026-01-12,0.9203821656050956,0.6492639205889106,xmom_f252_skip21_b55_s20_atr0.5_ema10
2026-01-14,2026-01-21,334.54784115713085,320.6759502987687,41.2656275045872,-0.3523752677469879,0.0761140439961625,ema_trail,5,GOOG,long,2026-01-13,0.9044585987261147,0.6302804549263707,xmom_f252_skip21_b55_s20_atr0.5_ema10
2026-02-03,2026-02-05,348.0601743239401,312.79126924034074,40.15768098856506,-0.8955951774826915,0.04066085061427527,ema_trail,3,GOOG,long,2026-02-02,0.9156050955414012,0.5546643318091511,xmom_f252_skip21_b55_s20_atr0.5_ema10
2023-07-06,2023-07-21,293.3142553701415,301.91864094603187,40.578990011675415,0.19758394831520493,0.5567316963067968,ema_trail,12,META,long,2023-07-05,0.9406099518459069,0.7034931613050175,xmom_f252_skip21_b55_s20_atr0.5_ema10
2023-07-12,2023-07-21,299.1232312229929,301.91864094603187,40.07654777388501,0.05482416482052176,0.4187644650795307,ema_trail,8,META,long,2023-07-11,0.9036918138041734,0.54833800635709,xmom_f252_skip21_b55_s20_atr0.5_ema10
2023-07-31,2023-08-07,320.8722871378495,310.50332247597623,44.05824752797747,-0.24991255562666376,0.044324332155377746,ema_trail,6,META,long,2023-07-28,0.9470304975922953,0.6823333060115464,xmom_f252_skip21_b55_s20_atr0.5_ema10
2023-10-12,2023-10-16,325.1446723921644,315.86624034074185,45.14711319208698,-0.21991929703153446,0.0557709433468462,ema_trail,3,META,long,2023-10-11,0.971107544141252,1.2547272782706789,xmom_f252_skip21_b55_s20_atr0.5_ema10
2023-12-19,2024-01-03,342.57167029164464,341.97694461960975,35.81018463478301,-0.03574036340977184,0.4517697427934274,ema_trail,10,META,long,2023-12-18,0.9887640449438202,1.877228127170512,xmom_f252_skip21_b55_s20_atr0.5_ema10
2023-12-20,2024-01-03,345.61488990125895,341.97694461960975,38.87360492560276,-0.11136541284856374,0.33788320680225914,ema_trail,9,META,long,2023-12-19,0.9871589085072231,1.8053252874466899,xmom_f252_skip21_b55_s20_atr0.5_ema10
2024-01-11,2024-03-08,368.8905728121484,502.07781982421875,51.02475131165261,2.5957885626421144,2.952927490441559,time,40,META,long,2024-01-10,0.9823717948717948,1.5700940735092108,xmom_f252_skip21_b55_s20_atr0.5_ema10
2024-01-16,2024-03-12,370.39731754067816,489.48497219166796,48.544101627805446,2.4379246097350964,3.0727862111089728,ema_trail,40,META,long,2024-01-12,0.9823717948717948,1.5150128022248825,xmom_f252_skip21_b55_s20_atr0.5_ema10
2024-01-22,2024-03-12,384.5728454450382,489.48497219166796,51.55229794808872,2.020142364179534,2.6185082640576622,ema_trail,36,META,long,2024-01-19,0.9855769230769231,1.5907375077140378,xmom_f252_skip21_b55_s20_atr0.5_ema10
2024-01-25,2024-03-12,386.7735471204069,489.48497219166796,53.834891827015326,1.893528054343856,2.4666050590302913,ema_trail,33,META,long,2024-01-24,0.9855769230769231,1.4714872469368334,xmom_f252_skip21_b55_s20_atr0.5_ema10
2024-03-08,2024-03-12,510.2547468573878,489.48497219166796,65.46565369133145,-0.3328506312970631,0.14218473766062967,ema_trail,3,META,long,2024-03-07,0.9871794871794872,1.4644737457915107,xmom_f252_skip21_b55_s20_atr0.5_ema10
2024-07-08,2024-07-12,538.7334873376542,494.44096457337395,58.5846285042436,-0.774435050581044,0.007799903731871617,ema_trail,5,META,long,2024-07-05,0.9233226837060703,0.6220949561841327,xmom_f252_skip21_b55_s20_atr0.5_ema10
2024-09-20,2024-10-17,556.7966017328396,579.9931131702996,71.83296847406234,0.3074203767865738,0.5944946823455134,ema_trail,20,META,long,2024-09-19,0.9329073482428115,0.7301354496568548,xmom_f252_skip21_b55_s20_atr0.5_ema10
2024-12-04,2024-12-19,609.4535434454373,607.3878008993366,70.80691384558952,-0.04638882638148066,0.35723201741360183,ema_trail,12,META,long,2024-12-03,0.9313099041533547,0.7513316448440339,xmom_f252_skip21_b55_s20_atr0.5_ema10
2024-12-09,2024-12-19,620.350888846341,607.3878008993366,81.82339641500016,-0.17359081078298028,0.1759539680553757,ema_trail,9,META,long,2024-12-06,0.9265175718849841,0.8074420306046133,xmom_f252_skip21_b55_s20_atr0.5_ema10
2024-12-12,2024-12-19,627.8876010257708,607.3878008993366,89.60925304440309,-0.24278268805237532,0.0572536444017496,ema_trail,6,META,long,2024-12-11,0.9185303514376997,0.7982225991128138,xmom_f252_skip21_b55_s20_atr0.5_ema10
2025-08-01,2025-08-19,758.2448261685668,764.6140081257292,79.13381308919497,0.061322614384266796,0.44739471847836115,ema_trail,13,META,long,2025-07-31,0.9012738853503185,0.5496395847961966,xmom_f252_skip21_b55_s20_atr0.5_ema10
2023-12-19,2024-01-03,48.84000015258789,46.731998443603516,4.805198016400084,-0.45901994085604486,0.2599269676407886,ema_trail,10,NFLX,long,2023-12-18,0.9213483146067416,0.6078991462413128,xmom_f252_skip21_b55_s20_atr0.5_ema10
2023-12-20,2024-01-03,49.20000076293945,46.731998443603516,5.169898652906518,-0.4964125011268808,0.17195693738890758,ema_trail,9,NFLX,long,2023-12-19,0.9069020866773676,0.6026624805728751,xmom_f252_skip21_b55_s20_atr0.5_ema10
2024-02-28,2024-03-07,59.57899856567383,59.933998107910156,5.389169129302417,0.04376213465312197,0.5312512389957599,ema_trail,7,NFLX,long,2024-02-27,0.9455128205128205,0.7985810986111568,xmom_f252_skip21_b55_s20_atr0.5_ema10
2024-03-04,2024-03-07,62.15599822998047,59.933998107910156,7.965761682178652,-0.2945496252768326,0.035904050887290206,ema_trail,4,NFLX,long,2024-03-01,0.9487179487179487,0.7995087427245369,xmom_f252_skip21_b55_s20_atr0.5_ema10
2024-03-21,2024-03-28,63.064998626708984,61.499000549316406,5.905161693637382,-0.28655067590599737,0.06333451456873393,ema_trail,6,NFLX,long,2024-03-20,0.9439102564102564,0.8848687303095464,xmom_f252_skip21_b55_s20_atr0.5_ema10
2024-09-25,2024-10-02,72.0999984741211,70.61299896240234,6.869227426472719,-0.23746476967419278,0.062016071967521735,ema_trail,6,NFLX,long,2024-09-24,0.9281150159744409,0.8080882109972278,xmom_f252_skip21_b55_s20_atr0.5_ema10
2024-10-11,2024-10-15,73.48999786376953,71.2509994506836,6.27113144258189,-0.3804701640619965,0.017540791699029373,ema_trail,3,NFLX,long,2024-10-10,0.9440894568690096,0.8254313146052261,xmom_f252_skip21_b55_s20_atr0.5_ema10
2024-10-21,2024-12-16,76.57599639892578,92.10800170898438,9.79871108586542,1.5694771672005559,1.7960532256347967,time,40,NFLX,long,2024-10-18,0.9488817891373802,1.034489738641609,xmom_f252_skip21_b55_s20_atr0.5_ema10
2024-12-12,2024-12-19,93.33499908447266,90.81800079345703,13.436377476894961,-0.20122003075857067,0.005507250572994022,ema_trail,6,NFLX,long,2024-12-11,0.9057507987220448,0.751375361446083,xmom_f252_skip21_b55_s20_atr0.5_ema10
2025-06-06,2025-06-11,125.94100189208984,120.26000213623047,16.976459712166104,-0.34947697342289696,0.003475289248197934,ema_trail,4,NFLX,long,2025-06-05,0.9585987261146497,0.7950582099591168,xmom_f252_skip21_b55_s20_atr0.5_ema10
2025-06-25,2025-07-09,128.6840057373047,127.39900207519531,12.361318494484479,-0.12477404204674268,0.439354406917243,ema_trail,10,NFLX,long,2025-06-24,0.947452229299363,0.7495102909131521,xmom_f252_skip21_b55_s20_atr0.5_ema10
2025-06-27,2025-07-09,130.68800354003906,127.39900207519531,14.380332038756109,-0.24689120267566048,0.23831174022192006,ema_trail,8,NFLX,long,2025-06-26,0.9538216560509554,0.8109622568374266,xmom_f252_skip21_b55_s20_atr0.5_ema10
2025-06-30,2025-07-09,133.10000610351562,127.39900207519531,16.3734193272127,-0.3644445867583579,0.06199067948876773,ema_trail,7,NFLX,long,2025-06-27,0.9538216560509554,0.7973410297850594,xmom_f252_skip21_b55_s20_atr0.5_ema10
2025-07-01,2025-07-09,133.822998046875,127.39900207519531,17.072310657356,-0.3919587747713687,0.003163066533639955,ema_trail,6,NFLX,long,2025-06-30,0.9522292993630573,0.7483806013047054,xmom_f252_skip21_b55_s20_atr0.5_ema10
2025-03-28,2025-04-07,26.5239891812444,23.558166748358904,3.535053574398926,-0.8539815161814882,0.17997006322291248,ema_trail,7,T,long,2025-03-27,0.9265175718849841,0.6422233463195344,xmom_f252_skip21_b55_s20_atr0.5_ema10
2025-07-01,2025-07-09,27.410644663594585,26.786601177902117,1.8985576645641657,-0.35756868895288346,0.09960448578159284,ema_trail,6,T,long,2025-06-30,0.9156050955414012,0.5355864544375744,xmom_f252_skip21_b55_s20_atr0.5_ema10
2022-09-07,2022-09-12,12.5,13.180000305175781,1.86043498547407,-0.3789438011434381,0.14512759643405182,ema_trail,4,WBD,short,2022-09-06,0.08306188925081433,-0.484634389691882,xmom_f252_skip21_b55_s20_atr0.5_ema10
2025-12-03,2025-12-19,24.239999771118164,27.799999237060547,2.7881906822922673,1.259425866638793,2.065855920638233,ema_trail,13,WBD,long,2025-12-02,0.9633757961783439,1.1628131517750608,xmom_f252_skip21_b55_s20_atr0.5_ema10
2023-12-14,2023-12-19,163.2899932861328,158.63999938964844,13.057041371586422,-0.38114100594689243,0.11947674614691613,ema_trail,4,TTWO,long,2023-12-13,0.9004815409309791,0.462722887097899,xmom_f252_skip21_b55_s20_atr0.5_ema10
2024-02-08,2024-02-09,170.61000061035156,154.88999938964844,13.696974114441076,-1.1726109057174947,0.0715483375635373,gap_stop,2,TTWO,long,2024-02-07,0.9166666666666666,0.5018946282007175,xmom_f252_skip21_b55_s20_atr0.5_ema10
2025-05-02,2025-05-05,214.4499969482422,218.5,29.460745362523625,0.12291281205897985,0.3485996075824065,ema_trail,2,TTWO,long,2025-05-01,0.9011164274322169,0.45650515464026564,xmom_f252_skip21_b55_s20_atr0.5_ema10
2025-06-23,2025-07-08,149.1199951171875,147.36000061035156,16.208131999173332,-0.1269877674475559,0.1900281803733939,ema_trail,11,LYV,long,2025-06-20,0.9219745222929936,0.6177152802437829,xmom_f252_skip21_b55_s20_atr0.5_ema10
2025-07-24,2025-07-30,154.0399932861328,150.75999450683594,13.551378382599893,-0.26477592644570164,0.07600806419873021,ema_trail,5,LYV,long,2025-07-23,0.9156050955414012,0.5845426378467553,xmom_f252_skip21_b55_s20_atr0.5_ema10
2025-08-13,2025-09-04,159.69000244140625,162.72999572753906,18.486465427634357,0.14716784514053785,0.4462724381951105,ema_trail,16,LYV,long,2025-08-12,0.9060509554140127,0.6186219443742949,xmom_f252_skip21_b55_s20_atr0.5_ema10
2025-08-15,2025-09-04,162.39999389648438,162.72999572753906,21.224316204371576,0.0002450888505254791,0.26102176821983075,ema_trail,14,LYV,long,2025-08-14,0.9012738853503185,0.6221615590951171,xmom_f252_skip21_b55_s20_atr0.5_ema10
2025-08-25,2025-09-04,165.72000122070312,162.72999572753906,24.33368152448952,-0.13649580694408087,0.0912316214243581,ema_trail,8,LYV,long,2025-08-22,0.9060509554140127,0.5787898097000144,xmom_f252_skip21_b55_s20_atr0.5_ema10
2025-09-10,2025-09-18,170.83999633789062,169.85000610351562,17.21251856419903,-0.07736637855081666,0.2562090867563047,ema_trail,7,LYV,long,2025-09-09,0.9044585987261147,0.6255839686167843,xmom_f252_skip21_b55_s20_atr0.5_ema10
2025-09-11,2025-09-18,170.88999938964844,169.85000610351562,15.596627389203206,-0.08859436405261847,0.27954765485836897,ema_trail,6,LYV,long,2025-09-10,0.9028662420382165,0.6649062648529791,xmom_f252_skip21_b55_s20_atr0.5_ema10
2025-09-12,2025-09-18,173.75,169.85000610351562,18.47186818098308,-0.22994392634618305,0.08120456389702156,ema_trail,5,LYV,long,2025-09-11,0.9028662420382165,0.6712024005873023,xmom_f252_skip21_b55_s20_atr0.5_ema10
2023-12-19,2024-01-02,154.39999389648438,151.5399932861328,14.622993267658643,-0.2166998602914561,0.08411485691158141,ema_trail,9,AMZN,long,2023-12-18,0.9245585874799358,0.6148107038899477,xmom_f252_skip21_b55_s20_atr0.5_ema10
2024-01-29,2024-02-01,159.33999633789062,155.8699951171875,16.783446306681356,-0.22573916847284595,0.14240218283994496,ema_trail,4,AMZN,long,2024-01-26,0.907051282051282,0.5786170321090109,xmom_f252_skip21_b55_s20_atr0.5_ema10
2024-01-30,2024-02-01,160.6999969482422,155.8699951171875,18.12212882233831,-0.28426030271903135,0.05683652232000708,ema_trail,3,AMZN,long,2024-01-29,0.9038461538461539,0.5454544895318434,xmom_f252_skip21_b55_s20_atr0.5_ema10
2024-03-01,2024-03-06,176.75,175.5399932861328,22.874599732071943,-0.06835121629144973,0.14819928782821054,ema_trail,4,AMZN,long,2024-02-29,0.9262820512820513,0.6873606530366374,xmom_f252_skip21_b55_s20_atr0.5_ema10
2024-04-12,2024-04-16,187.72000122070312,183.27000427246094,15.953789522007071,-0.3024633704755388,0.060800678068685825,ema_trail,3,AMZN,long,2024-04-11,0.9150641025641025,0.7553042694526275,xmom_f252_skip21_b55_s20_atr0.5_ema10
2023-04-26,2023-05-04,100.62998929354053,96.25437349683698,10.844292352303668,-0.42205389034152746,0.5507628986455505,ema_trail,7,SBUX,long,2023-04-25,0.9163987138263665,0.2919821136099783,xmom_f252_skip21_b55_s20_atr0.5_ema10
2023-04-27,2023-05-04,102.82703669805765,96.25437349683698,12.487638900739995,-0.5428021524721637,0.3023459050352335,ema_trail,6,SBUX,long,2023-04-26,0.9228295819935691,0.2951886223146527,xmom_f252_skip21_b55_s20_atr0.5_ema10
2023-04-28,2023-05-04,103.7778559151248,96.25437349683698,11.673458463820808,-0.6622748651634515,0.24198203787549233,ema_trail,5,SBUX,long,2023-04-27,0.9260450160771704,0.33624517312967805,xmom_f252_skip21_b55_s20_atr0.5_ema10
2023-05-01,2023-05-04,105.46717478905948,96.25437349683698,12.27312897062896,-0.7678348092285785,0.09251498920225261,ema_trail,4,SBUX,long,2023-04-28,0.9372990353697749,0.37818115132394436,xmom_f252_skip21_b55_s20_atr0.5_ema10
2023-05-02,2023-05-04,105.6887339234244,96.25437349683698,11.341429668403151,-0.8504869471004148,0.005697567654591643,ema_trail,3,SBUX,long,2023-05-01,0.9390048154093098,0.354425096223683,xmom_f252_skip21_b55_s20_atr0.5_ema10
2023-12-11,2024-01-03,128.7706650654878,135.61997226679662,11.958799730069785,0.5512063099947386,0.9595457039981806,ema_trail,16,BKNG,long,2023-12-08,0.9181380417335474,0.5444886974009178,xmom_f252_skip21_b55_s20_atr0.5_ema10
2023-12-12,2024-01-03,131.6024799333747,135.61997226679662,12.369262684653066,0.3035174746683358,0.6987643692618853,ema_trail,15,BKNG,long,2023-12-11,0.9149277688603531,0.49707601319475203,xmom_f252_skip21_b55_s20_atr0.5_ema10
2023-12-13,2024-01-03,133.7293184549095,135.61997226679662,14.37129204014488,0.11294705934880836,0.45342906527391624,ema_trail,14,BKNG,long,2023-12-12,0.913322632423756,0.5219109936637845,xmom_f252_skip21_b55_s20_atr0.5_ema10
2023-12-14,2024-01-03,135.28232466184764,135.61997226679662,15.908844249724297,0.004216708302141502,0.3119871708901321,ema_trail,13,BKNG,long,2023-12-13,0.913322632423756,0.4996200727452531,xmom_f252_skip21_b55_s20_atr0.5_ema10
2023-12-15,2024-01-03,134.81192039098158,135.61997226679662,15.456543095996821,0.034834958353173184,0.35155076699372745,ema_trail,12,BKNG,long,2023-12-14,0.9117174959871589,0.5496891766116994,xmom_f252_skip21_b55_s20_atr0.5_ema10
2023-12-20,2024-01-03,138.50154515798204,135.61997226679662,19.08728578399787,-0.16548062502157432,0.09137678521746952,ema_trail,9,BKNG,long,2023-12-19,0.9101123595505618,0.6173170099415404,xmom_f252_skip21_b55_s20_atr0.5_ema10
2024-11-26,2024-11-27,56.67354302759781,54.26504146211585,7.637556852955285,-0.3301904915524582,0.08623830275261099,ema_trail,2,GM,long,2024-11-25,0.9376996805111821,0.8680893705390846,xmom_f252_skip21_b55_s20_atr0.5_ema10
2026-01-28,2026-02-06,85.6809603474897,83.1623971046617,9.860615593378967,-0.27279485119865865,0.15648119357271179,ema_trail,8,GM,long,2026-01-27,0.9044585987261147,0.5532975062756242,xmom_f252_skip21_b55_s20_atr0.5_ema10
2023-05-02,2023-05-17,61.93199920654297,62.38066864013672,5.660360117732729,0.05738246832796315,0.4192907770226523,ema_trail,12,ORLY,long,2023-05-01,0.9373996789727127,0.35011554166968484,xmom_f252_skip21_b55_s20_atr0.5_ema10
2023-05-03,2023-05-17,62.43466567993164,62.38066864013672,5.90371724677442,-0.030297245562109422,0.31686312884066103,ema_trail,11,ORLY,long,2023-05-02,0.92776886035313,0.3996867049111199,xmom_f252_skip21_b55_s20_atr0.5_ema10
2023-05-09,2023-05-17,63.15599822998047,62.38066864013672,5.631276559654509,-0.16011317802495367,0.20409897407439742,ema_trail,7,ORLY,long,2023-05-08,0.9502407704654896,0.4267749268307204,xmom_f252_skip21_b55_s20_atr0.5_ema10
2023-05-10,2023-05-17,63.55533218383789,62.38066864013672,5.873567638915723,-0.2216326240024638,0.12769135571506218,ema_trail,6,ORLY,long,2023-05-09,0.9438202247191011,0.42956932012898874,xmom_f252_skip21_b55_s20_atr0.5_ema10
2023-05-11,2023-05-17,63.67333221435547,62.38066864013672,5.824263762546813,-0.2438093974690672,0.10851221887370828,ema_trail,5,ORLY,long,2023-05-10,0.9165329052969502,0.42777055465399383,xmom_f252_skip21_b55_s20_atr0.5_ema10
2023-05-15,2023-05-17,63.92399978637695,62.38066864013672,5.485952146899422,-0.3046288230489786,0.039373220452454026,ema_trail,3,ORLY,long,2023-05-12,0.9085072231139647,0.4615739549469755,xmom_f252_skip21_b55_s20_atr0.5_ema10
2024-01-23,2024-01-30,101.83543130117734,96.81928957414027,10.10509889946644,-0.5165523506073783,0.08560288739270927,ema_trail,6,WSM,long,2024-01-22,0.9214743589743589,0.7395793046892298,xmom_f252_skip21_b55_s20_atr0.5_ema10
2024-01-24,2024-01-30,102.70045694436055,96.81928957414027,10.953950117951962,-0.5556505387160734,0.0,ema_trail,5,WSM,long,2024-01-23,0.9230769230769231,0.6614675193814821,xmom_f252_skip21_b55_s20_atr0.5_ema10
2024-02-09,2024-03-11,104.65761660127355,114.70439681970643,13.4988565238679,0.7287628376400846,1.1624045510522985,ema_trail,21,WSM,long,2024-02-08,0.9230769230769231,0.5156886444241491,xmom_f252_skip21_b55_s20_atr0.5_ema10
2024-02-12,2024-03-11,106.25718669490215,114.70439681970643,15.114704115598386,0.5448135595930238,0.932308171959182,ema_trail,20,WSM,long,2024-02-09,0.9294871794871795,0.5675356722997427,xmom_f252_skip21_b55_s20_atr0.5_ema10
2024-02-13,2024-03-11,106.19919128770391,114.70439681970643,15.15035188982037,0.5473672961351551,0.9339425033700292,ema_trail,19,WSM,long,2024-02-12,0.9391025641025641,0.6296946964916132,xmom_f252_skip21_b55_s20_atr0.5_ema10
2024-03-08,2024-03-11,113.50593477689169,114.70439681970643,14.984877488651932,0.0648287030705881,0.14899127693569345,ema_trail,2,WSM,long,2024-03-07,0.9230769230769231,0.6823648462819942,xmom_f252_skip21_b55_s20_atr0.5_ema10
2025-01-07,2025-01-15,195.7145807603783,193.7193932778055,25.50227299582096,-0.09358446772507951,0.0,ema_trail,6,WSM,long,2025-01-06,0.939297124600639,0.9474381737759563,xmom_f252_skip21_b55_s20_atr0.5_ema10
2025-01-27,2025-02-04,205.56499216838992,200.76869543418272,29.29204871941326,-0.1777761183051962,0.348243439097023,ema_trail,7,WSM,long,2025-01-24,0.9313099041533547,0.7652492640700819,xmom_f252_skip21_b55_s20_atr0.5_ema10
2025-03-14,2025-03-17,342.20001220703125,351.739990234375,40.355581973852736,-0.253357219786408,0.29809999486790634,ema_trail,2,ULTA,short,2025-03-13,0.07987220447284345,-0.31724879603658684,xmom_f252_skip21_b55_s20_atr0.5_ema10
2023-04-19,2023-05-23,60.633936606438006,64.7685315171444,7.396077138747955,0.5426291481558168,1.1022241802362605,ema_trail,25,PHM,long,2023-04-18,0.9485530546623794,0.330947669886686,xmom_f252_skip21_b55_s20_atr0.5_ema10
2023-04-21,2023-05-23,61.28728737710366,64.7685315171444,8.059026185372026,0.41675873586102313,0.9304826809182025,ema_trail,23,PHM,long,2023-04-20,0.9308681672025724,0.2951428160907281,xmom_f252_skip21_b55_s20_atr0.5_ema10
2023-04-26,2023-05-23,63.101041983420316,64.7685315171444,8.566771415651218,0.17991462302138192,0.6636140277832013,ema_trail,20,PHM,long,2023-04-25,0.9469453376205788,0.3704675390590477,xmom_f252_skip21_b55_s20_atr0.5_ema10
2023-05-17,2023-05-23,67.5183895307429,64.7685315171444,7.959581285944388,-0.36244303425286234,0.15926492756023358,ema_trail,5,PHM,long,2023-05-16,0.9261637239165329,0.44416057574043344,xmom_f252_skip21_b55_s20_atr0.5_ema10
2023-05-19,2023-05-23,68.51304842931545,64.7685315171444,8.514654341790767,-0.45586618707217325,0.011452267504617043,ema_trail,3,PHM,long,2023-05-18,0.9261637239165329,0.42429080534572905,xmom_f252_skip21_b55_s20_atr0.5_ema10
2023-06-07,2023-07-07,70.45355892548021,73.19601927864666,7.657692364168987,0.3397307062749589,0.9005019831250598,ema_trail,21,PHM,long,2023-06-06,0.9438202247191011,0.5077278297268955,xmom_f252_skip21_b55_s20_atr0.5_ema10
2023-06-13,2023-07-07,71.37019565766663,73.19601927864666,8.561680965650822,0.19658326868487297,0.6983594053431158,ema_trail,17,PHM,long,2023-06-12,0.9486356340288925,0.5644071588165906,xmom_f252_skip21_b55_s20_atr0.5_ema10
2023-06-14,2023-07-07,72.12104118774795,73.19601927864666,9.305213193342944,0.10002307192586128,0.5618662129706428,ema_trail,16,PHM,long,2023-06-13,0.9518459069020867,0.6459869169679411,xmom_f252_skip21_b55_s20_atr0.5_ema10
2023-06-22,2023-07-07,73.64555750813541,73.19601927864666,10.857195329150088,-0.05497085816468803,0.34113493081371443,ema_trail,11,PHM,long,2023-06-21,0.9614767255216693,0.9279766796497935,xmom_f252_skip21_b55_s20_atr0.5_ema10
2023-07-13,2023-07-21,78.65884809090237,75.73687214544954,8.414880196417315,-0.36593434128101565,0.28801087514288765,ema_trail,7,PHM,long,2023-07-12,0.9261637239165329,0.6529073725773393,xmom_f252_skip21_b55_s20_atr0.5_ema10
2023-07-14,2023-07-21,79.11816348652424,75.73687214544954,8.855126512402904,-0.39971508742310125,0.22182197072166016,ema_trail,6,PHM,long,2023-07-13,0.9229534510433387,0.6715222231451083,xmom_f252_skip21_b55_s20_atr0.5_ema10
2023-07-17,2023-07-21,80.07586157431686,75.73687214544954,9.533977988575785,-0.47190597224024544,0.10557644745816909,ema_trail,5,PHM,long,2023-07-14,0.9245585874799358,0.683903067865332,xmom_f252_skip21_b55_s20_atr0.5_ema10
2023-07-26,2023-08-04,82.39193876191177,80.30062512343409,10.776721044308644,-0.20934916165367298,0.15415902854367003,ema_trail,8,PHM,long,2023-07-25,0.9470304975922953,0.6819619324232076,xmom_f252_skip21_b55_s20_atr0.5_ema10
2023-07-27,2023-08-04,83.06624310330642,80.30062512343409,11.439674836880911,-0.2562791782006893,0.08628081827116146,ema_trail,7,PHM,long,2023-07-26,0.956661316211878,0.7220547727806219,xmom_f252_skip21_b55_s20_atr0.5_ema10
2023-12-04,2024-01-03,88.3571793541922,98.11584256246809,10.396368238313983,0.9216630875246341,1.4034436932013803,ema_trail,21,PHM,long,2023-12-01,0.9759229534510433,0.7431081634289525,xmom_f252_skip21_b55_s20_atr0.5_ema10
2023-12-07,2024-01-03,90.84443488488442,98.11584256246809,12.875908005502623,0.5506189392456089,0.9400084173012239,ema_trail,18,PHM,long,2023-12-06,0.9759229534510433,0.8928376059399228,xmom_f252_skip21_b55_s20_atr0.5_ema10
2023-12-14,2024-01-03,97.62081662129896,98.11584256246809,13.801573862183545,0.021721023335457862,0.3859762822956299,ema_trail,13,PHM,long,2023-12-13,0.9678972712680578,0.8500191722928085,xmom_f252_skip21_b55_s20_atr0.5_ema10
2024-01-23,2024-01-24,104.27752293117786,102.58011286991118,8.215110784715677,-0.2320072311958482,0.21856331302955045,ema_trail,2,PHM,long,2024-01-22,0.9647435897435898,1.0700033884158087,xmom_f252_skip21_b55_s20_atr0.5_ema10
2024-03-04,2024-03-15,110.11542111281084,106.74059728731727,13.03556621225222,-0.27578814830000775,0.22354361097424555,ema_trail,10,PHM,long,2024-03-01,0.9631410256410257,0.9459136279067781,xmom_f252_skip21_b55_s20_atr0.5_ema10
2024-03-08,2024-03-15,112.20526923607497,106.74059728731727,15.132578518572103,-0.37594931228988354,0.05446325078737241,ema_trail,6,PHM,long,2024-03-07,0.9599358974358975,0.9152374770509428,xmom_f252_skip21_b55_s20_atr0.5_ema10
2024-03-22,2024-04-03,114.34809765422264,111.7532940212873,12.665116346007267,-0.22293516704518113,0.3678486046364534,ema_trail,8,PHM,long,2024-03-21,0.9471153846153846,0.8677888909578588,xmom_f252_skip21_b55_s20_atr0.5_ema10
2024-04-01,2024-04-03,118.42704075463378,111.7532940212873,13.723823217594031,-0.5035477873247673,0.04225515483779577,ema_trail,3,PHM,long,2024-03-28,0.9326923076923077,0.8698679795531357,xmom_f252_skip21_b55_s20_atr0.5_ema10
2024-09-16,2024-09-27,138.56272571777615,139.53981087784035,20.637968754361054,0.0339161143695764,0.25373826156791773,ema_trail,10,PHM,long,2024-09-13,0.9169329073482428,0.5954598047802484,xmom_f252_skip21_b55_s20_atr0.5_ema10
2024-09-20,2024-09-27,141.27519024491562,139.53981087784035,19.814794852385646,-0.10183954780244148,0.04677547527699419,ema_trail,6,PHM,long,2024-09-19,0.9089456869009584,0.6259040471740724,xmom_f252_skip21_b55_s20_atr0.5_ema10
2024-10-21,2024-10-22,146.66868194773912,133.071150535251,13.59753141248811,-1.021572839583667,0.05220998599755615,stop,2,PHM,long,2024-10-18,0.9472843450479234,1.033167553438814,xmom_f252_skip21_b55_s20_atr0.5_ema10
2023-04-21,2023-05-22,102.4732617902135,104.21436047251743,11.119168558175232,0.13815350947207866,0.38889372136426736,ema_trail,22,LEN,long,2023-04-20,0.9485530546623794,0.3247705494711237,xmom_f252_skip21_b55_s20_atr0.5_ema10
2023-05-04,2023-05-22,104.63719872135324,104.21436047251743,13.222906528165481,-0.04780436471603955,0.16337088243981437,ema_trail,13,LEN,long,2023-05-03,0.9213483146067416,0.36975197375379976,xmom_f252_skip21_b55_s20_atr0.5_ema10
2023-06-16,2023-07-07,111.01674274524208,110.7533876417434,14.921894581821405,-0.03252861667984781,0.3887177014939788,ema_trail,14,LEN,long,2023-06-15,0.9341894060995185,0.6756036406620598,xmom_f252_skip21_b55_s20_atr0.5_ema10
2024-02-13,2024-02-14,140.7525689761652,142.20036058919308,8.082533906861329,0.14429713361121488,0.12515922260590562,ema_trail,2,LEN,long,2024-02-12,0.9182692307692307,0.5536019097731897,xmom_f252_skip21_b55_s20_atr0.5_ema10
2024-03-04,2024-03-15,150.62731925578714,141.12376770992913,14.219399135112525,-0.6895373068302298,0.3387429189025607,ema_trail,10,LEN,long,2024-03-01,0.9038461538461539,0.5871865589476191,xmom_f252_skip21_b55_s20_atr0.5_ema10
2024-03-08,2024-03-15,153.11455372317147,141.12376770992913,16.72206933904934,-0.7353763981813376,0.13930610222052042,ema_trail,6,LEN,long,2024-03-07,0.9006410256410257,0.579083594670148,xmom_f252_skip21_b55_s20_atr0.5_ema10
2023-04-21,2023-05-22,104.23730761278172,106.62228645575759,14.359495206515604,0.1515724749685295,0.36742894959650224,ema_trail,22,DHI,long,2023-04-20,0.9469453376205788,0.32181830877070894,xmom_f252_skip21_b55_s20_atr0.5_ema10
2023-05-17,2023-05-22,108.79547409458912,106.62228645575759,12.62872567564439,-0.18931273419229788,0.05684878879293572,ema_trail,4,DHI,long,2023-05-16,0.9341894060995185,0.46396906094215384,xmom_f252_skip21_b55_s20_atr0.5_ema10
2023-05-18,2023-05-22,108.94101522596227,106.62228645575759,7.817644209255036,-0.3244725306958336,0.06825484839944289,ema_trail,3,DHI,long,2023-05-17,0.9357945425361156,0.5072219356259409,xmom_f252_skip21_b55_s20_atr0.5_ema10
2023-06-07,2023-07-06,111.79332159091634,113.80159503058105,11.069810889334533,0.16122107363210558,0.7729996149962566,ema_trail,20,DHI,long,2023-06-06,0.9309791332263242,0.4380431354891141,xmom_f252_skip21_b55_s20_atr0.5_ema10
2023-06-21,2023-07-06,113.34560766652176,113.80159503058105,12.680339591173237,0.01808280819906953,0.5524042498678412,ema_trail,11,DHI,long,2023-06-20,0.9454253611556982,0.8547878349653455,xmom_f252_skip21_b55_s20_atr0.5_ema10
2023-06-23,2023-07-06,115.90687189692039,113.80159503058105,15.034950568073796,-0.15544385061670313,0.29553866701552933,ema_trail,9,DHI,long,2023-06-22,0.9502407704654896,0.7822319369506288,xmom_f252_skip21_b55_s20_atr0.5_ema10
2023-06-26,2023-07-06,116.9546580591604,113.80159503058105,16.052789931523833,-0.21098963850803643,0.2115285319111237,ema_trail,8,DHI,long,2023-06-23,0.9406099518459069,0.6703668498781363,xmom_f252_skip21_b55_s20_atr0.5_ema10
2023-04-21,2023-05-05,60.675838759987016,61.20143021702462,5.779637231183592,0.06994206787522708,0.42942675592089374,ema_trail,11,TOL,long,2023-04-20,0.9131832797427653,0.24987914257851052,xmom_f252_skip21_b55_s20_atr0.5_ema10
2023-05-26,2023-07-07,66.56434155064247,74.29862271928522,7.378060626240632,1.03023719519292,1.5183845194284644,ema_trail,28,TOL,long,2023-05-25,0.9052969502407705,0.3999759990292304,xmom_f252_skip21_b55_s20_atr0.5_ema10
2023-07-12,2023-07-21,78.87580940041067,76.85560159597007,10.039496852374953,-0.2169391011588597,0.28191004265936065,ema_trail,8,TOL,long,2023-07-11,0.9069020866773676,0.560628079406406,xmom_f252_skip21_b55_s20_atr0.5_ema10
2023-09-05,2023-09-06,81.44253228713902,77.66562935397846,10.063760759674452,-0.39148267648825563,0.0038791321150729178,ema_trail,2,TOL,long,2023-09-01,0.9502407704654896,0.8003825991126787,xmom_f252_skip21_b55_s20_atr0.5_ema10
2023-12-04,2024-01-03,85.71434098429437,97.01959590704249,9.993399622800723,1.1141179839718243,1.7963227510137303,ema_trail,21,TOL,long,2023-12-01,0.9582664526484751,0.5701574308202637,xmom_f252_skip21_b55_s20_atr0.5_ema10
2023-12-07,2024-01-03,88.39626993400654,97.01959590704249,12.713057573811525,0.6643982680112698,1.2010833793556743,ema_trail,18,TOL,long,2023-12-06,0.9678972712680578,0.7311716504480343,xmom_f252_skip21_b55_s20_atr0.5_ema10
2023-12-08,2024-01-03,88.80738107622498,97.01959590704249,13.143165187388632,0.6113139380135431,1.1304986887584345,ema_trail,17,TOL,long,2023-12-07,0.9678972712680578,0.7689286762870606,xmom_f252_skip21_b55_s20_atr0.5_ema10
2024-02-22,2024-03-15,106.51561445391943,115.00940591171498,14.484973776668767,0.5716793386416548,1.088132780173291,ema_trail,17,TOL,long,2024-02-21,0.9519230769230769,0.8215790834848948,xmom_f252_skip21_b55_s20_atr0.5_ema10
2024-03-22,2024-04-03,123.84645892258939,120.85501171848934,17.46661965483476,-0.18544745268147178,0.24482876587519434,ema_trail,8,TOL,long,2024-03-21,0.9487179487179487,0.8684586288652292,xmom_f252_skip21_b55_s20_atr0.5_ema10
2024-04-01,2024-04-03,126.74965143448034,120.85501171848934,16.340668124145054,-0.37624771350538866,0.08403196318421648,ema_trail,3,TOL,long,2024-03-28,0.9375,0.925935517407084,xmom_f252_skip21_b55_s20_atr0.5_ema10
2024-09-30,2024-10-07,151.0311979058084,145.22192998410108,19.992195984069355,-0.3056857947165337,0.132483517858927,ema_trail,6,TOL,long,2024-09-27,0.9568690095846646,0.9573434840688542,xmom_f252_skip21_b55_s20_atr0.5_ema10
2023-04-04,2023-04-10,55.90918470850335,53.35696752593222,7.949987276574468,-0.335099347874181,0.04434182399599428,ema_trail,4,MTH,long,2023-04-03,0.9469453376205788,0.38811060003436393,xmom_f252_skip21_b55_s20_atr0.5_ema10
2023-06-08,2023-07-06,45.77623904367509,47.55117585473459,5.708698742766188,0.2948805689046488,0.8207576574097418,ema_trail,19,KBH,long,2023-06-07,0.9069020866773676,0.36699956067381234,xmom_f252_skip21_b55_s20_atr0.5_ema10
2023-07-13,2023-07-21,50.29946173445652,49.74599094626426,5.768196794385929,-0.11339240580310476,0.44006204245784386,ema_trail,7,KBH,long,2023-07-12,0.9245585874799358,0.6332782972283222,xmom_f252_skip21_b55_s20_atr0.5_ema10
2023-07-17,2023-07-21,51.81675754255915,49.74599094626426,7.283690743282655,-0.2985299881636714,0.14018561338224084,ema_trail,5,KBH,long,2023-07-14,0.9197431781701445,0.6715540124218995,xmom_f252_skip21_b55_s20_atr0.5_ema10
2023-12-07,2024-01-04,53.574106551550514,57.881576522945736,6.047449030596312,0.6945609193299717,1.2417165916844732,ema_trail,19,KBH,long,2023-12-06,0.9550561797752809,0.6581287312145008,xmom_f252_skip21_b55_s20_atr0.5_ema10
2023-12-08,2024-01-04,53.58372894652838,57.881576522945736,6.063618088839156,0.691118744143495,1.2368185617566672,ema_trail,18,KBH,long,2023-12-07,0.9598715890850722,0.7213486262084299,xmom_f252_skip21_b55_s20_atr0.5_ema10
2023-12-11,2024-01-04,54.17022754565119,57.881576522945736,6.40551759457194,0.5624851495617542,1.0792409360353854,ema_trail,17,KBH,long,2023-12-08,0.9454253611556982,0.6536740504541696,xmom_f252_skip21_b55_s20_atr0.5_ema10
2024-03-01,2024-03-15,64.1162471561647,63.67248819045036,8.987183199235737,-0.06364524315864796,0.4776901296297435,ema_trail,11,KBH,long,2024-02-29,0.9375,0.7308067876274533,xmom_f252_skip21_b55_s20_atr0.5_ema10
2024-09-20,2024-09-26,85.55607240003035,81.35013614671833,11.798934604959001,-0.3709697989403585,0.11278403751181597,ema_trail,5,KBH,long,2024-09-19,0.9185303514376997,0.6818586088357919,xmom_f252_skip21_b55_s20_atr0.5_ema10
2023-03-06,2023-03-10,57.18193510284802,52.91334803065199,5.71611337366442,-0.7667711705291035,0.01817351639752112,ema_trail,5,LVS,long,2023-03-03,0.9131832797427653,0.3270266754126041,xmom_f252_skip21_b55_s20_atr0.5_ema10
2023-04-21,2023-05-04,57.98464857000558,58.05076129830465,8.361248941685183,-0.005962813592641947,0.4721171064694875,ema_trail,10,LVS,long,2023-04-20,0.9678456591639871,0.44246833085695614,xmom_f252_skip21_b55_s20_atr0.5_ema10
2023-07-28,2023-08-04,107.94540481994748,102.11053085521903,14.878097643104581,-0.4066894114767856,0.12745817849131147,ema_trail,6,RCL,long,2023-07-27,0.9903691813804173,2.062499837148712,xmom_f252_skip21_b55_s20_atr0.5_ema10
2024-03-21,2024-04-05,133.02568853691577,133.22992869696654,18.589994107547483,-0.0033249723838246568,0.25685281126766357,ema_trail,11,RCL,long,2024-03-20,0.9423076923076923,0.87677271850149,xmom_f252_skip21_b55_s20_atr0.5_ema10
2024-03-22,2024-04-05,131.7517530704041,133.22992869696654,17.28403119183949,0.07027713077694059,0.34996625771772705,ema_trail,10,RCL,long,2024-03-21,0.9407051282051282,0.812588969568107,xmom_f252_skip21_b55_s20_atr0.5_ema10
2024-03-28,2024-04-05,135.82645728881857,133.22992869696654,19.242256904438918,-0.1490563981488067,0.10259313685884015,ema_trail,6,RCL,long,2024-03-27,0.9487179487179487,1.037526774847068,xmom_f252_skip21_b55_s20_atr0.5_ema10
2024-04-30,2024-06-17,138.42298312222417,143.2659487717118,18.750528688409574,0.2435195166558522,0.7904114866039955,ema_trail,34,RCL,long,2024-04-29,0.9647435897435898,1.254459827958434,xmom_f252_skip21_b55_s20_atr0.5_ema10
2024-05-21,2024-06-17,142.81859580313582,143.2659487717118,15.831463840811296,0.0102148341174132,0.658500103283613,ema_trail,19,RCL,long,2024-05-20,0.9230769230769231,0.6125051327746238,xmom_f252_skip21_b55_s20_atr0.5_ema10
2024-06-04,2024-06-17,146.3195387424035,143.2659487717118,12.753737135008322,-0.2623724334878502,0.5429057821829437,ema_trail,10,RCL,long,2024-06-03,0.9214743589743589,0.6506064049133002,xmom_f252_skip21_b55_s20_atr0.5_ema10
2024-06-05,2024-06-17,151.4931170024724,143.2659487717118,17.98881527595472,-0.4741921207100064,0.09731043140502489,ema_trail,9,RCL,long,2024-06-04,0.9008,0.6028063253225524,xmom_f252_skip21_b55_s20_atr0.5_ema10
2024-07-15,2024-07-25,162.40435035605964,159.00068986747982,23.778860920154614,-0.15679763643058867,0.2605131991368921,ema_trail,9,RCL,long,2024-07-12,0.9041533546325878,0.5425438008164281,xmom_f252_skip21_b55_s20_atr0.5_ema10
2024-09-24,2024-10-02,172.53142445714627,166.66342215553874,25.03763630730893,-0.2481490294955727,0.2884837399143578,ema_trail,7,RCL,long,2024-09-23,0.902555910543131,0.6739823916881209,xmom_f252_skip21_b55_s20_atr0.5_ema10
2024-12-05,2024-12-11,245.637986838702,241.8169619733228,33.74914181315589,-0.1277751257478082,0.19351192467054307,ema_trail,5,RCL,long,2024-12-04,0.9361022364217252,0.7937802896374888,xmom_f252_skip21_b55_s20_atr0.5_ema10
2024-12-06,2024-12-11,247.44130194203254,241.8169619733228,35.32038919251116,-0.17324901317597127,0.13384751394287375,ema_trail,4,RCL,long,2024-12-05,0.9361022364217252,0.8484782586908743,xmom_f252_skip21_b55_s20_atr0.5_ema10
2025-06-02,2025-06-16,249.7732070657855,258.50027422294323,35.175166979554746,0.23390139833048515,0.722435571225938,ema_trail,11,RCL,long,2025-05-30,0.9076433121019108,0.44318665073188024,xmom_f252_skip21_b55_s20_atr0.5_ema10
2025-06-25,2025-07-30,276.71877777968166,329.1719190877006,39.68351701908384,1.3078403239183902,1.8448032906795657,ema_trail,25,RCL,long,2025-06-24,0.9235668789808917,0.6000765256238625,xmom_f252_skip21_b55_s20_atr0.5_ema10
2025-08-25,2025-09-03,30.778340357262643,30.88716666077813,3.4624853257389745,0.01365193447884869,0.4743137448677129,ema_trail,7,CCL,long,2025-08-22,0.947452229299363,0.9438642072579964,xmom_f252_skip21_b55_s20_atr0.5_ema10
2025-08-27,2025-09-03,31.43130480804339,30.88716666077813,4.094504616629127,-0.14824766698665218,0.24162628284798474,ema_trail,5,CCL,long,2025-08-26,0.9426751592356688,0.9242717710017128,xmom_f252_skip21_b55_s20_atr0.5_ema10
2025-08-28,2025-09-03,32.11394824029381,30.88716666077813,4.768411884770877,-0.27074202212259146,0.06431837386973681,ema_trail,4,CCL,long,2025-08-27,0.9363057324840764,0.7880794848033517,xmom_f252_skip21_b55_s20_atr0.5_ema10
2025-08-29,2025-09-03,31.94575926018142,30.88716666077813,4.587164078581321,-0.24470110479911203,0.07117249847743722,ema_trail,3,CCL,long,2025-08-28,0.9347133757961783,0.8156624118885096,xmom_f252_skip21_b55_s20_atr0.5_ema10
2023-03-07,2023-03-13,72.35832977294922,67.48999786376953,6.9878595041136435,-0.717394012540533,0.23016166844753347,ema_trail,5,DECK,long,2023-03-06,0.9694533762057878,0.5701933131499703,xmom_f252_skip21_b55_s20_atr0.5_ema10
2023-03-28,2023-04-10,75.20999908447266,74.11000061035156,10.26597972954076,-0.12180215675781152,0.1417304406775578,ema_trail,9,DECK,long,2023-03-27,0.9758842443729904,0.4818929001455281,xmom_f252_skip21_b55_s20_atr0.5_ema10
2023-03-29,2023-04-10,75.86000061035156,74.11000061035156,10.898351634671215,-0.17449611326273515,0.07386440923917452,ema_trail,8,DECK,long,2023-03-28,0.977491961414791,0.5124493951697915,xmom_f252_skip21_b55_s20_atr0.5_ema10
2023-04-19,2023-04-28,79.45500183105469,78.35333251953125,9.796353742052574,-0.1286784193770268,0.26727617010603,ema_trail,8,DECK,long,2023-04-18,0.9742765273311897,0.5198347230875047,xmom_f252_skip21_b55_s20_atr0.5_ema10
2023-04-20,2023-04-28,79.84500122070312,78.35333251953125,8.515245878937904,-0.19392965594779196,0.261687395902793,ema_trail,7,DECK,long,2023-04-19,0.9742765273311897,0.5333603000245708,xmom_f252_skip21_b55_s20_atr0.5_ema10
2023-04-24,2023-04-28,81.14666748046875,78.35333251953125,9.458689087290125,-0.31247758210701615,0.09796984034614367,ema_trail,5,DECK,long,2023-04-21,0.9742765273311897,0.49601205235161205,xmom_f252_skip21_b55_s20_atr0.5_ema10
2023-04-25,2023-04-28,81.45333099365234,78.35333251953125,9.05502692557242,-0.36034184800639135,0.021903164050706254,ema_trail,4,DECK,long,2023-04-24,0.9742765273311897,0.5294483817028777,xmom_f252_skip21_b55_s20_atr0.5_ema10
2023-05-09,2023-05-17,81.75333404541016,78.73666381835938,6.660213176145916,-0.4774887546440193,0.32431334787466587,ema_trail,7,DECK,long,2023-05-08,0.9727126805778491,0.7235799631759985,xmom_f252_skip21_b55_s20_atr0.5_ema10
2023-07-03,2023-07-21,88.19667053222656,90.76000213623047,10.565650354918205,0.2259149397110569,0.5330159784063173,ema_trail,14,DECK,long,2023-06-30,0.9598715890850722,0.8252381979724115,xmom_f252_skip21_b55_s20_atr0.5_ema10
2023-07-11,2023-07-21,90.09500122070312,90.76000213623047,10.205966651403386,0.04750269422243046,0.36579874307504834,ema_trail,9,DECK,long,2023-07-10,0.9614767255216693,0.8300146309469754,xmom_f252_skip21_b55_s20_atr0.5_ema10
2023-07-12,2023-07-21,92.65666961669922,90.76000213623047,12.539291105066411,-0.1660365647672809,0.09343920379037404,ema_trail,8,DECK,long,2023-07-11,0.9614767255216693,0.821277571227351,xmom_f252_skip21_b55_s20_atr0.5_ema10
2023-07-13,2023-07-21,92.34166717529297,90.76000213623047,12.233684555273015,-0.14438400511575614,0.06852662630748237,ema_trail,7,DECK,long,2023-07-12,0.956661316211878,0.8664195773926611,xmom_f252_skip21_b55_s20_atr0.5_ema10
2023-08-08,2023-08-14,93.85832977294922,92.25833129882812,9.723763465155741,-0.18385012552733448,0.09118619316585885,ema_trail,5,DECK,long,2023-08-07,0.9630818619582665,0.6823999468243238,xmom_f252_skip21_b55_s20_atr0.5_ema10
2023-12-01,2023-12-26,110.75833129882812,115.39833068847656,13.456913042222894,0.32834296492718584,0.7291173217223482,ema_trail,17,DECK,long,2023-11-30,0.9486356340288925,0.5360036507095332,xmom_f252_skip21_b55_s20_atr0.5_ema10
2023-12-04,2023-12-26,114.0616683959961,115.39833068847656,16.80689897892168,0.06595737602033232,0.3872416504074028,ema_trail,16,DECK,long,2023-12-01,0.9406099518459069,0.4891194487923396,xmom_f252_skip21_b55_s20_atr0.5_ema10
2023-12-05,2023-12-26,115.0,115.39833068847656,16.533008967016983,0.010181491391698801,0.3369017524841519,ema_trail,15,DECK,long,2023-12-04,0.9438202247191011,0.539381615139676,xmom_f252_skip21_b55_s20_atr0.5_ema10
2024-01-19,2024-02-01,124.0433349609375,126.62666320800781,16.67469361323971,0.1400470456197321,0.3179468470446798,ema_trail,10,DECK,long,2024-01-18,0.9262820512820513,0.673357173374721,xmom_f252_skip21_b55_s20_atr0.5_ema10
2024-01-22,2024-02-01,125.46666717529297,126.62666320800781,18.082690776590198,0.0502725346352285,0.21447770651650122,ema_trail,9,DECK,long,2024-01-19,0.9198717948717948,0.6813056883297266,xmom_f252_skip21_b55_s20_atr0.5_ema10
2024-03-05,2024-03-18,153.3350067138672,152.6666717529297,19.34800672497221,-0.05039304504204088,0.27143174398578035,ema_trail,10,DECK,long,2024-03-04,0.9519230769230769,0.8364461857921832,xmom_f252_skip21_b55_s20_atr0.5_ema10
2024-10-07,2024-10-11,164.5,157.9199981689453,22.697412951210225,-0.30439600521460747,0.03260307660413807,ema_trail,5,DECK,long,2024-10-04,0.9057507987220448,0.7213044687511425,xmom_f252_skip21_b55_s20_atr0.5_ema10
2024-10-28,2024-11-01,168.64999389648438,162.8000030517578,21.23496672382177,-0.29137275857270434,0.09842311616787582,ema_trail,5,DECK,long,2024-10-25,0.9089456869009584,0.9162469105135227,xmom_f252_skip21_b55_s20_atr0.5_ema10
2025-01-24,2025-01-28,218.5500030517578,213.08999633789062,26.359399179325862,-0.22371931468741166,0.00872537822180151,ema_trail,3,DECK,long,2025-01-23,0.9057507987220448,0.6043767383780079,xmom_f252_skip21_b55_s20_atr0.5_ema10
2025-01-31,2025-01-31,196.10000610351562,192.23497185266373,3.865034250851892,-1.1014738775265929,0.6597581360130786,stop,1,DECK,long,2025-01-30,0.9073482428115016,0.6039290063332761,xmom_f252_skip21_b55_s20_atr0.5_ema10
2023-08-15,2023-09-13,41.279998779296875,52.08000183105469,6.165223864327018,1.7383704614867395,2.3097298641273594,ema_trail,21,ANF,long,2023-08-14,0.9743178170144462,0.8069358384495426,xmom_f252_skip21_b55_s20_atr0.5_ema10
2023-09-29,2023-10-06,56.790000915527344,54.099998474121094,8.42641188360384,-0.332713672434234,0.1910659759564223,ema_trail,6,ANF,long,2023-09-28,0.9887640449438202,2.201497036589561,xmom_f252_skip21_b55_s20_atr0.5_ema10
2024-02-13,2024-03-08,108.80000305175781,127.94999694824219,15.17596861145796,1.2475245814680174,2.0743318949520924,ema_trail,18,ANF,long,2024-02-12,0.9983974358974359,2.2367642485717463,xmom_f252_skip21_b55_s20_atr0.5_ema10
2023-11-16,2023-11-21,17.937271958518945,14.963078451099788,2.6465215076027935,-1.1373676891304392,0.25399132436664,gap_stop,4,AEO,long,2023-11-15,0.9293739967897271,0.5044418694145953,xmom_f252_skip21_b55_s20_atr0.5_ema10
2023-07-11,2023-07-24,34.779998779296875,34.599998474121094,4.2612704619457205,-0.05856476488948893,0.26987292549222724,ema_trail,10,URBN,long,2023-07-10,0.9229534510433387,0.5838263236862691,xmom_f252_skip21_b55_s20_atr0.5_ema10
2023-08-01,2023-08-14,36.779998779296875,36.0,4.53817832694147,-0.18808400978608733,0.22916704470453414,ema_trail,10,URBN,long,2023-07-31,0.9357945425361156,0.610319402627792,xmom_f252_skip21_b55_s20_atr0.5_ema10
2023-08-02,2023-08-14,36.2400016784668,36.0,3.9883113183677352,-0.0783493706683904,0.3961571427688988,ema_trail,9,URBN,long,2023-08-01,0.9357945425361156,0.6176758695619375,xmom_f252_skip21_b55_s20_atr0.5_ema10
2026-01-13,2026-01-21,136.72000122070312,131.8000030517578,19.711691340066835,-0.2634699418628939,0.28815349113324695,ema_trail,6,DLTR,long,2026-01-12,0.9331210191082803,0.7262747777754692,xmom_f252_skip21_b55_s20_atr0.5_ema10
2026-01-13,2026-01-23,147.0491455078125,143.81109751888008,20.110813008843152,-0.1756341863650615,0.30774169607214014,ema_trail,8,DG,long,2026-01-12,0.9394904458598726,0.7888677580081818,xmom_f252_skip21_b55_s20_atr0.5_ema10
2026-01-14,2026-01-23,150.54465460216343,143.81109751888008,22.39013249906185,-0.3141851167152512,0.1202952510662,ema_trail,7,DG,long,2026-01-13,0.9490445859872612,0.8922215911479716,xmom_f252_skip21_b55_s20_atr0.5_ema10
2024-12-04,2024-12-19,91.99461595414958,93.21465412790764,11.929925057777808,0.08684454737410914,0.2252731141935086,ema_trail,12,WMT,long,2024-12-03,0.9121405750798722,0.6191427439875099,xmom_f252_skip21_b55_s20_atr0.5_ema10
2024-12-05,2024-12-19,93.41219284760979,93.21465412790764,13.347947350819183,-0.028795671371432442,0.09513930816655759,ema_trail,11,WMT,long,2024-12-04,0.9105431309904153,0.6246860913818455,xmom_f252_skip21_b55_s20_atr0.5_ema10
2025-01-28,2025-02-21,95.92782074759961,95.23719031953138,8.41010239933668,-0.10493166761358752,0.946709104084902,ema_trail,18,WMT,long,2025-01-27,0.9201277955271565,0.7090271283829297,xmom_f252_skip21_b55_s20_atr0.5_ema10
2025-02-04,2025-02-21,98.63112886554795,95.23719031953138,10.533959933411793,-0.3409165049467328,0.4992056570398201,ema_trail,13,WMT,long,2025-02-03,0.9185303514376997,0.6599020858609823,xmom_f252_skip21_b55_s20_atr0.5_ema10
2025-02-05,2025-02-21,99.30200451192778,95.23719031953138,11.196241470525848,-0.3807901261011313,0.40975685952177643,ema_trail,12,WMT,long,2025-02-04,0.9137380191693291,0.6234105792442504,xmom_f252_skip21_b55_s20_atr0.5_ema10
2025-02-06,2025-02-21,101.15684303990325,95.23719031953138,13.065298535691923,-0.4685668980106061,0.2091722747833823,ema_trail,11,WMT,long,2025-02-05,0.9073482428115016,0.6253129313579304,xmom_f252_skip21_b55_s20_atr0.5_ema10
2025-02-07,2025-02-21,101.62054039645547,95.23719031953138,13.508372061964607,-0.4875932590177021,0.1679847762908325,ema_trail,10,WMT,long,2025-02-06,0.9057507987220448,0.6457826337692469,xmom_f252_skip21_b55_s20_atr0.5_ema10
2025-02-13,2025-02-21,102.60715627744821,95.23719031953138,14.50058915783896,-0.5224049994118078,0.0884505425213259,ema_trail,6,WMT,long,2025-02-12,0.9169329073482428,0.6415482885842165,xmom_f252_skip21_b55_s20_atr0.5_ema10
2025-06-03,2025-06-06,98.74441213059643,97.55436623568777,8.62284601667335,-0.16091377678400903,0.1518123918973132,ema_trail,4,WMT,long,2025-06-02,0.9299363057324841,0.5122143442186025,xmom_f252_skip21_b55_s20_atr0.5_ema10
2025-06-04,2025-06-06,98.96259164685713,97.55436623568777,8.851300536850701,-0.1814592768346506,0.038093527073131,ema_trail,3,WMT,long,2025-06-03,0.9299363057324841,0.5337256436487088,xmom_f252_skip21_b55_s20_atr0.5_ema10
2024-07-08,2024-07-12,877.2903266683809,840.7855320325511,58.5898905796945,-0.6530030165720442,0.16682323474874378,ema_trail,5,COST,long,2024-07-05,0.9121405750798722,0.5744349605274219,xmom_f252_skip21_b55_s20_atr0.5_ema10
2025-05-27,2025-06-11,170.67717935686045,171.55839338731573,16.76523134101015,0.03220114657296663,0.3285106404098473,ema_trail,12,PM,long,2025-05-23,0.9665605095541401,0.7729769470945116,xmom_f252_skip21_b55_s20_atr0.5_ema10
2025-05-28,2025-06-11,170.76336941964547,171.55839338731573,16.81562743253673,0.026968796177863304,0.32240050770746786,ema_trail,11,PM,long,2025-05-27,0.9633757961783439,0.7599994005123478,xmom_f252_skip21_b55_s20_atr0.5_ema10
2025-06-02,2025-06-11,172.28631329000322,171.55839338731573,18.32284702952606,-0.05853307226432904,0.21276294808495996,ema_trail,8,PM,long,2025-05-30,0.964968152866242,0.7896389280559679,xmom_f252_skip21_b55_s20_atr0.5_ema10
2025-06-03,2025-06-11,174.51809274450838,171.55839338731573,20.556720874283883,-0.16095638807942553,0.08107535764089208,ema_trail,7,PM,long,2025-06-02,0.9617834394904459,0.7839820574442553,xmom_f252_skip21_b55_s20_atr0.5_ema10
2025-06-13,2025-06-26,176.2613611187649,173.22503663234477,19.809841862220054,-0.1710688672947281,0.12909979009664005,ema_trail,9,PM,long,2025-06-12,0.9347133757961783,0.6509923741087353,xmom_f252_skip21_b55_s20_atr0.5_ema10
2025-06-16,2025-06-26,176.15601864262254,173.22503663234477,16.38339924092503,-0.20040371349563957,0.16252969626419636,ema_trail,8,PM,long,2025-06-13,0.9315286624203821,0.6508792884083776,xmom_f252_skip21_b55_s20_atr0.5_ema10
2025-05-08,2025-05-12,55.67229447644237,53.637974636969005,5.650304920245688,-0.3797431216035945,0.08145644655037411,ema_trail,3,MO,long,2025-05-07,0.9250398724082934,0.38077795059263364,xmom_f252_skip21_b55_s20_atr0.5_ema10
2022-12-01,2022-12-21,72.78122999366944,71.62856813438093,8.774194095419361,-0.14795938010461857,0.30166877848265106,ema_trail,15,GIS,long,2022-11-30,0.9129032258064517,0.35943119951256897,xmom_f252_skip21_b55_s20_atr0.5_ema10
2023-05-08,2023-05-19,77.32113507576993,76.30091619776317,3.7714687696863223,-0.3115128932264798,0.33470062148299734,ema_trail,10,GIS,long,2023-05-05,0.9069020866773676,0.2548097611879767,xmom_f252_skip21_b55_s20_atr0.5_ema10
2022-12-01,2022-12-30,45.864592244348714,48.55847672849795,5.664540775337251,0.4593762147480727,0.6265452385085708,ema_trail,21,CPB,long,2022-11-30,0.9112903225806451,0.35475799814381537,xmom_f252_skip21_b55_s20_atr0.5_ema10
2023-04-03,2023-04-10,54.220001220703125,52.279998779296875,4.94860094509724,-0.4139437522997531,0.06062304081273053,ema_trail,5,MNST,long,2023-03-31,0.9260450160771704,0.27591811942185074,xmom_f252_skip21_b55_s20_atr0.5_ema10
2026-01-26,2026-01-30,82.69999694824219,79.9800033569336,8.602807488326945,-0.33540138950223364,0.06277031262876276,ema_trail,5,MNST,long,2026-01-23,0.9124203821656051,0.5781346292813407,xmom_f252_skip21_b55_s20_atr0.5_ema10
2022-08-26,2022-08-31,81.03865295018993,77.69585039462596,11.093574710371982,-0.31593782463892744,0.04258892907686326,ema_trail,4,ADM,long,2022-08-25,0.9478827361563518,0.35491912027665196,xmom_f252_skip21_b55_s20_atr0.5_ema10
2023-03-10,2023-03-17,51.34285239139599,52.89681033033096,5.436159355870586,-0.3047452319308342,0.23328259869827742,ema_trail,6,TSN,short,2023-03-09,0.06591639871382636,-0.3225100115018388,xmom_f252_skip21_b55_s20_atr0.5_ema10
2023-03-13,2023-03-17,50.6462552506418,52.89681033033096,6.134256505052065,-0.38339570382384575,0.09317579730331152,ema_trail,5,TSN,short,2023-03-10,0.08520900321543408,-0.32602141893527703,xmom_f252_skip21_b55_s20_atr0.5_ema10
2023-05-08,2023-05-24,79.18715350307899,80.61155257423893,6.327230924143251,0.20009144273886442,0.5462958122003254,ema_trail,13,CAH,long,2023-05-05,0.9486356340288925,0.3524309642198695,xmom_f252_skip21_b55_s20_atr0.5_ema10
2023-05-09,2023-05-24,80.46911361560174,80.61155257423893,7.604236561978013,-0.002432758166219587,0.28596948903907426,ema_trail,12,CAH,long,2023-05-08,0.9438202247191011,0.41027888840488136,xmom_f252_skip21_b55_s20_atr0.5_ema10
2023-05-10,2023-05-24,80.18423792925272,80.61155257423893,7.323577871741293,0.03645023973292375,0.33582701974128815,ema_trail,11,CAH,long,2023-05-09,0.9373996789727127,0.40749210325981977,xmom_f252_skip21_b55_s20_atr0.5_ema10
2023-05-18,2023-05-24,82.10243677930617,80.61155257423893,9.138483458800025,-0.18111200683216958,0.005195556470447754,ema_trail,5,CAH,long,2023-05-17,0.9213483146067416,0.45777398033200223,xmom_f252_skip21_b55_s20_atr0.5_ema10
2023-06-13,2023-07-14,82.95706137127004,89.6170033149635,6.887377840061006,0.9428882764610155,1.1374713814493624,ema_trail,22,CAH,long,2023-06-12,0.9614767255216693,0.6693704614647191,xmom_f252_skip21_b55_s20_atr0.5_ema10
2023-06-14,2023-07-14,83.11850475327178,89.6170033149635,7.048283297266806,0.8984118948000727,1.0885986673196768,ema_trail,21,CAH,long,2023-06-13,0.9486356340288925,0.6333607418266225,xmom_f252_skip21_b55_s20_atr0.5_ema10
2023-06-16,2023-07-14,85.37854795711856,89.6170033149635,9.349246718472457,0.43508299485707785,0.5789459582615197,ema_trail,19,CAH,long,2023-06-15,0.9454253611556982,0.729219860510248,xmom_f252_skip21_b55_s20_atr0.5_ema10
2023-06-20,2023-07-14,86.54653620786475,89.6170033149635,10.532125963004646,0.27509868803890064,0.4030259763900758,ema_trail,18,CAH,long,2023-06-16,0.9470304975922953,0.7469294325652347,xmom_f252_skip21_b55_s20_atr0.5_ema10
2023-07-03,2023-07-14,89.57882865786318,89.6170033149635,11.4564410279892,-0.0123060032230758,0.08083253730313975,ema_trail,9,CAH,long,2023-06-30,0.9181380417335474,0.5789751872379179,xmom_f252_skip21_b55_s20_atr0.5_ema10
2025-06-13,2025-07-03,159.1739114858002,160.13460330907253,14.690948194016812,0.043723794530997985,0.5127207237546201,ema_trail,14,CAH,long,2025-06-12,0.910828025477707,0.5268102981077285,xmom_f252_skip21_b55_s20_atr0.5_ema10
2025-06-16,2025-07-03,158.8581741578259,160.13460330907253,11.638267111701992,0.08237590645835952,0.6743350056608647,ema_trail,13,CAH,long,2025-06-13,0.9140127388535032,0.5257306310010184,xmom_f252_skip21_b55_s20_atr0.5_ema10
2025-06-18,2025-07-03,162.9924328582758,160.13460330907253,15.734596234168777,-0.20234484365133878,0.2360297120390977,ema_trail,11,CAH,long,2025-06-17,0.9140127388535032,0.5605504989776064,xmom_f252_skip21_b55_s20_atr0.5_ema10
2025-06-20,2025-07-03,163.63376904483763,160.13460330907253,16.329295210335005,-0.23432935865064058,0.1881585207483957,ema_trail,10,CAH,long,2025-06-18,0.9092356687898089,0.5629744221749104,xmom_f252_skip21_b55_s20_atr0.5_ema10
2026-02-03,2026-02-05,217.69722987883063,216.00503497069005,20.84925051942443,-0.10204632372353377,0.07495754541224259,ema_trail,3,CAH,long,2026-02-02,0.928343949044586,0.6182953598916083,xmom_f252_skip21_b55_s20_atr0.5_ema10
2026-02-06,2026-02-13,225.1728218635018,215.40777812555805,29.19944717682705,-0.34984872555319424,0.15681460048104454,ema_trail,6,CAH,long,2026-02-05,0.9235668789808917,0.6864854106718699,xmom_f252_skip21_b55_s20_atr0.5_ema10
2026-01-23,2026-01-27,81.61366647304985,74.73404648676095,6.27041778675202,-1.1231862945583866,0.2640120921284541,gap_stop,3,CVS,long,2026-01-22,0.9044585987261147,0.5248082852206828,xmom_f252_skip21_b55_s20_atr0.5_ema10
2025-07-15,2025-07-25,81.58000183105469,82.08999633789062,7.160438693357264,0.04843760529583004,0.4929863840006972,ema_trail,9,USFD,long,2025-07-14,0.9028662420382165,0.5134435221941538,xmom_f252_skip21_b55_s20_atr0.5_ema10
2023-01-27,2023-01-31,104.08211487027636,99.76575433447994,12.240874920362216,-0.369624295238129,0.052347586819279764,ema_trail,3,XOM,long,2023-01-26,0.9565217391304348,0.5079589927268566,xmom_f252_skip21_b55_s20_atr0.5_ema10
2023-02-13,2023-02-21,105.5735546425414,99.37653874919886,13.73457645168267,-0.46657157759259,0.030036310324625275,ema_trail,6,XOM,long,2023-02-10,0.9581320450885669,0.44960191956981066,xmom_f252_skip21_b55_s20_atr0.5_ema10
2023-08-10,2023-08-16,55.03589307322588,54.04434472668302,4.999180134857333,-0.2203601596606093,0.10380613074405737,ema_trail,5,SLB,long,2023-08-09,0.9518459069020867,0.6472533516189976,xmom_f252_skip21_b55_s20_atr0.5_ema10
2023-09-05,2023-09-20,56.019458821463964,55.95432093595794,5.203542438631416,-0.034049266483075526,0.34335579549573014,ema_trail,12,SLB,long,2023-09-01,0.9101123595505618,0.5476463032330161,xmom_f252_skip21_b55_s20_atr0.5_ema10
2023-09-13,2023-09-20,57.62931520348332,55.95432093595794,6.786018659095809,-0.2638149094289243,0.013712628189683797,ema_trail,6,SLB,long,2023-09-12,0.9197431781701445,0.524945594745019,xmom_f252_skip21_b55_s20_atr0.5_ema10
2026-06-30,2026-07-10,267.0,280.69000244140625,39.12329016210572,0.3362703491167257,0.5124821483544064,time,8,VLO,long,2026-06-29,0.9012738853503185,0.8333557268737566,xmom_f252_skip21_b55_s20_atr0.5_ema10
2026-05-19,2026-05-26,42.81784358835741,41.21466350666897,5.9512382910794415,-0.2837755247334985,0.09871899495850073,ema_trail,5,HAL,long,2026-05-18,0.9076433121019108,0.8140922116937117,xmom_f252_skip21_b55_s20_atr0.5_ema10
2026-05-20,2026-05-26,42.817843061908754,41.21466350666897,4.800309097312535,-0.3518138534681212,0.12238811655513611,ema_trail,4,HAL,long,2026-05-19,0.9028662420382165,0.7734407370328833,xmom_f252_skip21_b55_s20_atr0.5_ema10
2023-01-24,2023-02-08,9.762251803344208,9.922503421095465,1.2200090858968213,0.11534923450272577,0.418877376298666,ema_trail,12,ET,long,2023-01-23,0.9243156199677939,0.3234496049628861,xmom_f252_skip21_b55_s20_atr0.5_ema10
2022-12-02,2022-12-06,68.4970588575772,66.25822566870623,8.74771096152854,-0.2715941709819573,0.2146873658302158,ema_trail,3,TRGP,long,2022-12-01,0.9161290322580645,0.375939840282852,xmom_f252_skip21_b55_s20_atr0.5_ema10
2024-06-11,2024-06-17,115.2168162225442,114.25796240872025,8.603566907775331,-0.13823190532687546,0.2318139434968449,ema_trail,5,TRGP,long,2024-06-10,0.904,0.6105757748367846,xmom_f252_skip21_b55_s20_atr0.5_ema10
2024-06-12,2024-06-17,116.97152758931654,114.25796240872025,10.354669859959856,-0.28465496975162385,0.023150463462380595,ema_trail,4,TRGP,long,2024-06-11,0.9088,0.6381398369340563,xmom_f252_skip21_b55_s20_atr0.5_ema10
2024-06-13,2024-06-17,116.44414868347087,114.25796240872025,8.501054978153306,-0.28456169008838306,0.03834928906723038,ema_trail,3,TRGP,long,2024-06-12,0.92,0.6495514813860328,xmom_f252_skip21_b55_s20_atr0.5_ema10
2024-06-20,2024-07-25,118.81255264365193,126.20536920869462,10.88212789001696,0.657517677798973,1.266189212211488,ema_trail,25,TRGP,long,2024-06-18,0.9249201277955271,0.6795809939026876,xmom_f252_skip21_b55_s20_atr0.5_ema10
2024-06-21,2024-07-25,124.34517116980167,126.20536920869462,16.447347974950034,0.09797978975137714,0.5013704596421747,ema_trail,24,TRGP,long,2024-06-20,0.9233226837060703,0.6979721921323101,xmom_f252_skip21_b55_s20_atr0.5_ema10
2024-06-26,2024-07-25,124.65200626148896,126.20536920869462,16.215340466145875,0.08042131075849263,0.48962150002239596,ema_trail,21,TRGP,long,2024-06-25,0.9153354632587859,0.6685176005469426,xmom_f252_skip21_b55_s20_atr0.5_ema10
2024-07-02,2024-07-25,126.42591625759343,126.20536920869462,17.833956861947797,-0.026544803549686913,0.34571516428073007,ema_trail,17,TRGP,long,2024-07-01,0.9121405750798722,0.5883550839509917,xmom_f252_skip21_b55_s20_atr0.5_ema10
2024-07-23,2024-07-25,131.4599240995279,126.20536920869462,12.513450723727018,-0.44092351988652867,0.04980673737493302,ema_trail,3,TRGP,long,2024-07-22,0.9217252396166135,0.6263454888055291,xmom_f252_skip21_b55_s20_atr0.5_ema10
2024-09-24,2024-09-27,151.05986729633645,141.13770122223644,15.620361536033812,-0.6545486021630675,0.06296444490820884,ema_trail,4,TRGP,long,2024-09-23,0.9233226837060703,0.7610285457336001,xmom_f252_skip21_b55_s20_atr0.5_ema10
2024-09-25,2024-09-27,150.86702143591538,141.13770122223644,15.387950631785202,-0.6518772055214886,0.02819809412112392,ema_trail,3,TRGP,long,2024-09-24,0.9153354632587859,0.747979964355445,xmom_f252_skip21_b55_s20_atr0.5_ema10
2024-10-10,2024-12-03,157.3853622827973,189.40249125057957,19.983648727202223,1.5864149073068254,2.2967454158787564,ema_trail,38,TRGP,long,2024-10-09,0.9313099041533547,0.7759276702513502,xmom_f252_skip21_b55_s20_atr0.5_ema10
2024-10-14,2024-12-03,159.10171411882007,189.40249125057957,21.704003526226103,1.3814305580669632,2.0356153055966852,ema_trail,36,TRGP,long,2024-10-11,0.9233226837060703,0.7573308761797592,xmom_f252_skip21_b55_s20_atr0.5_ema10
2024-10-15,2024-12-03,157.57821315869725,189.40249125057957,20.152012193680747,1.563571982923151,2.267987052189512,ema_trail,35,TRGP,long,2024-10-14,0.9041533546325878,0.774522277906659,xmom_f252_skip21_b55_s20_atr0.5_ema10
2023-12-19,2024-01-11,47.34083595172364,48.74927957431089,4.789736834286423,0.27428687548749786,0.602110905804114,ema_trail,16,NRG,long,2023-12-18,0.9085072231139647,0.5569269408826316,xmom_f252_skip21_b55_s20_atr0.5_ema10
2023-12-20,2024-01-11,47.781565970476606,48.74927957431089,5.228134227461382,0.16681868405601732,0.4673221189060621,ema_trail,15,NRG,long,2023-12-19,0.9085072231139647,0.6141631212793148,xmom_f252_skip21_b55_s20_atr0.5_ema10
2024-01-22,2024-02-08,50.502641436762076,51.089641207207,3.6684372106175616,0.13247997980305828,0.8021414988358534,ema_trail,14,NRG,long,2024-01-19,0.907051282051282,0.6244414904976214,xmom_f252_skip21_b55_s20_atr0.5_ema10
2024-01-23,2024-02-08,50.49305885967848,51.089641207207,3.4844222490591363,0.14223196684701137,0.8472533144887181,ema_trail,13,NRG,long,2024-01-22,0.9134615384615384,0.6810475276564922,xmom_f252_skip21_b55_s20_atr0.5_ema10
2024-01-26,2024-02-08,51.489508511618745,51.089641207207,3.8278895689116155,-0.1313638526876193,0.510918252066868,ema_trail,10,NRG,long,2024-01-25,0.9102564102564102,0.5842313380949531,xmom_f252_skip21_b55_s20_atr0.5_ema10
2024-01-29,2024-02-08,52.035632725934775,51.089641207207,4.366129974925876,-0.2405019525781455,0.3228521462788611,ema_trail,9,NRG,long,2024-01-26,0.9118589743589743,0.5977548611226746,xmom_f252_skip21_b55_s20_atr0.5_ema10
2024-01-30,2024-02-08,52.112289233362446,51.089641207207,4.452574999917594,-0.25308335168818596,0.2993678772248165,ema_trail,8,NRG,long,2024-01-29,0.9134615384615384,0.5942959556695799,xmom_f252_skip21_b55_s20_atr0.5_ema10
2024-02-05,2024-02-08,52.4026028043515,51.089641207207,4.806433710414346,-0.29497271535884406,0.0401718400509595,ema_trail,4,NRG,long,2024-02-02,0.9423076923076923,0.5391679960795415,xmom_f252_skip21_b55_s20_atr0.5_ema10
2024-03-04,2024-04-19,54.48789425002464,67.84920999643778,5.584630705651399,2.3730020222290276,3.4746803085722897,ema_trail,34,NRG,long,2024-03-01,0.9262820512820513,0.6681763446935016,xmom_f252_skip21_b55_s20_atr0.5_ema10
2024-03-05,2024-04-19,55.73327415506426,67.84920999643778,6.858993232883002,1.7501794921610707,2.6475352609296308,ema_trail,33,NRG,long,2024-03-04,0.9294871794871795,0.7202991864768153,xmom_f252_skip21_b55_s20_atr0.5_ema10
2024-05-06,2024-05-08,75.49667952665854,71.91454053172535,9.885660254718687,-0.3776310593118536,0.5165305538395542,ema_trail,3,NRG,long,2024-05-03,0.9631410256410257,1.1713183966188092,xmom_f252_skip21_b55_s20_atr0.5_ema10
2024-05-07,2024-05-08,75.57434286114918,71.91454053172535,9.954514312625946,-0.382836459465677,0.505155959801153,ema_trail,2,NRG,long,2024-05-06,0.9711538461538461,1.3816048538306864,xmom_f252_skip21_b55_s20_atr0.5_ema10
2024-09-23,2024-10-10,85.72792271566604,85.71815377531479,12.73871520380267,-0.01422630013178131,0.6566502327633011,ema_trail,14,NRG,long,2024-09-20,0.9648562300319489,1.1872149024354015,xmom_f252_skip21_b55_s20_atr0.5_ema10
2025-06-30,2025-07-02,161.97728455433747,153.78102111816406,18.368944191775142,-0.46383819975331453,0.04682667254775724,ema_trail,3,NRG,long,2025-06-27,0.9601910828025477,0.9319459033763964,xmom_f252_skip21_b55_s20_atr0.5_ema10
2025-10-30,2025-11-05,174.89503706305058,166.66769055426607,21.165742299586668,-0.4052367482088311,0.17094858856259743,ema_trail,5,NRG,long,2025-10-29,0.9426751592356688,0.8790989583100779,xmom_f252_skip21_b55_s20_atr0.5_ema10
2023-07-18,2023-07-28,94.06304102041409,94.31780859035442,8.807182108271874,0.007566720783133116,0.2492049325582113,ema_trail,9,CEG,long,2023-07-17,0.9085072231139647,0.6260035988413937,xmom_f252_skip21_b55_s20_atr0.5_ema10
2024-05-08,2024-06-03,195.89058204953753,212.9492940886588,23.804089860538937,0.700170893853484,1.565113630033934,ema_trail,18,CEG,long,2024-05-07,0.9743589743589743,1.4406495577274328,xmom_f252_skip21_b55_s20_atr0.5_ema10
2023-12-05,2024-01-11,36.252361656612955,37.76394715481514,3.5922448313556075,0.40060765411301175,0.7774991878270299,ema_trail,26,VST,long,2023-12-04,0.9309791332263242,0.45645229874584015,xmom_f252_skip21_b55_s20_atr0.5_ema10
2023-12-06,2024-01-11,36.52573839872527,37.76394715481514,3.862538169402221,0.301655861558191,0.6523147697806334,ema_trail,25,VST,long,2023-12-05,0.9325842696629213,0.5034156515456258,xmom_f252_skip21_b55_s20_atr0.5_ema10
2023-12-14,2024-01-11,37.414234588678845,37.76394715481514,4.373007364248878,0.06285928059628468,0.37299148410400695,ema_trail,19,VST,long,2023-12-13,0.9020866773675762,0.4640287019131921,xmom_f252_skip21_b55_s20_atr0.5_ema10
2024-01-09,2024-01-11,38.294174728936326,37.76394715481514,3.0362460929681063,-0.19985729252461856,0.2473957457767075,ema_trail,3,VST,long,2024-01-08,0.9102564102564102,0.6620418303472946,xmom_f252_skip21_b55_s20_atr0.5_ema10
2024-01-10,2024-01-11,38.961864125470754,37.76394715481514,3.698556144363721,-0.3449564232925933,0.0,ema_trail,2,VST,long,2024-01-09,0.9214743589743589,0.6884414101791054,xmom_f252_skip21_b55_s20_atr0.5_ema10
2024-01-22,2024-01-25,39.52154767044834,39.02078460549823,3.0992963727203744,-0.18707670727923698,0.0760359943238367,ema_trail,4,VST,long,2024-01-19,0.9423076923076923,0.7958188429118147,xmom_f252_skip21_b55_s20_atr0.5_ema10
2024-01-31,2024-03-27,40.601641931568864,67.29547882080078,3.885978347301581,6.848374135653269,8.073637677367223,time,40,VST,long,2024-01-30,0.9551282051282052,0.7608791483778763,xmom_f252_skip21_b55_s20_atr0.5_ema10
2024-02-02,2024-04-01,42.31996276089139,70.47796630859375,5.3616365550927725,5.235969154887043,5.534756876356362,time,40,VST,long,2024-02-01,0.9487179487179487,0.6976542578284235,xmom_f252_skip21_b55_s20_atr0.5_ema10
2024-02-05,2024-04-02,43.24295576444388,70.10354614257812,6.33228869912454,4.228187585683983,4.540595534162235,time,40,VST,long,2024-02-02,0.9615384615384616,0.6922853727174534,xmom_f252_skip21_b55_s20_atr0.5_ema10
2024-02-16,2024-04-10,44.372140150379195,67.57134657975183,6.475490831852831,3.5689128050945422,4.694885760137291,ema_trail,37,VST,long,2024-02-15,0.9567307692307693,0.7750813932976925,xmom_f252_skip21_b55_s20_atr0.5_ema10
2025-08-01,2025-08-07,199.10555550200272,189.21743390771465,23.712795668573705,-0.43378827402137277,0.7005866518767714,ema_trail,5,VST,long,2025-07-31,0.9792993630573248,1.6164789820473664,xmom_f252_skip21_b55_s20_atr0.5_ema10
2025-02-19,2025-02-21,649.4036810058208,625.789129136776,64.50340494398279,-0.3862332423023586,0.029491812366558498,ema_trail,3,GS,long,2025-02-18,0.9105431309904153,0.6607740348927169,xmom_f252_skip21_b55_s20_atr0.5_ema10
2026-01-16,2026-01-26,963.6591084375203,909.5931713770888,114.79150824253782,-0.48778220736503414,0.10094554175864048,ema_trail,6,GS,long,2026-01-15,0.9028662420382165,0.5882717328970932,xmom_f252_skip21_b55_s20_atr0.5_ema10
2025-08-28,2025-09-03,95.83761952777168,93.39665059277291,10.813011550276386,-0.24347002329679523,0.010922643093741583,ema_trail,4,C,long,2025-08-27,0.9060509554140127,0.5568935576676874,xmom_f252_skip21_b55_s20_atr0.5_ema10
2025-09-12,2025-10-01,97.22542905215614,99.35144055584676,8.992388555336305,0.2147995089069046,0.7453898668416737,ema_trail,14,C,long,2025-09-11,0.9012738853503185,0.6573787294763194,xmom_f252_skip21_b55_s20_atr0.5_ema10
2025-09-16,2025-10-01,98.28843655969591,99.35144055584676,9.983097972668432,0.08678940399098087,0.5649376391728885,ema_trail,12,C,long,2025-09-15,0.9219745222929936,0.7171331903367355,xmom_f252_skip21_b55_s20_atr0.5_ema10
2025-09-17,2025-10-01,98.90852142888969,99.35144055584676,10.593148341273718,0.023137793996928863,0.4738669533739019,ema_trail,11,C,long,2025-09-16,0.9187898089171974,0.6844126405964892,xmom_f252_skip21_b55_s20_atr0.5_ema10
2025-09-18,2025-10-01,100.36523149581195,99.35144055584676,12.046164875819656,-0.10082224637276307,0.2957815122842132,ema_trail,10,C,long,2025-09-17,0.9219745222929936,0.6839543783125546,xmom_f252_skip21_b55_s20_atr0.5_ema10
2025-09-19,2025-10-01,100.92626027095992,99.35144055584676,11.808273198382949,-0.1504599534416575,0.25422888161649665,ema_trail,9,C,long,2025-09-18,0.9235668789808917,0.6547167121212369,xmom_f252_skip21_b55_s20_atr0.5_ema10
2025-09-23,2025-10-01,101.90068619658501,99.35144055584676,11.297271673838551,-0.2436913170377886,0.17947502918931985,ema_trail,7,C,long,2025-09-22,0.9187898089171974,0.5932152705562885,xmom_f252_skip21_b55_s20_atr0.5_ema10
2024-08-29,2024-09-05,252.52902323430195,247.35117995385235,37.710073133924936,-0.15069982247808783,0.09733348358149108,ema_trail,5,AXP,long,2024-08-28,0.9089456869009584,0.607414790854452,xmom_f252_skip21_b55_s20_atr0.5_ema10
2024-10-07,2024-10-09,269.2339725413012,263.79729761600504,36.46632674338642,-0.16385370844795744,0.05274569802318578,ema_trail,3,AXP,long,2024-10-04,0.9169329073482428,0.740678197127675,xmom_f252_skip21_b55_s20_atr0.5_ema10
2024-10-17,2024-10-22,278.70403042830435,265.5735372359549,23.765459490750686,-0.5759577784950153,0.09745138167411,ema_trail,4,AXP,long,2024-10-16,0.9057507987220448,0.7532425790522983,xmom_f252_skip21_b55_s20_atr0.5_ema10
2024-11-07,2024-12-10,286.8689035647058,291.88359694750295,28.57228249636279,0.15542879978990304,0.5323672374456351,ema_trail,23,AXP,long,2024-11-06,0.9137380191693291,0.7800659922356994,xmom_f252_skip21_b55_s20_atr0.5_ema10
2024-11-25,2024-12-10,297.3987693272187,291.88359694750295,37.59709042048047,-0.1625117755134017,0.12450647869926915,ema_trail,11,AXP,long,2024-11-22,0.9041533546325878,0.6680673007578872,xmom_f252_skip21_b55_s20_atr0.5_ema10
2025-01-16,2025-02-05,307.59032452859594,312.74474459876507,29.75169475508551,0.1525707849075062,0.44865574545981973,ema_trail,14,AXP,long,2025-01-15,0.9089456869009584,0.6640139121420383,xmom_f252_skip21_b55_s20_atr0.5_ema10
2025-01-22,2025-02-05,313.1086624987175,312.74474459876507,30.460135515711215,-0.03250593630613164,0.2570550224530589,ema_trail,11,AXP,long,2025-01-21,0.9041533546325878,0.6906732431337261,xmom_f252_skip21_b55_s20_atr0.5_ema10
2025-01-24,2025-02-05,319.0991067223649,312.74474459876507,35.70616649122502,-0.19583621049778738,0.00192861261877514,ema_trail,9,AXP,long,2025-01-23,0.9041533546325878,0.5979364715504829,xmom_f252_skip21_b55_s20_atr0.5_ema10
2025-01-22,2025-01-29,68.08487858892558,65.10263862673001,7.448395823409172,-0.41866863594610926,0.1400063572282777,ema_trail,6,SYF,long,2025-01-21,0.9361022364217252,0.9204482994832797,xmom_f252_skip21_b55_s20_atr0.5_ema10
2025-01-23,2025-01-29,68.80608472028254,65.10263862673001,8.158074195719365,-0.4708290425954377,0.039423107385028106,ema_trail,5,SYF,long,2025-01-22,0.9281150159744409,0.7614148464968464,xmom_f252_skip21_b55_s20_atr0.5_ema10
2024-10-14,2024-10-22,41.16827199671638,41.15885962384454,2.641106489949969,-0.03473881769417279,0.7020435567223302,ema_trail,7,FITB,long,2024-10-11,0.902555910543131,0.6969573906625461,xmom_f252_skip21_b55_s20_atr0.5_ema10
2024-10-16,2024-10-22,42.325951019160726,41.15885962384454,3.8163157346956993,-0.32799783465880233,0.18250396976079683,ema_trail,5,FITB,long,2024-10-15,0.9105431309904153,0.7986529658478649,xmom_f252_skip21_b55_s20_atr0.5_ema10
2026-01-12,2026-01-21,27.85576396816733,28.210114031137273,2.7000594178037645,0.11060443080046034,0.44110431467026034,ema_trail,7,IVZ,long,2026-01-09,0.9203821656050956,0.6160067018078952,xmom_f252_skip21_b55_s20_atr0.5_ema10
2026-01-13,2026-01-21,28.34791571659995,28.210114031137273,3.2007801634497497,-0.060765659296716595,0.2183393032133381,ema_trail,6,IVZ,long,2026-01-12,0.9171974522292994,0.6426267951066722,xmom_f252_skip21_b55_s20_atr0.5_ema10
2026-01-16,2026-01-21,28.771166405560166,28.210114031137273,3.269175445419638,-0.18922040666269874,0.08430426150808779,ema_trail,3,IVZ,long,2026-01-15,0.9235668789808917,0.640071501812046,xmom_f252_skip21_b55_s20_atr0.5_ema10
2026-06-01,2026-06-03,28.079999923706055,27.030000686645508,2.9361647622537,-0.3767360916282194,0.1430437697820362,ema_trail,3,IVZ,long,2026-05-29,0.9028662420382165,0.8172698372647513,xmom_f252_skip21_b55_s20_atr0.5_ema10
2024-07-19,2024-07-26,170.73815831131787,160.08264511143528,20.883298113562347,-0.5265925648671076,0.0,ema_trail,6,ALL,long,2024-07-18,0.9089456869009584,0.5758226462516571,xmom_f252_skip21_b55_s20_atr0.5_ema10
2024-08-29,2024-09-09,179.64338284035608,180.15791501120032,19.564339033924313,0.007935121390726677,0.2688361030780735,ema_trail,7,ALL,long,2024-08-28,0.9297124600638977,0.690546376222398,xmom_f252_skip21_b55_s20_atr0.5_ema10
2024-08-30,2024-09-09,181.16301125350205,180.15791501120032,21.065851318214385,-0.06491179701939737,0.17753719968576614,ema_trail,6,ALL,long,2024-08-29,0.9201277955271565,0.6486633095294712,xmom_f252_skip21_b55_s20_atr0.5_ema10
2024-09-03,2024-09-09,183.6176581290837,180.15791501120032,23.475236384281203,-0.16302193390069833,0.05475239334805889,ema_trail,5,ALL,long,2024-08-30,0.9361022364217252,0.652823198107876,xmom_f252_skip21_b55_s20_atr0.5_ema10
2023-03-06,2023-03-10,132.65080951124742,128.68031571578865,10.84429549448302,-0.39060125359330156,0.09847782873687169,ema_trail,5,PGR,long,2023-03-03,0.9035369774919614,0.31945733329816384,xmom_f252_skip21_b55_s20_atr0.5_ema10
2024-07-19,2024-07-24,206.5880967396765,199.2723690133962,20.531724530085626,-0.3764371525847381,0.012997249735721741,ema_trail,4,PGR,long,2024-07-18,0.9424920127795527,0.7489115466789851,xmom_f252_skip21_b55_s20_atr0.5_ema10
2024-08-15,2024-09-27,218.55087230687406,231.02896421017843,29.51330350716222,0.40798517034084464,0.7158835181646582,ema_trail,31,PGR,long,2024-08-14,0.9137380191693291,0.6789090653113965,xmom_f252_skip21_b55_s20_atr0.5_ema10
2024-08-16,2024-09-27,218.23800796696838,231.02896421017843,29.157898986603698,0.42370954892711066,0.7353393979835494,ema_trail,30,PGR,long,2024-08-15,0.9408945686900958,0.7819618563201463,xmom_f252_skip21_b55_s20_atr0.5_ema10
2024-09-16,2024-09-27,236.7802910167034,231.02896421017843,23.542982045004152,-0.2644052217624357,0.12312241635313166,ema_trail,10,PGR,long,2024-09-13,0.9376996805111821,0.6951314855152428,xmom_f252_skip21_b55_s20_atr0.5_ema10
2024-09-04,2024-09-12,113.54538641304805,110.5757311563631,13.223621564127171,-0.241745123603894,0.04990414995481959,ema_trail,7,HIG,long,2024-09-03,0.9153354632587859,0.5364437517700908,xmom_f252_skip21_b55_s20_atr0.5_ema10
2023-02-24,2023-03-09,40.44741811946238,40.38327555125626,4.156979982822577,-0.03489008969116089,0.4055989893422687,ema_trail,10,UNM,long,2023-02-23,0.961352657004831,0.5031993695412971,xmom_f252_skip21_b55_s20_atr0.5_ema10
2023-08-03,2023-08-10,45.84447248542632,45.704844155815536,2.9059784370114485,-0.0796004786668443,0.608613367630717,ema_trail,6,UNM,long,2023-08-02,0.9229534510433387,0.5397790546991141,xmom_f252_skip21_b55_s20_atr0.5_ema10
2023-08-04,2023-08-10,46.98941700926992,45.704844155815536,4.066406277458299,-0.3390098267147538,0.15337198410927413,ema_trail,5,UNM,long,2023-08-03,0.9293739967897271,0.5662956954268241,xmom_f252_skip21_b55_s20_atr0.5_ema10
2022-12-01,2022-12-06,46.699521289574875,45.37830474329283,5.585597454025084,-0.25326128502901635,0.03161204053751027,ema_trail,4,WRB,long,2022-11-30,0.9483870967741935,0.49531217172732456,xmom_f252_skip21_b55_s20_atr0.5_ema10
2022-12-01,2023-01-10,57.491324739955104,59.84004601756694,5.998429955072467,0.3723872154651076,0.5706880160141886,ema_trail,27,ACGL,long,2022-11-30,0.932258064516129,0.42397217935351805,xmom_f252_skip21_b55_s20_atr0.5_ema10
2022-12-05,2023-01-10,57.40574264595032,59.84004601756694,5.177036931604782,0.44803464162379913,0.6777649513845566,ema_trail,25,ACGL,long,2022-12-02,0.9161290322580645,0.32939220211335374,xmom_f252_skip21_b55_s20_atr0.5_ema10
2023-01-26,2023-02-02,61.932017534122615,58.29046260007103,3.641554934051584,-1.0340140509511508,0.04961425606766908,stop,6,ACGL,long,2023-01-25,0.9339774557165862,0.3752734655425076,xmom_f252_skip21_b55_s20_atr0.5_ema10
2023-02-15,2023-03-10,62.997024642898225,64.75618843219891,5.880879293440493,0.2777084273497197,0.9750104399019336,ema_trail,17,ACGL,long,2023-02-14,0.9339774557165862,0.36941567298841704,xmom_f252_skip21_b55_s20_atr0.5_ema10
2023-02-16,2023-03-10,64.58502673036665,64.75618843219891,7.493703081855919,0.005603591163519682,0.5532533880982604,ema_trail,16,ACGL,long,2023-02-15,0.9355877616747182,0.3787160941169394,xmom_f252_skip21_b55_s20_atr0.5_ema10
2023-02-24,2023-03-10,65.03195141299963,64.75618843219891,7.90250798153906,-0.05135418838864406,0.468078228512688,ema_trail,11,ACGL,long,2023-02-23,0.9227053140096618,0.36749945859929367,xmom_f252_skip21_b55_s20_atr0.5_ema10
2023-04-28,2023-05-05,70.00514937263263,69.65331932214342,7.1289697839659,-0.06899178480749055,0.44017110200186665,ema_trail,6,ACGL,long,2023-04-27,0.954983922829582,0.4364653393200557,xmom_f252_skip21_b55_s20_atr0.5_ema10
2023-05-01,2023-05-05,71.25082974608674,69.65331932214342,8.26413633709626,-0.21054977948813397,0.2289756648856374,ema_trail,5,ACGL,long,2023-04-28,0.9469453376205788,0.41456292899743086,xmom_f252_skip21_b55_s20_atr0.5_ema10
2023-05-02,2023-05-05,71.70726152020237,69.65331932214342,8.575493642838055,-0.2562367617092815,0.11864783189885496,ema_trail,4,ACGL,long,2023-05-01,0.9582664526484751,0.45124053982961865,xmom_f252_skip21_b55_s20_atr0.5_ema10
2023-05-11,2023-05-16,73.21918557419707,71.16524151987353,8.02881033133859,-0.27406083026812217,0.15396721597394084,ema_trail,4,ACGL,long,2023-05-10,0.942215088282504,0.5260945258095744,xmom_f252_skip21_b55_s20_atr0.5_ema10
2023-07-18,2023-07-28,76.45224555384152,76.05286527872326,10.452665851924678,-0.05283673792406276,0.4030054874379206,ema_trail,9,ACGL,long,2023-07-17,0.9149277688603531,0.6501058838831779,xmom_f252_skip21_b55_s20_atr0.5_ema10
2023-07-21,2023-07-28,77.86907653084886,76.05286527872326,11.514125773883876,-0.17126349354807588,0.2428018222637726,ema_trail,6,ACGL,long,2023-07-20,0.9261637239165329,0.6132634355728721,xmom_f252_skip21_b55_s20_atr0.5_ema10
2023-07-24,2023-07-28,77.94515274787427,76.05286527872326,11.592328931926318,-0.1766838904135904,0.23460121935963238,ema_trail,5,ACGL,long,2023-07-21,0.9373996789727127,0.6400823713850103,xmom_f252_skip21_b55_s20_atr0.5_ema10
2023-10-17,2023-10-20,81.2447759477477,79.83744070477647,8.58470915039912,-0.18286289813251735,0.22928675858765957,ema_trail,4,ACGL,long,2023-10-16,0.9117174959871589,0.6621082833653249,xmom_f252_skip21_b55_s20_atr0.5_ema10
2023-10-18,2023-10-20,82.49045113607,79.83744070477647,9.835954286676682,-0.28649902708299446,0.07347380082575626,ema_trail,3,ACGL,long,2023-10-17,0.9085072231139647,0.7142552791956163,xmom_f252_skip21_b55_s20_atr0.5_ema10
2022-12-01,2022-12-12,364.75525012260846,353.21280254739594,38.14373472072816,-0.32172932633124884,0.011737014965946879,ema_trail,8,LLY,long,2022-11-30,0.9435483870967742,0.47564020755033853,xmom_f252_skip21_b55_s20_atr0.5_ema10
2023-09-08,2023-09-18,561.4629337692606,567.025051464489,57.713050032464935,0.07691833693060253,0.5016133173742655,ema_trail,7,LLY,long,2023-09-07,0.9341894060995185,0.714726006900148,xmom_f252_skip21_b55_s20_atr0.5_ema10
2023-09-11,2023-09-18,576.0014215198922,567.025051464489,72.43716193029354,-0.1398228841183694,0.19894687130078328,ema_trail,6,LLY,long,2023-09-08,0.9454253611556982,0.7034090066234522,xmom_f252_skip21_b55_s20_atr0.5_ema10
2023-09-12,2023-09-18,579.748925517251,567.025051464489,66.10767568623294,-0.2100114965422648,0.16130717989835588,ema_trail,5,LLY,long,2023-09-11,0.9438202247191011,0.6667198218609973,xmom_f252_skip21_b55_s20_atr0.5_ema10
2023-09-13,2023-09-18,583.368763837953,567.025051464489,65.35163587241368,-0.2679420288013236,0.10778313839964154,ema_trail,4,LLY,long,2023-09-12,0.9582664526484751,0.6772109884130011,xmom_f252_skip21_b55_s20_atr0.5_ema10
2024-02-05,2024-03-01,679.1517085118212,757.136873304604,86.55231619947301,0.8853242147692605,1.1905158619989424,ema_trail,19,LLY,long,2024-02-02,0.9727564102564102,0.8209205128158188,xmom_f252_skip21_b55_s20_atr0.5_ema10
2024-05-22,2024-07-05,789.9669819033655,886.0548953311038,92.23799810079345,1.0246100458582976,1.256331267939548,ema_trail,30,LLY,long,2024-05-21,0.9278846153846154,0.6626858803353994,xmom_f252_skip21_b55_s20_atr0.5_ema10
2024-06-04,2024-07-05,822.5123781673913,886.0548953311038,106.42129107471328,0.5816269637616264,0.7830771831516632,ema_trail,22,LLY,long,2024-06-03,0.9358974358974359,0.7417587907648375,xmom_f252_skip21_b55_s20_atr0.5_ema10
2024-06-10,2024-07-05,842.2171596984988,886.0548953311038,111.74480339094282,0.3772282919120036,0.5694341157720418,ema_trail,18,LLY,long,2024-06-07,0.944,0.786237120255292,xmom_f252_skip21_b55_s20_atr0.5_ema10
2024-06-14,2024-07-05,870.1767200201524,886.0548953311038,123.85829335432743,0.11414513705970701,0.28800447691734854,ema_trail,14,LLY,long,2024-06-13,0.9392,0.7239002603553208,xmom_f252_skip21_b55_s20_atr0.5_ema10
2024-07-10,2024-07-18,923.6695814326984,894.5364671509096,95.19315961629957,-0.3254483155042734,0.305936981117942,ema_trail,7,LLY,long,2024-07-09,0.9456869009584664,0.8659175800616135,xmom_f252_skip21_b55_s20_atr0.5_ema10
2024-07-11,2024-07-18,921.2237110013508,894.5364671509096,89.75281607594184,-0.31786959473566023,0.3517324546198686,ema_trail,6,LLY,long,2024-07-10,0.952076677316294,0.8897052965876946,xmom_f252_skip21_b55_s20_atr0.5_ema10
2024-07-15,2024-07-18,943.0290903333027,894.5364671509096,102.55313058260265,-0.49124469508496976,0.09520527476848184,ema_trail,4,LLY,long,2024-07-12,0.9616613418530351,0.9797712470326856,xmom_f252_skip21_b55_s20_atr0.5_ema10
2026-03-30,2026-04-01,258.70244155156036,272.6527466700565,36.785397835251615,-0.3933003542980523,0.09487585918345143,ema_trail,3,UNH,short,2026-03-27,0.03343949044585987,-0.4356048585629111,xmom_f252_skip21_b55_s20_atr0.5_ema10
2022-12-01,2022-12-16,141.9187216263756,142.84426131856608,17.36218953121977,0.03695975370985653,0.34269916981855336,ema_trail,12,ABBV,long,2022-11-30,0.9,0.3194292356729733,xmom_f252_skip21_b55_s20_atr0.5_ema10
2022-12-01,2022-12-12,98.06459673717626,96.43839141213927,11.997893023702503,-0.1518878785559449,0.12064833056264951,ema_trail,8,MRK,long,2022-11-30,0.9258064516129032,0.3983453476514889,xmom_f252_skip21_b55_s20_atr0.5_ema10
2023-04-06,2023-04-27,102.34415286010938,103.79328667229773,10.604305984808576,0.11735284781963931,0.3296778670685385,ema_trail,15,MRK,long,2023-04-05,0.9501607717041801,0.3634480560866795,xmom_f252_skip21_b55_s20_atr0.5_ema10
2023-04-14,2023-04-27,104.82576125875507,103.79328667229773,13.045214177800858,-0.0952169962137215,0.07776005562977613,ema_trail,10,MRK,long,2023-04-13,0.905144694533762,0.2720305576947579,xmom_f252_skip21_b55_s20_atr0.5_ema10
2023-04-26,2023-04-27,104.33669122022074,103.79328667229773,10.512929118170106,-0.0715383811599756,0.0,ema_trail,2,MRK,long,2023-04-25,0.909967845659164,0.276280618490115,xmom_f252_skip21_b55_s20_atr0.5_ema10
2025-07-28,2025-08-01,110.51111590828874,109.40980974480935,7.713464477617251,-0.17143119011347904,0.2981896614965091,ema_trail,5,GILD,long,2025-07-25,0.9124203821656051,0.5364107779935787,xmom_f252_skip21_b55_s20_atr0.5_ema10
2022-08-16,2022-08-19,305.0,293.2300109863281,37.43246150779538,-0.3307286914886353,0.024310548263567038,ema_trail,4,VRTX,long,2022-08-15,0.9755700325732899,0.5066885954840548,xmom_f252_skip21_b55_s20_atr0.5_ema10
2023-06-15,2023-07-07,322.239990234375,329.989990234375,28.037245587533903,0.2534314577138972,0.7789636920540177,ema_trail,15,ISRG,long,2023-06-14,0.9149277688603531,0.5799865921130132,xmom_f252_skip21_b55_s20_atr0.5_ema10
2023-06-16,2023-07-07,331.69000244140625,329.989990234375,37.62031015529095,-0.0628222415540525,0.32934295543325914,ema_trail,14,ISRG,long,2023-06-15,0.9213483146067416,0.6044478051218747,xmom_f252_skip21_b55_s20_atr0.5_ema10
2024-03-04,2024-03-06,398.29998779296875,386.760009765625,31.02460746524315,-0.39763848798894064,0.15149304345902428,ema_trail,3,ISRG,long,2024-03-01,0.9246794871794872,0.6637487272875917,xmom_f252_skip21_b55_s20_atr0.5_ema10
2024-03-05,2024-03-06,400.0,386.760009765625,32.690360775482475,-0.42948410177549606,0.012542035400749529,ema_trail,2,ISRG,long,2024-03-04,0.9182692307692307,0.6768457702355613,xmom_f252_skip21_b55_s20_atr0.5_ema10
2024-09-13,2024-09-18,490.2799987792969,484.2099914550781,29.264740215632287,-0.24092362583185198,0.20160759511313847,ema_trail,4,ISRG,long,2024-09-12,0.9041533546325878,0.5560604542570278,xmom_f252_skip21_b55_s20_atr0.5_ema10
2023-06-13,2023-06-23,126.9800033569336,125.91999816894531,16.565997026523277,-0.07931700051608133,0.43221038982750076,ema_trail,8,DXCM,long,2023-06-12,0.956661316211878,0.6335974998749236,xmom_f252_skip21_b55_s20_atr0.5_ema10
2023-07-17,2023-07-21,136.6999969482422,130.97999572753906,16.530757147946176,-0.3625605990675536,0.13429519294456174,ema_trail,5,DXCM,long,2023-07-14,0.9117174959871589,0.6496398096318634,xmom_f252_skip21_b55_s20_atr0.5_ema10
2023-06-28,2023-07-07,290.53660398360745,285.07540610093815,40.76938928936045,-0.1482060731337312,0.17900282235070425,ema_trail,7,HCA,long,2023-06-27,0.9020866773675762,0.45920970211295375,xmom_f252_skip21_b55_s20_atr0.5_ema10
2023-06-29,2023-07-07,292.1094487475543,285.07540610093815,42.27253140729522,-0.1802177747698486,0.1354305217542572,ema_trail,6,HCA,long,2023-06-28,0.9004815409309791,0.48137099226680724,xmom_f252_skip21_b55_s20_atr0.5_ema10
2024-06-11,2024-06-21,137.02000427246094,135.22000122070312,15.259785270725942,-0.13591561240914288,0.3492841961072449,ema_trail,8,THC,long,2024-06-10,0.9264,0.7028540222567072,xmom_f252_skip21_b55_s20_atr0.5_ema10
2024-06-13,2024-06-21,140.64999389648438,135.22000122070312,15.20840279621109,-0.37553533662306005,0.040109445977031435,ema_trail,6,THC,long,2024-06-12,0.9376,0.719427476076621,xmom_f252_skip21_b55_s20_atr0.5_ema10
2024-07-25,2024-08-05,146.2100067138672,135.92999267578125,19.993033942696968,-0.528805887181298,0.43965279663538065,ema_trail,8,THC,long,2024-07-24,0.9456869009584664,0.7691507329834932,xmom_f252_skip21_b55_s20_atr0.5_ema10
2024-09-20,2024-09-30,166.6999969482422,163.91000366210938,19.264034822477242,-0.1621359859869505,0.2335959232563994,ema_trail,7,THC,long,2024-09-19,0.9728434504792333,1.217745477329884,xmom_f252_skip21_b55_s20_atr0.5_ema10
2022-08-15,2022-08-18,96.13999938964844,94.97000122070312,9.178411187566624,-0.14842200244525935,0.2603935845548093,ema_trail,4,CNC,long,2022-08-12,0.9657980456026058,0.35889718438956497,xmom_f252_skip21_b55_s20_atr0.5_ema10
2022-08-16,2022-08-18,96.94000244140625,94.97000122070312,9.993884629002991,-0.21652053289730747,0.0570348484081993,ema_trail,3,CNC,long,2022-08-15,0.9674267100977199,0.4215951180584394,xmom_f252_skip21_b55_s20_atr0.5_ema10
2022-08-15,2022-08-24,269.5247105664535,266.41164547157234,27.46629758994675,-0.1329671210345738,0.1326231536323588,ema_trail,8,CI,long,2022-08-12,0.9446254071661238,0.2872519620384917,xmom_f252_skip21_b55_s20_atr0.5_ema10
2023-04-19,2023-04-27,77.34541796474936,76.12144306958122,7.815870867652535,-0.17639310506056455,0.3443195856038246,ema_trail,7,GE,long,2023-04-18,0.9356913183279743,0.2789049664864365,xmom_f252_skip21_b55_s20_atr0.5_ema10
2023-04-20,2023-04-27,77.91033401285888,76.12144306958122,8.353513626259144,-0.23280163273933144,0.2545325793795074,ema_trail,6,GE,long,2023-04-19,0.9228295819935691,0.2797219641062896,xmom_f252_skip21_b55_s20_atr0.5_ema10
2023-04-21,2023-04-27,78.44384777936229,76.12144306958122,8.272974665849674,-0.29968572435911817,0.19252175523332363,ema_trail,5,GE,long,2023-04-20,0.9292604501607717,0.29047312818052684,xmom_f252_skip21_b55_s20_atr0.5_ema10
2023-05-18,2023-05-24,80.72701446019173,79.46384116672688,6.173157169976847,-0.23077775004885742,0.387650852730093,ema_trail,5,GE,long,2023-05-17,0.9646869983948636,0.6975333440227096,xmom_f252_skip21_b55_s20_atr0.5_ema10
2023-05-19,2023-05-24,82.00591508236111,79.46384116672688,7.463659781287973,-0.36256820716605304,0.1492738216179467,ema_trail,4,GE,long,2023-05-18,0.9646869983948636,0.6676355422118314,xmom_f252_skip21_b55_s20_atr0.5_ema10
2023-07-03,2023-07-20,85.5679926550885,86.4007142874528,5.845446582446485,0.11317965834138678,0.42588105166053297,ema_trail,13,GE,long,2023-06-30,0.971107544141252,1.0484850744035867,xmom_f252_skip21_b55_s20_atr0.5_ema10
2023-07-11,2023-07-20,86.9425130552927,86.4007142874528,7.217295986800181,-0.09916231719738293,0.15448230747259437,ema_trail,8,GE,long,2023-07-10,0.9807383627608347,1.163727214793567,xmom_f252_skip21_b55_s20_atr0.5_ema10
2023-07-26,2023-08-02,91.97547410137871,88.70130172662537,10.96249136239308,-0.3154504946584691,0.017905521832056563,ema_trail,6,GE,long,2023-07-25,0.9775280898876404,0.9557009750304324,xmom_f252_skip21_b55_s20_atr0.5_ema10
2023-12-01,2023-12-07,95.62463658201953,93.8960238912268,12.056041306665918,-0.15924480641048036,0.1010202639776712,ema_trail,5,GE,long,2023-11-30,0.9582664526484751,0.629957113960079,xmom_f252_skip21_b55_s20_atr0.5_ema10
2023-12-04,2023-12-07,95.71106698962377,93.8960238912268,11.562533057313502,-0.17353163207668354,0.052326672039229236,ema_trail,4,GE,long,2023-12-01,0.9678972712680578,0.6034473122528439,xmom_f252_skip21_b55_s20_atr0.5_ema10
2023-12-20,2024-01-03,98.55545061560012,98.37362325439663,6.465149331694704,-0.058612453169021875,0.46804704762341315,ema_trail,9,GE,long,2023-12-19,0.9678972712680578,0.9832221090765223,xmom_f252_skip21_b55_s20_atr0.5_ema10
2023-12-22,2024-01-03,100.09551574733149,98.37362325439663,8.081868388919048,-0.2378266301719123,0.183859579729133,ema_trail,7,GE,long,2023-12-21,0.9582664526484751,0.9164178724562051,xmom_f252_skip21_b55_s20_atr0.5_ema10
2024-01-11,2024-01-17,102.30478325113978,100.18196285502663,8.912258128574521,-0.2611492989810538,0.05999041748631064,ema_trail,4,GE,long,2024-01-10,0.9134615384615384,0.663381952566531,xmom_f252_skip21_b55_s20_atr0.5_ema10
2024-01-31,2024-03-27,105.17453848486534,141.61647033691406,8.963490401264764,4.042128808434564,4.086648125898342,time,40,GE,long,2024-01-30,0.907051282051282,0.5464038830959568,xmom_f252_skip21_b55_s20_atr0.5_ema10
2024-02-02,2024-04-01,106.47969153208871,137.87405395507812,9.867755912391118,3.159928489999453,3.5798897455757106,time,40,GE,long,2024-02-01,0.9342948717948718,0.5697070092888581,xmom_f252_skip21_b55_s20_atr0.5_ema10
2024-02-05,2024-04-02,106.91211808904436,134.44361877441406,10.262803012089975,2.66181436173045,3.454427765955293,time,40,GE,long,2024-02-02,0.9358974358974359,0.5115932287556197,xmom_f252_skip21_b55_s20_atr0.5_ema10
2024-02-06,2024-04-03,108.24870809770489,136.09866592649004,11.608485211145947,2.380453600100841,2.9388435314606327,ema_trail,40,GE,long,2024-02-05,0.9423076923076923,0.48958989790088836,xmom_f252_skip21_b55_s20_atr0.5_ema10
2024-02-14,2024-04-03,112.43147617342863,136.09866592649004,14.124596421238763,1.65968117612656,2.1191935475126136,ema_trail,34,GE,long,2024-02-13,0.9294871794871795,0.6014472702882268,xmom_f252_skip21_b55_s20_atr0.5_ema10
2024-02-15,2024-04-03,115.57642337789218,136.09866592649004,17.144338282339632,1.1835446412501034,1.562487040998222,ema_trail,33,GE,long,2024-02-14,0.9294871794871795,0.5524448333877194,xmom_f252_skip21_b55_s20_atr0.5_ema10
2024-07-24,2024-07-25,169.54051466963782,161.43418647614683,17.844805854902887,-0.47326988545016124,0.07589559407295524,ema_trail,2,GE,long,2024-07-23,0.9536741214057508,0.8710845686666855,xmom_f252_skip21_b55_s20_atr0.5_ema10
2024-09-16,2024-10-04,176.67798969740377,184.72138090783335,20.27611751657892,0.3792656668490382,0.592869786829191,ema_trail,15,GE,long,2024-09-13,0.9568690095846646,0.8614191043916171,xmom_f252_skip21_b55_s20_atr0.5_ema10
2024-09-17,2024-10-04,179.4361333505388,184.72138090783335,23.051880197025042,0.21370817688134822,0.4018307286638675,ema_trail,14,GE,long,2024-09-16,0.9536741214057508,0.8500882241714822,xmom_f252_skip21_b55_s20_atr0.5_ema10
2024-09-20,2024-10-04,182.88625424271368,184.72138090783335,26.46920344211702,0.05551183887522105,0.21960739911117463,ema_trail,11,GE,long,2024-09-19,0.9488817891373802,0.8417150799530992,xmom_f252_skip21_b55_s20_atr0.5_ema10
2025-07-16,2025-07-23,262.666105033761,259.21364569876886,34.704799741657524,-0.11461790803204071,0.25228401273824463,ema_trail,6,GE,long,2025-07-15,0.9012738853503185,0.489531562504677,xmom_f252_skip21_b55_s20_atr0.5_ema10
2025-09-05,2025-09-29,280.8437708421132,295.22283176247646,21.240571710504582,0.6505179600154365,1.1701072725865729,ema_trail,17,GE,long,2025-09-04,0.9076433121019108,0.5684014219922282,xmom_f252_skip21_b55_s20_atr0.5_ema10
2026-01-05,2026-01-09,322.94644771209664,316.2545173715261,47.834967363400835,-0.15339872985068648,0.1870130035973418,ema_trail,5,GE,long,2026-01-02,0.9394904458598726,0.7289489399547517,xmom_f252_skip21_b55_s20_atr0.5_ema10
2026-01-14,2026-01-26,631.4177408326162,626.8066755140387,84.2305439477667,-0.06973599510274195,0.2744392474417309,ema_trail,8,CAT,long,2026-01-13,0.9378980891719745,0.8092806439970588,xmom_f252_skip21_b55_s20_atr0.5_ema10
2026-06-05,2026-06-11,929.9299926757812,872.4000244140625,99.18847158407584,-0.5987573686598173,0.08317498866798237,ema_trail,5,CAT,long,2026-06-04,0.9665605095541401,1.6170007900018328,xmom_f252_skip21_b55_s20_atr0.5_ema10
2023-09-01,2023-09-13,223.49340749021903,217.0814026619085,20.53388345604256,-0.33403285150488926,0.42325252027289767,ema_trail,8,ETN,long,2023-08-31,0.9309791332263242,0.5959246606004562,xmom_f252_skip21_b55_s20_atr0.5_ema10
2023-09-05,2023-09-13,224.99981349409444,217.0814026619085,22.032080325494945,-0.37982842906987885,0.32609775444449135,ema_trail,7,ETN,long,2023-09-01,0.9325842696629213,0.6131405773297081,xmom_f252_skip21_b55_s20_atr0.5_ema10
2023-09-08,2023-09-13,226.3903788276262,217.0814026619085,23.49084610852887,-0.4155557819532403,0.24665125128247933,ema_trail,4,ETN,long,2023-09-07,0.9197431781701445,0.6210892931924992,xmom_f252_skip21_b55_s20_atr0.5_ema10
2023-09-11,2023-09-13,228.29276752147234,217.0814026619085,25.33625250983181,-0.4605239227892525,0.15360037523293896,ema_trail,3,ETN,long,2023-09-08,0.9165329052969502,0.5717436406756418,xmom_f252_skip21_b55_s20_atr0.5_ema10
2023-09-12,2023-09-13,228.78528150632053,217.0814026619085,25.804134279303128,-0.4712984855755877,0.1317286552172704,ema_trail,2,ETN,long,2023-09-11,0.9149277688603531,0.5437222560996522,xmom_f252_skip21_b55_s20_atr0.5_ema10
2024-01-31,2024-03-27,241.1782522765701,305.7721862792969,18.28318932317177,3.506586097476977,3.6723340641310442,time,40,ETN,long,2024-01-30,0.9006410256410257,0.5108596432347929,xmom_f252_skip21_b55_s20_atr0.5_ema10
2024-02-02,2024-04-01,258.0188860088672,303.46722412109375,33.839163666929466,1.327819469253625,1.4864831091940494,time,40,ETN,long,2024-02-01,0.9102564102564102,0.4995272045102279,xmom_f252_skip21_b55_s20_atr0.5_ema10
2024-02-05,2024-04-02,261.1503891155122,306.112548828125,37.04698838448351,1.1995538874354124,1.2732436338402842,time,40,ETN,long,2024-02-02,0.9246794871794872,0.45299966016853443,xmom_f252_skip21_b55_s20_atr0.5_ema10
2024-03-21,2024-04-10,303.1560070640375,300.520380484903,32.32980010613642,-0.10027709984656671,0.59442692054528,ema_trail,14,ETN,long,2024-03-20,0.907051282051282,0.710218650333974,xmom_f252_skip21_b55_s20_atr0.5_ema10
2024-03-22,2024-04-10,306.28758919854744,300.520380484903,35.39624519037966,-0.18023900155871594,0.45445841212551147,ema_trail,13,ETN,long,2024-03-21,0.9150641025641025,0.6820866928618594,xmom_f252_skip21_b55_s20_atr0.5_ema10
2024-03-25,2024-04-10,306.35566422601715,300.520380484903,35.360536002026095,-0.1823500376011475,0.45299218190690577,ema_trail,12,ETN,long,2024-03-22,0.9086538461538461,0.7352258327027614,xmom_f252_skip21_b55_s20_atr0.5_ema10
2024-04-04,2024-04-10,315.0212376876546,300.520380484903,35.91092807182588,-0.42134526982603787,0.20474193483978678,ema_trail,5,ETN,long,2024-04-03,0.9198717948717948,0.7537239335816963,xmom_f252_skip21_b55_s20_atr0.5_ema10
2024-04-08,2024-04-10,317.34559292055206,300.520380484903,38.53720871196754,-0.4530661198632189,0.07747731656516102,ema_trail,3,ETN,long,2024-04-05,0.9407051282051282,0.8529746805648659,xmom_f252_skip21_b55_s20_atr0.5_ema10
2024-06-20,2024-06-27,335.6695447960521,325.95981119365615,29.60071348326585,-0.35070346185597084,0.09006599114063762,ema_trail,6,TT,long,2024-06-18,0.9408945686900958,0.7745071077634669,xmom_f252_skip21_b55_s20_atr0.5_ema10
2024-09-18,2024-10-23,369.1362933657294,385.5955991712615,38.76466018242343,0.40555065218729375,0.8306218228423973,ema_trail,26,TT,long,2024-09-17,0.9281150159744409,0.7007223970923255,xmom_f252_skip21_b55_s20_atr0.5_ema10
2024-09-23,2024-10-23,381.2367047703396,385.5955991712615,50.93881852033195,0.07060275632317056,0.3945588429766639,ema_trail,23,TT,long,2024-09-20,0.9265175718849841,0.7632313676107307,xmom_f252_skip21_b55_s20_atr0.5_ema10
2024-11-11,2024-12-04,407.45921641137005,406.31529031479926,50.87438398504986,-0.03850355278934027,0.1711657020701184,ema_trail,17,TT,long,2024-11-08,0.9185303514376997,0.7940170380000044,xmom_f252_skip21_b55_s20_atr0.5_ema10
2024-11-12,2024-12-04,409.20477090340347,406.31529031479926,52.51234454280507,-0.07060987588144273,0.13258587520267884,ema_trail,16,TT,long,2024-11-11,0.9073482428115016,0.8302109595870892,xmom_f252_skip21_b55_s20_atr0.5_ema10
2024-09-27,2024-10-03,134.40130714363588,130.53364552829623,12.683869680049497,-0.32612005121222376,0.02210674818965403,ema_trail,5,MMM,long,2024-09-26,0.9137380191693291,0.7499654274491343,xmom_f252_skip21_b55_s20_atr0.5_ema10
2025-03-03,2025-03-05,151.9006921554686,143.36299751734836,15.038104507271129,-0.5879395251014635,0.055215156187595794,ema_trail,3,MMM,long,2025-02-28,0.9536741214057508,0.9984856862677312,xmom_f252_skip21_b55_s20_atr0.5_ema10
2024-10-02,2024-10-11,121.36656527328077,119.2148907952491,8.670186011603988,-0.27616565612013444,0.08049041955940775,ema_trail,8,RTX,long,2024-10-01,0.9185303514376997,0.7575776746565086,xmom_f252_skip21_b55_s20_atr0.5_ema10
2022-12-05,2022-12-08,447.0858609624108,441.97621835461877,36.89741922769991,-0.16271637570818512,0.10145465008714315,ema_trail,4,LMT,long,2022-12-02,0.9467741935483871,0.48746692267135394,xmom_f252_skip21_b55_s20_atr0.5_ema10
2026-03-03,2026-03-06,370.0068222297072,358.54736289023725,48.52231082342911,-0.25141986803396077,0.09818276554076834,ema_trail,4,LHX,long,2026-03-02,0.9076433121019108,0.770814823073459,xmom_f252_skip21_b55_s20_atr0.5_ema10
2026-01-20,2026-02-12,173.22224358288304,157.04106690694545,16.181176675937593,-1.0214103395633118,1.7757031473018754,stop,18,CHRW,long,2026-01-16,0.910828025477707,0.5775019499979162,xmom_f252_skip21_b55_s20_atr0.5_ema10
2026-01-22,2026-02-12,178.45632254332597,157.1107821171428,21.345540426183163,-1.0167207125217055,1.100880414404623,stop,16,CHRW,long,2026-01-21,0.9299363057324841,0.6282241999582248,xmom_f252_skip21_b55_s20_atr0.5_ema10
2026-01-28,2026-02-12,178.96286664308474,157.07924246535686,21.88362417772788,-1.0163558709644835,1.0506643279731016,stop,12,CHRW,long,2026-01-27,0.9076433121019108,0.5585219264569015,xmom_f252_skip21_b55_s20_atr0.5_ema10
2023-06-05,2023-06-13,49.060001373291016,48.04999923706055,4.580255880500722,-0.24193454861214192,0.40390723190749955,ema_trail,7,XPO,long,2023-06-02,0.9245585874799358,0.4549299853959414,xmom_f252_skip21_b55_s20_atr0.5_ema10
2023-06-15,2023-08-11,50.79999923706055,73.22000122070312,6.319280472173382,3.53179481167933,4.109644685081375,time,40,XPO,long,2023-06-14,0.9454253611556982,0.7400632148217638,xmom_f252_skip21_b55_s20_atr0.5_ema10
2023-10-09,2023-10-16,76.05999755859375,74.23999786376953,10.219844692888643,-0.19296963400174585,0.42662102422998827,ema_trail,6,XPO,long,2023-10-06,0.985553772070626,1.5050334161667167,xmom_f252_skip21_b55_s20_atr0.5_ema10
2023-12-04,2023-12-06,89.91999816894531,85.66000366210938,13.180458114153978,-0.3368497866099255,0.05993728811891543,ema_trail,3,XPO,long,2023-12-01,0.9871589085072231,1.0189022106971346,xmom_f252_skip21_b55_s20_atr0.5_ema10
2024-03-08,2024-03-12,128.0800018310547,122.41999816894531,15.99546401910979,-0.3698650854206818,0.08439835462814506,ema_trail,3,XPO,long,2024-03-07,0.9903846153846154,1.775261759697191,xmom_f252_skip21_b55_s20_atr0.5_ema10
2026-05-01,2026-05-05,323.52360941551626,286.59533189329,43.84665214995948,-0.8569713512572481,0.015562065215852199,ema_trail,3,FDX,long,2026-04-30,0.9060509554140127,0.7350307389030657,xmom_f252_skip21_b55_s20_atr0.5_ema10
2023-09-05,2023-09-11,212.7476091032545,208.76695236994956,24.61627199551043,-0.1789934703481924,0.09414753189352564,ema_trail,5,ODFL,long,2023-09-01,0.9036918138041734,0.5288222273258003,xmom_f252_skip21_b55_s20_atr0.5_ema10
2025-06-30,2025-07-30,104.55747622415291,102.08198483498754,7.303894500426779,-0.3675582035661673,1.0154241191610989,ema_trail,22,JCI,long,2025-06-27,0.9028662420382165,0.5220333979123792,xmom_f252_skip21_b55_s20_atr0.5_ema10
2025-07-17,2025-07-30,106.43647587641055,102.08198483498754,7.382469886757448,-0.6186769554412541,0.7500946258131002,ema_trail,10,JCI,long,2025-07-16,0.9092356687898089,0.47766029577784686,xmom_f252_skip21_b55_s20_atr0.5_ema10
2025-07-28,2025-07-29,111.34769878859413,102.07466081892792,9.273037969666206,-1.0240153656553188,0.06754292144053177,stop,2,JCI,long,2025-07-25,0.9028662420382165,0.5217986414614713,xmom_f252_skip21_b55_s20_atr0.5_ema10
2026-05-27,2026-06-11,240.40956510067878,253.72686254049202,29.630552768361554,0.4332176456498044,0.796880669844011,ema_trail,12,NUE,long,2026-05-26,0.9219745222929936,0.965307717127506,xmom_f252_skip21_b55_s20_atr0.5_ema10
2026-05-28,2026-06-11,245.19781420070223,253.72686254049202,29.154003334398027,0.27573066447117406,0.6456665803995145,ema_trail,11,NUE,long,2026-05-27,0.9235668789808917,1.011804702486788,xmom_f252_skip21_b55_s20_atr0.5_ema10
2026-05-29,2026-06-11,248.48972325164826,253.72686254049202,32.558450129414155,0.1455892348529847,0.4770453300201443,ema_trail,10,NUE,long,2026-05-28,0.9378980891719745,1.0892669760343558,xmom_f252_skip21_b55_s20_atr0.5_ema10
2026-06-02,2026-06-11,250.8239917038544,253.72686254049202,34.83112423846262,0.06893899940726962,0.3789021578623371,ema_trail,8,NUE,long,2026-06-01,0.9299363057324841,1.0993824835429318,xmom_f252_skip21_b55_s20_atr0.5_ema10
2023-03-06,2023-03-10,42.400001525878906,40.369998931884766,5.124971764472022,-0.412646682603483,0.1795128268458063,ema_trail,5,ATI,long,2023-03-03,0.9421221864951769,0.38693854269202865,xmom_f252_skip21_b55_s20_atr0.5_ema10
2023-08-01,2023-08-03,47.209999084472656,44.529998779296875,5.176964199081951,-0.5359164554077319,0.13714583627960242,ema_trail,3,ATI,long,2023-07-31,0.956661316211878,0.7464617640993019,xmom_f252_skip21_b55_s20_atr0.5_ema10
2025-12-11,2026-01-29,105.62999725341797,121.69999694824219,14.220328965574112,1.1152160923076877,1.5105138150414363,ema_trail,33,ATI,long,2025-12-10,0.9442675159235668,0.7046046876564946,xmom_f252_skip21_b55_s20_atr0.5_ema10
2026-02-04,2026-03-04,129.0500030517578,159.57000732421875,15.451762716196257,1.9584758594977285,2.529808220321504,ema_trail,20,ATI,long,2026-02-03,0.9745222929936306,1.0879312774505019,xmom_f252_skip21_b55_s20_atr0.5_ema10
2023-07-26,2023-08-03,55.75350821737019,55.48760847722845,5.775438755423963,-0.06534685459559975,0.3305001180628604,ema_trail,7,CRH,long,2023-07-25,0.9101123595505618,0.5268599497003956,xmom_f252_skip21_b55_s20_atr0.5_ema10
2023-12-04,2024-01-04,60.91847832290912,64.36732750539281,7.327659509670681,0.45403477351083893,0.8781846435159193,ema_trail,22,CRH,long,2023-12-01,0.9373996789727127,0.44315950386328207,xmom_f252_skip21_b55_s20_atr0.5_ema10
2023-12-12,2024-01-04,62.38755098766434,64.36732750539281,7.134542068867809,0.26000287023992724,0.6960454282301283,ema_trail,16,CRH,long,2023-12-11,0.9229534510433387,0.5177366814685862,xmom_f252_skip21_b55_s20_atr0.5_ema10
2024-01-26,2024-02-14,68.35212465831327,71.08620756332698,5.295555573961224,0.4904827490563316,0.8934535260102403,ema_trail,14,CRH,long,2024-01-25,0.905448717948718,0.5792147198123216,xmom_f252_skip21_b55_s20_atr0.5_ema10
2024-01-31,2024-02-14,69.5252584559547,71.08620756332698,6.464503696328329,0.2199547957978542,0.5504210638967343,ema_trail,11,CRH,long,2024-01-30,0.9086538461538461,0.547249982400078,xmom_f252_skip21_b55_s20_atr0.5_ema10
2024-02-02,2024-02-14,69.91307438642828,71.08620756332698,6.87484636113075,0.15030256297333322,0.46115693429145643,ema_trail,9,CRH,long,2024-02-01,0.9182692307692307,0.5130207173118908,xmom_f252_skip21_b55_s20_atr0.5_ema10
2024-02-08,2024-02-14,72.12362103729551,71.08620756332698,8.409880158406082,-0.14050862720820004,0.11413199744555208,ema_trail,5,CRH,long,2024-02-07,0.9278846153846154,0.5441424655649874,xmom_f252_skip21_b55_s20_atr0.5_ema10
2024-02-16,2024-03-11,74.53774436174045,78.84247960128398,9.184665545304966,0.4524562958032096,0.8202012149638701,ema_trail,16,CRH,long,2024-02-15,0.9198717948717948,0.5032327606814797,xmom_f252_skip21_b55_s20_atr0.5_ema10
2024-02-20,2024-03-11,76.28291631766537,78.84247960128398,10.94103598003015,0.2199972155631876,0.5290268575969953,ema_trail,15,CRH,long,2024-02-16,0.9198717948717948,0.500130179180396,xmom_f252_skip21_b55_s20_atr0.5_ema10
2024-09-20,2024-10-02,90.52432518559105,87.68715830224318,10.504945089037463,-0.28731378490200266,0.18036415035654466,ema_trail,9,CRH,long,2024-09-19,0.9105431309904153,0.6369206298149508,xmom_f252_skip21_b55_s20_atr0.5_ema10
2025-03-31,2025-04-23,31.635612566384566,27.87123376986033,4.6909269263482685,0.7889928002508149,1.7907576460327341,ema_trail,17,DOW,short,2025-03-28,0.09904153354632587,-0.29832209768548157,xmom_f252_skip21_b55_s20_atr0.5_ema10
2024-09-13,2024-09-20,109.88581575042544,106.61183841843757,10.327355192585799,-0.338300455279871,0.19804473129589817,ema_trail,6,IRM,long,2024-09-12,0.950479233226837,0.7702982300514509,xmom_f252_skip21_b55_s20_atr0.5_ema10
2024-09-16,2024-09-20,110.54222897865913,106.61183841843757,10.946687399295826,-0.37924486803614454,0.12687537382026706,ema_trail,5,IRM,long,2024-09-13,0.952076677316294,0.7859705269296253,xmom_f252_skip21_b55_s20_atr0.5_ema10
2024-09-17,2024-09-20,110.54221914290937,106.61183841843757,10.67290077894458,-0.3889725247842275,0.10357427917682854,ema_trail,4,IRM,long,2024-09-16,0.9408945686900958,0.7447446586888098,xmom_f252_skip21_b55_s20_atr0.5_ema10
2024-09-25,2024-09-30,112.97038562398994,110.01314817119855,13.285525731651234,-0.23959746029890366,0.06898202180242773,ema_trail,4,IRM,long,2024-09-24,0.9376996805111821,0.8781913782957802,xmom_f252_skip21_b55_s20_atr0.5_ema10
2024-10-16,2024-11-01,115.5780452223615,117.98729576571479,10.593984535724644,0.20559728453101683,0.7054390433495814,ema_trail,13,IRM,long,2024-10-15,0.950479233226837,1.0223811988920288,xmom_f252_skip21_b55_s20_atr0.5_ema10
2024-10-21,2024-11-01,118.09122918515251,117.98729576571479,9.547818593263216,-0.03562236488741088,0.5195140968483302,ema_trail,10,IRM,long,2024-10-18,0.9361022364217252,0.9630014455587679,xmom_f252_skip21_b55_s20_atr0.5_ema10
2024-10-28,2024-11-01,121.80429928612322,117.98729576571479,13.27678575239463,-0.3058430101011685,0.05337165171889689,ema_trail,5,IRM,long,2024-10-25,0.9313099041533547,1.0736955594213788,xmom_f252_skip21_b55_s20_atr0.5_ema10
2024-11-26,2024-12-04,23.807356919459775,23.741949763988977,1.539979295644713,-0.07339181093496486,0.4914547346222163,ema_trail,6,AKR,long,2024-11-25,0.9073482428115016,0.6807463829117131,xmom_f252_skip21_b55_s20_atr0.5_ema10
2024-11-29,2024-12-04,24.508124467834104,23.741949763988977,2.17171530865474,-0.37536731888019076,0.025814878896432223,ema_trail,4,AKR,long,2024-11-27,0.9041533546325878,0.6931605910781851,xmom_f252_skip21_b55_s20_atr0.5_ema10
2025-07-21,2025-08-18,84.80939126649363,87.40470850812117,7.447938340380375,0.32568723695565266,0.7095554873926256,ema_trail,21,ETR,long,2025-07-18,0.9331210191082803,0.5420959515568691,xmom_f252_skip21_b55_s20_atr0.5_ema10
2025-07-22,2025-08-18,85.1798936164085,87.40470850812117,7.801130563456994,0.26335350854190037,0.6299373057904903,ema_trail,20,ETR,long,2025-07-21,0.9092356687898089,0.5107303792536702,xmom_f252_skip21_b55_s20_atr0.5_ema10
2025-07-23,2025-08-18,86.85697083618344,87.40470850812117,9.480589821630687,0.0394515254116372,0.3414498475720597,ema_trail,19,ETR,long,2025-07-22,0.9076433121019108,0.5104350223057392,xmom_f252_skip21_b55_s20_atr0.5_ema10
2023-03-07,2023-03-13,16.45293973514175,15.430774567615254,1.9940773027899308,-0.5291023800936009,0.044359772963502374,ema_trail,5,PCG,long,2023-03-06,0.932475884244373,0.3674539249726223,xmom_f252_skip21_b55_s20_atr0.5_ema10
2023-04-13,2023-05-16,16.678996292444687,16.76745204253193,2.0150262672639467,0.027343443803919027,0.34631090335388776,ema_trail,24,PCG,long,2023-04-12,0.905144694533762,0.22741440649390543,xmom_f252_skip21_b55_s20_atr0.5_ema10
2023-04-25,2023-05-16,16.767452291139964,16.76745204253193,1.525453865883799,-0.021983721658397206,0.3994677137283751,ema_trail,16,PCG,long,2023-04-24,0.909967845659164,0.2360550585804182,xmom_f252_skip21_b55_s20_atr0.5_ema10
2023-04-26,2023-05-16,16.934537407070778,16.76745204253193,1.6414956801885285,-0.12242154626316813,0.26943991239812576,ema_trail,15,PCG,long,2023-04-25,0.9147909967845659,0.28936502234160355,xmom_f252_skip21_b55_s20_atr0.5_ema10
2023-07-06,2023-07-19,17.465281083123212,17.160589954639853,1.1588433162456013,-0.29306955124002915,0.3562118645101129,ema_trail,10,PCG,long,2023-07-05,0.9229534510433387,0.6259765792490704,xmom_f252_skip21_b55_s20_atr0.5_ema10
2023-07-13,2023-07-19,17.78962053978915,17.160589954639853,1.4859539277853742,-0.4472613947186055,0.03968534324406838,ema_trail,5,PCG,long,2023-07-12,0.92776886035313,0.6679844201403713,xmom_f252_skip21_b55_s20_atr0.5_ema10
2023-11-16,2023-12-26,110.80999755859375,146.77999877929688,14.957534002635981,2.3899916402854884,2.6642096281708483,ema_trail,27,PDD,long,2023-11-15,0.9486356340288925,0.6034561775927982,xmom_f252_skip21_b55_s20_atr0.5_ema10
2023-11-06,2023-11-17,104.77655383670297,108.21139936018336,13.455400692789723,0.23970244286632844,0.26081042112208974,ema_trail,10,NTES,long,2023-11-03,0.9454253611556982,0.7069595793967576,xmom_f252_skip21_b55_s20_atr0.5_ema10
2023-11-21,2023-11-28,107.28054941005486,106.27523459803908,14.716730359925748,-0.08289041662118538,0.14041760979819476,ema_trail,5,NTES,long,2023-11-20,0.92776886035313,0.4453984811914993,xmom_f252_skip21_b55_s20_atr0.5_ema10
2024-09-20,2024-10-30,83.86000061035156,95.5,9.476056397261203,1.2106596781909704,1.9069113708574867,ema_trail,29,SE,long,2024-09-19,0.9648562300319489,1.1120373971520174,xmom_f252_skip21_b55_s20_atr0.5_ema10
2025-09-12,2025-09-16,195.5500030517578,189.19000244140625,27.88242748621053,-0.24212743383960694,0.07850806255698897,ema_trail,3,SE,long,2025-09-11,0.9617834394904459,1.2639446993417551,xmom_f252_skip21_b55_s20_atr0.5_ema10
2023-12-20,2024-01-03,78.0999984741211,72.08000183105469,11.174280466393895,-0.5527153769398628,0.14587112680003517,ema_trail,9,SHOP,long,2023-12-19,0.956661316211878,0.8935992255181577,xmom_f252_skip21_b55_s20_atr0.5_ema10
2024-01-10,2024-01-19,80.69000244140625,77.30999755859375,11.415533822378464,-0.3102250795099001,0.21899983293809003,ema_trail,7,SHOP,long,2024-01-09,0.9567307692307693,0.9500679399163934,xmom_f252_skip21_b55_s20_atr0.5_ema10
2024-01-11,2024-01-19,81.1500015258789,77.30999755859375,11.848673705601428,-0.3377849765957211,0.1721712460157409,ema_trail,6,SHOP,long,2024-01-10,0.9567307692307693,0.9499865372671523,xmom_f252_skip21_b55_s20_atr0.5_ema10
2024-02-08,2024-02-14,85.02999877929688,79.11000061035156,10.720865024190218,-0.5680566029665044,0.6100254877540846,ema_trail,5,SHOP,long,2024-02-07,0.9182692307692307,0.5064960810772225,xmom_f252_skip21_b55_s20_atr0.5_ema10
2025-06-12,2025-06-16,113.25,107.95999908447266,15.230720412556778,-0.3621956654774736,0.021010148315794636,ema_trail,3,SHOP,long,2025-06-11,0.9394904458598726,0.6941061224125757,xmom_f252_skip21_b55_s20_atr0.5_ema10
2023-07-20,2023-07-21,229.0399932861328,223.5800018310547,15.023803771805973,-0.39391298845079326,0.13778183978303649,ema_trail,2,WDAY,long,2023-07-19,0.9117174959871589,0.6029983068397844,xmom_f252_skip21_b55_s20_atr0.5_ema10
2024-01-16,2024-02-07,282.5199890136719,291.3399963378906,21.339118214278983,0.38684669456808335,0.725428803143784,ema_trail,17,WDAY,long,2024-01-12,0.9278846153846154,0.6883235913336556,xmom_f252_skip21_b55_s20_atr0.5_ema10
2024-01-19,2024-02-07,286.760009765625,291.3399963378906,25.606509647904886,0.15646281386351232,0.43895050082683373,ema_trail,14,WDAY,long,2024-01-18,0.9118589743589743,0.6359710133359013,xmom_f252_skip21_b55_s20_atr0.5_ema10
2024-01-22,2024-02-07,291.6700134277344,291.3399963378906,30.49247721176829,-0.02995352297407693,0.2075917456067697,ema_trail,13,WDAY,long,2024-01-19,0.9134615384615384,0.6601741502598377,xmom_f252_skip21_b55_s20_atr0.5_ema10
2024-02-09,2024-02-22,300.0,308.5799865722656,27.77216034692202,0.2873376241740605,0.3222656104253401,ema_trail,9,WDAY,long,2024-02-08,0.907051282051282,0.43843550103895046,xmom_f252_skip21_b55_s20_atr0.5_ema10
2024-02-12,2024-02-22,301.760009765625,308.5799865722656,28.10841904389133,0.2211599584239288,0.17112302015573813,ema_trail,8,WDAY,long,2024-02-09,0.905448717948718,0.4666984783818455,xmom_f252_skip21_b55_s20_atr0.5_ema10
2024-01-19,2024-01-25,128.0500030517578,123.61000061035156,19.147254129397368,-0.24526244942347608,0.4191198300420192,ema_trail,5,DDOG,long,2024-01-18,0.9278846153846154,0.6780728520528148,xmom_f252_skip21_b55_s20_atr0.5_ema10
2024-01-16,2024-02-01,230.0,236.61000061035156,26.41229466059093,0.23284613053813202,0.6201659149007095,ema_trail,13,ZS,long,2024-01-12,0.9583333333333334,0.9505783299781887,xmom_f252_skip21_b55_s20_atr0.5_ema10
2024-02-09,2024-02-14,253.83999633789062,247.66000366210938,36.19293078619009,-0.18477842283523513,0.1594230941881472,ema_trail,4,ZS,long,2024-02-08,0.9471153846153846,0.6388526619436554,xmom_f252_skip21_b55_s20_atr0.5_ema10
2024-02-12,2024-02-14,253.6999969482422,247.66000366210938,36.14200685342931,-0.18115743562834427,0.07525914348151647,ema_trail,3,ZS,long,2024-02-09,0.9423076923076923,0.6377242309073896,xmom_f252_skip21_b55_s20_atr0.5_ema10
2025-10-03,2025-10-08,308.07000732421875,297.29998779296875,45.218006388844685,-0.2518058723771469,0.06479703352211656,ema_trail,4,ZS,long,2025-10-02,0.9187898089171974,0.5828944817349779,xmom_f252_skip21_b55_s20_atr0.5_ema10
2025-10-09,2025-10-15,312.5450134277344,305.79998779296875,40.406094646096165,-0.18240108889942316,0.18177953808789493,ema_trail,5,ZS,long,2025-10-08,0.9219745222929936,0.623009374071164,xmom_f252_skip21_b55_s20_atr0.5_ema10
2025-10-27,2025-11-06,325.79998779296875,319.8500061035156,42.771003210225444,-0.15434713169086467,0.2616259054389215,ema_trail,9,ZS,long,2025-10-24,0.9060509554140127,0.5398581758862286,xmom_f252_skip21_b55_s20_atr0.5_ema10
2025-10-29,2025-11-06,321.3699951171875,319.8500061035156,38.085942935486,-0.056785491895781845,0.4101249414684651,ema_trail,7,ZS,long,2025-10-28,0.910828025477707,0.6142010858437787,xmom_f252_skip21_b55_s20_atr0.5_ema10
2025-11-03,2025-11-06,331.7300109863281,319.8500061035156,48.60886913341466,-0.2580488937185033,0.10821027812044008,ema_trail,4,ZS,long,2025-10-31,0.9124203821656051,0.6201210254613201,xmom_f252_skip21_b55_s20_atr0.5_ema10
2025-11-04,2025-11-06,329.2300109863281,319.8500061035156,46.042237437501115,-0.21802730413376673,0.140523171348605,ema_trail,3,ZS,long,2025-11-03,0.9124203821656051,0.6351322714322756,xmom_f252_skip21_b55_s20_atr0.5_ema10
2024-01-10,2024-02-01,68.71749877929688,74.03500366210938,10.001945008140716,0.5179062553371148,0.8168409406666046,ema_trail,16,CRWD,long,2024-01-09,0.9823717948717948,1.5355784952888167,xmom_f252_skip21_b55_s20_atr0.5_ema10
2025-10-27,2025-11-07,133.13499450683594,131.6649932861328,16.289957824744903,-0.10658537169932707,0.35712215742974773,ema_trail,10,CRWD,long,2025-10-24,0.9012738853503185,0.5334672502110938,xmom_f252_skip21_b55_s20_atr0.5_ema10
2025-10-29,2025-11-07,135.25,131.6649932861328,18.418379393941095,-0.2093293134756196,0.20102199604306178,ema_trail,8,CRWD,long,2025-10-28,0.9060509554140127,0.6042631794551259,xmom_f252_skip21_b55_s20_atr0.5_ema10
2024-01-12,2024-02-21,162.2550048828125,137.60000610351562,23.416897053518653,-1.066730093742674,1.2027636805065385,gap_stop,27,PANW,long,2024-01-11,0.9727564102564102,1.2347417797667481,xmom_f252_skip21_b55_s20_atr0.5_ema10
2025-08-01,2025-08-11,198.66000366210938,202.11000061035156,23.33883898920189,0.1307981490566151,0.8715084905166564,ema_trail,7,NET,long,2025-07-31,0.9665605095541401,1.390461294851288,xmom_f252_skip21_b55_s20_atr0.5_ema10
2025-06-25,2025-07-02,223.19000244140625,215.61000061035156,26.49520787183178,-0.3029371150724467,0.0940923440902959,ema_trail,6,SNOW,long,2025-06-24,0.9267515923566879,0.604643723491515,xmom_f252_skip21_b55_s20_atr0.5_ema10
2025-11-04,2025-11-05,192.07000732421875,189.0,26.445067363000476,-0.13061594026037215,0.13726528180836428,ema_trail,2,PLTR,long,2025-11-03,0.9872611464968153,2.9613186716471067,xmom_f252_skip21_b55_s20_atr0.5_ema10
2024-02-16,2024-02-21,131.9199981689453,121.55000305175781,18.752621453168274,-0.567058591785779,0.0677240926359322,ema_trail,3,ESTC,long,2024-02-15,0.969551282051282,0.8663239159631531,xmom_f252_skip21_b55_s20_atr0.5_ema10
2024-03-01,2024-03-01,115.95999908447266,113.76863490346987,2.1913641810027826,-1.1058336173327508,1.829911326923061,stop,1,ESTC,long,2024-02-29,0.969551282051282,1.0594714013725284,xmom_f252_skip21_b55_s20_atr0.5_ema10
2024-07-12,2024-07-18,120.75,115.55000305175781,15.9382085726335,-0.34141208050103206,0.2014027530035179,ema_trail,5,ESTC,long,2024-07-11,0.9153354632587859,0.6218898119216507,xmom_f252_skip21_b55_s20_atr0.5_ema10
2024-09-26,2024-09-27,47.810001373291016,44.630001068115234,6.186998879009714,-0.5294360597082663,0.019395337583117934,ema_trail,2,RBLX,long,2024-09-25,0.902555910543131,0.6809487242799794,xmom_f252_skip21_b55_s20_atr0.5_ema10
2025-07-16,2025-08-14,112.4000015258789,126.91000366210938,16.096158575007692,0.8874913891168523,2.3726154680973917,ema_trail,22,RBLX,long,2025-07-15,0.9745222929936306,1.4691069439274171,xmom_f252_skip21_b55_s20_atr0.5_ema10
2024-02-16,2024-02-21,42.0,41.04999923706055,5.9735814508487195,-0.17309561633122847,0.6060014350972716,ema_trail,3,DKNG,long,2024-02-15,0.9823717948717948,1.1126505354766265,xmom_f252_skip21_b55_s20_atr0.5_ema10
2024-06-14,2024-06-25,9.270000457763672,9.319999694824219,1.1393782146760074,0.027610880864494366,0.48271875833341626,ema_trail,7,RSI,long,2024-06-13,0.9872,1.7366769233988775,xmom_f252_skip21_b55_s20_atr0.5_ema10
2026-04-06,2026-04-10,22.6200008392334,21.614999771118164,3.1447210405242103,-0.33396954968655373,0.16853602353502448,ema_trail,5,RSI,long,2026-04-02,0.9044585987261147,0.8544130650780772,xmom_f252_skip21_b55_s20_atr0.5_ema10
2023-06-09,2023-06-20,32.13999938964844,30.450000762939453,4.479248949830197,-0.39164570782670693,0.10269558348394417,ema_trail,7,FLYW,long,2023-06-08,0.9438202247191011,0.49922081092735393,xmom_f252_skip21_b55_s20_atr0.5_ema10
2023-06-14,2023-06-20,31.8700008392334,30.450000762939453,4.167419055167606,-0.3560333286216015,0.14277405403152152,ema_trail,4,FLYW,long,2023-06-13,0.9630818619582665,0.7534083255594088,xmom_f252_skip21_b55_s20_atr0.5_ema10
2024-10-09,2024-10-31,132.9600067138672,132.47999572753906,16.63651759953754,-0.04483696755002349,0.49830099577830256,ema_trail,17,CAVA,long,2024-10-08,0.9968051118210862,2.799114015156452,xmom_f252_skip21_b55_s20_atr0.5_ema10
2024-10-15,2024-10-31,133.5,132.47999572753906,17.077287939022966,-0.07536350485254922,0.4538191326206213,ema_trail,13,CAVA,long,2024-10-14,0.9952076677316294,2.8879721119119095,xmom_f252_skip21_b55_s20_atr0.5_ema10
2024-11-08,2024-11-15,140.3300018310547,137.75,14.213339789700314,-0.20126598512685762,2.2584411067121466,ema_trail,6,CAVA,long,2024-11-07,0.9968051118210862,2.912759573446674,xmom_f252_skip21_b55_s20_atr0.5_ema10
2024-11-12,2024-11-15,147.41000366210938,137.75,21.417422996160397,-0.46480025497083577,1.1682072590225876,ema_trail,4,CAVA,long,2024-11-11,0.9952076677316294,3.2388198853763956,xmom_f252_skip21_b55_s20_atr0.5_ema10
2025-01-03,2025-01-14,56.81999969482422,56.54999923706055,7.220067559547871,-0.05313530018787585,0.3268668320465617,ema_trail,7,BROS,long,2025-01-02,0.9169329073482428,0.7546684139437874,xmom_f252_skip21_b55_s20_atr0.5_ema10
2023-05-18,2023-05-24,107.90831588092124,104.87558370986406,11.07846441125686,-0.2932309643490084,0.24466412392625467,ema_trail,5,TXRH,long,2023-05-17,0.9229534510433387,0.460973709337384,xmom_f252_skip21_b55_s20_atr0.5_ema10
2023-05-19,2023-05-24,110.12601087814174,104.87558370986406,13.303978292508845,-0.4112062624992687,0.00356203985560418,ema_trail,4,TXRH,long,2023-05-18,0.9325842696629213,0.4445615660429365,xmom_f252_skip21_b55_s20_atr0.5_ema10
2023-09-19,2023-09-20,43.599998474121094,39.66999816894531,6.245763834461279,-0.6431879924692224,0.030421009574185802,ema_trail,2,APP,long,2023-09-18,0.9197431781701445,0.550635532646865,xmom_f252_skip21_b55_s20_atr0.5_ema10
2023-07-12,2023-07-21,83.70999908447266,84.88500213623047,11.047267838563968,0.09120653797055424,0.7196353608703795,ema_trail,8,TTD,long,2023-07-11,0.9309791332263242,0.6335743846303235,xmom_f252_skip21_b55_s20_atr0.5_ema10
2025-06-05,2025-06-06,76.8499984741211,73.87999725341797,6.292630129937535,-0.49640629643719025,0.4227173069420147,ema_trail,2,CIEN,long,2025-06-04,0.928343949044586,0.5135978084614852,xmom_f252_skip21_b55_s20_atr0.5_ema10
2023-12-01,2023-12-07,45.542412430566195,44.73555917646627,6.819699490005043,-0.13166827662671624,0.15190661607550027,ema_trail,5,CCJ,long,2023-11-30,0.9695024077046549,0.7550407827227625,xmom_f252_skip21_b55_s20_atr0.5_ema10
2025-10-14,2025-10-20,89.52568024302381,87.47966956432198,12.337328447772961,-0.18035201450679803,0.6544600494327566,ema_trail,5,CCJ,long,2025-10-13,0.9012738853503185,0.5472953666114919,xmom_f252_skip21_b55_s20_atr0.5_ema10
2025-06-25,2025-07-03,514.6069574393721,510.3584248052419,64.94949894080003,-0.0812592342524378,0.254740531854562,ema_trail,7,GEV,long,2025-06-24,0.9808917197452229,1.593492444654005,xmom_f252_skip21_b55_s20_atr0.5_ema10
2023-06-13,2023-06-21,222.35000610351562,211.8300018310547,28.56312776207284,-0.38387617686699227,0.05321507596553105,ema_trail,6,BA,long,2023-06-12,0.9357945425361156,0.5093098241707761,xmom_f252_skip21_b55_s20_atr0.5_ema10
2025-09-10,2025-09-16,478.5,465.1400146484375,63.30042070068106,-0.22617520062403726,0.02448621629701228,ema_trail,5,ALNY,long,2025-09-09,0.9251592356687898,0.7453873076701143,xmom_f252_skip21_b55_s20_atr0.5_ema10
2023-05-08,2023-05-17,317.4800109863281,308.25,45.960055178542575,-0.2146422794746002,0.0,ema_trail,8,BIIB,long,2023-05-05,0.9454253611556982,0.35168958583682297,xmom_f252_skip21_b55_s20_atr0.5_ema10
2025-01-30,2025-02-12,71.86000061035156,72.76000213623047,10.131982430199876,0.0746429960640273,0.4530205583666885,ema_trail,10,ALK,long,2025-01-29,0.9361022364217252,0.822681419872425,xmom_f252_skip21_b55_s20_atr0.5_ema10
2025-02-20,2025-02-24,76.27999877929688,71.2300033569336,10.501992267608529,-0.4953874738575274,0.06665445563083822,ema_trail,3,ALK,long,2025-02-19,0.9281150159744409,0.7573508963679636,xmom_f252_skip21_b55_s20_atr0.5_ema10
2026-02-10,2026-02-23,52.4398990413877,58.41797279601294,6.962111227345559,0.8435938129620685,2.480249290494479,ema_trail,9,BWA,long,2026-02-09,0.9012738853503185,0.6041948272568252,xmom_f252_skip21_b55_s20_atr0.5_ema10
