entry_date,exit_date,entry,exit,risk,r,mfe_r,status,days,ticker,side,signal_date,rank,momentum,config
2023-07-20,2023-08-04,192.39279363664537,182.95513345446872,13.742090154076465,-0.7147708725034231,0.1514207352676713,ema_trail,12,AAPL,long,2023-07-19,0.9278846153846154,0.3642679229431023,xmom_f126_skip21_b55_s20_atr0.5_ema20
2023-05-30,2023-06-27,327.48142108846207,324.1892578253604,34.730623650542555,-0.11364973301355961,0.45678891765580143,ema_trail,20,MSFT,long,2023-05-26,0.9052969502407705,0.23432253196445907,xmom_f126_skip21_b55_s20_atr0.5_ema20
2023-07-19,2023-07-27,353.388368189592,332.60994176424407,37.85460719913897,-0.5675716841731165,0.0183222197929613,ema_trail,7,MSFT,long,2023-07-18,0.9439102564102564,0.4619186819585215,xmom_f126_skip21_b55_s20_atr0.5_ema20
2023-05-02,2023-06-28,28.621279673731713,41.03705596923828,2.8889624413769397,4.277845069619102,5.2902002226843745,time,40,NVDA,long,2023-05-01,0.9887640449438202,1.0791328789493337,xmom_f126_skip21_b55_s20_atr0.5_ema20
2023-05-09,2023-07-06,28.83982635316878,42.021141052246094,3.1100949608874053,4.219689498685403,4.843788778386242,time,40,NVDA,long,2023-05-08,0.9887640449438202,1.015387360651995,xmom_f126_skip21_b55_s20_atr0.5_ema20
2024-11-07,2024-11-19,146.1616297903136,141.09954425974988,19.978342462299892,-0.2680106620580958,0.16891735507207706,ema_trail,9,NVDA,long,2024-11-06,0.9585987261146497,0.47007348260905957,xmom_f126_skip21_b55_s20_atr0.5_ema20
2025-10-01,2025-10-15,185.00405809785752,184.56460739230218,23.862170791900297,-0.033922262513761736,0.4344432384722455,ema_trail,11,NVDA,long,2025-09-30,0.9124203821656051,0.6072346925633505,xmom_f126_skip21_b55_s20_atr0.5_ema20
2023-05-19,2023-07-18,65.24328280581013,87.14228820800781,8.205100216456643,2.6530472830698417,2.827243686721977,time,40,AVGO,long,2023-05-18,0.9004815409309791,0.22878424998354174,xmom_f126_skip21_b55_s20_atr0.5_ema20
2023-05-22,2023-07-19,65.37759359699133,86.9435806274414,8.316914154366707,2.5773058907914486,2.7730846521492243,time,40,AVGO,long,2023-05-19,0.9052969502407705,0.25631875662720427,xmom_f126_skip21_b55_s20_atr0.5_ema20
2023-05-24,2023-07-21,65.38142483700787,86.49796295166016,8.338123817443346,2.5168462023886056,2.7655712795316862,time,40,AVGO,long,2023-05-23,0.9004815409309791,0.25095033817757995,xmom_f126_skip21_b55_s20_atr0.5_ema20
2024-02-23,2024-03-12,127.47245981046328,127.33894846040614,14.84316533515944,-0.02617071634699862,0.8519855536084073,ema_trail,13,AVGO,long,2024-02-22,0.950479233226837,0.4473860790520321,xmom_f126_skip21_b55_s20_atr0.5_ema20
2024-06-12,2024-07-18,146.7650358015438,155.95695385905861,21.32117809455646,0.41734973304235873,1.6135928770317562,ema_trail,25,AVGO,long,2024-06-11,0.9217252396166135,0.4239442396131776,xmom_f126_skip21_b55_s20_atr0.5_ema20
2025-07-30,2025-08-20,294.98857929046596,293.31086698084704,38.02669048177137,-0.05963415273508765,0.527342357616287,ema_trail,16,AVGO,long,2025-07-29,0.9363057324840764,0.3397365041439673,xmom_f126_skip21_b55_s20_atr0.5_ema20
2025-07-31,2025-08-20,300.59747415612446,293.31086698084704,43.56001254609623,-0.18107896813029187,0.33159287385554476,ema_trail,15,AVGO,long,2025-07-30,0.9363057324840764,0.33649143088126054,xmom_f126_skip21_b55_s20_atr0.5_ema20
2023-04-06,2023-06-02,90.36103567141232,101.85943603515625,12.640451030975015,0.8953539920899577,0.9766187654650935,time,40,ORCL,long,2023-04-05,0.9069020866773676,0.35708979474156055,xmom_f126_skip21_b55_s20_atr0.5_ema20
2024-11-07,2024-11-29,177.58376594919665,180.45717233288485,15.25908560088044,0.16503209416719647,0.9614687020602117,ema_trail,16,ORCL,long,2024-11-06,0.9601910828025477,0.4895844136311589,xmom_f126_skip21_b55_s20_atr0.5_ema20
2024-11-08,2024-11-29,182.6637481040748,180.45717233288485,20.42211175203923,-0.1259371850778995,0.46964541125225706,ema_trail,15,ORCL,long,2024-11-07,0.964968152866242,0.5328651566573395,xmom_f126_skip21_b55_s20_atr0.5_ema20
2024-11-11,2024-11-29,187.36127528278493,180.45717233288485,25.1186462271734,-0.28977777841352775,0.19482036768454367,ema_trail,14,ORCL,long,2024-11-08,0.9665605095541401,0.5111065925400595,xmom_f126_skip21_b55_s20_atr0.5_ema20
2024-11-22,2024-11-29,189.27361440326897,180.45717233288485,27.02752512976653,-0.3402083340980351,0.06349866430615438,ema_trail,5,ORCL,long,2024-11-21,0.9378980891719745,0.4020392819299896,xmom_f126_skip21_b55_s20_atr0.5_ema20
2025-08-01,2025-08-14,245.03716414010182,242.18959644503747,25.716179076815763,-0.12978763343398814,0.4098523550804092,ema_trail,10,ORCL,long,2025-07-31,0.9490445859872612,0.3562927123482309,xmom_f126_skip21_b55_s20_atr0.5_ema20
2023-05-10,2023-06-08,201.45473780869372,201.8872717862739,17.274012081800464,0.0017149751790446234,1.141532032412859,ema_trail,21,CRM,long,2023-05-09,0.9036918138041734,0.3700365052270109,xmom_f126_skip21_b55_s20_atr0.5_ema20
2023-05-30,2023-06-08,215.5410336295291,201.8872717862739,30.19640933155003,-0.466441018064953,0.18653020089185104,ema_trail,8,CRM,long,2023-05-26,0.9213483146067416,0.28704680466817023,xmom_f126_skip21_b55_s20_atr0.5_ema20
2023-05-31,2023-06-08,215.81626342239414,201.8872717862739,30.551765759847598,-0.47004236271797906,0.17535197631694166,ema_trail,7,CRM,long,2023-05-30,0.9213483146067416,0.29357681060484353,xmom_f126_skip21_b55_s20_atr0.5_ema20
2023-06-01,2023-06-08,204.6789694033211,201.8872717862739,19.532407909733138,-0.16388432858084664,0.4247531825512571,ema_trail,6,CRM,long,2023-05-31,0.9149277688603531,0.2869412548470165,xmom_f126_skip21_b55_s20_atr0.5_ema20
2023-07-13,2023-08-03,224.3781379294139,212.5232346298049,25.56301277272084,-0.48130710119573517,0.3829990622739319,ema_trail,16,CRM,long,2023-07-12,0.9407051282051282,0.46369828876981645,xmom_f126_skip21_b55_s20_atr0.5_ema20
2023-07-14,2023-08-03,225.7936497684441,212.5232346298049,26.91355614852162,-0.5098546755564985,0.31118511561982704,ema_trail,15,CRM,long,2023-07-13,0.9310897435897436,0.44933531810892946,xmom_f126_skip21_b55_s20_atr0.5_ema20
2023-07-20,2023-08-03,227.16985006928775,212.5232346298049,26.014418145798373,-0.5804840629141804,0.09068735910432696,ema_trail,11,CRM,long,2023-07-19,0.9391025641025641,0.42628136063844213,xmom_f126_skip21_b55_s20_atr0.5_ema20
2024-02-09,2024-02-14,288.262919160996,280.1532475337121,31.252760724834786,-0.27793376534263914,0.06259120573592594,ema_trail,4,CRM,long,2024-02-08,0.9137380191693291,0.26950341454248394,xmom_f126_skip21_b55_s20_atr0.5_ema20
2024-02-27,2024-03-18,296.4512913878541,294.9092568170602,27.96812923483526,-0.07633464275152321,0.6020639226639222,ema_trail,15,CRM,long,2024-02-26,0.9105431309904153,0.35774406692580496,xmom_f126_skip21_b55_s20_atr0.5_ema20
2024-03-01,2024-03-18,301.77904591928524,294.9092568170602,33.49884431200428,-0.22309268715235997,0.3436192293099614,ema_trail,12,CRM,long,2024-02-29,0.9313099041533547,0.35747311837800333,xmom_f126_skip21_b55_s20_atr0.5_ema20
2024-03-04,2024-03-18,309.22036780444193,294.9092568170602,41.11897224324605,-0.36308183080725787,0.07363043258721941,ema_trail,11,CRM,long,2024-03-01,0.9153354632587859,0.3071520324372825,xmom_f126_skip21_b55_s20_atr0.5_ema20
2024-01-17,2024-02-22,154.88701451889344,170.97410587279197,9.208198825765692,1.7133988550197066,3.0365553526885534,ema_trail,26,IBM,long,2024-01-16,0.9121405750798722,0.24687024081235154,xmom_f126_skip21_b55_s20_atr0.5_ema20
2023-07-19,2023-08-10,534.47998046875,521.030029296875,68.61832132330767,-0.21158942470195413,0.2690246805321644,ema_trail,17,ADBE,long,2023-07-18,0.9375,0.42548927551458426,xmom_f126_skip21_b55_s20_atr0.5_ema20
2023-08-01,2023-08-10,545.780029296875,521.030029296875,77.77081724620439,-0.3322783657626402,0.0802356263612434,ema_trail,8,ADBE,long,2023-07-31,0.905448717948718,0.30498233164641886,xmom_f126_skip21_b55_s20_atr0.5_ema20
2023-09-01,2023-09-13,564.7999877929688,557.02001953125,67.79151683455314,-0.13142600510103214,0.0802460646319909,ema_trail,8,ADBE,long,2023-08-31,0.967948717948718,0.5901049109234446,xmom_f126_skip21_b55_s20_atr0.5_ema20
2023-09-05,2023-09-13,557.8800048828125,557.02001953125,60.788566605159815,-0.03250192382658389,0.2033274683353591,ema_trail,7,ADBE,long,2023-09-01,0.969551282051282,0.5223811090483588,xmom_f126_skip21_b55_s20_atr0.5_ema20
2023-12-13,2023-12-14,630.4099731445312,584.4277669158927,45.982206228638574,-1.0274197357999713,0.04436583691431112,stop,2,ADBE,long,2023-12-12,0.9504,0.2468318396609892,xmom_f126_skip21_b55_s20_atr0.5_ema20
2023-07-14,2023-07-28,115.4000015258789,113.50800323486328,9.786359590843276,-0.21691398873730375,0.7635117075670895,ema_trail,11,NOW,long,2023-07-13,0.9262820512820513,0.43459192434871485,xmom_f126_skip21_b55_s20_atr0.5_ema20
2023-07-17,2023-07-28,116.53399658203125,113.50800323486328,10.88018630751644,-0.29954094977955936,0.5825272552124808,ema_trail,10,NOW,long,2023-07-14,0.9198717948717948,0.4087054305334279,xmom_f126_skip21_b55_s20_atr0.5_ema20
2023-07-18,2023-07-28,117.96199798583984,113.50800323486328,12.31624583439654,-0.3807912581486755,0.39866073868035545,ema_trail,9,NOW,long,2023-07-17,0.9182692307692307,0.372767717651481,xmom_f126_skip21_b55_s20_atr0.5_ema20
2023-07-19,2023-07-28,122.18000030517578,113.50800323486328,16.566516419589618,-0.5382155695918917,0.041771083627162434,ema_trail,8,NOW,long,2023-07-18,0.9214743589743589,0.38439110298073986,xmom_f126_skip21_b55_s20_atr0.5_ema20
2023-07-20,2023-07-28,119.52400207519531,113.50800323486328,13.934409943678645,-0.4488921217162861,0.04679067358297968,ema_trail,7,NOW,long,2023-07-19,0.9166666666666666,0.3520466373723756,xmom_f126_skip21_b55_s20_atr0.5_ema20
2024-01-12,2024-02-20,144.9600067138672,150.61599731445312,12.128345103415597,0.44244046004652393,1.4927006523225064,ema_trail,26,NOW,long,2024-01-11,0.9089456869009584,0.22109277585705178,xmom_f126_skip21_b55_s20_atr0.5_ema20
2024-12-05,2024-12-19,223.02000427246094,214.04800415039062,29.139426965325384,-0.3232060857552992,0.29375998260980785,ema_trail,11,NOW,long,2024-12-04,0.928343949044586,0.35573980505392244,xmom_f126_skip21_b55_s20_atr0.5_ema20
2023-12-14,2024-01-03,601.3796997366821,584.6206890265795,66.73265945574337,-0.2691601122459105,0.24014401591713472,ema_trail,13,INTU,long,2023-12-13,0.9008,0.19678590283351616,xmom_f126_skip21_b55_s20_atr0.5_ema20
2023-12-19,2024-01-03,602.152621764522,584.6206890265795,62.5512932866618,-0.29953398238477,0.24384031097156073,ema_trail,10,INTU,long,2023-12-18,0.9169329073482428,0.22796954958130988,xmom_f126_skip21_b55_s20_atr0.5_ema20
2023-12-20,2024-01-03,605.6159483903804,584.6206890265795,65.82903284656436,-0.3373358273748449,0.1790881571709104,ema_trail,9,INTU,long,2023-12-19,0.9233226837060703,0.24765716861521647,xmom_f126_skip21_b55_s20_atr0.5_ema20
2024-01-23,2024-02-22,617.8648175415618,636.9614931070691,50.353508188458136,0.35471105337042297,0.6662695755736832,ema_trail,22,INTU,long,2024-01-22,0.9041533546325878,0.2639951132999525,xmom_f126_skip21_b55_s20_atr0.5_ema20
2025-07-29,2025-08-04,795.5428194630412,775.4682977719585,67.86547959090865,-0.3192434130077386,0.13434828950883812,ema_trail,5,INTU,long,2025-07-28,0.9363057324840764,0.29477348142724136,xmom_f126_skip21_b55_s20_atr0.5_ema20
2025-07-30,2025-08-04,795.9285081751651,775.4682977719585,68.25202355695899,-0.32309763535660746,0.12793646155156768,ema_trail,4,INTU,long,2025-07-29,0.9124203821656051,0.28239474899811734,xmom_f126_skip21_b55_s20_atr0.5_ema20
2026-06-23,2026-06-25,313.9100036621094,315.70001220703125,46.7011961532931,0.024885626778870105,0.05032004096430229,ema_trail,3,TXN,long,2026-06-22,0.9585987261146497,0.7676041934276168,xmom_f126_skip21_b55_s20_atr0.5_ema20
2024-06-14,2024-06-25,208.56397733241022,194.66864012393881,28.230713845378006,-0.506982049463106,0.4409486113015103,ema_trail,7,QCOM,long,2024-06-13,0.9105431309904153,0.38959520800049185,xmom_f126_skip21_b55_s20_atr0.5_ema20
2024-06-20,2024-06-25,214.85040380894742,194.66864012393881,30.961700210353342,-0.6657084188721069,0.0526167370505428,ema_trail,4,QCOM,long,2024-06-18,0.9121405750798722,0.3613126209363018,xmom_f126_skip21_b55_s20_atr0.5_ema20
2024-06-11,2024-07-18,223.50329091042695,218.46812731101895,25.714088876105478,-0.21319713903311216,1.0945606761027755,ema_trail,26,AMAT,long,2024-06-10,0.9009584664536742,0.3928141552396902,xmom_f126_skip21_b55_s20_atr0.5_ema20
2024-06-12,2024-07-18,227.5943301907399,218.46812731101895,29.770013258566507,-0.3218470699654567,0.8080141253669771,ema_trail,25,AMAT,long,2024-06-11,0.9153354632587859,0.42218693930572404,xmom_f126_skip21_b55_s20_atr0.5_ema20
2024-07-10,2024-07-18,248.8068203920187,218.46812731101895,35.824647247935246,-0.8607567440475226,0.07933367785411861,ema_trail,7,AMAT,long,2024-07-09,0.9329073482428115,0.4934955195908761,xmom_f126_skip21_b55_s20_atr0.5_ema20
2024-07-11,2024-07-17,251.3342236017576,217.94029552467595,33.393928077081654,-1.0150526899993084,0.0,stop,5,AMAT,long,2024-07-10,0.9361022364217252,0.4681361462155198,xmom_f126_skip21_b55_s20_atr0.5_ema20
2026-05-07,2026-05-19,425.8306100080117,403.86793027997817,57.149870814546944,-0.3992019688387888,0.38604827293344246,ema_trail,9,AMAT,long,2026-05-06,0.947452229299363,0.4952978953847329,xmom_f126_skip21_b55_s20_atr0.5_ema20
2023-06-28,2023-07-07,62.3016304694454,60.53768912181066,5.556401748505586,-0.33988625985901094,0.19307143496070392,ema_trail,7,LRCX,long,2023-06-27,0.9534510433386838,0.4770730347416936,xmom_f126_skip21_b55_s20_atr0.5_ema20
2024-01-22,2024-03-12,81.17869609566381,91.5911561154281,11.404283668859946,0.8987940781902387,1.530400233993359,ema_trail,36,LRCX,long,2024-01-19,0.9089456869009584,0.2580459571440403,xmom_f126_skip21_b55_s20_atr0.5_ema20
2024-01-22,2024-03-18,60.63209802831723,67.85712432861328,8.191856214553994,0.8671736805656546,1.3431024537249554,time,40,KLAC,long,2024-01-19,0.9297124600638977,0.2883612514978513,xmom_f126_skip21_b55_s20_atr0.5_ema20
2024-01-23,2024-03-19,60.65757524415558,66.9100570678711,8.2187481008622,0.7459976383245037,1.3356079091096102,time,40,KLAC,long,2024-01-22,0.9105431309904153,0.26761792477181134,xmom_f126_skip21_b55_s20_atr0.5_ema20
2024-07-11,2024-07-18,88.23719728015995,78.14275620651004,12.362797776938564,-0.8307921599566632,0.0,ema_trail,6,KLAC,long,2024-07-10,0.9153354632587859,0.3732253579040037,xmom_f126_skip21_b55_s20_atr0.5_ema20
2024-06-06,2024-06-28,132.88731915577975,131.8745606766852,18.5187843966726,-0.06903979710654366,1.2706697946398569,ema_trail,16,MU,long,2024-06-05,0.9568690095846646,0.6207691252628478,xmom_f126_skip21_b55_s20_atr0.5_ema20
2024-06-11,2024-06-28,134.35675618655884,131.8745606766852,16.456834907992373,-0.16715905808295822,1.3405872428607881,ema_trail,13,MU,long,2024-06-10,0.9488817891373802,0.6032805622685666,xmom_f126_skip21_b55_s20_atr0.5_ema20
2026-06-04,2026-06-08,427.7799987792969,414.95001220703125,55.7089307233,-0.24566162717785398,0.08059731493817889,ema_trail,3,ADI,long,2026-06-03,0.9171974522292994,0.4996426013627384,xmom_f126_skip21_b55_s20_atr0.5_ema20
2026-06-23,2026-06-24,426.8599853515625,407.2200012207031,52.42932541052187,-0.39088246780016145,0.0,ema_trail,2,ADI,long,2026-06-22,0.9044585987261147,0.47320073136379137,xmom_f126_skip21_b55_s20_atr0.5_ema20
2023-05-26,2023-06-22,226.25999450683594,226.11000061035156,30.26934821898186,-0.01990508289571334,0.5414718305487098,ema_trail,18,CDNS,long,2023-05-25,0.9052969502407705,0.23250607973160786,xmom_f126_skip21_b55_s20_atr0.5_ema20
2023-06-16,2023-07-28,74.45999908447266,77.23999786376953,11.04058900323502,0.2383096391285821,0.6140975610368484,ema_trail,29,FTNT,long,2023-06-15,0.9149277688603531,0.24858341622566282,xmom_f126_skip21_b55_s20_atr0.5_ema20
2026-06-30,2026-07-10,151.0399932861328,157.50999450683594,20.92721544123262,0.29473205603734,0.6804539062137797,time,8,FTNT,long,2026-06-29,0.9347133757961783,0.5976841150611936,xmom_f126_skip21_b55_s20_atr0.5_ema20
2024-10-10,2024-11-14,45.59627285316505,45.88792770710091,6.012061192154071,0.03334335793041156,0.6678541480527924,ema_trail,26,GLW,long,2024-10-09,0.9106858054226475,0.3068360959019303,xmom_f126_skip21_b55_s20_atr0.5_ema20
2024-10-30,2024-11-14,47.560109484493715,45.88792770710091,5.327089672629981,-0.33175750831490686,0.08760180290284439,ema_trail,12,GLW,long,2024-10-29,0.9074960127591707,0.3721071577455195,xmom_f126_skip21_b55_s20_atr0.5_ema20
2025-10-28,2025-11-05,83.73849179501393,84.9601595586855,5.275427674357559,0.19983039198995883,1.5551373483676862,ema_trail,7,GLW,long,2025-10-27,0.9299363057324841,0.8168413321359489,xmom_f126_skip21_b55_s20_atr0.5_ema20
2025-10-30,2025-11-05,88.20798556062131,84.9601595586855,8.274860608645184,-0.41381264712538623,0.4513092142599828,ema_trail,5,GLW,long,2025-10-29,0.9331210191082803,0.8663542139909346,xmom_f126_skip21_b55_s20_atr0.5_ema20
2023-12-11,2024-01-04,76.36647679873984,75.90613620228139,10.166345777371006,-0.06030421977388911,0.6426662541477554,ema_trail,17,STX,long,2023-12-08,0.9136,0.20596010571117374,xmom_f126_skip21_b55_s20_atr0.5_ema20
2024-01-24,2024-02-01,85.67963203674267,81.6485407317048,11.218929676822256,-0.3745856949075465,0.16270605184371761,ema_trail,7,STX,long,2024-01-23,0.9728434504792333,0.4073005581797724,xmom_f126_skip21_b55_s20_atr0.5_ema20
2024-01-26,2024-02-01,86.41168096725026,81.6485407317048,12.040694870426094,-0.4099400948697317,0.09080363175765661,ema_trail,5,STX,long,2024-01-25,0.9760383386581469,0.49729971838453935,xmom_f126_skip21_b55_s20_atr0.5_ema20
2024-03-01,2024-03-13,90.31917306977739,86.03139627092362,11.594736115861465,-0.3853830824903884,0.5132979801761575,ema_trail,9,STX,long,2024-02-29,0.9201277955271565,0.3445062995443613,xmom_f126_skip21_b55_s20_atr0.5_ema20
2025-07-24,2025-08-07,150.98335789237547,143.79271671668693,17.793955081421558,-0.4210760259418789,0.3004306216284439,ema_trail,11,STX,long,2025-07-23,0.9538216560509554,0.32513429729951593,xmom_f126_skip21_b55_s20_atr0.5_ema20
2025-08-01,2025-08-07,152.10409849658285,143.79271671668693,17.480214708101926,-0.4928766677503017,0.2417080369255649,ema_trail,5,STX,long,2025-07-31,0.9713375796178344,0.47921408277557176,xmom_f126_skip21_b55_s20_atr0.5_ema20
2025-08-28,2025-10-10,165.74150603471318,219.28412700782494,24.618454106110676,2.1614329531696512,3.9705042852472396,ema_trail,31,STX,long,2025-08-27,0.9617834394904459,0.5433104454166848,xmom_f126_skip21_b55_s20_atr0.5_ema20
2024-01-19,2024-02-14,40.63030752427704,42.082467857811295,4.257203542253649,0.32201883346173776,1.1576394016111522,ema_trail,19,WDC,long,2024-01-18,0.9440894568690096,0.30182380170489953,xmom_f126_skip21_b55_s20_atr0.5_ema20
2024-05-30,2024-06-21,57.69503962452516,57.05548408768627,7.522233847104239,-0.10036189135207031,0.4871222630473127,ema_trail,16,WDC,long,2024-05-29,0.9376996805111821,0.4797713163442918,xmom_f126_skip21_b55_s20_atr0.5_ema20
2024-06-13,2024-06-21,59.41806354186562,57.05548408768627,6.7626678883446445,-0.36692849955559215,0.2870499763529297,ema_trail,6,WDC,long,2024-06-12,0.9265175718849841,0.4413077588462342,xmom_f126_skip21_b55_s20_atr0.5_ema20
2025-07-30,2025-09-24,69.26228669553703,109.52088928222656,7.370036470894981,5.4436742846167325,6.013853662931485,time,40,WDC,long,2025-07-29,0.9219745222929936,0.3026194561879496,xmom_f126_skip21_b55_s20_atr0.5_ema20
2024-07-10,2024-07-18,128.19430397272598,123.6183424065127,13.907662724410827,-0.34745954585718836,0.13437957352974275,ema_trail,7,NTAP,long,2024-07-09,0.9169329073482428,0.43461964013009746,xmom_f126_skip21_b55_s20_atr0.5_ema20
2024-07-11,2024-07-18,129.67784956951098,123.6183424065127,13.425215208422813,-0.47067125286549844,0.02583273891510881,ema_trail,6,NTAP,long,2024-07-10,0.9265175718849841,0.4137099285893213,xmom_f126_skip21_b55_s20_atr0.5_ema20
2025-10-09,2025-10-13,25.643464280491962,24.570063425415086,2.577443149775611,-0.4363579401298431,0.126084135442015,ema_trail,3,HPE,long,2025-10-08,0.9156050955414012,0.9228375677095173,xmom_f126_skip21_b55_s20_atr0.5_ema20
2023-08-09,2023-10-04,54.86105563406659,64.25436763808293,5.855407411083135,1.5854729211798644,2.502501293885904,ema_trail,40,DELL,long,2023-08-08,0.9375,0.3511967436539083,xmom_f126_skip21_b55_s20_atr0.5_ema20
2023-11-09,2023-12-04,69.72426533164023,68.03468346947368,9.212461486261127,-0.1985387288248127,0.3605511042070085,ema_trail,17,DELL,long,2023-11-08,0.9631410256410257,0.4936254097875594,xmom_f126_skip21_b55_s20_atr0.5_ema20
2024-01-09,2024-02-16,76.00261451106597,80.3246334117881,11.158548131946333,0.3737057565546066,0.6984278785656729,ema_trail,28,DELL,long,2024-01-08,0.9313099041533547,0.24813020817673204,xmom_f126_skip21_b55_s20_atr0.5_ema20
2024-01-12,2024-02-16,76.74182405581047,80.3246334117881,11.122953560739802,0.30831070984332337,0.634204891389886,ema_trail,25,DELL,long,2024-01-11,0.939297124600639,0.2601591655272595,xmom_f126_skip21_b55_s20_atr0.5_ema20
2024-02-23,2024-04-15,85.87888665562726,114.74948696999635,9.573339549881268,2.9977880123779563,4.744181933431461,ema_trail,36,DELL,long,2024-02-22,0.9648562300319489,0.49221686599099046,xmom_f126_skip21_b55_s20_atr0.5_ema20
2024-02-26,2024-04-15,89.3117540432051,114.74948696999635,13.081079303264488,1.9309652386558984,3.209582036330603,ema_trail,35,DELL,long,2024-02-23,0.9680511182108626,0.48792301036006314,xmom_f126_skip21_b55_s20_atr0.5_ema20
2022-12-01,2022-12-16,180.85000610351562,174.47999572753906,23.764712670219325,-0.28326496017851777,0.3618806995088821,ema_trail,12,KEYS,long,2022-11-30,0.9117174959871589,0.21316607589129455,xmom_f126_skip21_b55_s20_atr0.5_ema20
2026-05-07,2026-05-19,366.6199951171875,339.6000061035156,54.754681263610735,-0.5068649540719853,0.0649258217514975,ema_trail,9,KEYS,long,2026-05-06,0.964968152866242,0.6146202448028486,xmom_f126_skip21_b55_s20_atr0.5_ema20
2026-06-23,2026-06-29,359.06500244140625,330.04998779296875,50.79545675896799,-0.5853504732600106,0.19539125004947383,ema_trail,5,KEYS,long,2026-06-22,0.9538216560509554,0.7230644672120878,xmom_f126_skip21_b55_s20_atr0.5_ema20
2023-09-21,2023-10-04,107.66000366210938,105.83999633789062,7.375034148651707,-0.27597530947230453,0.16135448162355584,ema_trail,10,AKAM,long,2023-09-20,0.9182692307692307,0.32879789158599704,xmom_f126_skip21_b55_s20_atr0.5_ema20
2023-12-14,2024-01-03,117.6500015258789,116.5999984741211,7.085596730153441,-0.18139658574412498,0.41774873693786363,ema_trail,13,AKAM,long,2023-12-13,0.9136,0.20643554662635033,xmom_f126_skip21_b55_s20_atr0.5_ema20
2023-12-15,2024-01-03,118.44999694824219,116.5999984741211,7.911264065328723,-0.26378824556791797,0.2730288920042039,ema_trail,12,AKAM,long,2023-12-14,0.9185303514376997,0.21776912260471026,xmom_f126_skip21_b55_s20_atr0.5_ema20
2023-12-20,2024-01-03,120.18000030517578,116.5999984741211,8.763616377674722,-0.43593439820088375,0.03651457127213107,ema_trail,9,AKAM,long,2023-12-19,0.9376996805111821,0.2759169199041782,xmom_f126_skip21_b55_s20_atr0.5_ema20
2024-01-23,2024-02-15,122.1500015258789,114.19999694824219,8.752839633189438,-0.9361881314055976,0.8020250498418416,ema_trail,18,AKAM,long,2024-01-22,0.9281150159744409,0.30093097941426095,xmom_f126_skip21_b55_s20_atr0.5_ema20
2024-01-24,2024-02-15,123.98999786376953,114.19999694824219,10.600133107440556,-0.9469674398908179,0.48867313765520376,ema_trail,17,AKAM,long,2024-01-23,0.9345047923322684,0.2862068608314625,xmom_f126_skip21_b55_s20_atr0.5_ema20
2024-01-25,2024-02-15,123.94999694824219,114.19999694824219,10.590479663609003,-0.9440460027746675,0.49289563707299194,ema_trail,16,AKAM,long,2024-01-24,0.9281150159744409,0.27701184411117463,xmom_f126_skip21_b55_s20_atr0.5_ema20
2023-12-18,2024-01-03,216.7739598934443,212.05310309500535,17.991159199454984,-0.2864965320512521,0.23669466677527765,ema_trail,11,CDW,long,2023-12-15,0.9313099041533547,0.23240187698052206,xmom_f126_skip21_b55_s20_atr0.5_ema20
2022-12-01,2022-12-07,35.01250076293945,32.102500915527344,5.081055805708093,-0.5864971696611181,0.03739353275662483,ema_trail,5,ANET,long,2022-11-30,0.9004815409309791,0.1887479373169474,xmom_f126_skip21_b55_s20_atr0.5_ema20
2023-12-11,2024-01-04,56.0,57.3125,5.907134161715788,0.20322883603701702,0.7057145899880148,ema_trail,17,ANET,long,2023-12-08,0.9648,0.2896874267374876,xmom_f126_skip21_b55_s20_atr0.5_ema20
2023-12-12,2024-01-04,56.584999084472656,57.3125,5.575320137556545,0.11018755913586636,0.6427885018343398,ema_trail,16,ANET,long,2023-12-11,0.9488,0.24494117288028483,xmom_f126_skip21_b55_s20_atr0.5_ema20
2023-12-13,2024-01-04,57.5,57.3125,6.198673490201429,-0.04880076365986654,0.4305357859480885,ema_trail,15,ANET,long,2023-12-12,0.9392,0.22680894928851147,xmom_f126_skip21_b55_s20_atr0.5_ema20
2023-12-18,2024-01-04,59.13249969482422,57.3125,7.161173047996549,-0.27066301585270686,0.14470409542821228,ema_trail,12,ANET,long,2023-12-15,0.9712460063897763,0.3545853006379991,xmom_f126_skip21_b55_s20_atr0.5_ema20
2023-12-19,2024-01-04,59.77750015258789,57.3125,7.8010003546093785,-0.3313107339324667,0.050153902392836604,ema_trail,11,ANET,long,2023-12-18,0.9696485623003195,0.38058254402432246,xmom_f126_skip21_b55_s20_atr0.5_ema20
2024-01-09,2024-02-14,61.25,67.5,7.824314639776404,0.783135684351148,1.5228172004938494,ema_trail,26,ANET,long,2024-01-08,0.9680511182108626,0.33751168796441644,xmom_f126_skip21_b55_s20_atr0.5_ema20
2024-01-11,2024-02-14,62.48749923706055,67.5,6.8389109911450205,0.7146643333702793,1.5612868324053288,ema_trail,24,ANET,long,2024-01-10,0.9664536741214057,0.3657035354087359,xmom_f126_skip21_b55_s20_atr0.5_ema20
2024-01-12,2024-02-14,63.0,67.5,7.0319612440968555,0.6220170800389232,1.4455427956262688,ema_trail,23,ANET,long,2024-01-11,0.963258785942492,0.34375189196404543,xmom_f126_skip21_b55_s20_atr0.5_ema20
2024-01-19,2024-02-14,65.15249633789062,67.5,9.232213997033348,0.2401589337233801,0.8678854909788088,ema_trail,19,ANET,long,2024-01-18,0.9600638977635783,0.33666182597309846,xmom_f126_skip21_b55_s20_atr0.5_ema20
2024-03-21,2024-04-05,74.75,72.75499725341797,10.585284360292363,-0.20259283299242428,0.20641840920118662,ema_trail,11,ANET,long,2024-03-20,0.9121405750798722,0.40458790661518806,xmom_f126_skip21_b55_s20_atr0.5_ema20
2024-03-22,2024-04-05,75.75,72.75499725341797,11.036151935980186,-0.2851086832470807,0.10737416134426418,ema_trail,10,ANET,long,2024-03-21,0.902555910543131,0.39255816959323697,xmom_f126_skip21_b55_s20_atr0.5_ema20
2024-03-25,2024-04-05,75.61750030517578,72.75499725341797,10.870176906687234,-0.2772482985547493,0.11269351774463632,ema_trail,9,ANET,long,2024-03-22,0.9233226837060703,0.5110761770119043,xmom_f126_skip21_b55_s20_atr0.5_ema20
2024-11-07,2024-11-11,106.75499725341797,101.33000183105469,12.677454212430575,-0.44476637993623475,0.09761447614177998,ema_trail,3,ANET,long,2024-11-06,0.9363057324840764,0.3721671162464688,xmom_f126_skip21_b55_s20_atr0.5_ema20
2024-11-08,2024-11-11,101.61499786376953,101.33000183105469,7.517011435869549,-0.06494948592371086,0.38146813126992085,ema_trail,2,ANET,long,2024-11-07,0.9299363057324841,0.37443841864793326,xmom_f126_skip21_b55_s20_atr0.5_ema20
2025-09-08,2025-10-15,143.8000030517578,140.4199981689453,18.49081053306277,-0.19834743762898333,1.0210471623331379,ema_trail,28,ANET,long,2025-09-05,0.945859872611465,0.6454826275223409,xmom_f126_skip21_b55_s20_atr0.5_ema20
2025-10-09,2025-10-15,157.0,140.4199981689453,21.61103897911042,-0.7817302003566188,0.26282830183553985,ema_trail,5,ANET,long,2025-10-08,0.928343949044586,1.0418705562893433,xmom_f126_skip21_b55_s20_atr0.5_ema20
2023-08-30,2023-09-21,133.59537690208668,130.28472870460357,9.943878053931684,-0.3598031805984044,0.43660124192129746,ema_trail,16,GOOGL,long,2023-08-29,0.9326923076923077,0.47368411156596935,xmom_f126_skip21_b55_s20_atr0.5_ema20
2026-01-13,2026-01-21,334.5146010595183,320.50283121296127,42.55349483318031,-0.3449963183101241,0.13001931973798644,ema_trail,6,GOOGL,long,2026-01-12,0.9665605095541401,0.7663915013635212,xmom_f126_skip21_b55_s20_atr0.5_ema20
2026-01-14,2026-01-21,334.62442706687915,320.50283121296127,42.70156961600571,-0.3463770732799393,0.0615100371914296,ema_trail,5,GOOGL,long,2026-01-13,0.964968152866242,0.7193075414705461,xmom_f126_skip21_b55_s20_atr0.5_ema20
2026-02-03,2026-02-05,346.8884575284791,307.3143610024755,39.574096526003586,-1.0175310866440397,0.0418921925731128,stop,3,GOOGL,long,2026-02-02,0.9665605095541401,0.6575099528179187,xmom_f126_skip21_b55_s20_atr0.5_ema20
2023-08-30,2023-09-21,134.3851616656101,131.23295678664977,10.09583945285965,-0.33885000036550317,0.42808638242234626,ema_trail,16,GOOG,long,2023-08-29,0.9342948717948718,0.4740862922572624,xmom_f126_skip21_b55_s20_atr0.5_ema20
2023-09-01,2023-09-21,137.22014450227826,131.23295678664977,12.839521801715108,-0.48768389518966504,0.11580715973586372,ema_trail,14,GOOG,long,2023-08-31,0.9310897435897436,0.39356532044703174,xmom_f126_skip21_b55_s20_atr0.5_ema20
2026-01-13,2026-01-21,334.842443176996,320.6759502987687,41.525624938046406,-0.35727765173229614,0.142376846840425,ema_trail,6,GOOG,long,2026-01-12,0.964968152866242,0.7586376820498621,xmom_f126_skip21_b55_s20_atr0.5_ema20
2026-01-14,2026-01-21,334.54784115713085,320.6759502987687,41.2656275045872,-0.3523752677469879,0.0761140439961625,ema_trail,5,GOOG,long,2026-01-13,0.9633757961783439,0.7159216355258167,xmom_f126_skip21_b55_s20_atr0.5_ema20
2026-02-03,2026-02-05,348.0601743239401,307.902493335375,40.15768098856506,-1.0173346749989398,0.04066085061427527,stop,3,GOOG,long,2026-02-02,0.964968152866242,0.6545692197325168,xmom_f126_skip21_b55_s20_atr0.5_ema20
2023-04-14,2023-04-26,215.983314832495,210.65016871382687,26.953538571284042,-0.2138907562391532,0.15557039895188718,ema_trail,9,META,long,2023-04-13,0.9406099518459069,0.5094135616744295,xmom_f126_skip21_b55_s20_atr0.5_ema20
2023-04-17,2023-04-26,217.87668514416077,210.65016871382687,28.799451515615203,-0.26605610167498167,0.04096061597716991,ema_trail,8,META,long,2023-04-14,0.9582664526484751,0.5509803635136166,xmom_f126_skip21_b55_s20_atr0.5_ema20
2023-05-30,2023-07-24,262.940956499197,293.2052158926609,38.25320043308875,0.777408874127614,1.3845876479591714,ema_trail,38,META,long,2023-05-26,0.9919743178170144,1.1254457277404928,xmom_f126_skip21_b55_s20_atr0.5_ema20
2023-05-31,2023-07-24,257.7366752187053,293.2052158926609,33.08367516446924,1.0565049726112838,1.758244505964821,ema_trail,37,META,long,2023-05-30,0.9919743178170144,1.1570771259114032,xmom_f126_skip21_b55_s20_atr0.5_ema20
2023-07-06,2023-07-24,293.3142553701415,293.2052158926609,40.578990011675415,-0.017143551084458888,0.5567316963067968,ema_trail,13,META,long,2023-07-05,0.985553772070626,1.2653310820183732,xmom_f126_skip21_b55_s20_atr0.5_ema20
2023-07-12,2023-07-24,299.1232312229929,293.2052158926609,40.07654777388501,-0.16259538694658196,0.4187644650795307,ema_trail,9,META,long,2023-07-11,0.9743589743589743,1.034917535791001,xmom_f126_skip21_b55_s20_atr0.5_ema20
2023-07-31,2023-08-10,320.8722871378495,305.2592906041585,44.05824752797747,-0.3689375320170146,0.044324332155377746,ema_trail,9,META,long,2023-07-28,0.9839743589743589,0.9367961562552707,xmom_f126_skip21_b55_s20_atr0.5_ema20
2023-10-12,2023-10-20,325.1446723921644,311.4053948634876,45.14711319208698,-0.3187261788420008,0.0557709433468462,ema_trail,7,META,long,2023-10-11,0.9182692307692307,0.40962611571619933,xmom_f126_skip21_b55_s20_atr0.5_ema20
2024-03-08,2024-03-18,510.2547468573878,488.1453082286487,65.46565369133145,-0.35331424675771006,0.14218473766062967,ema_trail,7,META,long,2024-03-07,0.9712460063897763,0.5199382251206179,xmom_f126_skip21_b55_s20_atr0.5_ema20
2024-07-08,2024-07-15,538.7334873376542,495.3051548612854,58.5846285042436,-0.7596839066380748,0.007799903731871617,ema_trail,6,META,long,2024-07-05,0.9233226837060703,0.3861759779447105,xmom_f126_skip21_b55_s20_atr0.5_ema20
2024-02-28,2024-04-01,59.57899856567383,60.79999923706055,5.389169129302417,0.20445501854160505,0.7162515255577454,ema_trail,23,NFLX,long,2024-02-27,0.9265175718849841,0.3711030199311809,xmom_f126_skip21_b55_s20_atr0.5_ema20
2024-03-04,2024-04-01,62.15599822998047,60.79999923706055,7.965761682178652,-0.18583420499406839,0.16106444019224267,ema_trail,20,NFLX,long,2024-03-01,0.9105431309904153,0.29778913948196406,xmom_f126_skip21_b55_s20_atr0.5_ema20
2024-03-21,2024-04-01,63.064998626708984,60.79999923706055,5.905161693637382,-0.4049219159363949,0.06333451456873393,ema_trail,7,NFLX,long,2024-03-20,0.9233226837060703,0.45161539724315425,xmom_f126_skip21_b55_s20_atr0.5_ema20
2025-06-06,2025-07-11,125.94100189208984,125.97899627685547,16.976459712166104,-0.01259907086901476,0.4814904720809578,ema_trail,24,NFLX,long,2025-06-05,0.9745222929936306,0.2672822260623864,xmom_f126_skip21_b55_s20_atr0.5_ema20
2025-06-25,2025-07-11,128.6840057373047,125.97899627685547,12.361318494484479,-0.23964898835392173,0.439354406917243,ema_trail,12,NFLX,long,2025-06-24,0.9554140127388535,0.3354729315382894,xmom_f126_skip21_b55_s20_atr0.5_ema20
2025-06-27,2025-07-11,130.68800354003906,125.97899627685547,14.380332038756109,-0.3456375872871436,0.23831174022192006,ema_trail,10,NFLX,long,2025-06-26,0.9442675159235668,0.3327869677971649,xmom_f126_skip21_b55_s20_atr0.5_ema20
2025-06-30,2025-07-11,133.10000610351562,125.97899627685547,16.3734193272127,-0.4511708697638745,0.06199067948876773,ema_trail,9,NFLX,long,2025-06-27,0.947452229299363,0.3259642087674297,xmom_f126_skip21_b55_s20_atr0.5_ema20
2025-07-01,2025-07-11,133.822998046875,125.97899627685547,17.072310657356,-0.47513473301390463,0.003163066533639955,ema_trail,8,NFLX,long,2025-06-30,0.9394904458598726,0.2711453742149672,xmom_f126_skip21_b55_s20_atr0.5_ema20
2025-07-01,2025-07-10,27.410644663594585,26.509925244307226,1.8985576645641657,-0.5032982281493688,0.09960448578159284,ema_trail,7,T,long,2025-06-30,0.9203821656050956,0.22099464660485357,xmom_f126_skip21_b55_s20_atr0.5_ema20
2024-11-14,2024-12-10,234.05347112006854,228.88395306679402,25.437657866162084,-0.22162516003542865,0.30674582862379607,ema_trail,18,TMUS,long,2024-11-13,0.9251592356687898,0.3435555616511001,xmom_f126_skip21_b55_s20_atr0.5_ema20
2024-11-27,2024-12-10,238.92271210673164,228.88395306679402,24.709205000465516,-0.425614845315863,0.11872718906521444,ema_trail,9,TMUS,long,2024-11-26,0.9060509554140127,0.3585156047084539,xmom_f126_skip21_b55_s20_atr0.5_ema20
2022-09-07,2022-09-13,12.5,12.84000015258789,1.86043498547407,-0.19619075938570488,0.14512759643405182,ema_trail,5,WBD,short,2022-09-06,0.012861736334405145,-0.4289627949802465,xmom_f126_skip21_b55_s20_atr0.5_ema20
2025-12-03,2026-01-21,24.239999771118164,28.31999969482422,2.7881906822922673,1.4459269051316703,2.065855920638233,ema_trail,33,WBD,long,2025-12-02,0.9808917197452229,1.258551479946214,xmom_f126_skip21_b55_s20_atr0.5_ema20
2024-09-25,2024-10-11,38.270166401079656,37.57112789188748,3.281178099423201,-0.23637206469550573,0.08401957357842436,ema_trail,13,FOX,long,2024-09-24,0.950479233226837,0.38489463729245177,xmom_f126_skip21_b55_s20_atr0.5_ema20
2024-09-05,2024-09-11,40.733143436429515,39.25444902439283,3.2976682028141724,-0.4731102715482817,0.02391556179867339,ema_trail,5,FOXA,long,2024-09-04,0.9424920127795527,0.2616239154568054,xmom_f126_skip21_b55_s20_atr0.5_ema20
2024-09-25,2024-10-11,41.649935709901264,40.89087263608966,3.863376745110898,-0.21803800167752624,0.09823769311063718,ema_trail,13,FOXA,long,2024-09-24,0.9408945686900958,0.35704824159304716,xmom_f126_skip21_b55_s20_atr0.5_ema20
2023-02-03,2023-03-01,81.36154309653071,80.03123887001003,9.803616886805514,-0.1522935188056132,0.43241435900407144,ema_trail,18,OMC,long,2023-02-02,0.9036918138041734,0.1968477001797091,xmom_f126_skip21_b55_s20_atr0.5_ema20
2023-02-09,2023-03-01,82.74506799776941,80.03123887001003,11.280213029249794,-0.2552539793609212,0.20520302879303512,ema_trail,14,OMC,long,2023-02-08,0.913322632423756,0.2412300754467156,xmom_f126_skip21_b55_s20_atr0.5_ema20
2025-08-07,2025-09-04,163.60579593500233,167.69540568903236,19.052027864680213,0.19748019417581136,0.8704943416890583,ema_trail,20,EA,long,2025-08-06,0.9076433121019108,0.26233762614121736,xmom_f126_skip21_b55_s20_atr0.5_ema20
2023-06-27,2023-08-03,144.36000061035156,145.83999633789062,14.138776873058049,0.08425592517754335,0.6704961689864091,ema_trail,27,TTWO,long,2023-06-26,0.92776886035313,0.36003203918031823,xmom_f126_skip21_b55_s20_atr0.5_ema20
2023-06-28,2023-08-03,147.33999633789062,145.83999633789062,17.144217850805575,-0.10468135719539125,0.3791365728413546,ema_trail,26,TTWO,long,2023-06-27,0.9165329052969502,0.3773546927694902,xmom_f126_skip21_b55_s20_atr0.5_ema20
2025-05-02,2025-05-23,214.4499969482422,225.9199981689453,29.460745362523625,0.37477331584596585,0.8937316930395288,ema_trail,16,TTWO,long,2025-05-01,0.9585987261146497,0.3071851003596422,xmom_f126_skip21_b55_s20_atr0.5_ema20
2025-06-25,2025-07-11,243.47000122070312,235.77999877929688,24.100001122212262,-0.339292201787958,0.042738536569923866,ema_trail,12,TTWO,long,2025-06-24,0.9187898089171974,0.24249588834760316,xmom_f126_skip21_b55_s20_atr0.5_ema20
2025-01-31,2025-02-26,144.52999877929688,144.67999267578125,18.749728094361444,-0.007416966282089163,0.7050769565388386,ema_trail,18,LYV,long,2025-01-30,0.9060509554140127,0.39346863534389875,xmom_f126_skip21_b55_s20_atr0.5_ema20
2025-02-04,2025-02-26,147.5500030517578,144.67999267578125,21.817040228260595,-0.14507514992708168,0.46752432234275626,ema_trail,16,LYV,long,2025-02-03,0.9076433121019108,0.39277258899284684,xmom_f126_skip21_b55_s20_atr0.5_ema20
2025-02-14,2025-02-26,152.1999969482422,144.67999267578125,20.438213685983328,-0.3828321000344298,0.27155029969982375,ema_trail,8,LYV,long,2025-02-13,0.9076433121019108,0.4289756705616412,xmom_f126_skip21_b55_s20_atr0.5_ema20
2025-02-19,2025-02-26,155.0,144.67999267578125,19.21357874882429,-0.5532549382487746,0.14312794279245228,ema_trail,6,LYV,long,2025-02-18,0.9028662420382165,0.4143809925548969,xmom_f126_skip21_b55_s20_atr0.5_ema20
2023-06-23,2023-07-21,129.11000061035156,131.33999633789062,16.498213951284583,0.11951449606245608,0.4570187602365124,ema_trail,20,AMZN,long,2023-06-22,0.9052969502407705,0.354333544701946,xmom_f126_skip21_b55_s20_atr0.5_ema20
2023-07-14,2023-07-21,134.05999755859375,131.33999633789062,11.74910629390503,-0.2543275327562941,0.22044198708409102,ema_trail,6,AMZN,long,2023-07-13,0.9134615384615384,0.40836759571188486,xmom_f126_skip21_b55_s20_atr0.5_ema20
2023-09-14,2023-09-20,145.0800018310547,138.5500030517578,16.147117057824772,-0.4223762519671576,0.0483057611153499,ema_trail,5,AMZN,long,2023-09-13,0.9455128205128205,0.4815557693237058,xmom_f126_skip21_b55_s20_atr0.5_ema20
2023-07-19,2023-07-25,43.300201416015625,41.766998291015625,3.1720445992770863,-0.5106496699955564,0.06304985380336932,ema_trail,5,CMG,long,2023-07-18,0.905448717948718,0.3457302592380025,xmom_f126_skip21_b55_s20_atr0.5_ema20
2024-03-15,2024-04-22,54.5526008605957,57.95500183105469,3.8494462937986924,0.8555245397352766,1.5397014755020473,ema_trail,26,CMG,long,2024-03-14,0.9041533546325878,0.3445867202541921,xmom_f126_skip21_b55_s20_atr0.5_ema20
2024-06-18,2024-06-25,68.69999694824219,64.32599639892578,8.767850681561896,-0.5145389340058006,0.06402953101928197,ema_trail,5,CMG,long,2024-06-17,0.9217252396166135,0.3823790220314398,xmom_f126_skip21_b55_s20_atr0.5_ema20
2024-06-20,2024-06-25,68.9115982055664,64.32599639892578,9.001983870881133,-0.5247093386082038,0.0,ema_trail,4,CMG,long,2024-06-18,0.9345047923322684,0.4146917741934806,xmom_f126_skip21_b55_s20_atr0.5_ema20
2025-05-13,2025-05-23,129.6684577689682,126.45414114683702,10.591583747345638,-0.32796356244075997,0.42872482294523384,ema_trail,9,TJX,long,2025-05-12,0.9156050955414012,0.10916234058486296,xmom_f126_skip21_b55_s20_atr0.5_ema20
2023-04-03,2023-04-13,103.5911077387624,100.62255807654535,11.406963531096622,-0.27840291318870203,0.11121667488030693,ema_trail,8,BKNG,long,2023-03-31,0.9341894060995185,0.5354095537401946,xmom_f126_skip21_b55_s20_atr0.5_ema20
2023-04-19,2023-04-27,105.12101350659475,102.69847022193154,9.58128038133988,-0.27478428841346747,0.09463827628864431,ema_trail,7,BKNG,long,2023-04-18,0.9197431781701445,0.4611578558646232,xmom_f126_skip21_b55_s20_atr0.5_ema20
2023-05-19,2023-05-24,108.92500892155071,102.70826278995035,11.199345226627145,-0.5745511026970402,0.01825594292948038,ema_trail,4,BKNG,long,2023-05-18,0.9502407704654896,0.3368700551734445,xmom_f126_skip21_b55_s20_atr0.5_ema20
2024-02-02,2024-03-08,138.99574023617149,142.2241471835617,8.985724704640575,0.32834474278899006,0.9345614428817204,ema_trail,25,ROST,long,2024-02-01,0.9009584664536742,0.23835166577852718,xmom_f126_skip21_b55_s20_atr0.5_ema20
2026-01-12,2026-01-23,190.2220054665292,186.15861703710837,13.562664007430385,-0.327651885936222,0.2878509900017835,ema_trail,9,ROST,long,2026-01-09,0.9092356687898089,0.35624462748761343,xmom_f126_skip21_b55_s20_atr0.5_ema20
2026-04-09,2026-05-08,223.26227064197215,225.2184484044903,20.15658123797121,0.07489629334513784,0.3693784655716001,ema_trail,22,ROST,long,2026-04-08,0.9410828025477707,0.39651444972092564,xmom_f126_skip21_b55_s20_atr0.5_ema20
2026-04-20,2026-05-08,227.553864427882,225.2184484044903,22.85135921443944,-0.12211631378514123,0.13801425260290082,ema_trail,15,ROST,long,2026-04-17,0.9044585987261147,0.32577504328347984,xmom_f126_skip21_b55_s20_atr0.5_ema20
2025-06-05,2025-06-25,76.27073784117964,73.27914775523632,10.347243496315869,-0.3038617543643523,0.2471343591326606,ema_trail,14,EBAY,long,2025-06-04,0.9156050955414012,0.11595499693476596,xmom_f126_skip21_b55_s20_atr0.5_ema20
2025-06-06,2025-06-25,77.11983316162065,73.27914775523632,11.192494051477397,-0.35692894312329254,0.15260799442508002,ema_trail,13,EBAY,long,2025-06-05,0.9140127388535032,0.11887010764460326,xmom_f126_skip21_b55_s20_atr0.5_ema20
2025-07-24,2025-07-31,81.17773549797514,87.08191328461228,9.99493519671418,0.574473190934626,0.1294040727090334,ema_trail,6,EBAY,long,2025-07-23,0.9012738853503185,0.1994048609573642,xmom_f126_skip21_b55_s20_atr0.5_ema20
2022-11-04,2022-11-11,92.35445317221141,98.31056359137027,9.01512615560101,-0.6811684295386208,0.9291169682511666,ema_trail,6,EXPE,short,2022-11-03,0.08667736757624397,-0.29039436614415326,xmom_f126_skip21_b55_s20_atr0.5_ema20
2023-12-20,2024-01-04,149.42652443926454,144.2013328824929,19.215832540073762,-0.28747360251657217,0.23439818114916225,ema_trail,10,EXPE,long,2023-12-19,0.9424920127795527,0.2987336667981588,xmom_f126_skip21_b55_s20_atr0.5_ema20
2024-11-06,2024-12-16,167.08747721469842,179.15776893860192,22.378954898178932,0.5244264901051797,1.0231044662432958,ema_trail,28,EXPE,long,2024-11-05,0.9186602870813397,0.3373482865668538,xmom_f126_skip21_b55_s20_atr0.5_ema20
2024-11-07,2024-12-16,169.14200562145015,179.15776893860192,23.898248744040643,0.40494512420380085,0.8720923663759893,ema_trail,27,EXPE,long,2024-11-06,0.9251592356687898,0.3622916307581978,xmom_f126_skip21_b55_s20_atr0.5_ema20
2026-01-07,2026-01-20,296.6253066307417,275.55586056989085,41.112561249937585,-0.5269118735370742,0.14289486753294864,ema_trail,9,EXPE,long,2026-01-06,0.9219745222929936,0.4604343553963026,xmom_f126_skip21_b55_s20_atr0.5_ema20
2026-01-09,2026-01-20,302.0022200372974,275.55586056989085,44.29687373191615,-0.6106607899959129,0.0112391811261318,ema_trail,7,EXPE,long,2026-01-08,0.928343949044586,0.4502463806097543,xmom_f126_skip21_b55_s20_atr0.5_ema20
2025-12-10,2026-01-15,76.81123748290197,81.49994850238546,10.9978250208773,0.4123623112668801,0.7259388360513973,ema_trail,25,GM,long,2025-12-09,0.9140127388535032,0.4496825006319618,xmom_f126_skip21_b55_s20_atr0.5_ema20
2026-01-09,2026-01-15,83.1325365824457,81.49994850238546,7.1998002647274575,-0.24984764675179724,0.1244386625087995,ema_trail,5,GM,long,2026-01-08,0.9267515923566879,0.4309939487798513,xmom_f126_skip21_b55_s20_atr0.5_ema20
2026-01-28,2026-02-10,85.6809603474897,80.68365390632422,9.860615593378967,-0.5241729903081329,0.15648119357271179,ema_trail,10,GM,long,2026-01-27,0.9506369426751592,0.5577214933874788,xmom_f126_skip21_b55_s20_atr0.5_ema20
2022-12-01,2022-12-07,57.93733215332031,55.24800109863281,4.799612220962942,-0.5844650754788133,0.012917767478674364,ema_trail,5,ORLY,long,2022-11-30,0.956661316211878,0.34030832777032227,xmom_f126_skip21_b55_s20_atr0.5_ema20
2024-01-23,2024-01-30,101.83543130117734,96.81928957414027,10.10509889946644,-0.5165523506073783,0.08560288739270927,ema_trail,6,WSM,long,2024-01-22,0.9856230031948882,0.5869934993999226,xmom_f126_skip21_b55_s20_atr0.5_ema20
2024-01-24,2024-01-30,102.70045694436055,96.81928957414027,10.953950117951962,-0.5556505387160734,0.0,ema_trail,5,WSM,long,2024-01-23,0.9856230031948882,0.5545293615686355,xmom_f126_skip21_b55_s20_atr0.5_ema20
2024-02-09,2024-04-08,104.65761660127355,148.9620361328125,13.4988565238679,3.266580707808101,3.694855406356739,time,40,WSM,long,2024-02-08,0.9776357827476039,0.45657276790669754,xmom_f126_skip21_b55_s20_atr0.5_ema20
2024-02-12,2024-04-09,106.25718669490215,149.3196258544922,15.114704115598386,2.834982706805295,3.194025668249569,time,40,WSM,long,2024-02-09,0.9776357827476039,0.4687966232754679,xmom_f126_skip21_b55_s20_atr0.5_ema20
2024-02-13,2024-04-10,106.19919128770391,141.7084503173828,15.15035188982037,2.329771671562276,3.1903383282399758,time,40,WSM,long,2024-02-12,0.9808306709265175,0.5170526300270768,xmom_f126_skip21_b55_s20_atr0.5_ema20
2024-03-08,2024-04-11,113.50593477689169,143.89757810533706,14.984877488651932,2.013004876532044,2.7379606448100535,ema_trail,24,WSM,long,2024-03-07,0.9648562300319489,0.4685562673386696,xmom_f126_skip21_b55_s20_atr0.5_ema20
2023-12-01,2024-01-08,447.6000061035156,488.4700012207031,53.428993912037754,0.7481854359974014,1.2875033480543085,ema_trail,25,LULU,long,2023-11-30,0.9038461538461539,0.1983554246144268,xmom_f126_skip21_b55_s20_atr0.5_ema20
2025-01-31,2025-02-10,419.1099853515625,398.1000061035156,58.01475664140787,-0.3765972742727306,0.06481126498324917,ema_trail,7,LULU,long,2025-01-30,0.9363057324840764,0.5104297399520874,xmom_f126_skip21_b55_s20_atr0.5_ema20
2023-04-19,2023-05-24,60.633936606438006,64.34919308772045,7.396077138747955,0.4859317366013813,1.1022241802362605,ema_trail,26,PHM,long,2023-04-18,0.9245585874799358,0.48424717798215267,xmom_f126_skip21_b55_s20_atr0.5_ema20
2023-04-21,2023-05-24,61.28728737710366,64.34919308772045,8.059026185372026,0.3647253487273409,0.9304826809182025,ema_trail,24,PHM,long,2023-04-20,0.9101123595505618,0.4176281916904925,xmom_f126_skip21_b55_s20_atr0.5_ema20
2023-04-26,2023-05-24,63.101041983420316,64.34919308772045,8.566771415651218,0.1309652103339105,0.6636140277832013,ema_trail,21,PHM,long,2023-04-25,0.9550561797752809,0.5210998766633228,xmom_f126_skip21_b55_s20_atr0.5_ema20
2023-05-17,2023-05-24,67.5183895307429,64.34919308772045,7.959581285944388,-0.41512651273739565,0.15926492756023358,ema_trail,6,PHM,long,2023-05-16,0.956661316211878,0.3743843352435634,xmom_f126_skip21_b55_s20_atr0.5_ema20
2023-05-19,2023-05-24,68.51304842931545,64.34919308772045,8.514654341790767,-0.5051152126451539,0.011452267504617043,ema_trail,4,PHM,long,2023-05-18,0.971107544141252,0.4407010594618639,xmom_f126_skip21_b55_s20_atr0.5_ema20
2023-06-07,2023-07-21,70.45355892548021,75.73687214544954,7.657692364168987,0.671534694470117,1.3879985861991868,ema_trail,31,PHM,long,2023-06-06,0.9743178170144462,0.5127376592212922,xmom_f126_skip21_b55_s20_atr0.5_ema20
2023-06-13,2023-07-21,71.37019565766663,75.73687214544954,8.561680965650822,0.4933535964974481,1.1343834793416836,ema_trail,27,PHM,long,2023-06-12,0.971107544141252,0.5437981992435468,xmom_f126_skip21_b55_s20_atr0.5_ema20
2023-06-14,2023-07-21,72.12104118774795,75.73687214544954,9.305213193342944,0.3730799932461202,0.9630498223467036,ema_trail,26,PHM,long,2023-06-13,0.9743178170144462,0.5681255125491393,xmom_f126_skip21_b55_s20_atr0.5_ema20
2023-06-22,2023-07-21,73.64555750813541,75.73687214544954,10.857195329150088,0.17905393274802922,0.6849713362338326,ema_trail,21,PHM,long,2023-06-21,0.9598715890850722,0.49845305437556453,xmom_f126_skip21_b55_s20_atr0.5_ema20
2023-07-13,2023-07-21,78.65884809090237,75.73687214544954,8.414880196417315,-0.36593434128101565,0.28801087514288765,ema_trail,7,PHM,long,2023-07-12,0.9471153846153846,0.5000291406095956,xmom_f126_skip21_b55_s20_atr0.5_ema20
2023-07-14,2023-07-21,79.11816348652424,75.73687214544954,8.855126512402904,-0.39971508742310125,0.22182197072166016,ema_trail,6,PHM,long,2023-07-13,0.9455128205128205,0.5095818662913112,xmom_f126_skip21_b55_s20_atr0.5_ema20
2023-07-17,2023-07-21,80.07586157431686,75.73687214544954,9.533977988575785,-0.47190597224024544,0.10557644745816909,ema_trail,5,PHM,long,2023-07-14,0.9455128205128205,0.4870936902109315,xmom_f126_skip21_b55_s20_atr0.5_ema20
2023-07-26,2023-08-17,82.39193876191177,81.06289221454001,10.776721044308644,-0.13861641391232812,0.16776162798284053,ema_trail,17,PHM,long,2023-07-25,0.9663461538461539,0.501263547309378,xmom_f126_skip21_b55_s20_atr0.5_ema20
2023-07-27,2023-08-17,83.06624310330642,81.06289221454001,11.439674836880911,-0.18964554551661886,0.09909511777911659,ema_trail,16,PHM,long,2023-07-26,0.9647435897435898,0.48030432405092527,xmom_f126_skip21_b55_s20_atr0.5_ema20
2024-01-23,2024-01-25,104.27752293117786,101.18686079589806,8.215110784715677,-0.40160349234491066,0.21856331302955045,ema_trail,3,PHM,long,2024-01-22,0.9361022364217252,0.32349491469980274,xmom_f126_skip21_b55_s20_atr0.5_ema20
2024-03-04,2024-04-05,110.11542111281084,112.14643356642613,13.03556621225222,0.13891085219510463,0.6820971005073575,ema_trail,24,PHM,long,2024-03-01,0.9073482428115016,0.29442881171709145,xmom_f126_skip21_b55_s20_atr0.5_ema20
2023-06-16,2023-07-10,111.01674274524208,110.578201309501,14.921894581821405,-0.044268837151303565,0.3887177014939788,ema_trail,15,LEN,long,2023-06-15,0.92776886035313,0.2665492870670332,xmom_f126_skip21_b55_s20_atr0.5_ema20
2024-02-13,2024-02-20,140.7525689761652,138.35810505803565,8.082533906861329,-0.33108046151346654,0.44552104672759574,ema_trail,5,LEN,long,2024-02-12,0.9073482428115016,0.2636246286389754,xmom_f126_skip21_b55_s20_atr0.5_ema20
2025-03-14,2025-04-25,114.42200337326088,105.83865456232813,13.068451093290676,0.639288064403854,1.4391941762014075,ema_trail,30,LEN,short,2025-03-13,0.05573248407643312,-0.2793830907310758,xmom_f126_skip21_b55_s20_atr0.5_ema20
2025-03-24,2025-04-25,111.77955169540206,105.83865456232813,15.6906248355059,0.36437924490715723,1.0302704447433706,ema_trail,24,LEN,short,2025-03-21,0.044585987261146494,-0.3230467751687819,xmom_f126_skip21_b55_s20_atr0.5_ema20
2023-02-02,2023-02-17,97.89263087360098,93.2027849653296,12.519826967988266,-0.39023152496520674,0.2120748883683839,ema_trail,12,DHI,long,2023-02-01,0.9020866773675762,0.20916882562842143,xmom_f126_skip21_b55_s20_atr0.5_ema20
2023-02-03,2023-02-17,96.67607878011408,93.2027849653296,11.35657761848293,-0.32286539972898287,0.12837631666319324,ema_trail,11,DHI,long,2023-02-02,0.9261637239165329,0.22533518171828693,xmom_f126_skip21_b55_s20_atr0.5_ema20
2023-06-07,2023-07-07,111.79332159091634,111.17241159976706,11.069810889334533,-0.0762882620826665,0.7729996149962566,ema_trail,21,DHI,long,2023-06-06,0.9341894060995185,0.2584612280972818,xmom_f126_skip21_b55_s20_atr0.5_ema20
2023-05-18,2023-05-24,64.07268688486903,62.76843549478698,5.211801982385886,-0.2748371424495408,0.3193427349888805,ema_trail,5,TOL,long,2023-05-17,0.9470304975922953,0.37916553093320227,xmom_f126_skip21_b55_s20_atr0.5_ema20
2023-05-19,2023-05-24,65.68837917851414,62.76843549478698,6.855321544852771,-0.4451024539286906,0.004259169115312011,ema_trail,4,TOL,long,2023-05-18,0.9518459069020867,0.3479876150944601,xmom_f126_skip21_b55_s20_atr0.5_ema20
2023-05-26,2023-07-21,66.56434155064247,76.85560159597007,7.378060626240632,1.3768023708151915,2.0522605604306277,ema_trail,38,TOL,long,2023-05-25,0.9486356340288925,0.34385125602536126,xmom_f126_skip21_b55_s20_atr0.5_ema20
2023-06-05,2023-07-21,68.9392011286575,76.85560159597007,9.11796527567212,0.853098452327882,1.4001855536506878,ema_trail,33,TOL,long,2023-06-02,0.956661316211878,0.340954372580643,xmom_f126_skip21_b55_s20_atr0.5_ema20
2023-07-12,2023-07-21,78.87580940041067,76.85560159597007,10.039496852374953,-0.2169391011588597,0.28191004265936065,ema_trail,8,TOL,long,2023-07-11,0.9006410256410257,0.4000037029740806,xmom_f126_skip21_b55_s20_atr0.5_ema20
2023-07-13,2023-07-21,80.29093661437447,76.85560159597007,11.479137280365961,-0.31325671989162857,0.12327649172626899,ema_trail,7,TOL,long,2023-07-12,0.9150641025641025,0.39642117643002583,xmom_f126_skip21_b55_s20_atr0.5_ema20
2023-07-17,2023-07-21,81.00336571398847,76.85560159597007,10.615421363654875,-0.405991500648499,0.06619413853505388,ema_trail,5,TOL,long,2023-07-14,0.905448717948718,0.35884102094118275,xmom_f126_skip21_b55_s20_atr0.5_ema20
2024-02-22,2024-04-11,106.51561445391943,117.59755421654714,14.484973776668767,0.7503574877868705,1.4916958591652874,ema_trail,35,TOL,long,2024-02-21,0.9297124600638977,0.3796580488271326,xmom_f126_skip21_b55_s20_atr0.5_ema20
2024-03-22,2024-04-11,123.84645892258939,117.59755421654714,17.46661965483476,-0.37194361314721675,0.24482876587519434,ema_trail,14,TOL,long,2024-03-21,0.9137380191693291,0.4120388931650223,xmom_f126_skip21_b55_s20_atr0.5_ema20
2024-04-01,2024-04-11,126.74965143448034,117.59755421654714,16.340668124145054,-0.5755943667263156,0.08403196318421648,ema_trail,9,TOL,long,2024-03-28,0.9233226837060703,0.5383306759554345,xmom_f126_skip21_b55_s20_atr0.5_ema20
2023-04-04,2023-05-16,55.90918470850335,57.79867138318284,7.949987276574468,0.22360643400028848,0.6935068176746018,ema_trail,30,MTH,long,2023-04-03,0.9261637239165329,0.5651060854549903,xmom_f126_skip21_b55_s20_atr0.5_ema20
2023-05-01,2023-05-23,41.435297652621465,41.80647589911263,5.541307409607349,0.052028813757211925,0.6008363699782298,ema_trail,17,KBH,long,2023-04-28,0.9245585874799358,0.4136445466772456,xmom_f126_skip21_b55_s20_atr0.5_ema20
2023-05-02,2023-05-23,41.796678469369795,41.80647589911263,5.890000554502201,-0.012529018717918314,0.503911363795188,ema_trail,16,KBH,long,2023-05-01,0.9085072231139647,0.38813079693288866,xmom_f126_skip21_b55_s20_atr0.5_ema20
2023-05-04,2023-05-23,41.78739405773763,41.80647589911263,5.893607924943247,-0.010942863448300776,0.5051782646085087,ema_trail,14,KBH,long,2023-05-03,0.9245585874799358,0.42008633635215564,xmom_f126_skip21_b55_s20_atr0.5_ema20
2023-06-07,2023-07-07,46.24383059869635,46.18657285156241,6.177191016052298,-0.024241667117334862,0.6828130522415025,ema_trail,21,KBH,long,2023-06-06,0.9630818619582665,0.408386523518236,xmom_f126_skip21_b55_s20_atr0.5_ema20
2023-06-08,2023-07-07,45.77623904367509,46.18657285156241,5.708698742766188,0.055841329900954195,0.8207576574097418,ema_trail,20,KBH,long,2023-06-07,0.9598715890850722,0.4613093071185719,xmom_f126_skip21_b55_s20_atr0.5_ema20
2023-07-13,2023-07-21,50.29946173445652,49.74599094626426,5.768196794385929,-0.11339240580310476,0.44006204245784386,ema_trail,7,KBH,long,2023-07-12,0.9294871794871795,0.4268751062030045,xmom_f126_skip21_b55_s20_atr0.5_ema20
2023-07-17,2023-07-21,51.81675754255915,49.74599094626426,7.283690743282655,-0.2985299881636714,0.14018561338224084,ema_trail,5,KBH,long,2023-07-14,0.9214743589743589,0.4087352697212596,xmom_f126_skip21_b55_s20_atr0.5_ema20
2023-03-06,2023-03-10,57.18193510284802,52.91334803065199,5.71611337366442,-0.7667711705291035,0.01817351639752112,ema_trail,5,LVS,long,2023-03-03,0.971107544141252,0.5657718507679075,xmom_f126_skip21_b55_s20_atr0.5_ema20
2023-04-21,2023-05-12,57.98464857000558,57.43691189324102,8.361248941685183,-0.07937880794287272,0.4721171064694875,ema_trail,16,LVS,long,2023-04-20,0.9486356340288925,0.5386337314017735,xmom_f126_skip21_b55_s20_atr0.5_ema20
2023-02-10,2023-03-13,104.29776833862775,103.49486885856125,13.38976890284168,-0.0755423804610316,0.6278007543042783,ema_trail,21,WYNN,long,2023-02-09,0.985553772070626,0.49150709327280206,xmom_f126_skip21_b55_s20_atr0.5_ema20
2023-03-06,2023-03-13,112.55876489296536,103.49486885856125,16.371193389097684,-0.5673999044184533,0.0,ema_trail,6,WYNN,long,2023-03-03,0.9903691813804173,0.7217361682009353,xmom_f126_skip21_b55_s20_atr0.5_ema20
2025-08-13,2025-08-19,111.265923887546,107.9155257687538,11.383906432922174,-0.3138579878199283,0.010445301052728851,ema_trail,5,WYNN,long,2025-08-12,0.9601910828025477,0.41322078881405777,xmom_f126_skip21_b55_s20_atr0.5_ema20
2023-07-28,2023-08-10,107.94540481994748,101.33253196909696,14.878097643104581,-0.4589809681518848,0.12745817849131147,ema_trail,10,RCL,long,2023-07-27,0.9727564102564102,0.5878209162136099,xmom_f126_skip21_b55_s20_atr0.5_ema20
2024-04-30,2024-06-17,138.42298312222417,143.2659487717118,18.750528688409574,0.2435195166558522,0.7904114866039955,ema_trail,34,RCL,long,2024-04-29,0.9089456869009584,0.6772440780534073,xmom_f126_skip21_b55_s20_atr0.5_ema20
2024-12-05,2024-12-19,245.637986838702,227.40034569919115,33.74914181315589,-0.5549449884348605,0.19351192467054307,ema_trail,11,RCL,long,2024-12-04,0.9092356687898089,0.3104819825869043,xmom_f126_skip21_b55_s20_atr0.5_ema20
2024-12-06,2024-12-19,247.44130194203254,227.40034569919115,35.32038919251116,-0.5814159842576023,0.13384751394287375,ema_trail,10,RCL,long,2024-12-05,0.9267515923566879,0.3669531986288943,xmom_f126_skip21_b55_s20_atr0.5_ema20
2025-07-01,2025-07-25,72.67721859708378,73.37380600641775,10.718397645565076,0.05142867342376375,0.3348780179147703,ema_trail,18,HAS,long,2025-06-30,0.9028662420382165,0.19378084460905387,xmom_f126_skip21_b55_s20_atr0.5_ema20
2025-08-14,2025-09-04,76.93412898559062,77.4664296939276,6.264769869832463,0.06040644081566479,0.524308311086131,ema_trail,15,HAS,long,2025-08-13,0.9124203821656051,0.2720259180996789,xmom_f126_skip21_b55_s20_atr0.5_ema20
2022-12-21,2022-12-30,16.459999084472656,17.860000610351562,2.4574401320804284,-0.5830951913505066,0.10173187811837113,ema_trail,7,MAT,short,2022-12-20,0.06260032102728733,-0.23031674501036314,xmom_f126_skip21_b55_s20_atr0.5_ema20
2023-01-13,2023-02-06,68.86333465576172,68.10333251953125,9.577707239586438,-0.09373107603785516,0.35029215694464366,ema_trail,16,DECK,long,2023-01-12,0.9293739967897271,0.4290236870322659,xmom_f126_skip21_b55_s20_atr0.5_ema20
2023-01-17,2023-02-06,69.72000122070312,68.10333251953125,10.42108517401121,-0.16851495542832534,0.23973790837331935,ema_trail,15,DECK,long,2023-01-13,0.9261637239165329,0.4042254965439891,xmom_f126_skip21_b55_s20_atr0.5_ema20
2023-08-08,2023-08-18,93.85832977294922,90.66666412353516,9.723763465155741,-0.34753851438999755,0.09118619316585885,ema_trail,9,DECK,long,2023-08-07,0.9214743589743589,0.27227538027661136,xmom_f126_skip21_b55_s20_atr0.5_ema20
2023-12-01,2023-12-29,110.75833129882812,112.42333221435547,13.456913042222894,0.10726711604664156,0.7291173217223482,ema_trail,20,DECK,long,2023-11-30,0.9615384615384616,0.2839724725539652,xmom_f126_skip21_b55_s20_atr0.5_ema20
2023-12-04,2023-12-29,114.0616683959961,112.42333221435547,16.80689897892168,-0.1110531764826713,0.3872416504074028,ema_trail,19,DECK,long,2023-12-01,0.9472,0.24581567441652363,xmom_f126_skip21_b55_s20_atr0.5_ema20
2023-12-05,2023-12-29,115.0,112.42333221435547,16.533008967016983,-0.16976146273456796,0.3369017524841519,ema_trail,18,DECK,long,2023-12-04,0.9328,0.23721593439022182,xmom_f126_skip21_b55_s20_atr0.5_ema20
2024-01-19,2024-03-15,124.0433349609375,151.63333129882812,16.67469361323971,1.6397248610468782,2.071602379159164,time,40,DECK,long,2024-01-18,0.9376996805111821,0.29259543793876697,xmom_f126_skip21_b55_s20_atr0.5_ema20
2024-01-22,2024-03-18,125.46666717529297,151.47666931152344,18.082690776590198,1.4245152516365265,1.831585971124336,time,40,DECK,long,2024-01-19,0.9488817891373802,0.319911082210141,xmom_f126_skip21_b55_s20_atr0.5_ema20
2024-03-05,2024-04-03,153.3350067138672,150.57833862304688,19.34800672497221,-0.1583283563931285,0.3114872343265037,ema_trail,21,DECK,long,2024-03-04,0.9600638977635783,0.46071563201264,xmom_f126_skip21_b55_s20_atr0.5_ema20
2025-01-24,2025-01-31,218.5500030517578,192.19060387243195,26.359399179325862,-1.0165823205274853,0.20599834764216052,stop,6,DECK,long,2025-01-23,0.9203821656050956,0.39578205671034117,xmom_f126_skip21_b55_s20_atr0.5_ema20
2023-09-29,2023-10-30,56.790000915527344,58.93000030517578,8.42641188360384,0.24048425543503288,0.956515972626135,ema_trail,22,ANF,long,2023-09-28,0.9887820512820513,0.9617737000828412,xmom_f126_skip21_b55_s20_atr0.5_ema20
2024-02-13,2024-03-11,108.80000305175781,117.5999984741211,15.17596861145796,0.5655253800261552,2.0743318949520924,ema_trail,19,ANF,long,2024-02-12,0.9984025559105432,1.4956897498094346,xmom_f126_skip21_b55_s20_atr0.5_ema20
2023-11-16,2023-11-21,17.937271958518945,14.963078451099788,2.6465215076027935,-1.1373676891304392,0.25399132436664,gap_stop,4,AEO,long,2023-11-15,0.9551282051282052,0.42541086369954484,xmom_f126_skip21_b55_s20_atr0.5_ema20
2024-02-12,2024-03-11,20.89369291489602,20.448950091112003,2.9285107237582046,-0.166135710436955,1.230755493863685,ema_trail,20,AEO,long,2024-02-09,0.9584664536741214,0.38732977685784276,xmom_f126_skip21_b55_s20_atr0.5_ema20
2025-06-04,2025-07-31,90.93000030517578,113.55000305175781,9.275306446723164,2.4191268369250225,2.7017972616362553,time,40,DLTR,long,2025-06-03,0.9426751592356688,0.17888113168569708,xmom_f126_skip21_b55_s20_atr0.5_ema20
2025-07-09,2025-08-19,104.44000244140625,112.2300033569336,13.372125621428808,0.5669346164753192,1.018536282321599,ema_trail,30,DLTR,long,2025-07-08,0.9203821656050956,0.26415583399746745,xmom_f126_skip21_b55_s20_atr0.5_ema20
2025-07-21,2025-08-19,112.45999908447266,112.2300033569336,16.864561492215742,-0.026974654865350958,0.3320571647656485,ema_trail,22,DLTR,long,2025-07-18,0.9554140127388535,0.39820875169909686,xmom_f126_skip21_b55_s20_atr0.5_ema20
2025-07-22,2025-08-19,112.77999877929688,112.2300033569336,16.903517832510886,-0.04588130279190958,0.31236094353932314,ema_trail,21,DLTR,long,2025-07-21,0.9522292993630573,0.3721158731974912,xmom_f126_skip21_b55_s20_atr0.5_ema20
2025-07-08,2025-07-18,112.5346543829593,107.36955066957093,7.119531200841109,-0.7570966219682405,0.0798448128151175,ema_trail,9,DG,long,2025-07-07,0.964968152866242,0.4952933103166166,xmom_f126_skip21_b55_s20_atr0.5_ema20
2025-08-11,2025-08-22,114.32822776689295,109.87859010169056,13.172994759776188,-0.3551427906903426,0.06175373844428427,ema_trail,10,DG,long,2025-08-08,0.982484076433121,0.5639790874805117,xmom_f126_skip21_b55_s20_atr0.5_ema20
2025-11-26,2025-12-26,21.1344726634494,21.893567640623022,3.006924575623472,0.2383917566998141,0.8777652518441001,ema_trail,21,M,long,2025-11-25,0.9347133757961783,0.6578851985105354,xmom_f126_skip21_b55_s20_atr0.5_ema20
2024-10-23,2024-12-18,80.61466194983826,92.29711151123047,3.4078825501161276,3.380756252031024,4.127913790248649,time,40,WMT,long,2024-10-22,0.9011164274322169,0.36804571751372905,xmom_f126_skip21_b55_s20_atr0.5_ema20
2024-11-06,2024-12-23,83.81403959501655,90.27455332997533,6.196151146406493,1.0156120319011839,1.7540030048002992,ema_trail,33,WMT,long,2024-11-05,0.9106858054226475,0.31309889068205865,xmom_f126_skip21_b55_s20_atr0.5_ema20
2024-03-05,2024-03-11,758.9700561769843,710.9579151699612,68.2216651717921,-0.7260168891312321,0.2701579704489261,ema_trail,5,COST,long,2024-03-04,0.9201277955271565,0.3160564035205793,xmom_f126_skip21_b55_s20_atr0.5_ema20
2024-03-07,2024-03-11,769.5286647129136,710.9579151699612,74.40077741168966,-0.807919069713026,0.10580558888476556,ema_trail,3,COST,long,2024-03-06,0.9233226837060703,0.33963256230792416,xmom_f126_skip21_b55_s20_atr0.5_ema20
2024-03-08,2024-03-11,746.7522375145948,710.9579151699612,51.74166827558349,-0.7206537412180538,0.003244821827410726,ema_trail,2,COST,long,2024-03-07,0.9217252396166135,0.33413531214830305,xmom_f126_skip21_b55_s20_atr0.5_ema20
2024-08-29,2024-09-18,114.08919018627088,114.13562550192744,9.72219235310483,-0.018693629802330435,0.5119579418077147,ema_trail,14,PM,long,2024-08-28,0.9121405750798722,0.30286451489595523,xmom_f126_skip21_b55_s20_atr0.5_ema20
2024-09-03,2024-09-18,114.74851279124174,114.13562550192744,10.355696962929201,-0.08134501404514918,0.4169715469118946,ema_trail,12,PM,long,2024-08-30,0.9536741214057508,0.34297805809304505,xmom_f126_skip21_b55_s20_atr0.5_ema20
2024-09-04,2024-09-18,117.00502632535797,114.13562550192744,12.616071280613511,-0.24598869228411158,0.16340407421722417,ema_trail,11,PM,long,2024-09-03,0.9648562300319489,0.33993449666596764,xmom_f126_skip21_b55_s20_atr0.5_ema20
2024-09-05,2024-09-18,117.82220487260474,114.13562550192744,12.522816541039163,-0.3132061998647666,0.0993657374555081,ema_trail,10,PM,long,2024-09-04,0.9584664536741214,0.2877789402179356,xmom_f126_skip21_b55_s20_atr0.5_ema20
2025-05-27,2025-06-26,170.67717935686045,173.22503663234477,16.76523134101015,0.131611838327168,0.4856257586049002,ema_trail,22,PM,long,2025-05-23,0.9792993630573248,0.33917421347317434,xmom_f126_skip21_b55_s20_atr0.5_ema20
2025-05-28,2025-06-26,170.76336941964547,173.22503663234477,16.81562743253673,0.12608155612188007,0.47904475510637984,ema_trail,21,PM,long,2025-05-27,0.9792993630573248,0.331774179548441,xmom_f126_skip21_b55_s20_atr0.5_ema20
2025-06-02,2025-06-26,172.28631329000322,173.22503663234477,18.32284702952606,0.03242676832940348,0.3565217918642909,ema_trail,18,PM,long,2025-05-30,0.9856687898089171,0.3372536865741296,xmom_f126_skip21_b55_s20_atr0.5_ema20
2025-06-03,2025-06-26,174.51809274450838,173.22503663234477,20.556720874283883,-0.07988104268647529,0.2092121027871179,ema_trail,17,PM,long,2025-06-02,0.9840764331210191,0.31128073139164303,xmom_f126_skip21_b55_s20_atr0.5_ema20
2025-06-13,2025-06-26,176.2613611187649,173.22503663234477,19.809841862220054,-0.1710688672947281,0.12909979009664005,ema_trail,9,PM,long,2025-06-12,0.9633757961783439,0.29827837018497094,xmom_f126_skip21_b55_s20_atr0.5_ema20
2025-06-16,2025-06-26,176.15601864262254,173.22503663234477,16.38339924092503,-0.20040371349563957,0.16252969626419636,ema_trail,8,PM,long,2025-06-13,0.9585987261146497,0.29722141346852693,xmom_f126_skip21_b55_s20_atr0.5_ema20
2024-08-29,2024-09-13,46.37378831391681,45.93014617768439,4.051599456088098,-0.13238962011761857,0.35211323076383283,ema_trail,11,MO,long,2024-08-28,0.9009584664536742,0.28831028533148384,xmom_f126_skip21_b55_s20_atr0.5_ema20
2024-09-03,2024-09-13,46.78263204439073,45.93014617768439,4.446262220731079,-0.2127744797380765,0.22890643719229425,ema_trail,9,MO,long,2024-08-30,0.9169329073482428,0.27885870674209956,xmom_f126_skip21_b55_s20_atr0.5_ema20
2024-09-04,2024-09-13,47.18279099602578,45.93014617768439,4.595931877448045,-0.29308754704201256,0.13438386568909325,ema_trail,8,MO,long,2024-09-03,0.9664536741214057,0.34284087801048746,xmom_f126_skip21_b55_s20_atr0.5_ema20
2024-09-05,2024-09-13,47.739518112325,45.93014617768439,4.9439898210318916,-0.385286183794708,0.012316363512105652,ema_trail,7,MO,long,2024-09-04,0.9600638977635783,0.2907920609353345,xmom_f126_skip21_b55_s20_atr0.5_ema20
2022-12-01,2022-12-21,72.78122999366944,71.62856813438093,8.774194095419361,-0.14795938010461857,0.30166877848265106,ema_trail,15,GIS,long,2022-11-30,0.9052969502407705,0.1970078402891391,xmom_f126_skip21_b55_s20_atr0.5_ema20
2025-08-11,2025-08-26,64.43000030517578,62.15999984741211,7.117265313309822,-0.33704805887845346,0.11380741379403035,ema_trail,12,MNST,long,2025-08-08,0.9219745222929936,0.27796974392999685,xmom_f126_skip21_b55_s20_atr0.5_ema20
2023-07-20,2023-08-02,62.589722300420384,59.81977406881162,5.552546828787705,-0.5214053596449727,0.24861561648290925,ema_trail,10,TAP,long,2023-07-19,0.9086538461538461,0.3346956425346972,xmom_f126_skip21_b55_s20_atr0.5_ema20
2026-03-13,2026-03-23,125.57491696244259,117.58297025058613,16.56164422187919,-0.4977221123305852,0.12784181512490642,ema_trail,7,BG,long,2026-03-12,0.9267515923566879,0.4481341033972921,xmom_f126_skip21_b55_s20_atr0.5_ema20
2022-12-19,2023-01-04,54.73574331984602,56.711479335914056,5.63448030910299,-0.37007982783059734,0.3773808526903492,ema_trail,11,TSN,short,2022-12-16,0.06420545746388442,-0.21850086211804765,xmom_f126_skip21_b55_s20_atr0.5_ema20
2022-12-20,2023-01-04,53.69028983354968,56.711479335914056,6.681207614306629,-0.46826416160638334,0.16178085753620117,ema_trail,10,TSN,short,2022-12-19,0.07223113964686999,-0.2169463851643525,xmom_f126_skip21_b55_s20_atr0.5_ema20
2023-03-10,2023-03-31,51.34285239139599,52.289516453972844,5.436159355870586,-0.19303145817946538,0.27599719692537356,ema_trail,16,TSN,short,2023-03-09,0.07223113964686999,-0.16273927541530442,xmom_f126_skip21_b55_s20_atr0.5_ema20
2023-03-13,2023-03-31,50.6462552506418,52.289516453972844,6.134256505052065,-0.2843952991524798,0.13102934362848445,ema_trail,15,TSN,short,2023-03-10,0.07865168539325842,-0.18289947308926235,xmom_f126_skip21_b55_s20_atr0.5_ema20
2025-06-13,2025-07-11,159.1739114858002,159.7981027475472,14.690948194016812,0.02081849549370552,0.5127207237546201,ema_trail,19,CAH,long,2025-06-12,0.947452229299363,0.229197942786193,xmom_f126_skip21_b55_s20_atr0.5_ema20
2025-06-16,2025-07-11,158.8581741578259,159.7981027475472,11.638267111701992,0.0534626190852777,0.6743350056608647,ema_trail,18,CAH,long,2025-06-13,0.9426751592356688,0.24229437004162802,xmom_f126_skip21_b55_s20_atr0.5_ema20
2025-06-18,2025-07-11,162.9924328582758,159.7981027475472,15.734596234168777,-0.2237308745680135,0.2360297120390977,ema_trail,16,CAH,long,2025-06-17,0.9601910828025477,0.32371714883728364,xmom_f126_skip21_b55_s20_atr0.5_ema20
2025-06-20,2025-07-11,163.63376904483763,159.7981027475472,16.329295210335005,-0.2549365285983277,0.1881585207483957,ema_trail,15,CAH,long,2025-06-18,0.9570063694267515,0.3132152051777697,xmom_f126_skip21_b55_s20_atr0.5_ema20
2025-06-30,2025-07-11,164.98556139960698,159.7981027475472,16.837660533336987,-0.3276838705671133,0.10219375034104777,ema_trail,9,CAH,long,2025-06-27,0.9442675159235668,0.3042237812049171,xmom_f126_skip21_b55_s20_atr0.5_ema20
2023-03-08,2023-04-05,70.91317794920336,67.43505545555676,9.757630177357157,0.34191664134700994,0.7436631845689975,ema_trail,21,CVS,short,2023-03-07,0.08507223113964688,-0.1262696441637593,xmom_f126_skip21_b55_s20_atr0.5_ema20
2026-01-26,2026-01-27,82.52565819331177,74.73404648676095,7.160304508222154,-1.1112185262234082,0.10383279053065678,gap_stop,2,CVS,long,2026-01-23,0.9044585987261147,0.3446910357788133,xmom_f126_skip21_b55_s20_atr0.5_ema20
2023-02-13,2023-02-21,105.5735546425414,99.37653874919886,13.73457645168267,-0.46657157759259,0.030036310324625275,ema_trail,6,XOM,long,2023-02-10,0.9117174959871589,0.20470615814718118,xmom_f126_skip21_b55_s20_atr0.5_ema20
2026-04-27,2026-05-08,55.82729391370729,52.90263005717698,8.171141558801445,-0.3715904837173198,0.13148317300197185,ema_trail,10,SLB,long,2026-04-24,0.9490445859872612,0.507402832669068,xmom_f126_skip21_b55_s20_atr0.5_ema20
2026-05-27,2026-05-29,56.75244140685346,54.524129904295094,5.059622087185602,-0.4628441304545528,0.029492154690257344,ema_trail,3,SLB,long,2026-05-26,0.9171974522292994,0.617713317469168,xmom_f126_skip21_b55_s20_atr0.5_ema20
2024-01-29,2024-02-21,128.3445949610324,130.9380641358031,13.234561400133373,0.17656648484211007,0.6846554629946093,ema_trail,17,PSX,long,2024-01-26,0.9105431309904153,0.26960035295752194,xmom_f126_skip21_b55_s20_atr0.5_ema20
2026-06-30,2026-07-10,267.0,280.69000244140625,39.12329016210572,0.3362703491167257,0.5124821483544064,time,8,VLO,long,2026-06-29,0.9076433121019108,0.5049426374200634,xmom_f126_skip21_b55_s20_atr0.5_ema20
2026-03-20,2026-04-15,37.08224309272535,37.49050844125107,4.347747230143021,0.07684459207378595,0.9023777884552877,ema_trail,18,HAL,long,2026-03-19,0.9522292993630573,0.5726315008725549,xmom_f126_skip21_b55_s20_atr0.5_ema20
2023-02-08,2023-02-21,30.441382044258198,28.29159389665741,3.982662285216641,-0.5550736551013017,0.0958053451236227,ema_trail,9,BKR,long,2023-02-07,0.9229534510433387,0.24279254497474523,xmom_f126_skip21_b55_s20_atr0.5_ema20
2023-02-13,2023-02-21,30.432073424348967,28.29159389665741,3.9451383182894837,-0.5579889719797465,0.09907610915520902,ema_trail,6,BKR,long,2023-02-10,0.92776886035313,0.22778712998121176,xmom_f126_skip21_b55_s20_atr0.5_ema20
2025-06-16,2025-07-02,40.670714489441224,38.948046679167376,4.722738224445379,-0.3819837461909264,0.5073087268258494,ema_trail,12,RRC,long,2025-06-13,0.9299363057324841,0.1950385173918261,xmom_f126_skip21_b55_s20_atr0.5_ema20
2023-08-10,2023-08-24,41.85109533051207,39.89894506373079,6.121520270525721,-0.3325730157661403,0.21364733683648035,ema_trail,11,EQT,long,2023-08-09,0.9391025641025641,0.33536342293369503,xmom_f126_skip21_b55_s20_atr0.5_ema20
2025-06-17,2025-07-02,57.82249186890168,55.20318007437444,5.848901852414393,-0.46760175624011724,0.4258610293919798,ema_trail,11,EQT,long,2025-06-16,0.945859872611465,0.23590635184639597,xmom_f126_skip21_b55_s20_atr0.5_ema20
2025-06-18,2025-07-02,58.74172530430635,55.20318007437444,6.753489840248832,-0.5413539913470602,0.23270723217957417,ema_trail,10,EQT,long,2025-06-17,0.9347133757961783,0.22528959493365264,xmom_f126_skip21_b55_s20_atr0.5_ema20
2025-06-20,2025-07-02,58.751605871679565,55.20318007437444,6.777305544833801,-0.5409124592062916,0.23043160007658497,ema_trail,9,EQT,long,2025-06-18,0.9251592356687898,0.2259267402810936,xmom_f126_skip21_b55_s20_atr0.5_ema20
2025-06-23,2025-07-02,60.095857905866495,55.20318007437444,8.135203376445325,-0.61619474220129,0.026729918928228544,ema_trail,8,EQT,long,2025-06-20,0.9426751592356688,0.26000541202974325,xmom_f126_skip21_b55_s20_atr0.5_ema20
2023-10-13,2023-10-26,23.25,21.829999923706055,2.540714338763383,-0.5771999055225234,0.16924386130912736,ema_trail,10,CNX,long,2023-10-12,0.9102564102564102,0.3450746678594332,xmom_f126_skip21_b55_s20_atr0.5_ema20
2023-10-16,2023-10-26,23.149999618530273,21.829999923706055,2.4378057902391284,-0.5604628964012989,0.21740890466648666,ema_trail,9,CNX,long,2023-10-13,0.905448717948718,0.3373566841002402,xmom_f126_skip21_b55_s20_atr0.5_ema20
2023-10-18,2023-10-26,23.649999618530273,21.829999923706055,2.92928152127012,-0.637459964329966,0.01024165360265533,ema_trail,7,CNX,long,2023-10-17,0.9294871794871795,0.3529775639254604,xmom_f126_skip21_b55_s20_atr0.5_ema20
2024-09-18,2024-11-01,28.5,34.22999954223633,2.3476995210614042,2.4164078457840903,3.863356282802169,ema_trail,33,CNX,long,2024-09-17,0.9041533546325878,0.26417770287798725,xmom_f126_skip21_b55_s20_atr0.5_ema20
2024-09-19,2024-11-01,29.760000228881836,34.22999954223633,3.629292545928564,1.2152449153884053,2.1519343968851024,ema_trail,32,CNX,long,2024-09-18,0.9121405750798722,0.2706209533472952,xmom_f126_skip21_b55_s20_atr0.5_ema20
2024-11-11,2024-12-05,38.599998474121094,38.27000045776367,5.503767125198074,-0.07398532751165585,0.605040466884733,ema_trail,18,CNX,long,2024-11-08,0.9633757961783439,0.4931212038042996,xmom_f126_skip21_b55_s20_atr0.5_ema20
2023-12-01,2023-12-07,33.07923023425861,32.41295403748154,2.9109361757541485,-0.251614811532524,0.21960454712571434,ema_trail,5,WMB,long,2023-11-30,0.9294871794871795,0.2145794883244494,xmom_f126_skip21_b55_s20_atr0.5_ema20
2023-12-04,2023-12-07,33.31331574729442,32.41295403748154,2.40363448543296,-0.40230257435888184,0.1198663483145654,ema_trail,4,WMB,long,2023-12-01,0.9072,0.1804600909176357,xmom_f126_skip21_b55_s20_atr0.5_ema20
2024-11-06,2024-12-03,51.91555346765664,53.54942453274984,6.321418404396972,0.2420406086541648,0.8052782021975445,ema_trail,19,WMB,long,2024-11-05,0.9027113237639554,0.29868049401466146,xmom_f126_skip21_b55_s20_atr0.5_ema20
2024-11-22,2024-12-03,56.439391184076705,53.54942453274984,8.379405393404596,-0.3583602048969428,0.067625649435367,ema_trail,7,WMB,long,2024-11-21,0.9012738853503185,0.33180954208635094,xmom_f126_skip21_b55_s20_atr0.5_ema20
2024-06-20,2024-07-25,118.81255264365193,126.20536920869462,10.88212789001696,0.657517677798973,1.266189212211488,ema_trail,25,TRGP,long,2024-06-18,0.9265175718849841,0.39467042080529136,xmom_f126_skip21_b55_s20_atr0.5_ema20
2024-06-21,2024-07-25,124.34517116980167,126.20536920869462,16.447347974950034,0.09797978975137714,0.5013704596421747,ema_trail,24,TRGP,long,2024-06-20,0.9169329073482428,0.3840115317478585,xmom_f126_skip21_b55_s20_atr0.5_ema20
2024-06-26,2024-07-25,124.65200626148896,126.20536920869462,16.215340466145875,0.08042131075849263,0.48962150002239596,ema_trail,21,TRGP,long,2024-06-25,0.902555910543131,0.3230598411088188,xmom_f126_skip21_b55_s20_atr0.5_ema20
2024-07-02,2024-07-25,126.42591625759343,126.20536920869462,17.833956861947797,-0.026544803549686913,0.34571516428073007,ema_trail,17,TRGP,long,2024-07-01,0.9265175718849841,0.3667096187796315,xmom_f126_skip21_b55_s20_atr0.5_ema20
2024-07-23,2024-07-25,131.4599240995279,126.20536920869462,12.513450723727018,-0.44092351988652867,0.04980673737493302,ema_trail,3,TRGP,long,2024-07-22,0.9536741214057508,0.5501915685617038,xmom_f126_skip21_b55_s20_atr0.5_ema20
2024-08-15,2024-09-27,136.4224958666461,141.13770122223644,19.871562578546218,0.22355365091686957,0.7860931298848598,ema_trail,31,TRGP,long,2024-08-14,0.9552715654952076,0.5342702817038634,xmom_f126_skip21_b55_s20_atr0.5_ema20
2024-09-24,2024-09-27,151.05986729633645,141.13770122223644,15.620361536033812,-0.6545486021630675,0.06296444490820884,ema_trail,4,TRGP,long,2024-09-23,0.9376996805111821,0.3037070071890362,xmom_f126_skip21_b55_s20_atr0.5_ema20
2024-09-25,2024-09-27,150.86702143591538,141.13770122223644,15.387950631785202,-0.6518772055214886,0.02819809412112392,ema_trail,3,TRGP,long,2024-09-24,0.9217252396166135,0.30702113329242087,xmom_f126_skip21_b55_s20_atr0.5_ema20
2026-05-01,2026-05-29,258.0899963378906,260.79998779296875,32.07030126534565,0.0684063253491454,0.6831867116192254,ema_trail,20,TRGP,long,2026-04-30,0.9808917197452229,0.6628717978760452,xmom_f126_skip21_b55_s20_atr0.5_ema20
2026-05-14,2026-05-29,263.94000244140625,260.79998779296875,38.47060467957925,-0.09534278662553188,0.4174615317943943,ema_trail,11,TRGP,long,2026-05-13,0.9203821656050956,0.41888900084170744,xmom_f126_skip21_b55_s20_atr0.5_ema20
2023-12-19,2024-02-09,47.34083595172364,50.47178273992772,4.789736834286423,0.6339106346232016,1.274477370834062,ema_trail,36,NRG,long,2023-12-18,0.9776357827476039,0.44646326585152596,xmom_f126_skip21_b55_s20_atr0.5_ema20
2023-12-20,2024-02-09,47.781565970476606,50.47178273992772,5.228134227461382,0.4962867295719837,1.0833082974508028,ema_trail,35,NRG,long,2023-12-19,0.9744408945686901,0.4464364777883201,xmom_f126_skip21_b55_s20_atr0.5_ema20
2024-01-09,2024-02-09,49.76488451472833,50.47178273992772,4.816457018169409,0.12610274603899085,0.7641223892708027,ema_trail,23,NRG,long,2024-01-08,0.950479233226837,0.2805889545754854,xmom_f126_skip21_b55_s20_atr0.5_ema20
2024-01-22,2024-02-09,50.502641436762076,50.47178273992772,3.6684372106175616,-0.03594554632861855,0.8021414988358534,ema_trail,15,NRG,long,2024-01-19,0.9329073482428115,0.2978184968862252,xmom_f126_skip21_b55_s20_atr0.5_ema20
2024-01-23,2024-02-09,50.49305885967848,50.47178273992772,3.4844222490591363,-0.035088238086853324,0.8472533144887181,ema_trail,14,NRG,long,2024-01-22,0.9456869009584664,0.33515658703648876,xmom_f126_skip21_b55_s20_atr0.5_ema20
2024-01-26,2024-02-09,51.489508511618745,50.47178273992772,3.8278895689116155,-0.29277354232371805,0.510918252066868,ema_trail,11,NRG,long,2024-01-25,0.9408945686900958,0.3236940774398154,xmom_f126_skip21_b55_s20_atr0.5_ema20
2024-01-29,2024-02-09,52.035632725934775,50.47178273992772,4.366129974925876,-0.38201365077026656,0.3228521462788611,ema_trail,10,NRG,long,2024-01-26,0.9536741214057508,0.3876691180244387,xmom_f126_skip21_b55_s20_atr0.5_ema20
2024-01-30,2024-02-09,52.112289233362446,50.47178273992772,4.452574999917594,-0.3918476548814435,0.2993678772248165,ema_trail,9,NRG,long,2024-01-29,0.9584664536741214,0.38439925003037345,xmom_f126_skip21_b55_s20_atr0.5_ema20
2024-02-05,2024-02-09,52.4026028043515,50.47178273992772,4.806433710414346,-0.42352092896273463,0.0401718400509595,ema_trail,5,NRG,long,2024-02-02,0.9728434504792333,0.38439883481271697,xmom_f126_skip21_b55_s20_atr0.5_ema20
2024-03-04,2024-04-22,54.48789425002464,68.07125073378448,5.584630705651399,2.412761273833974,3.4746803085722897,ema_trail,35,NRG,long,2024-03-01,0.963258785942492,0.43994732469886344,xmom_f126_skip21_b55_s20_atr0.5_ema20
2024-03-05,2024-04-22,55.73327415506426,68.07125073378448,6.858993232883002,1.7825516974990505,2.6475352609296308,ema_trail,34,NRG,long,2024-03-04,0.9616613418530351,0.46887462677497194,xmom_f126_skip21_b55_s20_atr0.5_ema20
2024-05-06,2024-06-04,75.49667952665854,75.71024314022276,9.885660254718687,0.006329395599149301,0.9633387320081837,ema_trail,21,NRG,long,2024-05-03,0.9217252396166135,0.6242122470439748,xmom_f126_skip21_b55_s20_atr0.5_ema20
2024-05-07,2024-06-04,75.57434286114918,75.71024314022276,9.954514312625946,-0.0015318081997608198,0.9488736249415336,ema_trail,20,NRG,long,2024-05-06,0.9249201277955271,0.6247215955076282,xmom_f126_skip21_b55_s20_atr0.5_ema20
2024-09-23,2024-10-10,85.72792271566604,85.71815377531479,12.73871520380267,-0.01422630013178131,0.6566502327633011,ema_trail,14,NRG,long,2024-09-20,0.9009584664536742,0.24795915949588054,xmom_f126_skip21_b55_s20_atr0.5_ema20
2025-06-30,2025-07-09,161.97728455433747,151.1609990873539,18.368944191775142,-0.6064714400450075,0.04682667254775724,ema_trail,7,NRG,long,2025-06-27,0.9888535031847133,0.7060391548161098,xmom_f126_skip21_b55_s20_atr0.5_ema20
2023-09-15,2023-09-27,110.48565077249904,107.06675663826205,9.60018583599502,-0.3791453100975033,0.047074042014678456,ema_trail,9,CEG,long,2023-09-14,0.9150641025641025,0.38243332386153495,xmom_f126_skip21_b55_s20_atr0.5_ema20
2023-11-07,2023-11-30,122.25533270638559,118.74742309376454,15.807989290983528,-0.237374925359679,0.17401487847314537,ema_trail,17,CEG,long,2023-11-06,0.9471153846153846,0.4084375868379333,xmom_f126_skip21_b55_s20_atr0.5_ema20
2023-11-15,2023-11-30,124.35774897419063,118.74742309376454,17.97406303580533,-0.3259720057008221,0.036074707553799885,ema_trail,11,CEG,long,2023-11-14,0.9599358974358975,0.4828161782592222,xmom_f126_skip21_b55_s20_atr0.5_ema20
2024-05-08,2024-06-04,195.89058204953753,204.54003240181515,23.804089860538937,0.3469012777450334,1.565113630033934,ema_trail,19,CEG,long,2024-05-07,0.9361022364217252,0.6469032037963784,xmom_f126_skip21_b55_s20_atr0.5_ema20
2023-09-01,2023-10-03,30.673001140764427,31.57558352944193,3.8833676454006394,0.21662548159515913,0.6684157586786164,ema_trail,22,VST,long,2023-08-31,0.9022435897435898,0.3360308236715379,xmom_f126_skip21_b55_s20_atr0.5_ema20
2023-09-05,2023-10-03,31.633651543878774,31.57558352944193,4.368064877419101,-0.027777819453152067,0.37431992740460296,ema_trail,21,VST,long,2023-09-01,0.9150641025641025,0.32616943777961915,xmom_f126_skip21_b55_s20_atr0.5_ema20
2023-11-03,2024-01-02,34.03601655420137,37.38100051879883,3.9656557214285613,0.8263228483960794,1.0489987577098512,time,40,VST,long,2023-11-02,0.9358974358974359,0.3743416059213258,xmom_f126_skip21_b55_s20_atr0.5_ema20
2023-11-07,2024-01-04,34.51443578361152,37.70502853393555,4.250957460107838,0.7343201874049379,0.8660516437583878,time,40,VST,long,2023-11-06,0.9407051282051282,0.3685059534208066,xmom_f126_skip21_b55_s20_atr0.5_ema20
2023-12-05,2024-02-01,36.252361656612955,42.47707748413086,3.5922448313556075,1.7126369145287392,1.7751889080419405,time,40,VST,long,2023-12-04,0.9776,0.4120783116468638,xmom_f126_skip21_b55_s20_atr0.5_ema20
2023-12-06,2024-02-02,36.52573839872527,43.74372100830078,3.862538169402221,1.8498020781717834,1.9729415819179268,time,40,VST,long,2023-12-05,0.9792,0.4353217313398867,xmom_f126_skip21_b55_s20_atr0.5_ema20
2023-12-14,2024-02-12,37.414234588678845,42.035221099853516,4.373007364248878,1.0395953318450852,1.5394590988441053,time,40,VST,long,2023-12-13,0.9808,0.40656941542137837,xmom_f126_skip21_b55_s20_atr0.5_ema20
2024-01-09,2024-03-06,38.294174728936326,59.79782485961914,3.0362460929681063,7.057089947632917,7.2310752869580615,time,40,VST,long,2024-01-08,0.9728434504792333,0.3796121929915659,xmom_f126_skip21_b55_s20_atr0.5_ema20
2024-01-10,2024-03-07,38.961864125470754,60.5637092590332,3.698556144363721,5.819547024617187,5.875128720695615,time,40,VST,long,2024-01-09,0.9728434504792333,0.4102584323527694,xmom_f126_skip21_b55_s20_atr0.5_ema20
2024-01-22,2024-03-18,39.52154767044834,61.34922790527344,3.0992963727203744,7.017282158270835,7.27722884942326,time,40,VST,long,2024-01-19,0.9616613418530351,0.3881515021331623,xmom_f126_skip21_b55_s20_atr0.5_ema20
2024-01-31,2024-03-27,40.601641931568864,67.29547882080078,3.885978347301581,6.848374135653269,8.073637677367223,time,40,VST,long,2024-01-30,0.9680511182108626,0.3999231686999034,xmom_f126_skip21_b55_s20_atr0.5_ema20
2024-02-02,2024-04-01,42.31996276089139,70.47796630859375,5.3616365550927725,5.235969154887043,5.534756876356362,time,40,VST,long,2024-02-01,0.9648562300319489,0.3763102342585791,xmom_f126_skip21_b55_s20_atr0.5_ema20
2024-02-05,2024-04-02,43.24295576444388,70.10354614257812,6.33228869912454,4.228187585683983,4.540595534162235,time,40,VST,long,2024-02-02,0.9712460063897763,0.38275707199130116,xmom_f126_skip21_b55_s20_atr0.5_ema20
2024-02-16,2024-04-15,44.372140150379195,67.21664428710938,6.475490831852831,3.514136680495974,4.694885760137291,time,40,VST,long,2024-02-15,0.939297124600639,0.3366330646993174,xmom_f126_skip21_b55_s20_atr0.5_ema20
2023-02-08,2023-02-22,131.5956457857201,128.15470448884244,9.661370438019404,-0.3833961871364143,0.1327228312696344,ema_trail,10,JPM,long,2023-02-07,0.9085072231139647,0.22607917273188516,xmom_f126_skip21_b55_s20_atr0.5_ema20
2024-03-08,2024-04-11,54.423422169086066,56.589475625157476,5.98679337099329,0.34362412133691517,0.9178273889075821,ema_trail,24,C,long,2024-03-07,0.9313099041533547,0.3435132620754411,xmom_f126_skip21_b55_s20_atr0.5_ema20
2024-11-20,2024-12-18,175.7672289567171,173.7815476697144,21.73012666579737,-0.10755647129268021,0.6978103547657963,ema_trail,20,BX,long,2024-11-19,0.928343949044586,0.34493669799759474,xmom_f126_skip21_b55_s20_atr0.5_ema20
2024-03-08,2024-04-05,216.98971044459356,214.69533283138324,16.59334877540735,-0.16442473855206025,0.507153946345715,ema_trail,20,AXP,long,2024-03-07,0.902555910543131,0.3111525055365989,xmom_f126_skip21_b55_s20_atr0.5_ema20
2025-12-05,2026-01-28,24.85364268338078,26.47774077557281,3.4717408834962953,0.45348741730971026,1.2361405837868502,ema_trail,36,IVZ,long,2025-12-04,0.9554140127388535,0.6469486215235039,xmom_f126_skip21_b55_s20_atr0.5_ema20
2026-01-06,2026-01-28,27.708120335178194,26.47774077557281,3.2379025552333474,-0.39710762703390795,0.4438311920047282,ema_trail,16,IVZ,long,2026-01-05,0.928343949044586,0.48612155713240957,xmom_f126_skip21_b55_s20_atr0.5_ema20
2026-01-12,2026-01-28,27.85576396816733,26.47774077557281,2.7000594178037645,-0.5310011739286318,0.4775593119147235,ema_trail,12,IVZ,long,2026-01-09,0.9442675159235668,0.5512519657972514,xmom_f126_skip21_b55_s20_atr0.5_ema20
2026-01-13,2026-01-28,28.34791571659995,26.47774077557281,3.2007801634497497,-0.602000348060015,0.24909138664597105,ema_trail,11,IVZ,long,2026-01-12,0.9442675159235668,0.5822169821094627,xmom_f126_skip21_b55_s20_atr0.5_ema20
2026-01-16,2026-01-28,28.771166405560166,26.47774077557281,3.269175445419638,-0.7191317817134475,0.11441297249018939,ema_trail,8,IVZ,long,2026-01-15,0.9522292993630573,0.53523921092025,xmom_f126_skip21_b55_s20_atr0.5_ema20
2026-06-16,2026-07-10,32.474074732418195,33.5,3.479289913699258,0.2761992078709061,0.7029950067962452,time,17,BEN,long,2026-06-15,0.9012738853503185,0.41768902477273273,xmom_f126_skip21_b55_s20_atr0.5_ema20
2025-06-02,2025-06-05,276.04729947712696,266.25487818045576,23.784483538920654,-0.4349270766673492,0.10836753233524801,ema_trail,4,CME,long,2025-05-30,0.9761146496815286,0.25014977475228073,xmom_f126_skip21_b55_s20_atr0.5_ema20
2025-06-03,2025-06-05,277.2737128253733,266.25487818045576,24.967576173903268,-0.4635364678556616,0.007291602347324296,ema_trail,3,CME,long,2025-06-02,0.9681528662420382,0.2235073600246713,xmom_f126_skip21_b55_s20_atr0.5_ema20
2022-12-01,2022-12-08,65.26145205379181,61.86371101627953,8.825487960906543,-0.39978117439496774,0.07009589313067276,ema_trail,6,NDAQ,long,2022-11-30,0.92776886035313,0.2350241074623456,xmom_f126_skip21_b55_s20_atr0.5_ema20
2024-11-26,2024-12-05,386.63905630655427,379.213591181512,30.71527968812228,-0.26692718806092613,0.17203350039618023,ema_trail,7,AON,long,2024-11-25,0.9187898089171974,0.3471782361465303,xmom_f126_skip21_b55_s20_atr0.5_ema20
2024-09-03,2024-10-23,106.2961719436696,107.94455518013478,14.993262994471152,0.09576240296106961,0.33625307775911323,ema_trail,37,AFL,long,2024-08-30,0.9121405750798722,0.2710795012082763,xmom_f126_skip21_b55_s20_atr0.5_ema20
2024-10-01,2024-10-23,107.74211623378656,107.94455518013478,6.610195272586367,-0.0019735099465897042,0.5439455854409193,ema_trail,17,AFL,long,2024-09-30,0.9314194577352473,0.3004726135475666,xmom_f126_skip21_b55_s20_atr0.5_ema20
2023-12-05,2023-12-21,131.87735766659924,129.02493099759613,12.134370707020054,-0.2568061797002389,0.49286492225743456,ema_trail,13,ALL,long,2023-12-04,0.9072,0.2099595125074376,xmom_f126_skip21_b55_s20_atr0.5_ema20
2024-01-04,2024-03-01,139.84516377802248,148.37388610839844,13.348770571164124,0.6179619283171579,1.4936539850384092,time,40,ALL,long,2024-01-03,0.9265175718849841,0.2700041256989596,xmom_f126_skip21_b55_s20_atr0.5_ema20
2024-01-05,2024-03-04,141.99399060232315,147.5801730224556,15.640263679459167,0.33900927424205335,1.1374244002066096,ema_trail,40,ALL,long,2024-01-04,0.9313099041533547,0.2939105686594077,xmom_f126_skip21_b55_s20_atr0.5_ema20
2024-01-18,2024-03-04,144.3139348895301,147.5801730224556,17.92683180253134,0.16609796398747925,0.8629340319515214,ema_trail,32,ALL,long,2024-01-17,0.9600638977635783,0.3666093043508598,xmom_f126_skip21_b55_s20_atr0.5_ema20
2024-01-22,2024-03-04,147.78439442538595,147.5801730224556,21.455257944461835,-0.023294531954585,0.559266812017824,ema_trail,30,ALL,long,2024-01-19,0.9057507987220448,0.257700951353248,xmom_f126_skip21_b55_s20_atr0.5_ema20
2024-02-09,2024-03-04,152.46240829167894,147.5801730224556,12.911409223061327,-0.40175011078897654,0.3004552047591641,ema_trail,16,ALL,long,2024-02-08,0.9648562300319489,0.3982789173995389,xmom_f126_skip21_b55_s20_atr0.5_ema20
2023-12-13,2023-12-14,151.21579433777177,146.53234448962502,9.429662553045233,-0.5287444178171725,0.02522269823467072,ema_trail,2,PGR,long,2023-12-12,0.936,0.21983117590681922,xmom_f126_skip21_b55_s20_atr0.5_ema20
2024-01-10,2024-03-07,151.92012100160622,180.30099487304688,16.783202110594715,1.6729247162979277,1.7359464167883465,time,40,PGR,long,2024-01-09,0.9249201277955271,0.22437828397821202,xmom_f126_skip21_b55_s20_atr0.5_ema20
2024-01-25,2024-03-21,164.0195084576882,188.9888153076172,22.831479782035075,1.0792672252633648,1.1862465757849583,time,40,PGR,long,2024-01-24,0.9185303514376997,0.26744083063589685,xmom_f126_skip21_b55_s20_atr0.5_ema20
2024-02-15,2024-04-10,172.58775454449517,187.5887648957351,20.638483063609243,0.7101217079269165,1.0963008707303559,ema_trail,38,PGR,long,2024-02-14,0.9440894568690096,0.34898841977470685,xmom_f126_skip21_b55_s20_atr0.5_ema20
2024-02-27,2024-04-10,178.01187244890644,187.5887648957351,18.090966308453602,0.5096946478542764,0.9508540757570865,ema_trail,31,PGR,long,2024-02-26,0.9089456869009584,0.35734295408976013,xmom_f126_skip21_b55_s20_atr0.5_ema20
2024-03-07,2024-04-10,180.19067853841773,187.5887648957351,15.570808065857477,0.4519807174087705,0.9648223069557593,ema_trail,24,PGR,long,2024-03-06,0.9424920127795527,0.37228489171072443,xmom_f126_skip21_b55_s20_atr0.5_ema20
2024-03-11,2024-04-10,182.21327719564889,187.5887648957351,17.593183108663567,0.2848297044795306,0.7389489566349632,ema_trail,22,PGR,long,2024-03-08,0.9041533546325878,0.3333631776440278,xmom_f126_skip21_b55_s20_atr0.5_ema20
2024-02-21,2024-04-10,211.90803263189574,214.93421101323412,12.987149249855435,0.2003797959050605,0.9457656545227086,ema_trail,35,TRV,long,2024-02-20,0.902555910543131,0.31818566513963753,xmom_f126_skip21_b55_s20_atr0.5_ema20
2024-02-23,2024-04-10,213.7010858401262,214.93421101323412,14.856651668730223,0.05423314885436224,0.7060639729826619,ema_trail,33,TRV,long,2024-02-22,0.9073482428115016,0.33467233959961296,xmom_f126_skip21_b55_s20_atr0.5_ema20
2023-12-01,2023-12-15,44.95186936935775,43.91046329024349,3.6436829561718795,-0.3104852511760658,0.3191343027790333,ema_trail,11,WRB,long,2023-11-30,0.9022435897435898,0.19813196311110093,xmom_f126_skip21_b55_s20_atr0.5_ema20
2023-12-04,2023-12-15,45.44933882324079,43.91046329024349,3.9452922375433346,-0.41309340665182487,0.16864524243634482,ema_trail,10,WRB,long,2023-12-01,0.9184,0.19169975553963958,xmom_f126_skip21_b55_s20_atr0.5_ema20
2022-12-01,2023-01-23,57.491324739955104,59.47870097045796,5.998429955072467,0.3121472777121597,0.6198312973825457,ema_trail,35,ACGL,long,2022-11-30,0.9229534510433387,0.22942053793002648,xmom_f126_skip21_b55_s20_atr0.5_ema20
2022-12-05,2023-01-23,57.40574264595032,59.47870097045796,5.177036931604782,0.3782369848014103,0.7347053470094979,ema_trail,33,ACGL,long,2022-12-02,0.9181380417335474,0.20333901654163955,xmom_f126_skip21_b55_s20_atr0.5_ema20
2023-01-26,2023-02-02,61.932017534122615,58.29046260007103,3.641554934051584,-1.0340140509511508,0.04961425606766908,stop,6,ACGL,long,2023-01-25,0.9582664526484751,0.4206598971744977,xmom_f126_skip21_b55_s20_atr0.5_ema20
2023-02-15,2023-03-10,62.997024642898225,64.75618843219891,5.880879293440493,0.2777084273497197,0.9750104399019336,ema_trail,17,ACGL,long,2023-02-14,0.971107544141252,0.3568843233696237,xmom_f126_skip21_b55_s20_atr0.5_ema20
2023-02-16,2023-03-10,64.58502673036665,64.75618843219891,7.493703081855919,0.005603591163519682,0.5532533880982604,ema_trail,16,ACGL,long,2023-02-15,0.9678972712680578,0.34708483011255065,xmom_f126_skip21_b55_s20_atr0.5_ema20
2023-02-24,2023-03-10,65.03195141299963,64.75618843219891,7.90250798153906,-0.05135418838864406,0.468078228512688,ema_trail,11,ACGL,long,2023-02-23,0.9646869983948636,0.3775004590689943,xmom_f126_skip21_b55_s20_atr0.5_ema20
2023-04-28,2023-05-18,70.00514937263263,69.41559164483051,7.1289697839659,-0.10233849331053238,0.6242430408209376,ema_trail,15,ACGL,long,2023-04-27,0.9101123595505618,0.3573750008659906,xmom_f126_skip21_b55_s20_atr0.5_ema20
2023-05-01,2023-05-18,71.25082974608674,69.41559164483051,8.26413633709626,-0.23931596479969353,0.3877633755901119,ema_trail,14,ACGL,long,2023-04-28,0.9213483146067416,0.38962907245996914,xmom_f126_skip21_b55_s20_atr0.5_ema20
2023-12-06,2024-01-04,40.089546667488314,42.332749435189434,4.4691595020853825,0.48398891857783144,1.1612247662458226,ema_trail,20,FNF,long,2023-12-05,0.9296,0.23510906148928656,xmom_f126_skip21_b55_s20_atr0.5_ema20
2023-12-14,2024-01-04,42.60540957005892,42.332749435189434,4.998457865225305,-0.07159627302239341,0.5349321466038345,ema_trail,14,FNF,long,2023-12-13,0.9584,0.2955504295120286,xmom_f126_skip21_b55_s20_atr0.5_ema20
2023-12-15,2024-01-04,42.279979443554666,42.332749435189434,4.36298401794582,-0.007286290099065755,0.6874345424419313,ema_trail,13,FNF,long,2023-12-14,0.9456869009584664,0.26644937382483413,xmom_f126_skip21_b55_s20_atr0.5_ema20
2023-12-20,2024-01-04,43.46736623993222,42.332749435189434,5.455702480280451,-0.22390362041147346,0.3321073926280803,ema_trail,10,FNF,long,2023-12-19,0.9472843450479234,0.3094831527750126,xmom_f126_skip21_b55_s20_atr0.5_ema20
2023-09-08,2023-09-22,561.4629337692606,538.3892330213519,57.713050032464935,-0.41925745740064235,0.5016133173742655,ema_trail,11,LLY,long,2023-09-07,0.9791666666666666,0.6732475264397133,xmom_f126_skip21_b55_s20_atr0.5_ema20
2023-09-11,2023-09-22,576.0014215198922,538.3892330213519,72.43716193029354,-0.5351423262397144,0.19894687130078328,ema_trail,10,LLY,long,2023-09-08,0.9727564102564102,0.6651374214591834,xmom_f126_skip21_b55_s20_atr0.5_ema20
2023-09-12,2023-09-22,579.748925517251,538.3892330213519,66.10767568623294,-0.6431808395252406,0.16130717989835588,ema_trail,9,LLY,long,2023-09-11,0.9711538461538461,0.6592478828610369,xmom_f126_skip21_b55_s20_atr0.5_ema20
2023-09-13,2023-09-22,583.368763837953,538.3892330213519,65.35163587241368,-0.7061226200116647,0.10778313839964154,ema_trail,8,LLY,long,2023-09-12,0.9727564102564102,0.6322664185629319,xmom_f126_skip21_b55_s20_atr0.5_ema20
2024-02-05,2024-03-12,679.1517085118212,729.510548886485,86.55231619947301,0.5661377893655783,1.2622941702507546,ema_trail,26,LLY,long,2024-02-02,0.9696485623003195,0.38072798421402965,xmom_f126_skip21_b55_s20_atr0.5_ema20
2024-07-10,2024-07-18,923.6695814326984,894.5364671509096,95.19315961629957,-0.3254483155042734,0.305936981117942,ema_trail,7,LLY,long,2024-07-09,0.902555910543131,0.3583170293894673,xmom_f126_skip21_b55_s20_atr0.5_ema20
2024-07-11,2024-07-18,921.2237110013508,894.5364671509096,89.75281607594184,-0.31786959473566023,0.3517324546198686,ema_trail,6,LLY,long,2024-07-10,0.9121405750798722,0.3624444297849905,xmom_f126_skip21_b55_s20_atr0.5_ema20
2024-07-15,2024-07-18,943.0290903333027,894.5364671509096,102.55313058260265,-0.49124469508496976,0.09520527476848184,ema_trail,4,LLY,long,2024-07-12,0.9169329073482428,0.37865742976240924,xmom_f126_skip21_b55_s20_atr0.5_ema20
2022-08-22,2022-08-24,502.5437860490051,498.17171649268886,20.419569408805387,-0.26333352191528187,0.369579516118969,ema_trail,3,UNH,long,2022-08-19,0.9049919484702094,0.1180736752626721,xmom_f126_skip21_b55_s20_atr0.5_ema20
2024-09-04,2024-09-18,573.5206540938702,553.3571144254605,45.88220462850609,-0.4644628816148352,0.16541472634734034,ema_trail,11,UNH,long,2024-09-03,0.9041533546325878,0.2340823653555617,xmom_f126_skip21_b55_s20_atr0.5_ema20
2024-09-05,2024-09-18,577.5257784699596,553.3571144254605,49.88728605589165,-0.5076186259775163,0.03468054791595669,ema_trail,10,UNH,long,2024-09-04,0.9089456869009584,0.2144864999895233,xmom_f126_skip21_b55_s20_atr0.5_ema20
2026-01-06,2026-01-29,604.8551332091523,584.6353856945088,56.82093444366103,-0.37714018593463056,0.6662085301577285,ema_trail,17,TMO,long,2026-01-05,0.9012738853503185,0.38755911979158064,xmom_f126_skip21_b55_s20_atr0.5_ema20
2026-01-22,2026-01-29,636.1228697330541,584.6353856945088,78.53468841721917,-0.6718016056512873,0.08387191477739464,ema_trail,6,TMO,long,2026-01-21,0.9044585987261147,0.31733354802120206,xmom_f126_skip21_b55_s20_atr0.5_ema20
2024-01-03,2024-02-08,278.02768704707586,275.2015139243887,33.37606745176765,-0.10133693856141232,0.8237149394792914,ema_trail,26,AMGN,long,2024-01-02,0.9121405750798722,0.21755504471354747,xmom_f126_skip21_b55_s20_atr0.5_ema20
2024-01-04,2024-02-08,279.37125920109924,275.2015139243887,34.75274942330887,-0.13606082608075123,0.7524237264959537,ema_trail,25,AMGN,long,2024-01-03,0.902555910543131,0.22550466334814434,xmom_f126_skip21_b55_s20_atr0.5_ema20
2024-01-09,2024-02-08,285.4126962561432,275.2015139243887,38.93355898964481,-0.2769335248065685,0.5164530727172971,ema_trail,22,AMGN,long,2024-01-08,0.9105431309904153,0.2177606298912449,xmom_f126_skip21_b55_s20_atr0.5_ema20
2024-01-31,2024-02-08,292.80701541086177,275.2015139243887,28.92209210426256,-0.6289695590387042,0.43956145950555137,ema_trail,7,AMGN,long,2024-01-30,0.9137380191693291,0.25169189461184716,xmom_f126_skip21_b55_s20_atr0.5_ema20
2024-02-02,2024-02-07,299.88634375690305,274.1915093989363,25.694834357966727,-1.023342150377702,0.21925452379947385,stop,4,AMGN,long,2024-02-01,0.9488817891373802,0.3113874282248652,xmom_f126_skip21_b55_s20_atr0.5_ema20
2022-12-05,2022-12-21,77.44120371072079,75.78115172188382,9.194201982270954,-0.19739988307393314,0.2100482144182282,ema_trail,13,GILD,long,2022-12-02,0.9470304975922953,0.25685450493562345,xmom_f126_skip21_b55_s20_atr0.5_ema20
2024-11-05,2024-11-18,85.42553867327844,84.23430150597481,5.888231811537864,-0.2313238147284216,1.4986895065812464,ema_trail,10,GILD,long,2024-11-04,0.9074960127591707,0.3186997266963165,xmom_f126_skip21_b55_s20_atr0.5_ema20
2024-11-07,2024-11-18,89.58055397508204,84.23430150597481,10.053720921304532,-0.5495889154182365,0.4644664361600529,ema_trail,8,GILD,long,2024-11-06,0.9203821656050956,0.34105125954149185,xmom_f126_skip21_b55_s20_atr0.5_ema20
2024-11-08,2024-11-18,91.53417531963858,84.23430150597481,12.184003515856034,-0.6141611954202806,0.22291478973844653,ema_trail,7,GILD,long,2024-11-07,0.9251592356687898,0.36282552652726174,xmom_f126_skip21_b55_s20_atr0.5_ema20
2022-08-16,2022-08-24,305.0,287.3500061035156,37.43246150779538,-0.487811732409895,0.024310548263567038,ema_trail,7,VRTX,long,2022-08-15,0.9790660225442834,0.2520415456072347,xmom_f126_skip21_b55_s20_atr0.5_ema20
2022-12-14,2022-12-19,280.75,264.989990234375,28.711978884576666,-0.5684564561445987,0.15115629456742039,ema_trail,4,ISRG,long,2022-12-13,0.9085072231139647,0.3871270439869914,xmom_f126_skip21_b55_s20_atr0.5_ema20
2024-06-24,2024-07-02,77.69999694824219,76.38999938964844,3.9101788951082597,-0.37476483603435295,0.07416563878704957,ema_trail,7,BSX,long,2024-06-21,0.9089456869009584,0.35560728381662177,xmom_f126_skip21_b55_s20_atr0.5_ema20
2025-11-25,2025-12-10,230.0,219.27999877929688,26.371292631788435,-0.4239458936201917,0.16305621085007077,ema_trail,11,IQV,long,2025-11-24,0.9124203821656051,0.5690907557074703,xmom_f126_skip21_b55_s20_atr0.5_ema20
2025-11-26,2025-12-10,230.44000244140625,219.27999877929688,26.80906016858731,-0.43346852123554114,0.08467302688666219,ema_trail,10,IQV,long,2025-11-25,0.9156050955414012,0.5667242728655892,xmom_f126_skip21_b55_s20_atr0.5_ema20
2026-01-06,2026-01-21,234.60000610351562,235.9199981689453,19.17373513086116,0.044372786388044996,0.6493255937495062,ema_trail,11,IQV,long,2026-01-05,0.9092356687898089,0.39883046944940514,xmom_f126_skip21_b55_s20_atr0.5_ema20
2026-01-07,2026-01-21,241.0,235.9199981689453,25.66381974571175,-0.21672540900635262,0.23574055271989383,ema_trail,10,IQV,long,2026-01-06,0.9012738853503185,0.3675442117077876,xmom_f126_skip21_b55_s20_atr0.5_ema20
2026-01-08,2026-01-21,241.64999389648438,235.9199981689453,26.373183856544017,-0.2355914154744846,0.20475378265463104,ema_trail,9,IQV,long,2026-01-07,0.910828025477707,0.3939637090967789,xmom_f126_skip21_b55_s20_atr0.5_ema20
2022-08-29,2022-09-12,30.457659375221287,30.84791019145795,4.332940135096916,-0.10412470999371734,0.5592474517316302,ema_trail,10,XRAY,short,2022-08-26,0.07568438003220612,-0.376883629168583,xmom_f126_skip21_b55_s20_atr0.5_ema20
2023-01-17,2023-02-07,251.76826182783932,244.9897031027144,26.7883194409157,-0.2718384505172856,0.3706627317984203,ema_trail,16,HCA,long,2023-01-13,0.9325842696629213,0.42367882654734834,xmom_f126_skip21_b55_s20_atr0.5_ema20
2025-07-02,2025-07-07,384.3720007908875,374.54859591998684,40.72480558442135,-0.2600908394890979,0.0,ema_trail,3,HCA,long,2025-07-01,0.9378980891719745,0.262556616709273,xmom_f126_skip21_b55_s20_atr0.5_ema20
2023-06-05,2023-07-21,73.52999877929688,79.37000274658203,6.795242299554118,0.8377838079593004,1.7468108160559488,ema_trail,33,THC,long,2023-06-02,0.9759229534510433,0.4876569184548576,xmom_f126_skip21_b55_s20_atr0.5_ema20
2023-06-15,2023-07-21,77.0199966430664,79.37000274658203,10.515734412032486,0.2088266995139006,0.6761297244456879,ema_trail,25,THC,long,2023-06-14,0.9791332263242376,0.6076434729858708,xmom_f126_skip21_b55_s20_atr0.5_ema20
2024-06-11,2024-07-01,137.02000427246094,134.0800018310547,15.259785270725942,-0.2106217350329906,0.3492841961072449,ema_trail,14,THC,long,2024-06-10,0.9760383386581469,0.8520451955842916,xmom_f126_skip21_b55_s20_atr0.5_ema20
2024-06-13,2024-07-01,140.64999389648438,134.0800018310547,15.20840279621109,-0.45049385823273547,0.040109445977031435,ema_trail,12,THC,long,2024-06-12,0.9664536741214057,0.7548350901180396,xmom_f126_skip21_b55_s20_atr0.5_ema20
2024-07-25,2024-08-05,146.2100067138672,135.92999267578125,19.993033942696968,-0.528805887181298,0.43965279663538065,ema_trail,8,THC,long,2024-07-24,0.9664536741214057,0.6904436027807517,xmom_f126_skip21_b55_s20_atr0.5_ema20
2024-09-20,2024-10-03,166.6999969482422,161.55999755859375,19.264034822477242,-0.2841252849667074,0.2335959232563994,ema_trail,10,THC,long,2024-09-19,0.9776357827476039,0.5130130301347338,xmom_f126_skip21_b55_s20_atr0.5_ema20
2022-08-15,2022-08-29,269.5247105664535,263.79107728992346,27.46629758994675,-0.22837743882738987,0.1326231536323588,ema_trail,11,CI,long,2022-08-12,0.9565217391304348,0.16090840907450588,xmom_f126_skip21_b55_s20_atr0.5_ema20
2023-02-16,2023-04-14,65.5392673663352,74.88179016113281,6.986490435498617,1.3184651643207377,1.6101197299100147,time,40,GE,long,2023-02-15,0.9518459069020867,0.2746440199058775,xmom_f126_skip21_b55_s20_atr0.5_ema20
2023-03-06,2023-05-01,67.97735277663783,79.38538360595703,5.719952119471479,1.9706591748197118,2.1082733481882574,time,40,GE,long,2023-03-03,0.9486356340288925,0.4390631025552747,xmom_f126_skip21_b55_s20_atr0.5_ema20
2023-03-07,2023-05-02,68.2284256930495,79.64427947998047,5.958927992540936,1.8928567268582215,1.9842239915286166,time,40,GE,long,2023-03-06,0.9438202247191011,0.4746108983263839,xmom_f126_skip21_b55_s20_atr0.5_ema20
2023-04-03,2023-05-15,75.12501985590355,77.78478739010252,8.505224317134989,0.2950560033356661,0.6641893058871171,ema_trail,30,GE,long,2023-03-31,0.971107544141252,0.7521668936333605,xmom_f126_skip21_b55_s20_atr0.5_ema20
2023-04-19,2023-05-15,77.34541796474936,77.78478739010252,7.815870867652535,0.03642314391373341,0.43868188009049014,ema_trail,19,GE,long,2023-04-18,0.9727126805778491,0.7149709424472988,xmom_f126_skip21_b55_s20_atr0.5_ema20
2023-04-20,2023-05-15,77.91033401285888,77.78478739010252,8.353513626259144,-0.033682508148140694,0.34282159660990785,ema_trail,18,GE,long,2023-04-19,0.9727126805778491,0.6815631608358392,xmom_f126_skip21_b55_s20_atr0.5_ema20
2023-04-21,2023-05-15,78.44384777936229,77.78478739010252,8.272974665849674,-0.09862813773462548,0.28167028260977384,ema_trail,17,GE,long,2023-04-20,0.9727126805778491,0.6733555678884728,xmom_f126_skip21_b55_s20_atr0.5_ema20
2023-05-18,2023-06-21,80.72701446019173,81.31546746389957,6.173157169976847,0.06917027430698944,0.7638607356692099,ema_trail,23,GE,long,2023-05-17,0.9678972712680578,0.47243353042830893,xmom_f126_skip21_b55_s20_atr0.5_ema20
2023-05-19,2023-06-21,82.00591508236111,81.31546746389957,7.463659781287973,-0.11448263635602363,0.46043520950760103,ema_trail,22,GE,long,2023-05-18,0.9727126805778491,0.4585460807206845,xmom_f126_skip21_b55_s20_atr0.5_ema20
2023-07-03,2023-08-10,85.5679926550885,88.292999574499,5.845446582446485,0.4368991997582261,1.2062925785898535,ema_trail,28,GE,long,2023-06-30,0.9454253611556982,0.5881483845291591,xmom_f126_skip21_b55_s20_atr0.5_ema20
2023-07-11,2023-08-10,86.9425130552927,88.292999574499,7.217295986800181,0.16302525145811284,0.7865547486381058,ema_trail,23,GE,long,2023-07-10,0.9375,0.48938626534322993,xmom_f126_skip21_b55_s20_atr0.5_ema20
2023-07-26,2023-08-10,91.97547410137871,88.292999574499,10.96249136239308,-0.35269587425594373,0.017905521832056563,ema_trail,12,GE,long,2023-07-25,0.9118589743589743,0.3021963182616232,xmom_f126_skip21_b55_s20_atr0.5_ema20
2024-07-24,2024-08-05,169.54051466963782,150.7476875841212,17.844805854902887,-1.0721275574763047,0.1789355751654199,ema_trail,9,GE,long,2024-07-23,0.9584664536741214,0.5709734332666847,xmom_f126_skip21_b55_s20_atr0.5_ema20
2024-09-16,2024-10-23,176.67798969740377,177.90991439356546,20.27611751657892,0.04333022414416903,0.7980580996896964,ema_trail,28,GE,long,2024-09-13,0.9169329073482428,0.26640201944421515,xmom_f126_skip21_b55_s20_atr0.5_ema20
2025-07-15,2025-08-14,262.58649219746377,271.61066569075984,34.71108600561203,0.24484974361006864,0.5039076727764655,ema_trail,23,GE,long,2025-07-14,0.9585987261146497,0.42273591181856407,xmom_f126_skip21_b55_s20_atr0.5_ema20
2025-07-16,2025-08-14,262.666105033761,271.61066569075984,34.704799741657524,0.24259550579758477,0.5017049474985057,ema_trail,22,GE,long,2025-07-15,0.9506369426751592,0.4004106851632725,xmom_f126_skip21_b55_s20_atr0.5_ema20
2023-01-13,2023-02-02,242.95925063534042,237.01686600519136,30.01381187026712,-0.21417816434665798,0.33126219824488357,ema_trail,14,CAT,long,2023-01-12,0.9085072231139647,0.390217589256157,xmom_f126_skip21_b55_s20_atr0.5_ema20
2023-01-17,2023-02-02,244.90823978921966,237.01686600519136,31.902748088773507,-0.2627106053774741,0.25055685239813874,ema_trail,13,CAT,long,2023-01-13,0.913322632423756,0.3768420723091883,xmom_f126_skip21_b55_s20_atr0.5_ema20
2023-01-27,2023-02-02,249.49847305599084,237.01686600519136,28.64784982878092,-0.4531091888044793,0.11879491471585488,ema_trail,5,CAT,long,2023-01-26,0.9357945425361156,0.30350889493823763,xmom_f126_skip21_b55_s20_atr0.5_ema20
2023-01-30,2023-02-02,250.3350049633013,237.01686600519136,29.43040246778358,-0.4695419637282735,0.05361886319946483,ema_trail,4,CAT,long,2023-01-27,0.9470304975922953,0.30306038765763166,xmom_f126_skip21_b55_s20_atr0.5_ema20
2025-12-05,2025-12-18,601.4450974501275,566.0952121657389,75.00520259547977,-0.48733653419251943,0.31198636705992755,ema_trail,10,CAT,long,2025-12-04,0.9363057324840764,0.5794502122116367,xmom_f126_skip21_b55_s20_atr0.5_ema20
2025-12-08,2025-12-18,602.1022631211982,566.0952121657389,75.39394939730221,-0.49355758358817686,0.3016612762575436,ema_trail,9,CAT,long,2025-12-05,0.945859872611465,0.6212713788509301,xmom_f126_skip21_b55_s20_atr0.5_ema20
2025-12-11,2025-12-18,607.8678369219276,566.0952121657389,81.0106329324052,-0.5306508401915813,0.2095757134834841,ema_trail,6,CAT,long,2025-12-10,0.9331210191082803,0.5822747734278584,xmom_f126_skip21_b55_s20_atr0.5_ema20
2026-01-14,2026-03-04,631.4177408326162,735.689428725424,84.2305439477667,1.2229394182117679,1.8626431271207875,ema_trail,34,CAT,long,2026-01-13,0.9378980891719745,0.5562122973503427,xmom_f126_skip21_b55_s20_atr0.5_ema20
2026-06-05,2026-06-11,929.9299926757812,872.4000244140625,99.18847158407584,-0.5987573686598173,0.08317498866798237,ema_trail,5,CAT,long,2026-06-04,0.9251592356687898,0.5596215649670309,xmom_f126_skip21_b55_s20_atr0.5_ema20
2023-12-06,2024-01-04,225.77299689962072,231.35889595860132,18.805844236522944,0.27301901475977886,0.7532382752887957,ema_trail,20,TT,long,2023-12-05,0.9376,0.25212802182155003,xmom_f126_skip21_b55_s20_atr0.5_ema20
2023-12-07,2024-01-04,226.39910962056146,231.35889595860132,14.225536398914812,0.3168237732773685,0.9517510326120547,ema_trail,19,TT,long,2023-12-06,0.9376,0.23702136530817808,xmom_f126_skip21_b55_s20_atr0.5_ema20
2023-12-11,2024-01-04,229.92087003261847,231.35889595860132,15.875843455011932,0.061614627826832795,0.6309843362626562,ema_trail,17,TT,long,2023-12-08,0.9552,0.2634109414585901,xmom_f126_skip21_b55_s20_atr0.5_ema20
2023-12-12,2024-01-04,231.2121459464385,231.35889595860132,17.179543231228507,-0.018375010061748374,0.5079374063559715,ema_trail,16,TT,long,2023-12-11,0.9584,0.2618636175603033,xmom_f126_skip21_b55_s20_atr0.5_ema20
2023-12-13,2024-01-04,234.5382709878856,231.35889595860132,20.502179197914586,-0.17795433041728329,0.2633870057263317,ema_trail,15,TT,long,2023-12-12,0.952,0.2500234046468657,xmom_f126_skip21_b55_s20_atr0.5_ema20
2024-01-11,2024-03-08,241.74806490622848,279.4855651855469,14.989186499504882,2.4853919958055433,2.8410129611775496,time,40,TT,long,2024-01-10,0.9089456869009584,0.2116884122813798,xmom_f126_skip21_b55_s20_atr0.5_ema20
2024-03-05,2024-04-16,281.74222247685464,287.472264389186,24.466588018050686,0.21116787774273849,0.795229266139923,ema_trail,30,TT,long,2024-03-04,0.9249201277955271,0.32346862224476447,xmom_f126_skip21_b55_s20_atr0.5_ema20
2024-06-20,2024-06-27,335.6695447960521,325.95981119365615,29.60071348326585,-0.35070346185597084,0.09006599114063762,ema_trail,6,TT,long,2024-06-18,0.9169329073482428,0.3738586849038701,xmom_f126_skip21_b55_s20_atr0.5_ema20
2024-08-27,2024-10-11,126.97539409195831,128.98660375514797,13.508907727683493,0.1300814921849406,0.6728171023434569,ema_trail,33,MMM,long,2024-08-26,0.9840255591054313,0.6678242761498456,xmom_f126_skip21_b55_s20_atr0.5_ema20
2024-08-30,2024-10-11,128.66751805160146,128.98660375514797,15.106734666655385,0.004087625076225319,0.48964255722640904,ema_trail,30,MMM,long,2024-08-29,0.9888178913738019,0.6674912624581273,xmom_f126_skip21_b55_s20_atr0.5_ema20
2024-09-03,2024-10-11,128.60947743022388,128.98660375514797,15.046354111814793,0.00796919766559857,0.49546493186982465,ema_trail,29,MMM,long,2024-08-30,0.987220447284345,0.6580515600118855,xmom_f126_skip21_b55_s20_atr0.5_ema20
2024-09-25,2024-10-11,132.6898659837594,128.98660375514797,10.929850082675173,-0.36310122559408387,0.30874643621260855,ema_trail,13,MMM,long,2024-09-24,0.9680511182108626,0.49963963890077334,xmom_f126_skip21_b55_s20_atr0.5_ema20
2024-09-27,2024-10-11,134.40130714363588,128.98660375514797,12.683869680049497,-0.44808927765276446,0.02210674818965403,ema_trail,11,MMM,long,2024-09-26,0.9744816586921851,0.5211672455328138,xmom_f126_skip21_b55_s20_atr0.5_ema20
2024-09-03,2024-09-18,119.3311887759695,115.30889757416426,10.618514970197381,-0.4012758461344398,0.049289687311164385,ema_trail,12,RTX,long,2024-08-30,0.9361022364217252,0.30782074381640223,xmom_f126_skip21_b55_s20_atr0.5_ema20
2026-03-03,2026-03-16,677.5643297031694,641.0334354589493,99.11115861997018,-0.38225789538891236,0.044807249291662604,ema_trail,10,LMT,long,2026-03-02,0.9076433121019108,0.3850065974961254,xmom_f126_skip21_b55_s20_atr0.5_ema20
2024-09-24,2024-10-24,102.66707030156252,104.2516228009904,9.304468324075089,0.14823182913698213,0.7102730974520656,ema_trail,23,CHRW,long,2024-09-23,0.9552715654952076,0.3701984935805882,xmom_f126_skip21_b55_s20_atr0.5_ema20
2024-09-25,2024-10-24,105.18882654034365,104.2516228009904,11.859690773956416,-0.09676317994344323,0.34460909443601695,ema_trail,22,CHRW,long,2024-09-24,0.9488817891373802,0.3699801043827564,xmom_f126_skip21_b55_s20_atr0.5_ema20
2024-10-01,2024-10-24,106.6381059786419,104.2516228009904,13.24093827776477,-0.19634253517928593,0.1992062650148785,ema_trail,18,CHRW,long,2024-09-30,0.9617224880382775,0.4143773831269024,xmom_f126_skip21_b55_s20_atr0.5_ema20
2025-12-02,2025-12-10,158.06919992150168,150.60730418894272,14.594808827379495,-0.5329315528827321,0.09421365998256227,ema_trail,7,CHRW,long,2025-12-01,0.9251592356687898,0.6297513449712064,xmom_f126_skip21_b55_s20_atr0.5_ema20
2025-12-19,2026-02-13,163.9259690733411,170.71938809120414,18.985445755735213,0.3405538728403684,2.003073372589315,ema_trail,38,CHRW,long,2025-12-18,0.9585987261146497,0.64557135924767,xmom_f126_skip21_b55_s20_atr0.5_ema20
2025-12-22,2026-02-13,165.67397620977198,170.71938809120414,20.28113329051274,0.2324359226620632,1.7889155011171416,ema_trail,37,CHRW,long,2025-12-19,0.9538216560509554,0.6189210777327459,xmom_f126_skip21_b55_s20_atr0.5_ema20
2026-01-12,2026-02-12,168.05763608773404,153.23375121796167,14.823884869772371,-1.022673899259758,2.2866862596039303,stop,23,CHRW,long,2026-01-09,0.9426751592356688,0.548055067994496,xmom_f126_skip21_b55_s20_atr0.5_ema20
2026-01-14,2026-02-12,171.66290973158797,153.24763229532235,18.415277436265626,-1.018643532287331,1.6449548646033336,stop,21,CHRW,long,2026-01-13,0.9522292993630573,0.6610490209409898,xmom_f126_skip21_b55_s20_atr0.5_ema20
2026-01-16,2026-02-12,173.54004169707466,155.25814196099176,18.28189973608289,-1.0189849024666249,1.5542787481891498,stop,19,CHRW,long,2026-01-15,0.9665605095541401,0.6138428426441935,xmom_f126_skip21_b55_s20_atr0.5_ema20
2026-01-20,2026-02-12,173.22224358288304,157.04106690694545,16.181176675937593,-1.0214103395633118,1.7757031473018754,stop,18,CHRW,long,2026-01-16,0.9697452229299363,0.6460260589815316,xmom_f126_skip21_b55_s20_atr0.5_ema20
2026-01-22,2026-02-12,178.45632254332597,157.1107821171428,21.345540426183163,-1.0167207125217055,1.100880414404623,stop,16,CHRW,long,2026-01-21,0.9777070063694268,0.6828168835799495,xmom_f126_skip21_b55_s20_atr0.5_ema20
2026-01-28,2026-02-12,178.96286664308474,157.07924246535686,21.88362417772788,-1.0163558709644835,1.0506643279731016,stop,12,CHRW,long,2026-01-27,0.9681528662420382,0.6397400282129151,xmom_f126_skip21_b55_s20_atr0.5_ema20
2023-06-15,2023-08-11,50.79999923706055,73.22000122070312,6.319280472173382,3.53179481167933,4.109644685081375,time,40,XPO,long,2023-06-14,0.9181380417335474,0.2808293073931176,xmom_f126_skip21_b55_s20_atr0.5_ema20
2023-10-09,2023-10-16,76.05999755859375,74.23999786376953,10.219844692888643,-0.19296963400174585,0.42662102422998827,ema_trail,6,XPO,long,2023-10-06,0.9935897435897436,1.434450730739909,xmom_f126_skip21_b55_s20_atr0.5_ema20
2023-12-04,2023-12-06,89.91999816894531,85.66000366210938,13.180458114153978,-0.3368497866099255,0.05993728811891543,ema_trail,3,XPO,long,2023-12-01,0.9888,0.5729272080032766,xmom_f126_skip21_b55_s20_atr0.5_ema20
2024-03-08,2024-03-28,128.0800018310547,119.83000183105469,15.99546401910979,-0.5317857608569402,0.08439835462814506,ema_trail,15,XPO,long,2024-03-07,0.9345047923322684,0.34906442817908667,xmom_f126_skip21_b55_s20_atr0.5_ema20
2023-06-16,2023-06-22,179.91247439774457,170.55869574514423,20.449178206162543,-0.47501192974437223,0.024094129079650754,ema_trail,4,FDX,long,2023-06-15,0.9213483146067416,0.2579218332547879,xmom_f126_skip21_b55_s20_atr0.5_ema20
2026-04-20,2026-05-05,313.20777885165825,286.59533189329,43.3444691361218,-0.628427641610487,0.2570727512024451,ema_trail,12,FDX,long,2026-04-17,0.9554140127388535,0.4968525616229802,xmom_f126_skip21_b55_s20_atr0.5_ema20
2026-05-01,2026-05-05,323.52360941551626,286.59533189329,43.84665214995948,-0.8569713512572481,0.015562065215852199,ema_trail,3,FDX,long,2026-04-30,0.9378980891719745,0.44042111354249514,xmom_f126_skip21_b55_s20_atr0.5_ema20
2026-02-04,2026-02-26,219.6306761715214,219.91064407588053,25.053894129437452,-0.006358031496459193,0.5888516401296588,ema_trail,16,JBHT,long,2026-02-03,0.910828025477707,0.3931727411106518,xmom_f126_skip21_b55_s20_atr0.5_ema20
2026-02-05,2026-02-26,224.63134592883992,219.91064407588053,30.18258550359303,-0.17128965125276044,0.32311204390606646,ema_trail,15,JBHT,long,2026-02-04,0.9124203821656051,0.4184887351388187,xmom_f126_skip21_b55_s20_atr0.5_ema20
2023-06-08,2023-08-04,58.38594794923432,67.74552154541016,5.64613569519814,1.6370137381108423,1.765915292132424,time,40,PNR,long,2023-06-07,0.92776886035313,0.30527291320577743,xmom_f126_skip21_b55_s20_atr0.5_ema20
2023-01-13,2023-01-19,63.902618616395934,62.12258307696083,5.275816717001916,-0.36161998776789633,0.23207522526651947,ema_trail,4,JCI,long,2023-01-12,0.92776886035313,0.42746101095648315,xmom_f126_skip21_b55_s20_atr0.5_ema20
2023-01-17,2023-01-19,64.85387567589525,62.12258307696083,6.221912247867834,-0.4598265350442126,0.04389796620120565,ema_trail,3,JCI,long,2023-01-13,0.9357945425361156,0.4290749765832569,xmom_f126_skip21_b55_s20_atr0.5_ema20
2025-06-30,2025-07-30,104.55747622415291,102.08198483498754,7.303894500426779,-0.3675582035661673,1.0154241191610989,ema_trail,22,JCI,long,2025-06-27,0.9331210191082803,0.26940529255437773,xmom_f126_skip21_b55_s20_atr0.5_ema20
2025-07-17,2025-07-30,106.43647587641055,102.08198483498754,7.382469886757448,-0.6186769554412541,0.7500946258131002,ema_trail,10,JCI,long,2025-07-16,0.9203821656050956,0.2916531789065284,xmom_f126_skip21_b55_s20_atr0.5_ema20
2025-07-24,2025-07-30,108.7926741462175,102.08198483498754,7.302720570612408,-0.9487251487347248,0.4356393876385278,ema_trail,5,JCI,long,2025-07-23,0.9251592356687898,0.26323117660797646,xmom_f126_skip21_b55_s20_atr0.5_ema20
2025-07-28,2025-07-29,111.34769878859413,102.07466081892792,9.273037969666206,-1.0240153656553188,0.06754292144053177,stop,2,JCI,long,2025-07-25,0.9299363057324841,0.2701612001920606,xmom_f126_skip21_b55_s20_atr0.5_ema20
2022-08-31,2022-09-13,37.6785076506291,38.73547110973285,4.669703118927416,-0.24248232608523715,0.34706396204070566,ema_trail,9,NEM,short,2022-08-30,0.08520900321543408,-0.3387822063435012,xmom_f126_skip21_b55_s20_atr0.5_ema20
2022-09-02,2022-09-13,37.42778928238673,38.73547110973285,4.905456850001762,-0.2818366256570767,0.14420025773529954,ema_trail,7,NEM,short,2022-09-01,0.04662379421221865,-0.36216272456340437,xmom_f126_skip21_b55_s20_atr0.5_ema20
2024-08-20,2024-09-09,49.92866717027372,49.18870019513719,7.2690229507808155,-0.11553468948490092,0.3104570618841081,ema_trail,14,NEM,long,2024-08-19,0.952076677316294,0.4255214991863727,xmom_f126_skip21_b55_s20_atr0.5_ema20
2024-08-21,2024-09-09,49.99646459801213,49.18870019513719,7.318482155085647,-0.12403628414126339,0.29909509020365066,ema_trail,13,NEM,long,2024-08-20,0.9472843450479234,0.44468941272006,xmom_f126_skip21_b55_s20_atr0.5_ema20
2024-09-16,2024-10-04,52.1084911820951,51.58293172571569,5.22291666012643,-0.12057945391921251,0.5143111457376006,ema_trail,15,NEM,long,2024-09-13,0.9712460063897763,0.4450463635204378,xmom_f126_skip21_b55_s20_atr0.5_ema20
2024-09-25,2024-10-04,54.288598327179926,51.58293172571569,6.294113057197336,-0.447123172485836,0.08040801013227396,ema_trail,8,NEM,long,2024-09-24,0.9728434504792333,0.5434094238195695,xmom_f126_skip21_b55_s20_atr0.5_ema20
2025-06-24,2025-07-09,57.182015880338824,57.18201295449497,6.703933947104204,-0.01705967846743637,0.35423195499410065,ema_trail,11,NEM,long,2025-06-23,0.9617834394904459,0.3304653094549437,xmom_f126_skip21_b55_s20_atr0.5_ema20
2025-08-26,2025-10-21,70.16398630549874,85.69593048095703,9.903735807937117,1.5541222525859428,2.797257017745033,time,40,NEM,long,2025-08-25,0.9538216560509554,0.5088553262010853,xmom_f126_skip21_b55_s20_atr0.5_ema20
2025-09-11,2025-10-22,77.08860963169901,82.4892707985305,11.494774296681186,0.4564233983335253,1.807662388851245,ema_trail,30,NEM,long,2025-09-10,0.9251592356687898,0.5935614974406918,xmom_f126_skip21_b55_s20_atr0.5_ema20
2024-05-15,2024-05-23,52.43817665994325,50.56712997581202,7.270475091658305,-0.27177357910464045,0.19167210401231252,ema_trail,7,FCX,long,2024-05-14,0.9201277955271565,0.4949877926819737,xmom_f126_skip21_b55_s20_atr0.5_ema20
2024-05-20,2024-05-23,52.623334598872695,50.56712997581202,7.517881242167483,-0.28750803885208076,0.1607353561639162,ema_trail,4,FCX,long,2024-05-17,0.9217252396166135,0.402558727720123,xmom_f126_skip21_b55_s20_atr0.5_ema20
2026-05-29,2026-06-22,248.48972325164826,244.18029911872475,32.558450129414155,-0.14762384451109287,0.6679244712741413,ema_trail,16,NUE,long,2026-05-28,0.9076433121019108,0.47509235448405374,xmom_f126_skip21_b55_s20_atr0.5_ema20
2026-01-22,2026-01-27,180.84888286055715,172.49373750387062,17.884251649691322,-0.48740329163049434,0.20800440279702476,ema_trail,4,STLD,long,2026-01-21,0.9060509554140127,0.3249455923053193,xmom_f126_skip21_b55_s20_atr0.5_ema20
2026-02-03,2026-02-25,186.86654965407635,192.43664433553883,24.382754628351563,0.2131162643991072,0.8403471340799213,ema_trail,16,STLD,long,2026-02-02,0.9171974522292994,0.3938129944769313,xmom_f126_skip21_b55_s20_atr0.5_ema20
2025-06-30,2025-07-31,87.0,77.31502564428729,9.684974355712711,-1.0179659742617042,0.9499247608038881,stop,23,ATI,long,2025-06-27,0.9713375796178344,0.44722073090097525,xmom_f126_skip21_b55_s20_atr0.5_ema20
2025-07-15,2025-07-31,91.20999908447266,80.18832412396307,11.021674960509586,-1.0165510232176644,0.45274405946905366,stop,13,ATI,long,2025-07-14,0.9713375796178344,0.5093558227048467,xmom_f126_skip21_b55_s20_atr0.5_ema20
2025-07-18,2025-07-31,92.5999984741211,80.17597506695145,12.424023407169642,-1.0149066039944328,0.2897610827136409,stop,10,ATI,long,2025-07-17,0.9665605095541401,0.5075234755139189,xmom_f126_skip21_b55_s20_atr0.5_ema20
2025-07-29,2025-07-31,95.9000015258789,82.00572205725585,13.894279468623054,-1.0138042424930989,0.01727314210942062,stop,3,ATI,long,2025-07-28,0.9729299363057324,0.46311472499818085,xmom_f126_skip21_b55_s20_atr0.5_ema20
2026-02-04,2026-03-09,129.0500030517578,150.1699981689453,15.451762716196257,1.350130434582517,2.529808220321504,ema_trail,23,ATI,long,2026-02-03,0.9522292993630573,0.5758857470926297,xmom_f126_skip21_b55_s20_atr0.5_ema20
2023-06-15,2023-08-11,48.678670434182855,54.98430686487245,4.379957657712701,1.4174290198648436,2.0510748449589338,ema_trail,40,CRH,long,2023-06-14,0.9101123595505618,0.26637190664055654,xmom_f126_skip21_b55_s20_atr0.5_ema20
2023-06-16,2023-08-11,51.11925633019517,54.98430686487245,6.840742546188693,0.5500590026024782,0.9564802407821791,ema_trail,39,CRH,long,2023-06-15,0.9036918138041734,0.23440506229719182,xmom_f126_skip21_b55_s20_atr0.5_ema20
2024-03-25,2024-04-10,84.23207671498767,79.65636928668674,9.567582179122837,-0.49585898431926034,0.15059816290070796,ema_trail,12,CRH,long,2024-03-22,0.9185303514376997,0.4925630603172446,xmom_f126_skip21_b55_s20_atr0.5_ema20
2024-03-26,2024-04-10,84.65070732822281,79.65636928668674,9.96805967427278,-0.5180185136250428,0.10255051833012735,ema_trail,11,CRH,long,2024-03-25,0.9121405750798722,0.47997875076707586,xmom_f126_skip21_b55_s20_atr0.5_ema20
2025-07-03,2025-07-11,36.38494720883548,34.46231784521228,4.471472218192012,-0.446251069149588,0.12315796745604875,ema_trail,6,MOS,long,2025-07-02,0.9840764331210191,0.5554464524125005,xmom_f126_skip21_b55_s20_atr0.5_ema20
2025-05-21,2025-06-25,57.28099428729609,57.914522015691716,6.9667563099070975,0.074491731407777,0.8827823548648628,ema_trail,24,NTR,long,2025-05-20,0.9570063694267515,0.16013764561653065,xmom_f126_skip21_b55_s20_atr0.5_ema20
2025-05-22,2025-06-25,58.02173344099146,57.914522015691716,6.905286347240967,-0.032331011482373995,0.7833694528099329,ema_trail,23,NTR,long,2025-05-21,0.9442675159235668,0.18482301162785464,xmom_f126_skip21_b55_s20_atr0.5_ema20
2025-05-28,2025-06-25,58.20692185489793,57.914522015691716,6.534912734311703,-0.06255839971198426,0.7994294929139302,ema_trail,20,NTR,long,2025-05-27,0.945859872611465,0.20550461390439811,xmom_f126_skip21_b55_s20_atr0.5_ema20
2025-06-16,2025-06-25,61.36483383214628,57.914522015691716,6.494069666248961,-0.5502006704191521,0.3181810640126295,ema_trail,7,NTR,long,2025-06-13,0.9315286624203821,0.20122537443921984,xmom_f126_skip21_b55_s20_atr0.5_ema20
2023-02-08,2023-02-22,90.49470958715175,85.63065172512962,7.393336362593601,-0.6823776213837253,0.1886455674364585,ema_trail,10,DD,long,2023-02-07,0.9101123595505618,0.22731327038873017,xmom_f126_skip21_b55_s20_atr0.5_ema20
2026-02-04,2026-03-04,136.1016017332065,145.73170170008095,13.463233974131171,0.6950704995091584,1.5319536079299583,ema_trail,20,DD,long,2026-02-03,0.9092356687898089,0.3918830944055838,xmom_f126_skip21_b55_s20_atr0.5_ema20
2026-02-05,2026-03-04,140.1790023720557,145.73170170008095,17.334709072545877,0.3041493976747091,0.9545963046148758,ema_trail,19,DD,long,2026-02-04,0.9060509554140127,0.3974029951823217,xmom_f126_skip21_b55_s20_atr0.5_ema20
2025-03-31,2025-04-30,31.635612566384566,28.014947263525958,4.6909269263482685,0.7583563192477938,1.7907576460327341,ema_trail,22,DOW,short,2025-03-28,0.09872611464968153,-0.2611237486444966,xmom_f126_skip21_b55_s20_atr0.5_ema20
2024-08-20,2024-09-09,44.25464821488836,43.75260528155864,4.556997869065896,-0.12959238663865238,0.3345959050570161,ema_trail,14,IP,long,2024-08-19,0.9169329073482428,0.30824404683193274,xmom_f126_skip21_b55_s20_atr0.5_ema20
2024-09-17,2024-09-26,46.44879137130476,45.1378890382281,3.8485609811495323,-0.36475969140028053,0.17393446221886757,ema_trail,8,IP,long,2024-09-16,0.9361022364217252,0.3172490766492919,xmom_f126_skip21_b55_s20_atr0.5_ema20
2024-02-12,2024-04-03,130.1271399346861,134.58562028376178,11.819646808489551,0.3551904838806936,0.9644450251442992,ema_trail,36,SPG,long,2024-02-09,0.9057507987220448,0.25576062546947087,xmom_f126_skip21_b55_s20_atr0.5_ema20
2024-02-16,2024-04-03,129.4543240724279,134.58562028376178,11.267034528265157,0.4324463150410924,1.0714634268124024,ema_trail,32,SPG,long,2024-02-15,0.9089456869009584,0.2681114373957463,xmom_f126_skip21_b55_s20_atr0.5_ema20
2024-02-23,2024-04-03,134.05778923865032,134.58562028376178,15.859129497759113,0.01637640115561615,0.4709432671258261,ema_trail,28,SPG,long,2024-02-22,0.9057507987220448,0.3260751391039691,xmom_f126_skip21_b55_s20_atr0.5_ema20
2022-08-15,2022-08-23,28.31480160152313,27.264625436846163,2.8406092567156946,-0.3896367531941715,0.10441954684830482,ema_trail,7,VICI,long,2022-08-12,0.9484702093397746,0.13257977688318512,xmom_f126_skip21_b55_s20_atr0.5_ema20
2024-08-01,2024-09-06,98.59862914672459,102.41109629631103,14.45768873195189,0.25005863373605103,0.6449580187465006,ema_trail,26,IRM,long,2024-07-31,0.9169329073482428,0.334551689308346,xmom_f126_skip21_b55_s20_atr0.5_ema20
2024-09-13,2024-11-04,109.88581575042544,114.7466203597159,10.327355192585799,0.44939221042009886,1.274831701104826,ema_trail,37,IRM,long,2024-09-12,0.9648562300319489,0.36806347114494664,xmom_f126_skip21_b55_s20_atr0.5_ema20
2024-09-16,2024-11-04,110.54222897865913,114.7466203597159,10.946687399295826,0.36388240367179014,1.1427408222736781,ema_trail,36,IRM,long,2024-09-13,0.9664536741214057,0.4029289155321307,xmom_f126_skip21_b55_s20_atr0.5_ema20
2024-09-17,2024-11-04,110.54221914290937,114.7466203597159,10.67290077894458,0.3732178215672135,1.1720559063260574,ema_trail,35,IRM,long,2024-09-16,0.963258785942492,0.39152524407124645,xmom_f126_skip21_b55_s20_atr0.5_ema20
2024-09-25,2024-11-04,112.97038562398994,114.7466203597159,13.285525731651234,0.11669044912423658,0.7588009777058667,ema_trail,29,IRM,long,2024-09-24,0.9616613418530351,0.46083245150207297,xmom_f126_skip21_b55_s20_atr0.5_ema20
2024-10-16,2024-11-04,115.5780452223615,114.7466203597159,10.593984535724644,-0.10030040628312392,0.7054390433495814,ema_trail,14,IRM,long,2024-10-15,0.9681020733652312,0.6035473948086696,xmom_f126_skip21_b55_s20_atr0.5_ema20
2024-10-21,2024-11-04,118.09122918515251,114.7466203597159,9.547818593263216,-0.3750376328194444,0.5195140968483302,ema_trail,11,IRM,long,2024-10-18,0.9521531100478469,0.540422247830086,xmom_f126_skip21_b55_s20_atr0.5_ema20
2024-10-28,2024-11-04,121.80429928612322,114.7466203597159,13.27678575239463,-0.5499288503365877,0.05337165171889689,ema_trail,6,IRM,long,2024-10-25,0.960127591706539,0.5339144394411068,xmom_f126_skip21_b55_s20_atr0.5_ema20
2023-11-30,2023-12-08,126.78251425051876,125.38442127047178,14.538342059124957,-0.11360704004837749,0.09552967384133725,ema_trail,7,DLR,long,2023-11-29,0.9294871794871795,0.21707992794266118,xmom_f126_skip21_b55_s20_atr0.5_ema20
2024-11-26,2024-12-11,23.557775159502004,23.09336647542017,1.9146707040324458,-0.267160422585215,0.1543397894824518,ema_trail,11,KIM,long,2024-11-25,0.9044585987261147,0.32168635231452036,xmom_f126_skip21_b55_s20_atr0.5_ema20
2024-10-16,2024-11-15,22.88234657478318,22.957093307135466,2.365918581420523,0.012249804126952379,0.43046514476048103,ema_trail,23,AKR,long,2024-10-15,0.9027113237639554,0.39534225114335,xmom_f126_skip21_b55_s20_atr0.5_ema20
2024-11-07,2024-11-15,23.405586032788467,22.957093307135466,2.1291216461319955,-0.2326329726713375,0.10971064607166262,ema_trail,7,AKR,long,2024-11-06,0.9426751592356688,0.38497498875465785,xmom_f126_skip21_b55_s20_atr0.5_ema20
2024-11-26,2024-12-11,23.807356919459775,23.358867645263672,1.539979295644713,-0.3221497778821293,0.4914547346222163,ema_trail,11,AKR,long,2024-11-25,0.9633757961783439,0.49494601954990847,xmom_f126_skip21_b55_s20_atr0.5_ema20
2024-11-29,2024-12-11,24.508124467834104,23.358867645263672,2.17171530865474,-0.551763422549324,0.025814878896432223,ema_trail,9,AKR,long,2024-11-27,0.9585987261146497,0.4915007445714492,xmom_f126_skip21_b55_s20_atr0.5_ema20
2023-12-20,2024-01-04,25.86278168112763,24.903547132128075,3.54534239328585,-0.28515161589931615,0.11853209404018786,ema_trail,10,SKT,long,2023-12-19,0.9121405750798722,0.22904829153601547,xmom_f126_skip21_b55_s20_atr0.5_ema20
2024-09-13,2024-09-19,16.83962631225586,16.24782034098276,1.725553037439715,-0.3624839169392753,0.062358347070279575,ema_trail,5,HR,long,2024-09-12,0.9664536741214057,0.3721831003925786,xmom_f126_skip21_b55_s20_atr0.5_ema20
2024-09-16,2024-09-19,16.938261954235344,16.24782034098276,1.8223066089902105,-0.3974732537256283,0.004920683036059033,ema_trail,4,HR,long,2024-09-13,0.9696485623003195,0.4263232937466088,xmom_f126_skip21_b55_s20_atr0.5_ema20
2024-08-28,2024-09-20,57.107475510168136,59.0104337638145,6.16553332638216,0.2901198011487567,0.8184436515073673,ema_trail,17,VTR,long,2024-08-27,0.9105431309904153,0.2954897591552754,xmom_f126_skip21_b55_s20_atr0.5_ema20
2024-08-29,2024-09-20,57.7323248661792,59.0104337638145,6.420996361104621,0.1810691335920533,0.6885679424934157,ema_trail,16,VTR,long,2024-08-28,0.9249201277955271,0.3164466466269604,xmom_f126_skip21_b55_s20_atr0.5_ema20
2024-09-03,2024-09-20,58.47078575309444,59.0104337638145,6.632054401722677,0.06373687753587645,0.5553077739005972,ema_trail,14,VTR,long,2024-08-30,0.9201277955271565,0.28116316830359644,xmom_f126_skip21_b55_s20_atr0.5_ema20
2024-09-04,2024-09-20,59.161909643953244,59.0104337638145,6.916077396000411,-0.03901050898919664,0.43257287390675897,ema_trail,13,VTR,long,2024-09-03,0.952076677316294,0.3036845616524948,xmom_f126_skip21_b55_s20_atr0.5_ema20
2024-09-05,2024-09-20,59.81515859278759,59.0104337638145,6.275657462496909,-0.14729216049196114,0.3726236717809513,ema_trail,12,VTR,long,2024-09-04,0.9696485623003195,0.3206504180365759,xmom_f126_skip21_b55_s20_atr0.5_ema20
2024-09-10,2024-09-20,60.90391238002327,59.0104337638145,6.880370328830466,-0.2929037747465814,0.18163335395521807,ema_trail,9,VTR,long,2024-09-09,0.9712460063897763,0.35372956848907844,xmom_f126_skip21_b55_s20_atr0.5_ema20
2024-09-11,2024-09-20,60.98911594271811,59.0104337638145,6.969805871060437,-0.30139439313672556,0.16707799300691745,ema_trail,8,VTR,long,2024-09-10,0.9696485623003195,0.3590842730187098,xmom_f126_skip21_b55_s20_atr0.5_ema20
2024-09-12,2024-09-20,61.69916383078089,59.0104337638145,7.682092998685839,-0.3660627898033804,0.05915748333163481,ema_trail,7,VTR,long,2024-09-11,0.9760383386581469,0.3780070970417946,xmom_f126_skip21_b55_s20_atr0.5_ema20
2024-10-24,2024-11-04,62.659571687698545,61.81101371178377,4.687078379302946,-0.2077791409656356,0.38445708641220516,ema_trail,8,VTR,long,2024-10-23,0.94896331738437,0.47962548911829184,xmom_f126_skip21_b55_s20_atr0.5_ema20
2024-10-31,2024-11-04,61.65845916506933,61.81101371178377,3.6944608019079155,0.007913909485574563,0.7587285859614683,ema_trail,3,VTR,long,2024-10-30,0.9537480063795853,0.4816554217214022,xmom_f126_skip21_b55_s20_atr0.5_ema20
2024-09-05,2024-10-07,121.5677483772076,121.30554442600318,12.08860602281132,-0.04180295453464586,0.49245615190764075,ema_trail,23,WELL,long,2024-09-04,0.9153354632587859,0.2203964173441033,xmom_f126_skip21_b55_s20_atr0.5_ema20
2024-09-10,2024-10-07,124.18984077457083,121.30554442600318,13.318111578321677,-0.23521923597756497,0.2501117359596208,ema_trail,20,WELL,long,2024-09-09,0.9424920127795527,0.2657210897086586,xmom_f126_skip21_b55_s20_atr0.5_ema20
2024-09-11,2024-10-07,124.37436314419288,121.30554442600318,13.528727196792829,-0.24522391472751143,0.23257868912323257,ema_trail,19,WELL,long,2024-09-10,0.939297124600639,0.2742899097385878,xmom_f126_skip21_b55_s20_atr0.5_ema20
2024-10-31,2024-12-03,133.4156974714518,130.77767422756764,15.767729691210064,-0.18422783087449918,0.25049087043257395,ema_trail,23,WELL,long,2024-10-30,0.9170653907496013,0.3682331334801465,xmom_f126_skip21_b55_s20_atr0.5_ema20
2024-09-05,2024-10-03,35.6638941828397,35.735230366031836,3.0480928492576,2.754124258444457e-06,0.4475400672668016,ema_trail,21,OHI,long,2024-09-04,0.9297124600638977,0.24559659046921234,xmom_f126_skip21_b55_s20_atr0.5_ema20
2024-09-13,2024-10-03,36.33258721189855,35.735230366031836,3.379148041589268,-0.19828134548831075,0.20580650541912066,ema_trail,15,OHI,long,2024-09-12,0.9233226837060703,0.2608277487787727,xmom_f126_skip21_b55_s20_atr0.5_ema20
2024-09-19,2024-10-03,36.805135062298916,35.735230366031836,3.4982011091824674,-0.3268865713266322,0.050975181452453486,ema_trail,11,OHI,long,2024-09-18,0.9057507987220448,0.2667025959661622,xmom_f126_skip21_b55_s20_atr0.5_ema20
2024-09-11,2024-09-20,70.23460982721753,68.67836165716791,5.104993889505067,-0.3323642351839419,0.26855405778454217,ema_trail,8,ADC,long,2024-09-10,0.9345047923322684,0.26479727157845656,xmom_f126_skip21_b55_s20_atr0.5_ema20
2024-09-11,2024-10-08,78.549575747215,76.72593809200323,6.505805048237519,-0.30445683386144473,0.496381789906788,ema_trail,20,NEE,long,2024-09-10,0.9680511182108626,0.3471876407824708,xmom_f126_skip21_b55_s20_atr0.5_ema20
2024-09-12,2024-10-08,79.24294535136283,76.72593809200323,7.210475566440209,-0.37105640611486196,0.3517096101516834,ema_trail,19,NEE,long,2024-09-11,0.9712460063897763,0.36627312879197427,xmom_f126_skip21_b55_s20_atr0.5_ema20
2024-09-16,2024-10-08,80.81964041896508,76.72593809200323,8.637699099534203,-0.4926475857476038,0.11105949302290594,ema_trail,17,NEE,long,2024-09-13,0.9488817891373802,0.3186986027856822,xmom_f126_skip21_b55_s20_atr0.5_ema20
2022-08-16,2022-08-31,68.41127918831916,67.67792928654733,8.095241423164275,-0.1074918479464366,0.23833820431799183,ema_trail,12,SO,long,2022-08-15,0.9001610305958132,0.10422799230240254,xmom_f126_skip21_b55_s20_atr0.5_ema20
2022-08-17,2022-08-31,68.90892143442358,67.67792928654733,8.588930091674918,-0.15936909209120917,0.16669865081344162,ema_trail,11,SO,long,2022-08-16,0.9114331723027376,0.11008028077111032,xmom_f126_skip21_b55_s20_atr0.5_ema20
2022-08-22,2022-08-31,69.69464389271874,67.67792928654733,8.251910238340301,-0.2612854274564324,0.02221755020943303,ema_trail,8,SO,long,2022-08-19,0.9001610305958132,0.11502230382722067,xmom_f126_skip21_b55_s20_atr0.5_ema20
2024-09-24,2024-10-08,84.9863294844482,84.24024920152826,5.410820680930954,-0.16930018492707355,0.32813249521869564,ema_trail,11,SO,long,2024-09-23,0.9105431309904153,0.25967908407720186,xmom_f126_skip21_b55_s20_atr0.5_ema20
2024-09-04,2024-09-20,109.46651741954523,108.69588764658363,6.759159780546739,-0.1464032276095483,0.2544396979355599,ema_trail,13,DUK,long,2024-09-03,0.9105431309904153,0.24498121470257117,xmom_f126_skip21_b55_s20_atr0.5_ema20
2024-09-05,2024-09-20,110.67883515511032,108.69588764658363,7.988561525957493,-0.2759326784521083,0.06352593463121362,ema_trail,12,DUK,long,2024-09-04,0.9041533546325878,0.20964500394692043,xmom_f126_skip21_b55_s20_atr0.5_ema20
2022-08-15,2022-08-31,90.35213538228157,88.31491561868928,11.617107405096363,-0.19091878528934508,0.1274007532042519,ema_trail,13,AEP,long,2022-08-12,0.9082125603864735,0.08723781731832037,xmom_f126_skip21_b55_s20_atr0.5_ema20
2023-03-13,2023-03-16,45.26185858046836,47.66922897638902,5.670716673111194,-0.44049002217406585,0.015054441458476873,ema_trail,4,D,short,2023-03-10,0.048154093097913325,-0.27234071334718557,xmom_f126_skip21_b55_s20_atr0.5_ema20
2022-08-17,2022-09-01,74.35222156938846,72.76755043615007,8.729241643891228,-0.198571152809155,0.1633356189927757,ema_trail,12,SRE,long,2022-08-16,0.9227053140096618,0.12204236248351741,xmom_f126_skip21_b55_s20_atr0.5_ema20
2024-09-12,2024-10-14,77.9421770588643,83.25061084968648,3.8802415026766965,1.3278940068936638,2.3971687798689088,ema_trail,23,PEG,long,2024-09-11,0.9313099041533547,0.2679924944549974,xmom_f126_skip21_b55_s20_atr0.5_ema20
2024-09-13,2024-10-14,78.5572377586276,83.25061084968648,4.494700658806849,1.0092459898643873,1.932616596343217,ema_trail,22,PEG,long,2024-09-12,0.9265175718849841,0.2635867319886247,xmom_f126_skip21_b55_s20_atr0.5_ema20
2024-09-16,2024-10-14,80.0428485504984,83.25061084968648,5.9814441838257295,0.509521866028312,1.2038768691357056,ema_trail,21,PEG,long,2024-09-13,0.9201277955271565,0.26838879386314196,xmom_f126_skip21_b55_s20_atr0.5_ema20
2024-09-17,2024-10-14,80.18478073626216,83.25061084968648,6.111802393738088,0.4753852243208357,1.154976822942232,ema_trail,20,PEG,long,2024-09-16,0.9009584664536742,0.27082630037455035,xmom_f126_skip21_b55_s20_atr0.5_ema20
2024-09-23,2024-10-14,82.47469243463154,83.25061084968648,8.49832609230117,0.07189286731879749,0.5611785616371422,ema_trail,16,PEG,long,2024-09-20,0.9297124600638977,0.28084391364123684,xmom_f126_skip21_b55_s20_atr0.5_ema20
2024-09-24,2024-10-14,82.79642549998974,83.25061084968648,8.828094436565493,0.03269023692150701,0.5037718365383698,ema_trail,15,PEG,long,2024-09-23,0.9073482428115016,0.2574053099438167,xmom_f126_skip21_b55_s20_atr0.5_ema20
2024-09-05,2024-10-07,59.797094233071,59.99270052116012,6.602887249501741,0.011511948750709117,0.350636484620118,ema_trail,23,XEL,long,2024-09-04,0.9137380191693291,0.21707751333387315,xmom_f126_skip21_b55_s20_atr0.5_ema20
2024-09-06,2024-10-07,59.534413146060174,59.99270052116012,6.3282601464912815,0.05360376169047076,0.40736224504746943,ema_trail,22,XEL,long,2024-09-05,0.9153354632587859,0.21961361198279072,xmom_f126_skip21_b55_s20_atr0.5_ema20
2026-04-10,2026-04-16,74.92062082976439,70.63153759918097,8.475965836109836,-0.5237072161536993,0.04080950293888032,ema_trail,5,EIX,long,2026-04-09,0.9060509554140127,0.34338908436665494,xmom_f126_skip21_b55_s20_atr0.5_ema20
2022-12-01,2023-01-04,15.43077422356109,15.479916147525728,1.5601153544277757,0.011717322995145725,0.4976905667819206,ema_trail,23,PCG,long,2022-11-30,0.9165329052969502,0.21877555488456513,xmom_f126_skip21_b55_s20_atr0.5_ema20
2023-11-16,2024-01-16,110.80999755859375,143.16000366210938,14.957534002635981,2.1479734629208544,2.819984091437592,time,40,PDD,long,2023-11-15,0.9791666666666666,0.5778781533397002,xmom_f126_skip21_b55_s20_atr0.5_ema20
2025-06-25,2025-07-10,130.63081623902946,125.84756644267966,14.984270021069435,-0.33665379906627063,0.09771947450806975,ema_trail,11,NTES,long,2025-06-24,0.9490445859872612,0.3177724924265244,xmom_f126_skip21_b55_s20_atr0.5_ema20
2024-09-20,2024-10-30,83.86000061035156,95.5,9.476056397261203,1.2106596781909704,1.9069113708574867,ema_trail,29,SE,long,2024-09-19,0.9728434504792333,0.4477584413034341,xmom_f126_skip21_b55_s20_atr0.5_ema20
2024-02-08,2024-02-14,85.02999877929688,79.11000061035156,10.720865024190218,-0.5680566029665044,0.6100254877540846,ema_trail,5,SHOP,long,2024-02-07,0.9664536741214057,0.3826304385150421,xmom_f126_skip21_b55_s20_atr0.5_ema20
2024-11-08,2024-12-19,85.5999984741211,111.30000305175781,9.567525584562304,2.6682765940945607,3.6707508578027706,ema_trail,29,SHOP,long,2024-11-07,0.9076433121019108,0.3356285451257912,xmom_f126_skip21_b55_s20_atr0.5_ema20
2024-11-11,2024-12-19,88.94999694824219,111.30000305175781,12.911629145189963,1.7172198690262903,2.460572861504188,ema_trail,28,SHOP,long,2024-11-08,0.9426751592356688,0.40329150002715086,xmom_f126_skip21_b55_s20_atr0.5_ema20
2023-07-20,2023-08-09,229.0399932861328,227.75,15.023803771805973,-0.11635357458445736,0.7414899421512696,ema_trail,15,WDAY,long,2023-07-19,0.907051282051282,0.33421315399320917,xmom_f126_skip21_b55_s20_atr0.5_ema20
2024-01-16,2024-02-28,282.5199890136719,294.2099914550781,21.339118214278983,0.521341245297319,1.3477599906813562,ema_trail,31,WDAY,long,2024-01-12,0.9153354632587859,0.23598765340394823,xmom_f126_skip21_b55_s20_atr0.5_ema20
2024-01-16,2024-02-06,230.0,235.25,26.41229466059093,0.18135493570526567,0.6201659149007095,ema_trail,16,ZS,long,2024-01-12,0.9760383386581469,0.4492195910144896,xmom_f126_skip21_b55_s20_atr0.5_ema20
2024-02-09,2024-02-21,253.83999633789062,213.0,36.19293078619009,-1.142424098640367,0.1594230941881472,gap_stop,8,ZS,long,2024-02-08,0.9840255591054313,0.6126870248418084,xmom_f126_skip21_b55_s20_atr0.5_ema20
2024-02-12,2024-02-21,253.6999969482422,213.0,36.14200685342931,-1.1401524300864532,0.07525914348151647,gap_stop,7,ZS,long,2024-02-09,0.9824281150159745,0.562023486691386,xmom_f126_skip21_b55_s20_atr0.5_ema20
2023-11-08,2024-01-03,48.130001068115234,60.08000183105469,6.376752975766344,1.8588991616659993,2.7165076626559186,ema_trail,38,CRWD,long,2023-11-07,0.9471153846153846,0.3992612275515903,xmom_f126_skip21_b55_s20_atr0.5_ema20
2024-01-10,2024-02-22,68.71749877929688,76.23249816894531,10.001945008140716,0.7376129728852884,1.5892660817658202,ema_trail,30,CRWD,long,2024-01-09,0.987220447284345,0.5927449357545147,xmom_f126_skip21_b55_s20_atr0.5_ema20
2025-05-27,2025-07-11,116.0,122.0,17.026933839380277,0.33875740954954786,0.7925675429580851,ema_trail,32,CRWD,long,2025-05-23,0.9363057324840764,0.17198329355051967,xmom_f126_skip21_b55_s20_atr0.5_ema20
2025-06-04,2025-07-11,113.6875,122.0,14.599277516814382,0.5538030899603177,1.0827587254904623,ema_trail,26,CRWD,long,2025-06-03,0.9761146496815286,0.26752780924103425,xmom_f126_skip21_b55_s20_atr0.5_ema20
2024-01-12,2024-02-21,162.2550048828125,137.60000610351562,23.416897053518653,-1.066730093742674,1.2027636805065385,gap_stop,27,PANW,long,2024-01-11,0.9345047923322684,0.2546755858539447,xmom_f126_skip21_b55_s20_atr0.5_ema20
2025-01-23,2025-02-24,122.98999786376953,151.22000122070312,18.02761806430651,1.5522862344533783,3.016371777906457,ema_trail,22,NET,long,2025-01-22,0.9140127388535032,0.3869818636516884,xmom_f126_skip21_b55_s20_atr0.5_ema20
2025-01-27,2025-02-24,121.75,151.22000122070312,16.68319291026401,1.7518529802962408,3.3337740871894144,ema_trail,20,NET,long,2025-01-24,0.9235668789808917,0.4827631900185032,xmom_f126_skip21_b55_s20_atr0.5_ema20
2025-08-01,2025-08-14,198.66000366210938,195.97000122070312,23.33883898920189,-0.13228260626669866,0.8715084905166564,ema_trail,10,NET,long,2025-07-31,0.945859872611465,0.35554085047505346,xmom_f126_skip21_b55_s20_atr0.5_ema20
2025-06-25,2025-07-11,223.19000244140625,213.47999572753906,26.49520787183178,-0.3833291955239838,0.1287026574241261,ema_trail,12,SNOW,long,2025-06-24,0.9235668789808917,0.24964633281335136,xmom_f126_skip21_b55_s20_atr0.5_ema20
2025-07-08,2025-07-11,225.60000610351562,213.47999572753906,23.297578381717187,-0.5395930075740778,0.042922916005070796,ema_trail,4,SNOW,long,2025-07-07,0.945859872611465,0.35742504457273916,xmom_f126_skip21_b55_s20_atr0.5_ema20
2024-02-16,2024-02-22,131.9199981689453,126.81999969482422,18.752621453168274,-0.2860313948028188,0.0677240926359322,ema_trail,4,ESTC,long,2024-02-15,0.9936102236421726,0.8875528426064858,xmom_f126_skip21_b55_s20_atr0.5_ema20
2024-03-01,2024-03-01,115.95999908447266,113.76863490346987,2.1913641810027826,-1.1058336173327508,1.829911326923061,stop,1,ESTC,long,2024-02-29,0.9936102236421726,1.0363545962182155,xmom_f126_skip21_b55_s20_atr0.5_ema20
2025-12-23,2025-12-31,282.0,264.29998779296875,39.08503948088864,-0.4672890816948459,0.03505164982262292,ema_trail,6,FSLR,long,2025-12-22,0.9745222929936306,0.6261410785031327,xmom_f126_skip21_b55_s20_atr0.5_ema20
2025-01-16,2025-02-07,64.52999877929688,66.69000244140625,8.581206207114803,0.23667344840949006,1.3063430494396326,ema_trail,16,RBLX,long,2025-01-15,0.9267515923566879,0.4440407551622245,xmom_f126_skip21_b55_s20_atr0.5_ema20
2025-02-06,2025-02-07,60.1349983215332,66.69000244140625,1.864818902848853,3.4505946466971906,4.14249462884412,ema_trail,2,RBLX,long,2025-02-05,0.9299363057324841,0.6553518544044978,xmom_f126_skip21_b55_s20_atr0.5_ema20
2025-07-16,2025-08-18,112.4000015258789,115.45999908447266,16.096158575007692,0.17614125397249558,2.3726154680973917,ema_trail,24,RBLX,long,2025-07-15,0.9745222929936306,0.5384988851482395,xmom_f126_skip21_b55_s20_atr0.5_ema20
2024-02-16,2024-02-21,42.0,41.04999923706055,5.9735814508487195,-0.17309561633122847,0.6060014350972716,ema_trail,3,DKNG,long,2024-02-15,0.9153354632587859,0.2827358997474123,xmom_f126_skip21_b55_s20_atr0.5_ema20
2024-06-14,2024-07-03,9.270000457763672,8.75,1.1393782146760074,-0.47266171297854603,0.48271875833341626,ema_trail,13,RSI,long,2024-06-13,0.9840255591054313,1.171641687476892,xmom_f126_skip21_b55_s20_atr0.5_ema20
2024-11-12,2024-12-05,98.0,101.94999694824219,11.32927136474703,0.33135378502128504,1.663390399434034,ema_trail,17,FOUR,long,2024-11-11,0.9538216560509554,0.466605759966237,xmom_f126_skip21_b55_s20_atr0.5_ema20
2023-06-09,2023-06-20,32.13999938964844,30.450000762939453,4.479248949830197,-0.39164570782670693,0.10269558348394417,ema_trail,7,FLYW,long,2023-06-08,0.9470304975922953,0.37756561142493594,xmom_f126_skip21_b55_s20_atr0.5_ema20
2023-06-14,2023-06-20,31.8700008392334,30.450000762939453,4.167419055167606,-0.3560333286216015,0.14277405403152152,ema_trail,4,FLYW,long,2023-06-13,0.9502407704654896,0.3972602653331865,xmom_f126_skip21_b55_s20_atr0.5_ema20
2024-10-09,2024-11-04,132.9600067138672,131.89999389648438,16.63651759953754,-0.07970014294622602,0.49830099577830256,ema_trail,19,CAVA,long,2024-10-08,0.9952153110047847,0.9922030320135882,xmom_f126_skip21_b55_s20_atr0.5_ema20
2024-10-15,2024-11-04,133.5,131.89999389648438,17.077287939022966,-0.10932685038643443,0.4538191326206213,ema_trail,15,CAVA,long,2024-10-14,0.9920255183413078,0.9839676459308577,xmom_f126_skip21_b55_s20_atr0.5_ema20
2024-11-08,2024-11-15,140.3300018310547,137.75,14.213339789700314,-0.20126598512685762,2.2584411067121466,ema_trail,6,CAVA,long,2024-11-07,0.9856687898089171,0.7492704353258997,xmom_f126_skip21_b55_s20_atr0.5_ema20
2024-11-12,2024-11-15,147.41000366210938,137.75,21.417422996160397,-0.46480025497083577,1.1682072590225876,ema_trail,4,CAVA,long,2024-11-11,0.9888535031847133,0.7495744857224753,xmom_f126_skip21_b55_s20_atr0.5_ema20
2023-09-19,2023-09-20,43.599998474121094,39.66999816894531,6.245763834461279,-0.6431879924692224,0.030421009574185802,ema_trail,2,APP,long,2023-09-18,0.9983974358974359,1.7973371608213675,xmom_f126_skip21_b55_s20_atr0.5_ema20
2024-07-12,2024-07-25,14.15999984741211,14.270000457763672,1.6592253048447088,0.04922816112931871,1.060736130134273,ema_trail,10,MGNI,long,2024-07-11,0.9185303514376997,0.39552238730096234,xmom_f126_skip21_b55_s20_atr0.5_ema20
2024-07-15,2024-07-25,14.470000267028809,14.270000457763672,1.9664239087981485,-0.1164244437706818,0.7373790578814498,ema_trail,9,MGNI,long,2024-07-12,0.9201277955271565,0.3951011610755861,xmom_f126_skip21_b55_s20_atr0.5_ema20
2023-07-12,2023-07-25,83.70999908447266,82.62000274658203,11.047267838563968,-0.11382147644417225,0.7196353608703795,ema_trail,10,TTD,long,2023-07-11,0.9631410256410257,0.7625916127175816,xmom_f126_skip21_b55_s20_atr0.5_ema20
2024-07-10,2024-07-18,102.18000030517578,96.25,12.687139978301431,-0.48351009890941615,0.038621617212986147,ema_trail,7,TTD,long,2024-07-09,0.9201277955271565,0.43687172262571194,xmom_f126_skip21_b55_s20_atr0.5_ema20
2024-09-16,2024-11-08,105.97000122070312,125.12999725341797,9.774205969650325,1.9385775263083913,2.729632745475665,time,40,TTD,long,2024-09-13,0.9233226837060703,0.27292666058650594,xmom_f126_skip21_b55_s20_atr0.5_ema20
2024-09-19,2024-11-13,110.91000366210938,127.25,14.64393956738867,1.100672141973379,1.4845725178208795,time,40,TTD,long,2024-09-18,0.9281150159744409,0.2868605396266015,xmom_f126_skip21_b55_s20_atr0.5_ema20
2024-11-07,2024-11-18,127.55000305175781,117.97000122070312,14.586441725992074,-0.674263265977521,0.3496391334178997,ema_trail,8,TTD,long,2024-11-06,0.910828025477707,0.3314345878729874,xmom_f126_skip21_b55_s20_atr0.5_ema20
2024-11-08,2024-11-18,70.33000183105469,67.62999725341797,8.309845576082026,-0.3418432454960446,0.3778649507863542,ema_trail,7,CIEN,long,2024-11-07,0.9315286624203821,0.3793950507498236,xmom_f126_skip21_b55_s20_atr0.5_ema20
2024-11-11,2024-11-18,72.51000213623047,67.62999725341797,10.500571404335517,-0.4785477564592541,0.091423509017451,ema_trail,6,CIEN,long,2024-11-08,0.9394904458598726,0.39511205964912555,xmom_f126_skip21_b55_s20_atr0.5_ema20
2024-12-09,2025-01-08,74.94999694824219,81.6500015258789,10.295852217779085,0.6361886753220274,1.6385241735939615,ema_trail,21,CIEN,long,2024-12-06,0.947452229299363,0.49726775956284164,xmom_f126_skip21_b55_s20_atr0.5_ema20
2022-12-21,2023-01-04,50.65999984741211,53.22999954223633,7.146049297666799,-0.3738176974781345,0.2700793438139211,ema_trail,9,LITE,short,2022-12-20,0.04975922953451043,-0.2803175387566226,xmom_f126_skip21_b55_s20_atr0.5_ema20
2023-09-13,2023-10-03,38.246017785824336,37.122593559310346,5.290783501537405,-0.2267936803191748,0.6952565558459292,ema_trail,15,CCJ,long,2023-09-12,0.9038461538461539,0.37169892064599264,xmom_f126_skip21_b55_s20_atr0.5_ema20
2023-12-01,2023-12-20,45.542412430566195,43.59002352096902,6.819699490005043,-0.29964278300726077,0.17965930086505139,ema_trail,14,CCJ,long,2023-11-30,0.9759615384615384,0.35016509710080124,xmom_f126_skip21_b55_s20_atr0.5_ema20
2025-07-16,2025-08-01,76.12178516426215,72.76831888843424,9.99603064253408,-0.35071019402834774,0.40437361539439987,ema_trail,13,CCJ,long,2025-07-15,0.9410828025477707,0.3432167805244275,xmom_f126_skip21_b55_s20_atr0.5_ema20
2025-10-14,2025-10-20,89.52568024302381,87.47966956432198,12.337328447772961,-0.18035201450679803,0.6544600494327566,ema_trail,5,CCJ,long,2025-10-13,0.9315286624203821,0.9125858340299384,xmom_f126_skip21_b55_s20_atr0.5_ema20
2025-07-30,2025-08-21,149.98059102073816,163.32256696877238,18.632741966387783,0.6999514504907361,2.0510195968469316,ema_trail,17,BWXT,long,2025-07-29,0.9187898089171974,0.2909521567789828,xmom_f126_skip21_b55_s20_atr0.5_ema20
2025-06-25,2025-08-15,514.6069574393721,622.6162295246694,64.94949894080003,1.6471267664116767,2.48113589565289,ema_trail,37,GEV,long,2025-06-24,0.9777070063694268,0.4490253933690529,xmom_f126_skip21_b55_s20_atr0.5_ema20
2025-06-10,2025-06-13,217.5800018310547,200.67999267578125,27.106850914796752,-0.6395124691327696,0.011804841013642577,ema_trail,4,BA,long,2025-06-09,0.9617834394904459,0.21114479673168063,xmom_f126_skip21_b55_s20_atr0.5_ema20
2025-09-10,2025-09-18,478.5,454.0,63.30042070068106,-0.4021616241758422,0.02448621629701228,ema_trail,7,ALNY,long,2025-09-09,0.9665605095541401,0.883253867432179,xmom_f126_skip21_b55_s20_atr0.5_ema20
2025-01-13,2025-01-24,17.920000076293945,16.850000381469727,2.0116784621013686,-0.5497099639977571,0.5865750056016263,ema_trail,9,AAL,long,2025-01-10,0.9538216560509554,0.5992544808474103,xmom_f126_skip21_b55_s20_atr0.5_ema20
2025-01-23,2025-01-24,17.299999237060547,16.850000381469727,1.3382684519755088,-0.36210885293574113,0.17933747008121884,ema_trail,2,AAL,long,2025-01-22,0.9490445859872612,0.5406922319789225,xmom_f126_skip21_b55_s20_atr0.5_ema20
2025-01-30,2025-02-24,71.86000061035156,71.2300033569336,10.131982430199876,-0.07636385672486885,0.613897750371486,ema_trail,17,ALK,long,2025-01-29,0.9554140127388535,0.7286560704604192,xmom_f126_skip21_b55_s20_atr0.5_ema20
2025-02-20,2025-02-24,76.27999877929688,71.2300033569336,10.501992267608529,-0.4953874738575274,0.06665445563083822,ema_trail,3,ALK,long,2025-02-19,0.9633757961783439,0.9074180180069511,xmom_f126_skip21_b55_s20_atr0.5_ema20
2025-06-10,2025-06-16,29.584999084472656,28.18000030517578,2.3559058483508615,-0.6214886636877875,0.07428189226308887,ema_trail,5,LI,long,2025-06-09,0.964968152866242,0.21454056420937717,xmom_f126_skip21_b55_s20_atr0.5_ema20
