family,sl_atr,rr,signals,rule,train_n,train_per_year,train_win,train_avg_r,train_pf,train_bars,train_unres,train_risk_pct,train_pct_per_trade,train_ann_est,valid_n,valid_per_year,valid_win,valid_avg_r,valid_pf,valid_bars,valid_unres,valid_risk_pct,valid_pct_per_trade,valid_ann_est
breakout,1.0,0.5,358,"{""family"": ""breakout"", ""min_ddv"": 10000000.0, ""min_price"": 5.0, ""regime"": ""spy200"", ""trend"": true, ""mom_min"": 0.0, ""rsi2_max"": 100.0, ""rsi14_max"": 100.0, ""ret21_max"": 1.0, ""dist_ema20_max"": 1.0, ""dist_ema50_min"": -1.0, ""dist_hh60_min"": -1.0, ""atr_ratio_max"": 0.85, ""vol_ratio_min"": 1.3, ""up_close"": false, ""strong_close"": false}",97,13.846304262807978,0.4639175257731959,-0.5619320943921141,0.18313652348695478,1.0,0.0,0.012867225811442942,-0.007915767773262965,-1.994773478862267,146,36.47501711156742,0.5547945205479452,-0.35254459132297866,0.3715763449971346,2.0,0.0,0.019197927449097256,-0.006557287786817529,-0.8262182611390086
breakout,1.0,1.0,358,"{""family"": ""breakout"", ""min_ddv"": 10000000.0, ""min_price"": 5.0, ""regime"": ""spy200"", ""trend"": true, ""mom_min"": 0.0, ""rsi2_max"": 100.0, ""rsi14_max"": 100.0, ""ret21_max"": 1.0, ""dist_ema20_max"": 1.0, ""dist_ema50_min"": -1.0, ""dist_hh60_min"": -1.0, ""atr_ratio_max"": 0.85, ""vol_ratio_min"": 1.3, ""up_close"": false, ""strong_close"": false}",97,13.846304262807978,0.4536082474226804,-0.4243216325194212,0.44321119786475044,2.0,0.0,0.012867225811442942,-0.0060406491145936015,-0.7611217884387937,146,36.47501711156742,0.4383561643835616,-0.3255096318791557,0.5421056217005114,2.0,0.0,0.019197927449097256,-0.005405107638585405,-0.681043562461761
breakout,1.0,1.5,358,"{""family"": ""breakout"", ""min_ddv"": 10000000.0, ""min_price"": 5.0, ""regime"": ""spy200"", ""trend"": true, ""mom_min"": 0.0, ""rsi2_max"": 100.0, ""rsi14_max"": 100.0, ""ret21_max"": 1.0, ""dist_ema20_max"": 1.0, ""dist_ema50_min"": -1.0, ""dist_hh60_min"": -1.0, ""atr_ratio_max"": 0.85, ""vol_ratio_min"": 1.3, ""up_close"": false, ""strong_close"": false}",97,13.846304262807978,0.44329896907216493,-0.21411405631515174,0.7242395692755317,2.0,0.0,0.012867225811442942,-0.003323956858785169,-0.4188185642069313,146,36.47501711156742,0.3013698630136986,-0.49006876918981923,0.45893911624493877,3.0,0.0,0.019197927449097256,-0.009507201254950741,-0.7986049054158623
breakout,1.0,2.0,358,"{""family"": ""breakout"", ""min_ddv"": 10000000.0, ""min_price"": 5.0, ""regime"": ""spy200"", ""trend"": true, ""mom_min"": 0.0, ""rsi2_max"": 100.0, ""rsi14_max"": 100.0, ""ret21_max"": 1.0, ""dist_ema20_max"": 1.0, ""dist_ema50_min"": -1.0, ""dist_hh60_min"": -1.0, ""atr_ratio_max"": 0.85, ""vol_ratio_min"": 1.3, ""up_close"": false, ""strong_close"": false}",97,13.846304262807978,0.3917525773195876,-0.15251784642134705,0.8229520923767392,3.0,0.0,0.012867225811442942,-0.0024665289416827027,-0.20718843110134702,146,36.47501711156742,0.22602739726027396,-0.5798897710595353,0.4233403853906465,3.0,0.0,0.019197927449097256,-0.011609246611822317,-0.9751767153930747
breakout,1.0,3.0,358,"{""family"": ""breakout"", ""min_ddv"": 10000000.0, ""min_price"": 5.0, ""regime"": ""spy200"", ""trend"": true, ""mom_min"": 0.0, ""rsi2_max"": 100.0, ""rsi14_max"": 100.0, ""ret21_max"": 1.0, ""dist_ema20_max"": 1.0, ""dist_ema50_min"": -1.0, ""dist_hh60_min"": -1.0, ""atr_ratio_max"": 0.85, ""vol_ratio_min"": 1.3, ""up_close"": false, ""strong_close"": false}",97,13.846304262807978,0.32989690721649484,-0.03394834148041008,0.9657170232604477,4.0,0.0,0.012867225811442942,-0.0011282708472326243,-0.07108106337565534,146,36.47501711156742,0.1780821917808219,-0.5654731821551049,0.47489712228824554,4.0,0.0,0.019197927449097256,-0.010015360382572974,-0.6309677041020973
breakout,1.0,4.0,358,"{""family"": ""breakout"", ""min_ddv"": 10000000.0, ""min_price"": 5.0, ""regime"": ""spy200"", ""trend"": true, ""mom_min"": 0.0, ""rsi2_max"": 100.0, ""rsi14_max"": 100.0, ""ret21_max"": 1.0, ""dist_ema20_max"": 1.0, ""dist_ema50_min"": -1.0, ""dist_hh60_min"": -1.0, ""atr_ratio_max"": 0.85, ""vol_ratio_min"": 1.3, ""up_close"": false, ""strong_close"": false}",97,13.846304262807978,0.26804123711340205,-0.013569380630548031,0.987390819716222,4.0,0.0,0.012867225811442942,-0.001904640041429457,-0.1199923226100558,146,36.47501711156742,0.1232876712328767,-0.6609331149207732,0.42330912061656695,4.0,0.0,0.019197927449097256,-0.012325436691940842,-0.776502511592273
breakout,1.0,6.0,358,"{""family"": ""breakout"", ""min_ddv"": 10000000.0, ""min_price"": 5.0, ""regime"": ""spy200"", ""trend"": true, ""mom_min"": 0.0, ""rsi2_max"": 100.0, ""rsi14_max"": 100.0, ""ret21_max"": 1.0, ""dist_ema20_max"": 1.0, ""dist_ema50_min"": -1.0, ""dist_hh60_min"": -1.0, ""atr_ratio_max"": 0.85, ""vol_ratio_min"": 1.3, ""up_close"": false, ""strong_close"": false}",97,13.846304262807978,0.20618556701030927,0.02657965201999084,1.0230005773911917,4.0,0.0,0.012867225811442942,-0.002097758105762538,-0.1321587606630399,146,36.47501711156742,0.0958904109589041,-0.6000647341357515,0.4905093563242653,4.0,0.0,0.019197927449097256,-0.01361435334555252,-0.8577042607698088
breakout,1.5,0.5,358,"{""family"": ""breakout"", ""min_ddv"": 10000000.0, ""min_price"": 5.0, ""regime"": ""spy200"", ""trend"": true, ""mom_min"": 0.0, ""rsi2_max"": 100.0, ""rsi14_max"": 100.0, ""ret21_max"": 1.0, ""dist_ema20_max"": 1.0, ""dist_ema50_min"": -1.0, ""dist_hh60_min"": -1.0, ""atr_ratio_max"": 0.85, ""vol_ratio_min"": 1.3, ""up_close"": false, ""strong_close"": false}",97,13.846304262807978,0.5567010309278351,-0.40925536086802095,0.31220673988003067,2.0,0.0,0.019300838717164415,-0.008562158397722777,-1.0788319581130699,146,36.47501711156742,0.5821917808219178,-0.25232304844135056,0.49206330499286033,2.0,0.0,0.028796891173645894,-0.005622126799783017,-0.7083879767726601
breakout,1.5,1.0,358,"{""family"": ""breakout"", ""min_ddv"": 10000000.0, ""min_price"": 5.0, ""regime"": ""spy200"", ""trend"": true, ""mom_min"": 0.0, ""rsi2_max"": 100.0, ""rsi14_max"": 100.0, ""ret21_max"": 1.0, ""dist_ema20_max"": 1.0, ""dist_ema50_min"": -1.0, ""dist_hh60_min"": -1.0, ""atr_ratio_max"": 0.85, ""vol_ratio_min"": 1.3, ""up_close"": false, ""strong_close"": false}",97,13.846304262807978,0.4845360824742268,-0.2843710306162274,0.5900392088446148,4.0,0.0,0.019300838717164415,-0.006551954157607251,-0.4127731119292568,146,36.47501711156742,0.3972602739726027,-0.3554681107251295,0.5087085194397386,4.0,0.0,0.028796891173645894,-0.010921113590049655,-0.6880301561731282
breakout,1.5,1.5,358,"{""family"": ""breakout"", ""min_ddv"": 10000000.0, ""min_price"": 5.0, ""regime"": ""spy200"", ""trend"": true, ""mom_min"": 0.0, ""rsi2_max"": 100.0, ""rsi14_max"": 100.0, ""ret21_max"": 1.0, ""dist_ema20_max"": 1.0, ""dist_ema50_min"": -1.0, ""dist_hh60_min"": -1.0, ""atr_ratio_max"": 0.85, ""vol_ratio_min"": 1.3, ""up_close"": false, ""strong_close"": false}",97,13.846304262807978,0.422680412371134,-0.17444422353376415,0.7761979511811782,5.0,0.0,0.019300838717164415,-0.004287246504699425,-0.21607722383685105,146,36.47501711156742,0.3013698630136986,-0.4237068728024549,0.503118567097664,6.0,0.0,0.028796891173645894,-0.013925217219304195,-0.5848591232107762
breakout,1.5,2.0,358,"{""family"": ""breakout"", ""min_ddv"": 10000000.0, ""min_price"": 5.0, ""regime"": ""spy200"", ""trend"": true, ""mom_min"": 0.0, ""rsi2_max"": 100.0, ""rsi14_max"": 100.0, ""ret21_max"": 1.0, ""dist_ema20_max"": 1.0, ""dist_ema50_min"": -1.0, ""dist_hh60_min"": -1.0, ""atr_ratio_max"": 0.85, ""vol_ratio_min"": 1.3, ""up_close"": false, ""strong_close"": false}",97,13.846304262807978,0.3711340206185567,-0.14274465240443332,0.8356776619543672,6.0,0.0,0.019300838717164415,-0.0034069436522824064,-0.14309163339586106,146,36.47501711156742,0.2465753424657534,-0.4445727860665939,0.5153026004001777,6.0,0.0,0.028796891173645894,-0.013823754761433684,-0.5805976999802147
breakout,1.5,3.0,358,"{""family"": ""breakout"", ""min_ddv"": 10000000.0, ""min_price"": 5.0, ""regime"": ""spy200"", ""trend"": true, ""mom_min"": 0.0, ""rsi2_max"": 100.0, ""rsi14_max"": 100.0, ""ret21_max"": 1.0, ""dist_ema20_max"": 1.0, ""dist_ema50_min"": -1.0, ""dist_hh60_min"": -1.0, ""atr_ratio_max"": 0.85, ""vol_ratio_min"": 1.3, ""up_close"": false, ""strong_close"": false}",97,13.846304262807978,0.27835051546391754,-0.17195156209409757,0.825374906553137,7.0,0.0,0.019300838717164415,-0.005021524306483909,-0.18077487503342074,146,36.47501711156742,0.18493150684931506,-0.43899586908243526,0.5552463466929397,7.0,0.0,0.028796891173645894,-0.013886239408324076,-0.4999046186996667
breakout,1.5,4.0,358,"{""family"": ""breakout"", ""min_ddv"": 10000000.0, ""min_price"": 5.0, ""regime"": ""spy200"", ""trend"": true, ""mom_min"": 0.0, ""rsi2_max"": 100.0, ""rsi14_max"": 100.0, ""ret21_max"": 1.0, ""dist_ema20_max"": 1.0, ""dist_ema50_min"": -1.0, ""dist_hh60_min"": -1.0, ""atr_ratio_max"": 0.85, ""vol_ratio_min"": 1.3, ""up_close"": false, ""strong_close"": false}",97,13.846304262807978,0.23711340206185566,-0.1313589850199755,0.8738924529936622,7.0,0.0,0.019300838717164415,-0.0055932950002660995,-0.20135862000957958,146,36.47501711156742,0.1643835616438356,-0.35171840024717677,0.6514930947327202,7.0,0.0,0.028796891173645894,-0.014590218073888304,-0.5252478506599789
breakout,1.5,6.0,358,"{""family"": ""breakout"", ""min_ddv"": 10000000.0, ""min_price"": 5.0, ""regime"": ""spy200"", ""trend"": true, ""mom_min"": 0.0, ""rsi2_max"": 100.0, ""rsi14_max"": 100.0, ""ret21_max"": 1.0, ""dist_ema20_max"": 1.0, ""dist_ema50_min"": -1.0, ""dist_hh60_min"": -1.0, ""atr_ratio_max"": 0.85, ""vol_ratio_min"": 1.3, ""up_close"": false, ""strong_close"": false}",97,13.846304262807978,0.2268041237113402,0.3259801701002503,1.3089388726461704,7.0,0.0,0.019300838717164415,0.0028014749101795346,0.10085309676646324,146,36.47501711156742,0.13013698630136986,-0.2762148789035904,0.7364250966839702,7.0,0.0,0.028796891173645894,-0.013403670469502298,-0.4825321369020827
breakout,2.0,0.5,358,"{""family"": ""breakout"", ""min_ddv"": 10000000.0, ""min_price"": 5.0, ""regime"": ""spy200"", ""trend"": true, ""mom_min"": 0.0, ""rsi2_max"": 100.0, ""rsi14_max"": 100.0, ""ret21_max"": 1.0, ""dist_ema20_max"": 1.0, ""dist_ema50_min"": -1.0, ""dist_hh60_min"": -1.0, ""atr_ratio_max"": 0.85, ""vol_ratio_min"": 1.3, ""up_close"": false, ""strong_close"": false}",97,13.846304262807978,0.5979381443298969,-0.28758756488870746,0.44103925742638456,4.0,0.0,0.025734451622885884,-0.007283605895025923,-0.45886717138663313,142,35.4757015742642,0.5915492957746479,-0.2109410867682354,0.5527430953945102,4.0,0.0,0.0382578778997968,-0.008768215665223277,-0.5523975869090665
breakout,2.0,1.0,358,"{""family"": ""breakout"", ""min_ddv"": 10000000.0, ""min_price"": 5.0, ""regime"": ""spy200"", ""trend"": true, ""mom_min"": 0.0, ""rsi2_max"": 100.0, ""rsi14_max"": 100.0, ""ret21_max"": 1.0, ""dist_ema20_max"": 1.0, ""dist_ema50_min"": -1.0, ""dist_hh60_min"": -1.0, ""atr_ratio_max"": 0.85, ""vol_ratio_min"": 1.3, ""up_close"": false, ""strong_close"": false}",97,13.846304262807978,0.5051546391752577,-0.15834759618047584,0.7484827352131445,6.0,0.0,0.025734451622885884,-0.0041628661438135066,-0.17484037804016728,142,35.4757015742642,0.4014084507042254,-0.3208286244142562,0.5406507655431065,7.0,0.0,0.0382578778997968,-0.016538924044472415,-0.5954012656010069
breakout,2.0,1.5,358,"{""family"": ""breakout"", ""min_ddv"": 10000000.0, ""min_price"": 5.0, ""regime"": ""spy200"", ""trend"": true, ""mom_min"": 0.0, ""rsi2_max"": 100.0, ""rsi14_max"": 100.0, ""ret21_max"": 1.0, ""dist_ema20_max"": 1.0, ""dist_ema50_min"": -1.0, ""dist_hh60_min"": -1.0, ""atr_ratio_max"": 0.85, ""vol_ratio_min"": 1.3, ""up_close"": false, ""strong_close"": false}",97,13.846304262807978,0.4329896907216495,-0.09965800852410768,0.8636189096734355,7.0,0.0,0.025734451622885884,-0.002392245255999261,-0.0861208292159734,142,35.4757015742642,0.352112676056338,-0.2503994512854914,0.668208909935609,10.0,0.0,0.0382578778997968,-0.013175457412639773,-0.33202152679852226
breakout,2.0,2.0,358,"{""family"": ""breakout"", ""min_ddv"": 10000000.0, ""min_price"": 5.0, ""regime"": ""spy200"", ""trend"": true, ""mom_min"": 0.0, ""rsi2_max"": 100.0, ""rsi14_max"": 100.0, ""ret21_max"": 1.0, ""dist_ema20_max"": 1.0, ""dist_ema50_min"": -1.0, ""dist_hh60_min"": -1.0, ""atr_ratio_max"": 0.85, ""vol_ratio_min"": 1.3, ""up_close"": false, ""strong_close"": false}",97,13.846304262807978,0.38144329896907214,-0.040035116934115905,0.9493600901865452,10.0,0.0,0.025734451622885884,-0.0031867598540078115,-0.08030634832099684,142,35.4757015742642,0.29577464788732394,-0.23922868741407535,0.7068381707683912,11.0,0.0,0.0382578778997968,-0.015054395250902313,-0.34488250938430753
breakout,2.0,3.0,358,"{""family"": ""breakout"", ""min_ddv"": 10000000.0, ""min_price"": 5.0, ""regime"": ""spy200"", ""trend"": true, ""mom_min"": 0.0, ""rsi2_max"": 100.0, ""rsi14_max"": 100.0, ""ret21_max"": 1.0, ""dist_ema20_max"": 1.0, ""dist_ema50_min"": -1.0, ""dist_hh60_min"": -1.0, ""atr_ratio_max"": 0.85, ""vol_ratio_min"": 1.3, ""up_close"": false, ""strong_close"": false}",97,13.846304262807978,0.29896907216494845,-0.03544884510190204,0.9604339836771256,12.0,0.0,0.025734451622885884,-0.004361550064317271,-0.09159255135066269,142,35.4757015742642,0.23943661971830985,-0.16811857430490904,0.8091945893221405,11.0,0.0,0.0382578778997968,-0.013331467190605252,-0.3054117938211385
breakout,2.0,4.0,358,"{""family"": ""breakout"", ""min_ddv"": 10000000.0, ""min_price"": 5.0, ""regime"": ""spy200"", ""trend"": true, ""mom_min"": 0.0, ""rsi2_max"": 100.0, ""rsi14_max"": 100.0, ""ret21_max"": 1.0, ""dist_ema20_max"": 1.0, ""dist_ema50_min"": -1.0, ""dist_hh60_min"": -1.0, ""atr_ratio_max"": 0.85, ""vol_ratio_min"": 1.3, ""up_close"": false, ""strong_close"": false}",97,13.846304262807978,0.29896907216494845,0.26103469771087884,1.2913523157320308,14.0,0.0,0.025734451622885884,0.002874755585795788,0.051745600544324186,142,35.4757015742642,0.19718309859154928,-0.15228932466172948,0.8358019773509733,11.0,0.0,0.0382578778997968,-0.01343199922998507,-0.307714891450567
breakout,2.0,6.0,358,"{""family"": ""breakout"", ""min_ddv"": 10000000.0, ""min_price"": 5.0, ""regime"": ""spy200"", ""trend"": true, ""mom_min"": 0.0, ""rsi2_max"": 100.0, ""rsi14_max"": 100.0, ""ret21_max"": 1.0, ""dist_ema20_max"": 1.0, ""dist_ema50_min"": -1.0, ""dist_hh60_min"": -1.0, ""atr_ratio_max"": 0.85, ""vol_ratio_min"": 1.3, ""up_close"": false, ""strong_close"": false}",97,13.846304262807978,0.23711340206185566,0.46618665138677684,1.4802732988663658,16.0,0.0,0.025734451622885884,0.008273251845079028,0.1303037165599947,142,35.4757015742642,0.1619718309859155,-0.006174025399223612,0.9936153746863217,11.0,0.0,0.0382578778997968,-0.009296235371739264,-0.21296830124348132
breakout,2.5,0.5,358,"{""family"": ""breakout"", ""min_ddv"": 10000000.0, ""min_price"": 5.0, ""regime"": ""spy200"", ""trend"": true, ""mom_min"": 0.0, ""rsi2_max"": 100.0, ""rsi14_max"": 100.0, ""ret21_max"": 1.0, ""dist_ema20_max"": 1.0, ""dist_ema50_min"": -1.0, ""dist_hh60_min"": -1.0, ""atr_ratio_max"": 0.85, ""vol_ratio_min"": 1.3, ""up_close"": false, ""strong_close"": false}",97,13.846304262807978,0.6907216494845361,-0.13147677970549687,0.6779945263121441,5.0,0.0,0.032168064528607154,-0.005515367672059046,-0.2779745306717759,139,34.72621492128679,0.6187050359712231,-0.15492693067722438,0.6429678099211934,6.0,0.0,0.047310106509858396,-0.00796997510117733,-0.33473895424944783
breakout,2.5,1.0,358,"{""family"": ""breakout"", ""min_ddv"": 10000000.0, ""min_price"": 5.0, ""regime"": ""spy200"", ""trend"": true, ""mom_min"": 0.0, ""rsi2_max"": 100.0, ""rsi14_max"": 100.0, ""ret21_max"": 1.0, ""dist_ema20_max"": 1.0, ""dist_ema50_min"": -1.0, ""dist_hh60_min"": -1.0, ""atr_ratio_max"": 0.85, ""vol_ratio_min"": 1.3, ""up_close"": false, ""strong_close"": false}",97,13.846304262807978,0.5773195876288659,-0.013924807783574591,0.9753846324179457,9.0,0.0,0.032168064528607154,-0.0004740365921771042,-0.013273024580958918,139,34.72621492128679,0.4460431654676259,-0.20649282638822708,0.6722260857042341,11.0,0.0,0.047310106509858396,-0.014118045234843371,-0.3234315817436845
breakout,2.5,1.5,358,"{""family"": ""breakout"", ""min_ddv"": 10000000.0, ""min_price"": 5.0, ""regime"": ""spy200"", ""trend"": true, ""mom_min"": 0.0, ""rsi2_max"": 100.0, ""rsi14_max"": 100.0, ""ret21_max"": 1.0, ""dist_ema20_max"": 1.0, ""dist_ema50_min"": -1.0, ""dist_hh60_min"": -1.0, ""atr_ratio_max"": 0.85, ""vol_ratio_min"": 1.3, ""up_close"": false, ""strong_close"": false}",97,13.846304262807978,0.5154639175257731,0.12453046827573482,1.1957327891220824,12.0,0.0,0.032168064528607154,0.002094671776550237,0.04398810730755498,139,34.72621492128679,0.37410071942446044,-0.16501481165740634,0.7674517420359459,14.0,0.0,0.047310106509858396,-0.011932354527212133,-0.2147823814898184
breakout,2.5,2.0,358,"{""family"": ""breakout"", ""min_ddv"": 10000000.0, ""min_price"": 5.0, ""regime"": ""spy200"", ""trend"": true, ""mom_min"": 0.0, ""rsi2_max"": 100.0, ""rsi14_max"": 100.0, ""ret21_max"": 1.0, ""dist_ema20_max"": 1.0, ""dist_ema50_min"": -1.0, ""dist_hh60_min"": -1.0, ""atr_ratio_max"": 0.85, ""vol_ratio_min"": 1.3, ""up_close"": false, ""strong_close"": false}",97,13.846304262807978,0.422680412371134,0.06780264211798483,1.0907608171992238,18.0,0.0,0.032168064528607154,-0.001128537903936918,-0.01579953065511685,139,34.72621492128679,0.30935251798561153,-0.17245183203481937,0.7788613297481752,18.0,0.0,0.047310106509858396,-0.016087517283062343,-0.2252252419628728
breakout,2.5,3.0,358,"{""family"": ""breakout"", ""min_ddv"": 10000000.0, ""min_price"": 5.0, ""regime"": ""spy200"", ""trend"": true, ""mom_min"": 0.0, ""rsi2_max"": 100.0, ""rsi14_max"": 100.0, ""ret21_max"": 1.0, ""dist_ema20_max"": 1.0, ""dist_ema50_min"": -1.0, ""dist_hh60_min"": -1.0, ""atr_ratio_max"": 0.85, ""vol_ratio_min"": 1.3, ""up_close"": false, ""strong_close"": false}",97,13.846304262807978,0.3917525773195876,0.3492856892042304,1.4427612051321366,22.0,0.0,0.032168064528607154,0.006278094620765527,0.07191272020149604,139,34.72621492128679,0.23741007194244604,-0.16137298995454843,0.8123990767325608,21.0,0.0,0.047310106509858396,-0.016038850362378752,-0.19246620434854503
breakout,2.5,4.0,358,"{""family"": ""breakout"", ""min_ddv"": 10000000.0, ""min_price"": 5.0, ""regime"": ""spy200"", ""trend"": true, ""mom_min"": 0.0, ""rsi2_max"": 100.0, ""rsi14_max"": 100.0, ""ret21_max"": 1.0, ""dist_ema20_max"": 1.0, ""dist_ema50_min"": -1.0, ""dist_hh60_min"": -1.0, ""atr_ratio_max"": 0.85, ""vol_ratio_min"": 1.3, ""up_close"": false, ""strong_close"": false}",97,13.846304262807978,0.3711340206185567,0.6895970489800838,1.8477920497157174,27.0,0.0,0.032168064528607154,0.017385022758098605,0.16226021240892033,139,34.72621492128679,0.2014388489208633,-0.1211193388503046,0.865351039705261,21.0,0.007194244604316547,0.047310106509858396,-0.0158632312197738,-0.19035877463728557
breakout,2.5,6.0,358,"{""family"": ""breakout"", ""min_ddv"": 10000000.0, ""min_price"": 5.0, ""regime"": ""spy200"", ""trend"": true, ""mom_min"": 0.0, ""rsi2_max"": 100.0, ""rsi14_max"": 100.0, ""ret21_max"": 1.0, ""dist_ema20_max"": 1.0, ""dist_ema50_min"": -1.0, ""dist_hh60_min"": -1.0, ""atr_ratio_max"": 0.85, ""vol_ratio_min"": 1.3, ""up_close"": false, ""strong_close"": false}",96,13.70355885803676,0.2708333333333333,0.6742152597054135,1.7259626713857248,33.5,0.0,0.031963560508441166,0.014567706708248153,0.10958394299935924,139,34.72621492128679,0.17266187050359713,0.06215073819913034,1.0661631894284467,21.0,0.007194244604316547,0.047310106509858396,-0.008854292666767979,-0.10625151200121576
breakout,3.0,0.5,358,"{""family"": ""breakout"", ""min_ddv"": 10000000.0, ""min_price"": 5.0, ""regime"": ""spy200"", ""trend"": true, ""mom_min"": 0.0, ""rsi2_max"": 100.0, ""rsi14_max"": 100.0, ""ret21_max"": 1.0, ""dist_ema20_max"": 1.0, ""dist_ema50_min"": -1.0, ""dist_hh60_min"": -1.0, ""atr_ratio_max"": 0.85, ""vol_ratio_min"": 1.3, ""up_close"": false, ""strong_close"": false}",97,13.846304262807978,0.7216494845360825,-0.045140270211495484,0.8719320877521513,7.0,0.0,0.03860167743432863,-0.0028263578875316387,-0.101748883951139,131,32.72758384668035,0.5954198473282443,-0.18047917696445356,0.6002313052093851,9.0,0.0,0.05420596612327993,-0.009893781952102903,-0.2770258946588813
breakout,3.0,1.0,358,"{""family"": ""breakout"", ""min_ddv"": 10000000.0, ""min_price"": 5.0, ""regime"": ""spy200"", ""trend"": true, ""mom_min"": 0.0, ""rsi2_max"": 100.0, ""rsi14_max"": 100.0, ""ret21_max"": 1.0, ""dist_ema20_max"": 1.0, ""dist_ema50_min"": -1.0, ""dist_hh60_min"": -1.0, ""atr_ratio_max"": 0.85, ""vol_ratio_min"": 1.3, ""up_close"": false, ""strong_close"": false}",97,13.846304262807978,0.6185567010309279,0.1177300237715355,1.2468379695268326,12.0,0.0,0.03860167743432863,0.004059046194896315,0.08523997009282262,131,32.72758384668035,0.5038167938931297,-0.0862060725445461,0.8479382171622559,17.0,0.0,0.05420596612327993,-0.004879698870406057,-0.0723343597260192
breakout,3.0,1.5,358,"{""family"": ""breakout"", ""min_ddv"": 10000000.0, ""min_price"": 5.0, ""regime"": ""spy200"", ""trend"": true, ""mom_min"": 0.0, ""rsi2_max"": 100.0, ""rsi14_max"": 100.0, ""ret21_max"": 1.0, ""dist_ema20_max"": 1.0, ""dist_ema50_min"": -1.0, ""dist_hh60_min"": -1.0, ""atr_ratio_max"": 0.85, ""vol_ratio_min"": 1.3, ""up_close"": false, ""strong_close"": false}",97,13.846304262807978,0.5257731958762887,0.1834260002347205,1.3160433800283684,19.0,0.0,0.03860167743432863,0.005340252845417163,0.07082861668658552,131,32.72758384668035,0.3969465648854962,-0.10068309271200096,0.8524308092083726,23.0,0.0,0.05420596612327993,-0.007547446920586151,-0.08269376626033521
breakout,3.0,2.0,358,"{""family"": ""breakout"", ""min_ddv"": 10000000.0, ""min_price"": 5.0, ""regime"": ""spy200"", ""trend"": true, ""mom_min"": 0.0, ""rsi2_max"": 100.0, ""rsi14_max"": 100.0, ""ret21_max"": 1.0, ""dist_ema20_max"": 1.0, ""dist_ema50_min"": -1.0, ""dist_hh60_min"": -1.0, ""atr_ratio_max"": 0.85, ""vol_ratio_min"": 1.3, ""up_close"": false, ""strong_close"": false}",97,13.846304262807978,0.4639175257731959,0.2365399448618093,1.35995746367859,24.0,0.0,0.03860167743432863,0.004490892414608166,0.047154370353385745,131,32.72758384668035,0.3435114503816794,-0.06515833935304224,0.9125609574633415,27.0,0.0,0.05420596612327993,-0.006020431529650051,-0.05619069427673381
breakout,3.0,3.0,358,"{""family"": ""breakout"", ""min_ddv"": 10000000.0, ""min_price"": 5.0, ""regime"": ""spy200"", ""trend"": true, ""mom_min"": 0.0, ""rsi2_max"": 100.0, ""rsi14_max"": 100.0, ""ret21_max"": 1.0, ""dist_ema20_max"": 1.0, ""dist_ema50_min"": -1.0, ""dist_hh60_min"": -1.0, ""atr_ratio_max"": 0.85, ""vol_ratio_min"": 1.3, ""up_close"": false, ""strong_close"": false}",97,13.846304262807978,0.4329896907216495,0.5851220393675893,1.8252194060903453,33.0,0.0,0.03860167743432863,0.018456120313734274,0.14093764603215264,131,32.72758384668035,0.2748091603053435,-0.008831711575223703,0.9892577912906642,32.0,0.0,0.05420596612327993,-0.005900306270119933,-0.04646491187719447
breakout,3.0,4.0,358,"{""family"": ""breakout"", ""min_ddv"": 10000000.0, ""min_price"": 5.0, ""regime"": ""spy200"", ""trend"": true, ""mom_min"": 0.0, ""rsi2_max"": 100.0, ""rsi14_max"": 100.0, ""ret21_max"": 1.0, ""dist_ema20_max"": 1.0, ""dist_ema50_min"": -1.0, ""dist_hh60_min"": -1.0, ""atr_ratio_max"": 0.85, ""vol_ratio_min"": 1.3, ""up_close"": false, ""strong_close"": false}",96,13.70355885803676,0.3541666666666667,0.6190796165085349,1.7754300058672394,35.5,0.0,0.0383562726101294,0.018966007394185785,0.13463193981224839,131,32.72758384668035,0.25190839694656486,0.1267106011753123,1.1492000898969652,32.0,0.007633587786259542,0.05420596612327993,0.0023946651328567805,0.018857987921247148
breakout,3.0,6.0,358,"{""family"": ""breakout"", ""min_ddv"": 10000000.0, ""min_price"": 5.0, ""regime"": ""spy200"", ""trend"": true, ""mom_min"": 0.0, ""rsi2_max"": 100.0, ""rsi14_max"": 100.0, ""ret21_max"": 1.0, ""dist_ema20_max"": 1.0, ""dist_ema50_min"": -1.0, ""dist_hh60_min"": -1.0, ""atr_ratio_max"": 0.85, ""vol_ratio_min"": 1.3, ""up_close"": false, ""strong_close"": false}",96,13.70355885803676,0.3020833333333333,0.9317888828790671,2.0879114298467805,43.5,0.0,0.0383562726101294,0.02918716889196535,0.16908428875345444,131,32.72758384668035,0.21374045801526717,0.36125892877676125,1.40493976731429,32.0,0.007633587786259542,0.05420596612327993,0.006383205734010421,0.05026774515533207
meanrev,1.0,0.5,60191,"{""family"": ""meanrev"", ""min_ddv"": 10000000.0, ""min_price"": 5.0, ""regime"": ""spy200"", ""trend"": true, ""mom_min"": 0.15, ""rsi2_max"": 100.0, ""rsi14_max"": 100.0, ""ret21_max"": 1.0, ""dist_ema20_max"": 0.0, ""dist_ema50_min"": -1.0, ""dist_hh60_min"": -0.1, ""atr_ratio_max"": 10.0, ""vol_ratio_min"": 0.0, ""up_close"": true, ""strong_close"": false}",25688,3666.8439577630033,0.669884771099346,-0.1611084934651826,0.6124821585881088,2.0,0.0,0.02091963062582284,-0.0031929479706392294,-0.4023114443005429,15578,3891.8343600273784,0.6468096032866864,-0.1686579404506202,0.6104686835908074,2.0,0.0,0.02479593162482386,-0.003792072408842769,-0.4778011235141889
meanrev,1.0,1.0,60191,"{""family"": ""meanrev"", ""min_ddv"": 10000000.0, ""min_price"": 5.0, ""regime"": ""spy200"", ""trend"": true, ""mom_min"": 0.15, ""rsi2_max"": 100.0, ""rsi14_max"": 100.0, ""ret21_max"": 1.0, ""dist_ema20_max"": 0.0, ""dist_ema50_min"": -1.0, ""dist_hh60_min"": -0.1, ""atr_ratio_max"": 10.0, ""vol_ratio_min"": 0.0, ""up_close"": true, ""strong_close"": false}",25688,3666.8439577630033,0.5358922454064154,-0.1105415680404952,0.8121455973428252,3.0,0.0,0.02091963062582284,-0.002031219447683746,-0.17062243360543464,15578,3891.8343600273784,0.5,-0.15988440921903535,0.7412440792589293,3.0,0.0,0.02479593162482386,-0.0033059101293431837,-0.27769645086482747
meanrev,1.0,1.5,60191,"{""family"": ""meanrev"", ""min_ddv"": 10000000.0, ""min_price"": 5.0, ""regime"": ""spy200"", ""trend"": true, ""mom_min"": 0.15, ""rsi2_max"": 100.0, ""rsi14_max"": 100.0, ""ret21_max"": 1.0, ""dist_ema20_max"": 0.0, ""dist_ema50_min"": -1.0, ""dist_hh60_min"": -0.1, ""atr_ratio_max"": 10.0, ""vol_ratio_min"": 0.0, ""up_close"": true, ""strong_close"": false}",25688,3666.8439577630033,0.4466677047648708,-0.07863882510333371,0.8883354685799617,4.0,0.0,0.02091963062582284,-0.0013239163233753968,-0.08340672837265001,15578,3891.8343600273784,0.40826807035562973,-0.1520635295657196,0.7925647311597119,3.0,0.0,0.02479593162482386,-0.0030099929412394813,-0.2528394070641164
meanrev,1.0,2.0,60191,"{""family"": ""meanrev"", ""min_ddv"": 10000000.0, ""min_price"": 5.0, ""regime"": ""spy200"", ""trend"": true, ""mom_min"": 0.15, ""rsi2_max"": 100.0, ""rsi14_max"": 100.0, ""ret21_max"": 1.0, ""dist_ema20_max"": 0.0, ""dist_ema50_min"": -1.0, ""dist_hh60_min"": -0.1, ""atr_ratio_max"": 10.0, ""vol_ratio_min"": 0.0, ""up_close"": true, ""strong_close"": false}",25688,3666.8439577630033,0.38177359078168793,-0.05957283591041381,0.9244543877307504,4.0,0.0,0.02091963062582284,-0.0008911407352413571,-0.05614186632020549,15578,3891.8343600273784,0.34837591475157276,-0.13725229380570106,0.8302785075796048,4.0,0.0,0.02479593162482386,-0.002390633436534655,-0.15060990650168327
meanrev,1.0,3.0,60191,"{""family"": ""meanrev"", ""min_ddv"": 10000000.0, ""min_price"": 5.0, ""regime"": ""spy200"", ""trend"": true, ""mom_min"": 0.15, ""rsi2_max"": 100.0, ""rsi14_max"": 100.0, ""ret21_max"": 1.0, ""dist_ema20_max"": 0.0, ""dist_ema50_min"": -1.0, ""dist_hh60_min"": -0.1, ""atr_ratio_max"": 10.0, ""vol_ratio_min"": 0.0, ""up_close"": true, ""strong_close"": false}",25688,3666.8439577630033,0.30200872002491436,-0.011468065514048113,0.9871570435771642,6.0,0.0,0.02091963062582284,0.0002172914309296727,0.009126240099046253,15578,3891.8343600273784,0.27513159584028757,-0.09502185320837185,0.8947473858686743,5.0,0.0,0.02479593162482386,-0.0010192742348765868,-0.05137142143777997
meanrev,1.0,4.0,60191,"{""family"": ""meanrev"", ""min_ddv"": 10000000.0, ""min_price"": 5.0, ""regime"": ""spy200"", ""trend"": true, ""mom_min"": 0.15, ""rsi2_max"": 100.0, ""rsi14_max"": 100.0, ""ret21_max"": 1.0, ""dist_ema20_max"": 0.0, ""dist_ema50_min"": -1.0, ""dist_hh60_min"": -0.1, ""atr_ratio_max"": 10.0, ""vol_ratio_min"": 0.0, ""up_close"": true, ""strong_close"": false}",25687,3666.701212358232,0.25296842760929655,0.03344457903393865,1.0348379599522024,6.0,0.0,0.020919481242448777,0.0012501601633391666,0.052506726860245,15578,3891.8343600273784,0.23276415457696753,-0.038887079398260714,0.9593601331718214,6.0,0.0,0.02479593162482386,0.0006468885927344317,0.027169320894846135
meanrev,1.0,6.0,60191,"{""family"": ""meanrev"", ""min_ddv"": 10000000.0, ""min_price"": 5.0, ""regime"": ""spy200"", ""trend"": true, ""mom_min"": 0.15, ""rsi2_max"": 100.0, ""rsi14_max"": 100.0, ""ret21_max"": 1.0, ""dist_ema20_max"": 0.0, ""dist_ema50_min"": -1.0, ""dist_hh60_min"": -0.1, ""atr_ratio_max"": 10.0, ""vol_ratio_min"": 0.0, ""up_close"": true, ""strong_close"": false}",25686,3666.558466953461,0.1946975005839757,0.11679392481101307,1.112274414300511,7.0,0.0,0.02091963062582284,0.003111193225557133,0.11200295612005677,15578,3891.8343600273784,0.17993323918346385,0.046711665841538505,1.045583149261686,6.0,0.0,0.02479593162482386,0.003035228887291945,0.1274796132662617
meanrev,1.5,0.5,60191,"{""family"": ""meanrev"", ""min_ddv"": 10000000.0, ""min_price"": 5.0, ""regime"": ""spy200"", ""trend"": true, ""mom_min"": 0.15, ""rsi2_max"": 100.0, ""rsi14_max"": 100.0, ""ret21_max"": 1.0, ""dist_ema20_max"": 0.0, ""dist_ema50_min"": -1.0, ""dist_hh60_min"": -0.1, ""atr_ratio_max"": 10.0, ""vol_ratio_min"": 0.0, ""up_close"": true, ""strong_close"": false}",25688,3666.8439577630033,0.6911787605107443,-0.07201250641378831,0.8036557213462565,3.0,0.0,0.03137944593873436,-0.0020359365410652203,-0.17101866944947852,15578,3891.8343600273784,0.6661317242264733,-0.09590967566096924,0.7545588632372494,3.0,0.0,0.03719389743723575,-0.0028619201122054637,-0.24040128942525896
meanrev,1.5,1.0,60191,"{""family"": ""meanrev"", ""min_ddv"": 10000000.0, ""min_price"": 5.0, ""regime"": ""spy200"", ""trend"": true, ""mom_min"": 0.15, ""rsi2_max"": 100.0, ""rsi14_max"": 100.0, ""ret21_max"": 1.0, ""dist_ema20_max"": 0.0, ""dist_ema50_min"": -1.0, ""dist_hh60_min"": -0.1, ""atr_ratio_max"": 10.0, ""vol_ratio_min"": 0.0, ""up_close"": true, ""strong_close"": false}",25688,3666.8439577630033,0.5468312052320149,-0.028685985964080486,0.9469369733080425,5.0,0.0,0.03137944593873436,-0.0004999936249076519,-0.025199678695345656,15578,3891.8343600273784,0.5143792527923995,-0.0827906436801186,0.8548594417247011,5.0,0.0,0.03719389743723575,-0.0020121758159779837,-0.10141366112529038
meanrev,1.5,1.5,60191,"{""family"": ""meanrev"", ""min_ddv"": 10000000.0, ""min_price"": 5.0, ""regime"": ""spy200"", ""trend"": true, ""mom_min"": 0.15, ""rsi2_max"": 100.0, ""rsi14_max"": 100.0, ""ret21_max"": 1.0, ""dist_ema20_max"": 0.0, ""dist_ema50_min"": -1.0, ""dist_hh60_min"": -0.1, ""atr_ratio_max"": 10.0, ""vol_ratio_min"": 0.0, ""up_close"": true, ""strong_close"": false}",25688,3666.8439577630033,0.4509109311740891,-0.005107863135429265,0.9922099810548941,7.0,0.0,0.03137944593873436,0.000313959623570815,0.011302546448549338,15578,3891.8343600273784,0.4268840672743613,-0.05437540278757214,0.919386355656052,6.0,0.0,0.03719389743723575,-0.0005448184469630983,-0.02288237477245013
meanrev,1.5,2.0,60191,"{""family"": ""meanrev"", ""min_ddv"": 10000000.0, ""min_price"": 5.0, ""regime"": ""spy200"", ""trend"": true, ""mom_min"": 0.15, ""rsi2_max"": 100.0, ""rsi14_max"": 100.0, ""ret21_max"": 1.0, ""dist_ema20_max"": 0.0, ""dist_ema50_min"": -1.0, ""dist_hh60_min"": -0.1, ""atr_ratio_max"": 10.0, ""vol_ratio_min"": 0.0, ""up_close"": true, ""strong_close"": false}",25688,3666.8439577630033,0.3896371846776705,0.027817300119006762,1.0380888972437055,8.0,0.0,0.03137944593873436,0.0014330198460639986,0.04514012515101595,15578,3891.8343600273784,0.36891770445500066,-0.021052234637146196,0.9716753242656034,8.0,0.0,0.03719389743723575,0.000987485821290427,0.031105803370648447
meanrev,1.5,3.0,60191,"{""family"": ""meanrev"", ""min_ddv"": 10000000.0, ""min_price"": 5.0, ""regime"": ""spy200"", ""trend"": true, ""mom_min"": 0.15, ""rsi2_max"": 100.0, ""rsi14_max"": 100.0, ""ret21_max"": 1.0, ""dist_ema20_max"": 0.0, ""dist_ema50_min"": -1.0, ""dist_hh60_min"": -0.1, ""atr_ratio_max"": 10.0, ""vol_ratio_min"": 0.0, ""up_close"": true, ""strong_close"": false}",25687,3666.701212358232,0.3131155837583213,0.09908260293443731,1.1199888472167958,11.0,0.0,0.031379221863673264,0.003900227958258217,0.08935067686191552,15578,3891.8343600273784,0.2965720888432405,0.04924513134744598,1.0593593079432893,10.0,0.0,0.03719389743723575,0.004149928116011513,0.10457818852349013
meanrev,1.5,4.0,60191,"{""family"": ""meanrev"", ""min_ddv"": 10000000.0, ""min_price"": 5.0, ""regime"": ""spy200"", ""trend"": true, ""mom_min"": 0.15, ""rsi2_max"": 100.0, ""rsi14_max"": 100.0, ""ret21_max"": 1.0, ""dist_ema20_max"": 0.0, ""dist_ema50_min"": -1.0, ""dist_hh60_min"": -0.1, ""atr_ratio_max"": 10.0, ""vol_ratio_min"": 0.0, ""up_close"": true, ""strong_close"": false}",25684,3666.2729761439186,0.26421118205886934,0.15903488571331872,1.1793951892583212,13.0,0.0,0.03137944593873436,0.005839884211920877,0.11320390933877392,15578,3891.8343600273784,0.25099499293875976,0.1124027254185121,1.1272253499330291,12.0,0.0,0.03719389743723575,0.006560597704973947,0.1377725518044529
meanrev,1.5,6.0,60191,"{""family"": ""meanrev"", ""min_ddv"": 10000000.0, ""min_price"": 5.0, ""regime"": ""spy200"", ""trend"": true, ""mom_min"": 0.15, ""rsi2_max"": 100.0, ""rsi14_max"": 100.0, ""ret21_max"": 1.0, ""dist_ema20_max"": 0.0, ""dist_ema50_min"": -1.0, ""dist_hh60_min"": -0.1, ""atr_ratio_max"": 10.0, ""vol_ratio_min"": 0.0, ""up_close"": true, ""strong_close"": false}",25652,3661.7051231912396,0.21316076719164198,0.3164227914721907,1.3323151206342472,14.0,0.0,0.031371650962912626,0.010802232539382537,0.1944401857088857,15574,3890.8350444900752,0.20251701553871837,0.26574652808305166,1.2822066172027178,13.0,0.0,0.03718803401832213,0.012629340422684697,0.24481490665511874
meanrev,2.0,0.5,60191,"{""family"": ""meanrev"", ""min_ddv"": 10000000.0, ""min_price"": 5.0, ""regime"": ""spy200"", ""trend"": true, ""mom_min"": 0.15, ""rsi2_max"": 100.0, ""rsi14_max"": 100.0, ""ret21_max"": 1.0, ""dist_ema20_max"": 0.0, ""dist_ema50_min"": -1.0, ""dist_hh60_min"": -0.1, ""atr_ratio_max"": 10.0, ""vol_ratio_min"": 0.0, ""up_close"": true, ""strong_close"": false}",25688,3666.8439577630033,0.7077234506384303,-0.018796112173623914,0.9440978288288159,4.0,0.0,0.041839261251645776,-0.00045752949131987674,-0.028824357953152236,15578,3891.8343600273784,0.6740274746437284,-0.06145341471454124,0.8341323564194669,4.0,0.0,0.04959186324964764,-0.0021311776215063305,-0.13426419015489882
meanrev,2.0,1.0,60191,"{""family"": ""meanrev"", ""min_ddv"": 10000000.0, ""min_price"": 5.0, ""regime"": ""spy200"", ""trend"": true, ""mom_min"": 0.15, ""rsi2_max"": 100.0, ""rsi14_max"": 100.0, ""ret21_max"": 1.0, ""dist_ema20_max"": 0.0, ""dist_ema50_min"": -1.0, ""dist_hh60_min"": -0.1, ""atr_ratio_max"": 10.0, ""vol_ratio_min"": 0.0, ""up_close"": true, ""strong_close"": false}",25687,3666.701212358232,0.5559621598473936,0.019393419292961955,1.0378461361624232,8.0,0.0,0.04183896248489755,0.0013686405750936207,0.043112178115449054,15578,3891.8343600273784,0.5257414302221081,-0.03347042534392979,0.9379867856107984,7.0,0.0,0.04959186324964764,-0.0002510919186739759,-0.009039309072263134
meanrev,2.0,1.5,60191,"{""family"": ""meanrev"", ""min_ddv"": 10000000.0, ""min_price"": 5.0, ""regime"": ""spy200"", ""trend"": true, ""mom_min"": 0.15, ""rsi2_max"": 100.0, ""rsi14_max"": 100.0, ""ret21_max"": 1.0, ""dist_ema20_max"": 0.0, ""dist_ema50_min"": -1.0, ""dist_hh60_min"": -0.1, ""atr_ratio_max"": 10.0, ""vol_ratio_min"": 0.0, ""up_close"": true, ""strong_close"": false}",25687,3666.701212358232,0.46529372834507726,0.06016719278472615,1.0972507216262442,11.0,0.0,0.04183896248489755,0.003200935006510076,0.07333051105823084,15578,3891.8343600273784,0.4415200924380537,0.012291223895824599,1.0193241075716704,10.0,0.0,0.04959186324964764,0.002505612558662269,0.06314143647828918
meanrev,2.0,2.0,60191,"{""family"": ""meanrev"", ""min_ddv"": 10000000.0, ""min_price"": 5.0, ""regime"": ""spy200"", ""trend"": true, ""mom_min"": 0.15, ""rsi2_max"": 100.0, ""rsi14_max"": 100.0, ""ret21_max"": 1.0, ""dist_ema20_max"": 0.0, ""dist_ema50_min"": -1.0, ""dist_hh60_min"": -0.1, ""atr_ratio_max"": 10.0, ""vol_ratio_min"": 0.0, ""up_close"": true, ""strong_close"": false}",25686,3666.558466953461,0.4070699992213657,0.11123141407070071,1.1617555297441988,14.0,0.0,0.0418386583571242,0.005487895089896519,0.09878211161813734,15578,3891.8343600273784,0.38567210168185906,0.05969247845792398,1.0852205165618456,13.0,0.0,0.04959186324964764,0.005299845628246214,0.10273546910138814
meanrev,2.0,3.0,60191,"{""family"": ""meanrev"", ""min_ddv"": 10000000.0, ""min_price"": 5.0, ""regime"": ""spy200"", ""trend"": true, ""mom_min"": 0.15, ""rsi2_max"": 100.0, ""rsi14_max"": 100.0, ""ret21_max"": 1.0, ""dist_ema20_max"": 0.0, ""dist_ema50_min"": -1.0, ""dist_hh60_min"": -0.1, ""atr_ratio_max"": 10.0, ""vol_ratio_min"": 0.0, ""up_close"": true, ""strong_close"": false}",25683,3666.1302307391475,0.3297901335513764,0.1983964711599316,1.2544664505071852,19.0,0.0,0.04183896248489755,0.00936007899038249,0.12414420555665198,15578,3891.8343600273784,0.31075876235717037,0.13839244412533483,1.1760721983860951,17.0,0.0,0.04959186324964764,0.009636959684969233,0.14285375533013214
meanrev,2.0,4.0,60191,"{""family"": ""meanrev"", ""min_ddv"": 10000000.0, ""min_price"": 5.0, ""regime"": ""spy200"", ""trend"": true, ""mom_min"": 0.15, ""rsi2_max"": 100.0, ""rsi14_max"": 100.0, ""ret21_max"": 1.0, ""dist_ema20_max"": 0.0, ""dist_ema50_min"": -1.0, ""dist_hh60_min"": -0.1, ""atr_ratio_max"": 10.0, ""vol_ratio_min"": 0.0, ""up_close"": true, ""strong_close"": false}",25658,3662.561595619867,0.2866162600358563,0.302856029167674,1.3635662377301743,22.0,0.0,0.04183348314211061,0.013807898573441588,0.15816320184124003,15572,3890.3353867214237,0.2675314667351657,0.22642012312288382,1.270633678217819,20.0,0.0,0.049580412591173156,0.014218792009045193,0.17915677931396942
meanrev,2.0,6.0,60191,"{""family"": ""meanrev"", ""min_ddv"": 10000000.0, ""min_price"": 5.0, ""regime"": ""spy200"", ""trend"": true, ""mom_min"": 0.15, ""rsi2_max"": 100.0, ""rsi14_max"": 100.0, ""ret21_max"": 1.0, ""dist_ema20_max"": 0.0, ""dist_ema50_min"": -1.0, ""dist_hh60_min"": -0.1, ""atr_ratio_max"": 10.0, ""vol_ratio_min"": 0.0, ""up_close"": true, ""strong_close"": false}",25526,3643.7192021900664,0.2396771918827862,0.5368923376899262,1.6040026185165464,25.0,0.0012927994985504976,0.04177759506747679,0.023366362189914034,0.23553293087433347,15536,3881.3415468856947,0.1910401647785788,0.2113371941141601,1.2277117294281306,22.0,0.000772399588053553,0.049551272199116106,0.014128741091276596,0.16183830704553193
meanrev,2.5,0.5,60191,"{""family"": ""meanrev"", ""min_ddv"": 10000000.0, ""min_price"": 5.0, ""regime"": ""spy200"", ""trend"": true, ""mom_min"": 0.15, ""rsi2_max"": 100.0, ""rsi14_max"": 100.0, ""ret21_max"": 1.0, ""dist_ema20_max"": 0.0, ""dist_ema50_min"": -1.0, ""dist_hh60_min"": -0.1, ""atr_ratio_max"": 10.0, ""vol_ratio_min"": 0.0, ""up_close"": true, ""strong_close"": false}",25686,3666.558466953461,0.7188740948376547,0.014752191323294611,1.0465039488296148,6.0,0.0,0.052298322946405254,0.0012285619755005705,0.05159960297102396,15565,3888.5865845311428,0.6830709926116286,-0.033128733403137586,0.906133456963795,6.0,0.0,0.06196711333572337,-0.0010035480342384644,-0.0421490174380155
meanrev,2.5,1.0,60191,"{""family"": ""meanrev"", ""min_ddv"": 10000000.0, ""min_price"": 5.0, ""regime"": ""spy200"", ""trend"": true, ""mom_min"": 0.15, ""rsi2_max"": 100.0, ""rsi14_max"": 100.0, ""ret21_max"": 1.0, ""dist_ema20_max"": 0.0, ""dist_ema50_min"": -1.0, ""dist_hh60_min"": -0.1, ""atr_ratio_max"": 10.0, ""vol_ratio_min"": 0.0, ""up_close"": true, ""strong_close"": false}",25685,3666.41572154869,0.5684251508662643,0.06105009364916397,1.124969778432348,11.0,0.0,0.05229794278668848,0.003879420059411153,0.08887398681560095,15565,3888.5865845311428,0.544555091551558,0.022096572720465165,1.0435185266336873,11.0,0.0,0.06196711333572337,0.0031807086331818095,0.07286714323289235
meanrev,2.5,1.5,60191,"{""family"": ""meanrev"", ""min_ddv"": 10000000.0, ""min_price"": 5.0, ""regime"": ""spy200"", ""trend"": true, ""mom_min"": 0.15, ""rsi2_max"": 100.0, ""rsi14_max"": 100.0, ""ret21_max"": 1.0, ""dist_ema20_max"": 0.0, ""dist_ema50_min"": -1.0, ""dist_hh60_min"": -0.1, ""atr_ratio_max"": 10.0, ""vol_ratio_min"": 0.0, ""up_close"": true, ""strong_close"": false}",25681,3665.844739929605,0.4848720844203886,0.1276651531183934,1.218225720748522,16.0,0.0,0.0522942919680222,0.0076607644447963105,0.1206570400055419,15565,3888.5865845311428,0.4612271121105043,0.07942491283864125,1.1320510784462454,16.0,0.0,0.06196711333572337,0.0073614167916407885,0.11594231446834243
meanrev,2.5,2.0,60191,"{""family"": ""meanrev"", ""min_ddv"": 10000000.0, ""min_price"": 5.0, ""regime"": ""spy200"", ""trend"": true, ""mom_min"": 0.15, ""rsi2_max"": 100.0, ""rsi14_max"": 100.0, ""ret21_max"": 1.0, ""dist_ema20_max"": 0.0, ""dist_ema50_min"": -1.0, ""dist_hh60_min"": -0.1, ""atr_ratio_max"": 10.0, ""vol_ratio_min"": 0.0, ""up_close"": true, ""strong_close"": false}",25681,3665.844739929605,0.4250223900938437,0.18379717491445,1.2810360062692066,21.0,0.0,0.0522942919680222,0.01085431197163819,0.13025174365965828,15565,3888.5865845311428,0.40327658207516864,0.1313697119103707,1.197111563652122,20.0,0.0,0.06196711333572337,0.011067081604698308,0.1394452282191987
meanrev,2.5,3.0,60191,"{""family"": ""meanrev"", ""min_ddv"": 10000000.0, ""min_price"": 5.0, ""regime"": ""spy200"", ""trend"": true, ""mom_min"": 0.15, ""rsi2_max"": 100.0, ""rsi14_max"": 100.0, ""ret21_max"": 1.0, ""dist_ema20_max"": 0.0, ""dist_ema50_min"": -1.0, ""dist_hh60_min"": -0.1, ""atr_ratio_max"": 10.0, ""vol_ratio_min"": 0.0, ""up_close"": true, ""strong_close"": false}",25652,3661.7051231912396,0.3524091688757212,0.30826641761638984,1.417364975933539,29.0,7.79666302822392e-05,0.05229556039280496,0.01742269952405741,0.1513972510366368,15555,3886.088295687885,0.32979749276759884,0.23222550896011906,1.3096124440234977,27.0,0.0,0.061961635462618764,0.017556949788038338,0.16386486468835781
meanrev,2.5,4.0,60191,"{""family"": ""meanrev"", ""min_ddv"": 10000000.0, ""min_price"": 5.0, ""regime"": ""spy200"", ""trend"": true, ""mom_min"": 0.15, ""rsi2_max"": 100.0, ""rsi14_max"": 100.0, ""ret21_max"": 1.0, ""dist_ema20_max"": 0.0, ""dist_ema50_min"": -1.0, ""dist_hh60_min"": -0.1, ""atr_ratio_max"": 10.0, ""vol_ratio_min"": 0.0, ""up_close"": true, ""strong_close"": false}",25567,3649.5717637856865,0.31106504478429226,0.4466866354808994,1.5679586458191332,35.0,0.0007040325419486056,0.052252236156899286,0.024453840490071932,0.1760676515285179,15521,3877.5941136208075,0.27143869596031184,0.2613577781109216,1.3201678603158404,32.0,0.0005798595451324013,0.06193517785254864,0.019702496405375074,0.1551571591923287
meanrev,2.5,6.0,60191,"{""family"": ""meanrev"", ""min_ddv"": 10000000.0, ""min_price"": 5.0, ""regime"": ""spy200"", ""trend"": true, ""mom_min"": 0.15, ""rsi2_max"": 100.0, ""rsi14_max"": 100.0, ""ret21_max"": 1.0, ""dist_ema20_max"": 0.0, ""dist_ema50_min"": -1.0, ""dist_hh60_min"": -0.1, ""atr_ratio_max"": 10.0, ""vol_ratio_min"": 0.0, ""up_close"": true, ""strong_close"": false}",25249,3604.1787250684397,0.2607231969582954,0.6906723769934252,1.8185311304939569,38.0,0.00673293991841261,0.05215833451064924,0.036345204208326896,0.24102609106574677,15396,3846.365503080082,0.17933229410236426,0.13484276806136555,1.1458037955821956,35.0,0.0035074045206547155,0.06175160794098568,0.012874645943213065,0.09269745079113408
meanrev,3.0,0.5,60191,"{""family"": ""meanrev"", ""min_ddv"": 10000000.0, ""min_price"": 5.0, ""regime"": ""spy200"", ""trend"": true, ""mom_min"": 0.15, ""rsi2_max"": 100.0, ""rsi14_max"": 100.0, ""ret21_max"": 1.0, ""dist_ema20_max"": 0.0, ""dist_ema50_min"": -1.0, ""dist_hh60_min"": -0.1, ""atr_ratio_max"": 10.0, ""vol_ratio_min"": 0.0, ""up_close"": true, ""strong_close"": false}",25672,3664.560031286664,0.7253038329697725,0.03436989176323092,1.112233493215705,7.0,0.0,0.06274577215985086,0.002830350541140934,0.10189261948107362,15467,3864.103353867214,0.6917954354432017,-0.010144933642872833,0.9700409654166297,8.0,0.0,0.07418071778648375,0.0003925093118902663,0.012364043324543389
meanrev,3.0,1.0,60191,"{""family"": ""meanrev"", ""min_ddv"": 10000000.0, ""min_price"": 5.0, ""regime"": ""spy200"", ""trend"": true, ""mom_min"": 0.15, ""rsi2_max"": 100.0, ""rsi14_max"": 100.0, ""ret21_max"": 1.0, ""dist_ema20_max"": 0.0, ""dist_ema50_min"": -1.0, ""dist_hh60_min"": -0.1, ""atr_ratio_max"": 10.0, ""vol_ratio_min"": 0.0, ""up_close"": true, ""strong_close"": false}",25671,3664.417285881893,0.5822523470063495,0.09977560943624947,1.2137386312694713,15.0,0.0,0.06274540268854852,0.00723052553185215,0.12147282893511611,15467,3864.103353867214,0.5605482640460335,0.06548964874946087,1.1354860952533694,15.0,0.0,0.07418071778648375,0.006771212553945609,0.11375637090628625
meanrev,3.0,1.5,60191,"{""family"": ""meanrev"", ""min_ddv"": 10000000.0, ""min_price"": 5.0, ""regime"": ""spy200"", ""trend"": true, ""mom_min"": 0.15, ""rsi2_max"": 100.0, ""rsi14_max"": 100.0, ""ret21_max"": 1.0, ""dist_ema20_max"": 0.0, ""dist_ema50_min"": -1.0, ""dist_hh60_min"": -0.1, ""atr_ratio_max"": 10.0, ""vol_ratio_min"": 0.0, ""up_close"": true, ""strong_close"": false}",25664,3663.418068048494,0.498090710723192,0.17324469479304702,1.3084700079403833,22.0,0.0,0.06274262366419522,0.012067127625908104,0.13822346189676554,15467,3864.103353867214,0.48147669231266566,0.14248808198233964,1.2496710233136512,22.0,0.0,0.07418071778648375,0.013257154057255974,0.15185467374675024
meanrev,3.0,2.0,60191,"{""family"": ""meanrev"", ""min_ddv"": 10000000.0, ""min_price"": 5.0, ""regime"": ""spy200"", ""trend"": true, ""mom_min"": 0.15, ""rsi2_max"": 100.0, ""rsi14_max"": 100.0, ""ret21_max"": 1.0, ""dist_ema20_max"": 0.0, ""dist_ema50_min"": -1.0, ""dist_hh60_min"": -0.1, ""atr_ratio_max"": 10.0, ""vol_ratio_min"": 0.0, ""up_close"": true, ""strong_close"": false}",25654,3661.990614000782,0.43876198643486397,0.23813131297808246,1.3788290375899532,29.0,0.0,0.06273522048625743,0.016295658029138887,0.1416036490807931,15465,3863.6036960985625,0.42289039767216297,0.20292783221108354,1.3193199295817575,28.0,0.0,0.0741766945371556,0.017881686496618778,0.160935178469569
meanrev,3.0,3.0,60191,"{""family"": ""meanrev"", ""min_ddv"": 10000000.0, ""min_price"": 5.0, ""regime"": ""spy200"", ""trend"": true, ""mom_min"": 0.15, ""rsi2_max"": 100.0, ""rsi14_max"": 100.0, ""ret21_max"": 1.0, ""dist_ema20_max"": 0.0, ""dist_ema50_min"": -1.0, ""dist_hh60_min"": -0.1, ""atr_ratio_max"": 10.0, ""vol_ratio_min"": 0.0, ""up_close"": true, ""strong_close"": false}",25548,3646.859601095033,0.37114451229059026,0.39725751130395404,1.5627454654040798,41.0,0.0002739940504149053,0.06268795877593464,0.0261629014397448,0.16080612592233387,15427,3854.110198494182,0.33538601153821224,0.26583951004235745,1.3624464546915591,39.0,0.0001944642509885266,0.07412018964109705,0.02283278714144568,0.14753493229857206
meanrev,3.0,4.0,60191,"{""family"": ""meanrev"", ""min_ddv"": 10000000.0, ""min_price"": 5.0, ""regime"": ""spy200"", ""trend"": true, ""mom_min"": 0.15, ""rsi2_max"": 100.0, ""rsi14_max"": 100.0, ""ret21_max"": 1.0, ""dist_ema20_max"": 0.0, ""dist_ema50_min"": -1.0, ""dist_hh60_min"": -0.1, ""atr_ratio_max"": 10.0, ""vol_ratio_min"": 0.0, ""up_close"": true, ""strong_close"": false}",25378,3622.5928822839264,0.3306013082197179,0.556462045841163,1.7409237749143758,48.0,0.003309953503034124,0.06259183399063106,0.03572760387706257,0.1875699203545785,15358,3836.8720054757014,0.25817163693189216,0.20258662924905,1.2465825945775677,48.0,0.0017580414116421408,0.07401419963716302,0.018851630387002813,0.09897105953176477
meanrev,3.0,6.0,60191,"{""family"": ""meanrev"", ""min_ddv"": 10000000.0, ""min_price"": 5.0, ""regime"": ""spy200"", ""trend"": true, ""mom_min"": 0.15, ""rsi2_max"": 100.0, ""rsi14_max"": 100.0, ""ret21_max"": 1.0, ""dist_ema20_max"": 0.0, ""dist_ema50_min"": -1.0, ""dist_hh60_min"": -0.1, ""atr_ratio_max"": 10.0, ""vol_ratio_min"": 0.0, ""up_close"": true, ""strong_close"": false}",24925,3557.9292139225654,0.277271815446339,0.7875219986067362,1.971037751188678,54.0,0.019297893681043128,0.06246292568213067,0.048590790604875235,0.2267570228227511,15098,3771.9164955509923,0.16578354748973373,0.027184546831498155,1.0293188818851358,53.0,0.010862365876275003,0.0736654139725928,0.007102760373913136,0.0337716153627568
meanrev,1.0,0.5,46518,"{""family"": ""meanrev"", ""min_ddv"": 10000000.0, ""min_price"": 5.0, ""regime"": ""spy200"", ""trend"": true, ""mom_min"": 0.15, ""rsi2_max"": 100.0, ""rsi14_max"": 50.0, ""ret21_max"": 1.0, ""dist_ema20_max"": 0.0, ""dist_ema50_min"": -1.0, ""dist_hh60_min"": -0.1, ""atr_ratio_max"": 10.0, ""vol_ratio_min"": 0.0, ""up_close"": true, ""strong_close"": false}",20134,2874.035979663668,0.672792291645972,-0.15531162204791263,0.6225638235668068,2.0,0.0,0.021011046050735463,-0.003059287381475115,-0.38547021006586446,11870,2965.4688569472964,0.6438921651221567,-0.175726234078082,0.5991620687960666,2.0,0.0,0.02449238199560106,-0.0039636554678184575,-0.49942058894512564
meanrev,1.0,1.0,46518,"{""family"": ""meanrev"", ""min_ddv"": 10000000.0, ""min_price"": 5.0, ""regime"": ""spy200"", ""trend"": true, ""mom_min"": 0.15, ""rsi2_max"": 100.0, ""rsi14_max"": 50.0, ""ret21_max"": 1.0, ""dist_ema20_max"": 0.0, ""dist_ema50_min"": -1.0, ""dist_hh60_min"": -0.1, ""atr_ratio_max"": 10.0, ""vol_ratio_min"": 0.0, ""up_close"": true, ""strong_close"": false}",20134,2874.035979663668,0.5399821197973577,-0.09975530697402664,0.8287031902392646,3.0,0.0,0.021011046050735463,-0.0018005524419071961,-0.15124640512020446,11870,2965.4688569472964,0.495787700084246,-0.17077440164701735,0.7265410705607076,3.0,0.0,0.02449238199560106,-0.0036473633526504633,-0.30637852162263896
meanrev,1.0,1.5,46518,"{""family"": ""meanrev"", ""min_ddv"": 10000000.0, ""min_price"": 5.0, ""regime"": ""spy200"", ""trend"": true, ""mom_min"": 0.15, ""rsi2_max"": 100.0, ""rsi14_max"": 50.0, ""ret21_max"": 1.0, ""dist_ema20_max"": 0.0, ""dist_ema50_min"": -1.0, ""dist_hh60_min"": -0.1, ""atr_ratio_max"": 10.0, ""vol_ratio_min"": 0.0, ""up_close"": true, ""strong_close"": false}",20134,2874.035979663668,0.45182278732492304,-0.0627464302659096,0.9099153197686002,4.0,0.0,0.021011046050735463,-0.0009956417834615762,-0.0627254323580793,11870,2965.4688569472964,0.40320134793597306,-0.16804991063095093,0.7731747891406616,3.0,0.0,0.02449238199560106,-0.003517358333184745,-0.29545809998751854
meanrev,1.0,2.0,46518,"{""family"": ""meanrev"", ""min_ddv"": 10000000.0, ""min_price"": 5.0, ""regime"": ""spy200"", ""trend"": true, ""mom_min"": 0.15, ""rsi2_max"": 100.0, ""rsi14_max"": 50.0, ""ret21_max"": 1.0, ""dist_ema20_max"": 0.0, ""dist_ema50_min"": -1.0, ""dist_hh60_min"": -0.1, ""atr_ratio_max"": 10.0, ""vol_ratio_min"": 0.0, ""up_close"": true, ""strong_close"": false}",20134,2874.035979663668,0.3877520611900268,-0.03880204880388835,0.9502587248169673,4.0,0.0,0.021011046050735463,-0.000441200710879224,-0.027795644785391115,11870,2965.4688569472964,0.3412805391743892,-0.16237229980702944,0.8016959356664239,4.0,0.0,0.02449238199560106,-0.003237320385639169,-0.20395118429526765
meanrev,1.0,3.0,46518,"{""family"": ""meanrev"", ""min_ddv"": 10000000.0, ""min_price"": 5.0, ""regime"": ""spy200"", ""trend"": true, ""mom_min"": 0.15, ""rsi2_max"": 100.0, ""rsi14_max"": 50.0, ""ret21_max"": 1.0, ""dist_ema20_max"": 0.0, ""dist_ema50_min"": -1.0, ""dist_hh60_min"": -0.1, ""atr_ratio_max"": 10.0, ""vol_ratio_min"": 0.0, ""up_close"": true, ""strong_close"": false}",20134,2874.035979663668,0.30773815436574947,0.013629017890996508,1.0154004419571017,6.0,0.0,0.021011046050735463,0.0007777668409218377,0.03266620731871719,11870,2965.4688569472964,0.2687447346251053,-0.12351270098510235,0.8646280622304249,5.0,0.0,0.02449238199560106,-0.0020442195781849295,-0.10302866674052044
meanrev,1.0,4.0,46518,"{""family"": ""meanrev"", ""min_ddv"": 10000000.0, ""min_price"": 5.0, ""regime"": ""spy200"", ""trend"": true, ""mom_min"": 0.15, ""rsi2_max"": 100.0, ""rsi14_max"": 50.0, ""ret21_max"": 1.0, ""dist_ema20_max"": 0.0, ""dist_ema50_min"": -1.0, ""dist_hh60_min"": -0.1, ""atr_ratio_max"": 10.0, ""vol_ratio_min"": 0.0, ""up_close"": true, ""strong_close"": false}",20133,2873.893234258897,0.25848110068047486,0.06342853542273094,1.066636066078075,6.0,0.0,0.021010947270275932,0.001909226365328619,0.08018750734380199,11870,2965.4688569472964,0.22914911541701768,-0.05829489553491761,0.9394439188863415,6.0,0.0,0.02449238199560106,-0.0001317316057680685,-0.0055327274422588765
meanrev,1.0,6.0,46518,"{""family"": ""meanrev"", ""min_ddv"": 10000000.0, ""min_price"": 5.0, ""regime"": ""spy200"", ""trend"": true, ""mom_min"": 0.15, ""rsi2_max"": 100.0, ""rsi14_max"": 50.0, ""ret21_max"": 1.0, ""dist_ema20_max"": 0.0, ""dist_ema50_min"": -1.0, ""dist_hh60_min"": -0.1, ""atr_ratio_max"": 10.0, ""vol_ratio_min"": 0.0, ""up_close"": true, ""strong_close"": false}",20132,2873.7504888541257,0.20002980329823167,0.15560297224518277,1.1506572147695613,7.0,0.0,0.021011046050735463,0.003942380068464673,0.14192568246472823,11870,2965.4688569472964,0.17775905644481887,0.03025670973904395,1.0294131079762845,6.0,0.0,0.02449238199560106,0.00234775362763593,0.09860565236070906
meanrev,1.5,0.5,46518,"{""family"": ""meanrev"", ""min_ddv"": 10000000.0, ""min_price"": 5.0, ""regime"": ""spy200"", ""trend"": true, ""mom_min"": 0.15, ""rsi2_max"": 100.0, ""rsi14_max"": 50.0, ""ret21_max"": 1.0, ""dist_ema20_max"": 0.0, ""dist_ema50_min"": -1.0, ""dist_hh60_min"": -0.1, ""atr_ratio_max"": 10.0, ""vol_ratio_min"": 0.0, ""up_close"": true, ""strong_close"": false}",20134,2874.035979663668,0.6921625111751266,-0.0690137448002263,0.8107972591536975,3.0,0.0,0.03151656907610316,-0.0019546516173554957,-0.16419073585786162,11870,2965.4688569472964,0.6623420387531592,-0.10247642639668449,0.740886982752639,3.0,0.0,0.03673857299340165,-0.003183591279814146,-0.2674216675043883
meanrev,1.5,1.0,46518,"{""family"": ""meanrev"", ""min_ddv"": 10000000.0, ""min_price"": 5.0, ""regime"": ""spy200"", ""trend"": true, ""mom_min"": 0.15, ""rsi2_max"": 100.0, ""rsi14_max"": 50.0, ""ret21_max"": 1.0, ""dist_ema20_max"": 0.0, ""dist_ema50_min"": -1.0, ""dist_hh60_min"": -0.1, ""atr_ratio_max"": 10.0, ""vol_ratio_min"": 0.0, ""up_close"": true, ""strong_close"": false}",20134,2874.035979663668,0.5502632363166783,-0.020433252960431237,0.9618915900546208,5.0,0.0,0.03151656907610316,-0.00025630862624038747,-0.012917954762515529,11870,2965.4688569472964,0.5087615838247683,-0.09636680819053745,0.833271931982231,5.0,0.0,0.03673857299340165,-0.002704104363981265,-0.13628685994465575
meanrev,1.5,1.5,46518,"{""family"": ""meanrev"", ""min_ddv"": 10000000.0, ""min_price"": 5.0, ""regime"": ""spy200"", ""trend"": true, ""mom_min"": 0.15, ""rsi2_max"": 100.0, ""rsi14_max"": 50.0, ""ret21_max"": 1.0, ""dist_ema20_max"": 0.0, ""dist_ema50_min"": -1.0, ""dist_hh60_min"": -0.1, ""atr_ratio_max"": 10.0, ""vol_ratio_min"": 0.0, ""up_close"": true, ""strong_close"": false}",20134,2874.035979663668,0.4550511572464488,0.006551435335674343,1.01007493405271,7.0,0.0,0.03151656907610316,0.0006638087510040452,0.023897115036145628,11870,2965.4688569472964,0.41988205560235886,-0.0748898421617567,0.8905369649640609,6.0,0.0,0.03673857299340165,-0.0016221829478101379,-0.0681316838080258
meanrev,1.5,2.0,46518,"{""family"": ""meanrev"", ""min_ddv"": 10000000.0, ""min_price"": 5.0, ""regime"": ""spy200"", ""trend"": true, ""mom_min"": 0.15, ""rsi2_max"": 100.0, ""rsi14_max"": 50.0, ""ret21_max"": 1.0, ""dist_ema20_max"": 0.0, ""dist_ema50_min"": -1.0, ""dist_hh60_min"": -0.1, ""atr_ratio_max"": 10.0, ""vol_ratio_min"": 0.0, ""up_close"": true, ""strong_close"": false}",20134,2874.035979663668,0.3941591338035164,0.042535622720364076,1.0587084418550115,8.0,0.0,0.03151656907610316,0.0018860731540508145,0.059411304352600655,11870,2965.4688569472964,0.36360572872788544,-0.03877065773613472,0.9483687698993144,8.0,0.0,0.03673857299340165,8.422091917709072e-06,0.0002652958954078358
meanrev,1.5,3.0,46518,"{""family"": ""meanrev"", ""min_ddv"": 10000000.0, ""min_price"": 5.0, ""regime"": ""spy200"", ""trend"": true, ""mom_min"": 0.15, ""rsi2_max"": 100.0, ""rsi14_max"": 50.0, ""ret21_max"": 1.0, ""dist_ema20_max"": 0.0, ""dist_ema50_min"": -1.0, ""dist_hh60_min"": -0.1, ""atr_ratio_max"": 10.0, ""vol_ratio_min"": 0.0, ""up_close"": true, ""strong_close"": false}",20133,2873.893234258897,0.3182834152883326,0.12120227565903834,1.1480740008750148,11.0,0.0,0.031516420905413824,0.004563102655928205,0.10453653357217343,11870,2965.4688569472964,0.2941027801179444,0.03793887724573597,1.0454816189556007,10.0,0.0,0.03673857299340165,0.0034539478233791003,0.08703948514915333
meanrev,1.5,4.0,46518,"{""family"": ""meanrev"", ""min_ddv"": 10000000.0, ""min_price"": 5.0, ""regime"": ""spy200"", ""trend"": true, ""mom_min"": 0.15, ""rsi2_max"": 100.0, ""rsi14_max"": 50.0, ""ret21_max"": 1.0, ""dist_ema20_max"": 0.0, ""dist_ema50_min"": -1.0, ""dist_hh60_min"": -0.1, ""atr_ratio_max"": 10.0, ""vol_ratio_min"": 0.0, ""up_close"": true, ""strong_close"": false}",20130,2873.4649980445834,0.26964729259811226,0.18729310515292633,1.2130060713433182,13.0,0.0,0.03151656907610316,0.006720917667004296,0.13028240400654484,11870,2965.4688569472964,0.2500421229991575,0.10687666190637443,1.1206661671982112,11.0,0.0,0.03673857299340165,0.006088373723534347,0.1394791071209687
meanrev,1.5,6.0,46518,"{""family"": ""meanrev"", ""min_ddv"": 10000000.0, ""min_price"": 5.0, ""regime"": ""spy200"", ""trend"": true, ""mom_min"": 0.15, ""rsi2_max"": 100.0, ""rsi14_max"": 50.0, ""ret21_max"": 1.0, ""dist_ema20_max"": 0.0, ""dist_ema50_min"": -1.0, ""dist_hh60_min"": -0.1, ""atr_ratio_max"": 10.0, ""vol_ratio_min"": 0.0, ""up_close"": true, ""strong_close"": false}",20100,2869.1826359014467,0.21776119402985075,0.3490996326281217,1.3688967905742553,14.0,0.0,0.03150681756024593,0.01183881412291436,0.2130986542124585,11867,2964.719370294319,0.20367405409960396,0.27301499595402046,1.2899643066673596,12.0,0.0,0.03673190819685514,0.0126186947624939,0.2649925900123719
meanrev,2.0,0.5,46518,"{""family"": ""meanrev"", ""min_ddv"": 10000000.0, ""min_price"": 5.0, ""regime"": ""spy200"", ""trend"": true, ""mom_min"": 0.15, ""rsi2_max"": 100.0, ""rsi14_max"": 50.0, ""ret21_max"": 1.0, ""dist_ema20_max"": 0.0, ""dist_ema50_min"": -1.0, ""dist_hh60_min"": -0.1, ""atr_ratio_max"": 10.0, ""vol_ratio_min"": 0.0, ""up_close"": true, ""strong_close"": false}",20134,2874.035979663668,0.7098937121287374,-0.013970480456053464,0.958056255780585,4.0,0.0,0.042022092101470926,-0.00024449395416675145,-0.015403119112505342,11870,2965.4688569472964,0.6696714406065711,-0.06941753296179565,0.8155165079731904,4.0,0.0,0.048984763991202177,-0.0026200468447302363,-0.16506295121800488
meanrev,2.0,1.0,46518,"{""family"": ""meanrev"", ""min_ddv"": 10000000.0, ""min_price"": 5.0, ""regime"": ""spy200"", ""trend"": true, ""mom_min"": 0.15, ""rsi2_max"": 100.0, ""rsi14_max"": 50.0, ""ret21_max"": 1.0, ""dist_ema20_max"": 0.0, ""dist_ema50_min"": -1.0, ""dist_hh60_min"": -0.1, ""atr_ratio_max"": 10.0, ""vol_ratio_min"": 0.0, ""up_close"": true, ""strong_close"": false}",20133,2873.893234258897,0.5596284706700442,0.027867206159210036,1.054862915927825,8.0,0.0,0.042021894540551864,0.0017601711840926305,0.05544539229891786,11870,2965.4688569472964,0.5191238416175231,-0.04867827112319254,0.9111798257597609,7.0,0.0,0.048984763991202177,-0.0012740017317463765,-0.04586406234286955
meanrev,2.0,1.5,46518,"{""family"": ""meanrev"", ""min_ddv"": 10000000.0, ""min_price"": 5.0, ""regime"": ""spy200"", ""trend"": true, ""mom_min"": 0.15, ""rsi2_max"": 100.0, ""rsi14_max"": 50.0, ""ret21_max"": 1.0, ""dist_ema20_max"": 0.0, ""dist_ema50_min"": -1.0, ""dist_hh60_min"": -0.1, ""atr_ratio_max"": 10.0, ""vol_ratio_min"": 0.0, ""up_close"": true, ""strong_close"": false}",20133,2873.893234258897,0.46932896240003974,0.07105929156299286,1.1157668388136868,11.0,0.0,0.042021894540551864,0.003671483203217953,0.08411034247372039,11870,2965.4688569472964,0.43723673125526535,0.0005608291472545592,1.0008737987584322,11.0,0.0,0.048984763991202177,0.0016043354474276654,0.036753866613797426
meanrev,2.0,2.0,46518,"{""family"": ""meanrev"", ""min_ddv"": 10000000.0, ""min_price"": 5.0, ""regime"": ""spy200"", ""trend"": true, ""mom_min"": 0.15, ""rsi2_max"": 100.0, ""rsi14_max"": 50.0, ""ret21_max"": 1.0, ""dist_ema20_max"": 0.0, ""dist_ema50_min"": -1.0, ""dist_hh60_min"": -0.1, ""atr_ratio_max"": 10.0, ""vol_ratio_min"": 0.0, ""up_close"": true, ""strong_close"": false}",20132,2873.7504888541257,0.4114345320882178,0.1258513745952549,1.1846434138498687,14.0,0.0,0.04202171510304985,0.006139811825365006,0.1105166128565701,11870,2965.4688569472964,0.38289806234203877,0.05064407495312992,1.0718990369197667,13.0,0.0,0.048984763991202177,0.004545636072585641,0.08811540694550628
meanrev,2.0,3.0,46518,"{""family"": ""meanrev"", ""min_ddv"": 10000000.0, ""min_price"": 5.0, ""regime"": ""spy200"", ""trend"": true, ""mom_min"": 0.15, ""rsi2_max"": 100.0, ""rsi14_max"": 50.0, ""ret21_max"": 1.0, ""dist_ema20_max"": 0.0, ""dist_ema50_min"": -1.0, ""dist_hh60_min"": -0.1, ""atr_ratio_max"": 10.0, ""vol_ratio_min"": 0.0, ""up_close"": true, ""strong_close"": false}",20129,2873.322252639812,0.33479060062596255,0.21949850665896312,1.284002487707523,19.0,0.0,0.042021894540551864,0.010320552804739591,0.13688312141023035,11870,2965.4688569472964,0.3096040438079191,0.13326079764189405,1.169132067310036,17.0,0.0,0.048984763991202177,0.009080026726648177,0.13459804324207886
meanrev,2.0,4.0,46518,"{""family"": ""meanrev"", ""min_ddv"": 10000000.0, ""min_price"": 5.0, ""regime"": ""spy200"", ""trend"": true, ""mom_min"": 0.15, ""rsi2_max"": 100.0, ""rsi14_max"": 50.0, ""ret21_max"": 1.0, ""dist_ema20_max"": 0.0, ""dist_ema50_min"": -1.0, ""dist_hh60_min"": -0.1, ""atr_ratio_max"": 10.0, ""vol_ratio_min"": 0.0, ""up_close"": true, ""strong_close"": false}",20107,2870.1818537348454,0.29074451683493313,0.32431896610966404,1.391848420333991,23.0,0.0,0.04201650399038958,0.014842594418007475,0.16262320840599492,11867,2964.719370294319,0.26898120839302264,0.23297982988116447,1.278729236909913,20.0,0.0,0.0489758775958068,0.014272995690901662,0.17983974570536093
meanrev,2.0,6.0,46518,"{""family"": ""meanrev"", ""min_ddv"": 10000000.0, ""min_price"": 5.0, ""regime"": ""spy200"", ""trend"": true, ""mom_min"": 0.15, ""rsi2_max"": 100.0, ""rsi14_max"": 50.0, ""ret21_max"": 1.0, ""dist_ema20_max"": 0.0, ""dist_ema50_min"": -1.0, ""dist_hh60_min"": -0.1, ""atr_ratio_max"": 10.0, ""vol_ratio_min"": 0.0, ""up_close"": true, ""strong_close"": false}",20001,2855.0508408290966,0.2448377581120944,0.5739441378503627,1.6508170890379623,26.0,0.0014999250037498126,0.041950661125626586,0.025070883482483486,0.24299471683022456,11848,2959.9726214921284,0.18830182309250507,0.19046392229615863,1.2041946903653395,22.0,0.0007596218771100607,0.04894864722310485,0.012877079091434077,0.14750108777460852
meanrev,2.5,0.5,46518,"{""family"": ""meanrev"", ""min_ddv"": 10000000.0, ""min_price"": 5.0, ""regime"": ""spy200"", ""trend"": true, ""mom_min"": 0.15, ""rsi2_max"": 100.0, ""rsi14_max"": 50.0, ""ret21_max"": 1.0, ""dist_ema20_max"": 0.0, ""dist_ema50_min"": -1.0, ""dist_hh60_min"": -0.1, ""atr_ratio_max"": 10.0, ""vol_ratio_min"": 0.0, ""up_close"": true, ""strong_close"": false}",20134,2874.035979663668,0.7223105195192212,0.02145320370254136,1.068580777027905,6.0,0.0,0.05252761512683862,0.0015878163390930556,0.06668828624190834,11866,2964.469541409993,0.6749536490814091,-0.04743560644172864,0.8693671915100089,6.0,0.0,0.06121864640012285,-0.0020290920904776255,-0.08522186780006026
meanrev,2.5,1.0,46518,"{""family"": ""meanrev"", ""min_ddv"": 10000000.0, ""min_price"": 5.0, ""regime"": ""spy200"", ""trend"": true, ""mom_min"": 0.15, ""rsi2_max"": 100.0, ""rsi14_max"": 50.0, ""ret21_max"": 1.0, ""dist_ema20_max"": 0.0, ""dist_ema50_min"": -1.0, ""dist_hh60_min"": -0.1, ""atr_ratio_max"": 10.0, ""vol_ratio_min"": 0.0, ""up_close"": true, ""strong_close"": false}",20133,2873.893234258897,0.5740823523568271,0.0738461806337533,1.1534062136694976,11.0,0.0,0.05252736817568976,0.00461391038332469,0.10570049241798381,11866,2964.469541409993,0.5396089667958874,0.010977652605471127,1.021354060190655,11.0,0.0,0.06121864640012285,0.0021311441794317062,0.04882257574698091
meanrev,2.5,1.5,46518,"{""family"": ""meanrev"", ""min_ddv"": 10000000.0, ""min_price"": 5.0, ""regime"": ""spy200"", ""trend"": true, ""mom_min"": 0.15, ""rsi2_max"": 100.0, ""rsi14_max"": 50.0, ""ret21_max"": 1.0, ""dist_ema20_max"": 0.0, ""dist_ema50_min"": -1.0, ""dist_hh60_min"": -0.1, ""atr_ratio_max"": 10.0, ""vol_ratio_min"": 0.0, ""up_close"": true, ""strong_close"": false}",20129,2873.322252639812,0.4901882855581499,0.1428634545367754,1.2473096512985107,16.0,0.0,0.05252482554008028,0.008534857683921983,0.13442400852177122,11866,2964.469541409993,0.4587898196527895,0.07273608196094083,1.1202503364782257,16.0,0.0,0.06121864640012285,0.006586117068453897,0.10373134382814887
meanrev,2.5,2.0,46518,"{""family"": ""meanrev"", ""min_ddv"": 10000000.0, ""min_price"": 5.0, ""regime"": ""spy200"", ""trend"": true, ""mom_min"": 0.15, ""rsi2_max"": 100.0, ""rsi14_max"": 50.0, ""ret21_max"": 1.0, ""dist_ema20_max"": 0.0, ""dist_ema50_min"": -1.0, ""dist_hh60_min"": -0.1, ""atr_ratio_max"": 10.0, ""vol_ratio_min"": 0.0, ""up_close"": true, ""strong_close"": false}",20129,2873.322252639812,0.43151671717422624,0.2046748742240478,1.3171038580740906,21.0,0.0,0.05252482554008028,0.011979973848222861,0.14375968617867432,11866,2964.469541409993,0.40224169897185236,0.12777835109287897,1.1911749042298385,20.0,0.0,0.06121864640012285,0.010476103526583064,0.1319989044349466
meanrev,2.5,3.0,46518,"{""family"": ""meanrev"", ""min_ddv"": 10000000.0, ""min_price"": 5.0, ""regime"": ""spy200"", ""trend"": true, ""mom_min"": 0.15, ""rsi2_max"": 100.0, ""rsi14_max"": 50.0, ""ret21_max"": 1.0, ""dist_ema20_max"": 0.0, ""dist_ema50_min"": -1.0, ""dist_hh60_min"": -0.1, ""atr_ratio_max"": 10.0, ""vol_ratio_min"": 0.0, ""up_close"": true, ""strong_close"": false}",20101,2869.3253813062183,0.35779314461967066,0.33115490437446715,1.4528087470663027,30.0,9.949753743594846e-05,0.05252691958193494,0.01881222726742524,0.15802270904637203,11859,2962.7207392197124,0.33097225735728136,0.23634700208283552,1.315281163485072,27.0,0.0,0.06121272060511899,0.01741379383496382,0.1625287424596623
meanrev,2.5,4.0,46518,"{""family"": ""meanrev"", ""min_ddv"": 10000000.0, ""min_price"": 5.0, ""regime"": ""spy200"", ""trend"": true, ""mom_min"": 0.15, ""rsi2_max"": 100.0, ""rsi14_max"": 50.0, ""ret21_max"": 1.0, ""dist_ema20_max"": 0.0, ""dist_ema50_min"": -1.0, ""dist_hh60_min"": -0.1, ""atr_ratio_max"": 10.0, ""vol_ratio_min"": 0.0, ""up_close"": true, ""strong_close"": false}",20032,2859.4759483770044,0.3174920127795527,0.48018573674719267,1.6172534809890038,36.0,0.0006988817891373802,0.05247302933859493,0.02643074311574993,0.1850152018102495,11830,2955.4757015742643,0.2714285714285714,0.26047505937359344,1.3186018646828963,31.0,0.0005071851225697379,0.06117549237132058,0.01923733585162039,0.15638092369704315
meanrev,2.5,6.0,46518,"{""family"": ""meanrev"", ""min_ddv"": 10000000.0, ""min_price"": 5.0, ""regime"": ""spy200"", ""trend"": true, ""mom_min"": 0.15, ""rsi2_max"": 100.0, ""rsi14_max"": 50.0, ""ret21_max"": 1.0, ""dist_ema20_max"": 0.0, ""dist_ema50_min"": -1.0, ""dist_hh60_min"": -0.1, ""atr_ratio_max"": 10.0, ""vol_ratio_min"": 0.0, ""up_close"": true, ""strong_close"": false}",19757,2820.2209620649196,0.26679151693070813,0.732200736938914,1.8763953747964441,40.0,0.007642860758212279,0.052381213712222104,0.038813067466545004,0.24452232503923352,11745,2934.240246406571,0.17564921243082163,0.1066901346958709,1.1147217686919335,35.0,0.0037462750106428268,0.061051753805002995,0.010769326039326585,0.07753914748315141
meanrev,3.0,0.5,46518,"{""family"": ""meanrev"", ""min_ddv"": 10000000.0, ""min_price"": 5.0, ""regime"": ""spy200"", ""trend"": true, ""mom_min"": 0.15, ""rsi2_max"": 100.0, ""rsi14_max"": 50.0, ""ret21_max"": 1.0, ""dist_ema20_max"": 0.0, ""dist_ema50_min"": -1.0, ""dist_hh60_min"": -0.1, ""atr_ratio_max"": 10.0, ""vol_ratio_min"": 0.0, ""up_close"": true, ""strong_close"": false}",20130,2873.4649980445834,0.7296572280178838,0.04213460572597528,1.1399843595129142,7.0,0.0,0.06303104707320913,0.003336878529313122,0.1201276270552724,11829,2955.225872689938,0.6878857046242286,-0.017024681338733732,0.9504167867159858,8.0,0.0,0.07339722559539653,-0.0003013231344891686,-0.00949167873640881
meanrev,3.0,1.0,46518,"{""family"": ""meanrev"", ""min_ddv"": 10000000.0, ""min_price"": 5.0, ""regime"": ""spy200"", ""trend"": true, ""mom_min"": 0.15, ""rsi2_max"": 100.0, ""rsi14_max"": 50.0, ""ret21_max"": 1.0, ""dist_ema20_max"": 0.0, ""dist_ema50_min"": -1.0, ""dist_hh60_min"": -0.1, ""atr_ratio_max"": 10.0, ""vol_ratio_min"": 0.0, ""up_close"": true, ""strong_close"": false}",20129,2873.322252639812,0.5865666451388544,0.10992448945041035,1.2384353755762363,15.0,0.0,0.06302979064809634,0.00795106981248406,0.13357797284973222,11829,2955.225872689938,0.5582044128835911,0.060345347517363986,1.124014928682752,15.0,0.0,0.07339722559539653,0.00600734600624546,0.10092341290492372
meanrev,3.0,1.5,46518,"{""family"": ""meanrev"", ""min_ddv"": 10000000.0, ""min_price"": 5.0, ""regime"": ""spy200"", ""trend"": true, ""mom_min"": 0.15, ""rsi2_max"": 100.0, ""rsi14_max"": 50.0, ""ret21_max"": 1.0, ""dist_ema20_max"": 0.0, ""dist_ema50_min"": -1.0, ""dist_hh60_min"": -0.1, ""atr_ratio_max"": 10.0, ""vol_ratio_min"": 0.0, ""up_close"": true, ""strong_close"": false}",20122,2872.3230348064135,0.5030812046516251,0.18705159040340388,1.3370826532109705,22.0,0.0,0.06301787041645127,0.013006651455741446,0.1489852803112202,11829,2955.225872689938,0.47983768704032465,0.13828434618366933,1.241379097410913,22.0,0.0,0.07339722559539653,0.012491830296294373,0.1430882379393719
meanrev,3.0,2.0,46518,"{""family"": ""meanrev"", ""min_ddv"": 10000000.0, ""min_price"": 5.0, ""regime"": ""spy200"", ""trend"": true, ""mom_min"": 0.15, ""rsi2_max"": 100.0, ""rsi14_max"": 50.0, ""ret21_max"": 1.0, ""dist_ema20_max"": 0.0, ""dist_ema50_min"": -1.0, ""dist_hh60_min"": -0.1, ""atr_ratio_max"": 10.0, ""vol_ratio_min"": 0.0, ""up_close"": true, ""strong_close"": false}",20112,2870.8955807587017,0.4442621320604614,0.25579816054010024,1.4116428188452794,30.0,0.0,0.06301363512049195,0.01755729271190083,0.14748125877996696,11828,2954.9760438056123,0.4229793709841055,0.2032149346275009,1.3197266561414216,28.0,0.0,0.07339594343728947,0.017309057192135994,0.15578151472922394
meanrev,3.0,3.0,46518,"{""family"": ""meanrev"", ""min_ddv"": 10000000.0, ""min_price"": 5.0, ""regime"": ""spy200"", ""trend"": true, ""mom_min"": 0.15, ""rsi2_max"": 100.0, ""rsi14_max"": 50.0, ""ret21_max"": 1.0, ""dist_ema20_max"": 0.0, ""dist_ema50_min"": -1.0, ""dist_hh60_min"": -0.1, ""atr_ratio_max"": 10.0, ""vol_ratio_min"": 0.0, ""up_close"": true, ""strong_close"": false}",20023,2858.1912397340634,0.3766668331418868,0.4205119923499512,1.6020034727313963,43.0,0.0003495979623433052,0.06295806138723414,0.027809211099530103,0.16297491156003688,11797,2947.2313483915127,0.3366957701110452,0.2705102776560653,1.3692125881438038,39.0,0.0002543019411714843,0.0733397998304545,0.022585164115880355,0.14593490659491923
meanrev,3.0,4.0,46518,"{""family"": ""meanrev"", ""min_ddv"": 10000000.0, ""min_price"": 5.0, ""regime"": ""spy200"", ""trend"": true, ""mom_min"": 0.15, ""rsi2_max"": 100.0, ""rsi14_max"": 50.0, ""ret21_max"": 1.0, ""dist_ema20_max"": 0.0, ""dist_ema50_min"": -1.0, ""dist_hh60_min"": -0.1, ""atr_ratio_max"": 10.0, ""vol_ratio_min"": 0.0, ""up_close"": true, ""strong_close"": false}",19881,2837.9213922565505,0.33665308586087217,0.5878961240252459,1.791420895132971,50.0,0.003722146773301142,0.06286586483253497,0.03803080904641651,0.1916752775939392,11750,2935.4893908281997,0.25480851063829785,0.18455517669315954,1.2233721789432235,48.0,0.001702127659574468,0.07325221019737797,0.016873893707360463,0.08858794196364243
meanrev,3.0,6.0,46518,"{""family"": ""meanrev"", ""min_ddv"": 10000000.0, ""min_price"": 5.0, ""regime"": ""spy200"", ""trend"": true, ""mom_min"": 0.15, ""rsi2_max"": 100.0, ""rsi14_max"": 50.0, ""ret21_max"": 1.0, ""dist_ema20_max"": 0.0, ""dist_ema50_min"": -1.0, ""dist_hh60_min"": -0.1, ""atr_ratio_max"": 10.0, ""vol_ratio_min"": 0.0, ""up_close"": true, ""strong_close"": false}",19497,2783.1071568244033,0.2816330717546289,0.8140380118166463,2.0112989267499755,57.0,0.02128532594758168,0.06271925191047574,0.05062107280247626,0.22379842712673717,11554,2886.5229295003423,0.16184871040332352,-0.0034257141171081863,0.9963240426149939,54.0,0.011251514626969016,0.07296906878856285,0.0039843953464623995,0.018593844950157864
meanrev,1.0,0.5,12584,"{""family"": ""meanrev"", ""min_ddv"": 10000000.0, ""min_price"": 5.0, ""regime"": ""spy200"", ""trend"": true, ""mom_min"": 0.15, ""rsi2_max"": 100.0, ""rsi14_max"": 100.0, ""ret21_max"": 1.0, ""dist_ema20_max"": 0.0, ""dist_ema50_min"": -1.0, ""dist_hh60_min"": -0.05, ""atr_ratio_max"": 10.0, ""vol_ratio_min"": 0.0, ""up_close"": true, ""strong_close"": false}",7160,1022.0570981619085,0.6553072625698324,-0.22015685040760763,0.5115690851773651,2.0,0.0,0.016739230569189155,-0.003633709485024989,-0.45784739511314865,2821,704.7672826830938,0.6309819213045019,-0.23672089412941472,0.4993878074732992,2.0,0.0,0.017935789453978668,-0.004050935041156004,-0.5104178151856565
meanrev,1.0,1.0,12584,"{""family"": ""meanrev"", ""min_ddv"": 10000000.0, ""min_price"": 5.0, ""regime"": ""spy200"", ""trend"": true, ""mom_min"": 0.15, ""rsi2_max"": 100.0, ""rsi14_max"": 100.0, ""ret21_max"": 1.0, ""dist_ema20_max"": 0.0, ""dist_ema50_min"": -1.0, ""dist_hh60_min"": -0.05, ""atr_ratio_max"": 10.0, ""vol_ratio_min"": 0.0, ""up_close"": true, ""strong_close"": false}",7160,1022.0570981619085,0.525,-0.1764643016640419,0.7189451458203487,3.0,0.0,0.016739230569189155,-0.0028254164113527664,-0.2373349785536324,2821,704.7672826830938,0.4760723147819922,-0.2639375038259553,0.6141808082595431,2.0,0.0,0.017935789453978668,-0.004508715351686666,-0.5680981343125199
meanrev,1.0,1.5,12584,"{""family"": ""meanrev"", ""min_ddv"": 10000000.0, ""min_price"": 5.0, ""regime"": ""spy200"", ""trend"": true, ""mom_min"": 0.15, ""rsi2_max"": 100.0, ""rsi14_max"": 100.0, ""ret21_max"": 1.0, ""dist_ema20_max"": 0.0, ""dist_ema50_min"": -1.0, ""dist_hh60_min"": -0.05, ""atr_ratio_max"": 10.0, ""vol_ratio_min"": 0.0, ""up_close"": true, ""strong_close"": false}",7160,1022.0570981619085,0.4374301675977654,-0.14819947454671673,0.801333443820563,3.0,0.0,0.016739230569189155,-0.0023444249954877408,-0.19693169962097024,2821,704.7672826830938,0.3920595533498759,-0.2533337045500504,0.6820502559954479,3.0,0.0,0.017935789453978668,-0.004286966520104585,-0.36010518768878513
meanrev,1.0,2.0,12584,"{""family"": ""meanrev"", ""min_ddv"": 10000000.0, ""min_price"": 5.0, ""regime"": ""spy200"", ""trend"": true, ""mom_min"": 0.15, ""rsi2_max"": 100.0, ""rsi14_max"": 100.0, ""ret21_max"": 1.0, ""dist_ema20_max"": 0.0, ""dist_ema50_min"": -1.0, ""dist_hh60_min"": -0.05, ""atr_ratio_max"": 10.0, ""vol_ratio_min"": 0.0, ""up_close"": true, ""strong_close"": false}",7160,1022.0570981619085,0.3741620111731844,-0.13433901731295003,0.8389635975233608,4.0,0.0,0.016739230569189155,-0.002070573858256544,-0.13044615307016227,2821,704.7672826830938,0.3193902871322226,-0.29094472255077525,0.6745684172588474,4.0,0.0,0.017935789453978668,-0.004844260131106055,-0.3051883882596815
meanrev,1.0,3.0,12584,"{""family"": ""meanrev"", ""min_ddv"": 10000000.0, ""min_price"": 5.0, ""regime"": ""spy200"", ""trend"": true, ""mom_min"": 0.15, ""rsi2_max"": 100.0, ""rsi14_max"": 100.0, ""ret21_max"": 1.0, ""dist_ema20_max"": 0.0, ""dist_ema50_min"": -1.0, ""dist_hh60_min"": -0.05, ""atr_ratio_max"": 10.0, ""vol_ratio_min"": 0.0, ""up_close"": true, ""strong_close"": false}",7160,1022.0570981619085,0.30027932960893855,-0.06889300454720003,0.9262064433727212,5.0,0.0,0.016739230569189155,-0.0008889052580625966,-0.04480082500635487,2821,704.7672826830938,0.23998582063098192,-0.31031480805926076,0.691076463417964,5.0,0.0,0.017935789453978668,-0.005139817161129611,-0.2590467849209324
meanrev,1.0,4.0,12584,"{""family"": ""meanrev"", ""min_ddv"": 10000000.0, ""min_price"": 5.0, ""regime"": ""spy200"", ""trend"": true, ""mom_min"": 0.15, ""rsi2_max"": 100.0, ""rsi14_max"": 100.0, ""ret21_max"": 1.0, ""dist_ema20_max"": 0.0, ""dist_ema50_min"": -1.0, ""dist_hh60_min"": -0.05, ""atr_ratio_max"": 10.0, ""vol_ratio_min"": 0.0, ""up_close"": true, ""strong_close"": false}",7160,1022.0570981619085,0.25181564245810056,-0.021181757031512302,0.9789337494208726,6.0,0.0,0.016739230569189155,2.1188972059438508e-05,0.0008899368264964173,2821,704.7672826830938,0.19815668202764977,-0.2860595093057328,0.7296386025040343,5.0,0.0,0.017935789453978668,-0.004851326538229881,-0.244506857526786
meanrev,1.0,6.0,12584,"{""family"": ""meanrev"", ""min_ddv"": 10000000.0, ""min_price"": 5.0, ""regime"": ""spy200"", ""trend"": true, ""mom_min"": 0.15, ""rsi2_max"": 100.0, ""rsi14_max"": 100.0, ""ret21_max"": 1.0, ""dist_ema20_max"": 0.0, ""dist_ema50_min"": -1.0, ""dist_hh60_min"": -0.05, ""atr_ratio_max"": 10.0, ""vol_ratio_min"": 0.0, ""up_close"": true, ""strong_close"": false}",7160,1022.0570981619085,0.19064245810055866,0.03530887105954568,1.032296066234227,6.0,0.0,0.016739230569189155,0.0009389161099913851,0.03943447661963818,2821,704.7672826830938,0.14923785891527827,-0.24399574809157581,0.7830137152369364,5.0,0.0,0.017935789453978668,-0.004016034629534939,-0.20240814532856094
meanrev,1.5,0.5,12584,"{""family"": ""meanrev"", ""min_ddv"": 10000000.0, ""min_price"": 5.0, ""regime"": ""spy200"", ""trend"": true, ""mom_min"": 0.15, ""rsi2_max"": 100.0, ""rsi14_max"": 100.0, ""ret21_max"": 1.0, ""dist_ema20_max"": 0.0, ""dist_ema50_min"": -1.0, ""dist_hh60_min"": -0.05, ""atr_ratio_max"": 10.0, ""vol_ratio_min"": 0.0, ""up_close"": true, ""strong_close"": false}",7160,1022.0570981619085,0.6832402234636872,-0.10936869669162867,0.7176539808269349,3.0,0.0,0.025108845853783805,-0.0026498129852452245,-0.22258429076059885,2821,704.7672826830938,0.6387805742644452,-0.17322329010120202,0.6063731957536215,3.0,0.0,0.026903684180968,-0.004452121614781205,-0.3739782156416212
meanrev,1.5,1.0,12584,"{""family"": ""meanrev"", ""min_ddv"": 10000000.0, ""min_price"": 5.0, ""regime"": ""spy200"", ""trend"": true, ""mom_min"": 0.15, ""rsi2_max"": 100.0, ""rsi14_max"": 100.0, ""ret21_max"": 1.0, ""dist_ema20_max"": 0.0, ""dist_ema50_min"": -1.0, ""dist_hh60_min"": -0.05, ""atr_ratio_max"": 10.0, ""vol_ratio_min"": 0.0, ""up_close"": true, ""strong_close"": false}",7160,1022.0570981619085,0.5379888268156424,-0.07732456908762636,0.8641761845105641,5.0,0.0,0.025108845853783805,-0.0017180595612819253,-0.08659020188860903,2821,704.7672826830938,0.48635235732009924,-0.18329711606087068,0.710014581671058,4.0,0.0,0.026903684180968,-0.004640660521477349,-0.292361612853073
meanrev,1.5,1.5,12584,"{""family"": ""meanrev"", ""min_ddv"": 10000000.0, ""min_price"": 5.0, ""regime"": ""spy200"", ""trend"": true, ""mom_min"": 0.15, ""rsi2_max"": 100.0, ""rsi14_max"": 100.0, ""ret21_max"": 1.0, ""dist_ema20_max"": 0.0, ""dist_ema50_min"": -1.0, ""dist_hh60_min"": -0.05, ""atr_ratio_max"": 10.0, ""vol_ratio_min"": 0.0, ""up_close"": true, ""strong_close"": false}",7160,1022.0570981619085,0.44539106145251395,-0.05263487347732976,0.9232108366486461,6.0,0.0,0.025108845853783805,-0.0009329486861545896,-0.03918384481849276,2821,704.7672826830938,0.38177951081176886,-0.21779802886997576,0.7142107791185108,6.0,0.0,0.026903684180968,-0.005326227618686807,-0.2237015599848459
meanrev,1.5,2.0,12584,"{""family"": ""meanrev"", ""min_ddv"": 10000000.0, ""min_price"": 5.0, ""regime"": ""spy200"", ""trend"": true, ""mom_min"": 0.15, ""rsi2_max"": 100.0, ""rsi14_max"": 100.0, ""ret21_max"": 1.0, ""dist_ema20_max"": 0.0, ""dist_ema50_min"": -1.0, ""dist_hh60_min"": -0.05, ""atr_ratio_max"": 10.0, ""vol_ratio_min"": 0.0, ""up_close"": true, ""strong_close"": false}",7160,1022.0570981619085,0.3886871508379888,-0.009709933695007946,0.9871625384724925,8.0,0.0,0.025108845853783805,0.0001736026490008683,0.005468483443527351,2821,704.7672826830938,0.325771003190358,-0.20393073366430367,0.7546238669743967,7.0,0.0,0.026903684180968,-0.004889427180210807,-0.17601937848758906
meanrev,1.5,3.0,12584,"{""family"": ""meanrev"", ""min_ddv"": 10000000.0, ""min_price"": 5.0, ""regime"": ""spy200"", ""trend"": true, ""mom_min"": 0.15, ""rsi2_max"": 100.0, ""rsi14_max"": 100.0, ""ret21_max"": 1.0, ""dist_ema20_max"": 0.0, ""dist_ema50_min"": -1.0, ""dist_hh60_min"": -0.05, ""atr_ratio_max"": 10.0, ""vol_ratio_min"": 0.0, ""up_close"": true, ""strong_close"": false}",7160,1022.0570981619085,0.3094972067039106,0.04954905350575738,1.0575146812563112,10.0,0.0,0.025108845853783805,0.001836619181094179,0.04628280336357331,2821,704.7672826830938,0.24991137894363702,-0.19077315714198415,0.7932101828143929,9.0,0.0,0.026903684180968,-0.004728666264622937,-0.13240265540944224
meanrev,1.5,4.0,12584,"{""family"": ""meanrev"", ""min_ddv"": 10000000.0, ""min_price"": 5.0, ""regime"": ""spy200"", ""trend"": true, ""mom_min"": 0.15, ""rsi2_max"": 100.0, ""rsi14_max"": 100.0, ""ret21_max"": 1.0, ""dist_ema20_max"": 0.0, ""dist_ema50_min"": -1.0, ""dist_hh60_min"": -0.05, ""atr_ratio_max"": 10.0, ""vol_ratio_min"": 0.0, ""up_close"": true, ""strong_close"": false}",7159,1021.9143527571373,0.2595334543930717,0.09781334385946942,1.1056339719103099,12.0,0.0,0.025108429316618327,0.003005039721722637,0.06310583415617538,2821,704.7672826830938,0.21446295639844026,-0.12266038658967965,0.8729231802896238,10.0,0.0,0.026903684180968,-0.002781571877636668,-0.07009561131644403
meanrev,1.5,6.0,12584,"{""family"": ""meanrev"", ""min_ddv"": 10000000.0, ""min_price"": 5.0, ""regime"": ""spy200"", ""trend"": true, ""mom_min"": 0.15, ""rsi2_max"": 100.0, ""rsi14_max"": 100.0, ""ret21_max"": 1.0, ""dist_ema20_max"": 0.0, ""dist_ema50_min"": -1.0, ""dist_hh60_min"": -0.05, ""atr_ratio_max"": 10.0, ""vol_ratio_min"": 0.0, ""up_close"": true, ""strong_close"": false}",7156,1021.4861165428235,0.20933482392397987,0.24856616652491276,1.249665832391447,12.5,0.0,0.02510607842116444,0.006707813224687766,0.13522951460970536,2821,704.7672826830938,0.17015242821694435,-0.013521187417213669,0.9867786414359639,10.0,0.0,0.026903684180968,-0.00010579045753688291,-0.0026659195299294494
meanrev,2.0,0.5,12584,"{""family"": ""meanrev"", ""min_ddv"": 10000000.0, ""min_price"": 5.0, ""regime"": ""spy200"", ""trend"": true, ""mom_min"": 0.15, ""rsi2_max"": 100.0, ""rsi14_max"": 100.0, ""ret21_max"": 1.0, ""dist_ema20_max"": 0.0, ""dist_ema50_min"": -1.0, ""dist_hh60_min"": -0.05, ""atr_ratio_max"": 10.0, ""vol_ratio_min"": 0.0, ""up_close"": true, ""strong_close"": false}",7160,1022.0570981619085,0.7002793296089386,-0.05145125006040496,0.8547530106495668,4.0,0.0,0.033478461138378386,-0.0015740465333675857,-0.0991649316021579,2821,704.7672826830938,0.6348812477844736,-0.14723721518979108,0.6559657274885133,4.0,0.0,0.035871578907957336,-0.005128944588356948,-0.32312350906648774
meanrev,2.0,1.0,12584,"{""family"": ""meanrev"", ""min_ddv"": 10000000.0, ""min_price"": 5.0, ""regime"": ""spy200"", ""trend"": true, ""mom_min"": 0.15, ""rsi2_max"": 100.0, ""rsi14_max"": 100.0, ""ret21_max"": 1.0, ""dist_ema20_max"": 0.0, ""dist_ema50_min"": -1.0, ""dist_hh60_min"": -0.05, ""atr_ratio_max"": 10.0, ""vol_ratio_min"": 0.0, ""up_close"": true, ""strong_close"": false}",7160,1022.0570981619085,0.5472067039106145,-0.02466785976818843,0.954174002370512,7.0,0.0,0.033478461138378386,-0.0004444247777958912,-0.01599929200065208,2821,704.7672826830938,0.47961715703651187,-0.15835697270431345,0.7405162216963909,7.0,0.0,0.035871578907957336,-0.00541806794632931,-0.19505044606785518
meanrev,2.0,1.5,12584,"{""family"": ""meanrev"", ""min_ddv"": 10000000.0, ""min_price"": 5.0, ""regime"": ""spy200"", ""trend"": true, ""mom_min"": 0.15, ""rsi2_max"": 100.0, ""rsi14_max"": 100.0, ""ret21_max"": 1.0, ""dist_ema20_max"": 0.0, ""dist_ema50_min"": -1.0, ""dist_hh60_min"": -0.05, ""atr_ratio_max"": 10.0, ""vol_ratio_min"": 0.0, ""up_close"": true, ""strong_close"": false}",7160,1022.0570981619085,0.46256983240223465,0.02643468486786153,1.0412852359331528,10.0,0.0,0.033478461138378386,0.0014570993030343395,0.036718902436465355,2821,704.7672826830938,0.3934774902516838,-0.144634843670751,0.7970123276589461,9.0,0.0,0.035871578907957336,-0.004684733247859854,-0.13117253094007592
meanrev,2.0,2.0,12584,"{""family"": ""meanrev"", ""min_ddv"": 10000000.0, ""min_price"": 5.0, ""regime"": ""spy200"", ""trend"": true, ""mom_min"": 0.15, ""rsi2_max"": 100.0, ""rsi14_max"": 100.0, ""ret21_max"": 1.0, ""dist_ema20_max"": 0.0, ""dist_ema50_min"": -1.0, ""dist_hh60_min"": -0.05, ""atr_ratio_max"": 10.0, ""vol_ratio_min"": 0.0, ""up_close"": true, ""strong_close"": false}",7160,1022.0570981619085,0.4022346368715084,0.0693513680568987,1.0967742752825254,13.0,0.0,0.033478461138378386,0.0030421934013967157,0.05897174901169018,2821,704.7672826830938,0.337468982630273,-0.12210268731789917,0.8430915262636831,12.0,0.0,0.035871578907957336,-0.004068879601016881,-0.0854464716213545
meanrev,2.0,3.0,12584,"{""family"": ""meanrev"", ""min_ddv"": 10000000.0, ""min_price"": 5.0, ""regime"": ""spy200"", ""trend"": true, ""mom_min"": 0.15, ""rsi2_max"": 100.0, ""rsi14_max"": 100.0, ""ret21_max"": 1.0, ""dist_ema20_max"": 0.0, ""dist_ema50_min"": -1.0, ""dist_hh60_min"": -0.05, ""atr_ratio_max"": 10.0, ""vol_ratio_min"": 0.0, ""up_close"": true, ""strong_close"": false}",7159,1021.9143527571373,0.3207151836848722,0.1314175959546943,1.1608252071628478,17.0,0.0,0.03347790575549101,0.005069284273149139,0.07514468451962253,2821,704.7672826830938,0.2704714640198511,-0.05830212899656773,0.9318487370500682,15.0,0.0,0.035871578907957336,-0.0016887486574295694,-0.028370977444816765
meanrev,2.0,4.0,12584,"{""family"": ""meanrev"", ""min_ddv"": 10000000.0, ""min_price"": 5.0, ""regime"": ""spy200"", ""trend"": true, ""mom_min"": 0.15, ""rsi2_max"": 100.0, ""rsi14_max"": 100.0, ""ret21_max"": 1.0, ""dist_ema20_max"": 0.0, ""dist_ema50_min"": -1.0, ""dist_hh60_min"": -0.05, ""atr_ratio_max"": 10.0, ""vol_ratio_min"": 0.0, ""up_close"": true, ""strong_close"": false}",7154,1021.2006257332812,0.27872518870561924,0.23103674130541885,1.2652378457696696,20.0,0.0,0.03347293833055248,0.008282054664873372,0.10435388877740448,2821,704.7672826830938,0.2304147465437788,0.006518228738572871,1.0072125921682962,16.0,0.0,0.035871578907957336,0.0004979010792746901,0.007841941998576369
meanrev,2.0,6.0,12584,"{""family"": ""meanrev"", ""min_ddv"": 10000000.0, ""min_price"": 5.0, ""regime"": ""spy200"", ""trend"": true, ""mom_min"": 0.15, ""rsi2_max"": 100.0, ""rsi14_max"": 100.0, ""ret21_max"": 1.0, ""dist_ema20_max"": 0.0, ""dist_ema50_min"": -1.0, ""dist_hh60_min"": -0.05, ""atr_ratio_max"": 10.0, ""vol_ratio_min"": 0.0, ""up_close"": true, ""strong_close"": false}",7141,1019.3449354712553,0.23568127713205433,0.4766316476500079,1.5146951465192724,22.0,0.0,0.03347082157054393,0.01667120311848035,0.1909610539025931,2816,703.5181382614647,0.16228693181818182,-0.025007180500290938,0.9747538841537853,16.0,0.0,0.03584205172369419,-0.0012298851649253733,-0.019370691347574628
meanrev,2.5,0.5,12584,"{""family"": ""meanrev"", ""min_ddv"": 10000000.0, ""min_price"": 5.0, ""regime"": ""spy200"", ""trend"": true, ""mom_min"": 0.15, ""rsi2_max"": 100.0, ""rsi14_max"": 100.0, ""ret21_max"": 1.0, ""dist_ema20_max"": 0.0, ""dist_ema50_min"": -1.0, ""dist_hh60_min"": -0.05, ""atr_ratio_max"": 10.0, ""vol_ratio_min"": 0.0, ""up_close"": true, ""strong_close"": false}",7160,1022.0570981619085,0.7110335195530726,-0.016169732565757832,0.9517314689466372,5.0,0.0,0.04184807642297296,-0.0004689607377232875,-0.02363562118125369,2821,704.7672826830938,0.6497695852534562,-0.10254167723700848,0.742244914840511,5.0,0.0,0.04483947363494667,-0.0044181503013465484,-0.22267477518786602
meanrev,2.5,1.0,12584,"{""family"": ""meanrev"", ""min_ddv"": 10000000.0, ""min_price"": 5.0, ""regime"": ""spy200"", ""trend"": true, ""mom_min"": 0.15, ""rsi2_max"": 100.0, ""rsi14_max"": 100.0, ""ret21_max"": 1.0, ""dist_ema20_max"": 0.0, ""dist_ema50_min"": -1.0, ""dist_hh60_min"": -0.05, ""atr_ratio_max"": 10.0, ""vol_ratio_min"": 0.0, ""up_close"": true, ""strong_close"": false}",7160,1022.0570981619085,0.5611731843575419,0.024584466087235576,1.048095005047699,10.0,0.0,0.04184807642297296,0.0016272739543293445,0.04100730364909948,2821,704.7672826830938,0.4867068415455512,-0.1214949143677917,0.7924845421887075,10.0,0.0,0.04483947363494667,-0.0047796274531167575,-0.12044661181854228
meanrev,2.5,1.5,12584,"{""family"": ""meanrev"", ""min_ddv"": 10000000.0, ""min_price"": 5.0, ""regime"": ""spy200"", ""trend"": true, ""mom_min"": 0.15, ""rsi2_max"": 100.0, ""rsi14_max"": 100.0, ""ret21_max"": 1.0, ""dist_ema20_max"": 0.0, ""dist_ema50_min"": -1.0, ""dist_hh60_min"": -0.05, ""atr_ratio_max"": 10.0, ""vol_ratio_min"": 0.0, ""up_close"": true, ""strong_close"": false}",7160,1022.0570981619085,0.4791899441340782,0.08908836332800608,1.1458057351137525,15.0,0.0,0.04184807642297296,0.004532262352215423,0.0761420075172191,2821,704.7672826830938,0.4108472172988302,-0.07575363683131447,0.8875138095701457,14.0,0.0,0.04483947363494667,-0.00266066072680013,-0.04789189308240234
meanrev,2.5,2.0,12584,"{""family"": ""meanrev"", ""min_ddv"": 10000000.0, ""min_price"": 5.0, ""regime"": ""spy200"", ""trend"": true, ""mom_min"": 0.15, ""rsi2_max"": 100.0, ""rsi14_max"": 100.0, ""ret21_max"": 1.0, ""dist_ema20_max"": 0.0, ""dist_ema50_min"": -1.0, ""dist_hh60_min"": -0.05, ""atr_ratio_max"": 10.0, ""vol_ratio_min"": 0.0, ""up_close"": true, ""strong_close"": false}",7160,1022.0570981619085,0.4160614525139665,0.13167459277789534,1.1920973146889313,19.0,0.0,0.04184807642297296,0.006442214470211221,0.08544410771016987,2821,704.7672826830938,0.35271180432470756,-0.04778009357763251,0.9353236166237441,17.0,0.0,0.04483947363494667,-0.0014930474989923192,-0.02213223351447438
meanrev,2.5,3.0,12584,"{""family"": ""meanrev"", ""min_ddv"": 10000000.0, ""min_price"": 5.0, ""regime"": ""spy200"", ""trend"": true, ""mom_min"": 0.15, ""rsi2_max"": 100.0, ""rsi14_max"": 100.0, ""ret21_max"": 1.0, ""dist_ema20_max"": 0.0, ""dist_ema50_min"": -1.0, ""dist_hh60_min"": -0.05, ""atr_ratio_max"": 10.0, ""vol_ratio_min"": 0.0, ""up_close"": true, ""strong_close"": false}",7148,1020.3441533046539,0.34597090095131505,0.2558627712077399,1.3325568533328997,27.0,0.0,0.04184807642297296,0.011443313505699163,0.10680425938652552,2821,704.7672826830938,0.28394186458702586,0.024710839995455626,1.0302493154936556,22.0,0.0,0.04483947363494667,0.0015740814267511862,0.018030387251877226
meanrev,2.5,4.0,12584,"{""family"": ""meanrev"", ""min_ddv"": 10000000.0, ""min_price"": 5.0, ""regime"": ""spy200"", ""trend"": true, ""mom_min"": 0.15, ""rsi2_max"": 100.0, ""rsi14_max"": 100.0, ""ret21_max"": 1.0, ""dist_ema20_max"": 0.0, ""dist_ema50_min"": -1.0, ""dist_hh60_min"": -0.05, ""atr_ratio_max"": 10.0, ""vol_ratio_min"": 0.0, ""up_close"": true, ""strong_close"": false}",7139,1019.0594446617129,0.30746603165709485,0.4029731691743388,1.4942559629943726,31.0,0.00014007564084605686,0.04184003433123485,0.017699754679975022,0.14388187675334532,2821,704.7672826830938,0.23218716767103864,0.037543398497106494,1.0426639329259177,23.0,0.0003544842254519674,0.04483947363494667,0.002140777055611221,0.023455470348435984
meanrev,2.5,6.0,12584,"{""family"": ""meanrev"", ""min_ddv"": 10000000.0, ""min_price"": 5.0, ""regime"": ""spy200"", ""trend"": true, ""mom_min"": 0.15, ""rsi2_max"": 100.0, ""rsi14_max"": 100.0, ""ret21_max"": 1.0, ""dist_ema20_max"": 0.0, ""dist_ema50_min"": -1.0, ""dist_hh60_min"": -0.05, ""atr_ratio_max"": 10.0, ""vol_ratio_min"": 0.0, ""up_close"": true, ""strong_close"": false}",7090,1012.0649198279233,0.26530324400564176,0.7028357957749781,1.8116816151882456,34.0,0.003526093088857546,0.04181895371457578,0.030338301524911487,0.22486035247875574,2814,703.0184804928131,0.14285714285714285,-0.15077596540877614,0.8486552590771768,24.0,0.0010660980810234541,0.044798301295096196,-0.0065770385022775,-0.06905890427391376
meanrev,3.0,0.5,12584,"{""family"": ""meanrev"", ""min_ddv"": 10000000.0, ""min_price"": 5.0, ""regime"": ""spy200"", ""trend"": true, ""mom_min"": 0.15, ""rsi2_max"": 100.0, ""rsi14_max"": 100.0, ""ret21_max"": 1.0, ""dist_ema20_max"": 0.0, ""dist_ema50_min"": -1.0, ""dist_hh60_min"": -0.05, ""atr_ratio_max"": 10.0, ""vol_ratio_min"": 0.0, ""up_close"": true, ""strong_close"": false}",7160,1022.0570981619085,0.7145251396648045,0.0021346105952589115,1.006553116464301,7.0,0.0,0.05021769170756761,0.00046859131442147873,0.016869287319173233,2821,704.7672826830938,0.6426799007444168,-0.10127555161554003,0.7454594696985969,7.0,0.0,0.053807368361936,-0.0052851556682445055,-0.1902656040568022
meanrev,3.0,1.0,12584,"{""family"": ""meanrev"", ""min_ddv"": 10000000.0, ""min_price"": 5.0, ""regime"": ""spy200"", ""trend"": true, ""mom_min"": 0.15, ""rsi2_max"": 100.0, ""rsi14_max"": 100.0, ""ret21_max"": 1.0, ""dist_ema20_max"": 0.0, ""dist_ema50_min"": -1.0, ""dist_hh60_min"": -0.05, ""atr_ratio_max"": 10.0, ""vol_ratio_min"": 0.0, ""up_close"": true, ""strong_close"": false}",7160,1022.0570981619085,0.5761173184357542,0.0683317804584111,1.1404748889520633,14.0,0.0,0.05021769170756761,0.004145379605354171,0.07461683289637508,2821,704.7672826830938,0.5065579581708614,-0.06393190355028222,0.8839776886097606,13.0,0.0,0.053807368361936,-0.0027546274110776276,-0.05339739289165863
meanrev,3.0,1.5,12584,"{""family"": ""meanrev"", ""min_ddv"": 10000000.0, ""min_price"": 5.0, ""regime"": ""spy200"", ""trend"": true, ""mom_min"": 0.15, ""rsi2_max"": 100.0, ""rsi14_max"": 100.0, ""ret21_max"": 1.0, ""dist_ema20_max"": 0.0, ""dist_ema50_min"": -1.0, ""dist_hh60_min"": -0.05, ""atr_ratio_max"": 10.0, ""vol_ratio_min"": 0.0, ""up_close"": true, ""strong_close"": false}",7159,1021.9143527571373,0.49001257158821065,0.13349499219737188,1.2276366830789025,20.0,0.0,0.050216858633236654,0.007501131532817706,0.09451425731350309,2821,704.7672826830938,0.4228996809641971,-0.026234806600053284,0.9594152825878312,19.0,0.0,0.053807368361936,-0.0009931843963884204,-0.013172761467888525
meanrev,3.0,2.0,12584,"{""family"": ""meanrev"", ""min_ddv"": 10000000.0, ""min_price"": 5.0, ""regime"": ""spy200"", ""trend"": true, ""mom_min"": 0.15, ""rsi2_max"": 100.0, ""rsi14_max"": 100.0, ""ret21_max"": 1.0, ""dist_ema20_max"": 0.0, ""dist_ema50_min"": -1.0, ""dist_hh60_min"": -0.05, ""atr_ratio_max"": 10.0, ""vol_ratio_min"": 0.0, ""up_close"": true, ""strong_close"": false}",7158,1021.771607352366,0.42749371332774516,0.1836570251375433,1.2790928664114518,27.0,0.0,0.050215199261859335,0.010050386649498278,0.09380360872865058,2821,704.7672826830938,0.3718539524991138,0.027982824669419138,1.0397410632809945,23.0,0.0,0.053807368361936,0.002068844821112658,0.022667343257408254
meanrev,3.0,3.0,12584,"{""family"": ""meanrev"", ""min_ddv"": 10000000.0, ""min_price"": 5.0, ""regime"": ""spy200"", ""trend"": true, ""mom_min"": 0.15, ""rsi2_max"": 100.0, ""rsi14_max"": 100.0, ""ret21_max"": 1.0, ""dist_ema20_max"": 0.0, ""dist_ema50_min"": -1.0, ""dist_hh60_min"": -0.05, ""atr_ratio_max"": 10.0, ""vol_ratio_min"": 0.0, ""up_close"": true, ""strong_close"": false}",7134,1018.3457176378569,0.36487244182786654,0.3509692168250031,1.4796539489913214,36.0,0.00014017381553125876,0.050205974898113945,0.01838097947393119,0.12866685631751834,2821,704.7672826830938,0.28961361219425735,0.059732166076983804,1.0747836152595045,29.0,0.0003544842254519674,0.053807368361936,0.0033734131379683334,0.029313796923035176
meanrev,3.0,4.0,12584,"{""family"": ""meanrev"", ""min_ddv"": 10000000.0, ""min_price"": 5.0, ""regime"": ""spy200"", ""trend"": true, ""mom_min"": 0.15, ""rsi2_max"": 100.0, ""rsi14_max"": 100.0, ""ret21_max"": 1.0, ""dist_ema20_max"": 0.0, ""dist_ema50_min"": -1.0, ""dist_hh60_min"": -0.05, ""atr_ratio_max"": 10.0, ""vol_ratio_min"": 0.0, ""up_close"": true, ""strong_close"": false}",7110,1014.9198279233476,0.32939521800281296,0.5300115891250304,1.6859686702795238,43.0,0.0015471167369901547,0.05018741626689257,0.027385087733312625,0.1604893513673205,2813,702.7686516084873,0.21542836829008177,-0.03667473193037284,0.9587743229707135,33.0,0.00035549235691432633,0.05375792991279459,-0.0023049970853070275,-0.017601795924162757
meanrev,3.0,6.0,12584,"{""family"": ""meanrev"", ""min_ddv"": 10000000.0, ""min_price"": 5.0, ""regime"": ""spy200"", ""trend"": true, ""mom_min"": 0.15, ""rsi2_max"": 100.0, ""rsi14_max"": 100.0, ""ret21_max"": 1.0, ""dist_ema20_max"": 0.0, ""dist_ema50_min"": -1.0, ""dist_hh60_min"": -0.05, ""atr_ratio_max"": 10.0, ""vol_ratio_min"": 0.0, ""up_close"": true, ""strong_close"": false}",7031,1003.6429409464215,0.2833167401507609,0.8283314942449985,2.00414913907076,47.0,0.012373773289716969,0.05013371548959206,0.04258732064908901,0.22834052773554106,2801,699.7707049965777,0.1185290967511603,-0.31634979468714214,0.6859652026897243,35.0,0.004284184219921457,0.05371919820273293,-0.01667115340946129,-0.12003230454812129
meanrev,1.0,0.5,6981,"{""family"": ""meanrev"", ""min_ddv"": 10000000.0, ""min_price"": 5.0, ""regime"": ""spy200"", ""trend"": true, ""mom_min"": 0.15, ""rsi2_max"": 100.0, ""rsi14_max"": 50.0, ""ret21_max"": 1.0, ""dist_ema20_max"": 0.0, ""dist_ema50_min"": -1.0, ""dist_hh60_min"": -0.05, ""atr_ratio_max"": 10.0, ""vol_ratio_min"": 0.0, ""up_close"": true, ""strong_close"": false}",4092,584.1141963238169,0.6542033235581622,-0.22377066987821093,0.5046347356718786,2.0,0.0,0.016379550319576622,-0.003588710891104142,-0.4521775722791219,1548,386.73511293634493,0.6311369509043928,-0.24016876778240864,0.49497714041799856,2.0,0.0,0.01737065232755121,-0.003938905881024613,-0.49630214100910125
meanrev,1.0,1.0,6981,"{""family"": ""meanrev"", ""min_ddv"": 10000000.0, ""min_price"": 5.0, ""regime"": ""spy200"", ""trend"": true, ""mom_min"": 0.15, ""rsi2_max"": 100.0, ""rsi14_max"": 50.0, ""ret21_max"": 1.0, ""dist_ema20_max"": 0.0, ""dist_ema50_min"": -1.0, ""dist_hh60_min"": -0.05, ""atr_ratio_max"": 10.0, ""vol_ratio_min"": 0.0, ""up_close"": true, ""strong_close"": false}",4092,584.1141963238169,0.5298142717497556,-0.1676204973355374,0.7301227624876222,3.0,0.0,0.016379550319576622,-0.002598208031428141,-0.2182494746399639,1548,386.73511293634493,0.479328165374677,-0.2651000458971122,0.6131120080907664,2.0,0.0,0.01737065232755121,-0.0044104997983136435,-0.5557229745875191
meanrev,1.0,1.5,6981,"{""family"": ""meanrev"", ""min_ddv"": 10000000.0, ""min_price"": 5.0, ""regime"": ""spy200"", ""trend"": true, ""mom_min"": 0.15, ""rsi2_max"": 100.0, ""rsi14_max"": 50.0, ""ret21_max"": 1.0, ""dist_ema20_max"": 0.0, ""dist_ema50_min"": -1.0, ""dist_hh60_min"": -0.05, ""atr_ratio_max"": 10.0, ""vol_ratio_min"": 0.0, ""up_close"": true, ""strong_close"": false}",4092,584.1141963238169,0.4479472140762463,-0.12328411661526775,0.8319008945400191,3.0,0.0,0.016379550319576622,-0.0018294775889468712,-0.15367611747153717,1548,386.73511293634493,0.39018087855297157,-0.26407427275737116,0.6705503695757741,3.0,0.0,0.01737065232755121,-0.0044384082262906325,-0.3728262910084131
meanrev,1.0,2.0,6981,"{""family"": ""meanrev"", ""min_ddv"": 10000000.0, ""min_price"": 5.0, ""regime"": ""spy200"", ""trend"": true, ""mom_min"": 0.15, ""rsi2_max"": 100.0, ""rsi14_max"": 50.0, ""ret21_max"": 1.0, ""dist_ema20_max"": 0.0, ""dist_ema50_min"": -1.0, ""dist_hh60_min"": -0.05, ""atr_ratio_max"": 10.0, ""vol_ratio_min"": 0.0, ""up_close"": true, ""strong_close"": false}",4092,584.1141963238169,0.38514173998044965,-0.10549633989905681,0.8719026573136854,4.0,0.0,0.016379550319576622,-0.0014449664750584355,-0.09103288792868144,1548,386.73511293634493,0.312015503875969,-0.32158538950310805,0.6450910750029213,4.0,0.0,0.01737065232755121,-0.00540011668657134,-0.3402073512539944
meanrev,1.0,3.0,6981,"{""family"": ""meanrev"", ""min_ddv"": 10000000.0, ""min_price"": 5.0, ""regime"": ""spy200"", ""trend"": true, ""mom_min"": 0.15, ""rsi2_max"": 100.0, ""rsi14_max"": 50.0, ""ret21_max"": 1.0, ""dist_ema20_max"": 0.0, ""dist_ema50_min"": -1.0, ""dist_hh60_min"": -0.05, ""atr_ratio_max"": 10.0, ""vol_ratio_min"": 0.0, ""up_close"": true, ""strong_close"": false}",4092,584.1141963238169,0.31158357771260997,-0.030420949908270895,0.9670962482986688,5.0,0.0,0.016379550319576622,-0.00016975755896334318,-0.008555780971752495,1548,386.73511293634493,0.23772609819121446,-0.3309903306482482,0.673951285332825,5.0,0.0,0.01737065232755121,-0.0053482691169928495,-0.2695527634964396
meanrev,1.0,4.0,6981,"{""family"": ""meanrev"", ""min_ddv"": 10000000.0, ""min_price"": 5.0, ""regime"": ""spy200"", ""trend"": true, ""mom_min"": 0.15, ""rsi2_max"": 100.0, ""rsi14_max"": 50.0, ""ret21_max"": 1.0, ""dist_ema20_max"": 0.0, ""dist_ema50_min"": -1.0, ""dist_hh60_min"": -0.05, ""atr_ratio_max"": 10.0, ""vol_ratio_min"": 0.0, ""up_close"": true, ""strong_close"": false}",4092,584.1141963238169,0.2624633431085044,0.031289709698361506,1.0314179083280854,6.0,0.0,0.016379550319576622,0.0009538584228735994,0.04006205376069118,1548,386.73511293634493,0.20025839793281655,-0.2849220634735493,0.7318074921306627,5.0,0.0,0.01737065232755121,-0.00468398126527442,-0.23607265576983077
meanrev,1.0,6.0,6981,"{""family"": ""meanrev"", ""min_ddv"": 10000000.0, ""min_price"": 5.0, ""regime"": ""spy200"", ""trend"": true, ""mom_min"": 0.15, ""rsi2_max"": 100.0, ""rsi14_max"": 50.0, ""ret21_max"": 1.0, ""dist_ema20_max"": 0.0, ""dist_ema50_min"": -1.0, ""dist_hh60_min"": -0.05, ""atr_ratio_max"": 10.0, ""vol_ratio_min"": 0.0, ""up_close"": true, ""strong_close"": false}",4092,584.1141963238169,0.20112414467253176,0.10422857668753839,1.096050709278658,7.0,0.0,0.016379550319576622,0.0021205346475110147,0.07633924731039653,1548,386.73511293634493,0.14599483204134367,-0.2775616502073382,0.7559367080559835,5.0,0.0,0.01737065232755121,-0.004525965657320627,-0.2281086691289596
meanrev,1.5,0.5,6981,"{""family"": ""meanrev"", ""min_ddv"": 10000000.0, ""min_price"": 5.0, ""regime"": ""spy200"", ""trend"": true, ""mom_min"": 0.15, ""rsi2_max"": 100.0, ""rsi14_max"": 50.0, ""ret21_max"": 1.0, ""dist_ema20_max"": 0.0, ""dist_ema50_min"": -1.0, ""dist_hh60_min"": -0.05, ""atr_ratio_max"": 10.0, ""vol_ratio_min"": 0.0, ""up_close"": true, ""strong_close"": false}",4092,584.1141963238169,0.6845063538611925,-0.1094294250753835,0.7161901801464899,3.0,0.0,0.02456932547936502,-0.002538602247605324,-0.2132425887988472,1548,386.73511293634493,0.6421188630490956,-0.16802266979135444,0.6141719140111592,2.0,0.0,0.026055978491326813,-0.004186650139215217,-0.5275179175411173
meanrev,1.5,1.0,6981,"{""family"": ""meanrev"", ""min_ddv"": 10000000.0, ""min_price"": 5.0, ""regime"": ""spy200"", ""trend"": true, ""mom_min"": 0.15, ""rsi2_max"": 100.0, ""rsi14_max"": 50.0, ""ret21_max"": 1.0, ""dist_ema20_max"": 0.0, ""dist_ema50_min"": -1.0, ""dist_hh60_min"": -0.05, ""atr_ratio_max"": 10.0, ""vol_ratio_min"": 0.0, ""up_close"": true, ""strong_close"": false}",4092,584.1141963238169,0.5456989247311828,-0.06559153268354903,0.8834449235200798,5.0,0.0,0.02456932547936502,-0.0013149589538246937,-0.06627393127276457,1548,386.73511293634493,0.48578811369509045,-0.1882154017478955,0.7033929232348844,4.0,0.0,0.026055978491326813,-0.004797432409611154,-0.3022382418055027
meanrev,1.5,1.5,6981,"{""family"": ""meanrev"", ""min_ddv"": 10000000.0, ""min_price"": 5.0, ""regime"": ""spy200"", ""trend"": true, ""mom_min"": 0.15, ""rsi2_max"": 100.0, ""rsi14_max"": 50.0, ""ret21_max"": 1.0, ""dist_ema20_max"": 0.0, ""dist_ema50_min"": -1.0, ""dist_hh60_min"": -0.05, ""atr_ratio_max"": 10.0, ""vol_ratio_min"": 0.0, ""up_close"": true, ""strong_close"": false}",4092,584.1141963238169,0.45576735092864123,-0.03151142301031184,0.9534207236471397,6.0,0.0,0.02456932547936502,-0.0002724722560565475,-0.011443834754374995,1548,386.73511293634493,0.375968992248062,-0.2406894676689843,0.6889119457052336,6.0,0.0,0.026055978491326813,-0.005888701043492779,-0.24732544382669674
meanrev,1.5,2.0,6981,"{""family"": ""meanrev"", ""min_ddv"": 10000000.0, ""min_price"": 5.0, ""regime"": ""spy200"", ""trend"": true, ""mom_min"": 0.15, ""rsi2_max"": 100.0, ""rsi14_max"": 50.0, ""ret21_max"": 1.0, ""dist_ema20_max"": 0.0, ""dist_ema50_min"": -1.0, ""dist_hh60_min"": -0.05, ""atr_ratio_max"": 10.0, ""vol_ratio_min"": 0.0, ""up_close"": true, ""strong_close"": false}",4092,584.1141963238169,0.3993157380254154,0.017015316139664352,1.022761047912479,8.0,0.0,0.02456932547936502,0.0009270942421212045,0.029203468626817945,1548,386.73511293634493,0.3301033591731266,-0.19858805558253884,0.7610593512297799,7.0,0.0,0.026055978491326813,-0.004484665387380808,-0.16144795394570907
meanrev,1.5,3.0,6981,"{""family"": ""meanrev"", ""min_ddv"": 10000000.0, ""min_price"": 5.0, ""regime"": ""spy200"", ""trend"": true, ""mom_min"": 0.15, ""rsi2_max"": 100.0, ""rsi14_max"": 50.0, ""ret21_max"": 1.0, ""dist_ema20_max"": 0.0, ""dist_ema50_min"": -1.0, ""dist_hh60_min"": -0.05, ""atr_ratio_max"": 10.0, ""vol_ratio_min"": 0.0, ""up_close"": true, ""strong_close"": false}",4092,584.1141963238169,0.32111436950146627,0.09714274477310804,1.1144733844674326,10.0,0.0,0.02456932547936502,0.003054637880526007,0.07697687458925537,1548,386.73511293634493,0.25193798449612403,-0.18942991783228152,0.7953857268362338,9.0,0.0,0.026055978491326813,-0.004462893456684461,-0.12496101678716492
meanrev,1.5,4.0,6981,"{""family"": ""meanrev"", ""min_ddv"": 10000000.0, ""min_price"": 5.0, ""regime"": ""spy200"", ""trend"": true, ""mom_min"": 0.15, ""rsi2_max"": 100.0, ""rsi14_max"": 50.0, ""ret21_max"": 1.0, ""dist_ema20_max"": 0.0, ""dist_ema50_min"": -1.0, ""dist_hh60_min"": -0.05, ""atr_ratio_max"": 10.0, ""vol_ratio_min"": 0.0, ""up_close"": true, ""strong_close"": false}",4091,583.9714509190458,0.26986066976289413,0.1463545083573899,1.1595934706056485,12.0,0.0,0.024568897636265418,0.004223287488752545,0.08868903726380345,1548,386.73511293634493,0.21511627906976744,-0.126188956089601,0.8699211420175904,10.0,0.0,0.026055978491326813,-0.0028019061706994514,-0.07060803550162617
meanrev,1.5,6.0,6981,"{""family"": ""meanrev"", ""min_ddv"": 10000000.0, ""min_price"": 5.0, ""regime"": ""spy200"", ""trend"": true, ""mom_min"": 0.15, ""rsi2_max"": 100.0, ""rsi14_max"": 50.0, ""ret21_max"": 1.0, ""dist_ema20_max"": 0.0, ""dist_ema50_min"": -1.0, ""dist_hh60_min"": -0.05, ""atr_ratio_max"": 10.0, ""vol_ratio_min"": 0.0, ""up_close"": true, ""strong_close"": false}",4088,583.5432147047321,0.21673189823874756,0.29645408936947387,1.2986889726530377,13.0,0.0,0.024566781915630387,0.007839144022032389,0.15195879181170477,1548,386.73511293634493,0.16925064599483206,-0.0248032612045745,0.9758688899988671,10.0,0.0,0.026055978491326813,-0.00035603949737304406,-0.00897219533380071
meanrev,2.0,0.5,6981,"{""family"": ""meanrev"", ""min_ddv"": 10000000.0, ""min_price"": 5.0, ""regime"": ""spy200"", ""trend"": true, ""mom_min"": 0.15, ""rsi2_max"": 100.0, ""rsi14_max"": 50.0, ""ret21_max"": 1.0, ""dist_ema20_max"": 0.0, ""dist_ema50_min"": -1.0, ""dist_hh60_min"": -0.05, ""atr_ratio_max"": 10.0, ""vol_ratio_min"": 0.0, ""up_close"": true, ""strong_close"": false}",4092,584.1141963238169,0.7047898338220919,-0.0461582143614581,0.867724413853665,4.0,0.0,0.03275910063915331,-0.001296257533706297,-0.0816642246234967,1548,386.73511293634493,0.6369509043927648,-0.1469277621004395,0.656690504175829,4.0,0.0,0.03474130465510242,-0.004893752551796606,-0.3083064107631862
meanrev,2.0,1.0,6981,"{""family"": ""meanrev"", ""min_ddv"": 10000000.0, ""min_price"": 5.0, ""regime"": ""spy200"", ""trend"": true, ""mom_min"": 0.15, ""rsi2_max"": 100.0, ""rsi14_max"": 50.0, ""ret21_max"": 1.0, ""dist_ema20_max"": 0.0, ""dist_ema50_min"": -1.0, ""dist_hh60_min"": -0.05, ""atr_ratio_max"": 10.0, ""vol_ratio_min"": 0.0, ""up_close"": true, ""strong_close"": false}",4092,584.1141963238169,0.5535190615835777,-0.015985691161144552,0.9700640325891332,7.0,0.0,0.03275910063915331,-6.27378208328653e-06,-0.0002258561549983151,1548,386.73511293634493,0.4715762273901809,-0.17960661350566662,0.7112426712317401,7.0,0.0,0.03474130465510242,-0.006072997230535783,-0.2186279002992882
meanrev,2.0,1.5,6981,"{""family"": ""meanrev"", ""min_ddv"": 10000000.0, ""min_price"": 5.0, ""regime"": ""spy200"", ""trend"": true, ""mom_min"": 0.15, ""rsi2_max"": 100.0, ""rsi14_max"": 50.0, ""ret21_max"": 1.0, ""dist_ema20_max"": 0.0, ""dist_ema50_min"": -1.0, ""dist_hh60_min"": -0.05, ""atr_ratio_max"": 10.0, ""vol_ratio_min"": 0.0, ""up_close"": true, ""strong_close"": false}",4092,584.1141963238169,0.4731182795698925,0.048890667703473806,1.0774474595761399,10.0,0.0,0.03275910063915331,0.0022925338895164508,0.05777185401581456,1548,386.73511293634493,0.394702842377261,-0.14830251216956816,0.7927997513834776,9.0,0.0,0.03474130465510242,-0.004329101021513398,-0.12121482860237515
meanrev,2.0,2.0,6981,"{""family"": ""meanrev"", ""min_ddv"": 10000000.0, ""min_price"": 5.0, ""regime"": ""spy200"", ""trend"": true, ""mom_min"": 0.15, ""rsi2_max"": 100.0, ""rsi14_max"": 50.0, ""ret21_max"": 1.0, ""dist_ema20_max"": 0.0, ""dist_ema50_min"": -1.0, ""dist_hh60_min"": -0.05, ""atr_ratio_max"": 10.0, ""vol_ratio_min"": 0.0, ""up_close"": true, ""strong_close"": false}",4092,584.1141963238169,0.41104594330400784,0.09617842782140572,1.1358529088495883,13.0,0.0,0.03275910063915331,0.0040370014061322625,0.07825571956502539,1548,386.73511293634493,0.3385012919896641,-0.1262859797938421,0.8385498172486422,11.0,0.0,0.03474130465510242,-0.003812357069817502,-0.0873376346903646
meanrev,2.0,3.0,6981,"{""family"": ""meanrev"", ""min_ddv"": 10000000.0, ""min_price"": 5.0, ""regime"": ""spy200"", ""trend"": true, ""mom_min"": 0.15, ""rsi2_max"": 100.0, ""rsi14_max"": 50.0, ""ret21_max"": 1.0, ""dist_ema20_max"": 0.0, ""dist_ema50_min"": -1.0, ""dist_hh60_min"": -0.05, ""atr_ratio_max"": 10.0, ""vol_ratio_min"": 0.0, ""up_close"": true, ""strong_close"": false}",4091,583.9714509190458,0.3295037888046932,0.1619877091968401,1.1997161266203427,18.0,0.0,0.03275853018168708,0.006092342307872802,0.08529279231021922,1548,386.73511293634493,0.2661498708010336,-0.082350884254163,0.9048083697718061,14.0,0.0,0.03474130465510242,-0.0022586129240666124,-0.04065503263319902
meanrev,2.0,4.0,6981,"{""family"": ""meanrev"", ""min_ddv"": 10000000.0, ""min_price"": 5.0, ""regime"": ""spy200"", ""trend"": true, ""mom_min"": 0.15, ""rsi2_max"": 100.0, ""rsi14_max"": 50.0, ""ret21_max"": 1.0, ""dist_ema20_max"": 0.0, ""dist_ema50_min"": -1.0, ""dist_hh60_min"": -0.05, ""atr_ratio_max"": 10.0, ""vol_ratio_min"": 0.0, ""up_close"": true, ""strong_close"": false}",4088,583.5432147047321,0.2837573385518591,0.25094872235149257,1.2882985645332683,21.0,0.0,0.03275570922084047,0.008811648032615686,0.10573977639138823,1548,386.73511293634493,0.22868217054263565,-0.006500692016125867,0.9928541845062863,15.0,0.0,0.03474130465510242,0.00025194355385794683,0.004232651704813507
meanrev,2.0,6.0,6981,"{""family"": ""meanrev"", ""min_ddv"": 10000000.0, ""min_price"": 5.0, ""regime"": ""spy200"", ""trend"": true, ""mom_min"": 0.15, ""rsi2_max"": 100.0, ""rsi14_max"": 50.0, ""ret21_max"": 1.0, ""dist_ema20_max"": 0.0, ""dist_ema50_min"": -1.0, ""dist_hh60_min"": -0.05, ""atr_ratio_max"": 10.0, ""vol_ratio_min"": 0.0, ""up_close"": true, ""strong_close"": false}",4082,582.6867422761048,0.24448799608035277,0.533086492945949,1.5790822534999833,23.0,0.0,0.03274711565885541,0.018386284643363317,0.20144972739685024,1547,386.48528405201915,0.15126050420168066,-0.10963464142192557,0.8913510504701961,15.0,0.0,0.03471870045170837,-0.0038222223986478644,-0.06421333629728412
meanrev,2.5,0.5,6981,"{""family"": ""meanrev"", ""min_ddv"": 10000000.0, ""min_price"": 5.0, ""regime"": ""spy200"", ""trend"": true, ""mom_min"": 0.15, ""rsi2_max"": 100.0, ""rsi14_max"": 50.0, ""ret21_max"": 1.0, ""dist_ema20_max"": 0.0, ""dist_ema50_min"": -1.0, ""dist_hh60_min"": -0.05, ""atr_ratio_max"": 10.0, ""vol_ratio_min"": 0.0, ""up_close"": true, ""strong_close"": false}",4092,584.1141963238169,0.7196969696969697,-0.0028342944765278534,0.9912737802015105,5.0,0.0,0.040948875798941645,0.00016464043945275126,0.008297878148418664,1548,386.73511293634493,0.6421188630490956,-0.11866561438041996,0.7099694556141475,5.0,0.0,0.04342663081887796,-0.005053757830489416,-0.2547093946566666
meanrev,2.5,1.0,6981,"{""family"": ""meanrev"", ""min_ddv"": 10000000.0, ""min_price"": 5.0, ""regime"": ""spy200"", ""trend"": true, ""mom_min"": 0.15, ""rsi2_max"": 100.0, ""rsi14_max"": 50.0, ""ret21_max"": 1.0, ""dist_ema20_max"": 0.0, ""dist_ema50_min"": -1.0, ""dist_hh60_min"": -0.05, ""atr_ratio_max"": 10.0, ""vol_ratio_min"": 0.0, ""up_close"": true, ""strong_close"": false}",4092,584.1141963238169,0.5733137829912024,0.04825643007181703,1.0969911029450872,10.0,0.0,0.040948875798941645,0.0027572091788983554,0.06948167130823855,1548,386.73511293634493,0.4819121447028424,-0.13636433061696174,0.7704565622625322,10.0,0.0,0.04342663081887796,-0.005212335057364039,-0.1313508434455738
meanrev,2.5,1.5,6981,"{""family"": ""meanrev"", ""min_ddv"": 10000000.0, ""min_price"": 5.0, ""regime"": ""spy200"", ""trend"": true, ""mom_min"": 0.15, ""rsi2_max"": 100.0, ""rsi14_max"": 50.0, ""ret21_max"": 1.0, ""dist_ema20_max"": 0.0, ""dist_ema50_min"": -1.0, ""dist_hh60_min"": -0.05, ""atr_ratio_max"": 10.0, ""vol_ratio_min"": 0.0, ""up_close"": true, ""strong_close"": false}",4092,584.1141963238169,0.48949169110459434,0.11645124841445058,1.1945857080467623,15.0,0.0,0.040948875798941645,0.005812001314099539,0.09764162207687226,1548,386.73511293634493,0.41472868217054265,-0.07355642715144237,0.8909202054911206,13.0,0.0,0.04342663081887796,-0.002293266896434306,-0.044454096761649624
meanrev,2.5,2.0,6981,"{""family"": ""meanrev"", ""min_ddv"": 10000000.0, ""min_price"": 5.0, ""regime"": ""spy200"", ""trend"": true, ""mom_min"": 0.15, ""rsi2_max"": 100.0, ""rsi14_max"": 50.0, ""ret21_max"": 1.0, ""dist_ema20_max"": 0.0, ""dist_ema50_min"": -1.0, ""dist_hh60_min"": -0.05, ""atr_ratio_max"": 10.0, ""vol_ratio_min"": 0.0, ""up_close"": true, ""strong_close"": false}",4092,584.1141963238169,0.42790811339198437,0.16783440450263842,1.2497310667942214,19.0,0.0,0.040948875798941645,0.00793958405563015,0.10530395694835777,1548,386.73511293634493,0.3520671834625323,-0.05547832290746158,0.9254860044460653,17.0,0.0,0.04342663081887796,-0.001632947251261255,-0.024206041606931544
meanrev,2.5,3.0,6981,"{""family"": ""meanrev"", ""min_ddv"": 10000000.0, ""min_price"": 5.0, ""regime"": ""spy200"", ""trend"": true, ""mom_min"": 0.15, ""rsi2_max"": 100.0, ""rsi14_max"": 50.0, ""ret21_max"": 1.0, ""dist_ema20_max"": 0.0, ""dist_ema50_min"": -1.0, ""dist_hh60_min"": -0.05, ""atr_ratio_max"": 10.0, ""vol_ratio_min"": 0.0, ""up_close"": true, ""strong_close"": false}",4081,582.5439968713335,0.3508943886302377,0.27388576682321,1.3582168099618943,28.0,0.0,0.04094958887077432,0.012052588545793635,0.10847329691214272,1548,386.73511293634493,0.2835917312661499,0.01861828728292379,1.0226329684394708,22.0,0.0,0.04342663081887796,0.0013750148413025263,0.015750170000374392
meanrev,2.5,4.0,6981,"{""family"": ""meanrev"", ""min_ddv"": 10000000.0, ""min_price"": 5.0, ""regime"": ""spy200"", ""trend"": true, ""mom_min"": 0.15, ""rsi2_max"": 100.0, ""rsi14_max"": 50.0, ""ret21_max"": 1.0, ""dist_ema20_max"": 0.0, ""dist_ema50_min"": -1.0, ""dist_hh60_min"": -0.05, ""atr_ratio_max"": 10.0, ""vol_ratio_min"": 0.0, ""up_close"": true, ""strong_close"": false}",4076,581.8302698474776,0.31427870461236507,0.43648434573429545,1.5399159021972944,32.0,0.0002453385672227674,0.040944636526050654,0.018685886557141682,0.14715135663749074,1548,386.73511293634493,0.22416020671834624,-0.010360656155583726,0.9884246722047578,24.0,0.0006459948320413437,0.04342663081887796,6.704305590904732e-05,0.0007039520870449968
meanrev,2.5,6.0,6981,"{""family"": ""meanrev"", ""min_ddv"": 10000000.0, ""min_price"": 5.0, ""regime"": ""spy200"", ""trend"": true, ""mom_min"": 0.15, ""rsi2_max"": 100.0, ""rsi14_max"": 50.0, ""ret21_max"": 1.0, ""dist_ema20_max"": 0.0, ""dist_ema50_min"": -1.0, ""dist_hh60_min"": -0.05, ""atr_ratio_max"": 10.0, ""vol_ratio_min"": 0.0, ""up_close"": true, ""strong_close"": false}",4043,577.1196714900274,0.27355923818946326,0.7558088558977504,1.8805304892819792,35.0,0.004204798417017067,0.040921046773781285,0.032151478144978284,0.23149064264384367,1547,386.48528405201915,0.13122171945701358,-0.24335445587055682,0.760092885251878,25.0,0.0019392372333548805,0.043398375564635376,-0.010013516719788895,-0.10093624853547206
meanrev,3.0,0.5,6981,"{""family"": ""meanrev"", ""min_ddv"": 10000000.0, ""min_price"": 5.0, ""regime"": ""spy200"", ""trend"": true, ""mom_min"": 0.15, ""rsi2_max"": 100.0, ""rsi14_max"": 50.0, ""ret21_max"": 1.0, ""dist_ema20_max"": 0.0, ""dist_ema50_min"": -1.0, ""dist_hh60_min"": -0.05, ""atr_ratio_max"": 10.0, ""vol_ratio_min"": 0.0, ""up_close"": true, ""strong_close"": false}",4092,584.1141963238169,0.7262952101661779,0.01994135126887873,1.0637143241895428,7.0,0.0,0.04913865095872998,0.0014451274732189905,0.05202458903588365,1548,386.73511293634493,0.6375968992248062,-0.11094065403483029,0.7256273980736253,7.0,0.0,0.05211195698265357,-0.005811476436747049,-0.20921315172289376
meanrev,3.0,1.0,6981,"{""family"": ""meanrev"", ""min_ddv"": 10000000.0, ""min_price"": 5.0, ""regime"": ""spy200"", ""trend"": true, ""mom_min"": 0.15, ""rsi2_max"": 100.0, ""rsi14_max"": 50.0, ""ret21_max"": 1.0, ""dist_ema20_max"": 0.0, ""dist_ema50_min"": -1.0, ""dist_hh60_min"": -0.05, ""atr_ratio_max"": 10.0, ""vol_ratio_min"": 0.0, ""up_close"": true, ""strong_close"": false}",4092,584.1141963238169,0.5867546432062561,0.08927327486984714,1.1880966189704663,14.0,0.0,0.04913865095872998,0.005218836206855718,0.09393905172340292,1548,386.73511293634493,0.5058139534883721,-0.07032496075115995,0.8732339237185872,13.0,0.0,0.05211195698265357,-0.0029283947931046856,-0.05676580675864467
meanrev,3.0,1.5,6981,"{""family"": ""meanrev"", ""min_ddv"": 10000000.0, ""min_price"": 5.0, ""regime"": ""spy200"", ""trend"": true, ""mom_min"": 0.15, ""rsi2_max"": 100.0, ""rsi14_max"": 50.0, ""ret21_max"": 1.0, ""dist_ema20_max"": 0.0, ""dist_ema50_min"": -1.0, ""dist_hh60_min"": -0.05, ""atr_ratio_max"": 10.0, ""vol_ratio_min"": 0.0, ""up_close"": true, ""strong_close"": false}",4091,583.9714509190458,0.5001222195062331,0.1595860766208597,1.2774406494304147,21.0,0.0,0.049137795272530725,0.008754244870490662,0.10505093844588793,1548,386.73511293634493,0.4186046511627907,-0.04164945950174951,0.9363654968765334,19.0,0.0,0.05211195698265357,-0.0019343418791912786,-0.025655481766115904
meanrev,3.0,2.0,6981,"{""family"": ""meanrev"", ""min_ddv"": 10000000.0, ""min_price"": 5.0, ""regime"": ""spy200"", ""trend"": true, ""mom_min"": 0.15, ""rsi2_max"": 100.0, ""rsi14_max"": 50.0, ""ret21_max"": 1.0, ""dist_ema20_max"": 0.0, ""dist_ema50_min"": -1.0, ""dist_hh60_min"": -0.05, ""atr_ratio_max"": 10.0, ""vol_ratio_min"": 0.0, ""up_close"": true, ""strong_close"": false}",4090,583.8287055142745,0.4339853300733496,0.20042211206925545,1.3071710086302715,27.0,0.0,0.0491359792954066,0.010689896114780436,0.09977236373795073,1548,386.73511293634493,0.36563307493540054,0.004825204521109875,1.006758275092695,24.0,0.0,0.05211195698265357,0.0004570220090318557,0.0047987310948344845
meanrev,3.0,3.0,6981,"{""family"": ""meanrev"", ""min_ddv"": 10000000.0, ""min_price"": 5.0, ""regime"": ""spy200"", ""trend"": true, ""mom_min"": 0.15, ""rsi2_max"": 100.0, ""rsi14_max"": 50.0, ""ret21_max"": 1.0, ""dist_ema20_max"": 0.0, ""dist_ema50_min"": -1.0, ""dist_hh60_min"": -0.05, ""atr_ratio_max"": 10.0, ""vol_ratio_min"": 0.0, ""up_close"": true, ""strong_close"": false}",4076,581.8302698474776,0.3704612365063788,0.3717950501949189,1.5113083972290686,38.0,0.0002453385672227674,0.049133563831260677,0.018921078643157837,0.12547662679146776,1548,386.73511293634493,0.2835917312661499,0.029856001777195516,1.0368685089896177,30.0,0.0006459948320413437,0.05211195698265357,0.0015749990796263518,0.013229992268861355
meanrev,3.0,4.0,6981,"{""family"": ""meanrev"", ""min_ddv"": 10000000.0, ""min_price"": 5.0, ""regime"": ""spy200"", ""trend"": true, ""mom_min"": 0.15, ""rsi2_max"": 100.0, ""rsi14_max"": 50.0, ""ret21_max"": 1.0, ""dist_ema20_max"": 0.0, ""dist_ema50_min"": -1.0, ""dist_hh60_min"": -0.05, ""atr_ratio_max"": 10.0, ""vol_ratio_min"": 0.0, ""up_close"": true, ""strong_close"": false}",4060,579.546343371138,0.3357142857142857,0.5581898522726206,1.727388940763194,46.0,0.0019704433497536944,0.04910549831217845,0.028209082723603868,0.15453671405104727,1546,386.2354551676934,0.1998706338939198,-0.12235164961654783,0.8659056943405307,33.0,0.000646830530401035,0.0520773413705687,-0.006774200227871306,-0.05173025628556271
meanrev,3.0,6.0,6981,"{""family"": ""meanrev"", ""min_ddv"": 10000000.0, ""min_price"": 5.0, ""regime"": ""spy200"", ""trend"": true, ""mom_min"": 0.15, ""rsi2_max"": 100.0, ""rsi14_max"": 50.0, ""ret21_max"": 1.0, ""dist_ema20_max"": 0.0, ""dist_ema50_min"": -1.0, ""dist_hh60_min"": -0.05, ""atr_ratio_max"": 10.0, ""vol_ratio_min"": 0.0, ""up_close"": true, ""strong_close"": false}",4009,572.266327727806,0.2861062609129459,0.8361823383898552,2.0138754184298238,51.0,0.014716887004240458,0.04902660815677647,0.042362111478327934,0.20931866848114977,1541,384.9863107460643,0.109020116807268,-0.38910631808184687,0.6186102991171716,34.0,0.004542504866969501,0.05207296437601929,-0.019472009678285204,-0.14432195408611387
