rank,asc,slots,risk,max_gross,n,all_cagr,all_dd,all_mar,all_dd_intraday,train_cagr,train_dd,train_mar,valid_cagr,valid_dd,valid_mar,hold_cagr,hold_dd,hold_mar,worst_year,neg_years,years,avg_r,win
none,False,5,0.005,1.0,352,0.02338764240747193,-0.11210006227593183,0.20863184134459947,-0.1119733025109525,0.02127262856902501,-0.10208119227575008,0.20838930360023267,0.02418646026024729,-0.07664668867959101,0.31555779743277423,0.02964571048386766,-0.0634367155603538,0.4673273233331679,-0.05747320192852445,4,"{""2011"": 0.0, ""2012"": 0.0286, ""2013"": 0.0989, ""2014"": -0.0243, ""2015"": -0.0155, ""2016"": 0.0433, ""2017"": 0.0723, ""2018"": -0.0462, ""2019"": 0.0712, ""2020"": 0.0217, ""2021"": 0.0664, ""2022"": -0.0575, ""2023"": 0.02, ""2024"": 0.0239, ""2025"": 0.0135, ""2026"": 0.0485}",0.21118262592231202,0.42329545454545453
none,False,5,0.01,1.0,352,0.042623456794967485,-0.21527147893231824,0.19799862483579805,-0.2151838634756803,0.03614789247881944,-0.19712913474905458,0.18337163872217932,0.04636296592184519,-0.14665718704735753,0.31613156405948234,0.05676213717771539,-0.12340060483789517,0.459982649617324,-0.11254200374311596,4,"{""2011"": 0.0, ""2012"": 0.057, ""2013"": 0.2035, ""2014"": -0.0517, ""2015"": -0.0307, ""2016"": 0.0869, ""2017"": 0.1283, ""2018"": -0.1062, ""2019"": 0.1451, ""2020"": 0.0394, ""2021"": 0.1345, ""2022"": -0.1125, ""2023"": 0.0371, ""2024"": 0.0429, ""2025"": 0.0262, ""2026"": 0.0968}",0.21118262592231202,0.42329545454545453
none,False,5,0.02,1.0,347,0.047350939213877785,-0.3783002930353351,0.12516759856026594,-0.381613308635381,0.013982656437113272,-0.34475634913518527,0.040558082460811815,0.06249711369337341,-0.24485084594759943,0.2552456514965377,0.10517144040632997,-0.1939839826628088,0.5421655899762788,-0.29777352931184986,6,"{""2011"": 0.0, ""2012"": 0.1063, ""2013"": 0.3246, ""2014"": -0.075, ""2015"": -0.0673, ""2016"": 0.1087, ""2017"": 0.1195, ""2018"": -0.2978, ""2019"": 0.2286, ""2020"": -0.0129, ""2021"": 0.2142, ""2022"": -0.1364, ""2023"": 0.0037, ""2024"": 0.1937, ""2025"": -0.0169, ""2026"": 0.2125}",0.17136035595307256,0.4092219020172911
none,False,5,0.05,1.0,334,0.07510112981283457,-0.3688125270087468,0.2036295524502438,-0.3648867285537848,0.06966193841970525,-0.3390513122783706,0.20546134433631347,0.08542485493698937,-0.2085147428354981,0.40968256620771865,0.08413634312475149,-0.21529568885906147,0.3907943701549429,-0.2123277055364955,3,"{""2011"": 0.0, ""2012"": 0.1247, ""2013"": 0.2381, ""2014"": 0.1182, ""2015"": 0.016, ""2016"": 0.1482, ""2017"": 0.1192, ""2018"": -0.2123, ""2019"": 0.1856, ""2020"": 0.1062, ""2021"": 0.2112, ""2022"": -0.1268, ""2023"": 0.0565, ""2024"": 0.0682, ""2025"": -0.0536, ""2026"": 0.2488}",0.25171022479783944,0.437125748502994
none,False,10,0.005,1.0,688,0.04480890092430467,-0.1756514618792322,0.255101212622487,-0.17507497510351888,0.04225337138671126,-0.17326531030025916,0.2438651528888761,0.04637609040762691,-0.1545086951806386,0.300151977553159,0.05388222224413508,-0.11804122178203202,0.45646954030712106,-0.11723236688404137,4,"{""2011"": 0.0, ""2012"": 0.0847, ""2013"": 0.176, ""2014"": 0.0858, ""2015"": -0.046, ""2016"": 0.0891, ""2017"": 0.0513, ""2018"": -0.1172, ""2019"": 0.1333, ""2020"": 0.0051, ""2021"": 0.1617, ""2022"": -0.0943, ""2023"": 0.032, ""2024"": 0.0943, ""2025"": -0.0063, ""2026"": 0.0744}",0.21531844233185382,0.4258720930232558
none,False,10,0.01,1.0,690,0.0782081414869451,-0.2802358888499972,0.27907967750985613,-0.2793048151090407,0.08491506304448637,-0.25599146019667707,0.3317105304186574,0.06872587724739598,-0.22948650248164448,0.29947677316182475,0.08601273018248023,-0.18911735453285572,0.45481140741918047,-0.16967788154591112,4,"{""2011"": 0.0, ""2012"": 0.1368, ""2013"": 0.3037, ""2014"": 0.1857, ""2015"": -0.0753, ""2016"": 0.1611, ""2017"": 0.0881, ""2018"": -0.1388, ""2019"": 0.2227, ""2020"": -0.0045, ""2021"": 0.2901, ""2022"": -0.1697, ""2023"": 0.0217, ""2024"": 0.1403, ""2025"": 0.0084, ""2026"": 0.1423}",0.24425505320488178,0.43478260869565216
none,False,10,0.02,1.0,670,0.06737850375786758,-0.3475332492628388,0.1938764244882634,-0.34420873119929907,0.06345577893413212,-0.23868164387395963,0.2658594850622076,0.0988696108503746,-0.2226426768913785,0.44407304219851107,0.049586687702974475,-0.227477787705623,0.21798474568929857,-0.21524379913705172,5,"{""2011"": 0.0, ""2012"": 0.1245, ""2013"": 0.2613, ""2014"": 0.1129, ""2015"": -0.0383, ""2016"": 0.1301, ""2017"": 0.0436, ""2018"": -0.1412, ""2019"": 0.2829, ""2020"": 0.0449, ""2021"": 0.3834, ""2022"": -0.2152, ""2023"": -0.0582, ""2024"": 0.1111, ""2025"": -0.02, ""2026"": 0.1587}",0.2076584232195873,0.42388059701492536
none,False,10,0.05,1.0,670,0.06737850375786758,-0.3475332492628388,0.1938764244882634,-0.34420873119929907,0.06345577893413212,-0.23868164387395963,0.2658594850622076,0.0988696108503746,-0.2226426768913785,0.44407304219851107,0.049586687702974475,-0.227477787705623,0.21798474568929857,-0.21524379913705172,5,"{""2011"": 0.0, ""2012"": 0.1245, ""2013"": 0.2613, ""2014"": 0.1129, ""2015"": -0.0383, ""2016"": 0.1301, ""2017"": 0.0436, ""2018"": -0.1412, ""2019"": 0.2829, ""2020"": 0.0449, ""2021"": 0.3834, ""2022"": -0.2152, ""2023"": -0.0582, ""2024"": 0.1111, ""2025"": -0.02, ""2026"": 0.1587}",0.2076584232195873,0.42388059701492536
none,False,15,0.005,1.0,1077,0.07078902948168575,-0.25886339723753105,0.2734609459549443,-0.26047818133563194,0.08212941806478713,-0.21727739557379389,0.3779933842077628,0.03477552971886433,-0.20909632994817295,0.1663134390138931,0.0998227868616206,-0.16505102839298624,0.6047995449258438,-0.16399918876319697,4,"{""2011"": 0.0, ""2012"": 0.1115, ""2013"": 0.3115, ""2014"": 0.0705, ""2015"": -0.019, ""2016"": 0.1483, ""2017"": 0.1531, ""2018"": -0.1433, ""2019"": 0.1366, ""2020"": -0.0173, ""2021"": 0.2254, ""2022"": -0.164, ""2023"": 0.0737, ""2024"": 0.1441, ""2025"": 0.0496, ""2026"": 0.0888}",0.23363698306157124,0.43268337975858867
none,False,15,0.01,1.0,1068,0.09007985622622305,-0.3059289849103465,0.29444694902845264,-0.3056215129620863,0.07462614957003622,-0.2306934397483441,0.32348622332496074,0.07422357819304626,-0.23563450703625521,0.31499451895484076,0.15306444757323545,-0.19525132109916254,0.7839355283824093,-0.2045728082246404,3,"{""2011"": 0.0, ""2012"": 0.1119, ""2013"": 0.2872, ""2014"": 0.1969, ""2015"": -0.0718, ""2016"": 0.1388, ""2017"": 0.0852, ""2018"": -0.1582, ""2019"": 0.2413, ""2020"": 0.0256, ""2021"": 0.3101, ""2022"": -0.2046, ""2023"": 0.0453, ""2024"": 0.2108, ""2025"": 0.0903, ""2026"": 0.204}",0.22616584778616322,0.4288389513108614
none,False,15,0.02,1.0,1068,0.09004993358878521,-0.3059289849103465,0.2943491399325064,-0.3056215129620867,0.07464067606481439,-0.2306948307583454,0.32354724126003964,0.07422357819304626,-0.23563450703625521,0.31499451895484076,0.15290071261340676,-0.19530213731376056,0.7828931865080706,-0.20457280822464052,3,"{""2011"": 0.0, ""2012"": 0.1119, ""2013"": 0.2872, ""2014"": 0.1969, ""2015"": -0.0718, ""2016"": 0.1389, ""2017"": 0.0852, ""2018"": -0.1582, ""2019"": 0.2413, ""2020"": 0.0256, ""2021"": 0.3101, ""2022"": -0.2046, ""2023"": 0.0453, ""2024"": 0.2108, ""2025"": 0.0905, ""2026"": 0.2032}",0.226188286335245,0.4288389513108614
none,False,15,0.05,1.0,1068,0.09004993358878521,-0.3059289849103465,0.2943491399325064,-0.3056215129620867,0.07464067606481439,-0.2306948307583454,0.32354724126003964,0.07422357819304626,-0.23563450703625521,0.31499451895484076,0.15290071261340676,-0.19530213731376056,0.7828931865080706,-0.20457280822464052,3,"{""2011"": 0.0, ""2012"": 0.1119, ""2013"": 0.2872, ""2014"": 0.1969, ""2015"": -0.0718, ""2016"": 0.1389, ""2017"": 0.0852, ""2018"": -0.1582, ""2019"": 0.2413, ""2020"": 0.0256, ""2021"": 0.3101, ""2022"": -0.2046, ""2023"": 0.0453, ""2024"": 0.2108, ""2025"": 0.0905, ""2026"": 0.2032}",0.226188286335245,0.4288389513108614
none,False,20,0.005,1.0,1433,0.07558249004271245,-0.27723329644599093,0.27263135781901654,-0.282776032402574,0.08545601726097374,-0.23485954137458342,0.36386010447273154,0.034523131573348076,-0.2351711596951086,0.14680002266479503,0.11503135884077254,-0.20406417893414575,0.563701867920164,-0.17841562432562985,4,"{""2011"": 0.0, ""2012"": 0.1236, ""2013"": 0.3746, ""2014"": 0.1465, ""2015"": -0.0653, ""2016"": 0.1385, ""2017"": 0.1301, ""2018"": -0.1669, ""2019"": 0.1786, ""2020"": -0.0303, ""2021"": 0.2158, ""2022"": -0.1784, ""2023"": 0.0818, ""2024"": 0.1636, ""2025"": 0.0558, ""2026"": 0.108}",0.22570013307673628,0.4305652477320307
none,False,20,0.01,1.0,1456,0.07934216294981566,-0.329954057543684,0.24046427414917065,-0.33270390198641364,0.08496874937601007,-0.25693986878471375,0.33069507576967033,0.044614581476772,-0.24880065387553862,0.1793185861122786,0.12011626272962528,-0.2198236427687853,0.5464210365031839,-0.19207787587406777,3,"{""2011"": 0.0, ""2012"": 0.1071, ""2013"": 0.3622, ""2014"": 0.1267, ""2015"": -0.0636, ""2016"": 0.1472, ""2017"": 0.1465, ""2018"": -0.1548, ""2019"": 0.1089, ""2020"": 0.0529, ""2021"": 0.2588, ""2022"": -0.1921, ""2023"": 0.0776, ""2024"": 0.1881, ""2025"": 0.0667, ""2026"": 0.0958}",0.19602749138424835,0.4217032967032967
none,False,20,0.02,1.0,1456,0.07934216294981566,-0.329954057543684,0.24046427414917065,-0.33270390198641364,0.08496874937601007,-0.25693986878471375,0.33069507576967033,0.044614581476772,-0.24880065387553862,0.1793185861122786,0.12011626272962528,-0.2198236427687853,0.5464210365031839,-0.19207787587406777,3,"{""2011"": 0.0, ""2012"": 0.1071, ""2013"": 0.3622, ""2014"": 0.1267, ""2015"": -0.0636, ""2016"": 0.1472, ""2017"": 0.1465, ""2018"": -0.1548, ""2019"": 0.1089, ""2020"": 0.0529, ""2021"": 0.2588, ""2022"": -0.1921, ""2023"": 0.0776, ""2024"": 0.1881, ""2025"": 0.0667, ""2026"": 0.0958}",0.19602749138424835,0.4217032967032967
none,False,20,0.05,1.0,1456,0.07934216294981566,-0.329954057543684,0.24046427414917065,-0.33270390198641364,0.08496874937601007,-0.25693986878471375,0.33069507576967033,0.044614581476772,-0.24880065387553862,0.1793185861122786,0.12011626272962528,-0.2198236427687853,0.5464210365031839,-0.19207787587406777,3,"{""2011"": 0.0, ""2012"": 0.1071, ""2013"": 0.3622, ""2014"": 0.1267, ""2015"": -0.0636, ""2016"": 0.1472, ""2017"": 0.1465, ""2018"": -0.1548, ""2019"": 0.1089, ""2020"": 0.0529, ""2021"": 0.2588, ""2022"": -0.1921, ""2023"": 0.0776, ""2024"": 0.1881, ""2025"": 0.0667, ""2026"": 0.0958}",0.19602749138424835,0.4217032967032967
none,False,30,0.005,1.0,2185,0.07504370307696018,-0.30095960307649494,0.2493480929328788,-0.2984882812777877,0.0785417442398968,-0.24114181407314772,0.325707694212137,0.028540290406583013,-0.25124072415642995,0.11359738952516703,0.133887837637497,-0.200329187513819,0.668339143682002,-0.22281271495381905,3,"{""2011"": 0.0, ""2012"": 0.0801, ""2013"": 0.3883, ""2014"": 0.1122, ""2015"": -0.0762, ""2016"": 0.0795, ""2017"": 0.2087, ""2018"": -0.1559, ""2019"": 0.1296, ""2020"": 0.0227, ""2021"": 0.2428, ""2022"": -0.2228, ""2023"": 0.1201, ""2024"": 0.2012, ""2025"": 0.0801, ""2026"": 0.076}",0.19693151406117004,0.4219679633867277
none,False,30,0.01,1.0,2197,0.07299076528693882,-0.320628016593687,0.22764936783249268,-0.3186876231446141,0.07262912708941283,-0.2625921352280731,0.27658530986212193,0.02855965157220952,-0.2512407241564296,0.11367445173588765,0.1369833361804944,-0.20355180272558593,0.6729654778109021,-0.2228127149538187,3,"{""2011"": 0.0, ""2012"": 0.0801, ""2013"": 0.3883, ""2014"": 0.1122, ""2015"": -0.0762, ""2016"": 0.0795, ""2017"": 0.2087, ""2018"": -0.1878, ""2019"": 0.1296, ""2020"": 0.0227, ""2021"": 0.2428, ""2022"": -0.2228, ""2023"": 0.1201, ""2024"": 0.2012, ""2025"": 0.0838, ""2026"": 0.0828}",0.1915749724354182,0.42057350933090576
none,False,30,0.02,1.0,2197,0.07299076528693882,-0.320628016593687,0.22764936783249268,-0.3186876231446141,0.07262912708941283,-0.2625921352280731,0.27658530986212193,0.02855965157220952,-0.2512407241564296,0.11367445173588765,0.1369833361804944,-0.20355180272558593,0.6729654778109021,-0.2228127149538187,3,"{""2011"": 0.0, ""2012"": 0.0801, ""2013"": 0.3883, ""2014"": 0.1122, ""2015"": -0.0762, ""2016"": 0.0795, ""2017"": 0.2087, ""2018"": -0.1878, ""2019"": 0.1296, ""2020"": 0.0227, ""2021"": 0.2428, ""2022"": -0.2228, ""2023"": 0.1201, ""2024"": 0.2012, ""2025"": 0.0838, ""2026"": 0.0828}",0.1915749724354182,0.42057350933090576
none,False,30,0.05,1.0,2197,0.07299076528693882,-0.320628016593687,0.22764936783249268,-0.3186876231446141,0.07262912708941283,-0.2625921352280731,0.27658530986212193,0.02855965157220952,-0.2512407241564296,0.11367445173588765,0.1369833361804944,-0.20355180272558593,0.6729654778109021,-0.2228127149538187,3,"{""2011"": 0.0, ""2012"": 0.0801, ""2013"": 0.3883, ""2014"": 0.1122, ""2015"": -0.0762, ""2016"": 0.0795, ""2017"": 0.2087, ""2018"": -0.1878, ""2019"": 0.1296, ""2020"": 0.0227, ""2021"": 0.2428, ""2022"": -0.2228, ""2023"": 0.1201, ""2024"": 0.2012, ""2025"": 0.0838, ""2026"": 0.0828}",0.1915749724354182,0.42057350933090576
ret252,False,5,0.005,1.0,394,0.011709825695614517,-0.12068609303727074,0.09702713378912883,-0.11978569602450229,0.00761976555536803,-0.10313091169406652,0.07388440022688582,0.013692961647393087,-0.07005831222377445,0.19545092099358838,0.01950727425607135,-0.07152380839227435,0.27273819298160346,-0.06496739938844398,7,"{""2011"": 0.0, ""2012"": -0.017, ""2013"": 0.0807, ""2014"": -0.0231, ""2015"": -0.0244, ""2016"": 0.0375, ""2017"": 0.0736, ""2018"": -0.065, ""2019"": 0.0278, ""2020"": 0.0402, ""2021"": 0.0064, ""2022"": -0.0203, ""2023"": -0.0435, ""2024"": 0.0962, ""2025"": 0.0315, ""2026"": -0.0095}",0.09942675641565724,0.383248730964467
ret252,False,5,0.01,1.0,394,0.020564864770201252,-0.23148390863378498,0.08883928430090375,-0.2310227651970217,0.012545101193938812,-0.19837373849582196,0.06323972764269414,0.024358968875830556,-0.13685743039738685,0.17798791636742337,0.03581563715195557,-0.14080936970648028,0.2543554965597383,-0.12919997327667831,7,"{""2011"": 0.0, ""2012"": -0.0361, ""2013"": 0.1649, ""2014"": -0.0418, ""2015"": -0.053, ""2016"": 0.077, ""2017"": 0.1419, ""2018"": -0.1292, ""2019"": 0.0545, ""2020"": 0.0749, ""2021"": 0.0094, ""2022"": -0.0411, ""2023"": -0.0891, ""2024"": 0.1947, ""2025"": 0.061, ""2026"": -0.0182}",0.09942675641565724,0.383248730964467
ret252,False,5,0.02,1.0,399,0.021245746492640993,-0.43385806399914684,0.048969347940212016,-0.4355289532387182,0.0016305843145909549,-0.3293167504331749,0.004951416265483385,0.03147620864233347,-0.2535043534016196,0.12416437122271674,0.054118196454583156,-0.27232561745914097,0.19872605801656876,-0.19080374418007506,8,"{""2011"": 0.0, ""2012"": -0.0612, ""2013"": 0.2907, ""2014"": -0.0517, ""2015"": -0.1208, ""2016"": 0.0903, ""2017"": 0.0832, ""2018"": -0.1523, ""2019"": 0.0687, ""2020"": 0.1447, ""2021"": -0.0035, ""2022"": -0.0787, ""2023"": -0.1908, ""2024"": 0.3526, ""2025"": 0.1384, ""2026"": -0.0316}",0.09818887113935973,0.38345864661654133
ret252,False,5,0.05,1.0,362,0.03351082220064239,-0.5511516788767854,0.06080145173273438,-0.5498681996877435,0.03858689630373591,-0.33622121356151635,0.11476639410997753,0.06843866058770609,-0.2513970671874076,0.2722333293438443,-0.006848827682688463,-0.4626528305928225,-0.014803384373359792,-0.38975058600534385,5,"{""2011"": 0.0, ""2012"": -0.1086, ""2013"": 0.1409, ""2014"": 0.0559, ""2015"": -0.1776, ""2016"": 0.0107, ""2017"": 0.3524, ""2018"": 0.0795, ""2019"": 0.2154, ""2020"": 0.1178, ""2021"": 0.0076, ""2022"": -0.0582, ""2023"": -0.3898, ""2024"": 0.4178, ""2025"": 0.2338, ""2026"": -0.0859}",0.09950111570205587,0.3867403314917127
ret252,False,10,0.005,1.0,764,0.02732271535203079,-0.21508441419047508,0.1270325209516774,-0.21577464058408002,0.04408683629850696,-0.16490448942617042,0.2673477020056821,0.00300630397170476,-0.13028870098634004,0.02307417257940082,0.026360496699042724,-0.10688576920986725,0.24662307147067086,-0.08636533916641442,5,"{""2011"": 0.0, ""2012"": 0.0096, ""2013"": 0.2431, ""2014"": 0.0032, ""2015"": -0.014, ""2016"": 0.0652, ""2017"": 0.1192, ""2018"": -0.0864, ""2019"": 0.0719, ""2020"": 0.0012, ""2021"": 0.0046, ""2022"": -0.0633, ""2023"": -0.0401, ""2024"": 0.1449, ""2025"": 0.0214, ""2026"": -0.0225}",0.12345219949347093,0.39267015706806285
ret252,False,10,0.01,1.0,760,0.03595437730632178,-0.392366915265579,0.09163457954141103,-0.39066808369733697,0.06132210107692959,-0.26263081789240383,0.23349164263750796,-0.007692892277183505,-0.23599676471732822,-0.03259744804721321,0.042669467002637296,-0.20164578538323874,0.2116060443392936,-0.13613138851603468,7,"{""2011"": 0.0, ""2012"": 0.0125, ""2013"": 0.3921, ""2014"": 0.0654, ""2015"": -0.0761, ""2016"": 0.0578, ""2017"": 0.1959, ""2018"": -0.1361, ""2019"": 0.1265, ""2020"": -0.0052, ""2021"": -0.0127, ""2022"": -0.1275, ""2023"": -0.0961, ""2024"": 0.281, ""2025"": 0.0344, ""2026"": -0.0309}",0.11596941070672996,0.3907894736842105
ret252,False,10,0.02,1.0,730,0.051475617729224155,-0.365004162587783,0.14102748134233767,-0.3566169603933401,0.08490663444831847,-0.29708508200566763,0.28579905081433427,0.03230287130050513,-0.2535995345368962,0.12737748655372783,0.01761209670974595,-0.20889756692000327,0.08430972638609263,-0.14723864843601397,6,"{""2011"": 0.0, ""2012"": 0.0029, ""2013"": 0.3648, ""2014"": 0.0842, ""2015"": -0.1315, ""2016"": 0.0439, ""2017"": 0.3916, ""2018"": -0.0558, ""2019"": 0.1647, ""2020"": 0.0955, ""2021"": -0.0915, ""2022"": -0.0267, ""2023"": -0.1472, ""2024"": 0.2703, ""2025"": 0.031, ""2026"": -0.0471}",0.14816619020219035,0.39863013698630134
ret252,False,10,0.05,1.0,730,0.051475617729224155,-0.365004162587783,0.14102748134233767,-0.3566169603933401,0.08490663444831847,-0.29708508200566763,0.28579905081433427,0.03230287130050513,-0.2535995345368962,0.12737748655372783,0.01761209670974595,-0.20889756692000327,0.08430972638609263,-0.14723864843601397,6,"{""2011"": 0.0, ""2012"": 0.0029, ""2013"": 0.3648, ""2014"": 0.0842, ""2015"": -0.1315, ""2016"": 0.0439, ""2017"": 0.3916, ""2018"": -0.0558, ""2019"": 0.1647, ""2020"": 0.0955, ""2021"": -0.0915, ""2022"": -0.0267, ""2023"": -0.1472, ""2024"": 0.2703, ""2025"": 0.031, ""2026"": -0.0471}",0.14816619020219035,0.39863013698630134
ret252,False,15,0.005,1.0,1127,0.03948221141138952,-0.26453755184297956,0.14924993119625155,-0.26655356937569974,0.046889190303406325,-0.23077608576667696,0.20318045584156846,0.025582288233380934,-0.18001655582544318,0.1421107526253715,0.046613305714427344,-0.1481276128795206,0.3146834328069556,-0.11244459913641136,6,"{""2011"": 0.0, ""2012"": 0.0227, ""2013"": 0.2935, ""2014"": 0.0037, ""2015"": -0.0512, ""2016"": 0.0324, ""2017"": 0.1937, ""2018"": -0.1124, ""2019"": 0.1071, ""2020"": -0.008, ""2021"": 0.0739, ""2022"": -0.0648, ""2023"": -0.0384, ""2024"": 0.1541, ""2025"": 0.1003, ""2026"": -0.0365}",0.13527161439291768,0.3966282165039929
ret252,False,15,0.01,1.0,1094,0.054366620766250096,-0.4312037329584295,0.12608105313293136,-0.4289596754519095,0.06911342201988413,-0.32155770980653164,0.21493318279156454,0.0014219921367197852,-0.263118808827297,0.005404372811877302,0.09587540910151438,-0.21009301612137288,0.45634743539559725,-0.13748958042369697,6,"{""2011"": 0.0, ""2012"": 0.0756, ""2013"": 0.4257, ""2014"": 0.0681, ""2015"": -0.092, ""2016"": 0.0118, ""2017"": 0.2294, ""2018"": -0.1375, ""2019"": 0.2604, ""2020"": -0.0956, ""2021"": -0.0117, ""2022"": -0.1121, ""2023"": -0.1369, ""2024"": 0.3824, ""2025"": 0.1414, ""2026"": 0.0176}",0.14558408395338404,0.4012797074954296
ret252,False,15,0.02,1.0,1092,0.0495052426839071,-0.4687594275841378,0.10560906036395692,-0.4666634925207933,0.0691270981647698,-0.32155770980680876,0.21497571371030486,-0.015658993650262576,-0.3022436338978398,-0.05180917608857036,0.09565213493388391,-0.20980318956144495,0.4559136356974703,-0.13748958039452963,6,"{""2011"": 0.0, ""2012"": 0.0756, ""2013"": 0.4257, ""2014"": 0.0681, ""2015"": -0.092, ""2016"": 0.0119, ""2017"": 0.2294, ""2018"": -0.1375, ""2019"": 0.1852, ""2020"": -0.1019, ""2021"": -0.0118, ""2022"": -0.1121, ""2023"": -0.1365, ""2024"": 0.3817, ""2025"": 0.1414, ""2026"": 0.017}",0.1357111293830289,0.3983516483516483
ret252,False,15,0.05,1.0,1092,0.0495052426839071,-0.4687594275841378,0.10560906036395692,-0.4666634925207933,0.0691270981647698,-0.32155770980680876,0.21497571371030486,-0.015658993650262576,-0.3022436338978398,-0.05180917608857036,0.09565213493388391,-0.20980318956144495,0.4559136356974703,-0.13748958039452963,6,"{""2011"": 0.0, ""2012"": 0.0756, ""2013"": 0.4257, ""2014"": 0.0681, ""2015"": -0.092, ""2016"": 0.0119, ""2017"": 0.2294, ""2018"": -0.1375, ""2019"": 0.1852, ""2020"": -0.1019, ""2021"": -0.0118, ""2022"": -0.1121, ""2023"": -0.1365, ""2024"": 0.3817, ""2025"": 0.1414, ""2026"": 0.017}",0.1357111293830289,0.3983516483516483
ret252,False,20,0.005,1.0,1525,0.03666927243938667,-0.4031744450502005,0.09095138069780406,-0.4003128939002544,0.05191624092167846,-0.27923798927063204,0.18592112433298696,-0.018490612586165578,-0.24230092350498633,-0.07631259641395902,0.07666050074376196,-0.1893234078039051,0.40491823823055395,-0.15890758072940114,7,"{""2011"": 0.0, ""2012"": 0.0581, ""2013"": 0.3896, ""2014"": 0.0009, ""2015"": -0.0729, ""2016"": -0.0135, ""2017"": 0.2108, ""2018"": -0.1258, ""2019"": 0.1111, ""2020"": -0.0263, ""2021"": 0.0173, ""2022"": -0.1589, ""2023"": -0.0518, ""2024"": 0.2611, ""2025"": 0.1195, ""2026"": -0.028}",0.11473350622833375,0.39147540983606555
ret252,False,20,0.01,1.0,1449,0.03730905834271425,-0.49203524391071307,0.07582598767962345,-0.4888472253274002,0.06262346853909206,-0.29195488966958827,0.21449707045483776,-0.04670878506894116,-0.32301507572416777,-0.1446024925128485,0.09380898569200413,-0.18760066072117043,0.5000461369985886,-0.15655841745818033,6,"{""2011"": 0.0, ""2012"": 0.1041, ""2013"": 0.3673, ""2014"": 0.0305, ""2015"": -0.0789, ""2016"": 0.0241, ""2017"": 0.1416, ""2018"": -0.0872, ""2019"": 0.1037, ""2020"": -0.0377, ""2021"": -0.0815, ""2022"": -0.1566, ""2023"": -0.0723, ""2024"": 0.246, ""2025"": 0.1275, ""2026"": 0.0563}",0.1191000831359483,0.39268461007591443
ret252,False,20,0.02,1.0,1449,0.03730905834271425,-0.49203524391071307,0.07582598767962345,-0.4888472253274002,0.06262346853909206,-0.29195488966958827,0.21449707045483776,-0.04670878506894116,-0.32301507572416777,-0.1446024925128485,0.09380898569200413,-0.18760066072117043,0.5000461369985886,-0.15655841745818033,6,"{""2011"": 0.0, ""2012"": 0.1041, ""2013"": 0.3673, ""2014"": 0.0305, ""2015"": -0.0789, ""2016"": 0.0241, ""2017"": 0.1416, ""2018"": -0.0872, ""2019"": 0.1037, ""2020"": -0.0377, ""2021"": -0.0815, ""2022"": -0.1566, ""2023"": -0.0723, ""2024"": 0.246, ""2025"": 0.1275, ""2026"": 0.0563}",0.1191000831359483,0.39268461007591443
ret252,False,20,0.05,1.0,1449,0.03730905834271425,-0.49203524391071307,0.07582598767962345,-0.4888472253274002,0.06262346853909206,-0.29195488966958827,0.21449707045483776,-0.04670878506894116,-0.32301507572416777,-0.1446024925128485,0.09380898569200413,-0.18760066072117043,0.5000461369985886,-0.15655841745818033,6,"{""2011"": 0.0, ""2012"": 0.1041, ""2013"": 0.3673, ""2014"": 0.0305, ""2015"": -0.0789, ""2016"": 0.0241, ""2017"": 0.1416, ""2018"": -0.0872, ""2019"": 0.1037, ""2020"": -0.0377, ""2021"": -0.0815, ""2022"": -0.1566, ""2023"": -0.0723, ""2024"": 0.246, ""2025"": 0.1275, ""2026"": 0.0563}",0.1191000831359483,0.39268461007591443
ret252,False,30,0.005,1.0,2233,0.040664303986367445,-0.46243919547995704,0.0879343800954474,-0.4624296413539799,0.05405243636978163,-0.2836361446678739,0.19056963432172858,-0.03439772128099561,-0.27936680239579714,-0.12312744744904269,0.11051967474707025,-0.21793949278319358,0.5071117370040653,-0.16179030653784598,6,"{""2011"": 0.0, ""2012"": 0.0525, ""2013"": 0.4501, ""2014"": 0.0617, ""2015"": -0.1136, ""2016"": 0.0022, ""2017"": 0.1841, ""2018"": -0.1522, ""2019"": 0.0964, ""2020"": -0.0359, ""2021"": -0.0209, ""2022"": -0.1618, ""2023"": -0.0484, ""2024"": 0.3305, ""2025"": 0.0943, ""2026"": 0.0468}",0.12646652233279895,0.3954321540528437
ret252,False,30,0.01,1.0,2225,0.038087203286965465,-0.4623882347403082,0.08237061504896732,-0.4623766151249825,0.05402723771725926,-0.28371864076548803,0.19042540726788657,-0.03438003514731025,-0.2794197209009903,-0.12304083275314874,0.0990238850654539,-0.2096417769203165,0.4723480525691797,-0.16179274221028628,6,"{""2011"": 0.0, ""2012"": 0.0525, ""2013"": 0.4501, ""2014"": 0.0616, ""2015"": -0.1136, ""2016"": 0.002, ""2017"": 0.1842, ""2018"": -0.1523, ""2019"": 0.0966, ""2020"": -0.0359, ""2021"": -0.021, ""2022"": -0.1618, ""2023"": -0.0483, ""2024"": 0.2897, ""2025"": 0.1381, ""2026"": 0.0004}",0.11962735213647323,0.39325842696629215
ret252,False,30,0.02,1.0,2225,0.038087203286965465,-0.4623882347403082,0.08237061504896732,-0.4623766151249825,0.05402723771725926,-0.28371864076548803,0.19042540726788657,-0.03438003514731025,-0.2794197209009903,-0.12304083275314874,0.0990238850654539,-0.2096417769203165,0.4723480525691797,-0.16179274221028628,6,"{""2011"": 0.0, ""2012"": 0.0525, ""2013"": 0.4501, ""2014"": 0.0616, ""2015"": -0.1136, ""2016"": 0.002, ""2017"": 0.1842, ""2018"": -0.1523, ""2019"": 0.0966, ""2020"": -0.0359, ""2021"": -0.021, ""2022"": -0.1618, ""2023"": -0.0483, ""2024"": 0.2897, ""2025"": 0.1381, ""2026"": 0.0004}",0.11962735213647323,0.39325842696629215
ret252,False,30,0.05,1.0,2225,0.038087203286965465,-0.4623882347403082,0.08237061504896732,-0.4623766151249825,0.05402723771725926,-0.28371864076548803,0.19042540726788657,-0.03438003514731025,-0.2794197209009903,-0.12304083275314874,0.0990238850654539,-0.2096417769203165,0.4723480525691797,-0.16179274221028628,6,"{""2011"": 0.0, ""2012"": 0.0525, ""2013"": 0.4501, ""2014"": 0.0616, ""2015"": -0.1136, ""2016"": 0.002, ""2017"": 0.1842, ""2018"": -0.1523, ""2019"": 0.0966, ""2020"": -0.0359, ""2021"": -0.021, ""2022"": -0.1618, ""2023"": -0.0483, ""2024"": 0.2897, ""2025"": 0.1381, ""2026"": 0.0004}",0.11962735213647323,0.39325842696629215
ret252,True,5,0.005,1.0,381,0.02701693520913362,-0.10028501743574769,0.26940151081335045,-0.09912301187003003,0.029158705025200682,-0.10028501743574769,0.2907583382919844,0.04200443457219061,-0.0696330976646079,0.6032251326015619,0.010125130829526263,-0.08890732568998094,0.11388410067391415,-0.029646051553344543,4,"{""2011"": 0.0, ""2012"": 0.0695, ""2013"": 0.0303, ""2014"": -0.0278, ""2015"": -0.0281, ""2016"": 0.085, ""2017"": 0.0695, ""2018"": 0.0119, ""2019"": 0.046, ""2020"": 0.0477, ""2021"": 0.108, ""2022"": -0.0296, ""2023"": -0.0181, ""2024"": 0.0172, ""2025"": 0.0202, ""2026"": 0.0162}",0.2189513217291731,0.4304461942257218
ret252,True,5,0.01,1.0,381,0.05422224209697979,-0.18855650657095413,0.287564948476471,-0.18571929179149826,0.05939333816081804,-0.18855650657095413,0.3149895977653162,0.08208105831978418,-0.13520382564632438,0.6070912411494742,0.02161605265831157,-0.16159435219759677,0.13376737716600123,-0.059387955870881304,4,"{""2011"": 0.0, ""2012"": 0.1395, ""2013"": 0.0552, ""2014"": -0.0438, ""2015"": -0.0576, ""2016"": 0.1743, ""2017"": 0.1435, ""2018"": 0.0287, ""2019"": 0.0868, ""2020"": 0.0951, ""2021"": 0.2232, ""2022"": -0.0594, ""2023"": -0.0333, ""2024"": 0.0378, ""2025"": 0.0393, ""2026"": 0.0328}",0.2189513217291731,0.4304461942257218
ret252,True,5,0.02,1.0,370,0.07502601822048227,-0.27904536725145546,0.2688667400554773,-0.2746571391794179,0.08834228685802437,-0.27904536725145546,0.3165875417613248,0.09096803403457865,-0.21490371012964737,0.4232967126519097,0.0421388404061005,-0.25101895364636184,0.16787114994298855,-0.10516161125797185,5,"{""2011"": 0.0, ""2012"": 0.1995, ""2013"": 0.0949, ""2014"": -0.0223, ""2015"": -0.0896, ""2016"": 0.3593, ""2017"": 0.2434, ""2018"": -0.0852, ""2019"": 0.0826, ""2020"": 0.0824, ""2021"": 0.3505, ""2022"": -0.1052, ""2023"": -0.0504, ""2024"": 0.0798, ""2025"": 0.0637, ""2026"": 0.0601}",0.21905436941290832,0.42702702702702705
ret252,True,5,0.05,1.0,374,0.11070739129771079,-0.30485850799101877,0.3631435187007222,-0.29598640031355816,0.14326292041527355,-0.30485850799101877,0.4699324987167297,0.11622577124783695,-0.22156172497543447,0.5245751325537993,0.05813085194515111,-0.23299894829077505,0.24948976109800164,-0.14693976232357675,3,"{""2011"": 0.0, ""2012"": 0.1069, ""2013"": 0.3719, ""2014"": 0.0671, ""2015"": -0.1469, ""2016"": 0.3218, ""2017"": 0.3903, ""2018"": 0.0038, ""2019"": 0.0958, ""2020"": 0.2187, ""2021"": 0.3214, ""2022"": -0.1215, ""2023"": -0.0364, ""2024"": 0.0826, ""2025"": 0.0905, ""2026"": 0.0738}",0.2848542436808208,0.44919786096256686
ret252,True,10,0.005,1.0,718,0.029063895975157905,-0.17074060965129345,0.17022251492785231,-0.1687813300377763,0.058793823043883586,-0.17074060965129345,0.34434586571969755,0.020859463681595303,-0.14560151652943798,0.14326405506482412,-0.0138788358084323,-0.11028180153422418,-0.12584883104330888,-0.09649532246738679,7,"{""2011"": 0.0, ""2012"": 0.1058, ""2013"": 0.1605, ""2014"": -0.0126, ""2015"": -0.0822, ""2016"": 0.1472, ""2017"": 0.1647, ""2018"": -0.0404, ""2019"": 0.0567, ""2020"": -0.0053, ""2021"": 0.1421, ""2022"": -0.0965, ""2023"": -0.0307, ""2024"": 0.0101, ""2025"": 0.0083, ""2026"": -0.0374}",0.1338776342296495,0.3997214484679666
ret252,True,10,0.01,1.0,714,0.05052704503048422,-0.3012976355647714,0.16769811331500534,-0.3041871842753119,0.09989741860225987,-0.27596286833772665,0.3619958699661152,0.041638862373999164,-0.2339634866307264,0.17797162699887178,-0.02406065274964786,-0.1915855572924854,-0.12558698625134618,-0.16732774043448428,6,"{""2011"": 0.0, ""2012"": 0.1741, ""2013"": 0.3856, ""2014"": -0.039, ""2015"": -0.1282, ""2016"": 0.2111, ""2017"": 0.2965, ""2018"": -0.0908, ""2019"": 0.1306, ""2020"": 0.0175, ""2021"": 0.2282, ""2022"": -0.1673, ""2023"": -0.0476, ""2024"": 0.0423, ""2025"": 0.0046, ""2026"": -0.0827}",0.15631925736699293,0.4061624649859944
ret252,True,10,0.02,1.0,727,0.060812098733585174,-0.3275555342054448,0.18565431624013856,-0.33039394855587034,0.10571623782028672,-0.26907237510138937,0.39289145821993693,0.05900152468257769,-0.2500278387979389,0.2359798211520759,-0.012072316737306243,-0.21968829804915024,-0.05495202450248551,-0.17684135185646532,6,"{""2011"": 0.0, ""2012"": 0.1775, ""2013"": 0.2932, ""2014"": 0.0228, ""2015"": -0.1587, ""2016"": 0.2273, ""2017"": 0.3218, ""2018"": -0.05, ""2019"": 0.1179, ""2020"": 0.0842, ""2021"": 0.259, ""2022"": -0.1768, ""2023"": -0.0527, ""2024"": 0.1813, ""2025"": -0.0722, ""2026"": -0.0794}",0.17022543670638507,0.41127922971114167
ret252,True,10,0.05,1.0,727,0.060812098733585174,-0.3275555342054448,0.18565431624013856,-0.33039394855587034,0.10571623782028672,-0.26907237510138937,0.39289145821993693,0.05900152468257769,-0.2500278387979389,0.2359798211520759,-0.012072316737306243,-0.21968829804915024,-0.05495202450248551,-0.17684135185646532,6,"{""2011"": 0.0, ""2012"": 0.1775, ""2013"": 0.2932, ""2014"": 0.0228, ""2015"": -0.1587, ""2016"": 0.2273, ""2017"": 0.3218, ""2018"": -0.05, ""2019"": 0.1179, ""2020"": 0.0842, ""2021"": 0.259, ""2022"": -0.1768, ""2023"": -0.0527, ""2024"": 0.1813, ""2025"": -0.0722, ""2026"": -0.0794}",0.17022543670638507,0.41127922971114167
ret252,True,15,0.005,1.0,1073,0.02741397670850021,-0.30839775920561174,0.08889162093497265,-0.31648625824857635,0.06669388511508823,-0.21460845085160063,0.31077007848682675,0.015893776589455566,-0.2296991753935509,0.06919387743653957,-0.02941509091531025,-0.16161634390391866,-0.18200566975328683,-0.13214514871129912,6,"{""2011"": 0.0, ""2012"": 0.1417, ""2013"": 0.1869, ""2014"": 0.008, ""2015"": -0.1015, ""2016"": 0.1362, ""2017"": 0.2568, ""2018"": -0.1038, ""2019"": 0.1492, ""2020"": -0.019, ""2021"": 0.0872, ""2022"": -0.1321, ""2023"": -0.0886, ""2024"": 0.0399, ""2025"": 0.0088, ""2026"": -0.0608}",0.10099906015120079,0.3895619757688723
ret252,True,15,0.01,1.0,1061,0.0335279473222132,-0.42700522513371686,0.07851882213318095,-0.4392600985081182,0.08102710696470883,-0.22431426624897466,0.36122137178191716,0.014452693933987959,-0.31524037859745346,0.04584658221224681,-0.02889838320637972,-0.25089585657720026,-0.11518079094896384,-0.17571403400072738,6,"{""2011"": 0.0, ""2012"": 0.1094, ""2013"": 0.2012, ""2014"": 0.0177, ""2015"": -0.1231, ""2016"": 0.2345, ""2017"": 0.2891, ""2018"": -0.0889, ""2019"": 0.1491, ""2020"": -0.0127, ""2021"": 0.1309, ""2022"": -0.1757, ""2023"": -0.1263, ""2024"": 0.0772, ""2025"": 0.0117, ""2026"": -0.0556}",0.10094110118903662,0.3892554194156456
ret252,True,15,0.02,1.0,1041,0.02843905531852542,-0.4279983881005306,0.06644664117717541,-0.440222806597264,0.06941854981259499,-0.24833375888038167,0.27953730546169026,0.013320021247429592,-0.3204094318647086,0.04157187623944201,-0.027287694348862357,-0.25089587183172724,-0.10876103360984703,-0.18568941234815795,5,"{""2011"": 0.0, ""2012"": 0.1094, ""2013"": 0.2012, ""2014"": 0.0788, ""2015"": -0.119, ""2016"": 0.2372, ""2017"": 0.253, ""2018"": -0.1857, ""2019"": 0.1223, ""2020"": 0.0068, ""2021"": 0.1188, ""2022"": -0.1671, ""2023"": -0.1263, ""2024"": 0.094, ""2025"": 0.0022, ""2026"": -0.0557}",0.09697384575532934,0.38808837656099904
ret252,True,15,0.05,1.0,1041,0.02843905531852542,-0.4279983881005306,0.06644664117717541,-0.440222806597264,0.06941854981259499,-0.24833375888038167,0.27953730546169026,0.013320021247429592,-0.3204094318647086,0.04157187623944201,-0.027287694348862357,-0.25089587183172724,-0.10876103360984703,-0.18568941234815795,5,"{""2011"": 0.0, ""2012"": 0.1094, ""2013"": 0.2012, ""2014"": 0.0788, ""2015"": -0.119, ""2016"": 0.2372, ""2017"": 0.253, ""2018"": -0.1857, ""2019"": 0.1223, ""2020"": 0.0068, ""2021"": 0.1188, ""2022"": -0.1671, ""2023"": -0.1263, ""2024"": 0.094, ""2025"": 0.0022, ""2026"": -0.0557}",0.09697384575532934,0.38808837656099904
ret252,True,20,0.005,1.0,1452,0.04468894601876294,-0.32545011411055136,0.13731427362038862,-0.3251598442428756,0.06320069526983496,-0.21782448370259155,0.29014504795579615,0.02587867636582053,-0.2799422108936198,0.0924429234277021,0.03636235051091452,-0.16289661315164672,0.22322349008609166,-0.19472549537197936,6,"{""2011"": 0.0, ""2012"": 0.1191, ""2013"": 0.2651, ""2014"": 0.0604, ""2015"": -0.1114, ""2016"": 0.1106, ""2017"": 0.2045, ""2018"": -0.1398, ""2019"": 0.2166, ""2020"": -0.0026, ""2021"": 0.1322, ""2022"": -0.1947, ""2023"": -0.0582, ""2024"": 0.1574, ""2025"": 0.053, ""2026"": -0.0117}",0.12938965228339494,0.39944903581267216
ret252,True,20,0.01,1.0,1404,0.065942237980116,-0.3461626249321521,0.19049496748252553,-0.349522332126346,0.08813610836892272,-0.21056793506809535,0.4185637682224526,0.044669937031749596,-0.2822182616823894,0.15828152567257142,0.05621168440844193,-0.17174312854257734,0.32730092251991516,-0.18953562957064218,4,"{""2011"": 0.0, ""2012"": 0.123, ""2013"": 0.2386, ""2014"": 0.1171, ""2015"": -0.0862, ""2016"": 0.1745, ""2017"": 0.2222, ""2018"": -0.1143, ""2019"": 0.1945, ""2020"": 0.0675, ""2021"": 0.151, ""2022"": -0.1895, ""2023"": -0.0309, ""2024"": 0.1508, ""2025"": 0.0363, ""2026"": 0.0501}",0.16649059294354981,0.41025641025641024
ret252,True,20,0.02,1.0,1404,0.065942237980116,-0.3461626249321521,0.19049496748252553,-0.349522332126346,0.08813610836892272,-0.21056793506809535,0.4185637682224526,0.044669937031749596,-0.2822182616823894,0.15828152567257142,0.05621168440844193,-0.17174312854257734,0.32730092251991516,-0.18953562957064218,4,"{""2011"": 0.0, ""2012"": 0.123, ""2013"": 0.2386, ""2014"": 0.1171, ""2015"": -0.0862, ""2016"": 0.1745, ""2017"": 0.2222, ""2018"": -0.1143, ""2019"": 0.1945, ""2020"": 0.0675, ""2021"": 0.151, ""2022"": -0.1895, ""2023"": -0.0309, ""2024"": 0.1508, ""2025"": 0.0363, ""2026"": 0.0501}",0.16649059294354981,0.41025641025641024
ret252,True,20,0.05,1.0,1404,0.065942237980116,-0.3461626249321521,0.19049496748252553,-0.349522332126346,0.08813610836892272,-0.21056793506809535,0.4185637682224526,0.044669937031749596,-0.2822182616823894,0.15828152567257142,0.05621168440844193,-0.17174312854257734,0.32730092251991516,-0.18953562957064218,4,"{""2011"": 0.0, ""2012"": 0.123, ""2013"": 0.2386, ""2014"": 0.1171, ""2015"": -0.0862, ""2016"": 0.1745, ""2017"": 0.2222, ""2018"": -0.1143, ""2019"": 0.1945, ""2020"": 0.0675, ""2021"": 0.151, ""2022"": -0.1895, ""2023"": -0.0309, ""2024"": 0.1508, ""2025"": 0.0363, ""2026"": 0.0501}",0.16649059294354981,0.41025641025641024
ret252,True,30,0.005,1.0,2156,0.05482199332895532,-0.3356113407774417,0.1633496448658752,-0.3380248002074936,0.06005683460139655,-0.22913538806421452,0.26210196124121077,0.050249708842575735,-0.26869135252387033,0.1870164721364138,0.057539892527011416,-0.18951094153520265,0.3036230629265439,-0.1860472071698186,5,"{""2011"": 0.0, ""2012"": 0.0707, ""2013"": 0.3058, ""2014"": 0.072, ""2015"": -0.0987, ""2016"": 0.1179, ""2017"": 0.1897, ""2018"": -0.1632, ""2019"": 0.1953, ""2020"": 0.0638, ""2021"": 0.1731, ""2022"": -0.186, ""2023"": -0.0397, ""2024"": 0.2005, ""2025"": 0.0669, ""2026"": -0.0084}",0.14591880390119952,0.40584415584415584
ret252,True,30,0.01,1.0,2161,0.05687101052868582,-0.3356113755445289,0.16945495496513696,-0.3380248323726964,0.06222441779398369,-0.21965189409151065,0.2832865068218349,0.049049433294223954,-0.26869139117653507,0.18254932947218094,0.06301619353837795,-0.1895987231147661,0.33236612833217016,-0.1860472291108951,4,"{""2011"": 0.0, ""2012"": 0.0707, ""2013"": 0.3058, ""2014"": 0.0719, ""2015"": -0.0987, ""2016"": 0.1181, ""2017"": 0.1841, ""2018"": -0.1472, ""2019"": 0.191, ""2020"": 0.0639, ""2021"": 0.1731, ""2022"": -0.186, ""2023"": -0.0397, ""2024"": 0.2005, ""2025"": 0.0668, ""2026"": 0.0102}",0.14882028126001515,0.4067561314206386
ret252,True,30,0.02,1.0,2161,0.05687101052868582,-0.3356113755445289,0.16945495496513696,-0.3380248323726964,0.06222441779398369,-0.21965189409151065,0.2832865068218349,0.049049433294223954,-0.26869139117653507,0.18254932947218094,0.06301619353837795,-0.1895987231147661,0.33236612833217016,-0.1860472291108951,4,"{""2011"": 0.0, ""2012"": 0.0707, ""2013"": 0.3058, ""2014"": 0.0719, ""2015"": -0.0987, ""2016"": 0.1181, ""2017"": 0.1841, ""2018"": -0.1472, ""2019"": 0.191, ""2020"": 0.0639, ""2021"": 0.1731, ""2022"": -0.186, ""2023"": -0.0397, ""2024"": 0.2005, ""2025"": 0.0668, ""2026"": 0.0102}",0.14882028126001515,0.4067561314206386
ret252,True,30,0.05,1.0,2161,0.05687101052868582,-0.3356113755445289,0.16945495496513696,-0.3380248323726964,0.06222441779398369,-0.21965189409151065,0.2832865068218349,0.049049433294223954,-0.26869139117653507,0.18254932947218094,0.06301619353837795,-0.1895987231147661,0.33236612833217016,-0.1860472291108951,4,"{""2011"": 0.0, ""2012"": 0.0707, ""2013"": 0.3058, ""2014"": 0.0719, ""2015"": -0.0987, ""2016"": 0.1181, ""2017"": 0.1841, ""2018"": -0.1472, ""2019"": 0.191, ""2020"": 0.0639, ""2021"": 0.1731, ""2022"": -0.186, ""2023"": -0.0397, ""2024"": 0.2005, ""2025"": 0.0668, ""2026"": 0.0102}",0.14882028126001515,0.4067561314206386
ret126,False,5,0.005,1.0,426,0.013443576413836755,-0.18744473016379504,0.071720215351423,-0.18711143714979095,-0.007122453860326949,-0.18744473016379504,-0.037997621240688534,0.02638653601934382,-0.07359628657171835,0.35853080703508844,0.04190371553666594,-0.07221006088678894,0.5803030079473643,-0.07853889317515794,6,"{""2011"": 0.0, ""2012"": 0.0193, ""2013"": 0.0514, ""2014"": 0.0451, ""2015"": -0.031, ""2016"": -0.0311, ""2017"": -0.0183, ""2018"": -0.0785, ""2019"": 0.0882, ""2020"": 0.0156, ""2021"": 0.0628, ""2022"": -0.0553, ""2023"": -0.0318, ""2024"": 0.021, ""2025"": 0.1602, ""2026"": 0.0093}",0.1055631753029608,0.38967136150234744
ret126,False,5,0.01,1.0,426,0.02369171976703588,-0.3526672681352321,0.06717867493716816,-0.35215337931001744,-0.017911163515566098,-0.3526672681352321,-0.050787711630493504,0.0500950919047316,-0.1425047037678776,0.3515329008811545,0.08247376518109961,-0.14221383490880724,0.579927861687893,-0.1554020613612055,6,"{""2011"": 0.0, ""2012"": 0.0371, ""2013"": 0.1025, ""2014"": 0.086, ""2015"": -0.0595, ""2016"": -0.0643, ""2017"": -0.0451, ""2018"": -0.1554, ""2019"": 0.1819, ""2020"": 0.026, ""2021"": 0.1232, ""2022"": -0.1076, ""2023"": -0.0678, ""2024"": 0.0436, ""2025"": 0.3383, ""2026"": 0.0188}",0.1055631753029608,0.38967136150234744
ret126,False,5,0.02,1.0,425,0.04430181127149302,-0.5046199194384223,0.08779243459274316,-0.5056557283275485,-0.028918577706112947,-0.49546809848266427,-0.058366174925639065,0.09072282620352023,-0.23727817603315593,0.3823479585026949,0.15342351979150237,-0.25723107648853616,0.5964423967970289,-0.31391659484747936,7,"{""2011"": 0.0, ""2012"": 0.0619, ""2013"": 0.3149, ""2014"": -0.0444, ""2015"": -0.0207, ""2016"": -0.0847, ""2017"": -0.0074, ""2018"": -0.3139, ""2019"": 0.2057, ""2020"": 0.1586, ""2021"": 0.2605, ""2022"": -0.1968, ""2023"": -0.149, ""2024"": 0.0761, ""2025"": 0.7318, ""2026"": 0.0487}",0.11555863259452297,0.39294117647058824
ret126,False,5,0.05,1.0,388,0.012082094841250779,-0.5105123265189444,0.02366660747182258,-0.5141633314544722,-0.00614133894602209,-0.4114514725825419,-0.01492603467299553,0.04362871011821401,-0.2608016809043673,0.1672869207243036,0.014902812504441476,-0.3065852552944325,0.04860903206231949,-0.3329358496235111,7,"{""2011"": 0.0, ""2012"": 0.0446, ""2013"": 0.2556, ""2014"": -0.013, ""2015"": -0.0424, ""2016"": -0.1035, ""2017"": 0.292, ""2018"": -0.3329, ""2019"": 0.0096, ""2020"": 0.2176, ""2021"": 0.1923, ""2022"": -0.1909, ""2023"": -0.1615, ""2024"": -0.0831, ""2025"": 0.3179, ""2026"": 0.0404}",0.035833190210056855,0.36855670103092786
ret126,False,10,0.005,1.0,811,0.043207687777313764,-0.17284220482773582,0.24998343327300732,-0.17439667797078984,0.026011965019862915,-0.17284220482773582,0.1504954478322461,0.035178123705365216,-0.1274645647425483,0.2759835549308755,0.092963119355715,-0.09708063494112118,0.9575866434340543,-0.0946971411765134,4,"{""2011"": 0.0, ""2012"": 0.0209, ""2013"": 0.1696, ""2014"": 0.0864, ""2015"": -0.0166, ""2016"": -0.0254, ""2017"": 0.063, ""2018"": -0.0947, ""2019"": 0.1283, ""2020"": 0.0375, ""2021"": 0.0615, ""2022"": -0.0762, ""2023"": 0.0319, ""2024"": 0.1351, ""2025"": 0.1485, ""2026"": 0.0206}",0.17460006722890817,0.41060419235511714
ret126,False,10,0.01,1.0,792,0.08143152214718063,-0.3121695445698266,0.2608567157292498,-0.30968174502325607,0.04862686036093211,-0.3121695445698266,0.15577067400325842,0.06592797712605147,-0.21804390414212116,0.3023610193802051,0.17910845573242784,-0.1815144610627324,0.9867448283942897,-0.14099161846000563,4,"{""2011"": 0.0, ""2012"": 0.0376, ""2013"": 0.29, ""2014"": 0.1552, ""2015"": -0.0481, ""2016"": -0.1035, ""2017"": 0.2216, ""2018"": -0.1353, ""2019"": 0.2365, ""2020"": 0.0837, ""2021"": 0.1209, ""2022"": -0.141, ""2023"": 0.0598, ""2024"": 0.2534, ""2025"": 0.2992, ""2026"": 0.0425}",0.19442667143213263,0.4166666666666667
ret126,False,10,0.02,1.0,745,0.07811955486719091,-0.4163670133498979,0.18762186331399508,-0.42086919953552093,0.0005467704877624158,-0.4068036976980255,0.001344064694732173,0.08326527202188139,-0.22587853678228675,0.3686285257909949,0.25340231137040625,-0.19494735516634798,1.2998499577189895,-0.18119645350107383,5,"{""2011"": 0.0, ""2012"": 0.0442, ""2013"": 0.3513, ""2014"": 0.0498, ""2015"": -0.1575, ""2016"": -0.0273, ""2017"": -0.0358, ""2018"": -0.1424, ""2019"": 0.2084, ""2020"": 0.1808, ""2021"": 0.1778, ""2022"": -0.1812, ""2023"": 0.0781, ""2024"": 0.3757, ""2025"": 0.3732, ""2026"": 0.0984}",0.16331512852259494,0.4053691275167785
ret126,False,10,0.05,1.0,745,0.07811955486719091,-0.4163670133498979,0.18762186331399508,-0.42086919953552093,0.0005467704877624158,-0.4068036976980255,0.001344064694732173,0.08326527202188139,-0.22587853678228675,0.3686285257909949,0.25340231137040625,-0.19494735516634798,1.2998499577189895,-0.18119645350107383,5,"{""2011"": 0.0, ""2012"": 0.0442, ""2013"": 0.3513, ""2014"": 0.0498, ""2015"": -0.1575, ""2016"": -0.0273, ""2017"": -0.0358, ""2018"": -0.1424, ""2019"": 0.2084, ""2020"": 0.1808, ""2021"": 0.1778, ""2022"": -0.1812, ""2023"": 0.0781, ""2024"": 0.3757, ""2025"": 0.3732, ""2026"": 0.0984}",0.16331512852259494,0.4053691275167785
ret126,False,15,0.005,1.0,1170,0.05715205243882093,-0.24803726483007593,0.23041720153612547,-0.2459801198924524,0.046719767098196696,-0.22791552528553294,0.20498720760538844,0.023414636568137803,-0.2046061666125687,0.11443758981357834,0.12621859686503645,-0.15477397948913751,0.8155026916129324,-0.13716729513839643,4,"{""2011"": 0.0, ""2012"": 0.0402, ""2013"": 0.2826, ""2014"": 0.0919, ""2015"": -0.0322, ""2016"": 0.0063, ""2017"": 0.1215, ""2018"": -0.1352, ""2019"": 0.1773, ""2020"": -0.0239, ""2021"": 0.1042, ""2022"": -0.1372, ""2023"": 0.0343, ""2024"": 0.2775, ""2025"": 0.141, ""2026"": 0.0133}",0.17148193904950645,0.41025641025641024
ret126,False,15,0.01,1.0,1125,0.07663482216310502,-0.3123515119218788,0.24534801093670358,-0.31022413833736606,0.05263501662951309,-0.30747474707447553,0.17118484405733653,0.06175002745026448,-0.2605437701256269,0.23700442893142423,0.155846040387156,-0.21914876856395094,0.7111426699241422,-0.1626190742638326,5,"{""2011"": 0.0, ""2012"": 0.1088, ""2013"": 0.3178, ""2014"": 0.0816, ""2015"": -0.0882, ""2016"": -0.0591, ""2017"": 0.1701, ""2018"": -0.0978, ""2019"": 0.3299, ""2020"": -0.0011, ""2021"": 0.1343, ""2022"": -0.1626, ""2023"": 0.0411, ""2024"": 0.2464, ""2025"": 0.1919, ""2026"": 0.0835}",0.18630430371151324,0.416
ret126,False,15,0.02,1.0,1136,0.08279643681030024,-0.3124553423179902,0.26498646557317346,-0.3103562893924744,0.052654888309072945,-0.29373825462706016,0.17925785109578368,0.06290296194859102,-0.23912780424138835,0.26305164365200046,0.1802315097283438,-0.1995006960393565,0.9034129369292457,-0.16269700344283722,4,"{""2011"": 0.0, ""2012"": 0.1088, ""2013"": 0.3178, ""2014"": 0.0816, ""2015"": -0.0882, ""2016"": -0.0711, ""2017"": 0.2268, ""2018"": -0.1283, ""2019"": 0.2565, ""2020"": 0.0692, ""2021"": 0.1341, ""2022"": -0.1627, ""2023"": 0.0569, ""2024"": 0.2874, ""2025"": 0.2396, ""2026"": 0.0703}",0.18885842546231432,0.4163732394366197
ret126,False,15,0.05,1.0,1136,0.08279643681030024,-0.3124553423179902,0.26498646557317346,-0.3103562893924744,0.052654888309072945,-0.29373825462706016,0.17925785109578368,0.06290296194859102,-0.23912780424138835,0.26305164365200046,0.1802315097283438,-0.1995006960393565,0.9034129369292457,-0.16269700344283722,4,"{""2011"": 0.0, ""2012"": 0.1088, ""2013"": 0.3178, ""2014"": 0.0816, ""2015"": -0.0882, ""2016"": -0.0711, ""2017"": 0.2268, ""2018"": -0.1283, ""2019"": 0.2565, ""2020"": 0.0692, ""2021"": 0.1341, ""2022"": -0.1627, ""2023"": 0.0569, ""2024"": 0.2874, ""2025"": 0.2396, ""2026"": 0.0703}",0.18885842546231432,0.4163732394366197
ret126,False,20,0.005,1.0,1511,0.0742032915235209,-0.27552332632582055,0.2693176382306436,-0.27549260537007003,0.06075070653744108,-0.2730213175784457,0.22251268536928773,0.04872723175375171,-0.23763033338960904,0.20505476324800892,0.14222631543831699,-0.19590452721212592,0.7259981045987466,-0.138828409466222,5,"{""2011"": 0.0, ""2012"": 0.0846, ""2013"": 0.3972, ""2014"": 0.0605, ""2015"": -0.0663, ""2016"": -0.0227, ""2017"": 0.1575, ""2018"": -0.1102, ""2019"": 0.2433, ""2020"": -0.0156, ""2021"": 0.1452, ""2022"": -0.1388, ""2023"": 0.0677, ""2024"": 0.2495, ""2025"": 0.1273, ""2026"": 0.067}",0.18486777160363185,0.41363335539377893
ret126,False,20,0.01,1.0,1468,0.07900750411002844,-0.32169597905101,0.24559680336414944,-0.3236715566374242,0.043433034259428904,-0.31309247987591304,0.13872270032369535,0.07492348593732134,-0.2659018506608747,0.2817712090047733,0.1692482469334553,-0.21134808688215057,0.8008033071424466,-0.19786219467032118,5,"{""2011"": 0.0, ""2012"": 0.0691, ""2013"": 0.4237, ""2014"": 0.0493, ""2015"": -0.1331, ""2016"": 0.0305, ""2017"": 0.1763, ""2018"": -0.1979, ""2019"": 0.2892, ""2020"": -0.0179, ""2021"": 0.2251, ""2022"": -0.142, ""2023"": 0.096, ""2024"": 0.3214, ""2025"": 0.2181, ""2026"": -0.0102}",0.18389325793474728,0.41348773841961856
ret126,False,20,0.02,1.0,1468,0.07900750411002844,-0.32169597905101,0.24559680336414944,-0.3236715566374242,0.043433034259428904,-0.31309247987591304,0.13872270032369535,0.07492348593732134,-0.2659018506608747,0.2817712090047733,0.1692482469334553,-0.21134808688215057,0.8008033071424466,-0.19786219467032118,5,"{""2011"": 0.0, ""2012"": 0.0691, ""2013"": 0.4237, ""2014"": 0.0493, ""2015"": -0.1331, ""2016"": 0.0305, ""2017"": 0.1763, ""2018"": -0.1979, ""2019"": 0.2892, ""2020"": -0.0179, ""2021"": 0.2251, ""2022"": -0.142, ""2023"": 0.096, ""2024"": 0.3214, ""2025"": 0.2181, ""2026"": -0.0102}",0.18389325793474728,0.41348773841961856
ret126,False,20,0.05,1.0,1468,0.07900750411002844,-0.32169597905101,0.24559680336414944,-0.3236715566374242,0.043433034259428904,-0.31309247987591304,0.13872270032369535,0.07492348593732134,-0.2659018506608747,0.2817712090047733,0.1692482469334553,-0.21134808688215057,0.8008033071424466,-0.19786219467032118,5,"{""2011"": 0.0, ""2012"": 0.0691, ""2013"": 0.4237, ""2014"": 0.0493, ""2015"": -0.1331, ""2016"": 0.0305, ""2017"": 0.1763, ""2018"": -0.1979, ""2019"": 0.2892, ""2020"": -0.0179, ""2021"": 0.2251, ""2022"": -0.142, ""2023"": 0.096, ""2024"": 0.3214, ""2025"": 0.2181, ""2026"": -0.0102}",0.18389325793474728,0.41348773841961856
ret126,False,30,0.005,1.0,2239,0.08710529958051261,-0.33714766350852954,0.25835949350516235,-0.33508422411193584,0.07184533311302554,-0.27667453166354694,0.25967454496460063,0.06668193690603297,-0.2532809314493566,0.26327262982040156,0.15515505894977188,-0.2421938840243023,0.6406233566748666,-0.184752893385715,3,"{""2011"": 0.0, ""2012"": 0.06, ""2013"": 0.5042, ""2014"": 0.0641, ""2015"": -0.0928, ""2016"": 0.0223, ""2017"": 0.1879, ""2018"": -0.131, ""2019"": 0.208, ""2020"": 0.0514, ""2021"": 0.2453, ""2022"": -0.1848, ""2023"": 0.0155, ""2024"": 0.3726, ""2025"": 0.109, ""2026"": 0.0809}",0.1886186455939523,0.4162572577043323
ret126,False,30,0.01,1.0,2235,0.08238480012835514,-0.3396435951869845,0.24256250168062116,-0.3377982744464655,0.07185969253767333,-0.27667453330783154,0.2597264434805112,0.06665937038674041,-0.25328094248025945,0.2631835215629609,0.1341944883542754,-0.235193358207477,0.5705709097273701,-0.1847902592681736,3,"{""2011"": 0.0, ""2012"": 0.06, ""2013"": 0.5043, ""2014"": 0.0641, ""2015"": -0.0928, ""2016"": 0.0223, ""2017"": 0.1879, ""2018"": -0.131, ""2019"": 0.2082, ""2020"": 0.0513, ""2021"": 0.2451, ""2022"": -0.1848, ""2023"": 0.0128, ""2024"": 0.3166, ""2025"": 0.1013, ""2026"": 0.0659}",0.18440911868963517,0.4156599552572707
ret126,False,30,0.02,1.0,2235,0.08238480012835514,-0.3396435951869845,0.24256250168062116,-0.3377982744464655,0.07185969253767333,-0.27667453330783154,0.2597264434805112,0.06665937038674041,-0.25328094248025945,0.2631835215629609,0.1341944883542754,-0.235193358207477,0.5705709097273701,-0.1847902592681736,3,"{""2011"": 0.0, ""2012"": 0.06, ""2013"": 0.5043, ""2014"": 0.0641, ""2015"": -0.0928, ""2016"": 0.0223, ""2017"": 0.1879, ""2018"": -0.131, ""2019"": 0.2082, ""2020"": 0.0513, ""2021"": 0.2451, ""2022"": -0.1848, ""2023"": 0.0128, ""2024"": 0.3166, ""2025"": 0.1013, ""2026"": 0.0659}",0.18440911868963517,0.4156599552572707
ret126,False,30,0.05,1.0,2235,0.08238480012835514,-0.3396435951869845,0.24256250168062116,-0.3377982744464655,0.07185969253767333,-0.27667453330783154,0.2597264434805112,0.06665937038674041,-0.25328094248025945,0.2631835215629609,0.1341944883542754,-0.235193358207477,0.5705709097273701,-0.1847902592681736,3,"{""2011"": 0.0, ""2012"": 0.06, ""2013"": 0.5043, ""2014"": 0.0641, ""2015"": -0.0928, ""2016"": 0.0223, ""2017"": 0.1879, ""2018"": -0.131, ""2019"": 0.2082, ""2020"": 0.0513, ""2021"": 0.2451, ""2022"": -0.1848, ""2023"": 0.0128, ""2024"": 0.3166, ""2025"": 0.1013, ""2026"": 0.0659}",0.18440911868963517,0.4156599552572707
ret126,True,5,0.005,1.0,374,0.02112414738801527,-0.15063351529810753,0.1402353742207373,-0.15259789188881068,0.03634031726614029,-0.08163325784900455,0.4451655884340457,0.00274698882519564,-0.09340677665100738,0.02940888149324671,0.015243556599178643,-0.07751688692794367,0.19664820406614614,-0.06673604013114709,5,"{""2011"": 0.0, ""2012"": 0.0357, ""2013"": 0.1294, ""2014"": -0.0031, ""2015"": 0.0095, ""2016"": 0.0971, ""2017"": 0.0516, ""2018"": -0.0549, ""2019"": 0.0121, ""2020"": 0.0533, ""2021"": 0.0152, ""2022"": -0.0667, ""2023"": -0.0457, ""2024"": 0.0883, ""2025"": -0.0051, ""2026"": 0.0215}",0.17865367123494774,0.41711229946524064
ret126,True,5,0.01,1.0,374,0.0394127113976952,-0.2810973218332824,0.14021019887578548,-0.2843399415300939,0.06954891147202646,-0.15700548425675975,0.4429712235929879,0.004103111628685374,-0.17919478738176686,0.022897494333603965,0.027073506298800787,-0.151459352764705,0.17875097050533414,-0.13057935670138687,4,"{""2011"": 0.0, ""2012"": 0.0709, ""2013"": 0.2537, ""2014"": 0.0088, ""2015"": 0.0208, ""2016"": 0.1896, ""2017"": 0.0955, ""2018"": -0.1119, ""2019"": 0.0207, ""2020"": 0.1062, ""2021"": 0.0334, ""2022"": -0.1306, ""2023"": -0.0912, ""2024"": 0.1753, ""2025"": -0.0129, ""2026"": 0.0432}",0.17865367123494774,0.41711229946524064
ret126,True,5,0.02,1.0,337,-0.0013000801614990731,-0.4621131603778118,-0.002813337236351722,-0.4611823540322485,0.024599816396600804,-0.36508145533532566,0.06738171998905282,-0.010418572792955993,-0.33476992298932606,-0.031121591509546045,-0.04057042555830137,-0.2553923359011364,-0.158855297733,-0.23775251153163002,7,"{""2011"": 0.0, ""2012"": 0.1117, ""2013"": 0.3254, ""2014"": -0.2378, ""2015"": -0.0421, ""2016"": 0.1756, ""2017"": 0.1293, ""2018"": -0.1703, ""2019"": 0.1866, ""2020"": 0.0405, ""2021"": -0.0176, ""2022"": -0.2093, ""2023"": -0.1254, ""2024"": 0.0833, ""2025"": -0.1691, ""2026"": 0.0959}",0.08400187941494908,0.3887240356083086
ret126,True,5,0.05,1.0,368,0.061663306127909046,-0.3755045384467318,0.1642145428733785,-0.372974957280789,0.09881531935978316,-0.21129630760134321,0.46766231024831684,0.022851203367414197,-0.30171142762441716,0.07573860740820304,0.04248604336787709,-0.2283498379571972,0.18605681417580353,-0.2020179966454475,3,"{""2011"": 0.0, ""2012"": 0.0964, ""2013"": 0.3318, ""2014"": 0.007, ""2015"": 0.035, ""2016"": 0.174, ""2017"": 0.2511, ""2018"": -0.1354, ""2019"": 0.1347, ""2020"": 0.1607, ""2021"": 0.0413, ""2022"": -0.202, ""2023"": -0.0367, ""2024"": 0.0073, ""2025"": 0.0058, ""2026"": 0.1885}",0.2092469199476869,0.42934782608695654
ret126,True,10,0.005,1.0,704,0.05042048713397307,-0.17904529452047935,0.2816074405586008,-0.17905143992915085,0.06444503596454476,-0.16760384215615642,0.38450810635057725,0.031232850692499703,-0.13123418246073337,0.2379932583634976,0.051544117436481685,-0.12910373868004243,0.3992457380666828,-0.10780928858005834,4,"{""2011"": 0.0, ""2012"": 0.0518, ""2013"": 0.3137, ""2014"": 0.0316, ""2015"": -0.0686, ""2016"": 0.097, ""2017"": 0.1312, ""2018"": -0.0607, ""2019"": 0.1032, ""2020"": 0.0376, ""2021"": 0.1062, ""2022"": -0.1078, ""2023"": -0.0179, ""2024"": 0.09, ""2025"": 0.0321, ""2026"": 0.0827}",0.23165627453689774,0.4346590909090909
ret126,True,10,0.01,1.0,712,0.06039991134467426,-0.24160705612201872,0.24999233182233932,-0.2391946163754627,0.06933845435243757,-0.2389619696166453,0.2901652278129184,0.04275138977145576,-0.20610875217605562,0.20742151568089665,0.07118769196364694,-0.2138695435598914,0.33285567817987016,-0.1224006954665744,5,"{""2011"": 0.0, ""2012"": 0.0245, ""2013"": 0.4124, ""2014"": -0.0328, ""2015"": -0.0959, ""2016"": 0.1559, ""2017"": 0.2322, ""2018"": -0.1134, ""2019"": 0.0982, ""2020"": 0.0586, ""2021"": 0.1568, ""2022"": -0.1224, ""2023"": -0.0414, ""2024"": 0.1304, ""2025"": 0.0132, ""2026"": 0.1638}",0.2024759754210438,0.425561797752809
ret126,True,10,0.02,1.0,716,0.07101367858474261,-0.3537039915240544,0.20077149335735775,-0.3509734873954846,0.10111758742266774,-0.23128392572205037,0.43720110296029663,0.0292863177098015,-0.2935192589322918,0.09977647741525944,0.07009993220160915,-0.2037884393354975,0.3439838512439041,-0.2441311605489236,4,"{""2011"": 0.0, ""2012"": 0.079, ""2013"": 0.3675, ""2014"": 0.2263, ""2015"": -0.0894, ""2016"": 0.132, ""2017"": 0.1782, ""2018"": -0.1076, ""2019"": 0.0817, ""2020"": 0.144, ""2021"": 0.1981, ""2022"": -0.2441, ""2023"": -0.0454, ""2024"": 0.1475, ""2025"": 0.0619, ""2026"": 0.0944}",0.22188532304485764,0.4301675977653631
ret126,True,10,0.05,1.0,716,0.07101367858474261,-0.3537039915240544,0.20077149335735775,-0.3509734873954846,0.10111758742266774,-0.23128392572205037,0.43720110296029663,0.0292863177098015,-0.2935192589322918,0.09977647741525944,0.07009993220160915,-0.2037884393354975,0.3439838512439041,-0.2441311605489236,4,"{""2011"": 0.0, ""2012"": 0.079, ""2013"": 0.3675, ""2014"": 0.2263, ""2015"": -0.0894, ""2016"": 0.132, ""2017"": 0.1782, ""2018"": -0.1076, ""2019"": 0.0817, ""2020"": 0.144, ""2021"": 0.1981, ""2022"": -0.2441, ""2023"": -0.0454, ""2024"": 0.1475, ""2025"": 0.0619, ""2026"": 0.0944}",0.22188532304485764,0.4301675977653631
ret126,True,15,0.005,1.0,1065,0.05215846619326503,-0.2307954422896885,0.2259943509967457,-0.2345602297274504,0.0665176869376578,-0.18937438404955598,0.3512496543368362,0.017234865563613422,-0.184873089350854,0.09322538842256767,0.07113187292722656,-0.18171650349927515,0.39144420873974334,-0.16156755904305098,5,"{""2011"": 0.0, ""2012"": 0.1255, ""2013"": 0.2844, ""2014"": 0.0478, ""2015"": -0.082, ""2016"": 0.1216, ""2017"": 0.1161, ""2018"": -0.0987, ""2019"": 0.1137, ""2020"": 0.0353, ""2021"": 0.1064, ""2022"": -0.1616, ""2023"": -0.0049, ""2024"": 0.1937, ""2025"": -0.0244, ""2026"": 0.1023}",0.18259366439257718,0.4187793427230047
ret126,True,15,0.01,1.0,1037,0.06164014130951001,-0.315168938217676,0.1955780974422592,-0.316276802592261,0.08789264051967827,-0.23926029563852913,0.36735155026500993,0.00023339981662928722,-0.2647141744171777,0.0008817050206818904,0.09025504078027424,-0.1889964339997222,0.477548908570449,-0.22347433635730696,4,"{""2011"": 0.0, ""2012"": 0.1154, ""2013"": 0.3398, ""2014"": 0.0767, ""2015"": -0.1142, ""2016"": 0.124, ""2017"": 0.1719, ""2018"": -0.04, ""2019"": 0.1265, ""2020"": 0.0498, ""2021"": 0.089, ""2022"": -0.2235, ""2023"": 0.0153, ""2024"": 0.2582, ""2025"": -0.014, ""2026"": 0.0803}",0.20801666420645834,0.4262295081967213
ret126,True,15,0.02,1.0,1036,0.06678414567063173,-0.2908466328040491,0.22961980005326704,-0.29116097826945386,0.09163503154405794,-0.23926029546469918,0.38299305518319027,0.012527129010572846,-0.2401033016559989,0.052173913995238304,0.09020996985798146,-0.18899643399972244,0.4773104335826461,-0.188130733663747,4,"{""2011"": 0.0, ""2012"": 0.1154, ""2013"": 0.3398, ""2014"": 0.0766, ""2015"": -0.1142, ""2016"": 0.1711, ""2017"": 0.1774, ""2018"": -0.0606, ""2019"": 0.146, ""2020"": 0.0319, ""2021"": 0.0934, ""2022"": -0.1881, ""2023"": 0.0153, ""2024"": 0.2582, ""2025"": -0.014, ""2026"": 0.0802}",0.22403812973261125,0.43243243243243246
ret126,True,15,0.05,1.0,1036,0.06678414567063173,-0.2908466328040491,0.22961980005326704,-0.29116097826945386,0.09163503154405794,-0.23926029546469918,0.38299305518319027,0.012527129010572846,-0.2401033016559989,0.052173913995238304,0.09020996985798146,-0.18899643399972244,0.4773104335826461,-0.188130733663747,4,"{""2011"": 0.0, ""2012"": 0.1154, ""2013"": 0.3398, ""2014"": 0.0766, ""2015"": -0.1142, ""2016"": 0.1711, ""2017"": 0.1774, ""2018"": -0.0606, ""2019"": 0.146, ""2020"": 0.0319, ""2021"": 0.0934, ""2022"": -0.1881, ""2023"": 0.0153, ""2024"": 0.2582, ""2025"": -0.014, ""2026"": 0.0802}",0.22403812973261125,0.43243243243243246
ret126,True,20,0.005,1.0,1439,0.061829786324830494,-0.2643442152210107,0.233898768214528,-0.26223129743486284,0.08522752391845856,-0.22026788215020698,0.3869266961959505,0.015012373072386787,-0.21671797113288138,0.06927147293743303,0.07849260185080853,-0.22128858591882694,0.3547069611606682,-0.1904362362853289,5,"{""2011"": 0.0, ""2012"": 0.1376, ""2013"": 0.3714, ""2014"": 0.0908, ""2015"": -0.0793, ""2016"": 0.1283, ""2017"": 0.1436, ""2018"": -0.1237, ""2019"": 0.1455, ""2020"": 0.017, ""2021"": 0.1242, ""2022"": -0.1904, ""2023"": -0.0174, ""2024"": 0.2452, ""2025"": -0.0563, ""2026"": 0.1337}",0.1947539768811486,0.4225156358582349
ret126,True,20,0.01,1.0,1419,0.06296829809213866,-0.28818314475855644,0.2185009749438827,-0.2862205471751318,0.08789950240520872,-0.20076317152594514,0.43782682718702337,0.015094195688140966,-0.23356949655541692,0.06462400232369256,0.07807584789028943,-0.2040565160630483,0.3826187440452329,-0.20223683122179836,5,"{""2011"": 0.0, ""2012"": 0.1151, ""2013"": 0.2841, ""2014"": 0.128, ""2015"": -0.0737, ""2016"": 0.1729, ""2017"": 0.1344, ""2018"": -0.0946, ""2019"": 0.1219, ""2020"": 0.1031, ""2021"": 0.0742, ""2022"": -0.2022, ""2023"": -0.0381, ""2024"": 0.2703, ""2025"": -0.0446, ""2026"": 0.1199}",0.19508749828502284,0.4214235377026075
ret126,True,20,0.02,1.0,1419,0.06296829809213866,-0.28818314475855644,0.2185009749438827,-0.2862205471751318,0.08789950240520872,-0.20076317152594514,0.43782682718702337,0.015094195688140966,-0.23356949655541692,0.06462400232369256,0.07807584789028943,-0.2040565160630483,0.3826187440452329,-0.20223683122179836,5,"{""2011"": 0.0, ""2012"": 0.1151, ""2013"": 0.2841, ""2014"": 0.128, ""2015"": -0.0737, ""2016"": 0.1729, ""2017"": 0.1344, ""2018"": -0.0946, ""2019"": 0.1219, ""2020"": 0.1031, ""2021"": 0.0742, ""2022"": -0.2022, ""2023"": -0.0381, ""2024"": 0.2703, ""2025"": -0.0446, ""2026"": 0.1199}",0.19508749828502284,0.4214235377026075
ret126,True,20,0.05,1.0,1419,0.06296829809213866,-0.28818314475855644,0.2185009749438827,-0.2862205471751318,0.08789950240520872,-0.20076317152594514,0.43782682718702337,0.015094195688140966,-0.23356949655541692,0.06462400232369256,0.07807584789028943,-0.2040565160630483,0.3826187440452329,-0.20223683122179836,5,"{""2011"": 0.0, ""2012"": 0.1151, ""2013"": 0.2841, ""2014"": 0.128, ""2015"": -0.0737, ""2016"": 0.1729, ""2017"": 0.1344, ""2018"": -0.0946, ""2019"": 0.1219, ""2020"": 0.1031, ""2021"": 0.0742, ""2022"": -0.2022, ""2023"": -0.0381, ""2024"": 0.2703, ""2025"": -0.0446, ""2026"": 0.1199}",0.19508749828502284,0.4214235377026075
ret126,True,30,0.005,1.0,2172,0.0630495993035709,-0.2564944054391892,0.24581276615219963,-0.2590172116769488,0.07479370366893034,-0.20200715115243795,0.370252752153758,0.030914515462966197,-0.2118265610523301,0.14594258297631055,0.08588526554185894,-0.22378062375503205,0.3837922341117242,-0.18800681747097692,5,"{""2011"": 0.0, ""2012"": 0.084, ""2013"": 0.305, ""2014"": 0.1147, ""2015"": -0.0472, ""2016"": 0.0858, ""2017"": 0.1879, ""2018"": -0.1456, ""2019"": 0.1559, ""2020"": 0.0029, ""2021"": 0.1964, ""2022"": -0.188, ""2023"": -0.0213, ""2024"": 0.2492, ""2025"": -0.0303, ""2026"": 0.1314}",0.1884000416164378,0.4208103130755064
ret126,True,30,0.01,1.0,2166,0.06322036548445498,-0.2565900522838954,0.24638665810203325,-0.2590993072095622,0.07488378270685447,-0.19558008060245036,0.382880416431919,0.031235936486144977,-0.21191534692509084,0.14739818016666084,0.0858772653561386,-0.22378062375826202,0.38375648397918094,-0.1880971052553677,5,"{""2011"": 0.0, ""2012"": 0.084, ""2013"": 0.305, ""2014"": 0.1147, ""2015"": -0.0472, ""2016"": 0.0859, ""2017"": 0.188, ""2018"": -0.1452, ""2019"": 0.1603, ""2020"": 0.0014, ""2021"": 0.1962, ""2022"": -0.1881, ""2023"": -0.0213, ""2024"": 0.2492, ""2025"": -0.0303, ""2026"": 0.1314}",0.189398464531829,0.42105263157894735
ret126,True,30,0.02,1.0,2166,0.06322036548445498,-0.2565900522838954,0.24638665810203325,-0.2590993072095622,0.07488378270685447,-0.19558008060245036,0.382880416431919,0.031235936486144977,-0.21191534692509084,0.14739818016666084,0.0858772653561386,-0.22378062375826202,0.38375648397918094,-0.1880971052553677,5,"{""2011"": 0.0, ""2012"": 0.084, ""2013"": 0.305, ""2014"": 0.1147, ""2015"": -0.0472, ""2016"": 0.0859, ""2017"": 0.188, ""2018"": -0.1452, ""2019"": 0.1603, ""2020"": 0.0014, ""2021"": 0.1962, ""2022"": -0.1881, ""2023"": -0.0213, ""2024"": 0.2492, ""2025"": -0.0303, ""2026"": 0.1314}",0.189398464531829,0.42105263157894735
ret126,True,30,0.05,1.0,2166,0.06322036548445498,-0.2565900522838954,0.24638665810203325,-0.2590993072095622,0.07488378270685447,-0.19558008060245036,0.382880416431919,0.031235936486144977,-0.21191534692509084,0.14739818016666084,0.0858772653561386,-0.22378062375826202,0.38375648397918094,-0.1880971052553677,5,"{""2011"": 0.0, ""2012"": 0.084, ""2013"": 0.305, ""2014"": 0.1147, ""2015"": -0.0472, ""2016"": 0.0859, ""2017"": 0.188, ""2018"": -0.1452, ""2019"": 0.1603, ""2020"": 0.0014, ""2021"": 0.1962, ""2022"": -0.1881, ""2023"": -0.0213, ""2024"": 0.2492, ""2025"": -0.0303, ""2026"": 0.1314}",0.189398464531829,0.42105263157894735
ret21,False,5,0.005,1.0,391,0.021162914408801914,-0.13831287221570476,0.15300755504373775,-0.13739964896114465,0.03751343048851341,-0.08970991114877247,0.4181637235857046,0.013283897864300842,-0.08069812491859829,0.1646122246049776,0.0014080690434312704,-0.07614200700792417,0.018492670455675424,-0.05939997298335431,7,"{""2011"": 0.0, ""2012"": 0.0234, ""2013"": 0.1324, ""2014"": 0.0036, ""2015"": -0.0055, ""2016"": 0.0713, ""2017"": 0.0708, ""2018"": -0.025, ""2019"": 0.0466, ""2020"": -0.0321, ""2021"": 0.1063, ""2022"": -0.0594, ""2023"": -0.0243, ""2024"": 0.0607, ""2025"": -0.0203, ""2026"": -0.0099}",0.17156181527577832,0.4143222506393862
ret21,False,5,0.01,1.0,391,0.041261653111839935,-0.2587045237704748,0.15949335755894117,-0.25738825859809566,0.07505666565924551,-0.17317803659309694,0.4334075332866856,0.024635600289888204,-0.15631087065839255,0.1576064427644814,0.0015416333754014744,-0.14751967519770626,0.010450357712185668,-0.11696509395632981,7,"{""2011"": 0.0, ""2012"": 0.0493, ""2013"": 0.2803, ""2014"": 0.0193, ""2015"": -0.0136, ""2016"": 0.1406, ""2017"": 0.1369, ""2018"": -0.053, ""2019"": 0.0959, ""2020"": -0.0658, ""2021"": 0.2189, ""2022"": -0.117, ""2023"": -0.0518, ""2024"": 0.126, ""2025"": -0.0411, ""2026"": -0.02}",0.17156181527577832,0.4143222506393862
ret21,False,5,0.02,1.0,387,0.045791561970425,-0.4481032770012746,0.10218975026664388,-0.4466108932022672,0.12886267430107012,-0.23314649928229247,0.5527111695768758,0.032872151927709314,-0.21802427583341633,0.15077289811904074,-0.0815475173721949,-0.3600762257814438,-0.2264729286006568,-0.21481634243835124,7,"{""2011"": 0.0, ""2012"": 0.0999, ""2013"": 0.5296, ""2014"": 0.0549, ""2015"": -0.0537, ""2016"": 0.1625, ""2017"": 0.2136, ""2018"": -0.0149, ""2019"": 0.0931, ""2020"": -0.0868, ""2021"": 0.3614, ""2022"": -0.1627, ""2023"": -0.1755, ""2024"": 0.1946, ""2025"": -0.2148, ""2026"": -0.047}",0.14406750729208603,0.40568475452196384
ret21,False,5,0.05,1.0,374,0.06975633794538294,-0.410015708404437,0.17013089136715637,-0.4154871185566845,0.09315305840092591,-0.2529218025136504,0.36830774363905766,0.05241499576020403,-0.31071470756365716,0.16869171134895697,0.05381017608383809,-0.23116134960484214,0.23278189098577112,-0.14294873271104902,5,"{""2011"": 0.0, ""2012"": 0.0801, ""2013"": 0.3933, ""2014"": 0.0098, ""2015"": -0.0884, ""2016"": 0.2356, ""2017"": 0.2304, ""2018"": -0.1148, ""2019"": 0.0795, ""2020"": -0.1362, ""2021"": 0.5343, ""2022"": -0.1429, ""2023"": -0.0962, ""2024"": 0.1277, ""2025"": 0.0569, ""2026"": 0.1164}",0.17910713518039256,0.4197860962566845
ret21,False,10,0.005,1.0,761,0.042251977080994374,-0.1947086121048145,0.2170010695687642,-0.19383059041734718,0.04819632359253889,-0.1490218081443775,0.3234179224683989,0.03878270451623811,-0.14366676696376413,0.2699490309127646,0.04027827804737982,-0.11559319399119028,0.3484485258747116,-0.08106079742505334,7,"{""2011"": 0.0, ""2012"": 0.0461, ""2013"": 0.257, ""2014"": -0.0115, ""2015"": -0.0599, ""2016"": 0.0319, ""2017"": 0.1123, ""2018"": -0.0091, ""2019"": 0.1446, ""2020"": -0.0803, ""2021"": 0.2033, ""2022"": -0.0811, ""2023"": -0.0537, ""2024"": 0.1979, ""2025"": -0.0211, ""2026"": 0.0362}",0.17868988072791533,0.41655716162943496
ret21,False,10,0.01,1.0,772,0.06968087728752814,-0.3131693620563183,0.22250221678772394,-0.3113195474234498,0.07718506000604308,-0.2602012622198293,0.2966359937978848,0.08205299822705148,-0.24103058712193004,0.34042566633065274,0.0521899194481632,-0.20633342082894646,0.25293972851557306,-0.12572985443229456,7,"{""2011"": 0.0, ""2012"": 0.0975, ""2013"": 0.4684, ""2014"": -0.0218, ""2015"": -0.1124, ""2016"": 0.0358, ""2017"": 0.1655, ""2018"": -0.0044, ""2019"": 0.2511, ""2020"": -0.108, ""2021"": 0.3991, ""2022"": -0.1257, ""2023"": -0.1136, ""2024"": 0.3416, ""2025"": -0.0555, ""2026"": 0.065}",0.16555316966704103,0.4106217616580311
ret21,False,10,0.02,1.0,741,0.048027166091269224,-0.4219798067208014,0.11381389660440767,-0.4174108946796118,0.057899725020546855,-0.3093130205699509,0.187188127140134,0.08194108719858884,-0.28102039751643204,0.2915841267137825,-0.0005315418072473488,-0.20707866645113548,-0.0025668593310783036,-0.2242828732559753,6,"{""2011"": 0.0, ""2012"": 0.0972, ""2013"": 0.4901, ""2014"": -0.0335, ""2015"": -0.1928, ""2016"": 0.0374, ""2017"": 0.2036, ""2018"": -0.0692, ""2019"": 0.1893, ""2020"": 0.0137, ""2021"": 0.4642, ""2022"": -0.2243, ""2023"": -0.1561, ""2024"": 0.1369, ""2025"": -0.0425, ""2026"": 0.0837}",0.10209623515146689,0.3900134952766532
ret21,False,10,0.05,1.0,741,0.048027166091269224,-0.4219798067208014,0.11381389660440767,-0.4174108946796118,0.057899725020546855,-0.3093130205699509,0.187188127140134,0.08194108719858884,-0.28102039751643204,0.2915841267137825,-0.0005315418072473488,-0.20707866645113548,-0.0025668593310783036,-0.2242828732559753,6,"{""2011"": 0.0, ""2012"": 0.0972, ""2013"": 0.4901, ""2014"": -0.0335, ""2015"": -0.1928, ""2016"": 0.0374, ""2017"": 0.2036, ""2018"": -0.0692, ""2019"": 0.1893, ""2020"": 0.0137, ""2021"": 0.4642, ""2022"": -0.2243, ""2023"": -0.1561, ""2024"": 0.1369, ""2025"": -0.0425, ""2026"": 0.0837}",0.10209623515146689,0.3900134952766532
ret21,False,15,0.005,1.0,1124,0.058680742800032215,-0.24138288763518023,0.24310233163139863,-0.2418213123840609,0.06905059468006125,-0.18796044398695588,0.36736769298572863,0.04766186667056438,-0.1807292218658273,0.26371975809174,0.05981066299188753,-0.14130309471458447,0.42327921488696335,-0.11620822382151086,6,"{""2011"": 0.0, ""2012"": 0.0624, ""2013"": 0.3131, ""2014"": 0.0376, ""2015"": -0.0596, ""2016"": 0.0777, ""2017"": 0.1588, ""2018"": -0.0618, ""2019"": 0.1597, ""2020"": -0.056, ""2021"": 0.2404, ""2022"": -0.1162, ""2023"": -0.0148, ""2024"": 0.1972, ""2025"": -0.0044, ""2026"": 0.0464}",0.1831606123288381,0.41637010676156583
ret21,False,15,0.01,1.0,1110,0.08386407418886299,-0.29859300486157536,0.2808641623327429,-0.2986049698372547,0.08981582201641714,-0.23300978245796133,0.3854594475346602,0.0706890708643726,-0.24804318664745417,0.28498694852216827,0.10000204641325627,-0.20413214500862886,0.4898887747886502,-0.12186252878619697,5,"{""2011"": 0.0, ""2012"": 0.1358, ""2013"": 0.4334, ""2014"": 0.0868, ""2015"": -0.1046, ""2016"": 0.0601, ""2017"": 0.2106, ""2018"": -0.1026, ""2019"": 0.2477, ""2020"": -0.0895, ""2021"": 0.3108, ""2022"": -0.1219, ""2023"": 0.0056, ""2024"": 0.3675, ""2025"": -0.039, ""2026"": 0.0611}",0.20320660480326014,0.42252252252252254
ret21,False,15,0.02,1.0,1107,0.10227141345764479,-0.2987726527266904,0.3423051357755961,-0.2988023176490313,0.10573093727255922,-0.23349751698422083,0.4528139683802473,0.07069314465016885,-0.24804318472888454,0.28500337442223084,0.1476555062792999,-0.1551231511899217,0.9518598941980043,-0.12205060985830118,4,"{""2011"": 0.0, ""2012"": 0.1358, ""2013"": 0.4334, ""2014"": 0.0868, ""2015"": -0.1046, ""2016"": 0.0794, ""2017"": 0.2705, ""2018"": -0.0706, ""2019"": 0.2476, ""2020"": -0.0895, ""2021"": 0.3112, ""2022"": -0.1221, ""2023"": 0.0205, ""2024"": 0.4122, ""2025"": 0.0569, ""2026"": 0.0709}",0.2388541025247198,0.43450767841011745
ret21,False,15,0.05,1.0,1107,0.10227141345764479,-0.2987726527266904,0.3423051357755961,-0.2988023176490313,0.10573093727255922,-0.23349751698422083,0.4528139683802473,0.07069314465016885,-0.24804318472888454,0.28500337442223084,0.1476555062792999,-0.1551231511899217,0.9518598941980043,-0.12205060985830118,4,"{""2011"": 0.0, ""2012"": 0.1358, ""2013"": 0.4334, ""2014"": 0.0868, ""2015"": -0.1046, ""2016"": 0.0794, ""2017"": 0.2705, ""2018"": -0.0706, ""2019"": 0.2476, ""2020"": -0.0895, ""2021"": 0.3112, ""2022"": -0.1221, ""2023"": 0.0205, ""2024"": 0.4122, ""2025"": 0.0569, ""2026"": 0.0709}",0.2388541025247198,0.43450767841011745
ret21,False,20,0.005,1.0,1466,0.07741317703125428,-0.25780724632882046,0.30027541170242195,-0.25718645894546543,0.09024666921134372,-0.188609163371516,0.47848507250720823,0.060268927704155484,-0.2052093604144366,0.2936948274797875,0.08296459615533269,-0.1863325421485872,0.4452501704676697,-0.15080170568321882,5,"{""2011"": 0.0, ""2012"": 0.1051, ""2013"": 0.3962, ""2014"": 0.0004, ""2015"": -0.0521, ""2016"": 0.0998, ""2017"": 0.2209, ""2018"": -0.0686, ""2019"": 0.1817, ""2020"": -0.0156, ""2021"": 0.2755, ""2022"": -0.1508, ""2023"": 0.0625, ""2024"": 0.2112, ""2025"": -0.0689, ""2026"": 0.1075}",0.20490256942081822,0.4229195088676671
ret21,False,20,0.01,1.0,1461,0.06978350341701911,-0.3172605957180994,0.21995641551094153,-0.31370906849770674,0.08104889497798551,-0.20349394451684033,0.3982865198786209,0.042242297005585794,-0.2270015090211701,0.1860881770686656,0.08962472842343483,-0.18950355684293696,0.472944835002316,-0.16861178258981768,6,"{""2011"": 0.0, ""2012"": 0.1064, ""2013"": 0.3689, ""2014"": -0.0205, ""2015"": -0.049, ""2016"": 0.0754, ""2017"": 0.1996, ""2018"": -0.0525, ""2019"": 0.2043, ""2020"": -0.0476, ""2021"": 0.2332, ""2022"": -0.1686, ""2023"": 0.0126, ""2024"": 0.2408, ""2025"": -0.0416, ""2026"": 0.1263}",0.17841727213310027,0.41478439425051333
ret21,False,20,0.02,1.0,1461,0.06978350341701911,-0.3172605957180994,0.21995641551094153,-0.31370906849770674,0.08104889497798551,-0.20349394451684033,0.3982865198786209,0.042242297005585794,-0.2270015090211701,0.1860881770686656,0.08962472842343483,-0.18950355684293696,0.472944835002316,-0.16861178258981768,6,"{""2011"": 0.0, ""2012"": 0.1064, ""2013"": 0.3689, ""2014"": -0.0205, ""2015"": -0.049, ""2016"": 0.0754, ""2017"": 0.1996, ""2018"": -0.0525, ""2019"": 0.2043, ""2020"": -0.0476, ""2021"": 0.2332, ""2022"": -0.1686, ""2023"": 0.0126, ""2024"": 0.2408, ""2025"": -0.0416, ""2026"": 0.1263}",0.17841727213310027,0.41478439425051333
ret21,False,20,0.05,1.0,1461,0.06978350341701911,-0.3172605957180994,0.21995641551094153,-0.31370906849770674,0.08104889497798551,-0.20349394451684033,0.3982865198786209,0.042242297005585794,-0.2270015090211701,0.1860881770686656,0.08962472842343483,-0.18950355684293696,0.472944835002316,-0.16861178258981768,6,"{""2011"": 0.0, ""2012"": 0.1064, ""2013"": 0.3689, ""2014"": -0.0205, ""2015"": -0.049, ""2016"": 0.0754, ""2017"": 0.1996, ""2018"": -0.0525, ""2019"": 0.2043, ""2020"": -0.0476, ""2021"": 0.2332, ""2022"": -0.1686, ""2023"": 0.0126, ""2024"": 0.2408, ""2025"": -0.0416, ""2026"": 0.1263}",0.17841727213310027,0.41478439425051333
ret21,False,30,0.005,1.0,2200,0.06507366315482721,-0.31531677012802706,0.2063755223942119,-0.3183008393963852,0.059160409016361104,-0.2207698475183082,0.2679732295029782,0.021938046569477176,-0.25686174313578103,0.08540799537391752,0.13791658414713637,-0.18948614000195008,0.7278452352542355,-0.21177800917559153,5,"{""2011"": 0.0, ""2012"": 0.0437, ""2013"": 0.3592, ""2014"": -0.0163, ""2015"": -0.0924, ""2016"": 0.0855, ""2017"": 0.2648, ""2018"": -0.1405, ""2019"": 0.1341, ""2020"": -0.0048, ""2021"": 0.2226, ""2022"": -0.2118, ""2023"": 0.0631, ""2024"": 0.3337, ""2025"": 0.0275, ""2026"": 0.087}",0.17035187928540907,0.4113636363636364
ret21,False,30,0.01,1.0,2204,0.0652060305390405,-0.3153981362333632,0.2067419653069685,-0.31837196399332357,0.05917067584123492,-0.2207818575199577,0.2680051545262778,0.0219446514713193,-0.2569380379255827,0.08540834065867335,0.13848185326068396,-0.18948747917827402,0.7308232388821699,-0.21186121825907478,6,"{""2011"": 0.0, ""2012"": 0.0437, ""2013"": 0.3592, ""2014"": -0.0163, ""2015"": -0.0924, ""2016"": 0.0856, ""2017"": 0.2649, ""2018"": -0.1405, ""2019"": 0.1341, ""2020"": -0.0048, ""2021"": 0.2227, ""2022"": -0.2119, ""2023"": 0.0633, ""2024"": 0.3337, ""2025"": -0.0022, ""2026"": 0.1211}",0.170115800664082,0.411070780399274
ret21,False,30,0.02,1.0,2204,0.0652060305390405,-0.3153981362333632,0.2067419653069685,-0.31837196399332357,0.05917067584123492,-0.2207818575199577,0.2680051545262778,0.0219446514713193,-0.2569380379255827,0.08540834065867335,0.13848185326068396,-0.18948747917827402,0.7308232388821699,-0.21186121825907478,6,"{""2011"": 0.0, ""2012"": 0.0437, ""2013"": 0.3592, ""2014"": -0.0163, ""2015"": -0.0924, ""2016"": 0.0856, ""2017"": 0.2649, ""2018"": -0.1405, ""2019"": 0.1341, ""2020"": -0.0048, ""2021"": 0.2227, ""2022"": -0.2119, ""2023"": 0.0633, ""2024"": 0.3337, ""2025"": -0.0022, ""2026"": 0.1211}",0.170115800664082,0.411070780399274
ret21,False,30,0.05,1.0,2204,0.0652060305390405,-0.3153981362333632,0.2067419653069685,-0.31837196399332357,0.05917067584123492,-0.2207818575199577,0.2680051545262778,0.0219446514713193,-0.2569380379255827,0.08540834065867335,0.13848185326068396,-0.18948747917827402,0.7308232388821699,-0.21186121825907478,6,"{""2011"": 0.0, ""2012"": 0.0437, ""2013"": 0.3592, ""2014"": -0.0163, ""2015"": -0.0924, ""2016"": 0.0856, ""2017"": 0.2649, ""2018"": -0.1405, ""2019"": 0.1341, ""2020"": -0.0048, ""2021"": 0.2227, ""2022"": -0.2119, ""2023"": 0.0633, ""2024"": 0.3337, ""2025"": -0.0022, ""2026"": 0.1211}",0.170115800664082,0.411070780399274
ret21,True,5,0.005,1.0,372,0.01188796378185808,-0.19237855815378435,0.061794640192463814,-0.19277910870587478,0.02055392744610507,-0.10184699082113369,0.20181182851246343,-0.007551500768093966,-0.12240237945698906,-0.06169406837999817,0.018469226846113962,-0.08450135731065522,0.2185672210946259,-0.0741744633420871,6,"{""2011"": 0.0, ""2012"": 0.0471, ""2013"": 0.0923, ""2014"": -0.015, ""2015"": -0.026, ""2016"": 0.0416, ""2017"": 0.0271, ""2018"": -0.018, ""2019"": 0.0526, ""2020"": 0.0075, ""2021"": -0.0119, ""2022"": -0.0742, ""2023"": -0.0388, ""2024"": 0.0136, ""2025"": 0.0545, ""2026"": 0.039}",0.10401889595200162,0.3897849462365591
ret21,True,5,0.01,1.0,372,0.021716357797640473,-0.35268323505199184,0.06157468129847196,-0.353430227929582,0.03925533218881361,-0.19684891401421645,0.19941858651035577,-0.01770309509525314,-0.23302623387455534,-0.07597039526795606,0.035477258159758884,-0.1647640756168044,0.21532156222130097,-0.14575375099659305,6,"{""2011"": 0.0, ""2012"": 0.0957, ""2013"": 0.1879, ""2014"": -0.0314, ""2015"": -0.053, ""2016"": 0.0812, ""2017"": 0.0545, ""2018"": -0.0384, ""2019"": 0.1066, ""2020"": 0.0109, ""2021"": -0.0255, ""2022"": -0.1458, ""2023"": -0.079, ""2024"": 0.0257, ""2025"": 0.1105, ""2026"": 0.0794}",0.10401889595200162,0.3897849462365591
ret21,True,5,0.02,1.0,361,-0.0016541549224721175,-0.6130694440093017,-0.0026981526132739703,-0.6148867091073007,0.01015013672465881,-0.3238567957380195,0.031341435036211666,-0.07303148075534804,-0.42451164478627146,-0.17203646037110984,0.05987020363889206,-0.2863160230862083,0.20910532003605486,-0.28196378533339594,7,"{""2011"": 0.0, ""2012"": 0.1253, ""2013"": 0.1813, ""2014"": -0.031, ""2015"": -0.1588, ""2016"": 0.1403, ""2017"": -0.0087, ""2018"": -0.1237, ""2019"": 0.0744, ""2020"": 0.0441, ""2021"": -0.0828, ""2022"": -0.282, ""2023"": -0.1533, ""2024"": 0.0339, ""2025"": 0.2066, ""2026"": 0.1648}",0.052274800988450505,0.3739612188365651
ret21,True,5,0.05,1.0,376,0.05446757580229322,-0.6076094051757506,0.08964241721462247,-0.6043014352376384,0.13321943818286774,-0.21109940003431193,0.6310744519464023,-0.051484287769956505,-0.4068807232383428,-0.1265341040494514,0.03770295353122233,-0.3458170075695224,0.10902573530494332,-0.2277293891222113,4,"{""2011"": 0.0, ""2012"": 0.0985, ""2013"": 0.2206, ""2014"": 0.1115, ""2015"": 0.0514, ""2016"": 0.2421, ""2017"": 0.2533, ""2018"": -0.017, ""2019"": 0.1228, ""2020"": 0.0576, ""2021"": -0.117, ""2022"": -0.2277, ""2023"": -0.1838, ""2024"": 0.2398, ""2025"": 0.0447, ""2026"": 0.0794}",0.1939799011241755,0.4175531914893617
ret21,True,10,0.005,1.0,720,0.027335748709574226,-0.2721774651907869,0.10043354871577197,-0.2720122463999406,0.04127779102322604,-0.12443491115598126,0.33172194715905434,-0.010318687164905027,-0.18300311905439004,-0.05638530762876357,0.046809585053179115,-0.11952351441449449,0.3916349454957339,-0.121572704945757,3,"{""2011"": 0.0, ""2012"": 0.0733, ""2013"": 0.1749, ""2014"": 0.0094, ""2015"": 0.016, ""2016"": 0.0336, ""2017"": 0.0703, ""2018"": -0.0725, ""2019"": 0.059, ""2020"": 0.002, ""2021"": 0.0293, ""2022"": -0.1216, ""2023"": -0.0256, ""2024"": 0.0276, ""2025"": 0.0947, ""2026"": 0.0738}",0.12976486357421305,0.3958333333333333
ret21,True,10,0.01,1.0,710,0.030961065349297323,-0.4693500675343285,0.0659658269827197,-0.4699875524605487,0.047361714529855936,-0.22951244850883679,0.2063579332518532,-0.03777881828990759,-0.3388352318975961,-0.11149613361731293,0.08400169375270528,-0.2136440184073921,0.39318532940400264,-0.23416195983495958,5,"{""2011"": 0.0, ""2012"": 0.1214, ""2013"": 0.2577, ""2014"": -0.0824, ""2015"": -0.032, ""2016"": 0.0655, ""2017"": 0.1406, ""2018"": -0.0923, ""2019"": 0.0759, ""2020"": 0.0037, ""2021"": 0.0369, ""2022"": -0.2342, ""2023"": -0.0553, ""2024"": 0.0443, ""2025"": 0.1818, ""2026"": 0.1435}",0.12239311855913347,0.39436619718309857
ret21,True,10,0.02,1.0,698,0.06455196178621248,-0.4414442608389252,0.1462290203151294,-0.4442690809762253,0.08036822039646263,-0.2912325781927312,0.27595889476100005,0.037505525910494386,-0.3309767355341152,0.11331771053324842,0.07322549461156624,-0.2949283678514548,0.24828230375060897,-0.23306761985643232,6,"{""2011"": 0.0, ""2012"": 0.1029, ""2013"": 0.3719, ""2014"": -0.0867, ""2015"": -0.1079, ""2016"": 0.1326, ""2017"": 0.3014, ""2018"": -0.0552, ""2019"": 0.2111, ""2020"": 0.0976, ""2021"": 0.1347, ""2022"": -0.2331, ""2023"": -0.0315, ""2024"": -0.0101, ""2025"": 0.0636, ""2026"": 0.2617}",0.18553028349355727,0.4154727793696275
ret21,True,10,0.05,1.0,698,0.06455196178621248,-0.4414442608389252,0.1462290203151294,-0.4442690809762253,0.08036822039646263,-0.2912325781927312,0.27595889476100005,0.037505525910494386,-0.3309767355341152,0.11331771053324842,0.07322549461156624,-0.2949283678514548,0.24828230375060897,-0.23306761985643232,6,"{""2011"": 0.0, ""2012"": 0.1029, ""2013"": 0.3719, ""2014"": -0.0867, ""2015"": -0.1079, ""2016"": 0.1326, ""2017"": 0.3014, ""2018"": -0.0552, ""2019"": 0.2111, ""2020"": 0.0976, ""2021"": 0.1347, ""2022"": -0.2331, ""2023"": -0.0315, ""2024"": -0.0101, ""2025"": 0.0636, ""2026"": 0.2617}",0.18553028349355727,0.4154727793696275
ret21,True,15,0.005,1.0,1049,0.04167480313757266,-0.3392293923889721,0.12285139222189478,-0.33756620271416815,0.06730326991634517,-0.18298288792423723,0.3678118248096052,-0.023997060313255214,-0.24153367677160953,-0.09935285478201228,0.07382332327135388,-0.1389819176399234,0.531172144729047,-0.1564268205888174,5,"{""2011"": 0.0, ""2012"": 0.1139, ""2013"": 0.2738, ""2014"": -0.0132, ""2015"": -0.0057, ""2016"": 0.0684, ""2017"": 0.1761, ""2018"": -0.0985, ""2019"": 0.0714, ""2020"": -0.0324, ""2021"": 0.0378, ""2022"": -0.1564, ""2023"": 0.0026, ""2024"": 0.1057, ""2025"": 0.1024, ""2026"": 0.0549}",0.1477209905909473,0.4041944709246902
ret21,True,15,0.01,1.0,1017,0.042747975578527386,-0.43996624801369355,0.09716194315250495,-0.43977696673927713,0.05710769464300225,-0.2701303032591472,0.2114079536949117,-0.0019457359652790274,-0.29425500413342687,-0.006612414191592655,0.07183954274407478,-0.2509205309802961,0.2863039643006179,-0.19529155712858137,5,"{""2011"": 0.0, ""2012"": 0.0954, ""2013"": 0.3115, ""2014"": -0.0689, ""2015"": -0.018, ""2016"": 0.0861, ""2017"": 0.2624, ""2018"": -0.1813, ""2019"": 0.1039, ""2020"": 0.0037, ""2021"": 0.1128, ""2022"": -0.1953, ""2023"": -0.0608, ""2024"": 0.1328, ""2025"": 0.1475, ""2026"": 0.0489}",0.15514474732467312,0.4060963618485742
ret21,True,15,0.02,1.0,1009,0.06392696594952829,-0.4181667130355763,0.1528743535932512,-0.4176761734437884,0.09595634273639075,-0.23086379112860345,0.4156405050237521,-0.0019667086232277864,-0.29440834463380505,-0.006680206791264848,0.08676219914111183,-0.2232014547943143,0.3887169965852837,-0.19529707098606042,4,"{""2011"": 0.0, ""2012"": 0.0954, ""2013"": 0.3115, ""2014"": -0.0425, ""2015"": 0.0155, ""2016"": 0.1108, ""2017"": 0.2969, ""2018"": -0.0568, ""2019"": 0.104, ""2020"": 0.0038, ""2021"": 0.1125, ""2022"": -0.1953, ""2023"": -0.0397, ""2024"": 0.1209, ""2025"": 0.1915, ""2026"": 0.0489}",0.19757613120737752,0.42021803766105054
ret21,True,15,0.05,1.0,1009,0.06392696594952829,-0.4181667130355763,0.1528743535932512,-0.4176761734437884,0.09595634273639075,-0.23086379112860345,0.4156405050237521,-0.0019667086232277864,-0.29440834463380505,-0.006680206791264848,0.08676219914111183,-0.2232014547943143,0.3887169965852837,-0.19529707098606042,4,"{""2011"": 0.0, ""2012"": 0.0954, ""2013"": 0.3115, ""2014"": -0.0425, ""2015"": 0.0155, ""2016"": 0.1108, ""2017"": 0.2969, ""2018"": -0.0568, ""2019"": 0.104, ""2020"": 0.0038, ""2021"": 0.1125, ""2022"": -0.1953, ""2023"": -0.0397, ""2024"": 0.1209, ""2025"": 0.1915, ""2026"": 0.0489}",0.19757613120737752,0.42021803766105054
ret21,True,20,0.005,1.0,1400,0.050797175662602,-0.3532274373711698,0.1438086917614629,-0.34930609100570553,0.07010365004934527,-0.2202417905997045,0.3183031243001496,-0.012536537326156671,-0.25863837484920116,-0.04847129639391713,0.09384416955052632,-0.1856990689213155,0.5053561662729178,-0.1764926001131607,4,"{""2011"": 0.0, ""2012"": 0.0783, ""2013"": 0.3292, ""2014"": -0.0443, ""2015"": 0.0167, ""2016"": 0.0818, ""2017"": 0.1824, ""2018"": -0.0983, ""2019"": 0.0601, ""2020"": -0.0407, ""2021"": 0.1354, ""2022"": -0.1765, ""2023"": 0.0181, ""2024"": 0.1762, ""2025"": 0.063, ""2026"": 0.0816}",0.16180141562441902,0.4085714285714286
ret21,True,20,0.01,1.0,1326,0.04587009906574635,-0.37706618225024857,0.12164999468264065,-0.3774397360733115,0.06386111146490991,-0.27108647987965173,0.23557468263729317,0.004853146671619735,-0.2649548382272755,0.01831688262079123,0.06380907127116253,-0.21170556585339095,0.3014047883623013,-0.1830895804507746,4,"{""2011"": 0.0, ""2012"": 0.0697, ""2013"": 0.2954, ""2014"": -0.0394, ""2015"": 0.0197, ""2016"": 0.0804, ""2017"": 0.2298, ""2018"": -0.1451, ""2019"": 0.0693, ""2020"": 0.0029, ""2021"": 0.1637, ""2022"": -0.1831, ""2023"": -0.0003, ""2024"": 0.0715, ""2025"": 0.0518, ""2026"": 0.1065}",0.14611666528027498,0.4034690799396682
ret21,True,20,0.02,1.0,1326,0.04587009906574635,-0.37706618225024857,0.12164999468264065,-0.3774397360733115,0.06386111146490991,-0.27108647987965173,0.23557468263729317,0.004853146671619735,-0.2649548382272755,0.01831688262079123,0.06380907127116253,-0.21170556585339095,0.3014047883623013,-0.1830895804507746,4,"{""2011"": 0.0, ""2012"": 0.0697, ""2013"": 0.2954, ""2014"": -0.0394, ""2015"": 0.0197, ""2016"": 0.0804, ""2017"": 0.2298, ""2018"": -0.1451, ""2019"": 0.0693, ""2020"": 0.0029, ""2021"": 0.1637, ""2022"": -0.1831, ""2023"": -0.0003, ""2024"": 0.0715, ""2025"": 0.0518, ""2026"": 0.1065}",0.14611666528027498,0.4034690799396682
ret21,True,20,0.05,1.0,1326,0.04587009906574635,-0.37706618225024857,0.12164999468264065,-0.3774397360733115,0.06386111146490991,-0.27108647987965173,0.23557468263729317,0.004853146671619735,-0.2649548382272755,0.01831688262079123,0.06380907127116253,-0.21170556585339095,0.3014047883623013,-0.1830895804507746,4,"{""2011"": 0.0, ""2012"": 0.0697, ""2013"": 0.2954, ""2014"": -0.0394, ""2015"": 0.0197, ""2016"": 0.0804, ""2017"": 0.2298, ""2018"": -0.1451, ""2019"": 0.0693, ""2020"": 0.0029, ""2021"": 0.1637, ""2022"": -0.1831, ""2023"": -0.0003, ""2024"": 0.0715, ""2025"": 0.0518, ""2026"": 0.1065}",0.14611666528027498,0.4034690799396682
ret21,True,30,0.005,1.0,2072,0.05769196136551091,-0.329257810708075,0.17521820132814248,-0.32805676855675625,0.05947835725377315,-0.24319529699928844,0.24457034320835233,0.0404053352561029,-0.2454445714972454,0.16462101813710867,0.08145297101732529,-0.2266809802066252,0.3593286518484213,-0.15152968351460694,5,"{""2011"": 0.0, ""2012"": 0.0638, ""2013"": 0.3301, ""2014"": -0.0423, ""2015"": -0.0462, ""2016"": 0.1106, ""2017"": 0.1892, ""2018"": -0.1226, ""2019"": 0.1413, ""2020"": 0.0305, ""2021"": 0.1737, ""2022"": -0.1515, ""2023"": -0.0202, ""2024"": 0.19, ""2025"": 0.0224, ""2026"": 0.109}",0.17350046210006514,0.4126447876447876
ret21,True,30,0.01,1.0,2076,0.05668214257772752,-0.3421594303272987,0.16566003317081518,-0.34096219245474957,0.05946599794236418,-0.24319529699919162,0.2445195226886392,0.035456652576215886,-0.24544439101744608,0.14445900527299335,0.08290647903785997,-0.21820201838710696,0.37995285126454503,-0.16601773834359568,5,"{""2011"": 0.0, ""2012"": 0.0638, ""2013"": 0.3302, ""2014"": -0.0425, ""2015"": -0.0461, ""2016"": 0.1107, ""2017"": 0.1892, ""2018"": -0.1226, ""2019"": 0.1414, ""2020"": 0.0305, ""2021"": 0.1715, ""2022"": -0.166, ""2023"": -0.0165, ""2024"": 0.1666, ""2025"": 0.0484, ""2026"": 0.1043}",0.17380403074073886,0.4123314065510597
ret21,True,30,0.02,1.0,2076,0.05668214257772752,-0.3421594303272987,0.16566003317081518,-0.34096219245474957,0.05946599794236418,-0.24319529699919162,0.2445195226886392,0.035456652576215886,-0.24544439101744608,0.14445900527299335,0.08290647903785997,-0.21820201838710696,0.37995285126454503,-0.16601773834359568,5,"{""2011"": 0.0, ""2012"": 0.0638, ""2013"": 0.3302, ""2014"": -0.0425, ""2015"": -0.0461, ""2016"": 0.1107, ""2017"": 0.1892, ""2018"": -0.1226, ""2019"": 0.1414, ""2020"": 0.0305, ""2021"": 0.1715, ""2022"": -0.166, ""2023"": -0.0165, ""2024"": 0.1666, ""2025"": 0.0484, ""2026"": 0.1043}",0.17380403074073886,0.4123314065510597
ret21,True,30,0.05,1.0,2076,0.05668214257772752,-0.3421594303272987,0.16566003317081518,-0.34096219245474957,0.05946599794236418,-0.24319529699919162,0.2445195226886392,0.035456652576215886,-0.24544439101744608,0.14445900527299335,0.08290647903785997,-0.21820201838710696,0.37995285126454503,-0.16601773834359568,5,"{""2011"": 0.0, ""2012"": 0.0638, ""2013"": 0.3302, ""2014"": -0.0425, ""2015"": -0.0461, ""2016"": 0.1107, ""2017"": 0.1892, ""2018"": -0.1226, ""2019"": 0.1414, ""2020"": 0.0305, ""2021"": 0.1715, ""2022"": -0.166, ""2023"": -0.0165, ""2024"": 0.1666, ""2025"": 0.0484, ""2026"": 0.1043}",0.17380403074073886,0.4123314065510597
rsi2,False,5,0.005,1.0,360,0.027126171913347097,-0.12812835814844492,0.211710914783749,-0.13004443640345298,0.03380732629100924,-0.08480899915001994,0.39862899727429807,0.010592079392036657,-0.09110049436773582,0.11626807807738913,0.03634688664270125,-0.051054001213480804,0.7119302264031728,-0.09110049436773582,5,"{""2011"": 0.0, ""2012"": 0.0006, ""2013"": 0.1257, ""2014"": 0.0037, ""2015"": -0.0053, ""2016"": 0.0954, ""2017"": 0.0637, ""2018"": -0.037, ""2019"": 0.0972, ""2020"": -0.0249, ""2021"": 0.0721, ""2022"": -0.0911, ""2023"": -0.0041, ""2024"": 0.1388, ""2025"": 0.0012, ""2026"": 0.0003}",0.23682259901558175,0.4361111111111111
rsi2,False,5,0.01,1.0,360,0.05107044346522205,-0.24119126432543914,0.21174250903346462,-0.2447773233501872,0.06545798760992483,-0.16362105646258496,0.40005845839831156,0.019608327387956814,-0.1745361616625858,0.11234535698031296,0.06574643897548027,-0.10047266224352303,0.6543714231053792,-0.1745361616625858,6,"{""2011"": 0.0, ""2012"": 0.0058, ""2013"": 0.2597, ""2014"": 0.0034, ""2015"": -0.0121, ""2016"": 0.1899, ""2017"": 0.1245, ""2018"": -0.0728, ""2019"": 0.2052, ""2020"": -0.0523, ""2021"": 0.1452, ""2022"": -0.1745, ""2023"": -0.0095, ""2024"": 0.2748, ""2025"": 0.0011, ""2026"": -0.0073}",0.23682259901558175,0.4361111111111111
rsi2,False,5,0.02,1.0,355,0.06164873990947739,-0.38710217840551076,0.15925702139784126,-0.39248639929868123,0.0798653311767632,-0.23092272464188623,0.3458530610212483,0.013374048043230058,-0.27456834824689735,0.048709358265883754,0.08991421753341555,-0.19967106720595396,0.45031169909395075,-0.27456834824689735,7,"{""2011"": 0.0, ""2012"": -0.0207, ""2013"": 0.3524, ""2014"": -0.0087, ""2015"": 0.0785, ""2016"": 0.1188, ""2017"": 0.171, ""2018"": -0.0775, ""2019"": 0.2892, ""2020"": -0.0963, ""2021"": 0.2476, ""2022"": -0.2746, ""2023"": -0.0526, ""2024"": 0.3992, ""2025"": -0.0022, ""2026"": 0.0276}",0.20582216753576082,0.4225352112676056
rsi2,False,5,0.05,1.0,355,0.006597279827740499,-0.5367882086981401,0.012290284549544646,-0.541315882080551,0.020455924930572467,-0.39978013403220947,0.05116793754670255,-0.016068887955696165,-0.26965291218563936,-0.05959100469359563,0.0061035489170786494,-0.2276636913795771,0.02680949641153968,-0.35443986032932084,8,"{""2011"": 0.0, ""2012"": 0.1157, ""2013"": 0.292, ""2014"": -0.0858, ""2015"": -0.0883, ""2016"": 0.2175, ""2017"": 0.2201, ""2018"": -0.3544, ""2019"": 0.051, ""2020"": -0.0983, ""2021"": 0.1662, ""2022"": -0.1518, ""2023"": -0.0986, ""2024"": 0.2428, ""2025"": -0.0673, ""2026"": -0.022}",0.09194254675530426,0.38873239436619716
rsi2,False,10,0.005,1.0,722,0.04615951025124265,-0.18259086540882818,0.25280295456122454,-0.18438095565839263,0.055321218548109785,-0.14788537400030743,0.3740817435265423,0.023351160315938202,-0.1469981706728597,0.15885340755638078,0.060250285981134244,-0.1214635455380001,0.4960359564202317,-0.11290355798523055,6,"{""2011"": 0.0, ""2012"": 0.0137, ""2013"": 0.2983, ""2014"": 0.023, ""2015"": -0.0577, ""2016"": 0.1063, ""2017"": 0.1157, ""2018"": -0.0694, ""2019"": 0.165, ""2020"": -0.0301, ""2021"": 0.0935, ""2022"": -0.1129, ""2023"": -0.0184, ""2024"": 0.2222, ""2025"": -0.0365, ""2026"": 0.0658}",0.2092112109038362,0.42382271468144045
rsi2,False,10,0.01,1.0,728,0.055011758874260686,-0.2980618710278178,0.18456489816883187,-0.3016102303092103,0.056968732069894834,-0.2624553297081009,0.2170606789858474,0.01047847807823521,-0.23679530003059002,0.04425120801334133,0.11075137333118024,-0.20790079773134562,0.5327125943705893,-0.18308953634726755,6,"{""2011"": 0.0, ""2012"": 0.0172, ""2013"": 0.4313, ""2014"": 0.028, ""2015"": -0.1291, ""2016"": 0.1234, ""2017"": 0.1207, ""2018"": -0.1023, ""2019"": 0.2355, ""2020"": -0.0989, ""2021"": 0.1459, ""2022"": -0.1831, ""2023"": -0.0263, ""2024"": 0.4355, ""2025"": -0.0764, ""2026"": 0.1264}",0.17564808026265816,0.41208791208791207
rsi2,False,10,0.02,1.0,710,0.04998468790600774,-0.3399017398803311,0.14705628727762854,-0.34122870568102637,0.05614263553769505,-0.24220775429826702,0.23179536799039943,0.01994423168783932,-0.2736648138758183,0.07287831930373583,0.07925251009071488,-0.22585076954949823,0.3509065311081246,-0.18774422891761167,6,"{""2011"": 0.0, ""2012"": 0.1, ""2013"": 0.21, ""2014"": 0.0534, ""2015"": -0.0886, ""2016"": 0.1335, ""2017"": 0.1772, ""2018"": -0.1408, ""2019"": 0.2019, ""2020"": -0.0372, ""2021"": 0.1499, ""2022"": -0.1877, ""2023"": -0.0913, ""2024"": 0.4084, ""2025"": -0.1204, ""2026"": 0.1659}",0.18576324655423054,0.4154929577464789
rsi2,False,10,0.05,1.0,710,0.04998468790600774,-0.3399017398803311,0.14705628727762854,-0.34122870568102637,0.05614263553769505,-0.24220775429826702,0.23179536799039943,0.01994423168783932,-0.2736648138758183,0.07287831930373583,0.07925251009071488,-0.22585076954949823,0.3509065311081246,-0.18774422891761167,6,"{""2011"": 0.0, ""2012"": 0.1, ""2013"": 0.21, ""2014"": 0.0534, ""2015"": -0.0886, ""2016"": 0.1335, ""2017"": 0.1772, ""2018"": -0.1408, ""2019"": 0.2019, ""2020"": -0.0372, ""2021"": 0.1499, ""2022"": -0.1877, ""2023"": -0.0913, ""2024"": 0.4084, ""2025"": -0.1204, ""2026"": 0.1659}",0.18576324655423054,0.4154929577464789
rsi2,False,15,0.005,1.0,1085,0.053875593619081785,-0.2859048747614876,0.1884388773154945,-0.28734650276467566,0.0690763350817738,-0.1882649513502055,0.3669102219312177,0.019581491506365456,-0.19532189263024324,0.1002524153471852,0.07084578289033416,-0.16635605061621572,0.4258683866796992,-0.17341118281154333,5,"{""2011"": 0.0, ""2012"": 0.0522, ""2013"": 0.3534, ""2014"": 0.0093, ""2015"": -0.0463, ""2016"": 0.1378, ""2017"": 0.1248, ""2018"": -0.0905, ""2019"": 0.1751, ""2020"": -0.0203, ""2021"": 0.1338, ""2022"": -0.1734, ""2023"": -0.0749, ""2024"": 0.3185, ""2025"": 0.0053, ""2026"": 0.0409}",0.18997102606869853,0.41935483870967744
rsi2,False,15,0.01,1.0,1065,0.05173453363770575,-0.33909218696564203,0.15256775480629894,-0.3392464935994228,0.061956258593247604,-0.2007214391606439,0.3086678675298955,0.023888376462093186,-0.2666196727466572,0.08959720119674737,0.07191842616484712,-0.21505107693568692,0.33442485938517297,-0.1680508303344611,6,"{""2011"": 0.0, ""2012"": 0.1218, ""2013"": 0.2399, ""2014"": -0.0491, ""2015"": -0.0431, ""2016"": 0.1754, ""2017"": 0.1537, ""2018"": -0.1129, ""2019"": 0.2009, ""2020"": -0.0115, ""2021"": 0.1105, ""2022"": -0.1681, ""2023"": -0.1155, ""2024"": 0.31, ""2025"": 0.0101, ""2026"": 0.0903}",0.17929849186549107,0.4169014084507042
rsi2,False,15,0.02,1.0,1065,0.05175370070845475,-0.33909218696564203,0.1526242794668065,-0.33924649359942305,0.061982229840947145,-0.2007199010283861,0.30879962337257993,0.02388837646212716,-0.2666196727466573,0.08959720119687475,0.07194919408201805,-0.21497812594835586,0.334681464751918,-0.1680508303344611,6,"{""2011"": 0.0, ""2012"": 0.1218, ""2013"": 0.2399, ""2014"": -0.0491, ""2015"": -0.0431, ""2016"": 0.1755, ""2017"": 0.1538, ""2018"": -0.1129, ""2019"": 0.2009, ""2020"": -0.0115, ""2021"": 0.1105, ""2022"": -0.1681, ""2023"": -0.1155, ""2024"": 0.3101, ""2025"": 0.0102, ""2026"": 0.0903}",0.17929849186549107,0.4169014084507042
rsi2,False,15,0.05,1.0,1065,0.05175370070845475,-0.33909218696564203,0.1526242794668065,-0.33924649359942305,0.061982229840947145,-0.2007199010283861,0.30879962337257993,0.02388837646212716,-0.2666196727466573,0.08959720119687475,0.07194919408201805,-0.21497812594835586,0.334681464751918,-0.1680508303344611,6,"{""2011"": 0.0, ""2012"": 0.1218, ""2013"": 0.2399, ""2014"": -0.0491, ""2015"": -0.0431, ""2016"": 0.1755, ""2017"": 0.1538, ""2018"": -0.1129, ""2019"": 0.2009, ""2020"": -0.0115, ""2021"": 0.1105, ""2022"": -0.1681, ""2023"": -0.1155, ""2024"": 0.3101, ""2025"": 0.0102, ""2026"": 0.0903}",0.17929849186549107,0.4169014084507042
rsi2,False,20,0.005,1.0,1458,0.056964024094714016,-0.29923425675303883,0.19036598520779333,-0.29854141590728733,0.056401428836734935,-0.2389358800449891,0.23605257120075537,0.03652458390866675,-0.2184059574179027,0.16723254411407754,0.08993247773722834,-0.16856996428719273,0.5335023835207697,-0.17876154953331924,5,"{""2011"": 0.0, ""2012"": 0.0843, ""2013"": 0.374, ""2014"": 0.0179, ""2015"": -0.074, ""2016"": 0.113, ""2017"": 0.1375, ""2018"": -0.1746, ""2019"": 0.1646, ""2020"": -0.0332, ""2021"": 0.2467, ""2022"": -0.1788, ""2023"": -0.065, ""2024"": 0.2541, ""2025"": 0.0825, ""2026"": 0.0687}",0.18522792590457485,0.4176954732510288
rsi2,False,20,0.01,1.0,1421,0.04714609019701199,-0.34249741870499717,0.1376538555393326,-0.34460901510841735,0.05143971026284655,-0.2647530358099658,0.1942931838551944,0.02663456390200447,-0.2569152763719492,0.10367061187690634,0.06953538049770014,-0.21820379624281216,0.31867172659234017,-0.19599868358965378,5,"{""2011"": 0.0, ""2012"": 0.0776, ""2013"": 0.2694, ""2014"": 0.0906, ""2015"": -0.1007, ""2016"": 0.1944, ""2017"": 0.098, ""2018"": -0.1929, ""2019"": 0.1236, ""2020"": -0.0148, ""2021"": 0.2461, ""2022"": -0.196, ""2023"": -0.0817, ""2024"": 0.2196, ""2025"": 0.0442, ""2026"": 0.0836}",0.15948931754444956,0.4088669950738916
rsi2,False,20,0.02,1.0,1421,0.04714609019701199,-0.34249741870499717,0.1376538555393326,-0.34460901510841735,0.05143971026284655,-0.2647530358099658,0.1942931838551944,0.02663456390200447,-0.2569152763719492,0.10367061187690634,0.06953538049770014,-0.21820379624281216,0.31867172659234017,-0.19599868358965378,5,"{""2011"": 0.0, ""2012"": 0.0776, ""2013"": 0.2694, ""2014"": 0.0906, ""2015"": -0.1007, ""2016"": 0.1944, ""2017"": 0.098, ""2018"": -0.1929, ""2019"": 0.1236, ""2020"": -0.0148, ""2021"": 0.2461, ""2022"": -0.196, ""2023"": -0.0817, ""2024"": 0.2196, ""2025"": 0.0442, ""2026"": 0.0836}",0.15948931754444956,0.4088669950738916
rsi2,False,20,0.05,1.0,1421,0.04714609019701199,-0.34249741870499717,0.1376538555393326,-0.34460901510841735,0.05143971026284655,-0.2647530358099658,0.1942931838551944,0.02663456390200447,-0.2569152763719492,0.10367061187690634,0.06953538049770014,-0.21820379624281216,0.31867172659234017,-0.19599868358965378,5,"{""2011"": 0.0, ""2012"": 0.0776, ""2013"": 0.2694, ""2014"": 0.0906, ""2015"": -0.1007, ""2016"": 0.1944, ""2017"": 0.098, ""2018"": -0.1929, ""2019"": 0.1236, ""2020"": -0.0148, ""2021"": 0.2461, ""2022"": -0.196, ""2023"": -0.0817, ""2024"": 0.2196, ""2025"": 0.0442, ""2026"": 0.0836}",0.15948931754444956,0.4088669950738916
rsi2,False,30,0.005,1.0,2128,0.06737246544893516,-0.31644249976936056,0.21290586914854878,-0.31301634828794433,0.06603913156812746,-0.220561657790047,0.29941347117997374,0.04426167930671698,-0.24238501956142822,0.18260897223270697,0.10659664726832507,-0.20107076494147524,0.5301449332992376,-0.1902537680789087,4,"{""2011"": 0.0, ""2012"": 0.0644, ""2013"": 0.3688, ""2014"": 0.045, ""2015"": -0.0877, ""2016"": 0.087, ""2017"": 0.2061, ""2018"": -0.1412, ""2019"": 0.112, ""2020"": 0.0351, ""2021"": 0.2748, ""2022"": -0.1903, ""2023"": -0.063, ""2024"": 0.2723, ""2025"": 0.0805, ""2026"": 0.1109}",0.19828686712787316,0.42152255639097747
rsi2,False,30,0.01,1.0,2128,0.06740105521126183,-0.3162818845539207,0.21310438094272544,-0.31285098918885845,0.06604724391030414,-0.22056178308403862,0.2994500814546769,0.04429020956059282,-0.24238501956530956,0.18272667857123498,0.1066709447394778,-0.2010332645679107,0.5306134035516469,-0.19023589278587283,4,"{""2011"": 0.0, ""2012"": 0.0644, ""2013"": 0.3688, ""2014"": 0.045, ""2015"": -0.0877, ""2016"": 0.0871, ""2017"": 0.2061, ""2018"": -0.1412, ""2019"": 0.112, ""2020"": 0.0352, ""2021"": 0.2749, ""2022"": -0.1902, ""2023"": -0.0629, ""2024"": 0.2723, ""2025"": 0.0805, ""2026"": 0.1109}",0.19828686712787316,0.42152255639097747
rsi2,False,30,0.02,1.0,2128,0.06740105521126183,-0.3162818845539207,0.21310438094272544,-0.31285098918885845,0.06604724391030414,-0.22056178308403862,0.2994500814546769,0.04429020956059282,-0.24238501956530956,0.18272667857123498,0.1066709447394778,-0.2010332645679107,0.5306134035516469,-0.19023589278587283,4,"{""2011"": 0.0, ""2012"": 0.0644, ""2013"": 0.3688, ""2014"": 0.045, ""2015"": -0.0877, ""2016"": 0.0871, ""2017"": 0.2061, ""2018"": -0.1412, ""2019"": 0.112, ""2020"": 0.0352, ""2021"": 0.2749, ""2022"": -0.1902, ""2023"": -0.0629, ""2024"": 0.2723, ""2025"": 0.0805, ""2026"": 0.1109}",0.19828686712787316,0.42152255639097747
rsi2,False,30,0.05,1.0,2128,0.06740105521126183,-0.3162818845539207,0.21310438094272544,-0.31285098918885845,0.06604724391030414,-0.22056178308403862,0.2994500814546769,0.04429020956059282,-0.24238501956530956,0.18272667857123498,0.1066709447394778,-0.2010332645679107,0.5306134035516469,-0.19023589278587283,4,"{""2011"": 0.0, ""2012"": 0.0644, ""2013"": 0.3688, ""2014"": 0.045, ""2015"": -0.0877, ""2016"": 0.0871, ""2017"": 0.2061, ""2018"": -0.1412, ""2019"": 0.112, ""2020"": 0.0352, ""2021"": 0.2749, ""2022"": -0.1902, ""2023"": -0.0629, ""2024"": 0.2723, ""2025"": 0.0805, ""2026"": 0.1109}",0.19828686712787316,0.42152255639097747
rsi2,True,5,0.005,1.0,370,0.013939513848196139,-0.16212933758261305,0.08597773885983624,-0.15906614562703336,0.01767656683384833,-0.16212933758261305,0.10902756464320486,0.034076304495403775,-0.06931933630338849,0.4915844021682886,-0.013106436440621039,-0.08740690848883026,-0.14994737449495668,-0.0717686993612553,6,"{""2011"": 0.0, ""2012"": 0.0365, ""2013"": 0.1216, ""2014"": -0.053, ""2015"": -0.0718, ""2016"": 0.0482, ""2017"": 0.07, ""2018"": -0.0138, ""2019"": 0.0724, ""2020"": 0.0485, ""2021"": 0.0466, ""2022"": -0.0303, ""2023"": -0.0578, ""2024"": 0.0119, ""2025"": 0.0182, ""2026"": -0.0172}",0.12125404384397079,0.3972972972972973
rsi2,True,5,0.01,1.0,370,0.027142728469925048,-0.2908283770713014,0.0933290236092421,-0.287053537187154,0.03597827116956065,-0.2908283770713014,0.1237096308546947,0.06662951077144008,-0.1350190408870372,0.49348232911227113,-0.02755551354685548,-0.1696924636638395,-0.16238501670553213,-0.1396560217621824,6,"{""2011"": 0.0, ""2012"": 0.0733, ""2013"": 0.2509, ""2014"": -0.0929, ""2015"": -0.1397, ""2016"": 0.0967, ""2017"": 0.1429, ""2018"": -0.0252, ""2019"": 0.1468, ""2020"": 0.097, ""2021"": 0.0916, ""2022"": -0.0611, ""2023"": -0.1142, ""2024"": 0.0222, ""2025"": 0.0358, ""2026"": -0.0349}",0.12125404384397079,0.3972972972972973
rsi2,True,5,0.02,1.0,368,0.06108518958863196,-0.3631544726696583,0.1682071795497279,-0.3605704320144759,0.08639768377678503,-0.3631544726696583,0.23790890730781736,0.11278059971279486,-0.19845791921944078,0.5682847031570961,-0.030272660385313954,-0.1829314998853372,-0.16548631812612416,-0.1885475370291967,6,"{""2011"": 0.0, ""2012"": 0.1266, ""2013"": 0.4095, ""2014"": -0.099, ""2015"": -0.1885, ""2016"": 0.2639, ""2017"": 0.3145, ""2018"": -0.0745, ""2019"": 0.1976, ""2020"": 0.1668, ""2021"": 0.156, ""2022"": -0.0584, ""2023"": -0.0884, ""2024"": 0.0676, ""2025"": 0.0687, ""2026"": -0.1383}",0.14725070400921925,0.4048913043478261
rsi2,True,5,0.05,1.0,367,0.05054340267270496,-0.4303320865415552,0.11745208933618344,-0.43946106867012624,0.09548429057599006,-0.3293004613651581,0.2899609984758219,0.1228343630408193,-0.21355460808600923,0.5751894756180943,-0.0930925089045348,-0.354682925053482,-0.2624668466645175,-0.22027977099467544,7,"{""2011"": 0.0, ""2012"": 0.1079, ""2013"": 0.3269, ""2014"": 0.1597, ""2015"": -0.2203, ""2016"": 0.1729, ""2017"": 0.3781, ""2018"": -0.1193, ""2019"": 0.2283, ""2020"": 0.1781, ""2021"": 0.1429, ""2022"": -0.0516, ""2023"": -0.2125, ""2024"": -0.0123, ""2025"": -0.0588, ""2026"": -0.0358}",0.10508978044147083,0.39509536784741145
rsi2,True,10,0.005,1.0,728,0.043463721532361665,-0.17989893914478372,0.24160076618007073,-0.17608648549279793,0.06571933811403086,-0.17989893914478372,0.36531253839768085,0.04323956978802612,-0.1125295227976858,0.3842508944587416,0.007440584855390009,-0.11012501376949047,0.06756489375760134,-0.08321881643668438,4,"{""2011"": 0.0, ""2012"": 0.082, ""2013"": 0.2061, ""2014"": 0.028, ""2015"": -0.0832, ""2016"": 0.1183, ""2017"": 0.1946, ""2018"": -0.0503, ""2019"": 0.1583, ""2020"": 0.0167, ""2021"": 0.0852, ""2022"": -0.0757, ""2023"": -0.037, ""2024"": 0.0456, ""2025"": 0.0089, ""2026"": 0.0107}",0.19218648600513816,0.41895604395604397
rsi2,True,10,0.01,1.0,738,0.07381127832423484,-0.2916951907577948,0.25304249320148386,-0.2876660038983584,0.10648861989413949,-0.2916951907577948,0.36506813711084074,0.08361063568925453,-0.16702469267425846,0.5005884719831036,0.012687952245912903,-0.17102704061801843,0.07418681981553374,-0.15740259436693793,4,"{""2011"": 0.0, ""2012"": 0.1499, ""2013"": 0.3652, ""2014"": 0.047, ""2015"": -0.1574, ""2016"": 0.1657, ""2017"": 0.334, ""2018"": -0.0579, ""2019"": 0.2434, ""2020"": 0.0518, ""2021"": 0.1856, ""2022"": -0.1158, ""2023"": -0.0346, ""2024"": 0.0497, ""2025"": 0.0111, ""2026"": 0.0208}",0.17852604347873696,0.4159891598915989
rsi2,True,10,0.02,1.0,707,0.07464839024067493,-0.3114132260950133,0.23970847730757408,-0.302189601545224,0.10144262609316046,-0.3114132260950133,0.32574925402240285,0.07006813777973875,-0.19844287158841678,0.3530897190656692,0.0402004671006273,-0.20661841804257364,0.19456381227516711,-0.16081842430333315,5,"{""2011"": 0.0, ""2012"": 0.1463, ""2013"": 0.3411, ""2014"": -0.0578, ""2015"": -0.1255, ""2016"": 0.1947, ""2017"": 0.344, ""2018"": -0.0337, ""2019"": 0.2801, ""2020"": 0.0295, ""2021"": 0.1769, ""2022"": -0.1608, ""2023"": -0.062, ""2024"": 0.1925, ""2025"": 0.0077, ""2026"": 0.0209}",0.17564890442668438,0.4115983026874116
rsi2,True,10,0.05,1.0,707,0.07464839024067493,-0.3114132260950133,0.23970847730757408,-0.302189601545224,0.10144262609316046,-0.3114132260950133,0.32574925402240285,0.07006813777973875,-0.19844287158841678,0.3530897190656692,0.0402004671006273,-0.20661841804257364,0.19456381227516711,-0.16081842430333315,5,"{""2011"": 0.0, ""2012"": 0.1463, ""2013"": 0.3411, ""2014"": -0.0578, ""2015"": -0.1255, ""2016"": 0.1947, ""2017"": 0.344, ""2018"": -0.0337, ""2019"": 0.2801, ""2020"": 0.0295, ""2021"": 0.1769, ""2022"": -0.1608, ""2023"": -0.062, ""2024"": 0.1925, ""2025"": 0.0077, ""2026"": 0.0209}",0.17564890442668438,0.4115983026874116
rsi2,True,15,0.005,1.0,1102,0.05142245046123395,-0.2654971904893171,0.19368359554562992,-0.2609645651900544,0.07764281147038266,-0.2654971904893171,0.29244306249450425,0.036908265744395985,-0.16274487353552947,0.2267860421197132,0.024680774565869923,-0.15260934741554244,0.1617251825254599,-0.15304449835194223,5,"{""2011"": 0.0, ""2012"": 0.0927, ""2013"": 0.3329, ""2014"": 0.0667, ""2015"": -0.1363, ""2016"": 0.1412, ""2017"": 0.1619, ""2018"": -0.052, ""2019"": 0.1606, ""2020"": -0.0014, ""2021"": 0.1745, ""2022"": -0.153, ""2023"": -0.0259, ""2024"": 0.0748, ""2025"": 0.0135, ""2026"": 0.028}",0.1663175446299722,0.411070780399274
rsi2,True,15,0.01,1.0,1025,0.07334262467349761,-0.2720062781533167,0.26963577889241935,-0.26894906847299926,0.09664856887442741,-0.2720062781533167,0.3553174196220255,0.07703665540281857,-0.1960944231032834,0.39285490216232805,0.0355358077756589,-0.22532251623951582,0.15771085983206692,-0.14882899177043762,5,"{""2011"": 0.0, ""2012"": 0.0995, ""2013"": 0.3682, ""2014"": 0.0418, ""2015"": -0.0925, ""2016"": 0.1539, ""2017"": 0.2138, ""2018"": -0.0431, ""2019"": 0.1735, ""2020"": 0.0499, ""2021"": 0.2769, ""2022"": -0.1488, ""2023"": -0.0249, ""2024"": 0.084, ""2025"": -0.0118, ""2026"": 0.0843}",0.18210005827094736,0.4165853658536585
rsi2,True,15,0.02,1.0,1021,0.08276342973530082,-0.2720075910711782,0.3042688235625141,-0.2687396933428404,0.11428680564561389,-0.2720075910711782,0.42016035359729215,0.07897033549429322,-0.19130874545448318,0.4127899919404474,0.039128434662877076,-0.2135171578042936,0.18325662942151738,-0.14847890324247404,3,"{""2011"": 0.0, ""2012"": 0.0995, ""2013"": 0.3683, ""2014"": 0.0418, ""2015"": -0.0925, ""2016"": 0.1706, ""2017"": 0.2604, ""2018"": 0.0155, ""2019"": 0.1785, ""2020"": 0.0526, ""2021"": 0.2767, ""2022"": -0.1485, ""2023"": -0.0249, ""2024"": 0.0752, ""2025"": 0.0094, ""2026"": 0.0835}",0.20458377163015748,0.4240940254652302
rsi2,True,15,0.05,1.0,1021,0.08276342973530082,-0.2720075910711782,0.3042688235625141,-0.2687396933428404,0.11428680564561389,-0.2720075910711782,0.42016035359729215,0.07897033549429322,-0.19130874545448318,0.4127899919404474,0.039128434662877076,-0.2135171578042936,0.18325662942151738,-0.14847890324247404,3,"{""2011"": 0.0, ""2012"": 0.0995, ""2013"": 0.3683, ""2014"": 0.0418, ""2015"": -0.0925, ""2016"": 0.1706, ""2017"": 0.2604, ""2018"": 0.0155, ""2019"": 0.1785, ""2020"": 0.0526, ""2021"": 0.2767, ""2022"": -0.1485, ""2023"": -0.0249, ""2024"": 0.0752, ""2025"": 0.0094, ""2026"": 0.0835}",0.20458377163015748,0.4240940254652302
rsi2,True,20,0.005,1.0,1447,0.057864880033450694,-0.25354779105002423,0.22822080126911506,-0.25530393906870774,0.08452544239915372,-0.23998631622730926,0.3522094248035928,0.03276693744867831,-0.20266340434740304,0.16168157025779378,0.0429938248639401,-0.2052332556625981,0.20948761313138073,-0.18095668426456868,5,"{""2011"": 0.0, ""2012"": 0.1179, ""2013"": 0.2959, ""2014"": 0.0783, ""2015"": -0.1116, ""2016"": 0.1334, ""2017"": 0.184, ""2018"": -0.0531, ""2019"": 0.1746, ""2020"": -0.0276, ""2021"": 0.2128, ""2022"": -0.181, ""2023"": 0.0159, ""2024"": 0.0971, ""2025"": -0.0083, ""2026"": 0.0512}",0.15947182188399917,0.40843123704215617
rsi2,True,20,0.01,1.0,1411,0.05714952611339119,-0.2541405634064847,0.22487368937631366,-0.2554436275162877,0.07163041624808342,-0.25223410673225943,0.28398386394317965,0.047889039228689256,-0.19558052809043946,0.24485586421233418,0.047777383631055104,-0.19953916216546952,0.23943863005416105,-0.1542778485023656,4,"{""2011"": 0.0, ""2012"": 0.1023, ""2013"": 0.3603, ""2014"": 0.0203, ""2015"": -0.1203, ""2016"": 0.1267, ""2017"": 0.1585, ""2018"": -0.0766, ""2019"": 0.1635, ""2020"": 0.0238, ""2021"": 0.1924, ""2022"": -0.1543, ""2023"": 0.0232, ""2024"": 0.1343, ""2025"": -0.0233, ""2026"": 0.0419}",0.15340249611443985,0.406094968107725
rsi2,True,20,0.02,1.0,1411,0.05714952611339119,-0.2541405634064847,0.22487368937631366,-0.2554436275162877,0.07163041624808342,-0.25223410673225943,0.28398386394317965,0.047889039228689256,-0.19558052809043946,0.24485586421233418,0.047777383631055104,-0.19953916216546952,0.23943863005416105,-0.1542778485023656,4,"{""2011"": 0.0, ""2012"": 0.1023, ""2013"": 0.3603, ""2014"": 0.0203, ""2015"": -0.1203, ""2016"": 0.1267, ""2017"": 0.1585, ""2018"": -0.0766, ""2019"": 0.1635, ""2020"": 0.0238, ""2021"": 0.1924, ""2022"": -0.1543, ""2023"": 0.0232, ""2024"": 0.1343, ""2025"": -0.0233, ""2026"": 0.0419}",0.15340249611443985,0.406094968107725
rsi2,True,20,0.05,1.0,1411,0.05714952611339119,-0.2541405634064847,0.22487368937631366,-0.2554436275162877,0.07163041624808342,-0.25223410673225943,0.28398386394317965,0.047889039228689256,-0.19558052809043946,0.24485586421233418,0.047777383631055104,-0.19953916216546952,0.23943863005416105,-0.1542778485023656,4,"{""2011"": 0.0, ""2012"": 0.1023, ""2013"": 0.3603, ""2014"": 0.0203, ""2015"": -0.1203, ""2016"": 0.1267, ""2017"": 0.1585, ""2018"": -0.0766, ""2019"": 0.1635, ""2020"": 0.0238, ""2021"": 0.1924, ""2022"": -0.1543, ""2023"": 0.0232, ""2024"": 0.1343, ""2025"": -0.0233, ""2026"": 0.0419}",0.15340249611443985,0.406094968107725
rsi2,True,30,0.005,1.0,2152,0.04514896362167953,-0.301110000767037,0.14994176050834795,-0.30064636980106585,0.069033847288134,-0.26132511886940823,0.26416843350842295,0.037825629790559256,-0.2236833356113841,0.1691034769629668,0.014382950984238807,-0.22879312549990893,0.06286443682611667,-0.16818836915638002,6,"{""2011"": 0.0, ""2012"": 0.0691, ""2013"": 0.3853, ""2014"": 0.0722, ""2015"": -0.1331, ""2016"": 0.0818, ""2017"": 0.1578, ""2018"": -0.0751, ""2019"": 0.1655, ""2020"": -0.0165, ""2021"": 0.213, ""2022"": -0.1682, ""2023"": -0.0211, ""2024"": 0.1008, ""2025"": -0.0266, ""2026"": 0.0024}",0.12254966465286168,0.3954460966542751
rsi2,True,30,0.01,1.0,2152,0.04661485539394539,-0.3011100007670373,0.1548100537185756,-0.3006463698010663,0.06904680273871233,-0.2613251188636616,0.26421800950078356,0.037811681167208455,-0.2236833356113841,0.16904111816760692,0.02037352968630657,-0.22697943287828704,0.08975936466116491,-0.16818836915638025,6,"{""2011"": 0.0, ""2012"": 0.0691, ""2013"": 0.3853, ""2014"": 0.0722, ""2015"": -0.1331, ""2016"": 0.0818, ""2017"": 0.1578, ""2018"": -0.0751, ""2019"": 0.1654, ""2020"": -0.0165, ""2021"": 0.213, ""2022"": -0.1682, ""2023"": -0.0211, ""2024"": 0.1102, ""2025"": -0.0223, ""2026"": 0.0105}",0.12532594900449884,0.39637546468401486
rsi2,True,30,0.02,1.0,2152,0.04661485539394539,-0.3011100007670373,0.1548100537185756,-0.3006463698010663,0.06904680273871233,-0.2613251188636616,0.26421800950078356,0.037811681167208455,-0.2236833356113841,0.16904111816760692,0.02037352968630657,-0.22697943287828704,0.08975936466116491,-0.16818836915638025,6,"{""2011"": 0.0, ""2012"": 0.0691, ""2013"": 0.3853, ""2014"": 0.0722, ""2015"": -0.1331, ""2016"": 0.0818, ""2017"": 0.1578, ""2018"": -0.0751, ""2019"": 0.1654, ""2020"": -0.0165, ""2021"": 0.213, ""2022"": -0.1682, ""2023"": -0.0211, ""2024"": 0.1102, ""2025"": -0.0223, ""2026"": 0.0105}",0.12532594900449884,0.39637546468401486
rsi2,True,30,0.05,1.0,2152,0.04661485539394539,-0.3011100007670373,0.1548100537185756,-0.3006463698010663,0.06904680273871233,-0.2613251188636616,0.26421800950078356,0.037811681167208455,-0.2236833356113841,0.16904111816760692,0.02037352968630657,-0.22697943287828704,0.08975936466116491,-0.16818836915638025,6,"{""2011"": 0.0, ""2012"": 0.0691, ""2013"": 0.3853, ""2014"": 0.0722, ""2015"": -0.1331, ""2016"": 0.0818, ""2017"": 0.1578, ""2018"": -0.0751, ""2019"": 0.1654, ""2020"": -0.0165, ""2021"": 0.213, ""2022"": -0.1682, ""2023"": -0.0211, ""2024"": 0.1102, ""2025"": -0.0223, ""2026"": 0.0105}",0.12532594900449884,0.39637546468401486
rsi,False,5,0.005,1.0,391,0.008062151115950655,-0.17145503717365262,0.047021955428379565,-0.17110383110457095,0.00644161594431214,-0.10808088387170534,0.059599956195385086,0.0028421520250265786,-0.07475596503087278,0.038019066757453056,0.018174142917076974,-0.09596113660659489,0.18939065917470557,-0.08503689021576821,4,"{""2011"": 0.0, ""2012"": 0.012, ""2013"": 0.0692, ""2014"": 0.0328, ""2015"": -0.0666, ""2016"": 0.0042, ""2017"": 0.0668, ""2018"": -0.0639, ""2019"": 0.0257, ""2020"": 0.0269, ""2021"": 0.0167, ""2022"": -0.0555, ""2023"": -0.085, ""2024"": 0.05, ""2025"": 0.0827, ""2026"": 0.0252}",0.07346329402675471,0.3836317135549872
rsi,False,5,0.01,1.0,391,0.014993879145440037,-0.31679450634448725,0.047329984722447996,-0.31633674188433014,0.012063984405514594,-0.21623327632601375,0.05579152575631231,0.005218462012347658,-0.14381560097033075,0.036285785249572676,0.0338244483806589,-0.1839369763095512,0.1838915103384926,-0.16400032308397816,4,"{""2011"": 0.0, ""2012"": 0.0258, ""2013"": 0.1459, ""2014"": 0.0729, ""2015"": -0.1404, ""2016"": 0.0115, ""2017"": 0.1318, ""2018"": -0.1238, ""2019"": 0.0553, ""2020"": 0.0503, ""2021"": 0.0346, ""2022"": -0.1097, ""2023"": -0.164, ""2024"": 0.0972, ""2025"": 0.1688, ""2026"": 0.0502}",0.07346329402675471,0.3836317135549872
rsi,False,5,0.02,1.0,361,0.024473027769720046,-0.3980126642493922,0.06148806298883345,-0.4020981565392534,0.002904458170690294,-0.27789907351163756,0.010451485620259415,0.02560282228821187,-0.2537781045877462,0.10088664792340053,0.07007496226804277,-0.27480574115651857,0.25499817424895366,-0.17948394496192133,5,"{""2011"": 0.0, ""2012"": 0.0473, ""2013"": 0.1764, ""2014"": 0.1004, ""2015"": -0.1745, ""2016"": -0.0344, ""2017"": 0.0751, ""2018"": -0.1217, ""2019"": 0.0828, ""2020"": 0.0746, ""2021"": 0.0756, ""2022"": -0.1161, ""2023"": -0.1795, ""2024"": 0.0323, ""2025"": 0.23, ""2026"": 0.222}",0.07103221364393728,0.38227146814404434
rsi,False,5,0.05,1.0,353,0.009852335735327733,-0.47198751034322173,0.02087414501320866,-0.4685812372185595,-0.0062830474702290084,-0.37732897692044143,-0.016651378119719038,0.013648564718079736,-0.2553899989194701,0.053442048536847434,0.03918085278298267,-0.2921798741644215,0.1340983970748581,-0.23226565040179548,6,"{""2011"": 0.0, ""2012"": 0.0344, ""2013"": 0.1883, ""2014"": -0.0243, ""2015"": -0.2238, ""2016"": 0.0506, ""2017"": 0.0439, ""2018"": -0.0628, ""2019"": -0.0212, ""2020"": 0.1111, ""2021"": 0.1467, ""2022"": -0.1536, ""2023"": -0.2323, ""2024"": 0.1427, ""2025"": 0.156, ""2026"": 0.1309}",0.04643512757813041,0.37960339943342775
rsi,False,10,0.005,1.0,762,0.02107652565259066,-0.28812001095633544,0.07315189799775763,-0.2862206725106229,0.01771472673255725,-0.1868000477754893,0.09483255996726604,0.011815297422500981,-0.1906658099600913,0.06196862156342591,0.040974059358575454,-0.13151872866691328,0.3115454336723943,-0.13416400311190002,5,"{""2011"": 0.0, ""2012"": 0.0346, ""2013"": 0.1547, ""2014"": 0.023, ""2015"": -0.0814, ""2016"": -0.0157, ""2017"": 0.1817, ""2018"": -0.1342, ""2019"": 0.087, ""2020"": 0.0749, ""2021"": 0.0142, ""2022"": -0.1156, ""2023"": -0.0748, ""2024"": 0.0697, ""2025"": 0.1217, ""2026"": 0.0394}",0.09582279949794319,0.3937007874015748
rsi,False,10,0.01,1.0,743,0.023905296051278224,-0.49907274798853607,0.047899421772930266,-0.49693154805993367,0.010129034887577992,-0.3027839311448185,0.033453013339513636,0.027746841974237713,-0.3045174262352849,0.09111741918112483,0.050882904747347135,-0.2986671686435315,0.17036658223414392,-0.2487074598422624,5,"{""2011"": 0.0, ""2012"": 0.0778, ""2013"": 0.2858, ""2014"": 0.0346, ""2015"": -0.1648, ""2016"": -0.0092, ""2017"": 0.1492, ""2018"": -0.213, ""2019"": 0.1444, ""2020"": 0.1557, ""2021"": 0.026, ""2022"": -0.178, ""2023"": -0.2487, ""2024"": 0.1858, ""2025"": 0.2342, ""2026"": 0.083}",0.08577651613591457,0.38896366083445494
rsi,False,10,0.02,1.0,720,0.03927069268114236,-0.3837891822714641,0.1023236049768729,-0.37685864631283583,0.003400483785566788,-0.27910661943881643,0.012183458036229828,0.04289722976166788,-0.25609020538950733,0.1675082797345653,0.11446048529001263,-0.1943035240749611,0.5890808508746063,-0.1614442532384146,5,"{""2011"": 0.0, ""2012"": 0.089, ""2013"": 0.143, ""2014"": 0.0071, ""2015"": -0.1614, ""2016"": -0.0362, ""2017"": 0.1101, ""2018"": -0.0896, ""2019"": 0.1686, ""2020"": 0.1624, ""2021"": 0.0279, ""2022"": -0.1531, ""2023"": -0.1064, ""2024"": 0.2154, ""2025"": 0.2199, ""2026"": 0.1106}",0.09404775109531778,0.39166666666666666
rsi,False,10,0.05,1.0,720,0.03927069268114236,-0.3837891822714641,0.1023236049768729,-0.37685864631283583,0.003400483785566788,-0.27910661943881643,0.012183458036229828,0.04289722976166788,-0.25609020538950733,0.1675082797345653,0.11446048529001263,-0.1943035240749611,0.5890808508746063,-0.1614442532384146,5,"{""2011"": 0.0, ""2012"": 0.089, ""2013"": 0.143, ""2014"": 0.0071, ""2015"": -0.1614, ""2016"": -0.0362, ""2017"": 0.1101, ""2018"": -0.0896, ""2019"": 0.1686, ""2020"": 0.1624, ""2021"": 0.0279, ""2022"": -0.1531, ""2023"": -0.1064, ""2024"": 0.2154, ""2025"": 0.2199, ""2026"": 0.1106}",0.09404775109531778,0.39166666666666666
rsi,False,15,0.005,1.0,1185,0.032754630441015786,-0.3704321168255361,0.08842276075225508,-0.36761356891877883,0.03647686656097271,-0.24042854994817053,0.15171603608987397,0.018481480123498262,-0.22067827762239045,0.08374852442487568,0.04619040809228503,-0.2026524101497904,0.22792923142706972,-0.1867132015549744,4,"{""2011"": 0.0, ""2012"": 0.091, ""2013"": 0.248, ""2014"": 0.0294, ""2015"": -0.1027, ""2016"": 0.0177, ""2017"": 0.1916, ""2018"": -0.1577, ""2019"": 0.1045, ""2020"": 0.0305, ""2021"": 0.1622, ""2022"": -0.1867, ""2023"": -0.1281, ""2024"": 0.1362, ""2025"": 0.1186, ""2026"": 0.0587}",0.10782409160568915,0.3949367088607595
rsi,False,15,0.01,1.0,1126,0.05432524926598914,-0.4128380694303764,0.13158972800387755,-0.4094656856263056,0.04228521203456115,-0.27256952173170534,0.15513551099151568,0.03426513168525558,-0.25385626502687175,0.13497847564104226,0.10972173709765443,-0.2257317594893744,0.48607133238962424,-0.18920131526850537,4,"{""2011"": 0.0, ""2012"": 0.119, ""2013"": 0.3503, ""2014"": 0.0491, ""2015"": -0.1579, ""2016"": 0.0313, ""2017"": 0.1887, ""2018"": -0.1837, ""2019"": 0.0911, ""2020"": 0.0907, ""2021"": 0.1855, ""2022"": -0.1892, ""2023"": -0.1321, ""2024"": 0.2844, ""2025"": 0.1242, ""2026"": 0.1545}",0.1353723280980777,0.4049733570159858
rsi,False,15,0.02,1.0,1148,0.05139432920836429,-0.40413913083651964,0.12716989097785253,-0.39865061646057676,0.040931230353538295,-0.28182791659022266,0.14523483283259067,0.04327994630622567,-0.2430125412564469,0.1780975832870827,0.08956190919409579,-0.2255214635639291,0.3971325291116136,-0.19493658314030704,4,"{""2011"": 0.0, ""2012"": 0.119, ""2013"": 0.3503, ""2014"": 0.0491, ""2015"": -0.1579, ""2016"": 0.0532, ""2017"": 0.1695, ""2018"": -0.1949, ""2019"": 0.1153, ""2020"": 0.0819, ""2021"": 0.2086, ""2022"": -0.1896, ""2023"": -0.1318, ""2024"": 0.2844, ""2025"": 0.1292, ""2026"": 0.0763}",0.12342548373795027,0.3998257839721254
rsi,False,15,0.05,1.0,1148,0.05139432920836429,-0.40413913083651964,0.12716989097785253,-0.39865061646057676,0.040931230353538295,-0.28182791659022266,0.14523483283259067,0.04327994630622567,-0.2430125412564469,0.1780975832870827,0.08956190919409579,-0.2255214635639291,0.3971325291116136,-0.19493658314030704,4,"{""2011"": 0.0, ""2012"": 0.119, ""2013"": 0.3503, ""2014"": 0.0491, ""2015"": -0.1579, ""2016"": 0.0532, ""2017"": 0.1695, ""2018"": -0.1949, ""2019"": 0.1153, ""2020"": 0.0819, ""2021"": 0.2086, ""2022"": -0.1896, ""2023"": -0.1318, ""2024"": 0.2844, ""2025"": 0.1292, ""2026"": 0.0763}",0.12342548373795027,0.3998257839721254
rsi,False,20,0.005,1.0,1566,0.05524597598602443,-0.3569796276087207,0.15475946444366456,-0.35303001460626005,0.048872364855091055,-0.25860391936525984,0.18898539888740928,0.059612277658044555,-0.19741934621575885,0.3019576287771439,0.0705144750338873,-0.21054169302249603,0.33491929328388625,-0.16774268745233922,4,"{""2011"": 0.0, ""2012"": 0.1281, ""2013"": 0.3389, ""2014"": 0.0551, ""2015"": -0.1382, ""2016"": 0.0146, ""2017"": 0.1873, ""2018"": -0.1562, ""2019"": 0.1171, ""2020"": 0.0962, ""2021"": 0.2364, ""2022"": -0.1677, ""2023"": -0.1136, ""2024"": 0.2353, ""2025"": 0.0882, ""2026"": 0.0686}",0.14022055675302383,0.40357598978288634
rsi,False,20,0.01,1.0,1526,0.0564187749669407,-0.38941326578538704,0.14488149203944722,-0.38252414929502976,0.05709352943239465,-0.2455200964050277,0.23254116574721867,0.054257946819921576,-0.22396402416248895,0.2422618856881974,0.06524714659671083,-0.22519719016451412,0.2897333956478124,-0.1915046850877269,4,"{""2011"": 0.0, ""2012"": 0.1006, ""2013"": 0.335, ""2014"": 0.0565, ""2015"": -0.1438, ""2016"": 0.0488, ""2017"": 0.2347, ""2018"": -0.1434, ""2019"": 0.105, ""2020"": 0.1314, ""2021"": 0.2216, ""2022"": -0.1915, ""2023"": -0.1051, ""2024"": 0.1656, ""2025"": 0.0881, ""2026"": 0.1024}",0.13287554376713703,0.40235910878112713
rsi,False,20,0.02,1.0,1526,0.0564187749669407,-0.38941326578538704,0.14488149203944722,-0.38252414929502976,0.05709352943239465,-0.2455200964050277,0.23254116574721867,0.054257946819921576,-0.22396402416248895,0.2422618856881974,0.06524714659671083,-0.22519719016451412,0.2897333956478124,-0.1915046850877269,4,"{""2011"": 0.0, ""2012"": 0.1006, ""2013"": 0.335, ""2014"": 0.0565, ""2015"": -0.1438, ""2016"": 0.0488, ""2017"": 0.2347, ""2018"": -0.1434, ""2019"": 0.105, ""2020"": 0.1314, ""2021"": 0.2216, ""2022"": -0.1915, ""2023"": -0.1051, ""2024"": 0.1656, ""2025"": 0.0881, ""2026"": 0.1024}",0.13287554376713703,0.40235910878112713
rsi,False,20,0.05,1.0,1526,0.0564187749669407,-0.38941326578538704,0.14488149203944722,-0.38252414929502976,0.05709352943239465,-0.2455200964050277,0.23254116574721867,0.054257946819921576,-0.22396402416248895,0.2422618856881974,0.06524714659671083,-0.22519719016451412,0.2897333956478124,-0.1915046850877269,4,"{""2011"": 0.0, ""2012"": 0.1006, ""2013"": 0.335, ""2014"": 0.0565, ""2015"": -0.1438, ""2016"": 0.0488, ""2017"": 0.2347, ""2018"": -0.1434, ""2019"": 0.105, ""2020"": 0.1314, ""2021"": 0.2216, ""2022"": -0.1915, ""2023"": -0.1051, ""2024"": 0.1656, ""2025"": 0.0881, ""2026"": 0.1024}",0.13287554376713703,0.40235910878112713
rsi,False,30,0.005,1.0,2300,0.0577151292921827,-0.30823511958804184,0.1872438460916437,-0.30111565684546215,0.036503769227204996,-0.24728780291235863,0.1476165374809946,0.052209274211311385,-0.22955334691613138,0.22743852316989452,0.11517458738462705,-0.1737513587692181,0.6628701392638056,-0.1945737461804924,4,"{""2011"": 0.0, ""2012"": 0.0591, ""2013"": 0.3271, ""2014"": 0.0768, ""2015"": -0.1262, ""2016"": 0.0304, ""2017"": 0.1681, ""2018"": -0.1928, ""2019"": 0.1392, ""2020"": 0.1111, ""2021"": 0.2018, ""2022"": -0.1946, ""2023"": -0.009, ""2024"": 0.2187, ""2025"": 0.1299, ""2026"": 0.0799}",0.14149765756126637,0.4043478260869565
rsi,False,30,0.01,1.0,2294,0.05297221194213808,-0.3226661018465594,0.16417036570928198,-0.3156108358330799,0.03267183087262904,-0.25387878432203403,0.12869067007657584,0.041308682130236196,-0.24185304413062647,0.17080075331995861,0.11536934475748906,-0.17375135887452586,0.6639910358387628,-0.21510228509523777,4,"{""2011"": 0.0, ""2012"": 0.0591, ""2013"": 0.3271, ""2014"": 0.0768, ""2015"": -0.1262, ""2016"": 0.031, ""2017"": 0.1517, ""2018"": -0.2026, ""2019"": 0.1217, ""2020"": 0.1241, ""2021"": 0.187, ""2022"": -0.2151, ""2023"": -0.0089, ""2024"": 0.2186, ""2025"": 0.1299, ""2026"": 0.0805}",0.13638596705677358,0.4032258064516129
rsi,False,30,0.02,1.0,2294,0.05297221194213808,-0.3226661018465594,0.16417036570928198,-0.3156108358330799,0.03267183087262904,-0.25387878432203403,0.12869067007657584,0.041308682130236196,-0.24185304413062647,0.17080075331995861,0.11536934475748906,-0.17375135887452586,0.6639910358387628,-0.21510228509523777,4,"{""2011"": 0.0, ""2012"": 0.0591, ""2013"": 0.3271, ""2014"": 0.0768, ""2015"": -0.1262, ""2016"": 0.031, ""2017"": 0.1517, ""2018"": -0.2026, ""2019"": 0.1217, ""2020"": 0.1241, ""2021"": 0.187, ""2022"": -0.2151, ""2023"": -0.0089, ""2024"": 0.2186, ""2025"": 0.1299, ""2026"": 0.0805}",0.13638596705677358,0.4032258064516129
rsi,False,30,0.05,1.0,2294,0.05297221194213808,-0.3226661018465594,0.16417036570928198,-0.3156108358330799,0.03267183087262904,-0.25387878432203403,0.12869067007657584,0.041308682130236196,-0.24185304413062647,0.17080075331995861,0.11536934475748906,-0.17375135887452586,0.6639910358387628,-0.21510228509523777,4,"{""2011"": 0.0, ""2012"": 0.0591, ""2013"": 0.3271, ""2014"": 0.0768, ""2015"": -0.1262, ""2016"": 0.031, ""2017"": 0.1517, ""2018"": -0.2026, ""2019"": 0.1217, ""2020"": 0.1241, ""2021"": 0.187, ""2022"": -0.2151, ""2023"": -0.0089, ""2024"": 0.2186, ""2025"": 0.1299, ""2026"": 0.0805}",0.13638596705677358,0.4032258064516129
rsi,True,5,0.005,1.0,358,0.008224001581720763,-0.19302218572970864,0.0426065094570887,-0.19380053984168033,0.010611213969982769,-0.14822845603836732,0.07158688860144487,0.012164403297838744,-0.10951760120553466,0.11107258709044839,0.00021498706218614494,-0.10974081740644004,0.001959043747504733,-0.08126412638666558,6,"{""2011"": 0.0, ""2012"": 0.0214, ""2013"": 0.1572, ""2014"": -0.0309, ""2015"": -0.0661, ""2016"": 0.0291, ""2017"": 0.0227, ""2018"": -0.0437, ""2019"": 0.064, ""2020"": 0.0482, ""2021"": 0.0061, ""2022"": -0.0647, ""2023"": -0.0813, ""2024"": 0.074, ""2025"": -0.0227, ""2026"": 0.0378}",0.08224343049492558,0.3854748603351955
rsi,True,5,0.01,1.0,358,0.013242893627251284,-0.3520266431935797,0.03761900947925981,-0.35339844051645164,0.01720205175552847,-0.2767110471936328,0.06216611851962335,0.021631266602027965,-0.20879088683375446,0.10360254190237443,-0.0020670925804219253,-0.2096906427842875,-0.00985781984820553,-0.15828909704708094,6,"{""2011"": 0.0, ""2012"": 0.0413, ""2013"": 0.3256, ""2014"": -0.0602, ""2015"": -0.1317, ""2016"": 0.0559, ""2017"": 0.0422, ""2018"": -0.0911, ""2019"": 0.13, ""2020"": 0.0915, ""2021"": 0.0124, ""2022"": -0.1278, ""2023"": -0.1583, ""2024"": 0.1487, ""2025"": -0.0456, ""2026"": 0.0756}",0.08224343049492558,0.3854748603351955
rsi,True,5,0.02,1.0,348,0.02164516119838167,-0.5391920786087345,0.04014369286402019,-0.5420464598013826,0.03986222082618851,-0.2618199825467592,0.15225049073200286,0.024809535336029143,-0.3358556351571498,0.0738696414142956,-0.013922939970972603,-0.34916604869875123,-0.039874838985232634,-0.2884132985658352,6,"{""2011"": 0.0, ""2012"": 0.1049, ""2013"": 0.2959, ""2014"": 0.0433, ""2015"": -0.0411, ""2016"": -0.0083, ""2017"": 0.1145, ""2018"": -0.1699, ""2019"": 0.1847, ""2020"": 0.1392, ""2021"": 0.0404, ""2022"": -0.2146, ""2023"": -0.2884, ""2024"": 0.2174, ""2025"": -0.042, ""2026"": 0.1462}",0.10097101115423449,0.39080459770114945
rsi,True,5,0.05,1.0,348,0.05010267892646181,-0.48654461525931636,0.10297653566622725,-0.4884983275140016,0.05122463438368818,-0.324381549458006,0.15791475954559386,0.07601471754119715,-0.3476975127127464,0.21862312717778176,0.02692922454037361,-0.30348811097074724,0.08873238709166198,-0.2098317053924621,5,"{""2011"": 0.0, ""2012"": 0.0673, ""2013"": 0.4332, ""2014"": 0.0289, ""2015"": -0.0356, ""2016"": 0.0512, ""2017"": 0.1248, ""2018"": -0.2098, ""2019"": 0.3322, ""2020"": 0.1548, ""2021"": 0.0505, ""2022"": -0.1737, ""2023"": -0.1905, ""2024"": 0.2232, ""2025"": -0.0263, ""2026"": 0.1403}",0.1440987787344218,0.4051724137931034
rsi,True,10,0.005,1.0,698,0.03660891243519648,-0.2758012155425693,0.13273658842720357,-0.27807438059354017,0.0573988091763844,-0.15726899037502062,0.3649721985212234,0.02066846313050541,-0.1489609617272163,0.13875087063652547,0.019073159529851003,-0.1517795234639694,0.12566358817418963,-0.11237697576409977,4,"{""2011"": 0.0, ""2012"": 0.0598, ""2013"": 0.2585, ""2014"": 0.0081, ""2015"": -0.0113, ""2016"": 0.1062, ""2017"": 0.1115, ""2018"": -0.0961, ""2019"": 0.1125, ""2020"": 0.0266, ""2021"": 0.0704, ""2022"": -0.1124, ""2023"": -0.08, ""2024"": 0.1166, ""2025"": 0.0075, ""2026"": 0.0335}",0.175354192133989,0.4140401146131805
rsi,True,10,0.01,1.0,708,0.03126345932511265,-0.4545882743288914,0.06877313184390181,-0.4548439861150566,0.05653420699538181,-0.27490255315763334,0.20565180768970243,0.01598732623931154,-0.2607482906797546,0.0613132542408373,0.003910188099471412,-0.2651983467168121,0.014744390935614865,-0.20316111027936756,4,"{""2011"": 0.0, ""2012"": 0.0998, ""2013"": 0.4024, ""2014"": 0.0069, ""2015"": -0.0578, ""2016"": 0.1371, ""2017"": 0.1065, ""2018"": -0.2022, ""2019"": 0.1626, ""2020"": 0.0377, ""2021"": 0.1082, ""2022"": -0.2032, ""2023"": -0.1835, ""2024"": 0.1709, ""2025"": 0.0039, ""2026"": 0.0566}",0.1428574353403383,0.4025423728813559
rsi,True,10,0.02,1.0,669,0.025675197484388956,-0.4586806933981705,0.05597618965422835,-0.45727018355837734,0.04952028437290368,-0.2509900800265805,0.19729976725637663,0.048506113160153186,-0.25933824244226034,0.18703802687701448,-0.0403293698261582,-0.29018088440549095,-0.1389801051464266,-0.20508866369137402,6,"{""2011"": 0.0, ""2012"": 0.1204, ""2013"": 0.3806, ""2014"": -0.0948, ""2015"": -0.0492, ""2016"": 0.0891, ""2017"": 0.1635, ""2018"": -0.1689, ""2019"": 0.2384, ""2020"": 0.0546, ""2021"": 0.1436, ""2022"": -0.1912, ""2023"": -0.2051, ""2024"": 0.1524, ""2025"": -0.1339, ""2026"": 0.0884}",0.1210174553893763,0.3961136023916293
rsi,True,10,0.05,1.0,669,0.025675197484388956,-0.4586806933981705,0.05597618965422835,-0.45727018355837734,0.04952028437290368,-0.2509900800265805,0.19729976725637663,0.048506113160153186,-0.25933824244226034,0.18703802687701448,-0.0403293698261582,-0.29018088440549095,-0.1389801051464266,-0.20508866369137402,6,"{""2011"": 0.0, ""2012"": 0.1204, ""2013"": 0.3806, ""2014"": -0.0948, ""2015"": -0.0492, ""2016"": 0.0891, ""2017"": 0.1635, ""2018"": -0.1689, ""2019"": 0.2384, ""2020"": 0.0546, ""2021"": 0.1436, ""2022"": -0.1912, ""2023"": -0.2051, ""2024"": 0.1524, ""2025"": -0.1339, ""2026"": 0.0884}",0.1210174553893763,0.3961136023916293
rsi,True,15,0.005,1.0,1025,0.05233871943275159,-0.23489740346572585,0.2228152319290681,-0.2309519407995404,0.07622460263052089,-0.19326076539809,0.39441322957357083,0.03475540819403555,-0.18930757494750383,0.18359227412676668,0.03343206888749162,-0.1789800915960369,0.18679210961042939,-0.1483208801189062,5,"{""2011"": 0.0, ""2012"": 0.0746, ""2013"": 0.2816, ""2014"": 0.0621, ""2015"": -0.0221, ""2016"": 0.1423, ""2017"": 0.14, ""2018"": -0.1027, ""2019"": 0.185, ""2020"": -0.0416, ""2021"": 0.1824, ""2022"": -0.1483, ""2023"": -0.0052, ""2024"": 0.068, ""2025"": 0.0071, ""2026"": 0.0509}",0.19205829522137094,0.4195121951219512
rsi,True,15,0.01,1.0,993,0.06744989547242697,-0.27115101748846815,0.2487539825488413,-0.2695296845932539,0.06897261935669818,-0.2194829223118151,0.3142505058261897,0.07888548130338235,-0.2394779232723374,0.3294060689413644,0.06077384435334676,-0.2146191246423591,0.2831706841346044,-0.1261737578187353,6,"{""2011"": 0.0, ""2012"": 0.13, ""2013"": 0.3627, ""2014"": -0.0013, ""2015"": -0.0348, ""2016"": 0.0895, ""2017"": 0.1282, ""2018"": -0.1262, ""2019"": 0.2557, ""2020"": 0.0129, ""2021"": 0.2058, ""2022"": -0.1178, ""2023"": -0.0292, ""2024"": 0.1759, ""2025"": -0.0348, ""2026"": 0.12}",0.21063548829755083,0.42396777442094663
rsi,True,15,0.02,1.0,987,0.07188785187037294,-0.27115101748846815,0.26512108468643414,-0.26952968459325366,0.0777050544873008,-0.2126766420424343,0.3653671307815585,0.08031345373928622,-0.22974881287226556,0.34957070173824334,0.06077384435334676,-0.21461912464235933,0.2831706841346041,-0.11783473590203175,6,"{""2011"": 0.0, ""2012"": 0.13, ""2013"": 0.3627, ""2014"": -0.0014, ""2015"": -0.0348, ""2016"": 0.097, ""2017"": 0.1104, ""2018"": -0.0667, ""2019"": 0.2369, ""2020"": 0.0338, ""2021"": 0.2058, ""2022"": -0.1178, ""2023"": -0.0292, ""2024"": 0.1759, ""2025"": -0.0348, ""2026"": 0.12}",0.22467692742863526,0.42857142857142855
rsi,True,15,0.05,1.0,987,0.07188785187037294,-0.27115101748846815,0.26512108468643414,-0.26952968459325366,0.0777050544873008,-0.2126766420424343,0.3653671307815585,0.08031345373928622,-0.22974881287226556,0.34957070173824334,0.06077384435334676,-0.21461912464235933,0.2831706841346041,-0.11783473590203175,6,"{""2011"": 0.0, ""2012"": 0.13, ""2013"": 0.3627, ""2014"": -0.0014, ""2015"": -0.0348, ""2016"": 0.097, ""2017"": 0.1104, ""2018"": -0.0667, ""2019"": 0.2369, ""2020"": 0.0338, ""2021"": 0.2058, ""2022"": -0.1178, ""2023"": -0.0292, ""2024"": 0.1759, ""2025"": -0.0348, ""2026"": 0.12}",0.22467692742863526,0.42857142857142855
rsi,True,20,0.005,1.0,1369,0.04954111098759295,-0.24785903230925488,0.19987615753207766,-0.24943648029859733,0.05101047817556692,-0.22382509657292304,0.227903300195595,0.05289871039306515,-0.2259591564074579,0.23410739902779706,0.05018518992443188,-0.20970749137200462,0.2393104299522009,-0.14280055439892292,5,"{""2011"": 0.0, ""2012"": 0.0852, ""2013"": 0.373, ""2014"": 0.0065, ""2015"": -0.0952, ""2016"": 0.0941, ""2017"": 0.1127, ""2018"": -0.1428, ""2019"": 0.1688, ""2020"": -0.0281, ""2021"": 0.2506, ""2022"": -0.138, ""2023"": 0.054, ""2024"": 0.0834, ""2025"": -0.0042, ""2026"": 0.0471}",0.1723945114695445,0.41197954711468227
rsi,True,20,0.01,1.0,1354,0.06397088315443811,-0.2543276295566387,0.2515294278720583,-0.2561616056582269,0.05009181241725069,-0.2423692970559359,0.20667556916538857,0.07671842000304752,-0.218358052839853,0.35134229768624076,0.08687183497463624,-0.2232153204134817,0.38918401664238716,-0.1548473500427715,3,"{""2011"": 0.0, ""2012"": 0.1211, ""2013"": 0.3477, ""2014"": 0.0258, ""2015"": -0.1081, ""2016"": 0.1324, ""2017"": 0.0477, ""2018"": -0.1418, ""2019"": 0.1752, ""2020"": 0.0391, ""2021"": 0.2966, ""2022"": -0.1548, ""2023"": 0.0223, ""2024"": 0.145, ""2025"": 0.003, ""2026"": 0.1463}",0.20279748067725292,0.4217134416543575
rsi,True,20,0.02,1.0,1354,0.06397088315443811,-0.2543276295566387,0.2515294278720583,-0.2561616056582269,0.05009181241725069,-0.2423692970559359,0.20667556916538857,0.07671842000304752,-0.218358052839853,0.35134229768624076,0.08687183497463624,-0.2232153204134817,0.38918401664238716,-0.1548473500427715,3,"{""2011"": 0.0, ""2012"": 0.1211, ""2013"": 0.3477, ""2014"": 0.0258, ""2015"": -0.1081, ""2016"": 0.1324, ""2017"": 0.0477, ""2018"": -0.1418, ""2019"": 0.1752, ""2020"": 0.0391, ""2021"": 0.2966, ""2022"": -0.1548, ""2023"": 0.0223, ""2024"": 0.145, ""2025"": 0.003, ""2026"": 0.1463}",0.20279748067725292,0.4217134416543575
rsi,True,20,0.05,1.0,1354,0.06397088315443811,-0.2543276295566387,0.2515294278720583,-0.2561616056582269,0.05009181241725069,-0.2423692970559359,0.20667556916538857,0.07671842000304752,-0.218358052839853,0.35134229768624076,0.08687183497463624,-0.2232153204134817,0.38918401664238716,-0.1548473500427715,3,"{""2011"": 0.0, ""2012"": 0.1211, ""2013"": 0.3477, ""2014"": 0.0258, ""2015"": -0.1081, ""2016"": 0.1324, ""2017"": 0.0477, ""2018"": -0.1418, ""2019"": 0.1752, ""2020"": 0.0391, ""2021"": 0.2966, ""2022"": -0.1548, ""2023"": 0.0223, ""2024"": 0.145, ""2025"": 0.003, ""2026"": 0.1463}",0.20279748067725292,0.4217134416543575
rsi,True,30,0.005,1.0,2023,0.05638088551759246,-0.30212473573300713,0.18661459605683273,-0.29831566618416694,0.042718133915533585,-0.2540004573371235,0.16818132677153297,0.062075208768755274,-0.23503736753335047,0.2641078285560153,0.08551667829841958,-0.20788672783515982,0.41136189495574027,-0.18290845196511274,4,"{""2011"": 0.0, ""2012"": 0.0726, ""2013"": 0.3729, ""2014"": -0.0085, ""2015"": -0.0796, ""2016"": 0.0793, ""2017"": 0.1222, ""2018"": -0.1769, ""2019"": 0.2188, ""2020"": 0.0376, ""2021"": 0.2274, ""2022"": -0.1829, ""2023"": 0.0017, ""2024"": 0.2073, ""2025"": 0.0344, ""2026"": 0.071}",0.17714230397098202,0.41374196737518537
rsi,True,30,0.01,1.0,2025,0.057427652858586864,-0.3021247357330069,0.19007928205301508,-0.29831566618416694,0.043362580253192284,-0.25401403728988137,0.17070938565378108,0.06207520882851281,-0.23503736753335058,0.26410782881026207,0.08872916733637615,-0.20788672783515993,0.4268149691919359,-0.18290845196511296,4,"{""2011"": 0.0, ""2012"": 0.0726, ""2013"": 0.3731, ""2014"": -0.0085, ""2015"": -0.0796, ""2016"": 0.0793, ""2017"": 0.1269, ""2018"": -0.1769, ""2019"": 0.2188, ""2020"": 0.0376, ""2021"": 0.2274, ""2022"": -0.1829, ""2023"": 0.0017, ""2024"": 0.2073, ""2025"": 0.0344, ""2026"": 0.0824}",0.17937794380080022,0.41432098765432096
rsi,True,30,0.02,1.0,2025,0.057427652858586864,-0.3021247357330069,0.19007928205301508,-0.29831566618416694,0.043362580253192284,-0.25401403728988137,0.17070938565378108,0.06207520882851281,-0.23503736753335058,0.26410782881026207,0.08872916733637615,-0.20788672783515993,0.4268149691919359,-0.18290845196511296,4,"{""2011"": 0.0, ""2012"": 0.0726, ""2013"": 0.3731, ""2014"": -0.0085, ""2015"": -0.0796, ""2016"": 0.0793, ""2017"": 0.1269, ""2018"": -0.1769, ""2019"": 0.2188, ""2020"": 0.0376, ""2021"": 0.2274, ""2022"": -0.1829, ""2023"": 0.0017, ""2024"": 0.2073, ""2025"": 0.0344, ""2026"": 0.0824}",0.17937794380080022,0.41432098765432096
rsi,True,30,0.05,1.0,2025,0.057427652858586864,-0.3021247357330069,0.19007928205301508,-0.29831566618416694,0.043362580253192284,-0.25401403728988137,0.17070938565378108,0.06207520882851281,-0.23503736753335058,0.26410782881026207,0.08872916733637615,-0.20788672783515993,0.4268149691919359,-0.18290845196511296,4,"{""2011"": 0.0, ""2012"": 0.0726, ""2013"": 0.3731, ""2014"": -0.0085, ""2015"": -0.0796, ""2016"": 0.0793, ""2017"": 0.1269, ""2018"": -0.1769, ""2019"": 0.2188, ""2020"": 0.0376, ""2021"": 0.2274, ""2022"": -0.1829, ""2023"": 0.0017, ""2024"": 0.2073, ""2025"": 0.0344, ""2026"": 0.0824}",0.17937794380080022,0.41432098765432096
atr_ratio,False,5,0.005,1.0,281,0.02248804442467911,-0.13536423068519066,0.16612988756962208,-0.133851278722653,0.01924789606183941,-0.13536423068519066,0.14219336943304625,0.014033507045687843,-0.06846558617118992,0.20497169206437166,0.041782236260828,-0.05742246638833004,0.7276287294639681,-0.05663795830709917,5,"{""2011"": 0.0, ""2012"": 0.0301, ""2013"": 0.118, ""2014"": -0.034, ""2015"": -0.0566, ""2016"": 0.0348, ""2017"": 0.0556, ""2018"": -0.0032, ""2019"": 0.0417, ""2020"": 0.0045, ""2021"": 0.0512, ""2022"": -0.0391, ""2023"": -0.0212, ""2024"": 0.0514, ""2025"": 0.0718, ""2026"": 0.0479}",0.2525624463965096,0.4412811387900356
atr_ratio,False,5,0.01,1.0,281,0.04306098262717439,-0.25308501911107983,0.17014433639106386,-0.25055021376100917,0.036890324094870586,-0.25308501911107983,0.14576257506051477,0.02593761658772742,-0.1337557739136308,0.19391773400732545,0.08155364399792275,-0.11318130355994938,0.7205575605932634,-0.11234722411280851,5,"{""2011"": 0.0, ""2012"": 0.0659, ""2013"": 0.2426, ""2014"": -0.0667, ""2015"": -0.1123, ""2016"": 0.0674, ""2017"": 0.1115, ""2018"": -0.0104, ""2019"": 0.0857, ""2020"": 0.004, ""2021"": 0.101, ""2022"": -0.0775, ""2023"": -0.0451, ""2024"": 0.1025, ""2025"": 0.1445, ""2026"": 0.095}",0.2525624463965096,0.4412811387900356
atr_ratio,False,5,0.02,1.0,271,0.06698564051615108,-0.33150760291504233,0.20206366287568353,-0.33836401036675423,0.06054279482909464,-0.3037043715754244,0.1993477884925965,0.03303407708562012,-0.2325041630282274,0.14207950797685107,0.1299577679618864,-0.20335676411535464,0.6390629223828893,-0.1699419048365861,4,"{""2011"": 0.0, ""2012"": 0.134, ""2013"": 0.3066, ""2014"": 0.0456, ""2015"": -0.1699, ""2016"": 0.0898, ""2017"": 0.1868, ""2018"": -0.0931, ""2019"": 0.1174, ""2020"": 0.0203, ""2021"": 0.1778, ""2022"": -0.1529, ""2023"": -0.067, ""2024"": 0.2075, ""2025"": 0.1698, ""2026"": 0.1694}",0.23981906940069864,0.4354243542435424
atr_ratio,False,5,0.05,1.0,284,0.09564088162143869,-0.3910834325489706,0.24455365188465955,-0.4048524005434808,0.09106854659486774,-0.28572653131136694,0.31872625260559695,0.012612927698752774,-0.27917747238861845,0.04517888779075779,0.22144627162121688,-0.19434332930976528,1.139459082067345,-0.20213523731671235,5,"{""2011"": 0.0, ""2012"": 0.1116, ""2013"": 0.3715, ""2014"": 0.0897, ""2015"": -0.1263, ""2016"": 0.1573, ""2017"": 0.2947, ""2018"": -0.1543, ""2019"": -0.0043, ""2020"": 0.1069, ""2021"": 0.1956, ""2022"": -0.2021, ""2023"": -0.0607, ""2024"": 0.2872, ""2025"": 0.3788, ""2026"": 0.2207}",0.2788022842740293,0.4471830985915493
atr_ratio,False,10,0.005,1.0,577,0.04106199557873924,-0.2049441511271366,0.20035700142165333,-0.2011662589951626,0.02708557699433012,-0.2049441511271366,0.13216077085082387,0.028940206677705582,-0.13169545626315382,0.21975098837029935,0.08906464263484803,-0.08904034437083763,1.0002728904990439,-0.09738302560831769,5,"{""2011"": 0.0, ""2012"": 0.0535, ""2013"": 0.1831, ""2014"": -0.0762, ""2015"": -0.0826, ""2016"": 0.0718, ""2017"": 0.126, ""2018"": -0.0545, ""2019"": 0.0972, ""2020"": 0.0344, ""2021"": 0.0936, ""2022"": -0.0974, ""2023"": -0.0292, ""2024"": 0.1465, ""2025"": 0.103, ""2026"": 0.1028}",0.23393245997573606,0.42980935875216636
atr_ratio,False,10,0.01,1.0,574,0.07830101842320114,-0.3461696300232029,0.22619262821511182,-0.3409078258338537,0.05968477296031938,-0.27842061512870653,0.21436908661640833,0.046704686917337535,-0.2277712847712252,0.2050508121085061,0.16548002663731998,-0.16833595717282335,0.9830343404732519,-0.18521181321490632,5,"{""2011"": 0.0, ""2012"": 0.1035, ""2013"": 0.3681, ""2014"": -0.0729, ""2015"": -0.1084, ""2016"": 0.0888, ""2017"": 0.2324, ""2018"": -0.1044, ""2019"": 0.1574, ""2020"": 0.0776, ""2021"": 0.1803, ""2022"": -0.1852, ""2023"": -0.0603, ""2024"": 0.2844, ""2025"": 0.2028, ""2026"": 0.1862}",0.2700894460781434,0.44076655052264807
atr_ratio,False,10,0.02,1.0,555,0.09370915903767707,-0.35600760500891926,0.2632223517678206,-0.360912260740744,0.08974797800651024,-0.2636624944263538,0.3403896265252798,0.05477880166250859,-0.2245522111684063,0.24394683702948003,0.16104840733353942,-0.20858573391679203,0.7720969421512981,-0.2143254426472324,5,"{""2011"": 0.0, ""2012"": 0.1085, ""2013"": 0.4684, ""2014"": -0.0179, ""2015"": -0.0949, ""2016"": 0.0918, ""2017"": 0.2973, ""2018"": -0.1101, ""2019"": 0.1276, ""2020"": 0.1326, ""2021"": 0.2325, ""2022"": -0.2143, ""2023"": -0.0837, ""2024"": 0.406, ""2025"": 0.1471, ""2026"": 0.1497}",0.27248611315717425,0.44684684684684683
atr_ratio,False,10,0.05,1.0,555,0.09370915903767707,-0.35600760500891926,0.2632223517678206,-0.360912260740744,0.08974797800651024,-0.2636624944263538,0.3403896265252798,0.05477880166250859,-0.2245522111684063,0.24394683702948003,0.16104840733353942,-0.20858573391679203,0.7720969421512981,-0.2143254426472324,5,"{""2011"": 0.0, ""2012"": 0.1085, ""2013"": 0.4684, ""2014"": -0.0179, ""2015"": -0.0949, ""2016"": 0.0918, ""2017"": 0.2973, ""2018"": -0.1101, ""2019"": 0.1276, ""2020"": 0.1326, ""2021"": 0.2325, ""2022"": -0.2143, ""2023"": -0.0837, ""2024"": 0.406, ""2025"": 0.1471, ""2026"": 0.1497}",0.27248611315717425,0.44684684684684683
atr_ratio,False,15,0.005,1.0,876,0.05841888361507519,-0.2660738581628245,0.21955889999281938,-0.2679898720958056,0.07184239868759335,-0.18402173558026502,0.390401701522143,0.009225082752399416,-0.19008247507414877,0.04853200037931339,0.09756304451211517,-0.15412554482598417,0.6330102165884894,-0.16673243487990308,4,"{""2011"": 0.0, ""2012"": 0.1022, ""2013"": 0.2899, ""2014"": 0.0239, ""2015"": -0.0749, ""2016"": 0.073, ""2017"": 0.1564, ""2018"": -0.0278, ""2019"": 0.1182, ""2020"": 0.0083, ""2021"": 0.1031, ""2022"": -0.1667, ""2023"": -0.0248, ""2024"": 0.1877, ""2025"": 0.0665, ""2026"": 0.1268}",0.22850284519352312,0.4269406392694064
atr_ratio,False,15,0.01,1.0,859,0.05453619643109109,-0.3677366551254767,0.14830231273105643,-0.3692234101448587,0.049725274285528975,-0.2892745691762273,0.17189645957172311,0.020295585050698728,-0.2529748031371919,0.08022769382171291,0.11253988591655961,-0.1992684803603938,0.5647651134440418,-0.22113308372243157,5,"{""2011"": 0.0, ""2012"": 0.1031, ""2013"": 0.3916, ""2014"": -0.0965, ""2015"": -0.1099, ""2016"": 0.0885, ""2017"": 0.223, ""2018"": -0.1457, ""2019"": 0.1624, ""2020"": 0.0753, ""2021"": 0.1112, ""2022"": -0.2211, ""2023"": -0.0856, ""2024"": 0.2278, ""2025"": 0.132, ""2026"": 0.1488}",0.18808032371807684,0.41559953434225844
atr_ratio,False,15,0.02,1.0,859,0.054272328537251724,-0.3678483554536376,0.14753995153878574,-0.3693344143783589,0.049727319144685866,-0.289273844820104,0.17190395894800203,0.019354550400239035,-0.25304446843455175,0.07648675554923248,0.11251387065831686,-0.19926848174202816,0.564634555724556,-0.22120503585660267,5,"{""2011"": 0.0, ""2012"": 0.1031, ""2013"": 0.3914, ""2014"": -0.0965, ""2015"": -0.1099, ""2016"": 0.0885, ""2017"": 0.2231, ""2018"": -0.1458, ""2019"": 0.1807, ""2020"": 0.0549, ""2021"": 0.1112, ""2022"": -0.2212, ""2023"": -0.0857, ""2024"": 0.2278, ""2025"": 0.132, ""2026"": 0.1488}",0.18746181733210054,0.41559953434225844
atr_ratio,False,15,0.05,1.0,859,0.054272328537251724,-0.3678483554536376,0.14753995153878574,-0.3693344143783589,0.049727319144685866,-0.289273844820104,0.17190395894800203,0.019354550400239035,-0.25304446843455175,0.07648675554923248,0.11251387065831686,-0.19926848174202816,0.564634555724556,-0.22120503585660267,5,"{""2011"": 0.0, ""2012"": 0.1031, ""2013"": 0.3914, ""2014"": -0.0965, ""2015"": -0.1099, ""2016"": 0.0885, ""2017"": 0.2231, ""2018"": -0.1458, ""2019"": 0.1807, ""2020"": 0.0549, ""2021"": 0.1112, ""2022"": -0.2212, ""2023"": -0.0857, ""2024"": 0.2278, ""2025"": 0.132, ""2026"": 0.1488}",0.18746181733210054,0.41559953434225844
atr_ratio,False,20,0.005,1.0,1175,0.06406906020010394,-0.2898497305160598,0.22104233143854538,-0.2894449136872501,0.06726976774887539,-0.24906547934251055,0.27008868481676324,0.01776484566511405,-0.21328944844431041,0.08328984764453749,0.1218269570302668,-0.21028624070471758,0.579338698632857,-0.19167692172509532,4,"{""2011"": 0.0, ""2012"": 0.1135, ""2013"": 0.3556, ""2014"": -0.0466, ""2015"": -0.1217, ""2016"": 0.0812, ""2017"": 0.2163, ""2018"": -0.0515, ""2019"": 0.1365, ""2020"": 0.008, ""2021"": 0.1554, ""2022"": -0.1917, ""2023"": 0.0006, ""2024"": 0.2594, ""2025"": 0.0602, ""2026"": 0.1263}",0.22351311399613263,0.42638297872340425
atr_ratio,False,20,0.01,1.0,1155,0.0736518539798392,-0.31487861104241055,0.2339055477157168,-0.31640458719365794,0.06646380729882395,-0.2668688407444044,0.24905045906981754,0.03760802773115235,-0.23253384116709586,0.1617314174246479,0.1422816369453348,-0.19666838983563406,0.7234596117060139,-0.21583927677398218,5,"{""2011"": 0.0, ""2012"": 0.1092, ""2013"": 0.3492, ""2014"": -0.0816, ""2015"": -0.1172, ""2016"": 0.1108, ""2017"": 0.1798, ""2018"": -0.0137, ""2019"": 0.1597, ""2020"": 0.0492, ""2021"": 0.2092, ""2022"": -0.2158, ""2023"": -0.0501, ""2024"": 0.2515, ""2025"": 0.1574, ""2026"": 0.1661}",0.2362712655805527,0.43116883116883115
atr_ratio,False,20,0.02,1.0,1155,0.0736518539798392,-0.31487861104241055,0.2339055477157168,-0.31640458719365794,0.06646380729882395,-0.2668688407444044,0.24905045906981754,0.03760802773115235,-0.23253384116709586,0.1617314174246479,0.1422816369453348,-0.19666838983563406,0.7234596117060139,-0.21583927677398218,5,"{""2011"": 0.0, ""2012"": 0.1092, ""2013"": 0.3492, ""2014"": -0.0816, ""2015"": -0.1172, ""2016"": 0.1108, ""2017"": 0.1798, ""2018"": -0.0137, ""2019"": 0.1597, ""2020"": 0.0492, ""2021"": 0.2092, ""2022"": -0.2158, ""2023"": -0.0501, ""2024"": 0.2515, ""2025"": 0.1574, ""2026"": 0.1661}",0.2362712655805527,0.43116883116883115
atr_ratio,False,20,0.05,1.0,1155,0.0736518539798392,-0.31487861104241055,0.2339055477157168,-0.31640458719365794,0.06646380729882395,-0.2668688407444044,0.24905045906981754,0.03760802773115235,-0.23253384116709586,0.1617314174246479,0.1422816369453348,-0.19666838983563406,0.7234596117060139,-0.21583927677398218,5,"{""2011"": 0.0, ""2012"": 0.1092, ""2013"": 0.3492, ""2014"": -0.0816, ""2015"": -0.1172, ""2016"": 0.1108, ""2017"": 0.1798, ""2018"": -0.0137, ""2019"": 0.1597, ""2020"": 0.0492, ""2021"": 0.2092, ""2022"": -0.2158, ""2023"": -0.0501, ""2024"": 0.2515, ""2025"": 0.1574, ""2026"": 0.1661}",0.2362712655805527,0.43116883116883115
atr_ratio,False,30,0.005,1.0,1798,0.07076364482952102,-0.2935080076072709,0.24109613024325552,-0.2926384437824249,0.05446801070367502,-0.27533409516154517,0.1978251573664254,0.04393098096240089,-0.21660082399310132,0.20282000849544357,0.14631568532298989,-0.2300303671325432,0.6360711724582128,-0.19298865507609297,4,"{""2011"": 0.0, ""2012"": 0.0749, ""2013"": 0.3526, ""2014"": -0.0182, ""2015"": -0.1019, ""2016"": 0.0389, ""2017"": 0.2334, ""2018"": -0.1179, ""2019"": 0.1762, ""2020"": 0.0662, ""2021"": 0.1696, ""2022"": -0.193, ""2023"": 0.0672, ""2024"": 0.2476, ""2025"": 0.1034, ""2026"": 0.1066}",0.21573268702554055,0.42436040044493883
atr_ratio,False,30,0.01,1.0,1787,0.06886717751502003,-0.293563651001864,0.2345902746473975,-0.2926952774423849,0.05166475507383961,-0.2373451179840218,0.21767776608456596,0.04191544722435636,-0.22004385834719054,0.1904867854035769,0.146212650317338,-0.23022483421162554,0.6350863529472128,-0.1930246498295095,4,"{""2011"": 0.0, ""2012"": 0.0749, ""2013"": 0.3525, ""2014"": -0.0183, ""2015"": -0.1019, ""2016"": 0.0469, ""2017"": 0.1912, ""2018"": -0.1103, ""2019"": 0.1784, ""2020"": 0.0562, ""2021"": 0.1696, ""2022"": -0.193, ""2023"": 0.0672, ""2024"": 0.2476, ""2025"": 0.1031, ""2026"": 0.1065}",0.2107090610745912,0.42305540011191944
atr_ratio,False,30,0.02,1.0,1787,0.06886717751502003,-0.293563651001864,0.2345902746473975,-0.2926952774423849,0.05166475507383961,-0.2373451179840218,0.21767776608456596,0.04191544722435636,-0.22004385834719054,0.1904867854035769,0.146212650317338,-0.23022483421162554,0.6350863529472128,-0.1930246498295095,4,"{""2011"": 0.0, ""2012"": 0.0749, ""2013"": 0.3525, ""2014"": -0.0183, ""2015"": -0.1019, ""2016"": 0.0469, ""2017"": 0.1912, ""2018"": -0.1103, ""2019"": 0.1784, ""2020"": 0.0562, ""2021"": 0.1696, ""2022"": -0.193, ""2023"": 0.0672, ""2024"": 0.2476, ""2025"": 0.1031, ""2026"": 0.1065}",0.2107090610745912,0.42305540011191944
atr_ratio,False,30,0.05,1.0,1787,0.06886717751502003,-0.293563651001864,0.2345902746473975,-0.2926952774423849,0.05166475507383961,-0.2373451179840218,0.21767776608456596,0.04191544722435636,-0.22004385834719054,0.1904867854035769,0.146212650317338,-0.23022483421162554,0.6350863529472128,-0.1930246498295095,4,"{""2011"": 0.0, ""2012"": 0.0749, ""2013"": 0.3525, ""2014"": -0.0183, ""2015"": -0.1019, ""2016"": 0.0469, ""2017"": 0.1912, ""2018"": -0.1103, ""2019"": 0.1784, ""2020"": 0.0562, ""2021"": 0.1696, ""2022"": -0.193, ""2023"": 0.0672, ""2024"": 0.2476, ""2025"": 0.1031, ""2026"": 0.1065}",0.2107090610745912,0.42305540011191944
atr_ratio,True,5,0.005,1.0,453,0.01785000563150363,-0.17787933280468948,0.10034895763355958,-0.17959188923841174,0.035550387339765344,-0.12258773296395487,0.28999954954888035,0.012077542469818958,-0.08843250199389618,0.13657356964357492,-0.007500709535075867,-0.11039541646148077,-0.06794403042714205,-0.06240227201027859,5,"{""2011"": 0.0, ""2012"": 0.111, ""2013"": 0.191, ""2014"": 0.0184, ""2015"": -0.0398, ""2016"": 0.0313, ""2017"": 0.0204, ""2018"": -0.0624, ""2019"": 0.017, ""2020"": -0.0122, ""2021"": 0.0593, ""2022"": -0.0142, ""2023"": -0.0619, ""2024"": 0.0084, ""2025"": 0.0056, ""2026"": 0.0234}",0.1276708811219816,0.40176600441501104
atr_ratio,True,5,0.01,1.0,453,0.034594944988199705,-0.320955445199938,0.10778737518115299,-0.32677172373284347,0.06958922122133804,-0.22955041184784364,0.30315441676255805,0.023857442808388418,-0.16724724333543228,0.14264774912038317,-0.015159247178246682,-0.20413035995873563,-0.07426257995778325,-0.12765987160905135,5,"{""2011"": 0.0, ""2012"": 0.2248, ""2013"": 0.3992, ""2014"": 0.0519, ""2015"": -0.0704, ""2016"": 0.0588, ""2017"": 0.0342, ""2018"": -0.1277, ""2019"": 0.0371, ""2020"": -0.0245, ""2021"": 0.1165, ""2022"": -0.0274, ""2023"": -0.121, ""2024"": 0.0158, ""2025"": 0.0101, ""2026"": 0.0501}",0.1276708811219816,0.40176600441501104
atr_ratio,True,5,0.02,1.0,451,0.047205936842398266,-0.4987018970579745,0.0946576243661462,-0.4987507566919862,0.08346421228634249,-0.36150383213761794,0.23088057405313805,0.03207757152773749,-0.27134619165862783,0.1182164058823176,0.0014632889654986325,-0.31591139976488225,0.004631959994440493,-0.2364702092025932,7,"{""2011"": 0.0, ""2012"": 0.3549, ""2013"": 0.6079, ""2014"": 0.1324, ""2015"": -0.0976, ""2016"": 0.0653, ""2017"": -0.0639, ""2018"": -0.2109, ""2019"": 0.0242, ""2020"": -0.0278, ""2021"": 0.1793, ""2022"": -0.034, ""2023"": -0.2365, ""2024"": 0.2502, ""2025"": -0.0137, ""2026"": 0.0677}",0.1363553400008075,0.4035476718403548
atr_ratio,True,5,0.05,1.0,459,0.056337315302297686,-0.47201418954222785,0.11935513073650422,-0.47395925559153707,0.10469988414656983,-0.32514688296142247,0.3220079589660163,0.04114748110485622,-0.29045397338361,0.14166609816183057,-0.00983381742499323,-0.3413295340396997,-0.028810332667695462,-0.22200361445989225,6,"{""2011"": 0.0, ""2012"": 0.3551, ""2013"": 0.7517, ""2014"": 0.162, ""2015"": -0.16, ""2016"": 0.0896, ""2017"": -0.0189, ""2018"": -0.1899, ""2019"": 0.0402, ""2020"": -0.0332, ""2021"": 0.1999, ""2022"": -0.0266, ""2023"": -0.222, ""2024"": 0.1197, ""2025"": 0.0258, ""2026"": 0.0803}",0.1608147642275481,0.4117647058823529
atr_ratio,True,10,0.005,1.0,918,0.031885720127922346,-0.2580516036054019,0.12356334811497706,-0.25992851529295313,0.04657111008359216,-0.21321334768529054,0.21842492784425743,0.015162038500396768,-0.15422222941978125,0.09831292516934667,0.026257904167140245,-0.10430271944255165,0.251747071480746,-0.16543604562833236,5,"{""2011"": 0.0, ""2012"": 0.1313, ""2013"": 0.2758, ""2014"": 0.0739, ""2015"": -0.0554, ""2016"": 0.0533, ""2017"": 0.0682, ""2018"": -0.1654, ""2019"": 0.1042, ""2020"": -0.0794, ""2021"": 0.1096, ""2022"": -0.0586, ""2023"": -0.0154, ""2024"": 0.0818, ""2025"": 0.0162, ""2026"": 0.0133}",0.12579976067625315,0.4008714596949891
atr_ratio,True,10,0.01,1.0,897,0.03507960989452652,-0.4130919764078139,0.08491961088078631,-0.41200435937461455,0.05301103401360785,-0.3302878266018827,0.16049950904640964,0.021612118749104514,-0.2465086595168393,0.08767285819274906,0.01999291910043799,-0.19668623368451954,0.10164879730477833,-0.21424077869362101,6,"{""2011"": 0.0, ""2012"": 0.1939, ""2013"": 0.363, ""2014"": 0.1555, ""2015"": -0.1426, ""2016"": 0.0497, ""2017"": 0.0792, ""2018"": -0.2142, ""2019"": 0.1895, ""2020"": -0.1195, ""2021"": 0.1795, ""2022"": -0.1184, ""2023"": -0.1033, ""2024"": 0.2014, ""2025"": -0.0204, ""2026"": 0.0169}",0.12285616240443314,0.399108138238573
atr_ratio,True,10,0.02,1.0,867,0.04674482534756352,-0.3714965652295392,0.12582841867913627,-0.3802284991656827,0.0631166541932009,-0.30221518473376763,0.20884673365702208,0.05773474242467769,-0.2508599293150453,0.23014732796233411,0.009343958415070075,-0.2082152067085118,0.044876445687038746,-0.19775181990551494,7,"{""2011"": 0.0, ""2012"": 0.1958, ""2013"": 0.475, ""2014"": -0.0051, ""2015"": -0.1195, ""2016"": 0.0698, ""2017"": 0.1569, ""2018"": -0.1978, ""2019"": 0.1274, ""2020"": -0.0006, ""2021"": 0.1856, ""2022"": -0.0634, ""2023"": -0.109, ""2024"": 0.1651, ""2025"": -0.0113, ""2026"": 0.0072}",0.15260293278935613,0.40945790080738176
atr_ratio,True,10,0.05,1.0,867,0.04674482534756352,-0.3714965652295392,0.12582841867913627,-0.3802284991656827,0.0631166541932009,-0.30221518473376763,0.20884673365702208,0.05773474242467769,-0.2508599293150453,0.23014732796233411,0.009343958415070075,-0.2082152067085118,0.044876445687038746,-0.19775181990551494,7,"{""2011"": 0.0, ""2012"": 0.1958, ""2013"": 0.475, ""2014"": -0.0051, ""2015"": -0.1195, ""2016"": 0.0698, ""2017"": 0.1569, ""2018"": -0.1978, ""2019"": 0.1274, ""2020"": -0.0006, ""2021"": 0.1856, ""2022"": -0.0634, ""2023"": -0.109, ""2024"": 0.1651, ""2025"": -0.0113, ""2026"": 0.0072}",0.15260293278935613,0.40945790080738176
atr_ratio,True,15,0.005,1.0,1351,0.036925554934089666,-0.3205215081911418,0.11520460870934518,-0.3234521701225783,0.0462517816272372,-0.24371812148929184,0.18977571854159128,0.013130587787909986,-0.20185683787794206,0.06504901159627664,0.05049347920643421,-0.16244194094031783,0.3108401618088633,-0.19577922138133474,5,"{""2011"": 0.0, ""2012"": 0.1212, ""2013"": 0.3542, ""2014"": 0.0931, ""2015"": -0.0955, ""2016"": 0.0448, ""2017"": 0.0875, ""2018"": -0.1958, ""2019"": 0.0942, ""2020"": -0.0962, ""2021"": 0.1894, ""2022"": -0.1045, ""2023"": -0.0643, ""2024"": 0.1143, ""2025"": 0.0691, ""2026"": 0.0694}",0.1123275293513268,0.39674315321983716
atr_ratio,True,15,0.01,1.0,1297,0.05205465676248622,-0.39771272240221833,0.1308850681166841,-0.3979374533754252,0.057933328848332355,-0.2703309840581015,0.21430517500680166,0.020402989239898472,-0.24731914220413687,0.0824966036112881,0.08373553926717459,-0.24101137943132467,0.3474339654200217,-0.17680593223626362,5,"{""2011"": 0.0, ""2012"": 0.1629, ""2013"": 0.3958, ""2014"": 0.0579, ""2015"": -0.1391, ""2016"": 0.0964, ""2017"": 0.1107, ""2018"": -0.1764, ""2019"": 0.1169, ""2020"": -0.0753, ""2021"": 0.2731, ""2022"": -0.1756, ""2023"": -0.1768, ""2024"": 0.324, ""2025"": 0.0786, ""2026"": 0.133}",0.14486246921172094,0.40786430223592907
atr_ratio,True,15,0.02,1.0,1306,0.046003467530456366,-0.4216823736451343,0.10909506871911717,-0.4210369735328172,0.043366561948772864,-0.2992213763950886,0.1449313630972412,0.020348721282668958,-0.2473191422041371,0.08227717879545747,0.0869773444327202,-0.2410113794313249,0.3608848040202351,-0.2629931125756142,5,"{""2011"": 0.0, ""2012"": 0.1629, ""2013"": 0.396, ""2014"": 0.0579, ""2015"": -0.1391, ""2016"": 0.0813, ""2017"": 0.142, ""2018"": -0.263, ""2019"": 0.1169, ""2020"": -0.0753, ""2021"": 0.2731, ""2022"": -0.1757, ""2023"": -0.1768, ""2024"": 0.324, ""2025"": 0.1224, ""2026"": 0.1004}",0.13595591669797147,0.40505359877488517
atr_ratio,True,15,0.05,1.0,1306,0.046003467530456366,-0.4216823736451343,0.10909506871911717,-0.4210369735328172,0.043366561948772864,-0.2992213763950886,0.1449313630972412,0.020348721282668958,-0.2473191422041371,0.08227717879545747,0.0869773444327202,-0.2410113794313249,0.3608848040202351,-0.2629931125756142,5,"{""2011"": 0.0, ""2012"": 0.1629, ""2013"": 0.396, ""2014"": 0.0579, ""2015"": -0.1391, ""2016"": 0.0813, ""2017"": 0.142, ""2018"": -0.263, ""2019"": 0.1169, ""2020"": -0.0753, ""2021"": 0.2731, ""2022"": -0.1757, ""2023"": -0.1768, ""2024"": 0.324, ""2025"": 0.1224, ""2026"": 0.1004}",0.13595591669797147,0.40505359877488517
atr_ratio,True,20,0.005,1.0,1797,0.043905849573902866,-0.29288349908452194,0.14990892184483318,-0.2955298215442447,0.048174854100429876,-0.2669588826002286,0.18045795528958594,0.04734958179680526,-0.2226815443542688,0.21263361512113374,0.037377929785475494,-0.16741544107184747,0.2232645301184286,-0.20680214814307674,5,"{""2011"": 0.0, ""2012"": 0.1608, ""2013"": 0.3727, ""2014"": 0.0366, ""2015"": -0.1593, ""2016"": 0.0521, ""2017"": 0.1991, ""2018"": -0.2068, ""2019"": 0.1799, ""2020"": -0.0286, ""2021"": 0.2059, ""2022"": -0.1298, ""2023"": -0.0733, ""2024"": 0.1564, ""2025"": 0.0092, ""2026"": 0.0538}",0.12436846423783682,0.39955481357818584
atr_ratio,True,20,0.01,1.0,1714,0.05977402380605201,-0.3250598710809577,0.18388619797109626,-0.3286238125491091,0.06245510116393693,-0.2556936734225549,0.2442575145796616,0.04345406588304557,-0.23950141112912526,0.18143553174982197,0.08097991060450305,-0.18099175936681522,0.4474231914635484,-0.21090054580356787,5,"{""2011"": 0.0, ""2012"": 0.1369, ""2013"": 0.4144, ""2014"": 0.0791, ""2015"": -0.1164, ""2016"": 0.0807, ""2017"": 0.1682, ""2018"": -0.2109, ""2019"": 0.1618, ""2020"": -0.0138, ""2021"": 0.2004, ""2022"": -0.1386, ""2023"": -0.0884, ""2024"": 0.222, ""2025"": 0.0877, ""2026"": 0.0892}",0.14511963233741482,0.4072345390898483
atr_ratio,True,20,0.02,1.0,1714,0.05977402380605201,-0.3250598710809577,0.18388619797109626,-0.3286238125491091,0.06245510116393693,-0.2556936734225549,0.2442575145796616,0.04345406588304557,-0.23950141112912526,0.18143553174982197,0.08097991060450305,-0.18099175936681522,0.4474231914635484,-0.21090054580356787,5,"{""2011"": 0.0, ""2012"": 0.1369, ""2013"": 0.4144, ""2014"": 0.0791, ""2015"": -0.1164, ""2016"": 0.0807, ""2017"": 0.1682, ""2018"": -0.2109, ""2019"": 0.1618, ""2020"": -0.0138, ""2021"": 0.2004, ""2022"": -0.1386, ""2023"": -0.0884, ""2024"": 0.222, ""2025"": 0.0877, ""2026"": 0.0892}",0.14511963233741482,0.4072345390898483
atr_ratio,True,20,0.05,1.0,1714,0.05977402380605201,-0.3250598710809577,0.18388619797109626,-0.3286238125491091,0.06245510116393693,-0.2556936734225549,0.2442575145796616,0.04345406588304557,-0.23950141112912526,0.18143553174982197,0.08097991060450305,-0.18099175936681522,0.4474231914635484,-0.21090054580356787,5,"{""2011"": 0.0, ""2012"": 0.1369, ""2013"": 0.4144, ""2014"": 0.0791, ""2015"": -0.1164, ""2016"": 0.0807, ""2017"": 0.1682, ""2018"": -0.2109, ""2019"": 0.1618, ""2020"": -0.0138, ""2021"": 0.2004, ""2022"": -0.1386, ""2023"": -0.0884, ""2024"": 0.222, ""2025"": 0.0877, ""2026"": 0.0892}",0.14511963233741482,0.4072345390898483
atr_ratio,True,30,0.005,1.0,2587,0.05927130185432383,-0.3160728954329952,0.18752415253173407,-0.31387295126275394,0.04892233035137927,-0.26271089140592263,0.18622117297675292,0.06446892525854997,-0.22404456130342143,0.2877504585850683,0.0820713527015291,-0.18730995984862164,0.4381579749835873,-0.15031048129651992,5,"{""2011"": 0.0, ""2012"": 0.1167, ""2013"": 0.3399, ""2014"": 0.0197, ""2015"": -0.1503, ""2016"": 0.0848, ""2017"": 0.149, ""2018"": -0.1358, ""2019"": 0.2125, ""2020"": -0.0092, ""2021"": 0.2538, ""2022"": -0.1488, ""2023"": -0.084, ""2024"": 0.171, ""2025"": 0.0723, ""2026"": 0.1516}",0.14082000211950463,0.4062620796289138
atr_ratio,True,30,0.01,1.0,2587,0.05925694314211927,-0.3161447314029323,0.1874361242053887,-0.3139450183028184,0.04890759034029646,-0.26272241354951553,0.18615690104064456,0.06444091514127215,-0.2240445613034211,0.28762543828948617,0.08207135270152888,-0.18730995984862198,0.43815797498358533,-0.1503103999129628,5,"{""2011"": 0.0, ""2012"": 0.1167, ""2013"": 0.3399, ""2014"": 0.0197, ""2015"": -0.1503, ""2016"": 0.0847, ""2017"": 0.149, ""2018"": -0.1358, ""2019"": 0.2125, ""2020"": -0.0092, ""2021"": 0.2538, ""2022"": -0.1489, ""2023"": -0.084, ""2024"": 0.171, ""2025"": 0.0723, ""2026"": 0.1516}",0.14082000211950463,0.4062620796289138
atr_ratio,True,30,0.02,1.0,2587,0.05925694314211927,-0.3161447314029323,0.1874361242053887,-0.3139450183028184,0.04890759034029646,-0.26272241354951553,0.18615690104064456,0.06444091514127215,-0.2240445613034211,0.28762543828948617,0.08207135270152888,-0.18730995984862198,0.43815797498358533,-0.1503103999129628,5,"{""2011"": 0.0, ""2012"": 0.1167, ""2013"": 0.3399, ""2014"": 0.0197, ""2015"": -0.1503, ""2016"": 0.0847, ""2017"": 0.149, ""2018"": -0.1358, ""2019"": 0.2125, ""2020"": -0.0092, ""2021"": 0.2538, ""2022"": -0.1489, ""2023"": -0.084, ""2024"": 0.171, ""2025"": 0.0723, ""2026"": 0.1516}",0.14082000211950463,0.4062620796289138
atr_ratio,True,30,0.05,1.0,2587,0.05925694314211927,-0.3161447314029323,0.1874361242053887,-0.3139450183028184,0.04890759034029646,-0.26272241354951553,0.18615690104064456,0.06444091514127215,-0.2240445613034211,0.28762543828948617,0.08207135270152888,-0.18730995984862198,0.43815797498358533,-0.1503103999129628,5,"{""2011"": 0.0, ""2012"": 0.1167, ""2013"": 0.3399, ""2014"": 0.0197, ""2015"": -0.1503, ""2016"": 0.0847, ""2017"": 0.149, ""2018"": -0.1358, ""2019"": 0.2125, ""2020"": -0.0092, ""2021"": 0.2538, ""2022"": -0.1489, ""2023"": -0.084, ""2024"": 0.171, ""2025"": 0.0723, ""2026"": 0.1516}",0.14082000211950463,0.4062620796289138
vol_ratio,False,5,0.005,1.0,327,0.02322657771758263,-0.12495498969761154,0.18587955370002,-0.1265958368022264,0.03133998473635624,-0.09670573688821704,0.3240757554288882,0.006149830800844969,-0.0895769756996837,0.06865414636750997,0.02963762075931764,-0.05808247280634915,0.5102678885269133,-0.06712417216319211,5,"{""2011"": 0.0, ""2012"": 0.0226, ""2013"": 0.1366, ""2014"": 0.0328, ""2015"": -0.044, ""2016"": 0.0324, ""2017"": 0.052, ""2018"": -0.0044, ""2019"": 0.0503, ""2020"": -0.0038, ""2021"": 0.0499, ""2022"": -0.0671, ""2023"": 0.0052, ""2024"": 0.0616, ""2025"": 0.0418, ""2026"": -0.0018}",0.22418765270028704,0.43425076452599387
vol_ratio,False,5,0.01,1.0,327,0.044330445490906145,-0.23361010801649962,0.189762531541551,-0.23702525993683243,0.05988074951811728,-0.18014714739876525,0.3323990991962147,0.011166980851293973,-0.16875510273669814,0.06617270038179153,0.0575804855619082,-0.11327956637932213,0.5083042547064238,-0.12921206319937106,5,"{""2011"": 0.0, ""2012"": 0.0476, ""2013"": 0.2818, ""2014"": 0.0661, ""2015"": -0.0893, ""2016"": 0.0603, ""2017"": 0.0986, ""2018"": -0.0111, ""2019"": 0.1008, ""2020"": -0.0093, ""2021"": 0.1008, ""2022"": -0.1292, ""2023"": 0.0067, ""2024"": 0.1246, ""2025"": 0.0829, ""2026"": -0.0042}",0.22418765270028704,0.43425076452599387
vol_ratio,False,5,0.02,1.0,320,0.07654673827692604,-0.3248944363646814,0.23560495259144817,-0.32950523513484464,0.1135263181294488,-0.25815743413263703,0.4397561453571035,0.027789146184342473,-0.22671596426760698,0.12257251611774993,0.07111585600719783,-0.1892904534578379,0.3756970027177731,-0.18500640037891847,4,"{""2011"": 0.0, ""2012"": 0.1212, ""2013"": 0.64, ""2014"": 0.1749, ""2015"": -0.1379, ""2016"": 0.0428, ""2017"": 0.1182, ""2018"": -0.0234, ""2019"": 0.1487, ""2020"": 0.0225, ""2021"": 0.1655, ""2022"": -0.185, ""2023"": 0.013, ""2024"": 0.2616, ""2025"": 0.0564, ""2026"": -0.0537}",0.25420505595549797,0.44375
vol_ratio,False,5,0.05,1.0,345,0.04475271666965108,-0.36192927334475167,0.12365044765810469,-0.357336187056301,0.08594200289230991,-0.2602428881892046,0.33023766178704345,0.02778820936098736,-0.23429701653470225,0.11860248914809202,-0.008189145156447752,-0.30817077418886973,-0.026573399693732284,-0.17370329344978652,6,"{""2011"": 0.0, ""2012"": 0.1201, ""2013"": 0.2954, ""2014"": 0.1873, ""2015"": -0.1238, ""2016"": 0.0834, ""2017"": 0.1684, ""2018"": -0.0686, ""2019"": 0.1804, ""2020"": 0.0301, ""2021"": 0.1104, ""2022"": -0.1737, ""2023"": -0.0999, ""2024"": 0.2884, ""2025"": -0.1585, ""2026"": -0.0049}",0.1065711044324264,0.39420289855072466
vol_ratio,False,10,0.005,1.0,644,0.03600549000851827,-0.20749928906329718,0.17352102829390842,-0.20609780817281909,0.05074991195538825,-0.1850920147036621,0.27418747392555204,0.025224841347566418,-0.13197355876960082,0.19113556975154317,0.02459215649699953,-0.11369660969357498,0.2162963043777482,-0.10416421320961766,6,"{""2011"": 0.0, ""2012"": 0.065, ""2013"": 0.2485, ""2014"": -0.0165, ""2015"": -0.0556, ""2016"": 0.0411, ""2017"": 0.1405, ""2018"": -0.0359, ""2019"": 0.1177, ""2020"": -0.0086, ""2021"": 0.1109, ""2022"": -0.1042, ""2023"": -0.0387, ""2024"": 0.111, ""2025"": 0.0011, ""2026"": 0.0199}",0.18393861178565904,0.41770186335403725
vol_ratio,False,10,0.01,1.0,648,0.06297361201943352,-0.3154366208895798,0.1996395086969872,-0.31604699571926875,0.07842321876276626,-0.2776847164100008,0.2824182035534666,0.0390326191065371,-0.22373091147712865,0.17446234339651046,0.0697081780633726,-0.17303359100238058,0.4028592232268563,-0.17384938178759846,5,"{""2011"": 0.0, ""2012"": 0.0886, ""2013"": 0.4615, ""2014"": 0.0118, ""2015"": -0.0845, ""2016"": 0.0388, ""2017"": 0.2455, ""2018"": -0.1109, ""2019"": 0.1757, ""2020"": -0.0119, ""2021"": 0.2079, ""2022"": -0.1738, ""2023"": -0.0498, ""2024"": 0.2024, ""2025"": 0.0535, ""2026"": 0.0564}",0.21183658955904053,0.42592592592592593
vol_ratio,False,10,0.02,1.0,621,0.06856319756050389,-0.3457649778623224,0.19829422281109269,-0.3391382915745308,0.07610902093520755,-0.2880616633714739,0.26421086389777637,0.030628777748109792,-0.24446014288575235,0.12529149900081687,0.10809947765630223,-0.2008407816579748,0.5382346989686191,-0.2029370510017744,4,"{""2011"": 0.0, ""2012"": 0.1118, ""2013"": 0.4312, ""2014"": 0.0648, ""2015"": -0.1207, ""2016"": 0.0252, ""2017"": 0.2047, ""2018"": -0.0924, ""2019"": 0.1923, ""2020"": 0.0407, ""2021"": 0.1352, ""2022"": -0.2029, ""2023"": -0.0653, ""2024"": 0.2301, ""2025"": 0.076, ""2026"": 0.1654}",0.20569434223319522,0.4251207729468599
vol_ratio,False,10,0.05,1.0,621,0.06856319756050389,-0.3457649778623224,0.19829422281109269,-0.3391382915745308,0.07610902093520755,-0.2880616633714739,0.26421086389777637,0.030628777748109792,-0.24446014288575235,0.12529149900081687,0.10809947765630223,-0.2008407816579748,0.5382346989686191,-0.2029370510017744,4,"{""2011"": 0.0, ""2012"": 0.1118, ""2013"": 0.4312, ""2014"": 0.0648, ""2015"": -0.1207, ""2016"": 0.0252, ""2017"": 0.2047, ""2018"": -0.0924, ""2019"": 0.1923, ""2020"": 0.0407, ""2021"": 0.1352, ""2022"": -0.2029, ""2023"": -0.0653, ""2024"": 0.2301, ""2025"": 0.076, ""2026"": 0.1654}",0.20569434223319522,0.4251207729468599
vol_ratio,False,15,0.005,1.0,975,0.06119126558525778,-0.2129632011099729,0.2873325779586633,-0.21642598378543332,0.08043639357766286,-0.18745976420651034,0.4290861770691876,0.042245526383650533,-0.19209223295161915,0.2199231365814286,0.053966922671885076,-0.16558320643685487,0.32592026590851986,-0.11979039173083361,5,"{""2011"": 0.0, ""2012"": 0.0863, ""2013"": 0.3679, ""2014"": 0.0587, ""2015"": -0.0326, ""2016"": 0.0428, ""2017"": 0.1999, ""2018"": -0.0979, ""2019"": 0.1478, ""2020"": -0.0373, ""2021"": 0.2094, ""2022"": -0.1198, ""2023"": 0.0126, ""2024"": 0.1493, ""2025"": -0.0065, ""2026"": 0.0431}",0.22240378333353655,0.4297435897435897
vol_ratio,False,15,0.01,1.0,930,0.08332820630764615,-0.253353656372141,0.3289007449146449,-0.2501466167702029,0.08281139299866269,-0.22176586267454534,0.37341812666719293,0.08708685463268684,-0.2169357846391815,0.4014407064170352,0.09224440233283593,-0.20363429832841573,0.45299049860484075,-0.12777530402356096,3,"{""2011"": 0.0, ""2012"": 0.0948, ""2013"": 0.4671, ""2014"": 0.0731, ""2015"": -0.0703, ""2016"": 0.0464, ""2017"": 0.1874, ""2018"": -0.1239, ""2019"": 0.1952, ""2020"": 0.024, ""2021"": 0.3025, ""2022"": -0.1278, ""2023"": 0.0081, ""2024"": 0.2533, ""2025"": 0.0228, ""2026"": 0.0599}",0.24400760648326575,0.43548387096774194
vol_ratio,False,15,0.02,1.0,941,0.084727222288429,-0.25335365637214136,0.33442273342989165,-0.250146616770203,0.08710848308177521,-0.20771454256471056,0.41936631882497,0.08149442807245655,-0.22840801326044402,0.3567932092624609,0.0961307519443313,-0.21830624602662374,0.440348151708896,-0.12777530402356074,3,"{""2011"": 0.0, ""2012"": 0.0948, ""2013"": 0.4671, ""2014"": 0.0731, ""2015"": -0.0703, ""2016"": 0.0465, ""2017"": 0.1801, ""2018"": -0.0938, ""2019"": 0.1827, ""2020"": 0.0133, ""2021"": 0.3025, ""2022"": -0.1278, ""2023"": 0.0081, ""2024"": 0.2584, ""2025"": 0.0069, ""2026"": 0.0859}",0.2363542437123182,0.43358129649309246
vol_ratio,False,15,0.05,1.0,941,0.084727222288429,-0.25335365637214136,0.33442273342989165,-0.250146616770203,0.08710848308177521,-0.20771454256471056,0.41936631882497,0.08149442807245655,-0.22840801326044402,0.3567932092624609,0.0961307519443313,-0.21830624602662374,0.440348151708896,-0.12777530402356074,3,"{""2011"": 0.0, ""2012"": 0.0948, ""2013"": 0.4671, ""2014"": 0.0731, ""2015"": -0.0703, ""2016"": 0.0465, ""2017"": 0.1801, ""2018"": -0.0938, ""2019"": 0.1827, ""2020"": 0.0133, ""2021"": 0.3025, ""2022"": -0.1278, ""2023"": 0.0081, ""2024"": 0.2584, ""2025"": 0.0069, ""2026"": 0.0859}",0.2363542437123182,0.43358129649309246
vol_ratio,False,20,0.005,1.0,1305,0.06570103481278666,-0.2513899493192836,0.2613510802269249,-0.2559173113978297,0.07797988545193113,-0.22156415761923942,0.35195171588150315,0.04155357297232021,-0.20744160455017802,0.20031455629369094,0.07848562417325144,-0.21763118812167614,0.3606359219496181,-0.1788742188330451,5,"{""2011"": 0.0, ""2012"": 0.1195, ""2013"": 0.3886, ""2014"": 0.06, ""2015"": -0.0859, ""2016"": 0.0511, ""2017"": 0.2439, ""2018"": -0.1416, ""2019"": 0.1562, ""2020"": -0.0138, ""2021"": 0.2533, ""2022"": -0.1789, ""2023"": 0.0809, ""2024"": 0.1901, ""2025"": -0.0196, ""2026"": 0.038}",0.2067501914258884,0.42452107279693485
vol_ratio,False,20,0.01,1.0,1236,0.08096806628501807,-0.2603250183922683,0.3110268340133644,-0.2661620001416286,0.07982951091810508,-0.2419197791876937,0.32998339857184344,0.061068214925717124,-0.1968709518348789,0.3101941365983577,0.11787938900357742,-0.235732981105799,0.5000547163600843,-0.15373485439767842,3,"{""2011"": 0.0, ""2012"": 0.1222, ""2013"": 0.4002, ""2014"": 0.0493, ""2015"": -0.072, ""2016"": 0.0659, ""2017"": 0.2396, ""2018"": -0.1537, ""2019"": 0.1401, ""2020"": 0.047, ""2021"": 0.2286, ""2022"": -0.1388, ""2023"": 0.1079, ""2024"": 0.1991, ""2025"": 0.0025, ""2026"": 0.117}",0.24835355279650334,0.4377022653721683
vol_ratio,False,20,0.02,1.0,1236,0.08096806628501807,-0.2603250183922683,0.3110268340133644,-0.2661620001416286,0.07982951091810508,-0.2419197791876937,0.32998339857184344,0.061068214925717124,-0.1968709518348789,0.3101941365983577,0.11787938900357742,-0.235732981105799,0.5000547163600843,-0.15373485439767842,3,"{""2011"": 0.0, ""2012"": 0.1222, ""2013"": 0.4002, ""2014"": 0.0493, ""2015"": -0.072, ""2016"": 0.0659, ""2017"": 0.2396, ""2018"": -0.1537, ""2019"": 0.1401, ""2020"": 0.047, ""2021"": 0.2286, ""2022"": -0.1388, ""2023"": 0.1079, ""2024"": 0.1991, ""2025"": 0.0025, ""2026"": 0.117}",0.24835355279650334,0.4377022653721683
vol_ratio,False,20,0.05,1.0,1236,0.08096806628501807,-0.2603250183922683,0.3110268340133644,-0.2661620001416286,0.07982951091810508,-0.2419197791876937,0.32998339857184344,0.061068214925717124,-0.1968709518348789,0.3101941365983577,0.11787938900357742,-0.235732981105799,0.5000547163600843,-0.15373485439767842,3,"{""2011"": 0.0, ""2012"": 0.1222, ""2013"": 0.4002, ""2014"": 0.0493, ""2015"": -0.072, ""2016"": 0.0659, ""2017"": 0.2396, ""2018"": -0.1537, ""2019"": 0.1401, ""2020"": 0.047, ""2021"": 0.2286, ""2022"": -0.1388, ""2023"": 0.1079, ""2024"": 0.1991, ""2025"": 0.0025, ""2026"": 0.117}",0.24835355279650334,0.4377022653721683
vol_ratio,False,30,0.005,1.0,1930,0.06830381959525811,-0.28745624401016345,0.2376146666441628,-0.2892348109319025,0.0748191381462,-0.24230672955555987,0.3087786223826041,0.04610487929789642,-0.2334871476679059,0.1974621719370714,0.09041880972623817,-0.2283651019782983,0.39593969894240116,-0.1931907572853897,4,"{""2011"": 0.0, ""2012"": 0.064, ""2013"": 0.4299, ""2014"": 0.0362, ""2015"": -0.1012, ""2016"": 0.077, ""2017"": 0.2608, ""2018"": -0.1392, ""2019"": 0.1715, ""2020"": 0.0028, ""2021"": 0.2604, ""2022"": -0.1932, ""2023"": 0.0894, ""2024"": 0.2123, ""2025"": -0.0075, ""2026"": 0.0386}",0.20695482594754905,0.42383419689119173
vol_ratio,False,30,0.01,1.0,1932,0.07023483582912893,-0.2672362995602755,0.26281922008610725,-0.2745373710598993,0.07680117393441033,-0.2225941579686025,0.34502780591952165,0.04824531252585795,-0.22752668668550025,0.21204243435648165,0.09226096550439133,-0.23831178043214385,0.3871439562789949,-0.19322443826392244,4,"{""2011"": 0.0, ""2012"": 0.064, ""2013"": 0.4299, ""2014"": 0.0362, ""2015"": -0.1012, ""2016"": 0.0771, ""2017"": 0.2595, ""2018"": -0.1272, ""2019"": 0.1768, ""2020"": 0.0065, ""2021"": 0.2605, ""2022"": -0.1932, ""2023"": 0.0894, ""2024"": 0.2109, ""2025"": -0.0154, ""2026"": 0.0546}",0.21227777715410287,0.4254658385093168
vol_ratio,False,30,0.02,1.0,1932,0.07023483582912893,-0.2672362995602755,0.26281922008610725,-0.2745373710598993,0.07680117393441033,-0.2225941579686025,0.34502780591952165,0.04824531252585795,-0.22752668668550025,0.21204243435648165,0.09226096550439133,-0.23831178043214385,0.3871439562789949,-0.19322443826392244,4,"{""2011"": 0.0, ""2012"": 0.064, ""2013"": 0.4299, ""2014"": 0.0362, ""2015"": -0.1012, ""2016"": 0.0771, ""2017"": 0.2595, ""2018"": -0.1272, ""2019"": 0.1768, ""2020"": 0.0065, ""2021"": 0.2605, ""2022"": -0.1932, ""2023"": 0.0894, ""2024"": 0.2109, ""2025"": -0.0154, ""2026"": 0.0546}",0.21227777715410287,0.4254658385093168
vol_ratio,False,30,0.05,1.0,1932,0.07023483582912893,-0.2672362995602755,0.26281922008610725,-0.2745373710598993,0.07680117393441033,-0.2225941579686025,0.34502780591952165,0.04824531252585795,-0.22752668668550025,0.21204243435648165,0.09226096550439133,-0.23831178043214385,0.3871439562789949,-0.19322443826392244,4,"{""2011"": 0.0, ""2012"": 0.064, ""2013"": 0.4299, ""2014"": 0.0362, ""2015"": -0.1012, ""2016"": 0.0771, ""2017"": 0.2595, ""2018"": -0.1272, ""2019"": 0.1768, ""2020"": 0.0065, ""2021"": 0.2605, ""2022"": -0.1932, ""2023"": 0.0894, ""2024"": 0.2109, ""2025"": -0.0154, ""2026"": 0.0546}",0.21227777715410287,0.4254658385093168
vol_ratio,True,5,0.005,1.0,385,0.023322432916749625,-0.14627851589149043,0.15943853938229885,-0.14864028436861176,0.03563442076014023,-0.0913064329687383,0.3902728384137054,0.01172740708802178,-0.07787896552119378,0.1505850393561059,0.0157991923892562,-0.07784110735161354,0.2029672100872124,-0.04918280134783781,4,"{""2011"": 0.0, ""2012"": 0.0415, ""2013"": 0.1886, ""2014"": 0.0358, ""2015"": 0.0042, ""2016"": -0.013, ""2017"": 0.057, ""2018"": -0.0492, ""2019"": 0.0389, ""2020"": 0.0144, ""2021"": 0.0399, ""2022"": -0.0455, ""2023"": -0.0281, ""2024"": 0.0435, ""2025"": 0.0045, ""2026"": 0.0379}",0.19041734001050384,0.41818181818181815
vol_ratio,True,5,0.01,1.0,385,0.04512183671693726,-0.27044034159076813,0.16684580581256578,-0.27476083645284255,0.0693069047149204,-0.17482406416714846,0.3964380135257375,0.022886194935462845,-0.14967819402254656,0.15290266618272677,0.030232794632976345,-0.1487850287807042,0.20319782763584884,-0.09816815875785412,4,"{""2011"": 0.0, ""2012"": 0.0823, ""2013"": 0.3904, ""2014"": 0.0816, ""2015"": 0.0058, ""2016"": -0.0281, ""2017"": 0.1136, ""2018"": -0.0982, ""2019"": 0.0809, ""2020"": 0.0242, ""2021"": 0.0822, ""2022"": -0.0893, ""2023"": -0.0546, ""2024"": 0.082, ""2025"": 0.005, ""2026"": 0.0817}",0.19041734001050384,0.41818181818181815
vol_ratio,True,5,0.02,1.0,389,0.05436070315978525,-0.454937098055733,0.11949059197877435,-0.4605964358127518,0.05236967044904617,-0.3552775133309404,0.14740496790255317,0.0339432829740236,-0.24433881439713945,0.13891891494101063,0.0889431670384051,-0.26882369771831616,0.33086058927588735,-0.30820929812995834,6,"{""2011"": 0.0, ""2012"": 0.1064, ""2013"": 0.4544, ""2014"": 0.1561, ""2015"": -0.0258, ""2016"": -0.0366, ""2017"": 0.1831, ""2018"": -0.3082, ""2019"": 0.1465, ""2020"": -0.0138, ""2021"": 0.1831, ""2022"": -0.146, ""2023"": -0.1374, ""2024"": 0.3396, ""2025"": 0.0477, ""2026"": 0.1191}",0.16407738551315507,0.41131105398457585
vol_ratio,True,5,0.05,1.0,388,0.024061586487773123,-0.5860011433796317,0.041060647678950346,-0.5882062946455947,0.046856569225347755,-0.3308519555847127,0.1416239754198775,0.021972270880454392,-0.32956736358553296,0.06667004475627304,-0.013086913221214469,-0.393044050288622,-0.03329630155094429,-0.3154118931527684,5,"{""2011"": 0.0, ""2012"": 0.0864, ""2013"": 0.3554, ""2014"": 0.0587, ""2015"": -0.1138, ""2016"": -0.0264, ""2017"": 0.3382, ""2018"": -0.2347, ""2019"": 0.0411, ""2020"": 0.1419, ""2021"": 0.1791, ""2022"": -0.222, ""2023"": -0.3154, ""2024"": 0.1786, ""2025"": 0.0781, ""2026"": 0.0932}",0.07525644674446777,0.38144329896907214
vol_ratio,True,10,0.005,1.0,789,0.03681475674644363,-0.2664352289671956,0.13817525891433968,-0.267943895011873,0.052743363991768266,-0.1909813889839994,0.27617017695995055,0.022157688510366036,-0.15587722450791086,0.14214833873463997,0.027678016597526334,-0.13559485333119536,0.20412291408967986,-0.1587153871236675,4,"{""2011"": 0.0, ""2012"": 0.0663, ""2013"": 0.3408, ""2014"": 0.0572, ""2015"": -0.0729, ""2016"": 0.0611, ""2017"": 0.1452, ""2018"": -0.1587, ""2019"": 0.1317, ""2020"": 0.0151, ""2021"": 0.0692, ""2022"": -0.1132, ""2023"": -0.0644, ""2024"": 0.1062, ""2025"": 0.0055, ""2026"": 0.0592}",0.15455160725944592,0.40811153358681873
vol_ratio,True,10,0.01,1.0,771,0.05138373032935695,-0.428728077658719,0.11985156327983727,-0.4316192605951279,0.0649692849720429,-0.30023714755343045,0.21639322615960077,0.021798463758969877,-0.25900541531061905,0.08416219302915924,0.06549480352382564,-0.2372993127419446,0.2760008141913548,-0.2242204788302703,5,"{""2011"": 0.0, ""2012"": 0.1072, ""2013"": 0.5671, ""2014"": -0.005, ""2015"": -0.0922, ""2016"": 0.0655, ""2017"": 0.1988, ""2018"": -0.2242, ""2019"": 0.1563, ""2020"": 0.0224, ""2021"": 0.1388, ""2022"": -0.1912, ""2023"": -0.1157, ""2024"": 0.2607, ""2025"": 0.0079, ""2026"": 0.1158}",0.163135866698436,0.4098573281452659
vol_ratio,True,10,0.02,1.0,754,0.058302911182665174,-0.4503099815878254,0.1294728377485325,-0.45263277294224225,0.040865924940470366,-0.35253520816127293,0.11592012370513526,0.025710476888531453,-0.2895240279583037,0.08880256699189815,0.14331819366337895,-0.24281947630632417,0.59022528111616,-0.22588444198400892,5,"{""2011"": 0.0, ""2012"": 0.0903, ""2013"": 0.6307, ""2014"": 0.0431, ""2015"": -0.1133, ""2016"": -0.0984, ""2017"": 0.153, ""2018"": -0.2259, ""2019"": 0.1432, ""2020"": 0.0913, ""2021"": 0.1088, ""2022"": -0.2049, ""2023"": -0.1028, ""2024"": 0.445, ""2025"": 0.1151, ""2026"": 0.1118}",0.15560338532049675,0.40583554376657827
vol_ratio,True,10,0.05,1.0,754,0.058302911182665174,-0.4503099815878254,0.1294728377485325,-0.45263277294224225,0.040865924940470366,-0.35253520816127293,0.11592012370513526,0.025710476888531453,-0.2895240279583037,0.08880256699189815,0.14331819366337895,-0.24281947630632417,0.59022528111616,-0.22588444198400892,5,"{""2011"": 0.0, ""2012"": 0.0903, ""2013"": 0.6307, ""2014"": 0.0431, ""2015"": -0.1133, ""2016"": -0.0984, ""2017"": 0.153, ""2018"": -0.2259, ""2019"": 0.1432, ""2020"": 0.0913, ""2021"": 0.1088, ""2022"": -0.2049, ""2023"": -0.1028, ""2024"": 0.445, ""2025"": 0.1151, ""2026"": 0.1118}",0.15560338532049675,0.40583554376657827
vol_ratio,True,15,0.005,1.0,1180,0.05210136027886758,-0.32233089736270304,0.16163936099566803,-0.3239592740220377,0.06865023305149864,-0.22155053232613287,0.3098626409547157,0.053357265743227744,-0.20083572725253473,0.26567616466036087,0.026492425699396582,-0.1759917623574948,0.1505321916464596,-0.1786901250174474,6,"{""2011"": 0.0, ""2012"": 0.0879, ""2013"": 0.5044, ""2014"": -0.0157, ""2015"": -0.0659, ""2016"": 0.0817, ""2017"": 0.19, ""2018"": -0.1787, ""2019"": 0.238, ""2020"": 0.0477, ""2021"": 0.1011, ""2022"": -0.1401, ""2023"": -0.1073, ""2024"": 0.1837, ""2025"": -0.0108, ""2026"": 0.0489}",0.16815866294267606,0.411864406779661
vol_ratio,True,15,0.01,1.0,1137,0.051803642699267405,-0.44401973953246054,0.11666968399606532,-0.4457461405537806,0.05693746484977669,-0.2818173167415393,0.20203678577351317,0.057160784390553054,-0.2825316191177748,0.20231641530615826,0.044216665662949683,-0.2541742484725139,0.17396201986894522,-0.23626189637501938,5,"{""2011"": 0.0, ""2012"": 0.088, ""2013"": 0.5561, ""2014"": 0.0299, ""2015"": -0.1205, ""2016"": 0.0372, ""2017"": 0.2124, ""2018"": -0.2363, ""2019"": 0.2278, ""2020"": 0.1254, ""2021"": 0.0947, ""2022"": -0.178, ""2023"": -0.1836, ""2024"": 0.2418, ""2025"": -0.0071, ""2026"": 0.1571}",0.1473015807560225,0.4072119613016711
vol_ratio,True,15,0.02,1.0,1129,0.0654674144381624,-0.3985367058368142,0.16426947249613902,-0.3988305938254241,0.05695103117560407,-0.28181731658368714,0.2020849246099899,0.04323359729174858,-0.2855488447052287,0.15140526075802727,0.1184074970559359,-0.19146090291254136,0.6184421741185667,-0.2362618953000697,4,"{""2011"": 0.0, ""2012"": 0.088, ""2013"": 0.5561, ""2014"": 0.0299, ""2015"": -0.1205, ""2016"": 0.0373, ""2017"": 0.2124, ""2018"": -0.2363, ""2019"": 0.2278, ""2020"": 0.0929, ""2021"": 0.0949, ""2022"": -0.1974, ""2023"": -0.0662, ""2024"": 0.3599, ""2025"": 0.0141, ""2026"": 0.1572}",0.175006810203369,0.4162976085031001
vol_ratio,True,15,0.05,1.0,1129,0.0654674144381624,-0.3985367058368142,0.16426947249613902,-0.3988305938254241,0.05695103117560407,-0.28181731658368714,0.2020849246099899,0.04323359729174858,-0.2855488447052287,0.15140526075802727,0.1184074970559359,-0.19146090291254136,0.6184421741185667,-0.2362618953000697,4,"{""2011"": 0.0, ""2012"": 0.088, ""2013"": 0.5561, ""2014"": 0.0299, ""2015"": -0.1205, ""2016"": 0.0373, ""2017"": 0.2124, ""2018"": -0.2363, ""2019"": 0.2278, ""2020"": 0.0929, ""2021"": 0.0949, ""2022"": -0.1974, ""2023"": -0.0662, ""2024"": 0.3599, ""2025"": 0.0141, ""2026"": 0.1572}",0.175006810203369,0.4162976085031001
vol_ratio,True,20,0.005,1.0,1567,0.06426890478550606,-0.33861040555837074,0.18980191905067484,-0.3396108259697749,0.08018306351015148,-0.2526778554158001,0.31733316470572503,0.06236787522860565,-0.21137798973896038,0.2950537816431426,0.045120560781254815,-0.21027514414137194,0.2145786700824678,-0.14834185958676738,5,"{""2011"": 0.0, ""2012"": 0.1303, ""2013"": 0.5064, ""2014"": 0.0237, ""2015"": -0.1187, ""2016"": 0.0465, ""2017"": 0.2525, ""2018"": -0.1483, ""2019"": 0.2505, ""2020"": 0.0631, ""2021"": 0.1143, ""2022"": -0.1429, ""2023"": -0.08, ""2024"": 0.227, ""2025"": -0.0511, ""2026"": 0.0913}",0.17957394052560038,0.41608168474792595
vol_ratio,True,20,0.01,1.0,1513,0.06893620761920305,-0.3644054839129094,0.18917445170961908,-0.36359860789485654,0.07618948574602435,-0.2522051817971943,0.30209326074549325,0.0751754391252688,-0.23242153194298265,0.32344438355956945,0.058102480986139904,-0.21468194821901554,0.27064446483811744,-0.17350562464701003,5,"{""2011"": 0.0, ""2012"": 0.1004, ""2013"": 0.5094, ""2014"": 0.0723, ""2015"": -0.1261, ""2016"": 0.0568, ""2017"": 0.2292, ""2018"": -0.1735, ""2019"": 0.2761, ""2020"": 0.0693, ""2021"": 0.123, ""2022"": -0.1311, ""2023"": -0.1176, ""2024"": 0.3068, ""2025"": -0.0086, ""2026"": 0.0685}",0.18327214626818877,0.4183740912095175
vol_ratio,True,20,0.02,1.0,1513,0.06893620761920305,-0.3644054839129094,0.18917445170961908,-0.36359860789485654,0.07618948574602435,-0.2522051817971943,0.30209326074549325,0.0751754391252688,-0.23242153194298265,0.32344438355956945,0.058102480986139904,-0.21468194821901554,0.27064446483811744,-0.17350562464701003,5,"{""2011"": 0.0, ""2012"": 0.1004, ""2013"": 0.5094, ""2014"": 0.0723, ""2015"": -0.1261, ""2016"": 0.0568, ""2017"": 0.2292, ""2018"": -0.1735, ""2019"": 0.2761, ""2020"": 0.0693, ""2021"": 0.123, ""2022"": -0.1311, ""2023"": -0.1176, ""2024"": 0.3068, ""2025"": -0.0086, ""2026"": 0.0685}",0.18327214626818877,0.4183740912095175
vol_ratio,True,20,0.05,1.0,1513,0.06893620761920305,-0.3644054839129094,0.18917445170961908,-0.36359860789485654,0.07618948574602435,-0.2522051817971943,0.30209326074549325,0.0751754391252688,-0.23242153194298265,0.32344438355956945,0.058102480986139904,-0.21468194821901554,0.27064446483811744,-0.17350562464701003,5,"{""2011"": 0.0, ""2012"": 0.1004, ""2013"": 0.5094, ""2014"": 0.0723, ""2015"": -0.1261, ""2016"": 0.0568, ""2017"": 0.2292, ""2018"": -0.1735, ""2019"": 0.2761, ""2020"": 0.0693, ""2021"": 0.123, ""2022"": -0.1311, ""2023"": -0.1176, ""2024"": 0.3068, ""2025"": -0.0086, ""2026"": 0.0685}",0.18327214626818877,0.4183740912095175
vol_ratio,True,30,0.005,1.0,2312,0.06825213235706196,-0.3540040055640967,0.1928004522104315,-0.354118378530077,0.06888561836447149,-0.2527109182801892,0.2725866331113389,0.045197942562935634,-0.2500530224842955,0.18075343426722337,0.10387587443600377,-0.2004966851131852,0.5180927274551365,-0.15183861774166718,5,"{""2011"": 0.0, ""2012"": 0.1026, ""2013"": 0.4239, ""2014"": -0.0006, ""2015"": -0.1152, ""2016"": 0.0756, ""2017"": 0.2088, ""2018"": -0.1174, ""2019"": 0.1862, ""2020"": 0.0466, ""2021"": 0.129, ""2022"": -0.1518, ""2023"": -0.0743, ""2024"": 0.2834, ""2025"": 0.0499, ""2026"": 0.1393}",0.1798625929796744,0.4147923875432526
vol_ratio,True,30,0.01,1.0,2307,0.07368705508222884,-0.3551352598527626,0.20749011267644654,-0.3546859352034606,0.07535988789183712,-0.24262548835753817,0.3106016948259993,0.045182709616059524,-0.2500974809452561,0.1806603946800631,0.11443741778126615,-0.1995695926566149,0.5734211121940326,-0.15187689005307747,4,"{""2011"": 0.0, ""2012"": 0.1026, ""2013"": 0.4283, ""2014"": 0.0324, ""2015"": -0.1093, ""2016"": 0.0757, ""2017"": 0.2088, ""2018"": -0.1174, ""2019"": 0.1862, ""2020"": 0.0466, ""2021"": 0.1289, ""2022"": -0.1519, ""2023"": -0.0729, ""2024"": 0.2867, ""2025"": 0.0934, ""2026"": 0.1271}",0.18846280680640556,0.41699176419592543
vol_ratio,True,30,0.02,1.0,2307,0.07368705508222884,-0.3551352598527626,0.20749011267644654,-0.3546859352034606,0.07535988789183712,-0.24262548835753817,0.3106016948259993,0.045182709616059524,-0.2500974809452561,0.1806603946800631,0.11443741778126615,-0.1995695926566149,0.5734211121940326,-0.15187689005307747,4,"{""2011"": 0.0, ""2012"": 0.1026, ""2013"": 0.4283, ""2014"": 0.0324, ""2015"": -0.1093, ""2016"": 0.0757, ""2017"": 0.2088, ""2018"": -0.1174, ""2019"": 0.1862, ""2020"": 0.0466, ""2021"": 0.1289, ""2022"": -0.1519, ""2023"": -0.0729, ""2024"": 0.2867, ""2025"": 0.0934, ""2026"": 0.1271}",0.18846280680640556,0.41699176419592543
vol_ratio,True,30,0.05,1.0,2307,0.07368705508222884,-0.3551352598527626,0.20749011267644654,-0.3546859352034606,0.07535988789183712,-0.24262548835753817,0.3106016948259993,0.045182709616059524,-0.2500974809452561,0.1806603946800631,0.11443741778126615,-0.1995695926566149,0.5734211121940326,-0.15187689005307747,4,"{""2011"": 0.0, ""2012"": 0.1026, ""2013"": 0.4283, ""2014"": 0.0324, ""2015"": -0.1093, ""2016"": 0.0757, ""2017"": 0.2088, ""2018"": -0.1174, ""2019"": 0.1862, ""2020"": 0.0466, ""2021"": 0.1289, ""2022"": -0.1519, ""2023"": -0.0729, ""2024"": 0.2867, ""2025"": 0.0934, ""2026"": 0.1271}",0.18846280680640556,0.41699176419592543
dist_hh60,False,5,0.005,1.0,409,0.033653693247219785,-0.12634843690330844,0.2663562294243037,-0.1265282795585373,0.04277038068419947,-0.08721555387299451,0.49039854458165544,0.012410473466775818,-0.08470843288519125,0.14650812255724566,0.0442486572199936,-0.04927202320098678,0.898048311097309,-0.07408491391353855,3,"{""2011"": 0.0, ""2012"": 0.0177, ""2013"": 0.1141, ""2014"": 0.0262, ""2015"": -0.0517, ""2016"": 0.017, ""2017"": 0.1668, ""2018"": 0.0236, ""2019"": 0.0313, ""2020"": 0.0114, ""2021"": 0.0876, ""2022"": -0.0741, ""2023"": -0.0006, ""2024"": 0.0998, ""2025"": 0.0412, ""2026"": 0.0196}",0.2538235637228743,0.4449877750611247
dist_hh60,False,5,0.01,1.0,421,0.06355529181027686,-0.22944812348426868,0.27699198775375605,-0.23054205196365696,0.08085218832606134,-0.14549037395661324,0.5557219087922085,0.026839363053635656,-0.15227241507991662,0.17625886500552082,0.08012252363877503,-0.09820603272908401,0.8158615251244795,-0.13714504669197003,2,"{""2011"": 0.0, ""2012"": 0.0429, ""2013"": 0.2289, ""2014"": 0.0643, ""2015"": -0.0935, ""2016"": 0.0477, ""2017"": 0.271, ""2018"": 0.046, ""2019"": 0.0642, ""2020"": 0.0205, ""2021"": 0.1862, ""2022"": -0.1371, ""2023"": 0.0033, ""2024"": 0.1871, ""2025"": 0.0668, ""2026"": 0.0359}",0.2466859523350809,0.4418052256532066
dist_hh60,False,5,0.02,1.0,423,0.0621068279166479,-0.30178360605405097,0.20579921066197432,-0.31221878365325384,0.0621005318425778,-0.2227176666340528,0.2788307401972522,0.05408417749818151,-0.2415441057416925,0.22391015227678204,0.07933645868165962,-0.16354931120203453,0.48509197683904814,-0.15019830113786126,6,"{""2011"": 0.0, ""2012"": 0.037, ""2013"": 0.3045, ""2014"": 0.0609, ""2015"": -0.0887, ""2016"": 0.0499, ""2017"": 0.1652, ""2018"": -0.0475, ""2019"": 0.0941, ""2020"": -0.0001, ""2021"": 0.3274, ""2022"": -0.1502, ""2023"": -0.0274, ""2024"": 0.2043, ""2025"": -0.0091, ""2026"": 0.1311}",0.1536027654787081,0.41371158392434987
dist_hh60,False,5,0.05,1.0,418,0.07149500324133307,-0.2913020945348802,0.24543250660620405,-0.28610006613679995,0.1050654263399522,-0.2913020945348802,0.3606751489642028,0.06113721271807582,-0.21565840983976337,0.2834909742842927,0.02851492586177584,-0.17500949003996735,0.16293359780240385,-0.191094909829848,4,"{""2011"": 0.0, ""2012"": 0.0591, ""2013"": 0.1832, ""2014"": 0.1773, ""2015"": -0.1911, ""2016"": 0.0697, ""2017"": 0.4555, ""2018"": 0.0823, ""2019"": 0.0595, ""2020"": 0.0769, ""2021"": 0.2509, ""2022"": -0.112, ""2023"": -0.1089, ""2024"": 0.1971, ""2025"": -0.0248, ""2026"": 0.0626}",0.1584215663176435,0.41148325358851673
dist_hh60,False,10,0.005,1.0,825,0.05531096719207729,-0.2314588721259011,0.2389667187265611,-0.2336929644709037,0.06692662637908597,-0.1336788711186827,0.5006522408441586,0.021240342163511894,-0.16791710494683265,0.12649302267471318,0.07925123322471905,-0.08749363708053859,0.9057942482350764,-0.1532169924755441,4,"{""2011"": 0.0, ""2012"": 0.0347, ""2013"": 0.2165, ""2014"": 0.1426, ""2015"": -0.0573, ""2016"": 0.0213, ""2017"": 0.2351, ""2018"": -0.0803, ""2019"": 0.1176, ""2020"": -0.0234, ""2021"": 0.1752, ""2022"": -0.1532, ""2023"": 0.0547, ""2024"": 0.1565, ""2025"": 0.0604, ""2026"": 0.0147}",0.2228264193522817,0.4351515151515152
dist_hh60,False,10,0.01,1.0,832,0.07467681166730111,-0.3251116785462381,0.2296958755871958,-0.32810140077685235,0.10260154904599039,-0.1789157219780232,0.5734630132649454,0.037724568448808116,-0.22253045215262324,0.16952542038127258,0.07259168192394716,-0.1418785394577986,0.5116466676451752,-0.20240674688662252,5,"{""2011"": 0.0, ""2012"": 0.0692, ""2013"": 0.2929, ""2014"": 0.1115, ""2015"": -0.0254, ""2016"": 0.1027, ""2017"": 0.2475, ""2018"": -0.0389, ""2019"": 0.1716, ""2020"": -0.0352, ""2021"": 0.2853, ""2022"": -0.2024, ""2023"": -0.0419, ""2024"": 0.2248, ""2025"": 0.0711, ""2026"": 0.0213}",0.20081584286703574,0.42908653846153844
dist_hh60,False,10,0.02,1.0,779,0.07900540536344924,-0.33762363339325674,0.2340043692125825,-0.3396151894769923,0.08336788885700175,-0.18122961109168068,0.4600125131583905,0.04552917255413225,-0.2281604546174617,0.19954892108918415,0.11976312221969887,-0.14485842379611458,0.8267598050650001,-0.19093127641341978,4,"{""2011"": 0.0, ""2012"": 0.0677, ""2013"": 0.2527, ""2014"": 0.1394, ""2015"": -0.0968, ""2016"": 0.0467, ""2017"": 0.2446, ""2018"": -0.0238, ""2019"": 0.0837, ""2020"": 0.062, ""2021"": 0.2824, ""2022"": -0.1909, ""2023"": 0.0086, ""2024"": 0.361, ""2025"": 0.0938, ""2026"": -0.0033}",0.22136240457849857,0.4338896020539153
dist_hh60,False,10,0.05,1.0,779,0.07900540536344924,-0.33762363339325674,0.2340043692125825,-0.3396151894769923,0.08336788885700175,-0.18122961109168068,0.4600125131583905,0.04552917255413225,-0.2281604546174617,0.19954892108918415,0.11976312221969887,-0.14485842379611458,0.8267598050650001,-0.19093127641341978,4,"{""2011"": 0.0, ""2012"": 0.0677, ""2013"": 0.2527, ""2014"": 0.1394, ""2015"": -0.0968, ""2016"": 0.0467, ""2017"": 0.2446, ""2018"": -0.0238, ""2019"": 0.0837, ""2020"": 0.062, ""2021"": 0.2824, ""2022"": -0.1909, ""2023"": 0.0086, ""2024"": 0.361, ""2025"": 0.0938, ""2026"": -0.0033}",0.22136240457849857,0.4338896020539153
dist_hh60,False,15,0.005,1.0,1214,0.07051295165013838,-0.2786209282318962,0.2530784463952774,-0.28099301117612363,0.0800471303792809,-0.1650584457922527,0.4849623416424902,0.032648203295901235,-0.19751356135600018,0.16529600839435946,0.105102047377853,-0.1101562300669513,0.9541180495553775,-0.1850507491949236,3,"{""2011"": 0.0, ""2012"": 0.0954, ""2013"": 0.2325, ""2014"": 0.1113, ""2015"": -0.0214, ""2016"": 0.0639, ""2017"": 0.2324, ""2018"": -0.1099, ""2019"": 0.0832, ""2020"": 0.029, ""2021"": 0.2503, ""2022"": -0.1851, ""2023"": 0.065, ""2024"": 0.1952, ""2025"": 0.096, ""2026"": 0.0236}",0.2223148398410884,0.4357495881383855
dist_hh60,False,15,0.01,1.0,1169,0.07401102734801324,-0.2818702364131286,0.2625712749590827,-0.28495531035750477,0.07494469277312543,-0.17895948753380486,0.4187802156002968,0.045174456395510765,-0.19687455836157575,0.22945807102482124,0.11576543165642805,-0.12193158586430708,0.9494293938344975,-0.16459739508128168,3,"{""2011"": 0.0, ""2012"": 0.0889, ""2013"": 0.2767, ""2014"": 0.0982, ""2015"": -0.0657, ""2016"": 0.0565, ""2017"": 0.2543, ""2018"": -0.123, ""2019"": 0.1199, ""2020"": 0.0454, ""2021"": 0.218, ""2022"": -0.1646, ""2023"": 0.0614, ""2024"": 0.3136, ""2025"": 0.0238, ""2026"": 0.0352}",0.20029076309470434,0.42857142857142855
dist_hh60,False,15,0.02,1.0,1173,0.07906996189745641,-0.2818702364131289,0.2805190179127884,-0.2849553103575052,0.07750168877831398,-0.17596098625180334,0.44044813813107225,0.045174247159500025,-0.19687455833758594,0.22945700826431095,0.1327540852955562,-0.13443673439094994,0.9874837104380974,-0.16459739508128168,3,"{""2011"": 0.0, ""2012"": 0.0889, ""2013"": 0.2767, ""2014"": 0.1423, ""2015"": -0.0468, ""2016"": 0.0611, ""2017"": 0.1787, ""2018"": -0.1098, ""2019"": 0.1199, ""2020"": 0.0454, ""2021"": 0.218, ""2022"": -0.1646, ""2023"": 0.0614, ""2024"": 0.3051, ""2025"": 0.0586, ""2026"": 0.0634}",0.20670039658241754,0.4296675191815857
dist_hh60,False,15,0.05,1.0,1173,0.07906996189745641,-0.2818702364131289,0.2805190179127884,-0.2849553103575052,0.07750168877831398,-0.17596098625180334,0.44044813813107225,0.045174247159500025,-0.19687455833758594,0.22945700826431095,0.1327540852955562,-0.13443673439094994,0.9874837104380974,-0.16459739508128168,3,"{""2011"": 0.0, ""2012"": 0.0889, ""2013"": 0.2767, ""2014"": 0.1423, ""2015"": -0.0468, ""2016"": 0.0611, ""2017"": 0.1787, ""2018"": -0.1098, ""2019"": 0.1199, ""2020"": 0.0454, ""2021"": 0.218, ""2022"": -0.1646, ""2023"": 0.0614, ""2024"": 0.3051, ""2025"": 0.0586, ""2026"": 0.0634}",0.20670039658241754,0.4296675191815857
dist_hh60,False,20,0.005,1.0,1573,0.07427549499976815,-0.2891832661039906,0.2568457573650151,-0.2895983653547516,0.08284443163495081,-0.18166625285584181,0.45602543308189775,0.00831472767809216,-0.21364112801955504,0.0389191339475192,0.14667646138955392,-0.1249122039559113,1.1742364376288204,-0.1951899836734151,4,"{""2011"": 0.0, ""2012"": 0.0814, ""2013"": 0.3394, ""2014"": 0.109, ""2015"": -0.0616, ""2016"": 0.0485, ""2017"": 0.2191, ""2018"": -0.0945, ""2019"": 0.1158, ""2020"": -0.0565, ""2021"": 0.2163, ""2022"": -0.1952, ""2023"": 0.0352, ""2024"": 0.3292, ""2025"": 0.1001, ""2026"": 0.0761}",0.21100954998707772,0.43102352193261284
dist_hh60,False,20,0.01,1.0,1577,0.07331392216010424,-0.3265153826922166,0.22453435901123284,-0.3257706632456403,0.08489459394730381,-0.18356964711000534,0.46246531103494554,8.810260527480906e-05,-0.24212904994177986,0.00036386631548751964,0.14847122583724315,-0.11895579297071779,1.2481210215108305,-0.22322902782855258,3,"{""2011"": 0.0, ""2012"": 0.0926, ""2013"": 0.3266, ""2014"": 0.1017, ""2015"": -0.0751, ""2016"": 0.062, ""2017"": 0.3066, ""2018"": -0.1374, ""2019"": 0.0901, ""2020"": 0.0004, ""2021"": 0.1779, ""2022"": -0.2232, ""2023"": 0.0347, ""2024"": 0.315, ""2025"": 0.128, ""2026"": 0.0672}",0.20799506473535134,0.43119847812301837
dist_hh60,False,20,0.02,1.0,1577,0.07331392216010424,-0.3265153826922166,0.22453435901123284,-0.3257706632456403,0.08489459394730381,-0.18356964711000534,0.46246531103494554,8.810260527480906e-05,-0.24212904994177986,0.00036386631548751964,0.14847122583724315,-0.11895579297071779,1.2481210215108305,-0.22322902782855258,3,"{""2011"": 0.0, ""2012"": 0.0926, ""2013"": 0.3266, ""2014"": 0.1017, ""2015"": -0.0751, ""2016"": 0.062, ""2017"": 0.3066, ""2018"": -0.1374, ""2019"": 0.0901, ""2020"": 0.0004, ""2021"": 0.1779, ""2022"": -0.2232, ""2023"": 0.0347, ""2024"": 0.315, ""2025"": 0.128, ""2026"": 0.0672}",0.20799506473535134,0.43119847812301837
dist_hh60,False,20,0.05,1.0,1577,0.07331392216010424,-0.3265153826922166,0.22453435901123284,-0.3257706632456403,0.08489459394730381,-0.18356964711000534,0.46246531103494554,8.810260527480906e-05,-0.24212904994177986,0.00036386631548751964,0.14847122583724315,-0.11895579297071779,1.2481210215108305,-0.22322902782855258,3,"{""2011"": 0.0, ""2012"": 0.0926, ""2013"": 0.3266, ""2014"": 0.1017, ""2015"": -0.0751, ""2016"": 0.062, ""2017"": 0.3066, ""2018"": -0.1374, ""2019"": 0.0901, ""2020"": 0.0004, ""2021"": 0.1779, ""2022"": -0.2232, ""2023"": 0.0347, ""2024"": 0.315, ""2025"": 0.128, ""2026"": 0.0672}",0.20799506473535134,0.43119847812301837
dist_hh60,False,30,0.005,1.0,2365,0.07556036607321603,-0.2493907007519025,0.30297988595967973,-0.24945605206630317,0.08351527499950295,-0.17338101704611253,0.4816863831020854,0.030848622441727702,-0.2001313160056779,0.15414190571181025,0.12295128243149844,-0.13125813277735077,0.9367136331282193,-0.14283490509730046,3,"{""2011"": 0.0, ""2012"": 0.0611, ""2013"": 0.3525, ""2014"": 0.077, ""2015"": -0.0475, ""2016"": 0.0329, ""2017"": 0.2623, ""2018"": -0.0872, ""2019"": 0.0864, ""2020"": 0.0224, ""2021"": 0.1831, ""2022"": -0.1428, ""2023"": 0.0222, ""2024"": 0.271, ""2025"": 0.0901, ""2026"": 0.0667}",0.21791821645852055,0.4325581395348837
dist_hh60,False,30,0.01,1.0,2363,0.07874065899607974,-0.24939070075190184,0.3157321373999919,-0.2494560520663025,0.08352793260810998,-0.17338101693674657,0.48175938798757256,0.030848622441729034,-0.20013131600567768,0.15414190571181707,0.13696187177765617,-0.11776759819262284,1.1629843342278139,-0.14283490509730057,3,"{""2011"": 0.0, ""2012"": 0.0611, ""2013"": 0.3525, ""2014"": 0.077, ""2015"": -0.0475, ""2016"": 0.033, ""2017"": 0.2623, ""2018"": -0.0872, ""2019"": 0.0864, ""2020"": 0.0224, ""2021"": 0.1831, ""2022"": -0.1428, ""2023"": 0.0222, ""2024"": 0.271, ""2025"": 0.1022, ""2026"": 0.1026}",0.22438027532302182,0.43504020313161235
dist_hh60,False,30,0.02,1.0,2363,0.07874065899607974,-0.24939070075190184,0.3157321373999919,-0.2494560520663025,0.08352793260810998,-0.17338101693674657,0.48175938798757256,0.030848622441729034,-0.20013131600567768,0.15414190571181707,0.13696187177765617,-0.11776759819262284,1.1629843342278139,-0.14283490509730057,3,"{""2011"": 0.0, ""2012"": 0.0611, ""2013"": 0.3525, ""2014"": 0.077, ""2015"": -0.0475, ""2016"": 0.033, ""2017"": 0.2623, ""2018"": -0.0872, ""2019"": 0.0864, ""2020"": 0.0224, ""2021"": 0.1831, ""2022"": -0.1428, ""2023"": 0.0222, ""2024"": 0.271, ""2025"": 0.1022, ""2026"": 0.1026}",0.22438027532302182,0.43504020313161235
dist_hh60,False,30,0.05,1.0,2363,0.07874065899607974,-0.24939070075190184,0.3157321373999919,-0.2494560520663025,0.08352793260810998,-0.17338101693674657,0.48175938798757256,0.030848622441729034,-0.20013131600567768,0.15414190571181707,0.13696187177765617,-0.11776759819262284,1.1629843342278139,-0.14283490509730057,3,"{""2011"": 0.0, ""2012"": 0.0611, ""2013"": 0.3525, ""2014"": 0.077, ""2015"": -0.0475, ""2016"": 0.033, ""2017"": 0.2623, ""2018"": -0.0872, ""2019"": 0.0864, ""2020"": 0.0224, ""2021"": 0.1831, ""2022"": -0.1428, ""2023"": 0.0222, ""2024"": 0.271, ""2025"": 0.1022, ""2026"": 0.1026}",0.22438027532302182,0.43504020313161235
dist_hh60,True,5,0.005,1.0,361,0.01809193073015236,-0.12113646469294681,0.14935164878726864,-0.1212558867729262,0.016713652290571535,-0.09832267577529774,0.16998776893306047,0.009287875139447399,-0.07460556232758764,0.12449306525785583,0.0332985218470101,-0.06824571237694943,0.4879210823251214,-0.07093329583100216,4,"{""2011"": 0.0, ""2012"": 0.0263, ""2013"": 0.1126, ""2014"": -0.0361, ""2015"": 0.0127, ""2016"": 0.0679, ""2017"": 0.0155, ""2018"": -0.0709, ""2019"": 0.0373, ""2020"": 0.0061, ""2021"": 0.0057, ""2022"": -0.012, ""2023"": -0.0067, ""2024"": 0.065, ""2025"": 0.019, ""2026"": 0.0426}",0.16014316948052024,0.407202216066482
dist_hh60,True,5,0.01,1.0,361,0.033973513305369574,-0.23997554655894937,0.14157072998695752,-0.24030735154405802,0.03151888706763706,-0.19056481122682578,0.16539720457687598,0.016710057000295597,-0.14539145492368144,0.11493149311331263,0.06344351202297371,-0.13555906353855085,0.46801379684163563,-0.139449625200337,4,"{""2011"": 0.0, ""2012"": 0.0524, ""2013"": 0.2326, ""2014"": -0.07, ""2015"": 0.0251, ""2016"": 0.1345, ""2017"": 0.029, ""2018"": -0.1394, ""2019"": 0.0739, ""2020"": 0.0087, ""2021"": 0.0089, ""2022"": -0.0237, ""2023"": -0.0196, ""2024"": 0.1326, ""2025"": 0.0341, ""2026"": 0.0845}",0.16014316948052024,0.407202216066482
dist_hh60,True,5,0.02,1.0,351,0.040887297256761324,-0.45795070275603245,0.08928318487272531,-0.45925158088839324,0.01828966736753057,-0.3590916787809978,0.05093314172474891,0.02280237965597509,-0.2614632717716957,0.0872106414849947,0.11471702305143228,-0.25006507857222715,0.45874867337103276,-0.30479363185677744,6,"{""2011"": 0.0, ""2012"": 0.1078, ""2013"": 0.3768, ""2014"": -0.1348, ""2015"": -0.0558, ""2016"": 0.2064, ""2017"": 0.0861, ""2018"": -0.3048, ""2019"": 0.1111, ""2020"": 0.0217, ""2021"": -0.0004, ""2022"": -0.0385, ""2023"": -0.0488, ""2024"": 0.2713, ""2025"": 0.0439, ""2026"": 0.1666}",0.14516374865642664,0.4017094017094017
dist_hh60,True,5,0.05,1.0,334,0.013943448124335456,-0.6315936333088406,0.022076612855147802,-0.6331626999772166,0.008198789858217204,-0.4793313943399625,0.01710463774129985,0.01643587469198926,-0.3188710221839025,0.051543958367311904,0.024641044500137044,-0.3619595900321435,0.06807678309600478,-0.4242374703282411,5,"{""2011"": 0.0, ""2012"": 0.0693, ""2013"": 0.5193, ""2014"": -0.1991, ""2015"": -0.0811, ""2016"": 0.2763, ""2017"": 0.2052, ""2018"": -0.4242, ""2019"": 0.0358, ""2020"": 0.1153, ""2021"": 0.0825, ""2022"": -0.1476, ""2023"": -0.2885, ""2024"": 0.2598, ""2025"": 0.1561, ""2026"": 0.0524}",0.06620927512162829,0.3772455089820359
dist_hh60,True,10,0.005,1.0,730,0.0216521585511813,-0.24271090592698852,0.08920966475933566,-0.2444614920473519,0.0178190827734086,-0.18573451322083778,0.0959384578795098,0.009727501802297978,-0.1567266153276673,0.06206668715432126,0.045851680480055945,-0.11822086186657466,0.3878476248278806,-0.13040793144966867,5,"{""2011"": 0.0, ""2012"": 0.0503, ""2013"": 0.189, ""2014"": -0.0243, ""2015"": -0.0168, ""2016"": 0.0634, ""2017"": 0.0214, ""2018"": -0.1304, ""2019"": 0.0843, ""2020"": 0.0089, ""2021"": 0.0836, ""2022"": -0.1237, ""2023"": -0.0708, ""2024"": 0.1188, ""2025"": 0.0494, ""2026"": 0.0754}",0.10647883281408789,0.38904109589041097
dist_hh60,True,10,0.01,1.0,722,0.02455455901183945,-0.444284779226919,0.05526761248622064,-0.4444103494559831,0.007792779952068285,-0.32723798306814855,0.0238138002166008,0.004271610449645635,-0.2974806723363054,0.014359287331502766,0.08596654258329117,-0.2245327501770229,0.38286861277704326,-0.24158079242072727,5,"{""2011"": 0.0, ""2012"": 0.0948, ""2013"": 0.283, ""2014"": -0.0561, ""2015"": -0.0518, ""2016"": 0.0718, ""2017"": 0.0332, ""2018"": -0.2416, ""2019"": 0.1296, ""2020"": 0.0233, ""2021"": 0.1447, ""2022"": -0.2324, ""2023"": -0.1411, ""2024"": 0.2563, ""2025"": 0.0804, ""2026"": 0.151}",0.09800918626387432,0.3864265927977839
dist_hh60,True,10,0.02,1.0,690,0.029936013784682247,-0.4517513444076665,0.06626657375847804,-0.4477175973809897,0.016948368656145796,-0.33166545969598904,0.05110079497479478,0.04572988342356932,-0.31051464723493727,0.14727126024741052,0.0427929345410194,-0.25432626216959753,0.16825999083210258,-0.2557584177186858,5,"{""2011"": 0.0, ""2012"": 0.1863, ""2013"": 0.3177, ""2014"": -0.0851, ""2015"": -0.1692, ""2016"": 0.1335, ""2017"": 0.1222, ""2018"": -0.2558, ""2019"": 0.2105, ""2020"": 0.0652, ""2021"": 0.0935, ""2022"": -0.1547, ""2023"": -0.1498, ""2024"": 0.2073, ""2025"": 0.0193, ""2026"": 0.1097}",0.11398153030391753,0.391304347826087
dist_hh60,True,10,0.05,1.0,690,0.029936013784682247,-0.4517513444076665,0.06626657375847804,-0.4477175973809897,0.016948368656145796,-0.33166545969598904,0.05110079497479478,0.04572988342356932,-0.31051464723493727,0.14727126024741052,0.0427929345410194,-0.25432626216959753,0.16825999083210258,-0.2557584177186858,5,"{""2011"": 0.0, ""2012"": 0.1863, ""2013"": 0.3177, ""2014"": -0.0851, ""2015"": -0.1692, ""2016"": 0.1335, ""2017"": 0.1222, ""2018"": -0.2558, ""2019"": 0.2105, ""2020"": 0.0652, ""2021"": 0.0935, ""2022"": -0.1547, ""2023"": -0.1498, ""2024"": 0.2073, ""2025"": 0.0193, ""2026"": 0.1097}",0.11398153030391753,0.391304347826087
dist_hh60,True,15,0.005,1.0,1074,0.0324675811976598,-0.30625229397074194,0.106015797552725,-0.30447538520831907,0.03336358425094943,-0.20486332583856792,0.1628577692682774,0.01650863053445062,-0.20878861464845655,0.07906863390155004,0.0537823698659845,-0.15066436759084645,0.3569680789557307,-0.12468787726741704,7,"{""2011"": 0.0, ""2012"": 0.1003, ""2013"": 0.3123, ""2014"": -0.0484, ""2015"": -0.0396, ""2016"": 0.0336, ""2017"": 0.0531, ""2018"": -0.1243, ""2019"": 0.1427, ""2020"": -0.0339, ""2021"": 0.1022, ""2022"": -0.1247, ""2023"": -0.0659, ""2024"": 0.1969, ""2025"": -0.0346, ""2026"": 0.1168}",0.11771259596941007,0.3919925512104283
dist_hh60,True,15,0.01,1.0,998,0.05328604305265361,-0.40399925891465993,0.13189638811666646,-0.3991594338046923,0.06407376742699133,-0.26281038645193255,0.24380226478876355,0.022383448103739267,-0.3135090219178477,0.07139650389265242,0.07505974938473559,-0.23706975011326303,0.3166146222741402,-0.17580353663254278,6,"{""2011"": 0.0, ""2012"": 0.1591, ""2013"": 0.4192, ""2014"": 0.0248, ""2015"": -0.0554, ""2016"": 0.0394, ""2017"": 0.0847, ""2018"": -0.14, ""2019"": 0.1332, ""2020"": -0.0055, ""2021"": 0.1738, ""2022"": -0.1758, ""2023"": -0.0671, ""2024"": 0.2611, ""2025"": -0.0457, ""2026"": 0.1528}",0.15088526936800764,0.40380761523046094
dist_hh60,True,15,0.02,1.0,1026,0.05293262366395002,-0.38837898014031713,0.13629116499771957,-0.3816408171918251,0.05011491254300049,-0.28273504880610145,0.1772504426126847,0.02238598779491685,-0.31358313694065365,0.07138772834954277,0.10171120526378741,-0.23286801453391615,0.43677619473572504,-0.17580359097469445,6,"{""2011"": 0.0, ""2012"": 0.1591, ""2013"": 0.4137, ""2014"": -0.0436, ""2015"": -0.0736, ""2016"": 0.0395, ""2017"": 0.0847, ""2018"": -0.14, ""2019"": 0.133, ""2020"": -0.0054, ""2021"": 0.1738, ""2022"": -0.1758, ""2023"": -0.0346, ""2024"": 0.3122, ""2025"": 0.0398, ""2026"": 0.0722}",0.14863610889563916,0.4015594541910331
dist_hh60,True,15,0.05,1.0,1026,0.05293262366395002,-0.38837898014031713,0.13629116499771957,-0.3816408171918251,0.05011491254300049,-0.28273504880610145,0.1772504426126847,0.02238598779491685,-0.31358313694065365,0.07138772834954277,0.10171120526378741,-0.23286801453391615,0.43677619473572504,-0.17580359097469445,6,"{""2011"": 0.0, ""2012"": 0.1591, ""2013"": 0.4137, ""2014"": -0.0436, ""2015"": -0.0736, ""2016"": 0.0395, ""2017"": 0.0847, ""2018"": -0.14, ""2019"": 0.133, ""2020"": -0.0054, ""2021"": 0.1738, ""2022"": -0.1758, ""2023"": -0.0346, ""2024"": 0.3122, ""2025"": 0.0398, ""2026"": 0.0722}",0.14863610889563916,0.4015594541910331
dist_hh60,True,20,0.005,1.0,1387,0.04650825970083439,-0.3424353998243622,0.13581615605363476,-0.33981541491962597,0.039933846434998976,-0.24546574379091546,0.16268602623840706,0.04546513866411317,-0.22324381015600558,0.20365688362128184,0.06807512120002324,-0.21677660929723996,0.3140335178260858,-0.15405760886692366,6,"{""2011"": 0.0, ""2012"": 0.1154, ""2013"": 0.4176, ""2014"": -0.0724, ""2015"": -0.0603, ""2016"": 0.0404, ""2017"": 0.064, ""2018"": -0.1383, ""2019"": 0.1619, ""2020"": 0.0316, ""2021"": 0.1727, ""2022"": -0.1541, ""2023"": -0.0552, ""2024"": 0.244, ""2025"": -0.0665, ""2026"": 0.1525}",0.14509234155730105,0.4023071377072819
dist_hh60,True,20,0.01,1.0,1359,0.03972137931388198,-0.37926594591466056,0.10473225909615352,-0.3753215325175032,0.043300092910797616,-0.2833012460265062,0.15284116649012683,0.04259035818842127,-0.269973266602762,0.1577576873605364,0.035561567224070556,-0.2721334505792523,0.13067694231773286,-0.1730751404691192,6,"{""2011"": 0.0, ""2012"": 0.1314, ""2013"": 0.3978, ""2014"": -0.076, ""2015"": -0.0947, ""2016"": 0.033, ""2017"": 0.1541, ""2018"": -0.1472, ""2019"": 0.1322, ""2020"": 0.0541, ""2021"": 0.1929, ""2022"": -0.1731, ""2023"": -0.08, ""2024"": 0.3046, ""2025"": -0.1279, ""2026"": 0.0821}",0.14135757515761657,0.40029433406916853
dist_hh60,True,20,0.02,1.0,1359,0.03972137931388198,-0.37926594591466056,0.10473225909615352,-0.3753215325175032,0.043300092910797616,-0.2833012460265062,0.15284116649012683,0.04259035818842127,-0.269973266602762,0.1577576873605364,0.035561567224070556,-0.2721334505792523,0.13067694231773286,-0.1730751404691192,6,"{""2011"": 0.0, ""2012"": 0.1314, ""2013"": 0.3978, ""2014"": -0.076, ""2015"": -0.0947, ""2016"": 0.033, ""2017"": 0.1541, ""2018"": -0.1472, ""2019"": 0.1322, ""2020"": 0.0541, ""2021"": 0.1929, ""2022"": -0.1731, ""2023"": -0.08, ""2024"": 0.3046, ""2025"": -0.1279, ""2026"": 0.0821}",0.14135757515761657,0.40029433406916853
dist_hh60,True,20,0.05,1.0,1359,0.03972137931388198,-0.37926594591466056,0.10473225909615352,-0.3753215325175032,0.043300092910797616,-0.2833012460265062,0.15284116649012683,0.04259035818842127,-0.269973266602762,0.1577576873605364,0.035561567224070556,-0.2721334505792523,0.13067694231773286,-0.1730751404691192,6,"{""2011"": 0.0, ""2012"": 0.1314, ""2013"": 0.3978, ""2014"": -0.076, ""2015"": -0.0947, ""2016"": 0.033, ""2017"": 0.1541, ""2018"": -0.1472, ""2019"": 0.1322, ""2020"": 0.0541, ""2021"": 0.1929, ""2022"": -0.1731, ""2023"": -0.08, ""2024"": 0.3046, ""2025"": -0.1279, ""2026"": 0.0821}",0.14135757515761657,0.40029433406916853
dist_hh60,True,30,0.005,1.0,2026,0.04294215038468652,-0.40439324234478613,0.10618908994545956,-0.4004754394017265,0.052383052847100986,-0.2759649571190361,0.18981777032112745,-0.005888206891561887,-0.3171903586475454,-0.01856363767381948,0.0876467633268403,-0.23620194592595933,0.3710670671371791,-0.2171690965074049,7,"{""2011"": 0.0, ""2012"": 0.0577, ""2013"": 0.4399, ""2014"": -0.015, ""2015"": -0.1, ""2016"": 0.0671, ""2017"": 0.1615, ""2018"": -0.1461, ""2019"": 0.1382, ""2020"": -0.012, ""2021"": 0.1069, ""2022"": -0.2172, ""2023"": -0.0197, ""2024"": 0.3182, ""2025"": -0.0688, ""2026"": 0.1211}",0.14317234714493565,0.40078973346495556
dist_hh60,True,30,0.01,1.0,2040,0.03490024245350054,-0.4228447819829946,0.08253676985164762,-0.4195721210882829,0.05235940939267114,-0.2759652564512478,0.18973188895581494,-0.012802003887918634,-0.3288366092582746,-0.038931200260198806,0.061101849104230554,-0.22991495533032213,0.26575848020171045,-0.22642174991458797,7,"{""2011"": 0.0, ""2012"": 0.0577, ""2013"": 0.4399, ""2014"": -0.015, ""2015"": -0.1, ""2016"": 0.0669, ""2017"": 0.1616, ""2018"": -0.1461, ""2019"": 0.1381, ""2020"": -0.012, ""2021"": 0.0894, ""2022"": -0.2264, ""2023"": -0.0211, ""2024"": 0.2356, ""2025"": -0.0659, ""2026"": 0.0934}",0.12655252896956576,0.39509803921568626
dist_hh60,True,30,0.02,1.0,2040,0.03490024245350054,-0.4228447819829946,0.08253676985164762,-0.4195721210882829,0.05235940939267114,-0.2759652564512478,0.18973188895581494,-0.012802003887918634,-0.3288366092582746,-0.038931200260198806,0.061101849104230554,-0.22991495533032213,0.26575848020171045,-0.22642174991458797,7,"{""2011"": 0.0, ""2012"": 0.0577, ""2013"": 0.4399, ""2014"": -0.015, ""2015"": -0.1, ""2016"": 0.0669, ""2017"": 0.1616, ""2018"": -0.1461, ""2019"": 0.1381, ""2020"": -0.012, ""2021"": 0.0894, ""2022"": -0.2264, ""2023"": -0.0211, ""2024"": 0.2356, ""2025"": -0.0659, ""2026"": 0.0934}",0.12655252896956576,0.39509803921568626
dist_hh60,True,30,0.05,1.0,2040,0.03490024245350054,-0.4228447819829946,0.08253676985164762,-0.4195721210882829,0.05235940939267114,-0.2759652564512478,0.18973188895581494,-0.012802003887918634,-0.3288366092582746,-0.038931200260198806,0.061101849104230554,-0.22991495533032213,0.26575848020171045,-0.22642174991458797,7,"{""2011"": 0.0, ""2012"": 0.0577, ""2013"": 0.4399, ""2014"": -0.015, ""2015"": -0.1, ""2016"": 0.0669, ""2017"": 0.1616, ""2018"": -0.1461, ""2019"": 0.1381, ""2020"": -0.012, ""2021"": 0.0894, ""2022"": -0.2264, ""2023"": -0.0211, ""2024"": 0.2356, ""2025"": -0.0659, ""2026"": 0.0934}",0.12655252896956576,0.39509803921568626
dist_ema20,False,5,0.005,1.0,441,0.017206840156547942,-0.16279981703149649,0.10569324014178084,-0.16272211316121343,0.02934541624535969,-0.09322111035381986,0.3147936785346091,-0.004160190613965886,-0.08041063591183706,-0.051736820220239975,0.020227160554383783,-0.08801287784537981,0.22982046547686655,-0.05346473368005733,5,"{""2011"": 0.0, ""2012"": 0.0226, ""2013"": 0.119, ""2014"": -0.0068, ""2015"": 0.0023, ""2016"": 0.028, ""2017"": 0.0469, ""2018"": -0.0015, ""2019"": 0.0428, ""2020"": -0.0202, ""2021"": 0.0169, ""2022"": -0.0535, ""2023"": -0.0213, ""2024"": 0.0574, ""2025"": 0.0044, ""2026"": 0.0321}",0.12928730985120673,0.4036281179138322
dist_ema20,False,5,0.01,1.0,442,0.040301707732042,-0.2621116550642937,0.1537577858647924,-0.2606929980679368,0.0739785219501774,-0.1756690227304527,0.4211244578031857,-0.009623107602834025,-0.15331938866966222,-0.0627651054855672,0.03842769558468717,-0.16943392440373828,0.22680048119005458,-0.10489165502307907,5,"{""2011"": 0.0, ""2012"": 0.0526, ""2013"": 0.248, ""2014"": -0.0198, ""2015"": 0.0002, ""2016"": 0.0782, ""2017"": 0.212, ""2018"": -0.0213, ""2019"": 0.081, ""2020"": -0.0389, ""2021"": 0.0346, ""2022"": -0.1049, ""2023"": -0.0469, ""2024"": 0.1171, ""2025"": 0.0034, ""2026"": 0.0682}",0.1606285350855024,0.41402714932126694
dist_ema20,False,5,0.02,1.0,399,0.023715249229809388,-0.577000585814126,0.04110091014266141,-0.5778434874654631,0.04694518268973824,-0.30901652519448,0.1519180330572717,-0.04254452461220315,-0.2540066888261785,-0.1674937176214173,0.060292105306195554,-0.27526183998030307,0.21903546568790602,-0.19475150473581582,6,"{""2011"": 0.0, ""2012"": 0.1129, ""2013"": 0.2661, ""2014"": 0.0437, ""2015"": -0.0274, ""2016"": 0.0084, ""2017"": 0.1867, ""2018"": -0.1948, ""2019"": -0.0061, ""2020"": -0.0186, ""2021"": 0.0312, ""2022"": -0.1642, ""2023"": -0.1546, ""2024"": 0.1613, ""2025"": 0.11, ""2026"": 0.1256}",0.09073838489636163,0.39097744360902253
dist_ema20,False,5,0.05,1.0,404,0.02461915250879687,-0.5265652388198738,0.04675423042351364,-0.5242992501052779,0.07458662004418382,-0.23520548057793955,0.31711259389412144,-0.01666486234305553,-0.27056942726676914,-0.06159181586552547,-0.01885729425670557,-0.3421384131676658,-0.055115980933320416,-0.2196560382140349,6,"{""2011"": 0.0, ""2012"": 0.0912, ""2013"": 0.3962, ""2014"": 0.1042, ""2015"": -0.094, ""2016"": 0.0425, ""2017"": 0.1282, ""2018"": -0.0776, ""2019"": 0.0411, ""2020"": -0.0374, ""2021"": 0.0117, ""2022"": -0.0778, ""2023"": -0.2197, ""2024"": 0.1045, ""2025"": -0.0748, ""2026"": 0.1679}",0.11104468369316543,0.39851485148514854
dist_ema20,False,10,0.005,1.0,812,0.03225982112696468,-0.19362096051503608,0.16661326873471155,-0.1950828015032745,0.04168702821965509,-0.1673806474197973,0.24905524540780613,0.00838638416370907,-0.13835273919094226,0.06061596042659424,0.045439894367006683,-0.13360249704808935,0.34011261294503264,-0.1051800890176009,6,"{""2011"": 0.0, ""2012"": 0.0841, ""2013"": 0.2569, ""2014"": -0.0509, ""2015"": -0.0479, ""2016"": 0.0616, ""2017"": 0.1079, ""2018"": -0.0812, ""2019"": 0.0834, ""2020"": 0.0023, ""2021"": 0.064, ""2022"": -0.1052, ""2023"": -0.0041, ""2024"": 0.1611, ""2025"": -0.0279, ""2026"": 0.0411}",0.13191027981414044,0.4039408866995074
dist_ema20,False,10,0.01,1.0,786,0.03977434012261449,-0.3105773037732358,0.1280658297930722,-0.30982715476211053,0.05952554053898784,-0.3105773037732358,0.19166094822707871,0.012458783283232577,-0.2195913806395895,0.056736212719027,0.0381735423589471,-0.2411113647033667,0.15832328105276605,-0.15641917064150834,6,"{""2011"": 0.0, ""2012"": 0.1278, ""2013"": 0.4148, ""2014"": -0.0821, ""2015"": -0.1071, ""2016"": 0.0885, ""2017"": 0.2058, ""2018"": -0.1271, ""2019"": 0.1307, ""2020"": 0.0021, ""2021"": 0.0991, ""2022"": -0.1564, ""2023"": -0.0318, ""2024"": 0.185, ""2025"": -0.0706, ""2026"": 0.0693}",0.1348277424978634,0.4033078880407125
dist_ema20,False,10,0.02,1.0,777,0.026518951150011905,-0.4024608906592224,0.0658919953851278,-0.4020761518118233,0.0446735921636765,-0.2842610386655613,0.15715693002949963,0.03285084678339789,-0.24419222401931573,0.13452863585369276,-0.01099766513175049,-0.23642164544294497,-0.04651716686577468,-0.19316322335555314,5,"{""2011"": 0.0, ""2012"": 0.1225, ""2013"": 0.3299, ""2014"": -0.0844, ""2015"": -0.0984, ""2016"": 0.0569, ""2017"": 0.2365, ""2018"": -0.1572, ""2019"": 0.1549, ""2020"": 0.0996, ""2021"": 0.1104, ""2022"": -0.1932, ""2023"": -0.1629, ""2024"": 0.0685, ""2025"": 0.0347, ""2026"": 0.036}",0.09998626565070601,0.3938223938223938
dist_ema20,False,10,0.05,1.0,777,0.026518951150011905,-0.4024608906592224,0.0658919953851278,-0.4020761518118233,0.0446735921636765,-0.2842610386655613,0.15715693002949963,0.03285084678339789,-0.24419222401931573,0.13452863585369276,-0.01099766513175049,-0.23642164544294497,-0.04651716686577468,-0.19316322335555314,5,"{""2011"": 0.0, ""2012"": 0.1225, ""2013"": 0.3299, ""2014"": -0.0844, ""2015"": -0.0984, ""2016"": 0.0569, ""2017"": 0.2365, ""2018"": -0.1572, ""2019"": 0.1549, ""2020"": 0.0996, ""2021"": 0.1104, ""2022"": -0.1932, ""2023"": -0.1629, ""2024"": 0.0685, ""2025"": 0.0347, ""2026"": 0.036}",0.09998626565070601,0.3938223938223938
dist_ema20,False,15,0.005,1.0,1198,0.03667489876372576,-0.26838723541506526,0.13664919163166395,-0.27035541794901263,0.03858268496781725,-0.22124899185884106,0.17438581140488707,0.023179784736132136,-0.18873958540636815,0.12281358299174287,0.053882217354978,-0.16987586792799325,0.317185825227498,-0.14399653219964537,5,"{""2011"": 0.0, ""2012"": 0.0973, ""2013"": 0.3618, ""2014"": -0.0624, ""2015"": -0.0694, ""2016"": 0.0945, ""2017"": 0.0666, ""2018"": -0.144, ""2019"": 0.125, ""2020"": 0.0024, ""2021"": 0.1085, ""2022"": -0.1251, ""2023"": -0.0472, ""2024"": 0.1872, ""2025"": 0.0161, ""2026"": 0.0478}",0.1179123434660869,0.3989983305509182
dist_ema20,False,15,0.01,1.0,1128,0.037317504702166326,-0.3244846100474915,0.11500546881623921,-0.32648928005805977,0.051346797184728565,-0.25125926295989887,0.20435782776662664,0.03450640479799505,-0.2293622897162929,0.15044497873071183,0.019119921407672935,-0.21837210009770835,0.08755661276837985,-0.1401515136955851,5,"{""2011"": 0.0, ""2012"": 0.1105, ""2013"": 0.3948, ""2014"": -0.0203, ""2015"": -0.1099, ""2016"": 0.1113, ""2017"": 0.0998, ""2018"": -0.1402, ""2019"": 0.1237, ""2020"": 0.0418, ""2021"": 0.109, ""2022"": -0.1198, ""2023"": -0.1291, ""2024"": 0.1417, ""2025"": 0.0073, ""2026"": 0.0664}",0.12937221751753616,0.4033687943262411
dist_ema20,False,15,0.02,1.0,1127,0.04307869155182997,-0.3244846100474915,0.13276035355120536,-0.32648928005805977,0.0614347638074646,-0.25125926295989887,0.24450745848629518,0.032062472617971016,-0.22936228971629335,0.13978964309098182,0.025942469108577892,-0.2175238739564107,0.11926262913916505,-0.1290719985648079,5,"{""2011"": 0.0, ""2012"": 0.1105, ""2013"": 0.3948, ""2014"": -0.0203, ""2015"": -0.1099, ""2016"": 0.0794, ""2017"": 0.1575, ""2018"": -0.1008, ""2019"": 0.1153, ""2020"": 0.0418, ""2021"": 0.109, ""2022"": -0.1198, ""2023"": -0.1291, ""2024"": 0.1417, ""2025"": 0.0314, ""2026"": 0.0665}",0.13986168103765326,0.40638864241348716
dist_ema20,False,15,0.05,1.0,1127,0.04307869155182997,-0.3244846100474915,0.13276035355120536,-0.32648928005805977,0.0614347638074646,-0.25125926295989887,0.24450745848629518,0.032062472617971016,-0.22936228971629335,0.13978964309098182,0.025942469108577892,-0.2175238739564107,0.11926262913916505,-0.1290719985648079,5,"{""2011"": 0.0, ""2012"": 0.1105, ""2013"": 0.3948, ""2014"": -0.0203, ""2015"": -0.1099, ""2016"": 0.0794, ""2017"": 0.1575, ""2018"": -0.1008, ""2019"": 0.1153, ""2020"": 0.0418, ""2021"": 0.109, ""2022"": -0.1198, ""2023"": -0.1291, ""2024"": 0.1417, ""2025"": 0.0314, ""2026"": 0.0665}",0.13986168103765326,0.40638864241348716
dist_ema20,False,20,0.005,1.0,1585,0.04759642689920218,-0.3165852472819717,0.15034316130596467,-0.3148216073018224,0.0457664015127206,-0.22118872253640587,0.206911098305149,0.010882452565283751,-0.216199010224564,0.0503353486862879,0.10128948171346375,-0.18396843090455095,0.5505807774488013,-0.16397046321987918,4,"{""2011"": 0.0, ""2012"": 0.086, ""2013"": 0.3907, ""2014"": 0.0115, ""2015"": -0.1099, ""2016"": 0.0551, ""2017"": 0.0875, ""2018"": -0.1235, ""2019"": 0.1189, ""2020"": 0.0304, ""2021"": 0.0817, ""2022"": -0.164, ""2023"": -0.029, ""2024"": 0.3099, ""2025"": 0.0361, ""2026"": 0.0691}",0.1309318116732503,0.40189274447949525
dist_ema20,False,20,0.01,1.0,1538,0.043727100124426155,-0.3603942727596482,0.1213312847332298,-0.3605339494531705,0.04892315181609708,-0.25582103841230786,0.1912397515064708,0.03956626940246233,-0.22361035188793166,0.17694292356505942,0.04467920539568504,-0.2062117536906548,0.21666662833734404,-0.17238816713369498,6,"{""2011"": 0.0, ""2012"": 0.1071, ""2013"": 0.3734, ""2014"": -0.004, ""2015"": -0.0857, ""2016"": 0.0734, ""2017"": 0.1353, ""2018"": -0.1724, ""2019"": 0.1786, ""2020"": 0.0743, ""2021"": 0.1082, ""2022"": -0.1693, ""2023"": -0.088, ""2024"": 0.2411, ""2025"": -0.0131, ""2026"": 0.0448}",0.12809625576568165,0.4024707412223667
dist_ema20,False,20,0.02,1.0,1538,0.043727100124426155,-0.3603942727596482,0.1213312847332298,-0.3605339494531705,0.04892315181609708,-0.25582103841230786,0.1912397515064708,0.03956626940246233,-0.22361035188793166,0.17694292356505942,0.04467920539568504,-0.2062117536906548,0.21666662833734404,-0.17238816713369498,6,"{""2011"": 0.0, ""2012"": 0.1071, ""2013"": 0.3734, ""2014"": -0.004, ""2015"": -0.0857, ""2016"": 0.0734, ""2017"": 0.1353, ""2018"": -0.1724, ""2019"": 0.1786, ""2020"": 0.0743, ""2021"": 0.1082, ""2022"": -0.1693, ""2023"": -0.088, ""2024"": 0.2411, ""2025"": -0.0131, ""2026"": 0.0448}",0.12809625576568165,0.4024707412223667
dist_ema20,False,20,0.05,1.0,1538,0.043727100124426155,-0.3603942727596482,0.1213312847332298,-0.3605339494531705,0.04892315181609708,-0.25582103841230786,0.1912397515064708,0.03956626940246233,-0.22361035188793166,0.17694292356505942,0.04467920539568504,-0.2062117536906548,0.21666662833734404,-0.17238816713369498,6,"{""2011"": 0.0, ""2012"": 0.1071, ""2013"": 0.3734, ""2014"": -0.004, ""2015"": -0.0857, ""2016"": 0.0734, ""2017"": 0.1353, ""2018"": -0.1724, ""2019"": 0.1786, ""2020"": 0.0743, ""2021"": 0.1082, ""2022"": -0.1693, ""2023"": -0.088, ""2024"": 0.2411, ""2025"": -0.0131, ""2026"": 0.0448}",0.12809625576568165,0.4024707412223667
dist_ema20,False,30,0.005,1.0,2317,0.04873579787764837,-0.34229099932828533,0.14238118435275218,-0.3407171606838044,0.047763166170756044,-0.22621246982139787,0.21114294100792333,0.026185554850502557,-0.23496914110583622,0.11144252699424859,0.08385244787195822,-0.17777004561400844,0.4716905347148686,-0.1931499984887446,4,"{""2011"": 0.0, ""2012"": 0.0689, ""2013"": 0.3173, ""2014"": 0.0185, ""2015"": -0.1129, ""2016"": 0.0775, ""2017"": 0.1718, ""2018"": -0.1373, ""2019"": 0.1783, ""2020"": 0.0754, ""2021"": 0.0823, ""2022"": -0.1931, ""2023"": -0.0519, ""2024"": 0.2033, ""2025"": 0.09, ""2026"": 0.0707}",0.13310529786718064,0.4031074665515753
dist_ema20,False,30,0.01,1.0,2305,0.05038892636388992,-0.33888474439853067,0.14869045360340039,-0.337995247685295,0.049333833456609355,-0.21219293460928812,0.23249517495692296,0.03072930167100152,-0.22376326254862655,0.1373295210348645,0.0823185214196187,-0.19176379688025658,0.4292703980565269,-0.16857479229079275,4,"{""2011"": 0.0, ""2012"": 0.0689, ""2013"": 0.3173, ""2014"": 0.0185, ""2015"": -0.1129, ""2016"": 0.0791, ""2017"": 0.1626, ""2018"": -0.1226, ""2019"": 0.1929, ""2020"": 0.0661, ""2021"": 0.0657, ""2022"": -0.1686, ""2023"": -0.0621, ""2024"": 0.2615, ""2025"": 0.0643, ""2026"": 0.052}",0.13167613719047463,0.40303687635574836
dist_ema20,False,30,0.02,1.0,2305,0.05038892636388992,-0.33888474439853067,0.14869045360340039,-0.337995247685295,0.049333833456609355,-0.21219293460928812,0.23249517495692296,0.03072930167100152,-0.22376326254862655,0.1373295210348645,0.0823185214196187,-0.19176379688025658,0.4292703980565269,-0.16857479229079275,4,"{""2011"": 0.0, ""2012"": 0.0689, ""2013"": 0.3173, ""2014"": 0.0185, ""2015"": -0.1129, ""2016"": 0.0791, ""2017"": 0.1626, ""2018"": -0.1226, ""2019"": 0.1929, ""2020"": 0.0661, ""2021"": 0.0657, ""2022"": -0.1686, ""2023"": -0.0621, ""2024"": 0.2615, ""2025"": 0.0643, ""2026"": 0.052}",0.13167613719047463,0.40303687635574836
dist_ema20,False,30,0.05,1.0,2305,0.05038892636388992,-0.33888474439853067,0.14869045360340039,-0.337995247685295,0.049333833456609355,-0.21219293460928812,0.23249517495692296,0.03072930167100152,-0.22376326254862655,0.1373295210348645,0.0823185214196187,-0.19176379688025658,0.4292703980565269,-0.16857479229079275,4,"{""2011"": 0.0, ""2012"": 0.0689, ""2013"": 0.3173, ""2014"": 0.0185, ""2015"": -0.1129, ""2016"": 0.0791, ""2017"": 0.1626, ""2018"": -0.1226, ""2019"": 0.1929, ""2020"": 0.0661, ""2021"": 0.0657, ""2022"": -0.1686, ""2023"": -0.0621, ""2024"": 0.2615, ""2025"": 0.0643, ""2026"": 0.052}",0.13167613719047463,0.40303687635574836
dist_ema20,True,5,0.005,1.0,309,0.009000310541999124,-0.12129863764201987,0.0741996012235612,-0.12039108517250396,0.004980735088153665,-0.11190876625314239,0.04450710391076094,0.008097930072010318,-0.069995649965363,0.1156919047971915,0.019681066694455795,-0.09262790018761846,0.21247449909359553,-0.04404020209364223,6,"{""2011"": 0.0, ""2012"": 0.0076, ""2013"": 0.0842, ""2014"": -0.0274, ""2015"": -0.044, ""2016"": 0.036, ""2017"": -0.009, ""2018"": -0.0072, ""2019"": 0.0266, ""2020"": 0.0091, ""2021"": -0.0083, ""2022"": 0.0032, ""2023"": -0.013, ""2024"": 0.0248, ""2025"": 0.0149, ""2026"": 0.0442}",0.09750564240170746,0.3851132686084142
dist_ema20,True,5,0.01,1.0,309,0.01587345943864693,-0.23896904460358426,0.06642475164504569,-0.2405873530987782,0.007825433993583708,-0.21553063221781432,0.036307757802498154,0.014868119241655098,-0.1357904108586001,0.10949314570627094,0.036262958284567715,-0.17903808149195044,0.2025432689089561,-0.08920368557770497,6,"{""2011"": 0.0, ""2012"": 0.0152, ""2013"": 0.1699, ""2014"": -0.0541, ""2015"": -0.0892, ""2016"": 0.0704, ""2017"": -0.0183, ""2018"": -0.018, ""2019"": 0.0539, ""2020"": 0.0153, ""2021"": -0.0183, ""2022"": 0.0055, ""2023"": -0.0301, ""2024"": 0.049, ""2025"": 0.0249, ""2026"": 0.0889}",0.09750564240170746,0.3851132686084142
dist_ema20,True,5,0.02,1.0,314,0.03272472841560692,-0.42649620742660443,0.0767292366163385,-0.4248128720764144,0.023435555891308857,-0.29727011009755233,0.07883589737164706,0.013366381402896588,-0.25369525795529024,0.05268676092184663,0.08072592321667149,-0.30073592194275955,0.2684279373583992,-0.10599763946271601,6,"{""2011"": 0.0, ""2012"": 0.0374, ""2013"": 0.3562, ""2014"": -0.106, ""2015"": -0.082, ""2016"": 0.1337, ""2017"": -0.0011, ""2018"": -0.1008, ""2019"": 0.0758, ""2020"": 0.0123, ""2021"": -0.0473, ""2022"": 0.0074, ""2023"": -0.0495, ""2024"": 0.103, ""2025"": 0.0669, ""2026"": 0.1791}",0.12442556186187763,0.39490445859872614
dist_ema20,True,5,0.05,1.0,303,0.014646603464378183,-0.6045318917139967,0.02422800792668102,-0.6012918553014144,0.06768979658820129,-0.31213621530717683,0.21685979796220373,-0.034486132018928584,-0.4089489020941256,-0.08432870669742279,-0.02419435887581578,-0.3685010108957719,-0.06565615333592394,-0.19839377349498044,6,"{""2011"": 0.0, ""2012"": 0.0694, ""2013"": 0.3255, ""2014"": 0.2102, ""2015"": -0.0393, ""2016"": 0.15, ""2017"": -0.0193, ""2018"": -0.1494, ""2019"": 0.0407, ""2020"": 0.0454, ""2021"": -0.0211, ""2022"": -0.1939, ""2023"": -0.1984, ""2024"": 0.0487, ""2025"": 0.0679, ""2026"": 0.0208}",0.06447998147096308,0.37293729372937295
dist_ema20,True,10,0.005,1.0,637,0.02435047854686534,-0.20761618985310104,0.11728602939922236,-0.2065428493174165,0.030734404674348292,-0.15691836648215807,0.195862379677798,0.018221618527392236,-0.11724966332880193,0.15540870660151537,0.022649221038594014,-0.131278702446037,0.17252776434093814,-0.05910973124190144,6,"{""2011"": 0.0, ""2012"": 0.0437, ""2013"": 0.1963, ""2014"": -0.0328, ""2015"": -0.0303, ""2016"": 0.0655, ""2017"": 0.0105, ""2018"": -0.0198, ""2019"": 0.0822, ""2020"": 0.0189, ""2021"": 0.0331, ""2022"": -0.0591, ""2023"": -0.0145, ""2024"": 0.0384, ""2025"": -0.0167, ""2026"": 0.0764}",0.13034788499312877,0.3940345368916798
dist_ema20,True,10,0.01,1.0,625,0.043571245225690225,-0.36395427343458686,0.11971626219556189,-0.3632243390978601,0.06295277888426942,-0.26064628987430893,0.24152570487240407,0.016387654830741782,-0.21913570682338468,0.07478313355819109,0.044055981194197624,-0.22858985659701547,0.192729379378651,-0.1148237708200579,5,"{""2011"": 0.0, ""2012"": 0.1025, ""2013"": 0.3846, ""2014"": 0.0013, ""2015"": -0.0513, ""2016"": 0.0993, ""2017"": 0.0164, ""2018"": -0.0541, ""2019"": 0.1126, ""2020"": 0.0235, ""2021"": 0.0525, ""2022"": -0.1148, ""2023"": -0.0363, ""2024"": 0.0785, ""2025"": -0.0231, ""2026"": 0.1485}",0.1517376625705245,0.4016
dist_ema20,True,10,0.02,1.0,625,0.038812151191715216,-0.4137513983034288,0.09380548646086251,-0.4132761295240043,0.051174332254948496,-0.252768588919696,0.20245526737978692,0.02847689588478408,-0.24832896488889866,0.11467408120323187,0.03301245444472167,-0.2691631312192787,0.12264850054009614,-0.10330427138476972,6,"{""2011"": 0.0, ""2012"": 0.1227, ""2013"": 0.361, ""2014"": -0.0535, ""2015"": -0.0096, ""2016"": 0.1222, ""2017"": -0.0629, ""2018"": -0.0588, ""2019"": 0.1817, ""2020"": 0.0111, ""2021"": 0.0381, ""2022"": -0.1033, ""2023"": -0.0819, ""2024"": 0.0429, ""2025"": 0.0662, ""2026"": 0.0998}",0.10891608281832112,0.3872
dist_ema20,True,10,0.05,1.0,625,0.038812151191715216,-0.4137513983034288,0.09380548646086251,-0.4132761295240043,0.051174332254948496,-0.252768588919696,0.20245526737978692,0.02847689588478408,-0.24832896488889866,0.11467408120323187,0.03301245444472167,-0.2691631312192787,0.12264850054009614,-0.10330427138476972,6,"{""2011"": 0.0, ""2012"": 0.1227, ""2013"": 0.361, ""2014"": -0.0535, ""2015"": -0.0096, ""2016"": 0.1222, ""2017"": -0.0629, ""2018"": -0.0588, ""2019"": 0.1817, ""2020"": 0.0111, ""2021"": 0.0381, ""2022"": -0.1033, ""2023"": -0.0819, ""2024"": 0.0429, ""2025"": 0.0662, ""2026"": 0.0998}",0.10891608281832112,0.3872
dist_ema20,True,15,0.005,1.0,993,0.04036128280931495,-0.21807588409335354,0.18507907454836758,-0.21653111247607926,0.042176182274414664,-0.21807588409335354,0.19340140451458612,0.04814104365122751,-0.17576431692662486,0.2738954327761796,0.03416891194259253,-0.19392025179404027,0.17620084352449586,-0.10070486025250691,5,"{""2011"": 0.0, ""2012"": 0.0633, ""2013"": 0.24, ""2014"": -0.013, ""2015"": -0.0542, ""2016"": 0.1037, ""2017"": 0.0869, ""2018"": -0.0958, ""2019"": 0.1512, ""2020"": 0.012, ""2021"": 0.1482, ""2022"": -0.1007, ""2023"": 0.0338, ""2024"": 0.0459, ""2025"": -0.0118, ""2026"": 0.0549}",0.15310231231138896,0.4028197381671702
dist_ema20,True,15,0.01,1.0,960,0.06709871214652696,-0.3415976993957329,0.1964261242544104,-0.33646786421215336,0.07128026679358457,-0.2423443456736305,0.29412803750568617,0.06514462801235288,-0.2692560112227774,0.2419430775807394,0.07140216523378395,-0.2315651874141329,0.30834585298043005,-0.1706596610700548,4,"{""2011"": 0.0, ""2012"": 0.0847, ""2013"": 0.3229, ""2014"": 0.0143, ""2015"": -0.0075, ""2016"": 0.2327, ""2017"": -0.0206, ""2018"": -0.0719, ""2019"": 0.2394, ""2020"": 0.0688, ""2021"": 0.165, ""2022"": -0.1707, ""2023"": 0.043, ""2024"": 0.1156, ""2025"": 0.0517, ""2026"": 0.0449}",0.18870197572500588,0.41458333333333336
dist_ema20,True,15,0.02,1.0,960,0.06711437911340723,-0.3418510274482156,0.1963263928571163,-0.3367225417862132,0.07134586660559039,-0.24234434567386032,0.2943987259418278,0.06507959037110678,-0.2694792467667112,0.24150130725074473,0.0714129165510109,-0.23156518741341603,0.3083922818826674,-0.17067232117531628,4,"{""2011"": 0.0, ""2012"": 0.0847, ""2013"": 0.3233, ""2014"": 0.0143, ""2015"": -0.0075, ""2016"": 0.2328, ""2017"": -0.0206, ""2018"": -0.0719, ""2019"": 0.2392, ""2020"": 0.0688, ""2021"": 0.1649, ""2022"": -0.1707, ""2023"": 0.0429, ""2024"": 0.1156, ""2025"": 0.0522, ""2026"": 0.0445}",0.18870321765512604,0.41458333333333336
dist_ema20,True,15,0.05,1.0,960,0.06711437911340723,-0.3418510274482156,0.1963263928571163,-0.3367225417862132,0.07134586660559039,-0.24234434567386032,0.2943987259418278,0.06507959037110678,-0.2694792467667112,0.24150130725074473,0.0714129165510109,-0.23156518741341603,0.3083922818826674,-0.17067232117531628,4,"{""2011"": 0.0, ""2012"": 0.0847, ""2013"": 0.3233, ""2014"": 0.0143, ""2015"": -0.0075, ""2016"": 0.2328, ""2017"": -0.0206, ""2018"": -0.0719, ""2019"": 0.2392, ""2020"": 0.0688, ""2021"": 0.1649, ""2022"": -0.1707, ""2023"": 0.0429, ""2024"": 0.1156, ""2025"": 0.0522, ""2026"": 0.0445}",0.18870321765512604,0.41458333333333336
dist_ema20,True,20,0.005,1.0,1306,0.062000361734338316,-0.252149366536223,0.24588743801357732,-0.2535073910261195,0.06120081778593045,-0.22132168375611128,0.27652427338918856,0.05965456647029854,-0.22761862721393633,0.2620812154105026,0.07545572686413382,-0.1951429110366949,0.38666906455005706,-0.1216872059268489,4,"{""2011"": 0.0, ""2012"": 0.0885, ""2013"": 0.2703, ""2014"": -0.0097, ""2015"": -0.0519, ""2016"": 0.1257, ""2017"": 0.124, ""2018"": -0.0779, ""2019"": 0.1639, ""2020"": 0.0019, ""2021"": 0.2259, ""2022"": -0.1217, ""2023"": 0.0497, ""2024"": 0.1183, ""2025"": 0.0348, ""2026"": 0.0669}",0.18642471139333844,0.41424196018376724
dist_ema20,True,20,0.01,1.0,1241,0.06980848028902753,-0.33027302450120877,0.2113659763598769,-0.33233732798068916,0.07848883450042532,-0.24009157543220738,0.32691207244207343,0.05658729342336999,-0.2368000947385338,0.23896651513527328,0.07828392116646432,-0.23087375177126546,0.3390767489412261,-0.17350595109103295,4,"{""2011"": 0.0, ""2012"": 0.084, ""2013"": 0.4124, ""2014"": 0.09, ""2015"": -0.0924, ""2016"": 0.1757, ""2017"": 0.0568, ""2018"": -0.0987, ""2019"": 0.2017, ""2020"": 0.0238, ""2021"": 0.2194, ""2022"": -0.1735, ""2023"": -0.0112, ""2024"": 0.1336, ""2025"": 0.0311, ""2026"": 0.1319}",0.18904652356919438,0.41498791297340853
dist_ema20,True,20,0.02,1.0,1241,0.06980848028902753,-0.33027302450120877,0.2113659763598769,-0.33233732798068916,0.07848883450042532,-0.24009157543220738,0.32691207244207343,0.05658729342336999,-0.2368000947385338,0.23896651513527328,0.07828392116646432,-0.23087375177126546,0.3390767489412261,-0.17350595109103295,4,"{""2011"": 0.0, ""2012"": 0.084, ""2013"": 0.4124, ""2014"": 0.09, ""2015"": -0.0924, ""2016"": 0.1757, ""2017"": 0.0568, ""2018"": -0.0987, ""2019"": 0.2017, ""2020"": 0.0238, ""2021"": 0.2194, ""2022"": -0.1735, ""2023"": -0.0112, ""2024"": 0.1336, ""2025"": 0.0311, ""2026"": 0.1319}",0.18904652356919438,0.41498791297340853
dist_ema20,True,20,0.05,1.0,1241,0.06980848028902753,-0.33027302450120877,0.2113659763598769,-0.33233732798068916,0.07848883450042532,-0.24009157543220738,0.32691207244207343,0.05658729342336999,-0.2368000947385338,0.23896651513527328,0.07828392116646432,-0.23087375177126546,0.3390767489412261,-0.17350595109103295,4,"{""2011"": 0.0, ""2012"": 0.084, ""2013"": 0.4124, ""2014"": 0.09, ""2015"": -0.0924, ""2016"": 0.1757, ""2017"": 0.0568, ""2018"": -0.0987, ""2019"": 0.2017, ""2020"": 0.0238, ""2021"": 0.2194, ""2022"": -0.1735, ""2023"": -0.0112, ""2024"": 0.1336, ""2025"": 0.0311, ""2026"": 0.1319}",0.18904652356919438,0.41498791297340853
dist_ema20,True,30,0.005,1.0,1948,0.05866238515340627,-0.29137154695357836,0.2013318931335201,-0.2887671172580295,0.05669474010950326,-0.2725886296608727,0.20798644528950874,0.05715834669292774,-0.23600133541298896,0.24219501382440856,0.07287387984223082,-0.21707599359146257,0.33570676626444285,-0.17823017256967366,3,"{""2011"": 0.0, ""2012"": 0.0563, ""2013"": 0.421, ""2014"": 0.0825, ""2015"": -0.1027, ""2016"": 0.1257, ""2017"": 0.0902, ""2018"": -0.1782, ""2019"": 0.2066, ""2020"": 0.0007, ""2021"": 0.2203, ""2022"": -0.1555, ""2023"": 0.0456, ""2024"": 0.0829, ""2025"": 0.057, ""2026"": 0.0736}",0.16686044809925826,0.4086242299794661
dist_ema20,True,30,0.01,1.0,1938,0.058426786147266485,-0.2913715461181272,0.20052330752838585,-0.28876711638642183,0.05672505411046824,-0.2725886288030799,0.2080976538146309,0.05610958537169797,-0.23600133541298862,0.23775113506671244,0.0730013122740556,-0.22860216710560144,0.31933779630502396,-0.17823017110076278,3,"{""2011"": 0.0, ""2012"": 0.0563, ""2013"": 0.4213, ""2014"": 0.0825, ""2015"": -0.1027, ""2016"": 0.1258, ""2017"": 0.0902, ""2018"": -0.1782, ""2019"": 0.2066, ""2020"": 0.0007, ""2021"": 0.22, ""2022"": -0.1586, ""2023"": 0.0456, ""2024"": 0.0764, ""2025"": 0.0404, ""2026"": 0.0979}",0.16636118101900285,0.4086687306501548
dist_ema20,True,30,0.02,1.0,1938,0.058426786147266485,-0.2913715461181272,0.20052330752838585,-0.28876711638642183,0.05672505411046824,-0.2725886288030799,0.2080976538146309,0.05610958537169797,-0.23600133541298862,0.23775113506671244,0.0730013122740556,-0.22860216710560144,0.31933779630502396,-0.17823017110076278,3,"{""2011"": 0.0, ""2012"": 0.0563, ""2013"": 0.4213, ""2014"": 0.0825, ""2015"": -0.1027, ""2016"": 0.1258, ""2017"": 0.0902, ""2018"": -0.1782, ""2019"": 0.2066, ""2020"": 0.0007, ""2021"": 0.22, ""2022"": -0.1586, ""2023"": 0.0456, ""2024"": 0.0764, ""2025"": 0.0404, ""2026"": 0.0979}",0.16636118101900285,0.4086687306501548
dist_ema20,True,30,0.05,1.0,1938,0.058426786147266485,-0.2913715461181272,0.20052330752838585,-0.28876711638642183,0.05672505411046824,-0.2725886288030799,0.2080976538146309,0.05610958537169797,-0.23600133541298862,0.23775113506671244,0.0730013122740556,-0.22860216710560144,0.31933779630502396,-0.17823017110076278,3,"{""2011"": 0.0, ""2012"": 0.0563, ""2013"": 0.4213, ""2014"": 0.0825, ""2015"": -0.1027, ""2016"": 0.1258, ""2017"": 0.0902, ""2018"": -0.1782, ""2019"": 0.2066, ""2020"": 0.0007, ""2021"": 0.22, ""2022"": -0.1586, ""2023"": 0.0456, ""2024"": 0.0764, ""2025"": 0.0404, ""2026"": 0.0979}",0.16636118101900285,0.4086687306501548
ddv,False,5,0.005,1.0,385,0.02769567331851963,-0.09928147788239783,0.2789611306081288,-0.09835064301879592,0.02447996121169016,-0.09810308910218735,0.24953303138284505,0.023739176213152025,-0.08625415382534873,0.2752235708116756,0.042088870731606276,-0.08443341779745717,0.4984859292628782,-0.06229104660499052,5,"{""2011"": 0.0, ""2012"": 0.028, ""2013"": 0.1052, ""2014"": 0.0098, ""2015"": -0.0139, ""2016"": 0.0743, ""2017"": 0.0391, ""2018"": -0.0623, ""2019"": 0.0706, ""2020"": -0.0051, ""2021"": 0.056, ""2022"": -0.0236, ""2023"": -0.0029, ""2024"": 0.1128, ""2025"": 0.0152, ""2026"": 0.0283}",0.22610712924977988,0.43376623376623374
ddv,False,5,0.01,1.0,385,0.05072404883762993,-0.19107377417124494,0.26546839856824,-0.1896288342516873,0.04225280490225103,-0.1860187092240021,0.22714277009292957,0.045251058849326675,-0.16452808184252776,0.2750354732308684,0.08051645232244442,-0.16266888247696887,0.494971448112359,-0.1212522240043129,5,"{""2011"": 0.0, ""2012"": 0.0579, ""2013"": 0.2044, ""2014"": 0.0203, ""2015"": -0.0317, ""2016"": 0.1399, ""2017"": 0.0592, ""2018"": -0.1213, ""2019"": 0.1434, ""2020"": -0.015, ""2021"": 0.112, ""2022"": -0.0473, ""2023"": -0.0101, ""2024"": 0.2275, ""2025"": 0.027, ""2026"": 0.0561}",0.22610712924977988,0.43376623376623374
ddv,False,5,0.02,1.0,349,0.06579906248282241,-0.31326590431271506,0.21004220879760682,-0.3114963730318109,0.05000894111270093,-0.31326590431271506,0.1596373573511528,0.0731392522867873,-0.24152714712702306,0.3028200065987704,0.09784030168364155,-0.24166795018819198,0.4048542705288443,-0.12498884334872051,6,"{""2011"": 0.0, ""2012"": 0.0916, ""2013"": 0.3358, ""2014"": -0.0266, ""2015"": -0.125, ""2016"": 0.088, ""2017"": 0.08, ""2018"": -0.036, ""2019"": 0.2177, ""2020"": -0.0128, ""2021"": 0.1734, ""2022"": -0.0603, ""2023"": -0.0469, ""2024"": 0.2404, ""2025"": 0.0731, ""2026"": 0.0994}",0.2624991014705608,0.4469914040114613
ddv,False,5,0.05,1.0,367,0.09499568506001,-0.3345095546546557,0.28398496765834563,-0.34140286930853636,0.11371823208279586,-0.2936268336613307,0.3872882824257081,0.08216777556563759,-0.26679767588390524,0.30797785360541224,0.08625301234964144,-0.27935697330411347,0.30875553715190324,-0.13327969375989346,4,"{""2011"": 0.0, ""2012"": 0.1601, ""2013"": 0.5536, ""2014"": -0.0302, ""2015"": -0.1333, ""2016"": 0.1644, ""2017"": 0.0923, ""2018"": 0.1022, ""2019"": 0.2303, ""2020"": 0.0333, ""2021"": 0.1664, ""2022"": -0.0777, ""2023"": -0.121, ""2024"": 0.3882, ""2025"": 0.0079, ""2026"": 0.0921}",0.29238409618492806,0.4550408719346049
ddv,False,10,0.005,1.0,767,0.04505292701821251,-0.17404840464448024,0.2588528582622737,-0.17187330783869736,0.04602337740477069,-0.17404840464448024,0.26442860822987885,0.052764819542673314,-0.1379471308301179,0.38250030446558014,0.040656543116770694,-0.164539315275401,0.24709318285858298,-0.09070415616244187,6,"{""2011"": 0.0, ""2012"": 0.0792, ""2013"": 0.2928, ""2014"": 0.0294, ""2015"": -0.0907, ""2016"": 0.0314, ""2017"": 0.0756, ""2018"": -0.0545, ""2019"": 0.1705, ""2020"": -0.0043, ""2021"": 0.1285, ""2022"": -0.0675, ""2023"": -0.0057, ""2024"": 0.1617, ""2025"": -0.0348, ""2026"": 0.0338}",0.20100535345251871,0.42242503259452413
ddv,False,10,0.01,1.0,755,0.07946113588508807,-0.2731561544407062,0.2909000386529334,-0.26756496294051135,0.07305215574914725,-0.2731561544407062,0.2674373414676426,0.08076071459836753,-0.21924740277757448,0.36835425904816266,0.1017461547040881,-0.24082282116399767,0.42249382434898103,-0.13881565414661312,4,"{""2011"": 0.0, ""2012"": 0.1285, ""2013"": 0.5634, ""2014"": 0.0199, ""2015"": -0.1388, ""2016"": 0.0318, ""2017"": 0.1214, ""2018"": -0.0869, ""2019"": 0.2283, ""2020"": 0.0134, ""2021"": 0.2262, ""2022"": -0.1081, ""2023"": 0.0422, ""2024"": 0.3173, ""2025"": -0.0646, ""2026"": 0.1}",0.25591419393940934,0.43973509933774835
ddv,False,10,0.02,1.0,669,0.061519380571048554,-0.29618702932625607,0.20770450586910644,-0.28982766259712656,0.07111257442281649,-0.29618702932625607,0.24009347939569808,0.06436971167136885,-0.21279300505798426,0.30249919001721254,0.04815448568194092,-0.22525712852987412,0.21377563496533056,-0.20352847506219196,5,"{""2011"": 0.0, ""2012"": 0.1471, ""2013"": 0.43, ""2014"": 0.1182, ""2015"": -0.2035, ""2016"": 0.0826, ""2017"": 0.1304, ""2018"": -0.0958, ""2019"": 0.194, ""2020"": 0.0322, ""2021"": 0.0912, ""2022"": -0.0478, ""2023"": -0.0414, ""2024"": 0.2181, ""2025"": -0.0353, ""2026"": 0.0497}",0.2059610897410589,0.42451420029895365
ddv,False,10,0.05,1.0,669,0.061519380571048554,-0.29618702932625607,0.20770450586910644,-0.28982766259712656,0.07111257442281649,-0.29618702932625607,0.24009347939569808,0.06436971167136885,-0.21279300505798426,0.30249919001721254,0.04815448568194092,-0.22525712852987412,0.21377563496533056,-0.20352847506219196,5,"{""2011"": 0.0, ""2012"": 0.1471, ""2013"": 0.43, ""2014"": 0.1182, ""2015"": -0.2035, ""2016"": 0.0826, ""2017"": 0.1304, ""2018"": -0.0958, ""2019"": 0.194, ""2020"": 0.0322, ""2021"": 0.0912, ""2022"": -0.0478, ""2023"": -0.0414, ""2024"": 0.2181, ""2025"": -0.0353, ""2026"": 0.0497}",0.2059610897410589,0.42451420029895365
ddv,False,15,0.005,1.0,1088,0.05099482471336447,-0.21502593623497712,0.23715662215574818,-0.2220126701617786,0.05824117589450806,-0.2137298374782125,0.27249904169531375,0.041550545274242845,-0.17522332240397442,0.23712908021712292,0.054484122475877195,-0.20179484851584184,0.26999758852416855,-0.12941762516457378,4,"{""2011"": 0.0, ""2012"": 0.1187, ""2013"": 0.3186, ""2014"": 0.0459, ""2015"": -0.0953, ""2016"": 0.0216, ""2017"": 0.1284, ""2018"": -0.0768, ""2019"": 0.2115, ""2020"": 0.0145, ""2021"": 0.0978, ""2022"": -0.1294, ""2023"": 0.0209, ""2024"": 0.196, ""2025"": -0.023, ""2026"": 0.0128}",0.18608350403545731,0.41544117647058826
ddv,False,15,0.01,1.0,1058,0.057652211754417815,-0.2573575042061519,0.2240160508715397,-0.25628471539101827,0.04622033030371275,-0.2573575042061519,0.179595813404721,0.07546396114013487,-0.22410403587133743,0.336736287888453,0.06849817908334277,-0.2526633173270798,0.27110456637704133,-0.16463151303863954,4,"{""2011"": 0.0, ""2012"": 0.138, ""2013"": 0.3688, ""2014"": 0.0848, ""2015"": -0.1646, ""2016"": 0.0307, ""2017"": 0.1234, ""2018"": -0.1608, ""2019"": 0.27, ""2020"": 0.007, ""2021"": 0.1674, ""2022"": -0.1062, ""2023"": 0.0089, ""2024"": 0.1539, ""2025"": -0.024, ""2026"": 0.1145}",0.1985233240562809,0.41965973534971646
ddv,False,15,0.02,1.0,1057,0.05877647846761613,-0.257358843639206,0.22838336400833179,-0.2562735696879438,0.047866885453765606,-0.257358843639206,0.18599277482327625,0.07615404476926013,-0.2071235889431372,0.3676744167955062,0.06921085079551559,-0.25378116206484147,0.272718629832076,-0.16463151303863954,4,"{""2011"": 0.0, ""2012"": 0.138, ""2013"": 0.3688, ""2014"": 0.0848, ""2015"": -0.1646, ""2016"": 0.0308, ""2017"": 0.1234, ""2018"": -0.1516, ""2019"": 0.2592, ""2020"": 0.0183, ""2021"": 0.1674, ""2022"": -0.1062, ""2023"": 0.0089, ""2024"": 0.1539, ""2025"": -0.0217, ""2026"": 0.1145}",0.19707513537598598,0.41911069063386946
ddv,False,15,0.05,1.0,1057,0.05877647846761613,-0.257358843639206,0.22838336400833179,-0.2562735696879438,0.047866885453765606,-0.257358843639206,0.18599277482327625,0.07615404476926013,-0.2071235889431372,0.3676744167955062,0.06921085079551559,-0.25378116206484147,0.272718629832076,-0.16463151303863954,4,"{""2011"": 0.0, ""2012"": 0.138, ""2013"": 0.3688, ""2014"": 0.0848, ""2015"": -0.1646, ""2016"": 0.0308, ""2017"": 0.1234, ""2018"": -0.1516, ""2019"": 0.2592, ""2020"": 0.0183, ""2021"": 0.1674, ""2022"": -0.1062, ""2023"": 0.0089, ""2024"": 0.1539, ""2025"": -0.0217, ""2026"": 0.1145}",0.19707513537598598,0.41911069063386946
ddv,False,20,0.005,1.0,1472,0.067472523145097,-0.24184931458774317,0.2789857943575767,-0.24095984950153482,0.08866951750845953,-0.23237582651912003,0.38157806186937326,0.05073329097349277,-0.21187799127976326,0.23944578040908762,0.05495726521045441,-0.23017163158487475,0.238766458021084,-0.1192120397297407,5,"{""2011"": 0.0, ""2012"": 0.1667, ""2013"": 0.353, ""2014"": 0.0966, ""2015"": -0.1054, ""2016"": 0.0706, ""2017"": 0.1954, ""2018"": -0.0861, ""2019"": 0.2121, ""2020"": -0.0097, ""2021"": 0.1489, ""2022"": -0.1192, ""2023"": 0.071, ""2024"": 0.1291, ""2025"": -0.0338, ""2026"": 0.0356}",0.20835482064021454,0.421195652173913
ddv,False,20,0.01,1.0,1452,0.07825505495888563,-0.25313782261794204,0.30914011248724005,-0.24851404282586897,0.10672923335588469,-0.2282184295893812,0.4676626403394141,0.07855939585333216,-0.2117019618499344,0.3710848740694205,0.035183493475438254,-0.25313782261794204,0.13898947660832292,-0.10428399945973943,4,"{""2011"": 0.0, ""2012"": 0.1186, ""2013"": 0.3928, ""2014"": 0.1187, ""2015"": -0.1003, ""2016"": 0.0967, ""2017"": 0.186, ""2018"": -0.0036, ""2019"": 0.1855, ""2020"": 0.0435, ""2021"": 0.2154, ""2022"": -0.1043, ""2023"": 0.0861, ""2024"": 0.1116, ""2025"": -0.0912, ""2026"": 0.031}",0.2144760778131415,0.42355371900826444
ddv,False,20,0.02,1.0,1452,0.07825505495888563,-0.25313782261794204,0.30914011248724005,-0.24851404282586897,0.10672923335588469,-0.2282184295893812,0.4676626403394141,0.07855939585333216,-0.2117019618499344,0.3710848740694205,0.035183493475438254,-0.25313782261794204,0.13898947660832292,-0.10428399945973943,4,"{""2011"": 0.0, ""2012"": 0.1186, ""2013"": 0.3928, ""2014"": 0.1187, ""2015"": -0.1003, ""2016"": 0.0967, ""2017"": 0.186, ""2018"": -0.0036, ""2019"": 0.1855, ""2020"": 0.0435, ""2021"": 0.2154, ""2022"": -0.1043, ""2023"": 0.0861, ""2024"": 0.1116, ""2025"": -0.0912, ""2026"": 0.031}",0.2144760778131415,0.42355371900826444
ddv,False,20,0.05,1.0,1452,0.07825505495888563,-0.25313782261794204,0.30914011248724005,-0.24851404282586897,0.10672923335588469,-0.2282184295893812,0.4676626403394141,0.07855939585333216,-0.2117019618499344,0.3710848740694205,0.035183493475438254,-0.25313782261794204,0.13898947660832292,-0.10428399945973943,4,"{""2011"": 0.0, ""2012"": 0.1186, ""2013"": 0.3928, ""2014"": 0.1187, ""2015"": -0.1003, ""2016"": 0.0967, ""2017"": 0.186, ""2018"": -0.0036, ""2019"": 0.1855, ""2020"": 0.0435, ""2021"": 0.2154, ""2022"": -0.1043, ""2023"": 0.0861, ""2024"": 0.1116, ""2025"": -0.0912, ""2026"": 0.031}",0.2144760778131415,0.42355371900826444
ddv,False,30,0.005,1.0,2131,0.07803149265579545,-0.2634778327180617,0.29615961180041356,-0.2675710949790874,0.09307631425128227,-0.23431091063085685,0.3972342303680368,0.06313260138263654,-0.21668527370205515,0.2913562158794632,0.07670530889328897,-0.25483830856463885,0.3009959896741072,-0.1675363244570346,3,"{""2011"": 0.0, ""2012"": 0.1027, ""2013"": 0.3806, ""2014"": 0.0759, ""2015"": -0.0801, ""2016"": 0.088, ""2017"": 0.2519, ""2018"": -0.0922, ""2019"": 0.201, ""2020"": 0.0297, ""2021"": 0.2363, ""2022"": -0.1675, ""2023"": 0.0553, ""2024"": 0.1462, ""2025"": 0.0014, ""2026"": 0.0744}",0.22273685708949947,0.4265603003284843
ddv,False,30,0.01,1.0,2132,0.07410595256550478,-0.26356947515349405,0.2811628794356704,-0.26762863922253377,0.0923514448468008,-0.23431055122056577,0.3941412128720859,0.06315362328136809,-0.21668529077605658,0.2914532087304307,0.06166260738684315,-0.2564051445003718,0.24048896330453207,-0.16758745114623852,4,"{""2011"": 0.0, ""2012"": 0.1027, ""2013"": 0.3806, ""2014"": 0.0759, ""2015"": -0.0801, ""2016"": 0.088, ""2017"": 0.2448, ""2018"": -0.0912, ""2019"": 0.2012, ""2020"": 0.0297, ""2021"": 0.2363, ""2022"": -0.1676, ""2023"": 0.0555, ""2024"": 0.1462, ""2025"": -0.0043, ""2026"": 0.0275}",0.212908953325663,0.42354596622889307
ddv,False,30,0.02,1.0,2132,0.07410595256550478,-0.26356947515349405,0.2811628794356704,-0.26762863922253377,0.0923514448468008,-0.23431055122056577,0.3941412128720859,0.06315362328136809,-0.21668529077605658,0.2914532087304307,0.06166260738684315,-0.2564051445003718,0.24048896330453207,-0.16758745114623852,4,"{""2011"": 0.0, ""2012"": 0.1027, ""2013"": 0.3806, ""2014"": 0.0759, ""2015"": -0.0801, ""2016"": 0.088, ""2017"": 0.2448, ""2018"": -0.0912, ""2019"": 0.2012, ""2020"": 0.0297, ""2021"": 0.2363, ""2022"": -0.1676, ""2023"": 0.0555, ""2024"": 0.1462, ""2025"": -0.0043, ""2026"": 0.0275}",0.212908953325663,0.42354596622889307
ddv,False,30,0.05,1.0,2132,0.07410595256550478,-0.26356947515349405,0.2811628794356704,-0.26762863922253377,0.0923514448468008,-0.23431055122056577,0.3941412128720859,0.06315362328136809,-0.21668529077605658,0.2914532087304307,0.06166260738684315,-0.2564051445003718,0.24048896330453207,-0.16758745114623852,4,"{""2011"": 0.0, ""2012"": 0.1027, ""2013"": 0.3806, ""2014"": 0.0759, ""2015"": -0.0801, ""2016"": 0.088, ""2017"": 0.2448, ""2018"": -0.0912, ""2019"": 0.2012, ""2020"": 0.0297, ""2021"": 0.2363, ""2022"": -0.1676, ""2023"": 0.0555, ""2024"": 0.1462, ""2025"": -0.0043, ""2026"": 0.0275}",0.212908953325663,0.42354596622889307
ddv,True,5,0.005,1.0,381,0.018809381755626298,-0.17278308809306442,0.1088612430951297,-0.1726694133729676,0.0167744020100824,-0.07077199886338637,0.2370203227191959,0.010060632137812053,-0.09593061748107878,0.1048740475354117,0.03516576052185294,-0.08862917879887044,0.39677407596944947,-0.09031455593768634,6,"{""2011"": 0.0, ""2012"": 0.0178, ""2013"": 0.0802, ""2014"": -0.0125, ""2015"": 0.0287, ""2016"": -0.0132, ""2017"": 0.0634, ""2018"": -0.0414, ""2019"": 0.081, ""2020"": -0.0021, ""2021"": 0.0605, ""2022"": -0.0903, ""2023"": -0.0229, ""2024"": 0.0928, ""2025"": 0.0453, ""2026"": 0.0135}",0.15852076382385893,0.4094488188976378
ddv,True,5,0.01,1.0,381,0.03520620922331119,-0.31919202446936246,0.11029789758011466,-0.31918864421011905,0.03263489320935897,-0.1306278176121578,0.24983111412190948,0.01474526458800196,-0.1844598323396046,0.07993753654104382,0.06843212496705231,-0.1717889183295186,0.39835005443010335,-0.17465771123559548,6,"{""2011"": 0.0, ""2012"": 0.0377, ""2013"": 0.1596, ""2014"": -0.0215, ""2015"": 0.0575, ""2016"": -0.0305, ""2017"": 0.1274, ""2018"": -0.0801, ""2019"": 0.154, ""2020"": -0.0042, ""2021"": 0.1178, ""2022"": -0.1747, ""2023"": -0.0497, ""2024"": 0.189, ""2025"": 0.0921, ""2026"": 0.0261}",0.15852076382385893,0.4094488188976378
ddv,True,5,0.02,1.0,381,0.04737397000271493,-0.46541692493348297,0.10178824074669304,-0.4703435511934696,0.03158979742432355,-0.21230050902846043,0.14879755855926238,0.028568675733958493,-0.2625580778237927,0.10880897655387098,0.10759572051404231,-0.2837115364706042,0.37924337463517444,-0.23821648981648713,5,"{""2011"": 0.0, ""2012"": 0.044, ""2013"": 0.1709, ""2014"": -0.1281, ""2015"": 0.0214, ""2016"": -0.0345, ""2017"": 0.3096, ""2018"": -0.0971, ""2019"": 0.2341, ""2020"": 0.0283, ""2021"": 0.1575, ""2022"": -0.2382, ""2023"": -0.118, ""2024"": 0.3288, ""2025"": 0.195, ""2026"": 0.0279}",0.11944381400741891,0.3963254593175853
ddv,True,5,0.05,1.0,374,0.07714258164205345,-0.41296735238363436,0.1868006785446572,-0.41459573987229725,0.09281559938978079,-0.2067073693493835,0.4490193053199804,0.04286710768753532,-0.21066520406644107,0.203484518848284,0.09586943638505918,-0.2645574045974578,0.3623766892139386,-0.18644216071715913,4,"{""2011"": 0.0, ""2012"": 0.0944, ""2013"": 0.2963, ""2014"": 0.1411, ""2015"": 0.0386, ""2016"": -0.0327, ""2017"": 0.2037, ""2018"": -0.0498, ""2019"": 0.177, ""2020"": 0.1024, ""2021"": 0.1202, ""2022"": -0.1864, ""2023"": -0.1437, ""2024"": 0.3087, ""2025"": 0.2234, ""2026"": 0.0108}",0.1943643870201154,0.4197860962566845
ddv,True,10,0.005,1.0,739,0.02580751697351813,-0.2717550985032383,0.09496608201891969,-0.27257318280776643,0.021872550122643553,-0.18653804955871867,0.11725516683800473,0.016460077290835207,-0.16536660976165563,0.09953688543629977,0.0475197032549024,-0.14032697045588038,0.3386355673504893,-0.1556293145826032,4,"{""2011"": 0.0, ""2012"": 0.0531, ""2013"": 0.1722, ""2014"": -0.0021, ""2015"": 0.0474, ""2016"": 0.0074, ""2017"": 0.06, ""2018"": -0.1556, ""2019"": 0.1016, ""2020"": 0.0233, ""2021"": 0.1172, ""2022"": -0.1523, ""2023"": -0.0582, ""2024"": 0.0983, ""2025"": 0.0407, ""2026"": 0.0961}",0.12162767126180407,0.39783491204330174
ddv,True,10,0.01,1.0,745,0.03711022595363156,-0.4500335287605194,0.08246102475040115,-0.455812796175296,0.04361926245632208,-0.2932816662642628,0.1487282277543348,0.024500333619220216,-0.2914838428609473,0.08405383083585916,0.043667531408164484,-0.24986686860267482,0.17476319150420178,-0.2560014031780373,4,"{""2011"": 0.0, ""2012"": 0.0959, ""2013"": 0.3846, ""2014"": -0.0405, ""2015"": 0.0382, ""2016"": 0.0341, ""2017"": 0.1193, ""2018"": -0.2295, ""2019"": 0.1843, ""2020"": 0.0455, ""2021"": 0.1944, ""2022"": -0.256, ""2023"": -0.169, ""2024"": 0.1738, ""2025"": 0.0068, ""2026"": 0.1859}",0.11019894607672663,0.3946308724832215
ddv,True,10,0.02,1.0,715,0.04134604850114987,-0.5043011143573186,0.08198682756004075,-0.5029871924985566,0.036868331648953534,-0.29566884722651254,0.1246946778289044,0.032364957911004355,-0.3444282802848396,0.09396719074356721,0.06650175760947574,-0.25355606814434706,0.2622763402831161,-0.27689148885448,5,"{""2011"": 0.0, ""2012"": 0.0721, ""2013"": 0.3281, ""2014"": -0.0391, ""2015"": -0.0567, ""2016"": 0.0853, ""2017"": 0.1347, ""2018"": -0.1897, ""2019"": 0.1667, ""2020"": 0.1575, ""2021"": 0.1636, ""2022"": -0.2769, ""2023"": -0.1188, ""2024"": 0.1849, ""2025"": 0.0487, ""2026"": 0.1457}",0.10824756226926606,0.393006993006993
ddv,True,10,0.05,1.0,715,0.04134604850114987,-0.5043011143573186,0.08198682756004075,-0.5029871924985566,0.036868331648953534,-0.29566884722651254,0.1246946778289044,0.032364957911004355,-0.3444282802848396,0.09396719074356721,0.06650175760947574,-0.25355606814434706,0.2622763402831161,-0.27689148885448,5,"{""2011"": 0.0, ""2012"": 0.0721, ""2013"": 0.3281, ""2014"": -0.0391, ""2015"": -0.0567, ""2016"": 0.0853, ""2017"": 0.1347, ""2018"": -0.1897, ""2019"": 0.1667, ""2020"": 0.1575, ""2021"": 0.1636, ""2022"": -0.2769, ""2023"": -0.1188, ""2024"": 0.1849, ""2025"": 0.0487, ""2026"": 0.1457}",0.10824756226926606,0.393006993006993
ddv,True,15,0.005,1.0,1099,0.0385343849414812,-0.35430486305697473,0.10876053071640905,-0.3555424408821256,0.04979201511267828,-0.20487284466737032,0.24303862814771834,0.01653243819421757,-0.23621128825142934,0.06999004288321742,0.04694541494434801,-0.2047234455575736,0.22931137572684965,-0.18236201496304572,6,"{""2011"": 0.0, ""2012"": 0.058, ""2013"": 0.2824, ""2014"": -0.0095, ""2015"": -0.0002, ""2016"": 0.1029, ""2017"": 0.116, ""2018"": -0.1507, ""2019"": 0.1779, ""2020"": 0.0188, ""2021"": 0.0876, ""2022"": -0.1824, ""2023"": -0.0752, ""2024"": 0.2323, ""2025"": -0.0257, ""2026"": 0.0593}",0.12968460344059007,0.40036396724294815
ddv,True,15,0.01,1.0,1062,0.05570479335388523,-0.4226888467145612,0.1317867594256687,-0.423481027215976,0.065799429659406,-0.26478803821160357,0.24849849752964606,0.04108145666988294,-0.2567207838826868,0.1600238829461344,0.059941633254366744,-0.2486386274914517,0.24107932809606408,-0.19076311928902034,5,"{""2011"": 0.0, ""2012"": 0.1052, ""2013"": 0.3356, ""2014"": 0.0198, ""2015"": -0.0425, ""2016"": 0.0148, ""2017"": 0.2326, ""2018"": -0.1339, ""2019"": 0.2049, ""2020"": 0.0743, ""2021"": 0.1201, ""2022"": -0.1908, ""2023"": -0.1281, ""2024"": 0.3709, ""2025"": -0.0383, ""2026"": 0.0706}",0.12740070975782158,0.4030131826741996
ddv,True,15,0.02,1.0,1051,0.04567072481608059,-0.42268884671456164,0.10804809535682322,-0.42348102721597614,0.0485509306092784,-0.2511942779405111,0.19328040036316607,0.033383152419984796,-0.25672078388268693,0.1300368124274652,0.05972411711247316,-0.24857595426200219,0.24026506220116203,-0.19076311928902046,5,"{""2011"": 0.0, ""2012"": 0.1052, ""2013"": 0.3663, ""2014"": 0.0148, ""2015"": -0.0417, ""2016"": 0.0307, ""2017"": 0.0802, ""2018"": -0.1479, ""2019"": 0.1985, ""2020"": 0.0499, ""2021"": 0.1201, ""2022"": -0.1908, ""2023"": -0.1281, ""2024"": 0.3707, ""2025"": -0.0382, ""2026"": 0.0699}",0.11239942747289139,0.39961941008563273
ddv,True,15,0.05,1.0,1051,0.04567072481608059,-0.42268884671456164,0.10804809535682322,-0.42348102721597614,0.0485509306092784,-0.2511942779405111,0.19328040036316607,0.033383152419984796,-0.25672078388268693,0.1300368124274652,0.05972411711247316,-0.24857595426200219,0.24026506220116203,-0.19076311928902046,5,"{""2011"": 0.0, ""2012"": 0.1052, ""2013"": 0.3663, ""2014"": 0.0148, ""2015"": -0.0417, ""2016"": 0.0307, ""2017"": 0.0802, ""2018"": -0.1479, ""2019"": 0.1985, ""2020"": 0.0499, ""2021"": 0.1201, ""2022"": -0.1908, ""2023"": -0.1281, ""2024"": 0.3707, ""2025"": -0.0382, ""2026"": 0.0699}",0.11239942747289139,0.39961941008563273
ddv,True,20,0.005,1.0,1466,0.04375124183687684,-0.38575131121286155,0.11341825825378583,-0.3850827886765471,0.048057986620934745,-0.2479663419474898,0.19380850741070202,0.030100100453603673,-0.25548743025625276,0.11781440841693623,0.05693583693088766,-0.21954706816130454,0.2593331689998067,-0.20194182085612022,4,"{""2011"": 0.0, ""2012"": 0.0726, ""2013"": 0.2618, ""2014"": 0.0003, ""2015"": -0.0054, ""2016"": 0.1027, ""2017"": 0.1354, ""2018"": -0.1764, ""2019"": 0.171, ""2020"": 0.0677, ""2021"": 0.1275, ""2022"": -0.2019, ""2023"": -0.1011, ""2024"": 0.2526, ""2025"": 0.0172, ""2026"": 0.0624}",0.11661844380315509,0.39768076398362895
ddv,True,20,0.01,1.0,1411,0.05249111959859465,-0.39547677216794674,0.13272870442136434,-0.393640635466036,0.04832541499689946,-0.25454061417277507,0.18985345483647462,0.0519062144437048,-0.2680570631255199,0.19363867468546908,0.06881135619727896,-0.2336203324764654,0.29454352482017343,-0.19934879386687265,5,"{""2011"": 0.0, ""2012"": 0.089, ""2013"": 0.3795, ""2014"": -0.0298, ""2015"": -0.0406, ""2016"": 0.103, ""2017"": 0.1212, ""2018"": -0.1956, ""2019"": 0.1991, ""2020"": 0.0778, ""2021"": 0.1821, ""2022"": -0.1993, ""2023"": -0.1189, ""2024"": 0.2843, ""2025"": 0.0052, ""2026"": 0.113}",0.1208095336590604,0.3997165131112686
ddv,True,20,0.02,1.0,1411,0.05249111959859465,-0.39547677216794674,0.13272870442136434,-0.393640635466036,0.04832541499689946,-0.25454061417277507,0.18985345483647462,0.0519062144437048,-0.2680570631255199,0.19363867468546908,0.06881135619727896,-0.2336203324764654,0.29454352482017343,-0.19934879386687265,5,"{""2011"": 0.0, ""2012"": 0.089, ""2013"": 0.3795, ""2014"": -0.0298, ""2015"": -0.0406, ""2016"": 0.103, ""2017"": 0.1212, ""2018"": -0.1956, ""2019"": 0.1991, ""2020"": 0.0778, ""2021"": 0.1821, ""2022"": -0.1993, ""2023"": -0.1189, ""2024"": 0.2843, ""2025"": 0.0052, ""2026"": 0.113}",0.1208095336590604,0.3997165131112686
ddv,True,20,0.05,1.0,1411,0.05249111959859465,-0.39547677216794674,0.13272870442136434,-0.393640635466036,0.04832541499689946,-0.25454061417277507,0.18985345483647462,0.0519062144437048,-0.2680570631255199,0.19363867468546908,0.06881135619727896,-0.2336203324764654,0.29454352482017343,-0.19934879386687265,5,"{""2011"": 0.0, ""2012"": 0.089, ""2013"": 0.3795, ""2014"": -0.0298, ""2015"": -0.0406, ""2016"": 0.103, ""2017"": 0.1212, ""2018"": -0.1956, ""2019"": 0.1991, ""2020"": 0.0778, ""2021"": 0.1821, ""2022"": -0.1993, ""2023"": -0.1189, ""2024"": 0.2843, ""2025"": 0.0052, ""2026"": 0.113}",0.1208095336590604,0.3997165131112686
ddv,True,30,0.005,1.0,2161,0.05192378838906464,-0.40373459967270253,0.128608715802802,-0.4023951205097497,0.052213174968555265,-0.22688744104863567,0.23012809667751874,0.03714049523876506,-0.2709936821729,0.13705299304752278,0.07586931924749973,-0.23275043379962557,0.32596854067655784,-0.2070573890183416,4,"{""2011"": 0.0, ""2012"": 0.0653, ""2013"": 0.3663, ""2014"": 0.0013, ""2015"": -0.0633, ""2016"": 0.0867, ""2017"": 0.1428, ""2018"": -0.1579, ""2019"": 0.176, ""2020"": 0.057, ""2021"": 0.1711, ""2022"": -0.2071, ""2023"": -0.1131, ""2024"": 0.2893, ""2025"": 0.0316, ""2026"": 0.0992}",0.13485086045010974,0.4035168903285516
ddv,True,30,0.01,1.0,2169,0.049663242344097025,-0.40376256070179595,0.12300110802194078,-0.4024231443515248,0.04938352766744902,-0.25129512943308796,0.19651605575824865,0.03661754537433337,-0.27102876099502826,0.13510575497559493,0.07249647106766344,-0.23275057073260919,0.3114770925780008,-0.20709434286425532,4,"{""2011"": 0.0, ""2012"": 0.0653, ""2013"": 0.3663, ""2014"": 0.0012, ""2015"": -0.0633, ""2016"": 0.0867, ""2017"": 0.1589, ""2018"": -0.1851, ""2019"": 0.171, ""2020"": 0.0592, ""2021"": 0.1711, ""2022"": -0.2071, ""2023"": -0.1131, ""2024"": 0.2892, ""2025"": 0.0316, ""2026"": 0.087}",0.13236451223995505,0.4029506685108345
ddv,True,30,0.02,1.0,2169,0.049663242344097025,-0.40376256070179595,0.12300110802194078,-0.4024231443515248,0.04938352766744902,-0.25129512943308796,0.19651605575824865,0.03661754537433337,-0.27102876099502826,0.13510575497559493,0.07249647106766344,-0.23275057073260919,0.3114770925780008,-0.20709434286425532,4,"{""2011"": 0.0, ""2012"": 0.0653, ""2013"": 0.3663, ""2014"": 0.0012, ""2015"": -0.0633, ""2016"": 0.0867, ""2017"": 0.1589, ""2018"": -0.1851, ""2019"": 0.171, ""2020"": 0.0592, ""2021"": 0.1711, ""2022"": -0.2071, ""2023"": -0.1131, ""2024"": 0.2892, ""2025"": 0.0316, ""2026"": 0.087}",0.13236451223995505,0.4029506685108345
ddv,True,30,0.05,1.0,2169,0.049663242344097025,-0.40376256070179595,0.12300110802194078,-0.4024231443515248,0.04938352766744902,-0.25129512943308796,0.19651605575824865,0.03661754537433337,-0.27102876099502826,0.13510575497559493,0.07249647106766344,-0.23275057073260919,0.3114770925780008,-0.20709434286425532,4,"{""2011"": 0.0, ""2012"": 0.0653, ""2013"": 0.3663, ""2014"": 0.0012, ""2015"": -0.0633, ""2016"": 0.0867, ""2017"": 0.1589, ""2018"": -0.1851, ""2019"": 0.171, ""2020"": 0.0592, ""2021"": 0.1711, ""2022"": -0.2071, ""2023"": -0.1131, ""2024"": 0.2892, ""2025"": 0.0316, ""2026"": 0.087}",0.13236451223995505,0.4029506685108345
