rank,asc,slots,risk,max_gross,n,all_cagr,all_dd,all_mar,all_dd_intraday,train_cagr,train_dd,train_mar,valid_cagr,valid_dd,valid_mar,hold_cagr,hold_dd,hold_mar,worst_year,neg_years,years,avg_r,win
none,False,5,0.005,1.0,408,0.020189529945611406,-0.09688526434974154,0.20838597160379493,-0.09275074296250385,0.02075624613157223,-0.07262594260415678,0.28579658159760996,0.03129817969104387,-0.09068240525304405,0.34514059925636176,0.009332527442615035,-0.09688526434974154,0.09632556101540875,-0.05348683512536889,6,"{""2011"": 0.0, ""2012"": 0.045, ""2013"": 0.0779, ""2014"": -0.0064, ""2015"": -0.0041, ""2016"": 0.0363, ""2017"": 0.0559, ""2018"": -0.0535, ""2019"": 0.0989, ""2020"": 0.0102, ""2021"": 0.0689, ""2022"": -0.0469, ""2023"": 0.0752, ""2024"": 0.0041, ""2025"": -0.0276, ""2026"": -0.0153}",0.15896093009907428,0.40931372549019607
none,False,5,0.01,1.0,408,0.03611492092360513,-0.1879531422144819,0.19214853499173082,-0.18064632970329653,0.03753112730560426,-0.1371078503880736,0.2737343427044855,0.055481979978203144,-0.17145283089660635,0.323599089545866,0.016666510812823443,-0.1879531422144819,0.08867375462020491,-0.10612200205311417,6,"{""2011"": 0.0, ""2012"": 0.0893, ""2013"": 0.1388, ""2014"": -0.0149, ""2015"": -0.0068, ""2016"": 0.0764, ""2017"": 0.1081, ""2018"": -0.1061, ""2019"": 0.1892, ""2020"": 0.009, ""2021"": 0.1389, ""2022"": -0.0922, ""2023"": 0.1514, ""2024"": 0.0103, ""2025"": -0.059, ""2026"": -0.031}",0.15896093009907428,0.40931372549019607
none,False,5,0.02,1.0,408,0.03798077008349088,-0.3282771834401569,0.11569725829091793,-0.32285491919990494,0.03856899589286478,-0.2527057729765865,0.15262411870756212,0.08908127712517988,-0.27145036244613796,0.3281678326837956,-0.012870306804399823,-0.3282771834401569,-0.03920560871616595,-0.20085380065268998,6,"{""2011"": 0.0, ""2012"": 0.1354, ""2013"": 0.2404, ""2014"": 0.0517, ""2015"": -0.0697, ""2016"": 0.0114, ""2017"": 0.1699, ""2018"": -0.2009, ""2019"": 0.2389, ""2020"": 0.0039, ""2021"": 0.2826, ""2022"": -0.1188, ""2023"": 0.1974, ""2024"": -0.0243, ""2025"": -0.1521, ""2026"": -0.0361}",0.1262146973970791,0.39950980392156865
none,False,5,0.05,1.0,422,0.08236974378146988,-0.27990207123773214,0.29428057969428145,-0.28087658459536335,0.12153368920637386,-0.1882979717883242,0.6454328108376886,0.0838550640498914,-0.2396458158450696,0.3499124896221993,0.017445578633412895,-0.27990207123773214,0.06232743672195144,-0.13417277540422834,5,"{""2011"": 0.0, ""2012"": 0.1354, ""2013"": 0.2722, ""2014"": -0.0761, ""2015"": 0.1039, ""2016"": 0.0735, ""2017"": 0.4102, ""2018"": -0.0, ""2019"": 0.1778, ""2020"": 0.0884, ""2021"": 0.2316, ""2022"": -0.1247, ""2023"": 0.2256, ""2024"": 0.0673, ""2025"": -0.1342, ""2026"": -0.0609}",0.2228957999212183,0.4312796208530806
none,False,10,0.005,1.0,807,0.038793353172416056,-0.20316635174222253,0.19094378985373062,-0.21014662693927055,0.0528175471836958,-0.13617600172410016,0.38786237306854526,0.014147299878973119,-0.16266255101760774,0.08697330633552966,0.04439432007965416,-0.12102230237288636,0.3668275946599425,-0.11568994021635348,5,"{""2011"": 0.0, ""2012"": 0.0607, ""2013"": 0.1503, ""2014"": -0.0133, ""2015"": 0.0058, ""2016"": 0.0703, ""2017"": 0.1944, ""2018"": -0.0742, ""2019"": 0.1402, ""2020"": -0.0413, ""2021"": 0.0942, ""2022"": -0.1157, ""2023"": 0.1285, ""2024"": 0.0634, ""2025"": -0.0277, ""2026"": 0.0005}",0.1669638143764707,0.41511771995043373
none,False,10,0.01,1.0,782,0.05624816817195755,-0.28303389083433905,0.1987329786060138,-0.2816015168800097,0.07176779156511137,-0.20990287138988928,0.34190952743950087,0.04183663073845567,-0.2484015581873471,0.168423382863412,0.04957757396316298,-0.23116676454567642,0.21446670355316977,-0.15992085546696733,6,"{""2011"": 0.0, ""2012"": 0.1088, ""2013"": 0.381, ""2014"": -0.0686, ""2015"": -0.0781, ""2016"": 0.141, ""2017"": 0.1734, ""2018"": -0.0777, ""2019"": 0.1907, ""2020"": -0.0775, ""2021"": 0.2763, ""2022"": -0.1599, ""2023"": 0.0909, ""2024"": 0.1221, ""2025"": -0.0768, ""2026"": 0.0515}",0.18451720098446092,0.42071611253196933
none,False,10,0.02,1.0,788,0.05453689664044448,-0.32159909201520553,0.1695803812713063,-0.32151293237932954,0.07488008296619686,-0.21840790093851525,0.34284511981678084,0.023154391623795068,-0.25474510632257363,0.09089239027216318,0.05774627518206188,-0.15912853908655522,0.3628907518006672,-0.19456929046387195,4,"{""2011"": 0.0, ""2012"": 0.1188, ""2013"": 0.2074, ""2014"": 0.0511, ""2015"": -0.0201, ""2016"": 0.0261, ""2017"": 0.2944, ""2018"": -0.1034, ""2019"": 0.1749, ""2020"": -0.0187, ""2021"": 0.1799, ""2022"": -0.1946, ""2023"": 0.1081, ""2024"": 0.0362, ""2025"": 0.0518, ""2026"": 0.0115}",0.1707574329187755,0.41751269035532995
none,False,10,0.05,1.0,788,0.05453689664044448,-0.32159909201520553,0.1695803812713063,-0.32151293237932954,0.07488008296619686,-0.21840790093851525,0.34284511981678084,0.023154391623795068,-0.25474510632257363,0.09089239027216318,0.05774627518206188,-0.15912853908655522,0.3628907518006672,-0.19456929046387195,4,"{""2011"": 0.0, ""2012"": 0.1188, ""2013"": 0.2074, ""2014"": 0.0511, ""2015"": -0.0201, ""2016"": 0.0261, ""2017"": 0.2944, ""2018"": -0.1034, ""2019"": 0.1749, ""2020"": -0.0187, ""2021"": 0.1799, ""2022"": -0.1946, ""2023"": 0.1081, ""2024"": 0.0362, ""2025"": 0.0518, ""2026"": 0.0115}",0.1707574329187755,0.41751269035532995
none,False,15,0.005,1.0,1191,0.048623417248985445,-0.2725747537254476,0.17838562296918242,-0.27910465851014066,0.06191724788337982,-0.1690093705113025,0.3663539346727471,0.012828601076375623,-0.23238282335117566,0.05520460114639846,0.07028968041549422,-0.17007069686328202,0.4132968330928833,-0.1707705583363689,6,"{""2011"": 0.0, ""2012"": 0.0865, ""2013"": 0.2301, ""2014"": -0.0253, ""2015"": -0.0119, ""2016"": 0.0647, ""2017"": 0.1917, ""2018"": -0.068, ""2019"": 0.1636, ""2020"": -0.0174, ""2021"": 0.1086, ""2022"": -0.1708, ""2023"": 0.1461, ""2024"": 0.1133, ""2025"": -0.0535, ""2026"": 0.0549}",0.16976355100680632,0.4156171284634761
none,False,15,0.01,1.0,1142,0.04861386392823008,-0.30024230585126965,0.1619154362353979,-0.30419584391331433,0.04581891013020312,-0.19986515306126318,0.22924911836011047,0.03058168051958532,-0.25094183184977203,0.12186760690379132,0.0815607530803597,-0.1632187859902109,0.4997019956100601,-0.20699552821801182,5,"{""2011"": 0.0, ""2012"": 0.0968, ""2013"": 0.2539, ""2014"": -0.0569, ""2015"": -0.0186, ""2016"": 0.0354, ""2017"": 0.2111, ""2018"": -0.143, ""2019"": 0.1839, ""2020"": 0.012, ""2021"": 0.1858, ""2022"": -0.207, ""2023"": 0.1232, ""2024"": 0.1468, ""2025"": -0.0006, ""2026"": 0.0273}",0.1572956939162354,0.4124343257443082
none,False,15,0.02,1.0,1142,0.0368086592468897,-0.30352957256701496,0.12126877435892305,-0.3080596721311689,0.04581891013020312,-0.19986515306126318,0.22924911836011047,0.030523354392977486,-0.2511111490357195,0.12155316285313826,0.031313910676008305,-0.2254853757174201,0.13887335520708502,-0.20717466587346978,5,"{""2011"": 0.0, ""2012"": 0.0968, ""2013"": 0.2539, ""2014"": -0.0569, ""2015"": -0.0186, ""2016"": 0.0354, ""2017"": 0.2111, ""2018"": -0.143, ""2019"": 0.1839, ""2020"": 0.012, ""2021"": 0.1858, ""2022"": -0.2072, ""2023"": 0.1286, ""2024"": 0.095, ""2025"": -0.1242, ""2026"": 0.0313}",0.12960183432716857,0.4028021015761821
none,False,15,0.05,1.0,1142,0.0368086592468897,-0.30352957256701496,0.12126877435892305,-0.3080596721311689,0.04581891013020312,-0.19986515306126318,0.22924911836011047,0.030523354392977486,-0.2511111490357195,0.12155316285313826,0.031313910676008305,-0.2254853757174201,0.13887335520708502,-0.20717466587346978,5,"{""2011"": 0.0, ""2012"": 0.0968, ""2013"": 0.2539, ""2014"": -0.0569, ""2015"": -0.0186, ""2016"": 0.0354, ""2017"": 0.2111, ""2018"": -0.143, ""2019"": 0.1839, ""2020"": 0.012, ""2021"": 0.1858, ""2022"": -0.2072, ""2023"": 0.1286, ""2024"": 0.095, ""2025"": -0.1242, ""2026"": 0.0313}",0.12960183432716857,0.4028021015761821
none,False,20,0.005,1.0,1577,0.05850397383391015,-0.3027037934429194,0.19327135999351852,-0.3085196630501289,0.059832050312473184,-0.20905527625673148,0.2862020580575833,0.03332116134877361,-0.25369353808155204,0.1313441469607406,0.0929629132680132,-0.192425254301122,0.48311181193783226,-0.20326236058901226,3,"{""2011"": 0.0, ""2012"": 0.0672, ""2013"": 0.3022, ""2014"": 0.0091, ""2015"": -0.0815, ""2016"": 0.0358, ""2017"": 0.1684, ""2018"": -0.0369, ""2019"": 0.2183, ""2020"": 0.0581, ""2021"": 0.1083, ""2022"": -0.2033, ""2023"": 0.096, ""2024"": 0.1253, ""2025"": 0.0171, ""2026"": 0.0943}",0.17471196799718414,0.41724793912492075
none,False,20,0.01,1.0,1521,0.043655140042133445,-0.307163521489197,0.14212345212896252,-0.31163213086978425,0.04107017262949375,-0.21974117417305872,0.1869024900956825,0.01824720782947753,-0.2661821569776659,0.06855158150592554,0.08477920828434393,-0.18570488962973608,0.4565265268640973,-0.19708067432090448,5,"{""2011"": 0.0, ""2012"": 0.0817, ""2013"": 0.2664, ""2014"": -0.0367, ""2015"": -0.0409, ""2016"": 0.0345, ""2017"": 0.2074, ""2018"": -0.1618, ""2019"": 0.1829, ""2020"": 0.014, ""2021"": 0.113, ""2022"": -0.1971, ""2023"": 0.1387, ""2024"": 0.1324, ""2025"": -0.0174, ""2026"": 0.0549}",0.14421654407058396,0.4076265614727153
none,False,20,0.02,1.0,1521,0.043655140042133445,-0.307163521489197,0.14212345212896252,-0.31163213086978425,0.04107017262949375,-0.21974117417305872,0.1869024900956825,0.01824720782947753,-0.2661821569776659,0.06855158150592554,0.08477920828434393,-0.18570488962973608,0.4565265268640973,-0.19708067432090448,5,"{""2011"": 0.0, ""2012"": 0.0817, ""2013"": 0.2664, ""2014"": -0.0367, ""2015"": -0.0409, ""2016"": 0.0345, ""2017"": 0.2074, ""2018"": -0.1618, ""2019"": 0.1829, ""2020"": 0.014, ""2021"": 0.113, ""2022"": -0.1971, ""2023"": 0.1387, ""2024"": 0.1324, ""2025"": -0.0174, ""2026"": 0.0549}",0.14421654407058396,0.4076265614727153
none,False,20,0.05,1.0,1521,0.043655140042133445,-0.307163521489197,0.14212345212896252,-0.31163213086978425,0.04107017262949375,-0.21974117417305872,0.1869024900956825,0.01824720782947753,-0.2661821569776659,0.06855158150592554,0.08477920828434393,-0.18570488962973608,0.4565265268640973,-0.19708067432090448,5,"{""2011"": 0.0, ""2012"": 0.0817, ""2013"": 0.2664, ""2014"": -0.0367, ""2015"": -0.0409, ""2016"": 0.0345, ""2017"": 0.2074, ""2018"": -0.1618, ""2019"": 0.1829, ""2020"": 0.014, ""2021"": 0.113, ""2022"": -0.1971, ""2023"": 0.1387, ""2024"": 0.1324, ""2025"": -0.0174, ""2026"": 0.0549}",0.14421654407058396,0.4076265614727153
none,False,30,0.005,1.0,2239,0.05578327508319836,-0.31421222466905707,0.17753375172449734,-0.32100336909086813,0.0604209237299127,-0.18218589127298235,0.3316443622924656,0.01839909651563687,-0.259976217191893,0.07077222953073502,0.09822553725455374,-0.18519909260642486,0.5303780697419364,-0.21776500656943365,4,"{""2011"": 0.0, ""2012"": 0.0867, ""2013"": 0.2984, ""2014"": 0.0406, ""2015"": -0.0016, ""2016"": 0.0106, ""2017"": 0.1706, ""2018"": -0.1309, ""2019"": 0.1683, ""2020"": -0.0003, ""2021"": 0.1738, ""2022"": -0.2178, ""2023"": 0.0699, ""2024"": 0.1493, ""2025"": 0.0563, ""2026"": 0.0752}",0.1731054555435236,0.4171505136221528
none,False,30,0.01,1.0,2239,0.05577549714482699,-0.3142879932004733,0.1774662040915122,-0.3210783873099313,0.0604209237299127,-0.18218589127298235,0.3316443622924656,0.018370908284868648,-0.2600580171337905,0.07064157639646032,0.09822553725455396,-0.18519909260642442,0.5303780697419388,-0.21785143096894355,4,"{""2011"": 0.0, ""2012"": 0.0867, ""2013"": 0.2984, ""2014"": 0.0406, ""2015"": -0.0016, ""2016"": 0.0106, ""2017"": 0.1706, ""2018"": -0.1309, ""2019"": 0.1683, ""2020"": -0.0003, ""2021"": 0.1738, ""2022"": -0.2179, ""2023"": 0.0699, ""2024"": 0.1493, ""2025"": 0.0563, ""2026"": 0.0752}",0.1731054555435236,0.4171505136221528
none,False,30,0.02,1.0,2239,0.05577549714482699,-0.3142879932004733,0.1774662040915122,-0.3210783873099313,0.0604209237299127,-0.18218589127298235,0.3316443622924656,0.018370908284868648,-0.2600580171337905,0.07064157639646032,0.09822553725455396,-0.18519909260642442,0.5303780697419388,-0.21785143096894355,4,"{""2011"": 0.0, ""2012"": 0.0867, ""2013"": 0.2984, ""2014"": 0.0406, ""2015"": -0.0016, ""2016"": 0.0106, ""2017"": 0.1706, ""2018"": -0.1309, ""2019"": 0.1683, ""2020"": -0.0003, ""2021"": 0.1738, ""2022"": -0.2179, ""2023"": 0.0699, ""2024"": 0.1493, ""2025"": 0.0563, ""2026"": 0.0752}",0.1731054555435236,0.4171505136221528
none,False,30,0.05,1.0,2239,0.05577549714482699,-0.3142879932004733,0.1774662040915122,-0.3210783873099313,0.0604209237299127,-0.18218589127298235,0.3316443622924656,0.018370908284868648,-0.2600580171337905,0.07064157639646032,0.09822553725455396,-0.18519909260642442,0.5303780697419388,-0.21785143096894355,4,"{""2011"": 0.0, ""2012"": 0.0867, ""2013"": 0.2984, ""2014"": 0.0406, ""2015"": -0.0016, ""2016"": 0.0106, ""2017"": 0.1706, ""2018"": -0.1309, ""2019"": 0.1683, ""2020"": -0.0003, ""2021"": 0.1738, ""2022"": -0.2179, ""2023"": 0.0699, ""2024"": 0.1493, ""2025"": 0.0563, ""2026"": 0.0752}",0.1731054555435236,0.4171505136221528
ret252,False,5,0.005,1.0,428,0.024003567669074855,-0.12043768025808566,0.19930280637785167,-0.11850897247661585,0.03190465391033914,-0.0972211340702076,0.3281658274763531,0.03685287152024341,-0.07248295462055754,0.5084350067290336,-0.0023309824934699686,-0.12043768025808566,-0.019354262623415785,-0.048002060171252414,5,"{""2011"": 0.0, ""2012"": 0.035, ""2013"": 0.1562, ""2014"": 0.0334, ""2015"": 0.0488, ""2016"": -0.0264, ""2017"": 0.0361, ""2018"": -0.048, ""2019"": 0.0347, ""2020"": 0.0417, ""2021"": 0.1106, ""2022"": -0.0348, ""2023"": 0.0442, ""2024"": 0.0168, ""2025"": -0.0342, ""2026"": -0.0329}",0.17778751555100172,0.4182242990654206
ret252,False,5,0.01,1.0,428,0.04484311534663599,-0.23198291754283518,0.19330352347325658,-0.22880189252491712,0.06093947146722378,-0.18811081355485537,0.32395517469522345,0.07181229517122323,-0.13951063430019794,0.5147442381825752,-0.009092844789210575,-0.23198291754283518,-0.03919618257034637,-0.09534668158740289,5,"{""2011"": 0.0, ""2012"": 0.0675, ""2013"": 0.331, ""2014"": 0.0705, ""2015"": 0.0942, ""2016"": -0.0522, ""2017"": 0.0597, ""2018"": -0.0953, ""2019"": 0.0652, ""2020"": 0.0765, ""2021"": 0.2282, ""2022"": -0.0635, ""2023"": 0.083, ""2024"": 0.0302, ""2025"": -0.0721, ""2026"": -0.065}",0.17778751555100172,0.4182242990654206
ret252,False,5,0.02,1.0,434,0.07233998826679877,-0.3335389759171704,0.2168861617083197,-0.32963855469365244,0.08307269543652929,-0.3298673229725818,0.2518366920612934,0.15967308490303656,-0.19247130084396802,0.8295942522489614,-0.028166443891991633,-0.3335389759171704,-0.08444723383388442,-0.19014468341937163,5,"{""2011"": 0.0, ""2012"": 0.123, ""2013"": 0.6197, ""2014"": 0.1731, ""2015"": 0.0675, ""2016"": -0.078, ""2017"": 0.0272, ""2018"": -0.1901, ""2019"": 0.1765, ""2020"": 0.1173, ""2021"": 0.4244, ""2022"": -0.0352, ""2023"": 0.104, ""2024"": 0.0172, ""2025"": -0.0867, ""2026"": -0.1194}",0.15816377895921716,0.41244239631336405
ret252,False,5,0.05,1.0,414,0.08324143504235959,-0.33982032325945233,0.2449572004520897,-0.33702590790599407,0.09439489443810833,-0.2782250806436287,0.3392752882656769,0.16066409721958297,-0.23977598829808056,0.6700591596346643,-0.007343476006793304,-0.33982032325945233,-0.021609878821716527,-0.15722413340421348,5,"{""2011"": 0.0, ""2012"": 0.1184, ""2013"": 0.4154, ""2014"": 0.0334, ""2015"": 0.1236, ""2016"": -0.0309, ""2017"": 0.1038, ""2018"": -0.0442, ""2019"": 0.1426, ""2020"": 0.0777, ""2021"": 0.4757, ""2022"": -0.0025, ""2023"": 0.0923, ""2024"": 0.2015, ""2025"": -0.1572, ""2026"": -0.1193}",0.17562235107889393,0.42028985507246375
ret252,False,10,0.005,1.0,830,0.044938142126352165,-0.15656223632143684,0.287030532919126,-0.15887592418518126,0.05191446769752872,-0.1522690044349605,0.3409391680872468,0.0546909896480281,-0.1366577379653272,0.40020411915426474,0.02667446211990976,-0.13013124156446398,0.20498123124949863,-0.07632593573239344,3,"{""2011"": 0.0, ""2012"": 0.0472, ""2013"": 0.1829, ""2014"": 0.0534, ""2015"": 0.0735, ""2016"": 0.0336, ""2017"": 0.0653, ""2018"": -0.0763, ""2019"": 0.072, ""2020"": 0.0859, ""2021"": 0.1316, ""2022"": -0.062, ""2023"": 0.0125, ""2024"": 0.1045, ""2025"": -0.0509, ""2026"": 0.0348}",0.17793440175379202,0.41445783132530123
ret252,False,10,0.01,1.0,827,0.05481507850781697,-0.28500018996731025,0.19233348059909822,-0.28985228223321213,0.07549119548120298,-0.26089625836509067,0.28935330830066097,0.09411011709180772,-0.23762633555351886,0.39604245410169187,-0.018771004344328657,-0.2426931400857094,-0.07734460206703617,-0.09990781567892615,6,"{""2011"": 0.0, ""2012"": 0.0831, ""2013"": 0.3025, ""2014"": 0.0484, ""2015"": -0.0093, ""2016"": 0.0755, ""2017"": 0.1728, ""2018"": -0.0999, ""2019"": 0.0992, ""2020"": 0.1504, ""2021"": 0.2266, ""2022"": -0.0768, ""2023"": -0.0827, ""2024"": 0.1293, ""2025"": -0.0964, ""2026"": -0.0014}",0.14997605287122615,0.40386940749697703
ret252,False,10,0.02,1.0,828,0.07046236048064936,-0.33561438930315024,0.20995035590384908,-0.33786833725669096,0.11835246118477682,-0.2795692442036699,0.4233386312643013,0.06399380629401374,-0.26158924876814726,0.24463469578878974,-0.0023935626396396348,-0.2259022014273272,-0.010595570226922488,-0.17623167597800182,4,"{""2011"": 0.0, ""2012"": 0.0704, ""2013"": 0.4477, ""2014"": 0.1931, ""2015"": 0.1751, ""2016"": 0.0179, ""2017"": 0.1999, ""2018"": -0.1762, ""2019"": 0.0963, ""2020"": 0.1063, ""2021"": 0.1696, ""2022"": -0.0971, ""2023"": -0.1144, ""2024"": 0.1433, ""2025"": -0.0806, ""2026"": 0.0652}",0.16611513957528576,0.4106280193236715
ret252,False,10,0.05,1.0,828,0.07046236048064936,-0.33561438930315024,0.20995035590384908,-0.33786833725669096,0.11835246118477682,-0.2795692442036699,0.4233386312643013,0.06399380629401374,-0.26158924876814726,0.24463469578878974,-0.0023935626396396348,-0.2259022014273272,-0.010595570226922488,-0.17623167597800182,4,"{""2011"": 0.0, ""2012"": 0.0704, ""2013"": 0.4477, ""2014"": 0.1931, ""2015"": 0.1751, ""2016"": 0.0179, ""2017"": 0.1999, ""2018"": -0.1762, ""2019"": 0.0963, ""2020"": 0.1063, ""2021"": 0.1696, ""2022"": -0.0971, ""2023"": -0.1144, ""2024"": 0.1433, ""2025"": -0.0806, ""2026"": 0.0652}",0.16611513957528576,0.4106280193236715
ret252,False,15,0.005,1.0,1259,0.06046943317947351,-0.25402096113937145,0.23804898976937686,-0.25533652567752685,0.0688091164832283,-0.21657594839937488,0.3177135641873837,0.05158793269708095,-0.18439794141260657,0.2797641465077337,0.06231898026310301,-0.1683969590993386,0.370071886074502,-0.11954380071904414,2,"{""2011"": 0.0, ""2012"": 0.0611, ""2013"": 0.2986, ""2014"": 0.0229, ""2015"": 0.0615, ""2016"": 0.0432, ""2017"": 0.159, ""2018"": -0.1195, ""2019"": 0.0342, ""2020"": 0.1206, ""2021"": 0.1875, ""2022"": -0.1127, ""2023"": 0.0074, ""2024"": 0.1576, ""2025"": 0.0241, ""2026"": 0.0387}",0.16921618663284413,0.41223193010325654
ret252,False,15,0.01,1.0,1169,0.08065611799819039,-0.26136398653907356,0.3085969075779016,-0.26311409916896156,0.09003449840217348,-0.2330236865384827,0.3863748777629296,0.1103635352955552,-0.22403045586764647,0.49262737455998473,0.041155523959471196,-0.21994897758350307,0.18711395893552907,-0.11113296320319688,5,"{""2011"": 0.0, ""2012"": 0.0689, ""2013"": 0.4086, ""2014"": 0.0751, ""2015"": 0.0587, ""2016"": -0.0009, ""2017"": 0.1728, ""2018"": -0.0901, ""2019"": 0.1135, ""2020"": 0.1631, ""2021"": 0.3178, ""2022"": -0.1111, ""2023"": -0.0456, ""2024"": 0.2262, ""2025"": -0.0509, ""2026"": 0.0395}",0.19899004017383576,0.42001710863986313
ret252,False,15,0.02,1.0,1169,0.08065611799819039,-0.26136398653907356,0.3085969075779016,-0.26311409916896156,0.09003449840217348,-0.2330236865384827,0.3863748777629296,0.1103635352955552,-0.22403045586764647,0.49262737455998473,0.041155523959471196,-0.21994897758350307,0.18711395893552907,-0.11113296320319688,5,"{""2011"": 0.0, ""2012"": 0.0689, ""2013"": 0.4086, ""2014"": 0.0751, ""2015"": 0.0587, ""2016"": -0.0009, ""2017"": 0.1728, ""2018"": -0.0901, ""2019"": 0.1135, ""2020"": 0.1631, ""2021"": 0.3178, ""2022"": -0.1111, ""2023"": -0.0456, ""2024"": 0.2262, ""2025"": -0.0509, ""2026"": 0.0395}",0.19899004017383576,0.42001710863986313
ret252,False,15,0.05,1.0,1169,0.08065611799819039,-0.26136398653907356,0.3085969075779016,-0.26311409916896156,0.09003449840217348,-0.2330236865384827,0.3863748777629296,0.1103635352955552,-0.22403045586764647,0.49262737455998473,0.041155523959471196,-0.21994897758350307,0.18711395893552907,-0.11113296320319688,5,"{""2011"": 0.0, ""2012"": 0.0689, ""2013"": 0.4086, ""2014"": 0.0751, ""2015"": 0.0587, ""2016"": -0.0009, ""2017"": 0.1728, ""2018"": -0.0901, ""2019"": 0.1135, ""2020"": 0.1631, ""2021"": 0.3178, ""2022"": -0.1111, ""2023"": -0.0456, ""2024"": 0.2262, ""2025"": -0.0509, ""2026"": 0.0395}",0.19899004017383576,0.42001710863986313
ret252,False,20,0.005,1.0,1650,0.08568279715082738,-0.28889126965536527,0.29659185358229495,-0.2878732309467792,0.11448091423311313,-0.20451058221714224,0.5597799047462555,0.05726581576259693,-0.2177171258493823,0.26302853089386125,0.07372547319948053,-0.2100732964780725,0.3509511891111587,-0.1376915382761471,3,"{""2011"": 0.0, ""2012"": 0.0726, ""2013"": 0.3885, ""2014"": 0.0414, ""2015"": 0.0725, ""2016"": 0.0749, ""2017"": 0.2588, ""2018"": -0.0519, ""2019"": 0.1094, ""2020"": 0.0781, ""2021"": 0.2099, ""2022"": -0.1377, ""2023"": -0.0299, ""2024"": 0.2499, ""2025"": 0.0061, ""2026"": 0.0563}",0.20367749260885035,0.42303030303030303
ret252,False,20,0.01,1.0,1585,0.06297195401864575,-0.31664541988280637,0.19887214551201246,-0.31786747971385787,0.08805230658829544,-0.20263633035045792,0.4345336615404043,0.04227329161076132,-0.21906436604789792,0.19297201262535946,0.0464602686863802,-0.21939731360873338,0.21176316119000463,-0.14542990309819526,4,"{""2011"": 0.0, ""2012"": 0.079, ""2013"": 0.3281, ""2014"": 0.0326, ""2015"": 0.028, ""2016"": 0.0639, ""2017"": 0.1849, ""2018"": -0.0591, ""2019"": 0.0543, ""2020"": 0.0939, ""2021"": 0.1954, ""2022"": -0.1454, ""2023"": -0.0508, ""2024"": 0.2044, ""2025"": -0.0112, ""2026"": 0.0401}",0.16595983138151915,0.41009463722397477
ret252,False,20,0.02,1.0,1585,0.06297195401864575,-0.31664541988280637,0.19887214551201246,-0.31786747971385787,0.08805230658829544,-0.20263633035045792,0.4345336615404043,0.04227329161076132,-0.21906436604789792,0.19297201262535946,0.0464602686863802,-0.21939731360873338,0.21176316119000463,-0.14542990309819526,4,"{""2011"": 0.0, ""2012"": 0.079, ""2013"": 0.3281, ""2014"": 0.0326, ""2015"": 0.028, ""2016"": 0.0639, ""2017"": 0.1849, ""2018"": -0.0591, ""2019"": 0.0543, ""2020"": 0.0939, ""2021"": 0.1954, ""2022"": -0.1454, ""2023"": -0.0508, ""2024"": 0.2044, ""2025"": -0.0112, ""2026"": 0.0401}",0.16595983138151915,0.41009463722397477
ret252,False,20,0.05,1.0,1585,0.06297195401864575,-0.31664541988280637,0.19887214551201246,-0.31786747971385787,0.08805230658829544,-0.20263633035045792,0.4345336615404043,0.04227329161076132,-0.21906436604789792,0.19297201262535946,0.0464602686863802,-0.21939731360873338,0.21176316119000463,-0.14542990309819526,4,"{""2011"": 0.0, ""2012"": 0.079, ""2013"": 0.3281, ""2014"": 0.0326, ""2015"": 0.028, ""2016"": 0.0639, ""2017"": 0.1849, ""2018"": -0.0591, ""2019"": 0.0543, ""2020"": 0.0939, ""2021"": 0.1954, ""2022"": -0.1454, ""2023"": -0.0508, ""2024"": 0.2044, ""2025"": -0.0112, ""2026"": 0.0401}",0.16595983138151915,0.41009463722397477
ret252,False,30,0.005,1.0,2384,0.07671801384948829,-0.26241359772664286,0.2923553295793982,-0.2632582408963009,0.09931509138156902,-0.19899305067773354,0.4990882397315895,0.0637811985588046,-0.20773497518731343,0.30703158436028144,0.0585163134488047,-0.25108770708404626,0.23305128764913055,-0.13085956668469712,5,"{""2011"": 0.0, ""2012"": 0.0791, ""2013"": 0.3865, ""2014"": 0.037, ""2015"": -0.0171, ""2016"": 0.044, ""2017"": 0.2362, ""2018"": -0.015, ""2019"": 0.0947, ""2020"": 0.0744, ""2021"": 0.2484, ""2022"": -0.1309, ""2023"": -0.0083, ""2024"": 0.1754, ""2025"": -0.0273, ""2026"": 0.0801}",0.1901582254795478,0.4186241610738255
ret252,False,30,0.01,1.0,2386,0.07727364005803916,-0.26241359772664385,0.29447269778502516,-0.2632582408963019,0.09931509138156902,-0.19899305067773354,0.4990882397315895,0.06377042800878696,-0.20773497137355068,0.3069797424436277,0.06082845168388773,-0.2510877070840465,0.24225977603725,-0.13085956668469756,5,"{""2011"": 0.0, ""2012"": 0.0791, ""2013"": 0.3865, ""2014"": 0.037, ""2015"": -0.0171, ""2016"": 0.044, ""2017"": 0.2362, ""2018"": -0.015, ""2019"": 0.0946, ""2020"": 0.0744, ""2021"": 0.2484, ""2022"": -0.1309, ""2023"": -0.0083, ""2024"": 0.1754, ""2025"": -0.0272, ""2026"": 0.0885}",0.19118378074116302,0.4191114836546521
ret252,False,30,0.02,1.0,2386,0.07727364005803916,-0.26241359772664385,0.29447269778502516,-0.2632582408963019,0.09931509138156902,-0.19899305067773354,0.4990882397315895,0.06377042800878696,-0.20773497137355068,0.3069797424436277,0.06082845168388773,-0.2510877070840465,0.24225977603725,-0.13085956668469756,5,"{""2011"": 0.0, ""2012"": 0.0791, ""2013"": 0.3865, ""2014"": 0.037, ""2015"": -0.0171, ""2016"": 0.044, ""2017"": 0.2362, ""2018"": -0.015, ""2019"": 0.0946, ""2020"": 0.0744, ""2021"": 0.2484, ""2022"": -0.1309, ""2023"": -0.0083, ""2024"": 0.1754, ""2025"": -0.0272, ""2026"": 0.0885}",0.19118378074116302,0.4191114836546521
ret252,False,30,0.05,1.0,2386,0.07727364005803916,-0.26241359772664385,0.29447269778502516,-0.2632582408963019,0.09931509138156902,-0.19899305067773354,0.4990882397315895,0.06377042800878696,-0.20773497137355068,0.3069797424436277,0.06082845168388773,-0.2510877070840465,0.24225977603725,-0.13085956668469756,5,"{""2011"": 0.0, ""2012"": 0.0791, ""2013"": 0.3865, ""2014"": 0.037, ""2015"": -0.0171, ""2016"": 0.044, ""2017"": 0.2362, ""2018"": -0.015, ""2019"": 0.0946, ""2020"": 0.0744, ""2021"": 0.2484, ""2022"": -0.1309, ""2023"": -0.0083, ""2024"": 0.1754, ""2025"": -0.0272, ""2026"": 0.0885}",0.19118378074116302,0.4191114836546521
ret252,True,5,0.005,1.0,361,0.01734489835322206,-0.1509388932581266,0.11491337970499002,-0.15231840840628696,0.03271326200858682,-0.07047964681933394,0.4641519003698091,0.01522688148704332,-0.0927633821561592,0.16414754543350057,-0.007621717213482038,-0.08435066852238293,-0.09035751994614685,-0.0927633821561592,5,"{""2011"": 0.0, ""2012"": 0.0644, ""2013"": 0.1183, ""2014"": 0.0362, ""2015"": -0.04, ""2016"": 0.0268, ""2017"": 0.0728, ""2018"": -0.0398, ""2019"": 0.1056, ""2020"": 0.0146, ""2021"": 0.0435, ""2022"": -0.0928, ""2023"": -0.0405, ""2024"": 0.0476, ""2025"": -0.0369, ""2026"": 0.0052}",0.1550127702181277,0.407202216066482
ret252,True,5,0.01,1.0,361,0.031178271407593883,-0.2815167105560571,0.11075105042968844,-0.2839622233707315,0.05935488613577555,-0.13479841699055317,0.44032331729782265,0.02994080465845661,-0.17979122700428418,0.16653095458180037,-0.016695311984906036,-0.15904900972812974,-0.10496960662278973,-0.17979122700428418,5,"{""2011"": 0.0, ""2012"": 0.1284, ""2013"": 0.2201, ""2014"": 0.0767, ""2015"": -0.0761, ""2016"": 0.0539, ""2017"": 0.1226, ""2018"": -0.0763, ""2019"": 0.218, ""2020"": 0.0286, ""2021"": 0.0943, ""2022"": -0.1798, ""2023"": -0.0798, ""2024"": 0.0933, ""2025"": -0.0718, ""2026"": 0.0086}",0.1550127702181277,0.407202216066482
ret252,True,5,0.02,1.0,364,0.05751930694966689,-0.376659400102055,0.15270907067255501,-0.37607323927862335,0.07426202804899762,-0.2443446289645146,0.30392330849958016,0.01802847131992591,-0.2815702804166512,0.06402831752430843,0.077524736424605,-0.17616864034970536,0.44005979878549173,-0.2572169491063029,6,"{""2011"": 0.0, ""2012"": 0.1789, ""2013"": 0.3734, ""2014"": 0.1181, ""2015"": -0.1629, ""2016"": 0.1295, ""2017"": 0.1295, ""2018"": -0.1464, ""2019"": 0.267, ""2020"": -0.0245, ""2021"": 0.1702, ""2022"": -0.2572, ""2023"": -0.0144, ""2024"": 0.3153, ""2025"": -0.0378, ""2026"": 0.0462}",0.20348160902657,0.4258241758241758
ret252,True,5,0.05,1.0,360,0.03493987983119973,-0.3865082185626687,0.09039880176709503,-0.39191847487549314,0.03636802215326118,-0.2587689030419493,0.1405424752577999,0.052750417027494834,-0.24372005049748013,0.21643856104502254,0.016883562274436326,-0.27668836976542,0.061020137162795925,-0.24372005049748013,4,"{""2011"": 0.0, ""2012"": 0.1561, ""2013"": 0.1447, ""2014"": 0.1193, ""2015"": -0.1521, ""2016"": 0.0982, ""2017"": 0.1745, ""2018"": -0.2076, ""2019"": 0.1862, ""2020"": 0.1284, ""2021"": 0.2133, ""2022"": -0.2437, ""2023"": 0.0275, ""2024"": 0.1513, ""2025"": -0.1289, ""2026"": 0.0301}",0.16819956754486975,0.4166666666666667
ret252,True,10,0.005,1.0,762,0.03138337817266823,-0.22298450949198168,0.14074241409938276,-0.2220186067866281,0.05152773818393497,-0.19471033102511703,0.26463792605482267,0.02679401196570219,-0.15514363225045658,0.17270455497939613,0.002183785342178224,-0.14373470267185284,0.015193167005492184,-0.16415727615729026,6,"{""2011"": 0.0, ""2012"": 0.0907, ""2013"": 0.2453, ""2014"": 0.1114, ""2015"": -0.0865, ""2016"": 0.0428, ""2017"": 0.1821, ""2018"": -0.1642, ""2019"": 0.1432, ""2020"": -0.0227, ""2021"": 0.1249, ""2022"": -0.1169, ""2023"": -0.0532, ""2024"": 0.0213, ""2025"": -0.0272, ""2026"": 0.0714}",0.14207921822835504,0.40813648293963256
ret252,True,10,0.01,1.0,742,0.033046819789425586,-0.34420261285117915,0.0960097877110359,-0.34754248745493377,0.07794374168332485,-0.257860332677464,0.30227115925122994,0.03730727021885216,-0.26031718115576696,0.14331466733472528,-0.049735111520075814,-0.28944006985513127,-0.17183215698147433,-0.20360798062882124,7,"{""2011"": 0.0, ""2012"": 0.1408, ""2013"": 0.399, ""2014"": 0.1123, ""2015"": -0.0569, ""2016"": 0.0366, ""2017"": 0.2229, ""2018"": -0.2036, ""2019"": 0.1425, ""2020"": -0.0339, ""2021"": 0.2209, ""2022"": -0.1424, ""2023"": -0.0857, ""2024"": 0.0913, ""2025"": -0.138, ""2026"": -0.0307}",0.14931429870044974,0.40970350404312667
ret252,True,10,0.02,1.0,718,0.0392107315379302,-0.3704478503724514,0.10584683241786232,-0.37369230136985254,0.06969700786474742,-0.2770409226226116,0.25157658011300194,0.03977809427350354,-0.2329601018915184,0.17075067340083344,-0.013450573524019904,-0.21853256420362943,-0.061549515849210513,-0.23302329151326362,6,"{""2011"": 0.0, ""2012"": 0.1391, ""2013"": 0.3296, ""2014"": 0.1251, ""2015"": -0.0715, ""2016"": 0.0634, ""2017"": 0.2411, ""2018"": -0.233, ""2019"": 0.0985, ""2020"": -0.0057, ""2021"": 0.1996, ""2022"": -0.1098, ""2023"": -0.0872, ""2024"": 0.1438, ""2025"": -0.1163, ""2026"": 0.0328}",0.15104159487938276,0.40947075208913647
ret252,True,10,0.05,1.0,718,0.0392107315379302,-0.3704478503724514,0.10584683241786232,-0.37369230136985254,0.06969700786474742,-0.2770409226226116,0.25157658011300194,0.03977809427350354,-0.2329601018915184,0.17075067340083344,-0.013450573524019904,-0.21853256420362943,-0.061549515849210513,-0.23302329151326362,6,"{""2011"": 0.0, ""2012"": 0.1391, ""2013"": 0.3296, ""2014"": 0.1251, ""2015"": -0.0715, ""2016"": 0.0634, ""2017"": 0.2411, ""2018"": -0.233, ""2019"": 0.0985, ""2020"": -0.0057, ""2021"": 0.1996, ""2022"": -0.1098, ""2023"": -0.0872, ""2024"": 0.1438, ""2025"": -0.1163, ""2026"": 0.0328}",0.15104159487938276,0.40947075208913647
ret252,True,15,0.005,1.0,1148,0.03324904673401674,-0.3310583201359407,0.10043259665053535,-0.33077706800884954,0.06041494158710137,-0.27489193685108515,0.21977705959352833,0.020415188375062288,-0.2264947526002652,0.0901353702047682,-1.0718508741680566e-05,-0.20594365153592076,-5.2045832254319525e-05,-0.22145187937365052,5,"{""2011"": 0.0, ""2012"": 0.1074, ""2013"": 0.3018, ""2014"": 0.1392, ""2015"": -0.0826, ""2016"": 0.0787, ""2017"": 0.1911, ""2018"": -0.2215, ""2019"": 0.1475, ""2020"": -0.0349, ""2021"": 0.1807, ""2022"": -0.1711, ""2023"": 0.012, ""2024"": 0.0212, ""2025"": -0.0954, ""2026"": 0.0696}",0.12763962337701668,0.40418118466898956
ret252,True,15,0.01,1.0,1106,0.0339651231141076,-0.3516630976955486,0.09658426868409381,-0.35413454729348204,0.05734060697887933,-0.27384183388487005,0.20939316015166168,0.03459943226659745,-0.24119699721765786,0.14344885162635204,-0.006574935592598252,-0.25540694526868757,-0.02574297885940977,-0.2269386589397675,5,"{""2011"": 0.0, ""2012"": 0.1221, ""2013"": 0.3026, ""2014"": 0.1426, ""2015"": -0.1092, ""2016"": 0.0665, ""2017"": 0.2039, ""2018"": -0.2269, ""2019"": 0.1409, ""2020"": 0.036, ""2021"": 0.1894, ""2022"": -0.1862, ""2023"": -0.0132, ""2024"": 0.0674, ""2025"": -0.1509, ""2026"": 0.0921}",0.12671799584050092,0.4023508137432188
ret252,True,15,0.02,1.0,1106,0.0339651231141076,-0.3516630976955486,0.09658426868409381,-0.35413454729348204,0.05734060697887933,-0.27384183388487005,0.20939316015166168,0.03459943226659745,-0.24119699721765786,0.14344885162635204,-0.006574935592598252,-0.25540694526868757,-0.02574297885940977,-0.2269386589397675,5,"{""2011"": 0.0, ""2012"": 0.1221, ""2013"": 0.3026, ""2014"": 0.1426, ""2015"": -0.1092, ""2016"": 0.0665, ""2017"": 0.2039, ""2018"": -0.2269, ""2019"": 0.1409, ""2020"": 0.036, ""2021"": 0.1894, ""2022"": -0.1862, ""2023"": -0.0132, ""2024"": 0.0674, ""2025"": -0.1509, ""2026"": 0.0921}",0.12671799584050092,0.4023508137432188
ret252,True,15,0.05,1.0,1106,0.0339651231141076,-0.3516630976955486,0.09658426868409381,-0.35413454729348204,0.05734060697887933,-0.27384183388487005,0.20939316015166168,0.03459943226659745,-0.24119699721765786,0.14344885162635204,-0.006574935592598252,-0.25540694526868757,-0.02574297885940977,-0.2269386589397675,5,"{""2011"": 0.0, ""2012"": 0.1221, ""2013"": 0.3026, ""2014"": 0.1426, ""2015"": -0.1092, ""2016"": 0.0665, ""2017"": 0.2039, ""2018"": -0.2269, ""2019"": 0.1409, ""2020"": 0.036, ""2021"": 0.1894, ""2022"": -0.1862, ""2023"": -0.0132, ""2024"": 0.0674, ""2025"": -0.1509, ""2026"": 0.0921}",0.12671799584050092,0.4023508137432188
ret252,True,20,0.005,1.0,1539,0.039150635551742585,-0.3515160284286417,0.11137653018769875,-0.3512733601211303,0.05922646900630868,-0.2710377967080143,0.21851737922040676,0.02344104016186188,-0.23805792952831117,0.09846779818806306,0.023692405820163076,-0.23656450375114846,0.1001519900258834,-0.22066460590279424,6,"{""2011"": 0.0, ""2012"": 0.0977, ""2013"": 0.3739, ""2014"": 0.1101, ""2015"": -0.0764, ""2016"": 0.0743, ""2017"": 0.155, ""2018"": -0.2207, ""2019"": 0.1351, ""2020"": -0.0308, ""2021"": 0.2416, ""2022"": -0.1988, ""2023"": -0.0126, ""2024"": 0.0434, ""2025"": -0.0307, ""2026"": 0.0886}",0.1322840706431403,0.4028589993502274
ret252,True,20,0.01,1.0,1480,0.04150106532521014,-0.3233034381613068,0.1283656788843176,-0.32372782721650817,0.0555333595202534,-0.2647804610539355,0.20973360080727904,0.033376361368026464,-0.2270678568020411,0.1469884898641737,0.02909105806724166,-0.2043039354558973,0.1423910802419246,-0.2037752204273644,4,"{""2011"": 0.0, ""2012"": 0.0962, ""2013"": 0.3183, ""2014"": 0.1215, ""2015"": -0.1094, ""2016"": 0.0491, ""2017"": 0.2103, ""2018"": -0.2038, ""2019"": 0.1428, ""2020"": 0.0242, ""2021"": 0.18, ""2022"": -0.1757, ""2023"": 0.025, ""2024"": 0.0245, ""2025"": -0.0434, ""2026"": 0.1027}",0.14662926608824495,0.4081081081081081
ret252,True,20,0.02,1.0,1480,0.04150106532521014,-0.3233034381613068,0.1283656788843176,-0.32372782721650817,0.0555333595202534,-0.2647804610539355,0.20973360080727904,0.033376361368026464,-0.2270678568020411,0.1469884898641737,0.02909105806724166,-0.2043039354558973,0.1423910802419246,-0.2037752204273644,4,"{""2011"": 0.0, ""2012"": 0.0962, ""2013"": 0.3183, ""2014"": 0.1215, ""2015"": -0.1094, ""2016"": 0.0491, ""2017"": 0.2103, ""2018"": -0.2038, ""2019"": 0.1428, ""2020"": 0.0242, ""2021"": 0.18, ""2022"": -0.1757, ""2023"": 0.025, ""2024"": 0.0245, ""2025"": -0.0434, ""2026"": 0.1027}",0.14662926608824495,0.4081081081081081
ret252,True,20,0.05,1.0,1480,0.04150106532521014,-0.3233034381613068,0.1283656788843176,-0.32372782721650817,0.0555333595202534,-0.2647804610539355,0.20973360080727904,0.033376361368026464,-0.2270678568020411,0.1469884898641737,0.02909105806724166,-0.2043039354558973,0.1423910802419246,-0.2037752204273644,4,"{""2011"": 0.0, ""2012"": 0.0962, ""2013"": 0.3183, ""2014"": 0.1215, ""2015"": -0.1094, ""2016"": 0.0491, ""2017"": 0.2103, ""2018"": -0.2038, ""2019"": 0.1428, ""2020"": 0.0242, ""2021"": 0.18, ""2022"": -0.1757, ""2023"": 0.025, ""2024"": 0.0245, ""2025"": -0.0434, ""2026"": 0.1027}",0.14662926608824495,0.4081081081081081
ret252,True,30,0.005,1.0,2251,0.040756715109866004,-0.2912723923724386,0.13992646119976926,-0.29638947898642276,0.0642494308065924,-0.2212687033593561,0.2903683613233217,0.006586453321146157,-0.24441158316085043,0.02694820448346561,0.03996212147554856,-0.2080230249004129,0.1921043187151022,-0.21740445293227662,5,"{""2011"": 0.0, ""2012"": 0.105, ""2013"": 0.3247, ""2014"": 0.0815, ""2015"": -0.0543, ""2016"": 0.0516, ""2017"": 0.1702, ""2018"": -0.161, ""2019"": 0.1303, ""2020"": -0.0145, ""2021"": 0.1751, ""2022"": -0.2174, ""2023"": 0.028, ""2024"": 0.0971, ""2025"": -0.0229, ""2026"": 0.0434}",0.1352483985535724,0.4047090182141271
ret252,True,30,0.01,1.0,2251,0.04074943675807963,-0.2912723923724386,0.13990147307189663,-0.29646327394479943,0.0642494308065924,-0.2212687033593561,0.2903683613233217,0.006560005176028172,-0.24449084780881725,0.02683129137479147,0.03996212147554812,-0.20802302490041324,0.19210431871509975,-0.2174865318723953,5,"{""2011"": 0.0, ""2012"": 0.105, ""2013"": 0.3247, ""2014"": 0.0815, ""2015"": -0.0543, ""2016"": 0.0516, ""2017"": 0.1702, ""2018"": -0.161, ""2019"": 0.1303, ""2020"": -0.0145, ""2021"": 0.1751, ""2022"": -0.2175, ""2023"": 0.028, ""2024"": 0.0971, ""2025"": -0.0229, ""2026"": 0.0434}",0.1352483985535724,0.4047090182141271
ret252,True,30,0.02,1.0,2251,0.04074943675807963,-0.2912723923724386,0.13990147307189663,-0.29646327394479943,0.0642494308065924,-0.2212687033593561,0.2903683613233217,0.006560005176028172,-0.24449084780881725,0.02683129137479147,0.03996212147554812,-0.20802302490041324,0.19210431871509975,-0.2174865318723953,5,"{""2011"": 0.0, ""2012"": 0.105, ""2013"": 0.3247, ""2014"": 0.0815, ""2015"": -0.0543, ""2016"": 0.0516, ""2017"": 0.1702, ""2018"": -0.161, ""2019"": 0.1303, ""2020"": -0.0145, ""2021"": 0.1751, ""2022"": -0.2175, ""2023"": 0.028, ""2024"": 0.0971, ""2025"": -0.0229, ""2026"": 0.0434}",0.1352483985535724,0.4047090182141271
ret252,True,30,0.05,1.0,2251,0.04074943675807963,-0.2912723923724386,0.13990147307189663,-0.29646327394479943,0.0642494308065924,-0.2212687033593561,0.2903683613233217,0.006560005176028172,-0.24449084780881725,0.02683129137479147,0.03996212147554812,-0.20802302490041324,0.19210431871509975,-0.2174865318723953,5,"{""2011"": 0.0, ""2012"": 0.105, ""2013"": 0.3247, ""2014"": 0.0815, ""2015"": -0.0543, ""2016"": 0.0516, ""2017"": 0.1702, ""2018"": -0.161, ""2019"": 0.1303, ""2020"": -0.0145, ""2021"": 0.1751, ""2022"": -0.2175, ""2023"": 0.028, ""2024"": 0.0971, ""2025"": -0.0229, ""2026"": 0.0434}",0.1352483985535724,0.4047090182141271
ret126,False,5,0.005,1.0,456,0.042689026763768734,-0.10684235045228507,0.3995515503267902,-0.10783761223934651,0.021631713582968004,-0.10591041956700198,0.20424537709703963,0.05676209777446739,-0.07659282905261322,0.7410889306031028,0.07473687959268949,-0.05329067228037143,1.4024382953828365,-0.04212986054333767,4,"{""2011"": 0.0, ""2012"": 0.029, ""2013"": 0.0899, ""2014"": 0.0502, ""2015"": -0.017, ""2016"": -0.0215, ""2017"": 0.0704, ""2018"": -0.0421, ""2019"": 0.0988, ""2020"": 0.0632, ""2021"": 0.0686, ""2022"": -0.0015, ""2023"": 0.0183, ""2024"": 0.0821, ""2025"": 0.0937, ""2026"": 0.0729}",0.28475022473531064,0.4451754385964912
ret126,False,5,0.01,1.0,456,0.08387749671677658,-0.19950181744855422,0.42043474986590623,-0.20210981888392487,0.04032997824242823,-0.19782870818832676,0.20386312285897024,0.11303242553845982,-0.14757792518238977,0.7659168903395573,0.15189199842800205,-0.11135723780859097,1.3640065200708842,-0.08497289886006099,4,"{""2011"": 0.0, ""2012"": 0.0574, ""2013"": 0.1787, ""2014"": 0.1023, ""2015"": -0.0359, ""2016"": -0.0437, ""2017"": 0.1378, ""2018"": -0.085, ""2019"": 0.2016, ""2020"": 0.1227, ""2021"": 0.1383, ""2022"": -0.0014, ""2023"": 0.0397, ""2024"": 0.1771, ""2025"": 0.1795, ""2026"": 0.1468}",0.28475022473531064,0.4451754385964912
ret126,False,5,0.02,1.0,434,0.11385995453207709,-0.3001567276240884,0.37933500752538024,-0.29919463616250197,0.038222974517209796,-0.2965916989050019,0.12887405365128773,0.18621813050362301,-0.24412131424087335,0.7628097984098285,0.20789023813469898,-0.23560268917549887,0.8823763381573414,-0.12107212779505794,3,"{""2011"": 0.0, ""2012"": 0.0517, ""2013"": 0.353, ""2014"": 0.1376, ""2015"": -0.0617, ""2016"": 0.0085, ""2017"": -0.0345, ""2018"": -0.1211, ""2019"": 0.3112, ""2020"": 0.1731, ""2021"": 0.2576, ""2022"": 0.0222, ""2023"": 0.0393, ""2024"": 0.2546, ""2025"": 0.1808, ""2026"": 0.2734}",0.2797430252921218,0.4447004608294931
ret126,False,5,0.05,1.0,442,0.1337693203368182,-0.25881157458876314,0.5168598836793526,-0.25947091780651943,0.05451981357994806,-0.2551996402733048,0.2136359342887801,0.228509685950542,-0.23975836895952796,0.953083251868114,0.21365178694325482,-0.19898250020327535,1.0737214917140638,-0.10853301924355951,3,"{""2011"": 0.0, ""2012"": 0.0735, ""2013"": 0.2913, ""2014"": 0.1122, ""2015"": -0.0358, ""2016"": 0.0502, ""2017"": 0.0415, ""2018"": -0.1085, ""2019"": 0.4232, ""2020"": 0.2305, ""2021"": 0.3463, ""2022"": -0.0355, ""2023"": 0.0357, ""2024"": 0.2968, ""2025"": 0.176, ""2026"": 0.2625}",0.27952261857485877,0.4434389140271493
ret126,False,10,0.005,1.0,852,0.04527153223056568,-0.19111168901878473,0.23688520813667163,-0.19056818815909482,0.05855171440572793,-0.19111168901878473,0.3063743233412205,0.030531484207191095,-0.14954229955286202,0.2041662078119807,0.04213615751386435,-0.1605469333252778,0.2624538297999996,-0.08846976551871022,7,"{""2011"": 0.0, ""2012"": 0.0421, ""2013"": 0.2192, ""2014"": 0.128, ""2015"": -0.0504, ""2016"": -0.0098, ""2017"": 0.1302, ""2018"": -0.0227, ""2019"": 0.1372, ""2020"": 0.0085, ""2021"": 0.0776, ""2022"": -0.0885, ""2023"": -0.0041, ""2024"": 0.1689, ""2025"": -0.0032, ""2026"": -0.0016}",0.17542166847549848,0.4119718309859155
ret126,False,10,0.01,1.0,828,0.09710252912857409,-0.3009545680938951,0.3226484639976589,-0.3032488233254371,0.10745508408933047,-0.2661076711749223,0.40380303061123074,0.07569359443465618,-0.24921771707138196,0.30372477255690333,0.11387071277984129,-0.19711452742319946,0.5776880794552702,-0.1360759027839934,4,"{""2011"": 0.0, ""2012"": 0.0957, ""2013"": 0.4243, ""2014"": 0.1923, ""2015"": -0.0109, ""2016"": -0.0125, ""2017"": 0.1767, ""2018"": -0.0454, ""2019"": 0.325, ""2020"": 0.0099, ""2021"": 0.1581, ""2022"": -0.1361, ""2023"": 0.0098, ""2024"": 0.3265, ""2025"": 0.0887, ""2026"": 0.0072}",0.23714720812670065,0.4311594202898551
ret126,False,10,0.02,1.0,774,0.073901125479231,-0.3659423897812164,0.20194743091505138,-0.365997901966721,0.06991168321186181,-0.2641663751226936,0.2646501969805617,0.056658540837129845,-0.2707154221500432,0.2092918843970663,0.11149397941267836,-0.20814978014903518,0.5356430323051444,-0.13777335486028042,5,"{""2011"": 0.0, ""2012"": 0.0519, ""2013"": 0.399, ""2014"": 0.0476, ""2015"": -0.0241, ""2016"": -0.0567, ""2017"": 0.2161, ""2018"": -0.0707, ""2019"": 0.2727, ""2020"": 0.0561, ""2021"": 0.0752, ""2022"": -0.1378, ""2023"": -0.0986, ""2024"": 0.3905, ""2025"": 0.1315, ""2026"": 0.0277}",0.20120309674684222,0.4198966408268734
ret126,False,10,0.05,1.0,774,0.073901125479231,-0.3659423897812164,0.20194743091505138,-0.365997901966721,0.06991168321186181,-0.2641663751226936,0.2646501969805617,0.056658540837129845,-0.2707154221500432,0.2092918843970663,0.11149397941267836,-0.20814978014903518,0.5356430323051444,-0.13777335486028042,5,"{""2011"": 0.0, ""2012"": 0.0519, ""2013"": 0.399, ""2014"": 0.0476, ""2015"": -0.0241, ""2016"": -0.0567, ""2017"": 0.2161, ""2018"": -0.0707, ""2019"": 0.2727, ""2020"": 0.0561, ""2021"": 0.0752, ""2022"": -0.1378, ""2023"": -0.0986, ""2024"": 0.3905, ""2025"": 0.1315, ""2026"": 0.0277}",0.20120309674684222,0.4198966408268734
ret126,False,15,0.005,1.0,1238,0.07189311196732984,-0.22290202828150252,0.3225323363883265,-0.22477241876199994,0.09887139371646247,-0.2109605385017409,0.468672456084229,0.04362286076395372,-0.20515251092026032,0.2126362507983598,0.06119982939510682,-0.1857292640329823,0.32951096701830895,-0.0967851191075747,4,"{""2011"": 0.0, ""2012"": 0.0805, ""2013"": 0.3645, ""2014"": 0.0951, ""2015"": -0.0216, ""2016"": 0.0564, ""2017"": 0.1698, ""2018"": -0.0096, ""2019"": 0.1611, ""2020"": 0.0325, ""2021"": 0.095, ""2022"": -0.0968, ""2023"": 0.0163, ""2024"": 0.1803, ""2025"": 0.0341, ""2026"": -0.0037}",0.20397253231752896,0.42245557350565427
ret126,False,15,0.01,1.0,1210,0.07589192154508262,-0.2757870352533205,0.2751830646258375,-0.27961037823525925,0.09981221780462946,-0.26509923856660766,0.37650888152042383,0.06771838987022538,-0.24836702281229528,0.27265451388610445,0.04924677905765451,-0.24103590770208738,0.20431304002440143,-0.12128502845347078,5,"{""2011"": 0.0, ""2012"": 0.0822, ""2013"": 0.4553, ""2014"": 0.098, ""2015"": -0.0307, ""2016"": -0.0078, ""2017"": 0.2068, ""2018"": -0.0308, ""2019"": 0.269, ""2020"": 0.0447, ""2021"": 0.1138, ""2022"": -0.1213, ""2023"": -0.0352, ""2024"": 0.2173, ""2025"": 0.009, ""2026"": 0.0016}",0.19452742986329416,0.4190082644628099
ret126,False,15,0.02,1.0,1206,0.09023109281063246,-0.2671667167703381,0.3377332846748157,-0.2693572847601472,0.09981221780462946,-0.26509923856660766,0.37650888152042383,0.0677122806595114,-0.24836702281229528,0.27262991637454753,0.1093599297635861,-0.2208510660852867,0.4951750141036415,-0.12128502831595533,5,"{""2011"": 0.0, ""2012"": 0.0822, ""2013"": 0.4553, ""2014"": 0.098, ""2015"": -0.0307, ""2016"": -0.0078, ""2017"": 0.2068, ""2018"": -0.0308, ""2019"": 0.269, ""2020"": 0.0447, ""2021"": 0.1138, ""2022"": -0.1213, ""2023"": -0.0276, ""2024"": 0.2559, ""2025"": 0.0924, ""2026"": 0.0852}",0.219314992862079,0.42703150912106136
ret126,False,15,0.05,1.0,1206,0.09023109281063246,-0.2671667167703381,0.3377332846748157,-0.2693572847601472,0.09981221780462946,-0.26509923856660766,0.37650888152042383,0.0677122806595114,-0.24836702281229528,0.27262991637454753,0.1093599297635861,-0.2208510660852867,0.4951750141036415,-0.12128502831595533,5,"{""2011"": 0.0, ""2012"": 0.0822, ""2013"": 0.4553, ""2014"": 0.098, ""2015"": -0.0307, ""2016"": -0.0078, ""2017"": 0.2068, ""2018"": -0.0308, ""2019"": 0.269, ""2020"": 0.0447, ""2021"": 0.1138, ""2022"": -0.1213, ""2023"": -0.0276, ""2024"": 0.2559, ""2025"": 0.0924, ""2026"": 0.0852}",0.219314992862079,0.42703150912106136
ret126,False,20,0.005,1.0,1598,0.07544817276843241,-0.31827437608052445,0.23705387061804742,-0.31783396203660674,0.11097920437424214,-0.21859631395599166,0.5076901909543852,0.03860967131171189,-0.23859233156666082,0.16182276713669086,0.05907695726161366,-0.23538972820979143,0.2509750859177731,-0.1713768427720329,3,"{""2011"": 0.0, ""2012"": 0.1062, ""2013"": 0.3764, ""2014"": 0.1344, ""2015"": -0.0169, ""2016"": 0.0757, ""2017"": 0.1559, ""2018"": -0.0113, ""2019"": 0.1639, ""2020"": 0.0408, ""2021"": 0.1579, ""2022"": -0.1714, ""2023"": 0.0095, ""2024"": 0.1439, ""2025"": 0.0469, ""2026"": 0.015}",0.2042366854393436,0.42240300375469336
ret126,False,20,0.01,1.0,1606,0.07445170462489648,-0.3249299060173083,0.22913158575477688,-0.3229336706932754,0.09794767002106664,-0.2211434399008495,0.4429146533353277,0.03639164125588712,-0.24780103382715502,0.14685831085463041,0.08287594590139213,-0.2632007184314703,0.3148773544209401,-0.18519945912988411,4,"{""2011"": 0.0, ""2012"": 0.0978, ""2013"": 0.4002, ""2014"": 0.126, ""2015"": -0.0136, ""2016"": 0.0589, ""2017"": 0.1453, ""2018"": -0.0717, ""2019"": 0.1664, ""2020"": 0.0682, ""2021"": 0.1329, ""2022"": -0.1852, ""2023"": 0.0009, ""2024"": 0.2941, ""2025"": -0.0053, ""2026"": 0.0309}",0.19472554338964154,0.41843088418430885
ret126,False,20,0.02,1.0,1606,0.07445170462489648,-0.3249299060173083,0.22913158575477688,-0.3229336706932754,0.09794767002106664,-0.2211434399008495,0.4429146533353277,0.03639164125588712,-0.24780103382715502,0.14685831085463041,0.08287594590139213,-0.2632007184314703,0.3148773544209401,-0.18519945912988411,4,"{""2011"": 0.0, ""2012"": 0.0978, ""2013"": 0.4002, ""2014"": 0.126, ""2015"": -0.0136, ""2016"": 0.0589, ""2017"": 0.1453, ""2018"": -0.0717, ""2019"": 0.1664, ""2020"": 0.0682, ""2021"": 0.1329, ""2022"": -0.1852, ""2023"": 0.0009, ""2024"": 0.2941, ""2025"": -0.0053, ""2026"": 0.0309}",0.19472554338964154,0.41843088418430885
ret126,False,20,0.05,1.0,1606,0.07445170462489648,-0.3249299060173083,0.22913158575477688,-0.3229336706932754,0.09794767002106664,-0.2211434399008495,0.4429146533353277,0.03639164125588712,-0.24780103382715502,0.14685831085463041,0.08287594590139213,-0.2632007184314703,0.3148773544209401,-0.18519945912988411,4,"{""2011"": 0.0, ""2012"": 0.0978, ""2013"": 0.4002, ""2014"": 0.126, ""2015"": -0.0136, ""2016"": 0.0589, ""2017"": 0.1453, ""2018"": -0.0717, ""2019"": 0.1664, ""2020"": 0.0682, ""2021"": 0.1329, ""2022"": -0.1852, ""2023"": 0.0009, ""2024"": 0.2941, ""2025"": -0.0053, ""2026"": 0.0309}",0.19472554338964154,0.41843088418430885
ret126,False,30,0.005,1.0,2383,0.08498833663178673,-0.28083166708387164,0.30263088744334726,-0.2802158529667975,0.09484083615323735,-0.20414436677517722,0.46457728739429244,0.048335849546191856,-0.2424627941180224,0.1993536770126622,0.11989971663862287,-0.2497107733091779,0.48015436038143916,-0.185279399728844,3,"{""2011"": 0.0, ""2012"": 0.0834, ""2013"": 0.3663, ""2014"": 0.0848, ""2015"": -0.0224, ""2016"": 0.0906, ""2017"": 0.1679, ""2018"": -0.0576, ""2019"": 0.1474, ""2020"": 0.0734, ""2021"": 0.2004, ""2022"": -0.1853, ""2023"": 0.0914, ""2024"": 0.2747, ""2025"": 0.0495, ""2026"": 0.0254}",0.20170969505261305,0.42131766680654636
ret126,False,30,0.01,1.0,2383,0.08499281367982037,-0.2808316662125072,0.3026468304877903,-0.28021585219097844,0.09484083615323735,-0.20414436677517722,0.46457728739429244,0.0483227621131721,-0.24246279319921937,0.19929970069043848,0.11993481591934674,-0.24971077330917812,0.48029492011884506,-0.18527939895703527,3,"{""2011"": 0.0, ""2012"": 0.0834, ""2013"": 0.3663, ""2014"": 0.0848, ""2015"": -0.0224, ""2016"": 0.0906, ""2017"": 0.1679, ""2018"": -0.0576, ""2019"": 0.1474, ""2020"": 0.0734, ""2021"": 0.2004, ""2022"": -0.1853, ""2023"": 0.0914, ""2024"": 0.2747, ""2025"": 0.0495, ""2026"": 0.0255}",0.20170969505261305,0.42131766680654636
ret126,False,30,0.02,1.0,2383,0.08499281367982037,-0.2808316662125072,0.3026468304877903,-0.28021585219097844,0.09484083615323735,-0.20414436677517722,0.46457728739429244,0.0483227621131721,-0.24246279319921937,0.19929970069043848,0.11993481591934674,-0.24971077330917812,0.48029492011884506,-0.18527939895703527,3,"{""2011"": 0.0, ""2012"": 0.0834, ""2013"": 0.3663, ""2014"": 0.0848, ""2015"": -0.0224, ""2016"": 0.0906, ""2017"": 0.1679, ""2018"": -0.0576, ""2019"": 0.1474, ""2020"": 0.0734, ""2021"": 0.2004, ""2022"": -0.1853, ""2023"": 0.0914, ""2024"": 0.2747, ""2025"": 0.0495, ""2026"": 0.0255}",0.20170969505261305,0.42131766680654636
ret126,False,30,0.05,1.0,2383,0.08499281367982037,-0.2808316662125072,0.3026468304877903,-0.28021585219097844,0.09484083615323735,-0.20414436677517722,0.46457728739429244,0.0483227621131721,-0.24246279319921937,0.19929970069043848,0.11993481591934674,-0.24971077330917812,0.48029492011884506,-0.18527939895703527,3,"{""2011"": 0.0, ""2012"": 0.0834, ""2013"": 0.3663, ""2014"": 0.0848, ""2015"": -0.0224, ""2016"": 0.0906, ""2017"": 0.1679, ""2018"": -0.0576, ""2019"": 0.1474, ""2020"": 0.0734, ""2021"": 0.2004, ""2022"": -0.1853, ""2023"": 0.0914, ""2024"": 0.2747, ""2025"": 0.0495, ""2026"": 0.0255}",0.20170969505261305,0.42131766680654636
ret126,True,5,0.005,1.0,338,0.02690920709334188,-0.09884677315784507,0.272231517870305,-0.09750128005913627,0.028086024240296048,-0.09884677315784507,0.28413698639859924,0.029743961511425443,-0.08453090513245509,0.3518708508422849,0.024832994551600596,-0.05325303401121839,0.4663207460887435,-0.060148085370939186,4,"{""2011"": 0.0, ""2012"": 0.0574, ""2013"": 0.082, ""2014"": 0.0454, ""2015"": -0.0601, ""2016"": 0.0139, ""2017"": 0.1047, ""2018"": -0.036, ""2019"": 0.0843, ""2020"": -0.0388, ""2021"": 0.1293, ""2022"": -0.0447, ""2023"": 0.0058, ""2024"": 0.052, ""2025"": 0.0015, ""2026"": 0.0299}",0.24777643667242075,0.4378698224852071
ret126,True,5,0.01,1.0,338,0.05261052830370261,-0.19024770035293503,0.27653699995376035,-0.18787694862984916,0.05264263178991491,-0.19024770035293503,0.27670574567921585,0.05862048775800832,-0.15921682925007685,0.3681802233728381,0.052558421690724666,-0.10322020985232094,0.50918731676598,-0.11888439572667542,4,"{""2011"": 0.0, ""2012"": 0.1049, ""2013"": 0.1604, ""2014"": 0.0976, ""2015"": -0.1189, ""2016"": 0.0299, ""2017"": 0.2009, ""2018"": -0.0666, ""2019"": 0.172, ""2020"": -0.0723, ""2021"": 0.2683, ""2022"": -0.0894, ""2023"": 0.0167, ""2024"": 0.1139, ""2025"": 0.0004, ""2026"": 0.0595}",0.24777643667242075,0.4378698224852071
ret126,True,5,0.02,1.0,360,0.0691024042599897,-0.21932547525619872,0.3150678423437575,-0.22055426122471355,0.05259614505353438,-0.20185402658408846,0.26056525075869047,0.06236108312307187,-0.181612607656777,0.34337419591995394,0.11945448663377722,-0.18215214191883122,0.6557951247535003,-0.17027333818055612,6,"{""2011"": 0.0, ""2012"": 0.1556, ""2013"": 0.2679, ""2014"": 0.0462, ""2015"": -0.0112, ""2016"": -0.032, ""2017"": 0.1755, ""2018"": -0.1703, ""2019"": 0.1181, ""2020"": -0.0705, ""2021"": 0.4174, ""2022"": -0.1357, ""2023"": 0.0263, ""2024"": 0.2761, ""2025"": -0.0119, ""2026"": 0.1553}",0.22635719408753943,0.43333333333333335
ret126,True,5,0.05,1.0,350,0.0727908328513549,-0.2907304776128272,0.2503722122600858,-0.2873141280797954,0.05705208747166157,-0.2907304776128272,0.19623703692888783,0.07552893332216204,-0.19481384930685686,0.3876979670125724,0.11098932193625455,-0.1890701154130513,0.5870273136173961,-0.1942161805758581,4,"{""2011"": 0.0, ""2012"": 0.1513, ""2013"": 0.3702, ""2014"": 0.1048, ""2015"": -0.1942, ""2016"": 0.0332, ""2017"": 0.2397, ""2018"": -0.1805, ""2019"": 0.0998, ""2020"": 0.0641, ""2021"": 0.3867, ""2022"": -0.1759, ""2023"": -0.0358, ""2024"": 0.1454, ""2025"": 0.1232, ""2026"": 0.1732}",0.2672533170365239,0.44285714285714284
ret126,True,10,0.005,1.0,701,0.06817733560112371,-0.17623197029532822,0.38686133671928336,-0.16895927771964214,0.06395155940508412,-0.17623197029532822,0.36288284865631687,0.08150596408060506,-0.1471538043862416,0.5538828195475836,0.07078223214988255,-0.09709908761193564,0.7289690757215914,-0.13007071493809996,4,"{""2011"": 0.0, ""2012"": 0.08, ""2013"": 0.2143, ""2014"": 0.1041, ""2015"": -0.0653, ""2016"": 0.0812, ""2017"": 0.2118, ""2018"": -0.1301, ""2019"": 0.1334, ""2020"": -0.0062, ""2021"": 0.2797, ""2022"": -0.0523, ""2023"": 0.001, ""2024"": 0.1685, ""2025"": 0.0544, ""2026"": 0.0346}",0.30601984270687704,0.456490727532097
ret126,True,10,0.01,1.0,694,0.08067719519568106,-0.23688705535515386,0.3405724093903124,-0.2294647504137679,0.07324635653061251,-0.23688705535515386,0.30920371069156827,0.11975241806481485,-0.1936595510860466,0.6183656700288775,0.06343737028252527,-0.1550131032883577,0.4092387607034621,-0.1886715843557386,4,"{""2011"": 0.0, ""2012"": 0.1244, ""2013"": 0.3191, ""2014"": 0.1286, ""2015"": -0.0895, ""2016"": 0.0966, ""2017"": 0.209, ""2018"": -0.1887, ""2019"": 0.1519, ""2020"": 0.0227, ""2021"": 0.4372, ""2022"": -0.0736, ""2023"": -0.0317, ""2024"": 0.1547, ""2025"": 0.0706, ""2026"": 0.0402}",0.2741723992644502,0.4452449567723343
ret126,True,10,0.02,1.0,659,0.05718759531925666,-0.2327242847064498,0.2457311036164149,-0.22957718732015642,0.04549992121106028,-0.22697566543124825,0.20046167118669542,0.09323168590806041,-0.19276407242823235,0.4836569633211673,0.04838215500297394,-0.17241138217991692,0.2806204230326602,-0.18434605258641656,4,"{""2011"": 0.0, ""2012"": 0.121, ""2013"": 0.308, ""2014"": 0.0568, ""2015"": -0.1098, ""2016"": 0.0808, ""2017"": 0.1223, ""2018"": -0.1843, ""2019"": 0.1474, ""2020"": 0.0393, ""2021"": 0.3169, ""2022"": -0.0922, ""2023"": -0.0618, ""2024"": 0.1607, ""2025"": 0.0242, ""2026"": 0.0611}",0.2118501638096206,0.4264036418816389
ret126,True,10,0.05,1.0,659,0.05718759531925666,-0.2327242847064498,0.2457311036164149,-0.22957718732015642,0.04549992121106028,-0.22697566543124825,0.20046167118669542,0.09323168590806041,-0.19276407242823235,0.4836569633211673,0.04838215500297394,-0.17241138217991692,0.2806204230326602,-0.18434605258641656,4,"{""2011"": 0.0, ""2012"": 0.121, ""2013"": 0.308, ""2014"": 0.0568, ""2015"": -0.1098, ""2016"": 0.0808, ""2017"": 0.1223, ""2018"": -0.1843, ""2019"": 0.1474, ""2020"": 0.0393, ""2021"": 0.3169, ""2022"": -0.0922, ""2023"": -0.0618, ""2024"": 0.1607, ""2025"": 0.0242, ""2026"": 0.0611}",0.2118501638096206,0.4264036418816389
ret126,True,15,0.005,1.0,1060,0.06984116095516635,-0.2234079501492775,0.3126171692121952,-0.21660831990082818,0.06288102589556899,-0.2234079501492775,0.28146279420026427,0.05939066423013295,-0.19053556821551232,0.31170381880068154,0.1053395239981878,-0.11818936636499666,0.8912775086116841,-0.16364078933061832,4,"{""2011"": 0.0, ""2012"": 0.0997, ""2013"": 0.3117, ""2014"": 0.0611, ""2015"": -0.0849, ""2016"": 0.0913, ""2017"": 0.1982, ""2018"": -0.1636, ""2019"": 0.174, ""2020"": -0.0367, ""2021"": 0.2664, ""2022"": -0.1219, ""2023"": 0.0104, ""2024"": 0.2294, ""2025"": 0.0685, ""2026"": 0.0766}",0.25571635549177457,0.44339622641509435
ret126,True,15,0.01,1.0,1023,0.06738846083829753,-0.2382231927111067,0.2828795134150499,-0.23552144933386598,0.07321646164766848,-0.22236170740038919,0.3292674017646095,0.08957727777098512,-0.1867637401077369,0.47962884936503947,0.04085229008975588,-0.14143411592784239,0.28884325271703276,-0.1706683607067604,5,"{""2011"": 0.0, ""2012"": 0.0992, ""2013"": 0.3346, ""2014"": 0.0779, ""2015"": -0.0889, ""2016"": 0.0837, ""2017"": 0.2658, ""2018"": -0.1707, ""2019"": 0.1623, ""2020"": 0.042, ""2021"": 0.3188, ""2022"": -0.1192, ""2023"": -0.052, ""2024"": 0.1612, ""2025"": -0.0197, ""2026"": 0.0689}",0.24478309897088568,0.4389051808406647
ret126,True,15,0.02,1.0,1023,0.06737363545142783,-0.23838186491837565,0.28262903083880664,-0.2356806842933491,0.07321646164766848,-0.22236170740038919,0.3292674017646095,0.08952041896210461,-0.1867637401077369,0.47932440692429745,0.04085229008975566,-0.1414341159278426,0.2888432527170307,-0.1706683607067604,5,"{""2011"": 0.0, ""2012"": 0.0992, ""2013"": 0.3346, ""2014"": 0.0779, ""2015"": -0.0889, ""2016"": 0.0837, ""2017"": 0.2658, ""2018"": -0.1707, ""2019"": 0.1623, ""2020"": 0.042, ""2021"": 0.3188, ""2022"": -0.1194, ""2023"": -0.052, ""2024"": 0.1612, ""2025"": -0.0197, ""2026"": 0.0689}",0.24478309897088568,0.4389051808406647
ret126,True,15,0.05,1.0,1023,0.06737363545142783,-0.23838186491837565,0.28262903083880664,-0.2356806842933491,0.07321646164766848,-0.22236170740038919,0.3292674017646095,0.08952041896210461,-0.1867637401077369,0.47932440692429745,0.04085229008975566,-0.1414341159278426,0.2888432527170307,-0.1706683607067604,5,"{""2011"": 0.0, ""2012"": 0.0992, ""2013"": 0.3346, ""2014"": 0.0779, ""2015"": -0.0889, ""2016"": 0.0837, ""2017"": 0.2658, ""2018"": -0.1707, ""2019"": 0.1623, ""2020"": 0.042, ""2021"": 0.3188, ""2022"": -0.1194, ""2023"": -0.052, ""2024"": 0.1612, ""2025"": -0.0197, ""2026"": 0.0689}",0.24478309897088568,0.4389051808406647
ret126,True,20,0.005,1.0,1408,0.05457568822961245,-0.29041027738538816,0.18792615991750158,-0.2898268033183914,0.07988603086760437,-0.16685759859629712,0.47876771294596104,0.03318832276596617,-0.1933537447829915,0.1716456167074226,0.03761391048786367,-0.20602580357416245,0.18256892988806572,-0.18118082371809663,6,"{""2011"": 0.0, ""2012"": 0.122, ""2013"": 0.3162, ""2014"": 0.0451, ""2015"": -0.0382, ""2016"": 0.0785, ""2017"": 0.2094, ""2018"": -0.116, ""2019"": 0.1441, ""2020"": -0.0279, ""2021"": 0.248, ""2022"": -0.1812, ""2023"": -0.055, ""2024"": 0.177, ""2025"": -0.0404, ""2026"": 0.0687}",0.2020061124397362,0.4247159090909091
ret126,True,20,0.01,1.0,1377,0.06416140789744662,-0.256260598921219,0.2503756260913581,-0.2557428496095915,0.06227257702000055,-0.22210947474454135,0.2803688455507051,0.06511794877557509,-0.18327312264524376,0.35530550162350827,0.07588728438073966,-0.1544267043110643,0.4914129633167501,-0.16812553199253166,4,"{""2011"": 0.0, ""2012"": 0.1009, ""2013"": 0.3076, ""2014"": 0.0475, ""2015"": -0.0221, ""2016"": 0.0514, ""2017"": 0.1829, ""2018"": -0.1681, ""2019"": 0.1557, ""2020"": 0.0358, ""2021"": 0.281, ""2022"": -0.163, ""2023"": -0.0276, ""2024"": 0.1984, ""2025"": 0.0324, ""2026"": 0.0787}",0.22965500704567066,0.43500363108206247
ret126,True,20,0.02,1.0,1377,0.06416140789744662,-0.256260598921219,0.2503756260913581,-0.2557428496095915,0.06227257702000055,-0.22210947474454135,0.2803688455507051,0.06511794877557509,-0.18327312264524376,0.35530550162350827,0.07588728438073966,-0.1544267043110643,0.4914129633167501,-0.16812553199253166,4,"{""2011"": 0.0, ""2012"": 0.1009, ""2013"": 0.3076, ""2014"": 0.0475, ""2015"": -0.0221, ""2016"": 0.0514, ""2017"": 0.1829, ""2018"": -0.1681, ""2019"": 0.1557, ""2020"": 0.0358, ""2021"": 0.281, ""2022"": -0.163, ""2023"": -0.0276, ""2024"": 0.1984, ""2025"": 0.0324, ""2026"": 0.0787}",0.22965500704567066,0.43500363108206247
ret126,True,20,0.05,1.0,1377,0.06416140789744662,-0.256260598921219,0.2503756260913581,-0.2557428496095915,0.06227257702000055,-0.22210947474454135,0.2803688455507051,0.06511794877557509,-0.18327312264524376,0.35530550162350827,0.07588728438073966,-0.1544267043110643,0.4914129633167501,-0.16812553199253166,4,"{""2011"": 0.0, ""2012"": 0.1009, ""2013"": 0.3076, ""2014"": 0.0475, ""2015"": -0.0221, ""2016"": 0.0514, ""2017"": 0.1829, ""2018"": -0.1681, ""2019"": 0.1557, ""2020"": 0.0358, ""2021"": 0.281, ""2022"": -0.163, ""2023"": -0.0276, ""2024"": 0.1984, ""2025"": 0.0324, ""2026"": 0.0787}",0.22965500704567066,0.43500363108206247
ret126,True,30,0.005,1.0,2149,0.06497364799108762,-0.2738933257176892,0.23722245812611764,-0.2809422540752885,0.08153959275516098,-0.18028809355360143,0.4522738642799973,0.04251277689080579,-0.20767834187021939,0.204704912933928,0.06746383241789089,-0.1692626234178709,0.39857489536445406,-0.20293056016885258,4,"{""2011"": 0.0, ""2012"": 0.0942, ""2013"": 0.35, ""2014"": 0.0479, ""2015"": -0.0287, ""2016"": 0.0615, ""2017"": 0.238, ""2018"": -0.1244, ""2019"": 0.1377, ""2020"": 0.0276, ""2021"": 0.2635, ""2022"": -0.2029, ""2023"": 0.0069, ""2024"": 0.1721, ""2025"": -0.0092, ""2026"": 0.0792}",0.22161778098280277,0.43182875756165656
ret126,True,30,0.01,1.0,2149,0.06496608196752685,-0.27397068981548334,0.23712785484929386,-0.2810188671346987,0.08153959275516098,-0.18028809355360143,0.4522738642799973,0.042484949629610025,-0.20776277512669328,0.20448778470398654,0.06746383241789089,-0.16926262341787124,0.3985748953644533,-0.20301548509830958,4,"{""2011"": 0.0, ""2012"": 0.0942, ""2013"": 0.35, ""2014"": 0.0479, ""2015"": -0.0287, ""2016"": 0.0615, ""2017"": 0.238, ""2018"": -0.1244, ""2019"": 0.1377, ""2020"": 0.0276, ""2021"": 0.2635, ""2022"": -0.203, ""2023"": 0.0069, ""2024"": 0.1721, ""2025"": -0.0092, ""2026"": 0.0792}",0.22161778098280277,0.43182875756165656
ret126,True,30,0.02,1.0,2149,0.06496608196752685,-0.27397068981548334,0.23712785484929386,-0.2810188671346987,0.08153959275516098,-0.18028809355360143,0.4522738642799973,0.042484949629610025,-0.20776277512669328,0.20448778470398654,0.06746383241789089,-0.16926262341787124,0.3985748953644533,-0.20301548509830958,4,"{""2011"": 0.0, ""2012"": 0.0942, ""2013"": 0.35, ""2014"": 0.0479, ""2015"": -0.0287, ""2016"": 0.0615, ""2017"": 0.238, ""2018"": -0.1244, ""2019"": 0.1377, ""2020"": 0.0276, ""2021"": 0.2635, ""2022"": -0.203, ""2023"": 0.0069, ""2024"": 0.1721, ""2025"": -0.0092, ""2026"": 0.0792}",0.22161778098280277,0.43182875756165656
ret126,True,30,0.05,1.0,2149,0.06496608196752685,-0.27397068981548334,0.23712785484929386,-0.2810188671346987,0.08153959275516098,-0.18028809355360143,0.4522738642799973,0.042484949629610025,-0.20776277512669328,0.20448778470398654,0.06746383241789089,-0.16926262341787124,0.3985748953644533,-0.20301548509830958,4,"{""2011"": 0.0, ""2012"": 0.0942, ""2013"": 0.35, ""2014"": 0.0479, ""2015"": -0.0287, ""2016"": 0.0615, ""2017"": 0.238, ""2018"": -0.1244, ""2019"": 0.1377, ""2020"": 0.0276, ""2021"": 0.2635, ""2022"": -0.203, ""2023"": 0.0069, ""2024"": 0.1721, ""2025"": -0.0092, ""2026"": 0.0792}",0.22161778098280277,0.43182875756165656
ret21,False,5,0.005,1.0,359,0.025054483020846563,-0.12163317590903588,0.20598395818903645,-0.12151478877956146,0.031002745374986374,-0.12071667793984442,0.2568223869649202,0.02650978004999338,-0.08161006393949632,0.3248346928100323,0.014853329207532795,-0.09280497244757435,0.1600488510022829,-0.07090857947481821,4,"{""2011"": 0.0, ""2012"": 0.0272, ""2013"": 0.1369, ""2014"": 0.0607, ""2015"": -0.0013, ""2016"": 0.0243, ""2017"": 0.0516, ""2018"": -0.0709, ""2019"": 0.0745, ""2020"": 0.0089, ""2021"": 0.0592, ""2022"": -0.0333, ""2023"": 0.0169, ""2024"": 0.0439, ""2025"": -0.0297, ""2026"": 0.0239}",0.22036794239579852,0.43454038997214484
ret21,False,5,0.01,1.0,359,0.047318570042494956,-0.22916110651622246,0.2064860427750869,-0.229128522362136,0.0593114501686105,-0.2275499876917919,0.2606523989311117,0.05063877305216047,-0.1580770867773189,0.32034227151145966,0.026155399547074465,-0.17940316294800618,0.14579118404202665,-0.14340313236056168,4,"{""2011"": 0.0, ""2012"": 0.057, ""2013"": 0.2847, ""2014"": 0.1357, ""2015"": -0.0078, ""2016"": 0.0438, ""2017"": 0.0934, ""2018"": -0.1434, ""2019"": 0.1523, ""2020"": 0.0122, ""2021"": 0.1178, ""2022"": -0.0658, ""2023"": 0.0288, ""2024"": 0.0915, ""2025"": -0.0661, ""2026"": 0.0469}",0.22036794239579852,0.43454038997214484
ret21,False,5,0.02,1.0,363,0.050141002187233275,-0.3026537552012307,0.16567117151378197,-0.30434414608296445,0.06406927447251975,-0.2925962679422215,0.21896818754083155,0.0974036926187749,-0.23348048417339495,0.4171813030267565,-0.020503111729144763,-0.19228657125195125,-0.10662789187852194,-0.11938089598254342,6,"{""2011"": 0.0, ""2012"": 0.1093, ""2013"": 0.3844, ""2014"": 0.0967, ""2015"": -0.0394, ""2016"": 0.0144, ""2017"": 0.0683, ""2018"": -0.1194, ""2019"": 0.1928, ""2020"": 0.0506, ""2021"": 0.1826, ""2022"": -0.0221, ""2023"": -0.0362, ""2024"": 0.0564, ""2025"": -0.0038, ""2026"": -0.0822}",0.15937412097692621,0.4132231404958678
ret21,False,5,0.05,1.0,376,0.05157518969483732,-0.3411111394834946,0.15119761193648412,-0.34064958198846584,0.055816953216515586,-0.3156106249005608,0.17685384715454935,0.059244618936120874,-0.23854280340350553,0.24836053777697087,0.04236887584150639,-0.18965492216592927,0.22339982193785524,-0.2035996857424438,5,"{""2011"": 0.0, ""2012"": 0.0916, ""2013"": 0.0931, ""2014"": 0.2273, ""2015"": 0.0781, ""2016"": 0.0097, ""2017"": 0.1516, ""2018"": -0.2036, ""2019"": 0.1608, ""2020"": 0.1526, ""2021"": 0.0509, ""2022"": -0.1106, ""2023"": -0.03, ""2024"": 0.2854, ""2025"": -0.0478, ""2026"": -0.0206}",0.19555666394295232,0.425531914893617
ret21,False,10,0.005,1.0,744,0.03825211253174632,-0.1885164729734029,0.20291124657919507,-0.18590992475179868,0.047891605094362744,-0.1885164729734029,0.2540446696195064,0.03507449971660681,-0.1366517624128334,0.2566706722057824,0.02805457864685179,-0.12105219959952707,0.23175604193615493,-0.1385690801985333,6,"{""2011"": 0.0, ""2012"": 0.0785, ""2013"": 0.2789, ""2014"": 0.1087, ""2015"": -0.043, ""2016"": -0.0133, ""2017"": 0.115, ""2018"": -0.1386, ""2019"": 0.1361, ""2020"": 0.0277, ""2021"": 0.0757, ""2022"": -0.0872, ""2023"": -0.0054, ""2024"": 0.1431, ""2025"": -0.05, ""2026"": 0.0225}",0.17219620388426923,0.4166666666666667
ret21,False,10,0.01,1.0,714,0.04944165992258154,-0.29316312684114754,0.1686489718380301,-0.29714749720984757,0.06790933479971395,-0.24111579185566057,0.2816461513245329,0.05482657523262713,-0.25142194381506544,0.21806599058415946,0.014098784794509767,-0.15680897885153966,0.08991057079619096,-0.16538536319823371,6,"{""2011"": 0.0, ""2012"": 0.1344, ""2013"": 0.459, ""2014"": 0.1306, ""2015"": -0.0692, ""2016"": -0.0074, ""2017"": 0.0971, ""2018"": -0.1654, ""2019"": 0.2585, ""2020"": 0.0216, ""2021"": 0.1293, ""2022"": -0.1477, ""2023"": -0.0231, ""2024"": 0.0992, ""2025"": -0.0659, ""2026"": 0.0495}",0.1567709139496179,0.4103641456582633
ret21,False,10,0.02,1.0,674,0.04966264015362176,-0.3205965007332243,0.15490699380698225,-0.319660045244588,0.044352895988521324,-0.2681814849444184,0.16538388545992885,0.05907304921211454,-0.24949065386035774,0.23677459775779128,0.05559695299255729,-0.1838581894859621,0.3023904083250108,-0.1626785575033851,6,"{""2011"": 0.0, ""2012"": 0.1423, ""2013"": 0.3799, ""2014"": 0.014, ""2015"": -0.0306, ""2016"": -0.0496, ""2017"": 0.0985, ""2018"": -0.1627, ""2019"": 0.2248, ""2020"": 0.0697, ""2021"": 0.1375, ""2022"": -0.1562, ""2023"": -0.0508, ""2024"": 0.3062, ""2025"": -0.0935, ""2026"": 0.0806}",0.17479071940654323,0.4169139465875371
ret21,False,10,0.05,1.0,674,0.04966264015362176,-0.3205965007332243,0.15490699380698225,-0.319660045244588,0.044352895988521324,-0.2681814849444184,0.16538388545992885,0.05907304921211454,-0.24949065386035774,0.23677459775779128,0.05559695299255729,-0.1838581894859621,0.3023904083250108,-0.1626785575033851,6,"{""2011"": 0.0, ""2012"": 0.1423, ""2013"": 0.3799, ""2014"": 0.014, ""2015"": -0.0306, ""2016"": -0.0496, ""2017"": 0.0985, ""2018"": -0.1627, ""2019"": 0.2248, ""2020"": 0.0697, ""2021"": 0.1375, ""2022"": -0.1562, ""2023"": -0.0508, ""2024"": 0.3062, ""2025"": -0.0935, ""2026"": 0.0806}",0.17479071940654323,0.4169139465875371
ret21,False,15,0.005,1.0,1124,0.04716389541354382,-0.2441079583942678,0.19320916746748448,-0.24264933751906403,0.07178974969063856,-0.2263298545052539,0.3171908091734848,0.0178827161436379,-0.18812174165072104,0.09505927378048681,0.038889070759246414,-0.17146000328669742,0.22681132633725776,-0.1555196732715236,4,"{""2011"": 0.0, ""2012"": 0.11, ""2013"": 0.3913, ""2014"": 0.1005, ""2015"": -0.0234, ""2016"": 0.0416, ""2017"": 0.0992, ""2018"": -0.1455, ""2019"": 0.1391, ""2020"": 0.0083, ""2021"": 0.1055, ""2022"": -0.1555, ""2023"": 0.0145, ""2024"": 0.121, ""2025"": -0.0531, ""2026"": 0.0646}",0.1642731533234772,0.41370106761565834
ret21,False,15,0.01,1.0,1083,0.04476954580665837,-0.33103980275539746,0.1352391628862171,-0.3272481720019882,0.08373506136907705,-0.253206330490902,0.33069892528648975,0.030022303894288394,-0.23634135125090405,0.12702941628871453,-0.006569359200456537,-0.20410009613105584,-0.03218694809549844,-0.19179846967778602,5,"{""2011"": 0.0, ""2012"": 0.1312, ""2013"": 0.3646, ""2014"": 0.1053, ""2015"": -0.0176, ""2016"": 0.0315, ""2017"": 0.1791, ""2018"": -0.1392, ""2019"": 0.1465, ""2020"": 0.0652, ""2021"": 0.1388, ""2022"": -0.1918, ""2023"": -0.033, ""2024"": 0.0551, ""2025"": -0.0765, ""2026"": 0.0378}",0.1444096565509677,0.40627885503231764
ret21,False,15,0.02,1.0,1083,0.044769128279660286,-0.3311861785397121,0.1351781299481134,-0.3273953726068559,0.08373506136907705,-0.253206330490902,0.33069892528648975,0.029959509317896593,-0.23651033283084022,0.12667315190547973,-0.006503270068370037,-0.20410009613105562,-0.03186314064347228,-0.19197683226984685,5,"{""2011"": 0.0, ""2012"": 0.1312, ""2013"": 0.3646, ""2014"": 0.1053, ""2015"": -0.0176, ""2016"": 0.0315, ""2017"": 0.1791, ""2018"": -0.1392, ""2019"": 0.1465, ""2020"": 0.0652, ""2021"": 0.1388, ""2022"": -0.192, ""2023"": -0.033, ""2024"": 0.0551, ""2025"": -0.0765, ""2026"": 0.0381}",0.1444096565509677,0.40627885503231764
ret21,False,15,0.05,1.0,1083,0.044769128279660286,-0.3311861785397121,0.1351781299481134,-0.3273953726068559,0.08373506136907705,-0.253206330490902,0.33069892528648975,0.029959509317896593,-0.23651033283084022,0.12667315190547973,-0.006503270068370037,-0.20410009613105562,-0.03186314064347228,-0.19197683226984685,5,"{""2011"": 0.0, ""2012"": 0.1312, ""2013"": 0.3646, ""2014"": 0.1053, ""2015"": -0.0176, ""2016"": 0.0315, ""2017"": 0.1791, ""2018"": -0.1392, ""2019"": 0.1465, ""2020"": 0.0652, ""2021"": 0.1388, ""2022"": -0.192, ""2023"": -0.033, ""2024"": 0.0551, ""2025"": -0.0765, ""2026"": 0.0381}",0.1444096565509677,0.40627885503231764
ret21,False,20,0.005,1.0,1518,0.05325903762347761,-0.2937068914188913,0.18133397335753484,-0.2930587806096312,0.09277913942225724,-0.23112982439595908,0.4014156964153317,0.026597548520017833,-0.22941230300132998,0.1159377599721129,0.01544383972574348,-0.19868283760098093,0.07773112117897008,-0.19162572985431192,5,"{""2011"": 0.0, ""2012"": 0.1304, ""2013"": 0.4255, ""2014"": 0.1392, ""2015"": -0.041, ""2016"": 0.1059, ""2017"": 0.098, ""2018"": -0.13, ""2019"": 0.1906, ""2020"": 0.0015, ""2021"": 0.1495, ""2022"": -0.1916, ""2023"": -0.0007, ""2024"": 0.0807, ""2025"": -0.0453, ""2026"": 0.0251}",0.16384170005465812,0.41238471673254284
ret21,False,20,0.01,1.0,1457,0.05481843791168761,-0.3135992668931573,0.17480410096227728,-0.31341474958729343,0.07222864284351749,-0.23172933849478616,0.3116939931416695,0.050741214734826734,-0.2362302966427814,0.21479554255293384,0.033744684415899284,-0.18793316475398114,0.17955683585743715,-0.19259482104097958,5,"{""2011"": 0.0, ""2012"": 0.1288, ""2013"": 0.4545, ""2014"": 0.0717, ""2015"": -0.0854, ""2016"": 0.0361, ""2017"": 0.1664, ""2018"": -0.1626, ""2019"": 0.2257, ""2020"": 0.0172, ""2021"": 0.2058, ""2022"": -0.1926, ""2023"": -0.0253, ""2024"": 0.1217, ""2025"": -0.0377, ""2026"": 0.0706}",0.16883906367862525,0.4138641043239533
ret21,False,20,0.02,1.0,1457,0.05481843791168761,-0.3135992668931573,0.17480410096227728,-0.31341474958729343,0.07222864284351749,-0.23172933849478616,0.3116939931416695,0.050741214734826734,-0.2362302966427814,0.21479554255293384,0.033744684415899284,-0.18793316475398114,0.17955683585743715,-0.19259482104097958,5,"{""2011"": 0.0, ""2012"": 0.1288, ""2013"": 0.4545, ""2014"": 0.0717, ""2015"": -0.0854, ""2016"": 0.0361, ""2017"": 0.1664, ""2018"": -0.1626, ""2019"": 0.2257, ""2020"": 0.0172, ""2021"": 0.2058, ""2022"": -0.1926, ""2023"": -0.0253, ""2024"": 0.1217, ""2025"": -0.0377, ""2026"": 0.0706}",0.16883906367862525,0.4138641043239533
ret21,False,20,0.05,1.0,1457,0.05481843791168761,-0.3135992668931573,0.17480410096227728,-0.31341474958729343,0.07222864284351749,-0.23172933849478616,0.3116939931416695,0.050741214734826734,-0.2362302966427814,0.21479554255293384,0.033744684415899284,-0.18793316475398114,0.17955683585743715,-0.19259482104097958,5,"{""2011"": 0.0, ""2012"": 0.1288, ""2013"": 0.4545, ""2014"": 0.0717, ""2015"": -0.0854, ""2016"": 0.0361, ""2017"": 0.1664, ""2018"": -0.1626, ""2019"": 0.2257, ""2020"": 0.0172, ""2021"": 0.2058, ""2022"": -0.1926, ""2023"": -0.0253, ""2024"": 0.1217, ""2025"": -0.0377, ""2026"": 0.0706}",0.16883906367862525,0.4138641043239533
ret21,False,30,0.005,1.0,2232,0.061390413104430275,-0.2772505287947449,0.2214257746281128,-0.2751587097310596,0.07555753806394505,-0.19979132518208398,0.3781822759075456,0.04541457083648659,-0.2210041169518714,0.20549196758346647,0.06020745699404162,-0.18824353850951403,0.3198381069053197,-0.1989550251250145,3,"{""2011"": 0.0, ""2012"": 0.0768, ""2013"": 0.4504, ""2014"": 0.066, ""2015"": -0.0528, ""2016"": 0.0423, ""2017"": 0.1732, ""2018"": -0.137, ""2019"": 0.1903, ""2020"": 0.0484, ""2021"": 0.1921, ""2022"": -0.199, ""2023"": 0.0311, ""2024"": 0.0849, ""2025"": 0.0123, ""2026"": 0.0883}",0.17497420368935238,0.414426523297491
ret21,False,30,0.01,1.0,2232,0.061389676238071456,-0.27732911054096687,0.2213603761910274,-0.2752375188664816,0.07555753806394505,-0.19979132518208398,0.3781822759075456,0.04538292585753756,-0.22108928481398415,0.2052696759850708,0.06024028283788807,-0.18824353850951403,0.3200124865632159,-0.19904247786516627,3,"{""2011"": 0.0, ""2012"": 0.0768, ""2013"": 0.4504, ""2014"": 0.066, ""2015"": -0.0528, ""2016"": 0.0423, ""2017"": 0.1732, ""2018"": -0.137, ""2019"": 0.1903, ""2020"": 0.0484, ""2021"": 0.1921, ""2022"": -0.199, ""2023"": 0.0311, ""2024"": 0.0849, ""2025"": 0.0123, ""2026"": 0.0884}",0.17497420368935238,0.414426523297491
ret21,False,30,0.02,1.0,2232,0.061389676238071456,-0.27732911054096687,0.2213603761910274,-0.2752375188664816,0.07555753806394505,-0.19979132518208398,0.3781822759075456,0.04538292585753756,-0.22108928481398415,0.2052696759850708,0.06024028283788807,-0.18824353850951403,0.3200124865632159,-0.19904247786516627,3,"{""2011"": 0.0, ""2012"": 0.0768, ""2013"": 0.4504, ""2014"": 0.066, ""2015"": -0.0528, ""2016"": 0.0423, ""2017"": 0.1732, ""2018"": -0.137, ""2019"": 0.1903, ""2020"": 0.0484, ""2021"": 0.1921, ""2022"": -0.199, ""2023"": 0.0311, ""2024"": 0.0849, ""2025"": 0.0123, ""2026"": 0.0884}",0.17497420368935238,0.414426523297491
ret21,False,30,0.05,1.0,2232,0.061389676238071456,-0.27732911054096687,0.2213603761910274,-0.2752375188664816,0.07555753806394505,-0.19979132518208398,0.3781822759075456,0.04538292585753756,-0.22108928481398415,0.2052696759850708,0.06024028283788807,-0.18824353850951403,0.3200124865632159,-0.19904247786516627,3,"{""2011"": 0.0, ""2012"": 0.0768, ""2013"": 0.4504, ""2014"": 0.066, ""2015"": -0.0528, ""2016"": 0.0423, ""2017"": 0.1732, ""2018"": -0.137, ""2019"": 0.1903, ""2020"": 0.0484, ""2021"": 0.1921, ""2022"": -0.199, ""2023"": 0.0311, ""2024"": 0.0849, ""2025"": 0.0123, ""2026"": 0.0884}",0.17497420368935238,0.414426523297491
ret21,True,5,0.005,1.0,380,0.03190454077261684,-0.1074997322267871,0.2967871650629728,-0.10787386906183316,0.02687514539116287,-0.1074997322267871,0.2500019752092558,0.025606089454887293,-0.0892568404821712,0.28688097535787227,0.05344847117055873,-0.06923589938413033,0.7719762673121242,-0.0680390127926428,4,"{""2011"": 0.0, ""2012"": 0.009, ""2013"": 0.1727, ""2014"": 0.0403, ""2015"": -0.068, ""2016"": 0.0065, ""2017"": 0.0384, ""2018"": 0.004, ""2019"": 0.0401, ""2020"": -0.0006, ""2021"": 0.0913, ""2022"": -0.0258, ""2023"": 0.0691, ""2024"": 0.0893, ""2025"": -0.0273, ""2026"": 0.0629}",0.2620367488576768,0.44473684210526315
ret21,True,5,0.01,1.0,380,0.061577491511853655,-0.19512287334948142,0.31558315257875075,-0.19633474330850265,0.05229359375559217,-0.19512287334948142,0.26800340143582224,0.04784040991439609,-0.17201732985663387,0.2781138967467301,0.10477294369458123,-0.1347591682087066,0.7774828613687748,-0.13063819713576108,4,"{""2011"": 0.0, ""2012"": 0.019, ""2013"": 0.3689, ""2014"": 0.0814, ""2015"": -0.1306, ""2016"": 0.0117, ""2017"": 0.0718, ""2018"": 0.0045, ""2019"": 0.0756, ""2020"": -0.0067, ""2021"": 0.1851, ""2022"": -0.0501, ""2023"": 0.1339, ""2024"": 0.1838, ""2025"": -0.0562, ""2026"": 0.126}",0.2620367488576768,0.44473684210526315
ret21,True,5,0.02,1.0,381,0.09257577769153436,-0.2480779806738873,0.3731720866159037,-0.25241560628578585,0.09426908712269877,-0.2480779806738873,0.3799978009600976,0.0912869647397907,-0.23465544976922936,0.3890255471567627,0.10388519912573368,-0.1913636719527374,0.5428679229743827,-0.1087066239903044,4,"{""2011"": 0.0, ""2012"": 0.0938, ""2013"": 0.4556, ""2014"": 0.159, ""2015"": -0.1087, ""2016"": -0.0041, ""2017"": 0.2724, ""2018"": -0.0992, ""2019"": 0.1796, ""2020"": 0.0442, ""2021"": 0.2394, ""2022"": -0.0745, ""2023"": 0.049, ""2024"": 0.2179, ""2025"": 0.0248, ""2026"": 0.0864}",0.2608898719318336,0.4461942257217848
ret21,True,5,0.05,1.0,372,0.09412444646878915,-0.250846486676336,0.3752272862814168,-0.24996813116120076,0.10123573457373736,-0.250846486676336,0.4035764499439074,0.09827764775920511,-0.2422219542578643,0.4057338570333754,0.08891488666521763,-0.17759545347815908,0.5006597011570034,-0.11553299468009914,4,"{""2011"": 0.0, ""2012"": 0.0711, ""2013"": 0.5376, ""2014"": 0.0625, ""2015"": -0.1155, ""2016"": 0.0079, ""2017"": 0.2747, ""2018"": -0.013, ""2019"": 0.1769, ""2020"": 0.0403, ""2021"": 0.2458, ""2022"": -0.0498, ""2023"": 0.0457, ""2024"": 0.2065, ""2025"": -0.0144, ""2026"": 0.0896}",0.22179728908133353,0.4327956989247312
ret21,True,10,0.005,1.0,777,0.048702504135749614,-0.18824204532158062,0.2587227739294342,-0.18838369310221692,0.05514207856909992,-0.18824204532158062,0.29293178617401194,0.035550291731635264,-0.15623974477923697,0.2275368010992784,0.05753676302153332,-0.10338317855306511,0.5565389246762279,-0.10405208008796951,5,"{""2011"": 0.0, ""2012"": 0.0467, ""2013"": 0.2826, ""2014"": 0.11, ""2015"": -0.0524, ""2016"": 0.042, ""2017"": 0.1041, ""2018"": -0.1041, ""2019"": 0.1102, ""2020"": -0.0392, ""2021"": 0.1847, ""2022"": -0.0911, ""2023"": 0.0267, ""2024"": 0.1448, ""2025"": -0.0021, ""2026"": 0.0408}",0.20485118758578597,0.4247104247104247
ret21,True,10,0.01,1.0,725,0.08236315935683258,-0.285615001365244,0.2883712653856956,-0.2899513929621007,0.08853505548658869,-0.25297564181317134,0.3499746254304356,0.05159111905873881,-0.23825001085263686,0.21654193791684279,0.11705171181943208,-0.19510271625560083,0.5999491655774006,-0.20257696170195927,5,"{""2011"": 0.0, ""2012"": 0.0857, ""2013"": 0.499, ""2014"": 0.1018, ""2015"": -0.0374, ""2016"": 0.0962, ""2017"": 0.0971, ""2018"": -0.1281, ""2019"": 0.1837, ""2020"": -0.0267, ""2021"": 0.3285, ""2022"": -0.2026, ""2023"": 0.1802, ""2024"": 0.1873, ""2025"": -0.0075, ""2026"": 0.0669}",0.2518902651333898,0.44
ret21,True,10,0.02,1.0,709,0.06731069122834454,-0.2701507494125517,0.2491597427536774,-0.2701032350534084,0.05404194242430327,-0.2701507494125517,0.20004365170860558,0.06494646770591461,-0.21064251052541416,0.30832554902576886,0.10605397739757039,-0.13849455984089631,0.7657627672841884,-0.1353348336843152,3,"{""2011"": 0.0, ""2012"": 0.0948, ""2013"": 0.3098, ""2014"": 0.0654, ""2015"": -0.0909, ""2016"": 0.0348, ""2017"": 0.1245, ""2018"": -0.1059, ""2019"": 0.1271, ""2020"": 0.0226, ""2021"": 0.2879, ""2022"": -0.1353, ""2023"": 0.0867, ""2024"": 0.1762, ""2025"": 0.011, ""2026"": 0.1085}",0.19293649400866072,0.4231311706629055
ret21,True,10,0.05,1.0,709,0.06731069122834454,-0.2701507494125517,0.2491597427536774,-0.2701032350534084,0.05404194242430327,-0.2701507494125517,0.20004365170860558,0.06494646770591461,-0.21064251052541416,0.30832554902576886,0.10605397739757039,-0.13849455984089631,0.7657627672841884,-0.1353348336843152,3,"{""2011"": 0.0, ""2012"": 0.0948, ""2013"": 0.3098, ""2014"": 0.0654, ""2015"": -0.0909, ""2016"": 0.0348, ""2017"": 0.1245, ""2018"": -0.1059, ""2019"": 0.1271, ""2020"": 0.0226, ""2021"": 0.2879, ""2022"": -0.1353, ""2023"": 0.0867, ""2024"": 0.1762, ""2025"": 0.011, ""2026"": 0.1085}",0.19293649400866072,0.4231311706629055
ret21,True,15,0.005,1.0,1148,0.06409650375315556,-0.24994200376766995,0.2564455065053234,-0.24837580167415862,0.07472611758274694,-0.2182016089659683,0.34246364147755465,0.03106236834594478,-0.1968571074518567,0.15779144958503152,0.08987017503295625,-0.137056967838587,0.6557140176834862,-0.1703836927092105,4,"{""2011"": 0.0, ""2012"": 0.081, ""2013"": 0.3912, ""2014"": 0.1013, ""2015"": -0.0801, ""2016"": 0.0701, ""2017"": 0.1635, ""2018"": -0.1274, ""2019"": 0.1215, ""2020"": -0.0261, ""2021"": 0.2456, ""2022"": -0.1704, ""2023"": 0.0204, ""2024"": 0.2046, ""2025"": 0.0534, ""2026"": 0.0496}",0.20815598689350637,0.4259581881533101
ret21,True,15,0.01,1.0,1102,0.07671284875789208,-0.27752307968720336,0.2764197083873357,-0.2758909116829844,0.0784240489097634,-0.23005808625173374,0.3408880347893983,0.05522016430305765,-0.2070954392225377,0.26664114144841183,0.10857133381016437,-0.16793462966364736,0.646509502105787,-0.19016200870020983,3,"{""2011"": 0.0, ""2012"": 0.0866, ""2013"": 0.404, ""2014"": 0.0751, ""2015"": -0.0695, ""2016"": 0.0841, ""2017"": 0.1884, ""2018"": -0.1377, ""2019"": 0.1497, ""2020"": 0.0434, ""2021"": 0.2739, ""2022"": -0.1902, ""2023"": 0.0411, ""2024"": 0.2506, ""2025"": 0.0096, ""2026"": 0.0985}",0.23644164755649574,0.4355716878402904
ret21,True,15,0.02,1.0,1102,0.07671284875789208,-0.27752307968720336,0.2764197083873357,-0.2758909116829844,0.0784240489097634,-0.23005808625173374,0.3408880347893983,0.05522016430305765,-0.2070954392225377,0.26664114144841183,0.10857133381016437,-0.16793462966364736,0.646509502105787,-0.19016200870020983,3,"{""2011"": 0.0, ""2012"": 0.0866, ""2013"": 0.404, ""2014"": 0.0751, ""2015"": -0.0695, ""2016"": 0.0841, ""2017"": 0.1884, ""2018"": -0.1377, ""2019"": 0.1497, ""2020"": 0.0434, ""2021"": 0.2739, ""2022"": -0.1902, ""2023"": 0.0411, ""2024"": 0.2506, ""2025"": 0.0096, ""2026"": 0.0985}",0.23644164755649574,0.4355716878402904
ret21,True,15,0.05,1.0,1102,0.07671284875789208,-0.27752307968720336,0.2764197083873357,-0.2758909116829844,0.0784240489097634,-0.23005808625173374,0.3408880347893983,0.05522016430305765,-0.2070954392225377,0.26664114144841183,0.10857133381016437,-0.16793462966364736,0.646509502105787,-0.19016200870020983,3,"{""2011"": 0.0, ""2012"": 0.0866, ""2013"": 0.404, ""2014"": 0.0751, ""2015"": -0.0695, ""2016"": 0.0841, ""2017"": 0.1884, ""2018"": -0.1377, ""2019"": 0.1497, ""2020"": 0.0434, ""2021"": 0.2739, ""2022"": -0.1902, ""2023"": 0.0411, ""2024"": 0.2506, ""2025"": 0.0096, ""2026"": 0.0985}",0.23644164755649574,0.4355716878402904
ret21,True,20,0.005,1.0,1523,0.07702691270125173,-0.3126390997104376,0.24637645378518902,-0.30968105017719916,0.09477502214397537,-0.2031385325166527,0.46655364184146597,0.02512664705545009,-0.23724224155039186,0.10591135411318824,0.11317648958140047,-0.1706315821581471,0.6632798462626027,-0.22312325595065718,5,"{""2011"": 0.0, ""2012"": 0.0687, ""2013"": 0.4497, ""2014"": 0.0921, ""2015"": -0.0253, ""2016"": 0.0059, ""2017"": 0.2186, ""2018"": -0.0683, ""2019"": 0.1588, ""2020"": -0.0053, ""2021"": 0.2312, ""2022"": -0.2231, ""2023"": -0.0007, ""2024"": 0.2743, ""2025"": 0.1064, ""2026"": 0.0403}",0.21950993392039697,0.4294156270518713
ret21,True,20,0.01,1.0,1462,0.07522619346000692,-0.3003730217201499,0.2504425764644512,-0.29966769429767504,0.08288502016064325,-0.21419010373465674,0.3869694197605085,0.044105793657325476,-0.2414176700403874,0.1826949686406422,0.1068116158339878,-0.15647335452096878,0.6826185593130754,-0.2164470623791087,3,"{""2011"": 0.0, ""2012"": 0.075, ""2013"": 0.401, ""2014"": 0.1427, ""2015"": -0.0624, ""2016"": 0.0389, ""2017"": 0.1965, ""2018"": -0.13, ""2019"": 0.145, ""2020"": 0.0452, ""2021"": 0.2631, ""2022"": -0.2164, ""2023"": 0.0483, ""2024"": 0.1667, ""2025"": 0.1115, ""2026"": 0.0561}",0.22188309741481316,0.4322845417236662
ret21,True,20,0.02,1.0,1462,0.07522619346000692,-0.3003730217201499,0.2504425764644512,-0.29966769429767504,0.08288502016064325,-0.21419010373465674,0.3869694197605085,0.044105793657325476,-0.2414176700403874,0.1826949686406422,0.1068116158339878,-0.15647335452096878,0.6826185593130754,-0.2164470623791087,3,"{""2011"": 0.0, ""2012"": 0.075, ""2013"": 0.401, ""2014"": 0.1427, ""2015"": -0.0624, ""2016"": 0.0389, ""2017"": 0.1965, ""2018"": -0.13, ""2019"": 0.145, ""2020"": 0.0452, ""2021"": 0.2631, ""2022"": -0.2164, ""2023"": 0.0483, ""2024"": 0.1667, ""2025"": 0.1115, ""2026"": 0.0561}",0.22188309741481316,0.4322845417236662
ret21,True,20,0.05,1.0,1462,0.07522619346000692,-0.3003730217201499,0.2504425764644512,-0.29966769429767504,0.08288502016064325,-0.21419010373465674,0.3869694197605085,0.044105793657325476,-0.2414176700403874,0.1826949686406422,0.1068116158339878,-0.15647335452096878,0.6826185593130754,-0.2164470623791087,3,"{""2011"": 0.0, ""2012"": 0.075, ""2013"": 0.401, ""2014"": 0.1427, ""2015"": -0.0624, ""2016"": 0.0389, ""2017"": 0.1965, ""2018"": -0.13, ""2019"": 0.145, ""2020"": 0.0452, ""2021"": 0.2631, ""2022"": -0.2164, ""2023"": 0.0483, ""2024"": 0.1667, ""2025"": 0.1115, ""2026"": 0.0561}",0.22188309741481316,0.4322845417236662
ret21,True,30,0.005,1.0,2193,0.06601208934619507,-0.2803226375986616,0.2354861166821093,-0.27699956873160647,0.08238120258032167,-0.20597971693117934,0.39994812988235323,0.022921072943920207,-0.2170450120627737,0.10560515869994275,0.09323769763898371,-0.15987806469134458,0.5831800492393087,-0.1975883739622375,4,"{""2011"": 0.0, ""2012"": 0.097, ""2013"": 0.3588, ""2014"": 0.1054, ""2015"": -0.0491, ""2016"": 0.0121, ""2017"": 0.2214, ""2018"": -0.102, ""2019"": 0.138, ""2020"": -0.0126, ""2021"": 0.2104, ""2022"": -0.1976, ""2023"": 0.0344, ""2024"": 0.1595, ""2025"": 0.0815, ""2026"": 0.0592}",0.20334840467289694,0.42544459644322846
ret21,True,30,0.01,1.0,2193,0.06601208934619507,-0.2803226375986616,0.2354861166821093,-0.27699956873160647,0.08238120258032167,-0.20597971693117934,0.39994812988235323,0.022921072943920207,-0.2170450120627737,0.10560515869994275,0.09323769763898371,-0.15987806469134458,0.5831800492393087,-0.1975883739622375,4,"{""2011"": 0.0, ""2012"": 0.097, ""2013"": 0.3588, ""2014"": 0.1054, ""2015"": -0.0491, ""2016"": 0.0121, ""2017"": 0.2214, ""2018"": -0.102, ""2019"": 0.138, ""2020"": -0.0126, ""2021"": 0.2104, ""2022"": -0.1976, ""2023"": 0.0344, ""2024"": 0.1595, ""2025"": 0.0815, ""2026"": 0.0592}",0.20334840467289694,0.42544459644322846
ret21,True,30,0.02,1.0,2193,0.06601208934619507,-0.2803226375986616,0.2354861166821093,-0.27699956873160647,0.08238120258032167,-0.20597971693117934,0.39994812988235323,0.022921072943920207,-0.2170450120627737,0.10560515869994275,0.09323769763898371,-0.15987806469134458,0.5831800492393087,-0.1975883739622375,4,"{""2011"": 0.0, ""2012"": 0.097, ""2013"": 0.3588, ""2014"": 0.1054, ""2015"": -0.0491, ""2016"": 0.0121, ""2017"": 0.2214, ""2018"": -0.102, ""2019"": 0.138, ""2020"": -0.0126, ""2021"": 0.2104, ""2022"": -0.1976, ""2023"": 0.0344, ""2024"": 0.1595, ""2025"": 0.0815, ""2026"": 0.0592}",0.20334840467289694,0.42544459644322846
ret21,True,30,0.05,1.0,2193,0.06601208934619507,-0.2803226375986616,0.2354861166821093,-0.27699956873160647,0.08238120258032167,-0.20597971693117934,0.39994812988235323,0.022921072943920207,-0.2170450120627737,0.10560515869994275,0.09323769763898371,-0.15987806469134458,0.5831800492393087,-0.1975883739622375,4,"{""2011"": 0.0, ""2012"": 0.097, ""2013"": 0.3588, ""2014"": 0.1054, ""2015"": -0.0491, ""2016"": 0.0121, ""2017"": 0.2214, ""2018"": -0.102, ""2019"": 0.138, ""2020"": -0.0126, ""2021"": 0.2104, ""2022"": -0.1976, ""2023"": 0.0344, ""2024"": 0.1595, ""2025"": 0.0815, ""2026"": 0.0592}",0.20334840467289694,0.42544459644322846
rsi2,False,5,0.005,1.0,385,0.02137373574825996,-0.12088395424072984,0.17681201680163466,-0.124409323284147,0.02375434824685141,-0.08878987148469741,0.2675344366383656,0.02436409717281829,-0.08803854248869869,0.2767435316860891,0.016100072438449686,-0.12040946374250394,0.1337110218585455,-0.07236343122995836,5,"{""2011"": 0.0, ""2012"": 0.0194, ""2013"": 0.1354, ""2014"": 0.006, ""2015"": -0.0378, ""2016"": 0.0199, ""2017"": 0.0292, ""2018"": 0.0021, ""2019"": 0.0847, ""2020"": -0.0074, ""2021"": 0.1022, ""2022"": -0.0724, ""2023"": 0.0049, ""2024"": 0.1411, ""2025"": -0.0529, ""2026"": -0.0252}",0.1777483452211904,0.41818181818181815
rsi2,False,5,0.01,1.0,385,0.039136512154536174,-0.23006903242564025,0.17010769220836072,-0.23653361854948385,0.04334883611147533,-0.17106333677351027,0.25340810561219007,0.04452287796741361,-0.17001671231567161,0.26187353796577106,0.02993997704139728,-0.22650914515095844,0.13217999220933704,-0.1426409564856006,5,"{""2011"": 0.0, ""2012"": 0.0442, ""2013"": 0.2829, ""2014"": 0.0016, ""2015"": -0.0771, ""2016"": 0.0421, ""2017"": 0.0364, ""2018"": 0.006, ""2019"": 0.1745, ""2020"": -0.0199, ""2021"": 0.2057, ""2022"": -0.1426, ""2023"": 0.0147, ""2024"": 0.2883, ""2025"": -0.1045, ""2026"": -0.051}",0.1777483452211904,0.41818181818181815
rsi2,False,5,0.02,1.0,373,0.0654383906433551,-0.34768151464335195,0.18821360321810932,-0.35075710581111286,0.06518297017340124,-0.22634687649161667,0.28797821813907587,0.06262222240284676,-0.26859337119838367,0.23314880081904124,0.07859426752514631,-0.2285893529964933,0.34382295804630936,-0.2334601652083671,5,"{""2011"": 0.0, ""2012"": 0.0162, ""2013"": 0.4675, ""2014"": 0.0479, ""2015"": -0.0691, ""2016"": -0.039, ""2017"": 0.097, ""2018"": 0.0141, ""2019"": 0.2838, ""2020"": 0.0022, ""2021"": 0.2882, ""2022"": -0.2335, ""2023"": -0.0338, ""2024"": 0.5061, ""2025"": -0.1132, ""2026"": 0.0148}",0.2393987432181444,0.4343163538873995
rsi2,False,5,0.05,1.0,371,0.05973427935500175,-0.3598445745801314,0.16600022224789698,-0.3628017883379461,0.08564508059058351,-0.16911129109412792,0.5064421188938423,0.031083618409575964,-0.2681297029702415,0.11592754575581576,0.04908641987312046,-0.28489619463596194,0.1722958073758854,-0.2233884912631131,4,"{""2011"": 0.0, ""2012"": 0.0582, ""2013"": 0.4105, ""2014"": 0.1052, ""2015"": 0.0397, ""2016"": 0.0329, ""2017"": 0.0891, ""2018"": -0.0793, ""2019"": 0.1832, ""2020"": 0.0286, ""2021"": 0.1987, ""2022"": -0.2234, ""2023"": 0.01, ""2024"": 0.4594, ""2025"": -0.1458, ""2026"": -0.0578}",0.23450088561256258,0.4393530997304582
rsi2,False,10,0.005,1.0,805,0.022451373552520693,-0.25891734704945557,0.0867125119593948,-0.2585488417596966,0.05125978819885746,-0.14113954568983056,0.3631851579819195,-0.018932230650680948,-0.2054648608291345,-0.09214339899426927,0.016961193533644225,-0.15217795380072563,0.11145631223202418,-0.16045654366018702,7,"{""2011"": 0.0, ""2012"": 0.0319, ""2013"": 0.2686, ""2014"": 0.0395, ""2015"": -0.0095, ""2016"": 0.0177, ""2017"": 0.0841, ""2018"": -0.0463, ""2019"": 0.1036, ""2020"": -0.0768, ""2021"": 0.083, ""2022"": -0.1605, ""2023"": -0.0378, ""2024"": 0.1806, ""2025"": -0.0493, ""2026"": -0.0168}",0.09901700269065654,0.391304347826087
rsi2,False,10,0.01,1.0,791,0.026866343907682833,-0.39990791243103796,0.06718132618172638,-0.40246983075495,0.05975571014736736,-0.2129485471758128,0.2806110252446679,-0.02461240008575627,-0.3073219542876414,-0.08008669651605826,0.02636985231266853,-0.2041065086240187,0.12919652827555836,-0.2700012009827545,7,"{""2011"": 0.0, ""2012"": 0.0744, ""2013"": 0.2563, ""2014"": 0.0439, ""2015"": -0.0317, ""2016"": -0.0255, ""2017"": 0.134, ""2018"": -0.0048, ""2019"": 0.1916, ""2020"": -0.1121, ""2021"": 0.1703, ""2022"": -0.27, ""2023"": -0.0843, ""2024"": 0.2475, ""2025"": -0.0591, ""2026"": 0.0208}",0.12305544890998385,0.3994943109987358
rsi2,False,10,0.02,1.0,729,0.029597084292164677,-0.42086564279391314,0.07032430610321307,-0.4185750774836946,0.05275109325491578,-0.24177423322858138,0.21818327185032638,-0.03084800469836757,-0.36351684004835394,-0.08485990551156931,0.05862124652781575,-0.2253721545816243,0.26010864845587905,-0.2719746246500312,7,"{""2011"": 0.0, ""2012"": 0.1046, ""2013"": 0.3961, ""2014"": 0.015, ""2015"": -0.0323, ""2016"": -0.0016, ""2017"": 0.0125, ""2018"": -0.0644, ""2019"": 0.1888, ""2020"": -0.0335, ""2021"": 0.0549, ""2022"": -0.272, ""2023"": -0.046, ""2024"": 0.4055, ""2025"": -0.1086, ""2026"": 0.025}",0.14892619888329126,0.411522633744856
rsi2,False,10,0.05,1.0,729,0.029597084292164677,-0.42086564279391314,0.07032430610321307,-0.4185750774836946,0.05275109325491578,-0.24177423322858138,0.21818327185032638,-0.03084800469836757,-0.36351684004835394,-0.08485990551156931,0.05862124652781575,-0.2253721545816243,0.26010864845587905,-0.2719746246500312,7,"{""2011"": 0.0, ""2012"": 0.1046, ""2013"": 0.3961, ""2014"": 0.015, ""2015"": -0.0323, ""2016"": -0.0016, ""2017"": 0.0125, ""2018"": -0.0644, ""2019"": 0.1888, ""2020"": -0.0335, ""2021"": 0.0549, ""2022"": -0.272, ""2023"": -0.046, ""2024"": 0.4055, ""2025"": -0.1086, ""2026"": 0.025}",0.14892619888329126,0.411522633744856
rsi2,False,15,0.005,1.0,1162,0.04506419508746551,-0.31257439490643735,0.14417110237373904,-0.31921556397751416,0.08430742993987717,-0.16003215055338704,0.5268155782968875,-0.022511690297769227,-0.27069751023812527,-0.08316179294728755,0.053615672111154256,-0.19026486754322225,0.28179491465482687,-0.23156839123456807,5,"{""2011"": 0.0, ""2012"": 0.0763, ""2013"": 0.3433, ""2014"": 0.0409, ""2015"": 0.0123, ""2016"": 0.0571, ""2017"": 0.1601, ""2018"": -0.0574, ""2019"": 0.1373, ""2020"": -0.0481, ""2021"": 0.0975, ""2022"": -0.2316, ""2023"": 0.0368, ""2024"": 0.201, ""2025"": -0.0281, ""2026"": -0.0046}",0.15784704177136524,0.41222030981067126
rsi2,False,15,0.01,1.0,1110,0.042903533180029596,-0.3624118650284801,0.11838335694847636,-0.3686314156850693,0.08439331575061626,-0.16378291781934018,0.5152754443152968,-0.006612656641307946,-0.31519068373218995,-0.020979860708467395,0.025859789175739722,-0.218377432082277,0.11841786456210665,-0.26365415893556665,4,"{""2011"": 0.0, ""2012"": 0.0849, ""2013"": 0.3965, ""2014"": 0.0208, ""2015"": 0.0174, ""2016"": 0.0143, ""2017"": 0.1986, ""2018"": -0.0787, ""2019"": 0.1605, ""2020"": -0.0555, ""2021"": 0.2054, ""2022"": -0.2637, ""2023"": 0.022, ""2024"": 0.1659, ""2025"": -0.084, ""2026"": 0.0035}",0.1562076656843111,0.4117117117117117
rsi2,False,15,0.02,1.0,1110,0.042903533180029596,-0.3624118650284801,0.11838335694847636,-0.3686314156850693,0.08439331575061626,-0.16378291781934018,0.5152754443152968,-0.006612656641307946,-0.31519068373218995,-0.020979860708467395,0.025859789175739722,-0.218377432082277,0.11841786456210665,-0.26365415893556665,4,"{""2011"": 0.0, ""2012"": 0.0849, ""2013"": 0.3965, ""2014"": 0.0208, ""2015"": 0.0174, ""2016"": 0.0143, ""2017"": 0.1986, ""2018"": -0.0787, ""2019"": 0.1605, ""2020"": -0.0555, ""2021"": 0.2054, ""2022"": -0.2637, ""2023"": 0.022, ""2024"": 0.1659, ""2025"": -0.084, ""2026"": 0.0035}",0.1562076656843111,0.4117117117117117
rsi2,False,15,0.05,1.0,1110,0.042903533180029596,-0.3624118650284801,0.11838335694847636,-0.3686314156850693,0.08439331575061626,-0.16378291781934018,0.5152754443152968,-0.006612656641307946,-0.31519068373218995,-0.020979860708467395,0.025859789175739722,-0.218377432082277,0.11841786456210665,-0.26365415893556665,4,"{""2011"": 0.0, ""2012"": 0.0849, ""2013"": 0.3965, ""2014"": 0.0208, ""2015"": 0.0174, ""2016"": 0.0143, ""2017"": 0.1986, ""2018"": -0.0787, ""2019"": 0.1605, ""2020"": -0.0555, ""2021"": 0.2054, ""2022"": -0.2637, ""2023"": 0.022, ""2024"": 0.1659, ""2025"": -0.084, ""2026"": 0.0035}",0.1562076656843111,0.4117117117117117
rsi2,False,20,0.005,1.0,1540,0.061164343796904275,-0.3378669497730701,0.18103085796934443,-0.34030576577692284,0.09583326799493674,-0.1693969359562576,0.5657320036749851,-0.02767369699365907,-0.2873379062234943,-0.09631063773442475,0.10703320571298702,-0.19186709594268903,0.5578507622013417,-0.2460990411883871,3,"{""2011"": 0.0, ""2012"": 0.0882, ""2013"": 0.3505, ""2014"": 0.0756, ""2015"": 0.0193, ""2016"": 0.0852, ""2017"": 0.1655, ""2018"": -0.0694, ""2019"": 0.0945, ""2020"": -0.076, ""2021"": 0.1726, ""2022"": -0.2461, ""2023"": 0.062, ""2024"": 0.2975, ""2025"": 0.003, ""2026"": 0.0397}",0.1907746562862923,0.42337662337662335
rsi2,False,20,0.01,1.0,1493,0.05372167103072267,-0.3387415926058175,0.15859189483482422,-0.3456254040562341,0.08799158863361667,-0.17199745585329174,0.5115865708424818,-0.018243001175689555,-0.2975665984028104,-0.06130728809486319,0.07819590229585716,-0.2289777223086632,0.3415000442289694,-0.25840770904426036,5,"{""2011"": 0.0, ""2012"": 0.1024, ""2013"": 0.3727, ""2014"": 0.0233, ""2015"": -0.0063, ""2016"": 0.0848, ""2017"": 0.1247, ""2018"": -0.0393, ""2019"": 0.1199, ""2020"": -0.0437, ""2021"": 0.1702, ""2022"": -0.2584, ""2023"": 0.0671, ""2024"": 0.2534, ""2025"": -0.0232, ""2026"": 0.001}",0.17630815547455783,0.41795043536503684
rsi2,False,20,0.02,1.0,1493,0.05372167103072267,-0.3387415926058175,0.15859189483482422,-0.3456254040562341,0.08799158863361667,-0.17199745585329174,0.5115865708424818,-0.018243001175689555,-0.2975665984028104,-0.06130728809486319,0.07819590229585716,-0.2289777223086632,0.3415000442289694,-0.25840770904426036,5,"{""2011"": 0.0, ""2012"": 0.1024, ""2013"": 0.3727, ""2014"": 0.0233, ""2015"": -0.0063, ""2016"": 0.0848, ""2017"": 0.1247, ""2018"": -0.0393, ""2019"": 0.1199, ""2020"": -0.0437, ""2021"": 0.1702, ""2022"": -0.2584, ""2023"": 0.0671, ""2024"": 0.2534, ""2025"": -0.0232, ""2026"": 0.001}",0.17630815547455783,0.41795043536503684
rsi2,False,20,0.05,1.0,1493,0.05372167103072267,-0.3387415926058175,0.15859189483482422,-0.3456254040562341,0.08799158863361667,-0.17199745585329174,0.5115865708424818,-0.018243001175689555,-0.2975665984028104,-0.06130728809486319,0.07819590229585716,-0.2289777223086632,0.3415000442289694,-0.25840770904426036,5,"{""2011"": 0.0, ""2012"": 0.1024, ""2013"": 0.3727, ""2014"": 0.0233, ""2015"": -0.0063, ""2016"": 0.0848, ""2017"": 0.1247, ""2018"": -0.0393, ""2019"": 0.1199, ""2020"": -0.0437, ""2021"": 0.1702, ""2022"": -0.2584, ""2023"": 0.0671, ""2024"": 0.2534, ""2025"": -0.0232, ""2026"": 0.001}",0.17630815547455783,0.41795043536503684
rsi2,False,30,0.005,1.0,2276,0.06603647733944751,-0.3178334835422233,0.20777067476804956,-0.32376050243923216,0.09480327880978123,-0.16074511227191624,0.5897739437912869,0.0054841378841623545,-0.2684091064338583,0.020432011257091095,0.08969105181252246,-0.19714371347062032,0.45495263446931483,-0.24778849235199196,3,"{""2011"": 0.0, ""2012"": 0.093, ""2013"": 0.3771, ""2014"": 0.045, ""2015"": 0.0131, ""2016"": 0.0649, ""2017"": 0.1778, ""2018"": -0.0575, ""2019"": 0.1482, ""2020"": -0.0281, ""2021"": 0.2148, ""2022"": -0.2478, ""2023"": 0.0605, ""2024"": 0.2633, ""2025"": 0.0025, ""2026"": 0.0113}",0.2046432519257137,0.4270650263620387
rsi2,False,30,0.01,1.0,2276,0.06625033622947485,-0.3179083736054965,0.20839443603862784,-0.3238347418185309,0.09480327880978123,-0.16074511227191624,0.5897739437912869,0.005456483780211796,-0.268489433326053,0.020322899536926852,0.09064468775934165,-0.19714371347061999,0.4597898972459514,-0.24787107214159365,3,"{""2011"": 0.0, ""2012"": 0.093, ""2013"": 0.3771, ""2014"": 0.045, ""2015"": 0.0131, ""2016"": 0.0649, ""2017"": 0.1778, ""2018"": -0.0575, ""2019"": 0.1482, ""2020"": -0.0281, ""2021"": 0.2148, ""2022"": -0.2479, ""2023"": 0.0605, ""2024"": 0.2633, ""2025"": 0.0025, ""2026"": 0.0145}",0.20474122037922612,0.4270650263620387
rsi2,False,30,0.02,1.0,2276,0.06625033622947485,-0.3179083736054965,0.20839443603862784,-0.3238347418185309,0.09480327880978123,-0.16074511227191624,0.5897739437912869,0.005456483780211796,-0.268489433326053,0.020322899536926852,0.09064468775934165,-0.19714371347061999,0.4597898972459514,-0.24787107214159365,3,"{""2011"": 0.0, ""2012"": 0.093, ""2013"": 0.3771, ""2014"": 0.045, ""2015"": 0.0131, ""2016"": 0.0649, ""2017"": 0.1778, ""2018"": -0.0575, ""2019"": 0.1482, ""2020"": -0.0281, ""2021"": 0.2148, ""2022"": -0.2479, ""2023"": 0.0605, ""2024"": 0.2633, ""2025"": 0.0025, ""2026"": 0.0145}",0.20474122037922612,0.4270650263620387
rsi2,False,30,0.05,1.0,2276,0.06625033622947485,-0.3179083736054965,0.20839443603862784,-0.3238347418185309,0.09480327880978123,-0.16074511227191624,0.5897739437912869,0.005456483780211796,-0.268489433326053,0.020322899536926852,0.09064468775934165,-0.19714371347061999,0.4597898972459514,-0.24787107214159365,3,"{""2011"": 0.0, ""2012"": 0.093, ""2013"": 0.3771, ""2014"": 0.045, ""2015"": 0.0131, ""2016"": 0.0649, ""2017"": 0.1778, ""2018"": -0.0575, ""2019"": 0.1482, ""2020"": -0.0281, ""2021"": 0.2148, ""2022"": -0.2479, ""2023"": 0.0605, ""2024"": 0.2633, ""2025"": 0.0025, ""2026"": 0.0145}",0.20474122037922612,0.4270650263620387
rsi2,True,5,0.005,1.0,408,0.02622632213655507,-0.16237388223508153,0.16151810731842417,-0.1604539952397116,0.031181432323477143,-0.16149989358385053,0.19307401157690413,0.02875868477503918,-0.07427879991358532,0.3871721784479089,0.017084867844197493,-0.06733746912215566,0.253720076904051,-0.13552900282814695,4,"{""2011"": 0.0, ""2012"": 0.0297, ""2013"": 0.1905, ""2014"": -0.0114, ""2015"": 0.0043, ""2016"": 0.0377, ""2017"": 0.1353, ""2018"": -0.1355, ""2019"": 0.0821, ""2020"": 0.0199, ""2021"": 0.0587, ""2022"": -0.0416, ""2023"": 0.0027, ""2024"": 0.0596, ""2025"": -0.0169, ""2026"": 0.0169}",0.2014271630534846,0.42401960784313725
rsi2,True,5,0.01,1.0,408,0.04934018450020061,-0.2898894661132997,0.17020344051037928,-0.28756777781665177,0.055568908754029867,-0.2884052747235779,0.19267646476746966,0.05895799545415925,-0.12904798164841325,0.4568687917552114,0.03293232294962989,-0.12924351674971213,0.25480831671738957,-0.24858698516234112,4,"{""2011"": 0.0, ""2012"": 0.0604, ""2013"": 0.3946, ""2014"": -0.0216, ""2015"": 0.0064, ""2016"": 0.0738, ""2017"": 0.2423, ""2018"": -0.2486, ""2019"": 0.1694, ""2020"": 0.0491, ""2021"": 0.1158, ""2022"": -0.0817, ""2023"": 0.004, ""2024"": 0.1255, ""2025"": -0.0397, ""2026"": 0.0344}",0.2014271630534846,0.42401960784313725
rsi2,True,5,0.02,1.0,402,0.07662656844828653,-0.38922938460571943,0.1968673781551912,-0.3859689888533152,0.04876509885730407,-0.38623815915630166,0.12625655363474833,0.08514766353805592,-0.17796818966375416,0.47844316278617227,0.1339828807209511,-0.13851451008837323,0.9672840819020988,-0.3559017468094515,3,"{""2011"": 0.0, ""2012"": 0.1003, ""2013"": 0.4358, ""2014"": 0.0392, ""2015"": 0.0136, ""2016"": -0.0051, ""2017"": 0.3083, ""2018"": -0.3559, ""2019"": 0.1375, ""2020"": 0.1755, ""2021"": 0.1572, ""2022"": -0.1045, ""2023"": 0.0236, ""2024"": 0.2441, ""2025"": 0.1635, ""2026"": 0.0565}",0.21389968782825805,0.43034825870646765
rsi2,True,5,0.05,1.0,365,0.027888931410041673,-0.4115433233881607,0.06776669629927955,-0.40861294416187155,-0.009716281285682138,-0.4101944185494495,-0.023687014855154172,0.056818553689380824,-0.2216632582423691,0.2563282437509548,0.07573154368868273,-0.18850126880889684,0.401756148206406,-0.3750351720379146,5,"{""2011"": 0.0, ""2012"": 0.0855, ""2013"": 0.1389, ""2014"": -0.0375, ""2015"": 0.0485, ""2016"": 0.0573, ""2017"": 0.1331, ""2018"": -0.375, ""2019"": 0.093, ""2020"": 0.2204, ""2021"": 0.1355, ""2022"": -0.1768, ""2023"": 0.1806, ""2024"": 0.1566, ""2025"": -0.0327, ""2026"": -0.0179}",0.10590042013477766,0.3917808219178082
rsi2,True,10,0.005,1.0,794,0.04911699535863634,-0.22161081087751033,0.22163627832120741,-0.21907271971313647,0.04968824104141856,-0.22161081087751033,0.22421397604506962,0.0344484806545049,-0.13211116650450683,0.2607537391877448,0.07140495933354285,-0.09226876069208623,0.7738801171485461,-0.1762857123780488,3,"{""2011"": 0.0, ""2012"": 0.0489, ""2013"": 0.3075, ""2014"": 0.0037, ""2015"": -0.0529, ""2016"": 0.109, ""2017"": 0.1786, ""2018"": -0.1763, ""2019"": 0.1362, ""2020"": 0.0075, ""2021"": 0.0991, ""2022"": -0.0911, ""2023"": 0.0376, ""2024"": 0.1012, ""2025"": 0.0438, ""2026"": 0.0721}",0.20041401537244719,0.42317380352644834
rsi2,True,10,0.01,1.0,773,0.0881624146852491,-0.26285474703453693,0.3354035477003019,-0.26673454557562737,0.07735169283363907,-0.26224948988987196,0.2949545978759457,0.07680882589230742,-0.19511514812603292,0.39365895795386135,0.13531826501502375,-0.13253774103340066,1.0209791110059918,-0.20928469486449386,4,"{""2011"": 0.0, ""2012"": 0.106, ""2013"": 0.4585, ""2014"": -0.0243, ""2015"": -0.0118, ""2016"": 0.0846, ""2017"": 0.2622, ""2018"": -0.2093, ""2019"": 0.2336, ""2020"": 0.0797, ""2021"": 0.1863, ""2022"": -0.151, ""2023"": 0.0776, ""2024"": 0.2821, ""2025"": 0.0503, ""2026"": 0.0835}",0.2306252426730229,0.4307891332470893
rsi2,True,10,0.02,1.0,735,0.07089034525505178,-0.3069022496330567,0.23098672407846738,-0.30914403998641327,0.048923036168503575,-0.3069022496330567,0.1594091806984071,0.05970757116623604,-0.1794524965514317,0.332720760723012,0.13880309986834805,-0.15218870746694624,0.9120459867135319,-0.24421532452434014,3,"{""2011"": 0.0, ""2012"": 0.1097, ""2013"": 0.3673, ""2014"": 0.0463, ""2015"": -0.0899, ""2016"": 0.0122, ""2017"": 0.2635, ""2018"": -0.2442, ""2019"": 0.1396, ""2020"": 0.1442, ""2021"": 0.1269, ""2022"": -0.1435, ""2023"": 0.1475, ""2024"": 0.1043, ""2025"": 0.151, ""2026"": 0.0896}",0.19468909438478607,0.4217687074829932
rsi2,True,10,0.05,1.0,735,0.07089034525505178,-0.3069022496330567,0.23098672407846738,-0.30914403998641327,0.048923036168503575,-0.3069022496330567,0.1594091806984071,0.05970757116623604,-0.1794524965514317,0.332720760723012,0.13880309986834805,-0.15218870746694624,0.9120459867135319,-0.24421532452434014,3,"{""2011"": 0.0, ""2012"": 0.1097, ""2013"": 0.3673, ""2014"": 0.0463, ""2015"": -0.0899, ""2016"": 0.0122, ""2017"": 0.2635, ""2018"": -0.2442, ""2019"": 0.1396, ""2020"": 0.1442, ""2021"": 0.1269, ""2022"": -0.1435, ""2023"": 0.1475, ""2024"": 0.1043, ""2025"": 0.151, ""2026"": 0.0896}",0.19468909438478607,0.4217687074829932
rsi2,True,15,0.005,1.0,1193,0.0695901923967257,-0.24434263208191587,0.2848057737767005,-0.23984464961590524,0.08153824929217013,-0.24434263208191587,0.3337045549416625,0.06317856883901785,-0.1720270893900021,0.36725941863601436,0.06401935955546012,-0.15293093550200876,0.41861615078277753,-0.18205235340495562,4,"{""2011"": 0.0, ""2012"": 0.095, ""2013"": 0.399, ""2014"": 0.0561, ""2015"": -0.0187, ""2016"": 0.09, ""2017"": 0.2222, ""2018"": -0.1821, ""2019"": 0.1481, ""2020"": 0.0502, ""2021"": 0.192, ""2022"": -0.1158, ""2023"": 0.0168, ""2024"": 0.1646, ""2025"": -0.0207, ""2026"": 0.0758}",0.21541205177114847,0.4283319362950545
rsi2,True,15,0.01,1.0,1178,0.06220212063521169,-0.3317203404116562,0.18751373689662953,-0.33474293864060845,0.07860749297738012,-0.282506463027293,0.27825024650776164,0.04516774905732257,-0.22030876502962038,0.20502020902913143,0.059077139092358344,-0.19701754102311442,0.2998572552756981,-0.22689193991904677,4,"{""2011"": 0.0, ""2012"": 0.1347, ""2013"": 0.3441, ""2014"": 0.1105, ""2015"": -0.0821, ""2016"": 0.109, ""2017"": 0.2734, ""2018"": -0.2269, ""2019"": 0.1329, ""2020"": 0.0746, ""2021"": 0.1529, ""2022"": -0.1543, ""2023"": 0.0498, ""2024"": 0.1757, ""2025"": -0.0581, ""2026"": 0.0554}",0.17393811440362777,0.4151103565365025
rsi2,True,15,0.02,1.0,1178,0.06220212063521169,-0.3317203404116562,0.18751373689662953,-0.33474293864060845,0.07860749297738012,-0.282506463027293,0.27825024650776164,0.04516774905732257,-0.22030876502962038,0.20502020902913143,0.059077139092358344,-0.19701754102311442,0.2998572552756981,-0.22689193991904677,4,"{""2011"": 0.0, ""2012"": 0.1347, ""2013"": 0.3441, ""2014"": 0.1105, ""2015"": -0.0821, ""2016"": 0.109, ""2017"": 0.2734, ""2018"": -0.2269, ""2019"": 0.1329, ""2020"": 0.0746, ""2021"": 0.1529, ""2022"": -0.1543, ""2023"": 0.0498, ""2024"": 0.1757, ""2025"": -0.0581, ""2026"": 0.0554}",0.17393811440362777,0.4151103565365025
rsi2,True,15,0.05,1.0,1178,0.06220212063521169,-0.3317203404116562,0.18751373689662953,-0.33474293864060845,0.07860749297738012,-0.282506463027293,0.27825024650776164,0.04516774905732257,-0.22030876502962038,0.20502020902913143,0.059077139092358344,-0.19701754102311442,0.2998572552756981,-0.22689193991904677,4,"{""2011"": 0.0, ""2012"": 0.1347, ""2013"": 0.3441, ""2014"": 0.1105, ""2015"": -0.0821, ""2016"": 0.109, ""2017"": 0.2734, ""2018"": -0.2269, ""2019"": 0.1329, ""2020"": 0.0746, ""2021"": 0.1529, ""2022"": -0.1543, ""2023"": 0.0498, ""2024"": 0.1757, ""2025"": -0.0581, ""2026"": 0.0554}",0.17393811440362777,0.4151103565365025
rsi2,True,20,0.005,1.0,1583,0.07017622462555506,-0.25117822561241876,0.279388169314647,-0.25031036455121036,0.09123981614945276,-0.2059738527579944,0.44296795407645007,0.04145702907519655,-0.2141445996974557,0.19359362381198125,0.0722887826378702,-0.1844399005837657,0.39193679029901307,-0.16758245785949621,3,"{""2011"": 0.0, ""2012"": 0.1152, ""2013"": 0.4038, ""2014"": 0.0861, ""2015"": -0.0532, ""2016"": 0.0451, ""2017"": 0.2377, ""2018"": -0.1157, ""2019"": 0.1543, ""2020"": 0.0326, ""2021"": 0.1802, ""2022"": -0.1676, ""2023"": 0.0239, ""2024"": 0.171, ""2025"": 0.0047, ""2026"": 0.0646}",0.19699168589029606,0.4213518635502211
rsi2,True,20,0.01,1.0,1531,0.06794427091025157,-0.3075437544790529,0.22092554285598187,-0.30852561826685765,0.07480758117513853,-0.24902567925754526,0.3004010726852457,0.045609489752624466,-0.22339519574389977,0.20416504303392083,0.09022734026355916,-0.1559998417056172,0.5783809731924252,-0.18782667444474876,3,"{""2011"": 0.0, ""2012"": 0.1166, ""2013"": 0.3987, ""2014"": 0.049, ""2015"": -0.0762, ""2016"": 0.0594, ""2017"": 0.2716, ""2018"": -0.1878, ""2019"": 0.1025, ""2020"": 0.0887, ""2021"": 0.2119, ""2022"": -0.1823, ""2023"": 0.0586, ""2024"": 0.1892, ""2025"": 0.0038, ""2026"": 0.0766}",0.19678475926527322,0.42259960809928154
rsi2,True,20,0.02,1.0,1531,0.06794427091025157,-0.3075437544790529,0.22092554285598187,-0.30852561826685765,0.07480758117513853,-0.24902567925754526,0.3004010726852457,0.045609489752624466,-0.22339519574389977,0.20416504303392083,0.09022734026355916,-0.1559998417056172,0.5783809731924252,-0.18782667444474876,3,"{""2011"": 0.0, ""2012"": 0.1166, ""2013"": 0.3987, ""2014"": 0.049, ""2015"": -0.0762, ""2016"": 0.0594, ""2017"": 0.2716, ""2018"": -0.1878, ""2019"": 0.1025, ""2020"": 0.0887, ""2021"": 0.2119, ""2022"": -0.1823, ""2023"": 0.0586, ""2024"": 0.1892, ""2025"": 0.0038, ""2026"": 0.0766}",0.19678475926527322,0.42259960809928154
rsi2,True,20,0.05,1.0,1531,0.06794427091025157,-0.3075437544790529,0.22092554285598187,-0.30852561826685765,0.07480758117513853,-0.24902567925754526,0.3004010726852457,0.045609489752624466,-0.22339519574389977,0.20416504303392083,0.09022734026355916,-0.1559998417056172,0.5783809731924252,-0.18782667444474876,3,"{""2011"": 0.0, ""2012"": 0.1166, ""2013"": 0.3987, ""2014"": 0.049, ""2015"": -0.0762, ""2016"": 0.0594, ""2017"": 0.2716, ""2018"": -0.1878, ""2019"": 0.1025, ""2020"": 0.0887, ""2021"": 0.2119, ""2022"": -0.1823, ""2023"": 0.0586, ""2024"": 0.1892, ""2025"": 0.0038, ""2026"": 0.0766}",0.19678475926527322,0.42259960809928154
rsi2,True,30,0.005,1.0,2340,0.06253511017241964,-0.2795961315128799,0.22366228686371828,-0.278355541705507,0.07827210188748146,-0.19548614598439862,0.400397181566658,0.033087844085393225,-0.19948977566280712,0.1658623554789135,0.07439217001848797,-0.20085713985004672,0.3703735404876655,-0.1825190444048942,4,"{""2011"": 0.0, ""2012"": 0.084, ""2013"": 0.4184, ""2014"": 0.0256, ""2015"": -0.0626, ""2016"": 0.0343, ""2017"": 0.2461, ""2018"": -0.1109, ""2019"": 0.1261, ""2020"": 0.0613, ""2021"": 0.1621, ""2022"": -0.1825, ""2023"": 0.0392, ""2024"": 0.138, ""2025"": -0.008, ""2026"": 0.1009}",0.1733557804379005,0.41410256410256413
rsi2,True,30,0.01,1.0,2340,0.06253511017241964,-0.2795961315128799,0.22366228686371828,-0.278355541705507,0.07827210188748146,-0.19548614598439862,0.400397181566658,0.033087844085393225,-0.19948977566280712,0.1658623554789135,0.07439217001848797,-0.20085713985004672,0.3703735404876655,-0.1825190444048942,4,"{""2011"": 0.0, ""2012"": 0.084, ""2013"": 0.4184, ""2014"": 0.0256, ""2015"": -0.0626, ""2016"": 0.0343, ""2017"": 0.2461, ""2018"": -0.1109, ""2019"": 0.1261, ""2020"": 0.0613, ""2021"": 0.1621, ""2022"": -0.1825, ""2023"": 0.0392, ""2024"": 0.138, ""2025"": -0.008, ""2026"": 0.1009}",0.1733557804379005,0.41410256410256413
rsi2,True,30,0.02,1.0,2340,0.06253511017241964,-0.2795961315128799,0.22366228686371828,-0.278355541705507,0.07827210188748146,-0.19548614598439862,0.400397181566658,0.033087844085393225,-0.19948977566280712,0.1658623554789135,0.07439217001848797,-0.20085713985004672,0.3703735404876655,-0.1825190444048942,4,"{""2011"": 0.0, ""2012"": 0.084, ""2013"": 0.4184, ""2014"": 0.0256, ""2015"": -0.0626, ""2016"": 0.0343, ""2017"": 0.2461, ""2018"": -0.1109, ""2019"": 0.1261, ""2020"": 0.0613, ""2021"": 0.1621, ""2022"": -0.1825, ""2023"": 0.0392, ""2024"": 0.138, ""2025"": -0.008, ""2026"": 0.1009}",0.1733557804379005,0.41410256410256413
rsi2,True,30,0.05,1.0,2340,0.06253511017241964,-0.2795961315128799,0.22366228686371828,-0.278355541705507,0.07827210188748146,-0.19548614598439862,0.400397181566658,0.033087844085393225,-0.19948977566280712,0.1658623554789135,0.07439217001848797,-0.20085713985004672,0.3703735404876655,-0.1825190444048942,4,"{""2011"": 0.0, ""2012"": 0.084, ""2013"": 0.4184, ""2014"": 0.0256, ""2015"": -0.0626, ""2016"": 0.0343, ""2017"": 0.2461, ""2018"": -0.1109, ""2019"": 0.1261, ""2020"": 0.0613, ""2021"": 0.1621, ""2022"": -0.1825, ""2023"": 0.0392, ""2024"": 0.138, ""2025"": -0.008, ""2026"": 0.1009}",0.1733557804379005,0.41410256410256413
rsi,False,5,0.005,1.0,395,0.026676347246506138,-0.13521997156786725,0.19728111858918126,-0.1333239713153559,0.023001773513246615,-0.08536947331507971,0.2694379222459554,0.04352691219827398,-0.0760971386858802,0.5719914434358409,0.018617337790401756,-0.09926846849919058,0.18754533107915894,-0.0546684418059481,5,"{""2011"": 0.0, ""2012"": -0.0024, ""2013"": 0.0934, ""2014"": 0.0613, ""2015"": -0.0008, ""2016"": 0.0018, ""2017"": 0.0539, ""2018"": -0.0401, ""2019"": 0.0552, ""2020"": 0.0804, ""2021"": 0.0999, ""2022"": -0.0547, ""2023"": -0.05, ""2024"": 0.0622, ""2025"": 0.0133, ""2026"": 0.0444}",0.21409931842940325,0.4278481012658228
rsi,False,5,0.01,1.0,397,0.04711453708760982,-0.25247479122236793,0.18661085670970434,-0.2506763825685463,0.0385094255134526,-0.1599888747403574,0.24070064606647645,0.0852092825856745,-0.15391279738910957,0.5536205177939523,0.028404003648433207,-0.18901520739711541,0.15027364220888972,-0.10490385227235133,6,"{""2011"": 0.0, ""2012"": -0.0026, ""2013"": 0.1943, ""2014"": 0.1159, ""2015"": -0.0005, ""2016"": -0.0045, ""2017"": 0.0706, ""2018"": -0.0803, ""2019"": 0.127, ""2020"": 0.1419, ""2021"": 0.2032, ""2022"": -0.1049, ""2023"": -0.1039, ""2024"": 0.122, ""2025"": 0.012, ""2026"": 0.086}",0.2143870388232662,0.4282115869017632
rsi,False,5,0.02,1.0,367,0.05783406952609349,-0.2964230614810266,0.19510651174417928,-0.2985722477284152,0.025827471599140894,-0.28427887321404943,0.09085258889320963,0.11955224771432738,-0.2262560811705865,0.5283935224891948,0.06099420625392393,-0.2242268091763916,0.2720201321062455,-0.17203899667262545,6,"{""2011"": 0.0, ""2012"": 0.0143, ""2013"": 0.3885, ""2014"": -0.0178, ""2015"": -0.0628, ""2016"": -0.0492, ""2017"": 0.1333, ""2018"": -0.1444, ""2019"": 0.1736, ""2020"": 0.2583, ""2021"": 0.2877, ""2022"": -0.172, ""2023"": -0.0435, ""2024"": 0.1452, ""2025"": 0.0296, ""2026"": 0.095}",0.21267300382275758,0.42779291553133514
rsi,False,5,0.05,1.0,371,0.04606241408629952,-0.3382349851226458,0.13618465301452196,-0.33523516587790236,0.012216157743009326,-0.3382349851226458,0.03611736893089188,0.09503795115778124,-0.22041325887711027,0.43118073586838496,0.0657786479790845,-0.2933080114078107,0.22426475043542857,-0.14890101896742935,6,"{""2011"": 0.0, ""2012"": 0.0017, ""2013"": 0.2574, ""2014"": 0.1476, ""2015"": -0.0324, ""2016"": -0.1029, ""2017"": 0.0195, ""2018"": -0.1489, ""2019"": 0.1738, ""2020"": 0.2925, ""2021"": 0.1012, ""2022"": -0.1392, ""2023"": -0.0266, ""2024"": 0.1254, ""2025"": -0.0566, ""2026"": 0.2143}",0.17708136027698235,0.41778975741239893
rsi,False,10,0.005,1.0,778,0.03801156556994978,-0.18848581808700826,0.20166804036366806,-0.18722959588390942,0.04224114547097235,-0.1726858233535078,0.24461269981902253,0.04482977335950933,-0.1660196535472651,0.27002690586115746,0.027057534557273666,-0.17513438634034362,0.1544958424366303,-0.11639302910529103,5,"{""2011"": 0.0, ""2012"": 0.0384, ""2013"": 0.195, ""2014"": 0.1087, ""2015"": -0.0453, ""2016"": 0.0057, ""2017"": 0.1442, ""2018"": -0.1164, ""2019"": 0.133, ""2020"": 0.0216, ""2021"": 0.1496, ""2022"": -0.1047, ""2023"": -0.0086, ""2024"": 0.116, ""2025"": -0.062, ""2026"": 0.0598}",0.17335843151028424,0.41516709511568123
rsi,False,10,0.01,1.0,753,0.051598529988174935,-0.3036494119597374,0.1699279760008779,-0.30446304717838035,0.04010569489519522,-0.2974263454699769,0.13484244252748487,0.0785137120944277,-0.2199043429977099,0.3570357502909588,0.05202681560863587,-0.2631015811342372,0.19774421493153718,-0.21024482385873056,4,"{""2011"": 0.0, ""2012"": 0.0887, ""2013"": 0.3865, ""2014"": 0.1294, ""2015"": 0.0039, ""2016"": -0.1059, ""2017"": 0.0894, ""2018"": -0.2102, ""2019"": 0.1919, ""2020"": 0.0816, ""2021"": 0.2203, ""2022"": -0.143, ""2023"": 0.001, ""2024"": 0.1793, ""2025"": -0.0842, ""2026"": 0.1082}",0.1729997182342048,0.41434262948207173
rsi,False,10,0.02,1.0,743,0.0530727640673303,-0.33469541658320234,0.15857033421351582,-0.33391323308591814,0.02808602960378903,-0.29752036638330226,0.09440035969707418,0.11952188733670677,-0.24449664993833398,0.4888487730480239,0.03749586544436179,-0.21295317619037535,0.17607563369161175,-0.22046661089511288,6,"{""2011"": 0.0, ""2012"": 0.0782, ""2013"": 0.4155, ""2014"": 0.0556, ""2015"": -0.0621, ""2016"": -0.0907, ""2017"": 0.1331, ""2018"": -0.2205, ""2019"": 0.2573, ""2020"": 0.1482, ""2021"": 0.2898, ""2022"": -0.1572, ""2023"": -0.0618, ""2024"": 0.1696, ""2025"": -0.0625, ""2026"": 0.1084}",0.17817095689750823,0.4158815612382234
rsi,False,10,0.05,1.0,743,0.0530727640673303,-0.33469541658320234,0.15857033421351582,-0.33391323308591814,0.02808602960378903,-0.29752036638330226,0.09440035969707418,0.11952188733670677,-0.24449664993833398,0.4888487730480239,0.03749586544436179,-0.21295317619037535,0.17607563369161175,-0.22046661089511288,6,"{""2011"": 0.0, ""2012"": 0.0782, ""2013"": 0.4155, ""2014"": 0.0556, ""2015"": -0.0621, ""2016"": -0.0907, ""2017"": 0.1331, ""2018"": -0.2205, ""2019"": 0.2573, ""2020"": 0.1482, ""2021"": 0.2898, ""2022"": -0.1572, ""2023"": -0.0618, ""2024"": 0.1696, ""2025"": -0.0625, ""2026"": 0.1084}",0.17817095689750823,0.4158815612382234
rsi,False,15,0.005,1.0,1170,0.042926397726211984,-0.27418003980982175,0.15656281090332771,-0.2742300721129277,0.058898964262341424,-0.19571589594167127,0.30094113704435604,0.05211812738366972,-0.21270622362541602,0.24502398893344926,0.007713816117941086,-0.21742138852373383,0.03547864435195179,-0.16319459703643746,5,"{""2011"": 0.0, ""2012"": 0.0908, ""2013"": 0.2453, ""2014"": 0.1376, ""2015"": -0.0655, ""2016"": 0.0111, ""2017"": 0.1885, ""2018"": -0.1402, ""2019"": 0.1329, ""2020"": 0.0449, ""2021"": 0.2364, ""2022"": -0.1632, ""2023"": -0.0575, ""2024"": 0.128, ""2025"": -0.0619, ""2026"": 0.0306}",0.15245115747504343,0.4094017094017094
rsi,False,15,0.01,1.0,1127,0.05585774049346881,-0.2976458524269747,0.1876651061589145,-0.29411279984450545,0.05654834156743216,-0.20827955279394195,0.27150212687165387,0.08778207268660831,-0.2250546085275984,0.3900478788722232,0.026916754158266887,-0.2360961542913309,0.11400759253813576,-0.16166750061844581,5,"{""2011"": 0.0, ""2012"": 0.0949, ""2013"": 0.2771, ""2014"": 0.1182, ""2015"": -0.0771, ""2016"": 0.0237, ""2017"": 0.1384, ""2018"": -0.1263, ""2019"": 0.19, ""2020"": 0.1065, ""2021"": 0.2675, ""2022"": -0.1617, ""2023"": -0.0401, ""2024"": 0.1485, ""2025"": -0.067, ""2026"": 0.0688}",0.19084491830429412,0.42058562555456963
rsi,False,15,0.02,1.0,1127,0.05585774049346881,-0.2976458524269747,0.1876651061589145,-0.29411279984450545,0.05654834156743216,-0.20827955279394195,0.27150212687165387,0.08778207268660831,-0.2250546085275984,0.3900478788722232,0.026916754158266887,-0.2360961542913309,0.11400759253813576,-0.16166750061844581,5,"{""2011"": 0.0, ""2012"": 0.0949, ""2013"": 0.2771, ""2014"": 0.1182, ""2015"": -0.0771, ""2016"": 0.0237, ""2017"": 0.1384, ""2018"": -0.1263, ""2019"": 0.19, ""2020"": 0.1065, ""2021"": 0.2675, ""2022"": -0.1617, ""2023"": -0.0401, ""2024"": 0.1485, ""2025"": -0.067, ""2026"": 0.0688}",0.19084491830429412,0.42058562555456963
rsi,False,15,0.05,1.0,1127,0.05585774049346881,-0.2976458524269747,0.1876651061589145,-0.29411279984450545,0.05654834156743216,-0.20827955279394195,0.27150212687165387,0.08778207268660831,-0.2250546085275984,0.3900478788722232,0.026916754158266887,-0.2360961542913309,0.11400759253813576,-0.16166750061844581,5,"{""2011"": 0.0, ""2012"": 0.0949, ""2013"": 0.2771, ""2014"": 0.1182, ""2015"": -0.0771, ""2016"": 0.0237, ""2017"": 0.1384, ""2018"": -0.1263, ""2019"": 0.19, ""2020"": 0.1065, ""2021"": 0.2675, ""2022"": -0.1617, ""2023"": -0.0401, ""2024"": 0.1485, ""2025"": -0.067, ""2026"": 0.0688}",0.19084491830429412,0.42058562555456963
rsi,False,20,0.005,1.0,1594,0.05068670183540247,-0.3184262681159348,0.1591787704428584,-0.316414893228285,0.06511352518038138,-0.20455337325963652,0.31832046640332723,0.05413097534095801,-0.2211235452828615,0.24479969001814622,0.026218591523908374,-0.2158401413310168,0.12147226814357488,-0.19217869861403913,5,"{""2011"": 0.0, ""2012"": 0.0949, ""2013"": 0.3618, ""2014"": 0.0893, ""2015"": -0.0235, ""2016"": 0.0118, ""2017"": 0.147, ""2018"": -0.1555, ""2019"": 0.1085, ""2020"": 0.0632, ""2021"": 0.2935, ""2022"": -0.1922, ""2023"": -0.0617, ""2024"": 0.1194, ""2025"": 0.0479, ""2026"": -0.0037}",0.14994903567841603,0.4065244667503137
rsi,False,20,0.01,1.0,1546,0.06127051264845096,-0.29012729543859395,0.21118493024183238,-0.28678675092866224,0.053304801533714974,-0.1997296624343089,0.2668847525401838,0.07002367903072249,-0.21491951114908125,0.325813504117594,0.07567575765350476,-0.20955746997795766,0.36112173744732046,-0.20081707367966795,4,"{""2011"": 0.0, ""2012"": 0.0896, ""2013"": 0.2985, ""2014"": 0.0847, ""2015"": -0.0685, ""2016"": 0.0185, ""2017"": 0.1297, ""2018"": -0.1258, ""2019"": 0.1412, ""2020"": 0.1097, ""2021"": 0.2927, ""2022"": -0.2008, ""2023"": -0.0334, ""2024"": 0.2451, ""2025"": 0.0497, ""2026"": 0.0267}",0.18754810335555008,0.4204398447606727
rsi,False,20,0.02,1.0,1546,0.06127051264845096,-0.29012729543859395,0.21118493024183238,-0.28678675092866224,0.053304801533714974,-0.1997296624343089,0.2668847525401838,0.07002367903072249,-0.21491951114908125,0.325813504117594,0.07567575765350476,-0.20955746997795766,0.36112173744732046,-0.20081707367966795,4,"{""2011"": 0.0, ""2012"": 0.0896, ""2013"": 0.2985, ""2014"": 0.0847, ""2015"": -0.0685, ""2016"": 0.0185, ""2017"": 0.1297, ""2018"": -0.1258, ""2019"": 0.1412, ""2020"": 0.1097, ""2021"": 0.2927, ""2022"": -0.2008, ""2023"": -0.0334, ""2024"": 0.2451, ""2025"": 0.0497, ""2026"": 0.0267}",0.18754810335555008,0.4204398447606727
rsi,False,20,0.05,1.0,1546,0.06127051264845096,-0.29012729543859395,0.21118493024183238,-0.28678675092866224,0.053304801533714974,-0.1997296624343089,0.2668847525401838,0.07002367903072249,-0.21491951114908125,0.325813504117594,0.07567575765350476,-0.20955746997795766,0.36112173744732046,-0.20081707367966795,4,"{""2011"": 0.0, ""2012"": 0.0896, ""2013"": 0.2985, ""2014"": 0.0847, ""2015"": -0.0685, ""2016"": 0.0185, ""2017"": 0.1297, ""2018"": -0.1258, ""2019"": 0.1412, ""2020"": 0.1097, ""2021"": 0.2927, ""2022"": -0.2008, ""2023"": -0.0334, ""2024"": 0.2451, ""2025"": 0.0497, ""2026"": 0.0267}",0.18754810335555008,0.4204398447606727
rsi,False,30,0.005,1.0,2360,0.05222679249467044,-0.3223225503315511,0.16203269811854093,-0.31892622236566226,0.05822949033496427,-0.1801268288910629,0.3232693913141629,0.05768681962662048,-0.2289792201641837,0.2519303698617613,0.04172160806544345,-0.20444130373635228,0.2040762179801381,-0.21169528455689957,4,"{""2011"": 0.0, ""2012"": 0.0864, ""2013"": 0.2977, ""2014"": 0.0516, ""2015"": -0.0321, ""2016"": 0.0096, ""2017"": 0.1742, ""2018"": -0.1267, ""2019"": 0.118, ""2020"": 0.067, ""2021"": 0.3279, ""2022"": -0.2117, ""2023"": -0.0128, ""2024"": 0.1374, ""2025"": 0.0206, ""2026"": 0.0095}",0.14915707923098137,0.40720338983050847
rsi,False,30,0.01,1.0,2360,0.05223186045764305,-0.32239437416245775,0.16201231982827,-0.31899840615732256,0.05822949033496427,-0.1801268288910629,0.3232693913141629,0.05765873603985483,-0.22906094481260042,0.25171788271032697,0.041773693401160106,-0.2044413037363525,0.20433098712299086,-0.2117788332489986,4,"{""2011"": 0.0, ""2012"": 0.0864, ""2013"": 0.2977, ""2014"": 0.0516, ""2015"": -0.0321, ""2016"": 0.0096, ""2017"": 0.1742, ""2018"": -0.1267, ""2019"": 0.118, ""2020"": 0.067, ""2021"": 0.3279, ""2022"": -0.2118, ""2023"": -0.0128, ""2024"": 0.1374, ""2025"": 0.0206, ""2026"": 0.0097}",0.14915707923098137,0.40720338983050847
rsi,False,30,0.02,1.0,2360,0.05223186045764305,-0.32239437416245775,0.16201231982827,-0.31899840615732256,0.05822949033496427,-0.1801268288910629,0.3232693913141629,0.05765873603985483,-0.22906094481260042,0.25171788271032697,0.041773693401160106,-0.2044413037363525,0.20433098712299086,-0.2117788332489986,4,"{""2011"": 0.0, ""2012"": 0.0864, ""2013"": 0.2977, ""2014"": 0.0516, ""2015"": -0.0321, ""2016"": 0.0096, ""2017"": 0.1742, ""2018"": -0.1267, ""2019"": 0.118, ""2020"": 0.067, ""2021"": 0.3279, ""2022"": -0.2118, ""2023"": -0.0128, ""2024"": 0.1374, ""2025"": 0.0206, ""2026"": 0.0097}",0.14915707923098137,0.40720338983050847
rsi,False,30,0.05,1.0,2360,0.05223186045764305,-0.32239437416245775,0.16201231982827,-0.31899840615732256,0.05822949033496427,-0.1801268288910629,0.3232693913141629,0.05765873603985483,-0.22906094481260042,0.25171788271032697,0.041773693401160106,-0.2044413037363525,0.20433098712299086,-0.2117788332489986,4,"{""2011"": 0.0, ""2012"": 0.0864, ""2013"": 0.2977, ""2014"": 0.0516, ""2015"": -0.0321, ""2016"": 0.0096, ""2017"": 0.1742, ""2018"": -0.1267, ""2019"": 0.118, ""2020"": 0.067, ""2021"": 0.3279, ""2022"": -0.2118, ""2023"": -0.0128, ""2024"": 0.1374, ""2025"": 0.0206, ""2026"": 0.0097}",0.14915707923098137,0.40720338983050847
rsi,True,5,0.005,1.0,338,0.035370105181432576,-0.11277536608625394,0.3136332552836093,-0.11552765902419704,0.04624761577525294,-0.09141349395618781,0.505916728195711,-0.0009875461314301504,-0.09313252214766476,-0.010603665708358703,0.06070976463677691,-0.03808454840586106,1.5940786271062601,-0.0647697159745313,4,"{""2011"": 0.0, ""2012"": 0.0256, ""2013"": 0.1616, ""2014"": 0.0996, ""2015"": -0.0491, ""2016"": 0.0354, ""2017"": 0.1083, ""2018"": -0.0403, ""2019"": 0.0649, ""2020"": -0.0281, ""2021"": 0.0281, ""2022"": -0.0648, ""2023"": 0.0576, ""2024"": 0.0687, ""2025"": 0.0442, ""2026"": 0.0454}",0.32423341057764404,0.46449704142011833
rsi,True,5,0.01,1.0,338,0.06674936853530378,-0.21459878739851368,0.3110426174559367,-0.21978432775094925,0.08795597155750379,-0.17298025689035323,0.5084740486497041,-0.0033706475234754896,-0.1729410556371378,-0.019490152358892322,0.11719396962343964,-0.07221698854063086,1.622803331898889,-0.12651876200612677,4,"{""2011"": 0.0, ""2012"": 0.0493, ""2013"": 0.3382, ""2014"": 0.1868, ""2015"": -0.0913, ""2016"": 0.0696, ""2017"": 0.2115, ""2018"": -0.0812, ""2019"": 0.1271, ""2020"": -0.051, ""2021"": 0.054, ""2022"": -0.1265, ""2023"": 0.113, ""2024"": 0.1367, ""2025"": 0.0896, ""2026"": 0.0768}",0.32423341057764404,0.46449704142011833
rsi,True,5,0.02,1.0,381,0.0943507113994071,-0.24689044415393746,0.3821561896521963,-0.25321583451690277,0.1175688836569424,-0.2398758515941829,0.4901238823149362,0.03170307453280663,-0.21230984658109375,0.149324560510656,0.13567191585002947,-0.10722560966328343,1.2652939561367373,-0.12188481425277442,4,"{""2011"": 0.0, ""2012"": 0.1182, ""2013"": 0.5525, ""2014"": 0.1672, ""2015"": -0.116, ""2016"": 0.065, ""2017"": 0.2044, ""2018"": -0.0532, ""2019"": 0.2431, ""2020"": -0.053, ""2021"": 0.0924, ""2022"": -0.1219, ""2023"": 0.1313, ""2024"": 0.1401, ""2025"": 0.0756, ""2026"": 0.1344}",0.31713362657186694,0.45931758530183725
rsi,True,5,0.05,1.0,360,0.04891252345841668,-0.3162250385373526,0.15467631432556253,-0.3200308371931392,0.04764284331129187,-0.2919318477498931,0.16319851252443324,0.04394225434034116,-0.26513703615858264,0.16573412367051807,0.06344338462243848,-0.2682534948858686,0.23650534226751144,-0.24721928037307472,5,"{""2011"": 0.0, ""2012"": 0.101, ""2013"": 0.2381, ""2014"": 0.015, ""2015"": -0.1067, ""2016"": 0.1241, ""2017"": 0.2847, ""2018"": -0.2242, ""2019"": 0.162, ""2020"": 0.1075, ""2021"": 0.2253, ""2022"": -0.2472, ""2023"": 0.1013, ""2024"": 0.253, ""2025"": -0.0966, ""2026"": -0.0012}",0.16488251443203975,0.4111111111111111
rsi,True,10,0.005,1.0,745,0.07361845797087496,-0.1701159516237375,0.43275458455362426,-0.17564124705308015,0.09627662156801287,-0.15886563483707739,0.6060254734559058,0.021027379958908687,-0.15115158420719443,0.1391145191709333,0.10035754794807383,-0.09857625392363045,1.0180702142102438,-0.10453712436898732,4,"{""2011"": 0.0, ""2012"": 0.0556, ""2013"": 0.3149, ""2014"": 0.1139, ""2015"": -0.0552, ""2016"": 0.0773, ""2017"": 0.2407, ""2018"": -0.026, ""2019"": 0.1142, ""2020"": -0.0149, ""2021"": 0.1041, ""2022"": -0.1045, ""2023"": 0.1091, ""2024"": 0.1273, ""2025"": 0.0417, ""2026"": 0.0798}",0.30990564415203914,0.4590604026845638
rsi,True,10,0.01,1.0,749,0.07576339037087387,-0.2744891776130368,0.2760159472577891,-0.27072827237531993,0.11323902523739782,-0.2744891776130368,0.4125445899985076,0.019685503535328053,-0.22096449400728368,0.08908898972103255,0.07795869783580689,-0.22364003531770305,0.3485900801484795,-0.1675411225809128,5,"{""2011"": 0.0, ""2012"": 0.1109, ""2013"": 0.5449, ""2014"": 0.1467, ""2015"": -0.1149, ""2016"": 0.1074, ""2017"": 0.3004, ""2018"": -0.1559, ""2019"": 0.1588, ""2020"": -0.0407, ""2021"": 0.1679, ""2022"": -0.1675, ""2023"": 0.0991, ""2024"": 0.1358, ""2025"": -0.0177, ""2026"": 0.0656}",0.25036557148314365,0.44192256341789055
rsi,True,10,0.02,1.0,741,0.07486949045990188,-0.2676612654300601,0.27971731486663426,-0.2664745996282416,0.1152690792772737,-0.2676612654300601,0.4306528219242598,0.009200612755777549,-0.20011263458613426,0.045977170680931385,0.08336902974895466,-0.21394790613276193,0.3896697624010461,-0.1388487618062414,5,"{""2011"": 0.0, ""2012"": 0.1082, ""2013"": 0.4834, ""2014"": 0.1271, ""2015"": -0.0996, ""2016"": 0.0806, ""2017"": 0.3191, ""2018"": -0.0982, ""2019"": 0.0971, ""2020"": -0.0048, ""2021"": 0.1009, ""2022"": -0.1388, ""2023"": 0.0713, ""2024"": 0.1471, ""2025"": -0.0125, ""2026"": 0.0963}",0.2441200401798959,0.44129554655870445
rsi,True,10,0.05,1.0,741,0.07486949045990188,-0.2676612654300601,0.27971731486663426,-0.2664745996282416,0.1152690792772737,-0.2676612654300601,0.4306528219242598,0.009200612755777549,-0.20011263458613426,0.045977170680931385,0.08336902974895466,-0.21394790613276193,0.3896697624010461,-0.1388487618062414,5,"{""2011"": 0.0, ""2012"": 0.1082, ""2013"": 0.4834, ""2014"": 0.1271, ""2015"": -0.0996, ""2016"": 0.0806, ""2017"": 0.3191, ""2018"": -0.0982, ""2019"": 0.0971, ""2020"": -0.0048, ""2021"": 0.1009, ""2022"": -0.1388, ""2023"": 0.0713, ""2024"": 0.1471, ""2025"": -0.0125, ""2026"": 0.0963}",0.2441200401798959,0.44129554655870445
rsi,True,15,0.005,1.0,1115,0.09322814321772155,-0.21267994414605496,0.43834948138644625,-0.22056599803840993,0.10979786701254524,-0.18885121407608774,0.5813987881926347,0.03931400084635461,-0.1960523636790995,0.2005280635672629,0.13638698731640275,-0.1272955222176727,1.0714201484886785,-0.12438940914833718,4,"{""2011"": 0.0, ""2012"": 0.1161, ""2013"": 0.4114, ""2014"": 0.1001, ""2015"": -0.0266, ""2016"": 0.0727, ""2017"": 0.2483, ""2018"": -0.0828, ""2019"": 0.2019, ""2020"": -0.0449, ""2021"": 0.1589, ""2022"": -0.1244, ""2023"": 0.1411, ""2024"": 0.2324, ""2025"": 0.0572, ""2026"": 0.0611}",0.29848438957096834,0.4556053811659193
rsi,True,15,0.01,1.0,1058,0.0945822777634695,-0.23421980606161952,0.40381844453660937,-0.2359824121060241,0.09785443276949835,-0.2297418502098184,0.42593211763607697,0.06182371730763858,-0.2031881402987482,0.3042683358228436,0.13916095789731742,-0.1014521881106617,1.3716900590209435,-0.13884108895735892,3,"{""2011"": 0.0, ""2012"": 0.1226, ""2013"": 0.4111, ""2014"": 0.066, ""2015"": -0.0586, ""2016"": 0.0489, ""2017"": 0.3343, ""2018"": -0.1366, ""2019"": 0.2277, ""2020"": 0.0053, ""2021"": 0.1938, ""2022"": -0.1388, ""2023"": 0.1429, ""2024"": 0.1704, ""2025"": 0.1312, ""2026"": 0.0516}",0.2951503618090933,0.4555765595463138
rsi,True,15,0.02,1.0,1058,0.0945822777634695,-0.23421980606161952,0.40381844453660937,-0.2359824121060241,0.09785443276949835,-0.2297418502098184,0.42593211763607697,0.06182371730763858,-0.2031881402987482,0.3042683358228436,0.13916095789731742,-0.1014521881106617,1.3716900590209435,-0.13884108895735892,3,"{""2011"": 0.0, ""2012"": 0.1226, ""2013"": 0.4111, ""2014"": 0.066, ""2015"": -0.0586, ""2016"": 0.0489, ""2017"": 0.3343, ""2018"": -0.1366, ""2019"": 0.2277, ""2020"": 0.0053, ""2021"": 0.1938, ""2022"": -0.1388, ""2023"": 0.1429, ""2024"": 0.1704, ""2025"": 0.1312, ""2026"": 0.0516}",0.2951503618090933,0.4555765595463138
rsi,True,15,0.05,1.0,1058,0.0945822777634695,-0.23421980606161952,0.40381844453660937,-0.2359824121060241,0.09785443276949835,-0.2297418502098184,0.42593211763607697,0.06182371730763858,-0.2031881402987482,0.3042683358228436,0.13916095789731742,-0.1014521881106617,1.3716900590209435,-0.13884108895735892,3,"{""2011"": 0.0, ""2012"": 0.1226, ""2013"": 0.4111, ""2014"": 0.066, ""2015"": -0.0586, ""2016"": 0.0489, ""2017"": 0.3343, ""2018"": -0.1366, ""2019"": 0.2277, ""2020"": 0.0053, ""2021"": 0.1938, ""2022"": -0.1388, ""2023"": 0.1429, ""2024"": 0.1704, ""2025"": 0.1312, ""2026"": 0.0516}",0.2951503618090933,0.4555765595463138
rsi,True,20,0.005,1.0,1467,0.08291574529879253,-0.2511159758918564,0.33018904912087454,-0.25393102771221454,0.10381682136624448,-0.20399927754294822,0.5089077893640471,0.028536448986899998,-0.20885337663848547,0.13663388854993297,0.11662224021387435,-0.11603664648921452,1.0050466274438072,-0.16132568044721063,4,"{""2011"": 0.0, ""2012"": 0.1237, ""2013"": 0.4345, ""2014"": 0.113, ""2015"": -0.0359, ""2016"": 0.0427, ""2017"": 0.2721, ""2018"": -0.1304, ""2019"": 0.2138, ""2020"": -0.0488, ""2021"": 0.1538, ""2022"": -0.1613, ""2023"": 0.0551, ""2024"": 0.1456, ""2025"": 0.1393, ""2026"": 0.076}",0.2635021726290425,0.4437627811860941
rsi,True,20,0.01,1.0,1458,0.07193199493220259,-0.254731154062667,0.2823839714340808,-0.2624291761659684,0.0859232508915948,-0.1767423524803695,0.4861497523698411,0.010028776629168235,-0.20506020571930172,0.04890649843049609,0.12728123281863035,-0.1247333644046763,1.0204265188076538,-0.16473096376285323,4,"{""2011"": 0.0, ""2012"": 0.1242, ""2013"": 0.3378, ""2014"": 0.053, ""2015"": -0.0238, ""2016"": 0.066, ""2017"": 0.2183, ""2018"": -0.1137, ""2019"": 0.1558, ""2020"": -0.0299, ""2021"": 0.1095, ""2022"": -0.1647, ""2023"": 0.0699, ""2024"": 0.2067, ""2025"": 0.0992, ""2026"": 0.08}",0.2205062959923867,0.43141289437585734
rsi,True,20,0.02,1.0,1458,0.07193199493220259,-0.254731154062667,0.2823839714340808,-0.2624291761659684,0.0859232508915948,-0.1767423524803695,0.4861497523698411,0.010028776629168235,-0.20506020571930172,0.04890649843049609,0.12728123281863035,-0.1247333644046763,1.0204265188076538,-0.16473096376285323,4,"{""2011"": 0.0, ""2012"": 0.1242, ""2013"": 0.3378, ""2014"": 0.053, ""2015"": -0.0238, ""2016"": 0.066, ""2017"": 0.2183, ""2018"": -0.1137, ""2019"": 0.1558, ""2020"": -0.0299, ""2021"": 0.1095, ""2022"": -0.1647, ""2023"": 0.0699, ""2024"": 0.2067, ""2025"": 0.0992, ""2026"": 0.08}",0.2205062959923867,0.43141289437585734
rsi,True,20,0.05,1.0,1458,0.07193199493220259,-0.254731154062667,0.2823839714340808,-0.2624291761659684,0.0859232508915948,-0.1767423524803695,0.4861497523698411,0.010028776629168235,-0.20506020571930172,0.04890649843049609,0.12728123281863035,-0.1247333644046763,1.0204265188076538,-0.16473096376285323,4,"{""2011"": 0.0, ""2012"": 0.1242, ""2013"": 0.3378, ""2014"": 0.053, ""2015"": -0.0238, ""2016"": 0.066, ""2017"": 0.2183, ""2018"": -0.1137, ""2019"": 0.1558, ""2020"": -0.0299, ""2021"": 0.1095, ""2022"": -0.1647, ""2023"": 0.0699, ""2024"": 0.2067, ""2025"": 0.0992, ""2026"": 0.08}",0.2205062959923867,0.43141289437585734
rsi,True,30,0.005,1.0,2192,0.07772860177726293,-0.25546280657431675,0.30426582569721705,-0.2617177336664004,0.08779985673708746,-0.2005873830040561,0.43771375558208486,0.026589771511012605,-0.20924215703500193,0.12707655038446522,0.12901596802620574,-0.12111570808242211,1.06522902824799,-0.19626474160136897,4,"{""2011"": 0.0, ""2012"": 0.1063, ""2013"": 0.3912, ""2014"": 0.0618, ""2015"": -0.0487, ""2016"": 0.0236, ""2017"": 0.2602, ""2018"": -0.1018, ""2019"": 0.2091, ""2020"": -0.0467, ""2021"": 0.1948, ""2022"": -0.1963, ""2023"": 0.0634, ""2024"": 0.2636, ""2025"": 0.1159, ""2026"": 0.0279}",0.2447101137678527,0.4375
rsi,True,30,0.01,1.0,2192,0.07772860177726293,-0.25546280657431675,0.30426582569721705,-0.2617177336664004,0.08779985673708746,-0.2005873830040561,0.43771375558208486,0.026589771511012605,-0.20924215703500193,0.12707655038446522,0.12901596802620574,-0.12111570808242211,1.06522902824799,-0.19626474160136897,4,"{""2011"": 0.0, ""2012"": 0.1063, ""2013"": 0.3912, ""2014"": 0.0618, ""2015"": -0.0487, ""2016"": 0.0236, ""2017"": 0.2602, ""2018"": -0.1018, ""2019"": 0.2091, ""2020"": -0.0467, ""2021"": 0.1948, ""2022"": -0.1963, ""2023"": 0.0634, ""2024"": 0.2636, ""2025"": 0.1159, ""2026"": 0.0279}",0.2447101137678527,0.4375
rsi,True,30,0.02,1.0,2192,0.07772860177726293,-0.25546280657431675,0.30426582569721705,-0.2617177336664004,0.08779985673708746,-0.2005873830040561,0.43771375558208486,0.026589771511012605,-0.20924215703500193,0.12707655038446522,0.12901596802620574,-0.12111570808242211,1.06522902824799,-0.19626474160136897,4,"{""2011"": 0.0, ""2012"": 0.1063, ""2013"": 0.3912, ""2014"": 0.0618, ""2015"": -0.0487, ""2016"": 0.0236, ""2017"": 0.2602, ""2018"": -0.1018, ""2019"": 0.2091, ""2020"": -0.0467, ""2021"": 0.1948, ""2022"": -0.1963, ""2023"": 0.0634, ""2024"": 0.2636, ""2025"": 0.1159, ""2026"": 0.0279}",0.2447101137678527,0.4375
rsi,True,30,0.05,1.0,2192,0.07772860177726293,-0.25546280657431675,0.30426582569721705,-0.2617177336664004,0.08779985673708746,-0.2005873830040561,0.43771375558208486,0.026589771511012605,-0.20924215703500193,0.12707655038446522,0.12901596802620574,-0.12111570808242211,1.06522902824799,-0.19626474160136897,4,"{""2011"": 0.0, ""2012"": 0.1063, ""2013"": 0.3912, ""2014"": 0.0618, ""2015"": -0.0487, ""2016"": 0.0236, ""2017"": 0.2602, ""2018"": -0.1018, ""2019"": 0.2091, ""2020"": -0.0467, ""2021"": 0.1948, ""2022"": -0.1963, ""2023"": 0.0634, ""2024"": 0.2636, ""2025"": 0.1159, ""2026"": 0.0279}",0.2447101137678527,0.4375
atr_ratio,False,5,0.005,1.0,300,0.031140895299330396,-0.09557216341871844,0.32583645891635477,-0.09380195794166724,0.03886334800432434,-0.09557216341871844,0.4066387807300875,0.026209165298557657,-0.07253132291834952,0.36134961067871363,0.025861089773498325,-0.08392405441723938,0.30814871794594845,-0.027231832635397413,4,"{""2011"": 0.0, ""2012"": 0.0252, ""2013"": 0.1125, ""2014"": 0.0218, ""2015"": -0.0215, ""2016"": -0.0083, ""2017"": 0.1126, ""2018"": 0.0377, ""2019"": 0.0511, ""2020"": 0.0234, ""2021"": 0.0585, ""2022"": -0.0272, ""2023"": 0.0287, ""2024"": 0.0775, ""2025"": -0.013, ""2026"": 0.0012}",0.3217479369112079,0.46
atr_ratio,False,5,0.01,1.0,300,0.061302289593515136,-0.18107164369117612,0.3385526764095006,-0.17832898775025252,0.0767567290155744,-0.18107164369117612,0.4239025363158774,0.05185479289121009,-0.1410006674463694,0.3677627477255271,0.050435071471554016,-0.1619650902623908,0.3113947048085912,-0.054491694036183036,4,"{""2011"": 0.0, ""2012"": 0.0561, ""2013"": 0.228, ""2014"": 0.0434, ""2015"": -0.0424, ""2016"": -0.0189, ""2017"": 0.2302, ""2018"": 0.0725, ""2019"": 0.1061, ""2020"": 0.0458, ""2021"": 0.1166, ""2022"": -0.0545, ""2023"": 0.0603, ""2024"": 0.1569, ""2025"": -0.0289, ""2026"": 0.0005}",0.3217479369112079,0.46
atr_ratio,False,5,0.02,1.0,309,0.08919390454453091,-0.2713550934552803,0.32869810331837457,-0.2756890080193938,0.0851237541393941,-0.2713550934552803,0.3136987519028185,0.09915179291442722,-0.2184257330482715,0.4539382403835858,0.09784836888647375,-0.24748361734753088,0.395373115744746,-0.10161075444120804,6,"{""2011"": 0.0, ""2012"": 0.1128, ""2013"": 0.3288, ""2014"": 0.0833, ""2015"": -0.1016, ""2016"": -0.0467, ""2017"": 0.3241, ""2018"": -0.0254, ""2019"": 0.2161, ""2020"": 0.1132, ""2021"": 0.1512, ""2022"": -0.0641, ""2023"": 0.1618, ""2024"": 0.3342, ""2025"": -0.0555, ""2026"": -0.0473}",0.3368822865336101,0.46601941747572817
atr_ratio,False,5,0.05,1.0,319,0.06086421207158077,-0.33047120476505965,0.18417402543392752,-0.3322333971533562,0.06075562650706767,-0.33047120476505965,0.18384544744302422,0.10033562931263917,-0.22979252485631618,0.43663574076387673,0.026154640537943363,-0.27844192356085606,0.09393212129647935,-0.1068346147564555,5,"{""2011"": 0.0, ""2012"": 0.0856, ""2013"": 0.2554, ""2014"": -0.0271, ""2015"": -0.1068, ""2016"": 0.0696, ""2017"": 0.1302, ""2018"": 0.0551, ""2019"": 0.2647, ""2020"": 0.1478, ""2021"": 0.1286, ""2022"": -0.1059, ""2023"": 0.0884, ""2024"": 0.0813, ""2025"": -0.0656, ""2026"": -0.0029}",0.22504463080439222,0.42946708463949845
atr_ratio,False,10,0.005,1.0,635,0.050166388401625905,-0.1796894173277901,0.2791838782030897,-0.18516577725628247,0.06671807730013568,-0.12711731468784448,0.5248543635772347,0.023589005256731577,-0.14744560775863758,0.15998445538876827,0.05493235867587365,-0.17642708786804384,0.31136011674669556,-0.10585447891255839,4,"{""2011"": 0.0, ""2012"": 0.0672, ""2013"": 0.2159, ""2014"": 0.0066, ""2015"": -0.0364, ""2016"": 0.0512, ""2017"": 0.168, ""2018"": 0.0165, ""2019"": 0.1609, ""2020"": -0.0213, ""2021"": 0.0791, ""2022"": -0.1059, ""2023"": 0.0831, ""2024"": 0.1403, ""2025"": -0.0615, ""2026"": 0.0439}",0.25481350964091243,0.4393700787401575
atr_ratio,False,10,0.01,1.0,624,0.08065593397509718,-0.28459717369230697,0.28340384737024327,-0.29034236261816104,0.11528621082402735,-0.20259062017804874,0.5690599630067125,0.03765367327981428,-0.2330337652684955,0.16158033251718132,0.07364852433742142,-0.28459717369230697,0.2587816434784652,-0.18298655749464965,4,"{""2011"": 0.0, ""2012"": 0.1157, ""2013"": 0.3488, ""2014"": 0.0684, ""2015"": -0.0585, ""2016"": 0.0683, ""2017"": 0.254, ""2018"": 0.0576, ""2019"": 0.2492, ""2020"": -0.0126, ""2021"": 0.1496, ""2022"": -0.183, ""2023"": 0.1908, ""2024"": 0.1445, ""2025"": -0.1108, ""2026"": 0.0631}",0.2823449101996834,0.44871794871794873
atr_ratio,False,10,0.02,1.0,593,0.05644032390461695,-0.27250247241834136,0.2071185754893654,-0.2798563909534284,0.06591641900913925,-0.2583197830013574,0.2551737162491844,0.029727587204549044,-0.2383069957863948,0.12474492033458895,0.07618659694773289,-0.2669295942957829,0.28541832219364566,-0.1845063625979687,4,"{""2011"": 0.0, ""2012"": 0.1089, ""2013"": 0.2996, ""2014"": 0.0763, ""2015"": -0.142, ""2016"": 0.0213, ""2017"": 0.2298, ""2018"": -0.065, ""2019"": 0.1891, ""2020"": 0.0118, ""2021"": 0.1439, ""2022"": -0.1845, ""2023"": 0.1376, ""2024"": 0.2397, ""2025"": -0.1507, ""2026"": 0.0847}",0.218668198776795,0.4266441821247892
atr_ratio,False,10,0.05,1.0,593,0.05644032390461695,-0.27250247241834136,0.2071185754893654,-0.2798563909534284,0.06591641900913925,-0.2583197830013574,0.2551737162491844,0.029727587204549044,-0.2383069957863948,0.12474492033458895,0.07618659694773289,-0.2669295942957829,0.28541832219364566,-0.1845063625979687,4,"{""2011"": 0.0, ""2012"": 0.1089, ""2013"": 0.2996, ""2014"": 0.0763, ""2015"": -0.142, ""2016"": 0.0213, ""2017"": 0.2298, ""2018"": -0.065, ""2019"": 0.1891, ""2020"": 0.0118, ""2021"": 0.1439, ""2022"": -0.1845, ""2023"": 0.1376, ""2024"": 0.2397, ""2025"": -0.1507, ""2026"": 0.0847}",0.218668198776795,0.4266441821247892
atr_ratio,False,15,0.005,1.0,965,0.06544890114992374,-0.27589811863011315,0.2372212665852527,-0.2833849133387324,0.08196224539253016,-0.16894468839232835,0.48514248167539314,0.048122437657142525,-0.20998570284106266,0.22917006732389875,0.06174681584087671,-0.18015803849644696,0.3427369456073117,-0.17859883870759485,4,"{""2011"": 0.0, ""2012"": 0.085, ""2013"": 0.2966, ""2014"": 0.0404, ""2015"": -0.0387, ""2016"": 0.0359, ""2017"": 0.1922, ""2018"": -0.0016, ""2019"": 0.2396, ""2020"": 0.0249, ""2021"": 0.1546, ""2022"": -0.1786, ""2023"": 0.058, ""2024"": 0.1499, ""2025"": -0.0471, ""2026"": 0.0679}",0.24181099730860367,0.43626943005181346
atr_ratio,False,15,0.01,1.0,939,0.04979445316426645,-0.31241495125243357,0.15938562787935256,-0.32074884501438805,0.06416018854247652,-0.23521685674485815,0.2727703678655635,0.057931446576837686,-0.25375675884921767,0.22829518645948882,0.019977069187943286,-0.27192677912829666,0.07346488364251168,-0.20127954671154125,5,"{""2011"": 0.0, ""2012"": 0.1024, ""2013"": 0.3302, ""2014"": -0.0167, ""2015"": -0.0772, ""2016"": 0.0378, ""2017"": 0.1835, ""2018"": -0.0549, ""2019"": 0.2416, ""2020"": 0.0433, ""2021"": 0.2085, ""2022"": -0.2013, ""2023"": 0.0256, ""2024"": 0.0864, ""2025"": -0.0972, ""2026"": 0.0667}",0.19316192536572244,0.4206602768903088
atr_ratio,False,15,0.02,1.0,939,0.04981881742361405,-0.31241495125243357,0.15946361473385465,-0.32074884501438805,0.06416018854247652,-0.23521685674485815,0.2727703678655635,0.057931446576837686,-0.25375675884921767,0.22829518645948882,0.02007667084321807,-0.27192677912829666,0.07383116479949839,-0.20127954671154125,5,"{""2011"": 0.0, ""2012"": 0.1024, ""2013"": 0.3302, ""2014"": -0.0167, ""2015"": -0.0772, ""2016"": 0.0378, ""2017"": 0.1835, ""2018"": -0.0549, ""2019"": 0.2416, ""2020"": 0.0433, ""2021"": 0.2085, ""2022"": -0.2013, ""2023"": 0.0256, ""2024"": 0.0864, ""2025"": -0.0972, ""2026"": 0.0671}",0.19316192536572244,0.4206602768903088
atr_ratio,False,15,0.05,1.0,939,0.04981881742361405,-0.31241495125243357,0.15946361473385465,-0.32074884501438805,0.06416018854247652,-0.23521685674485815,0.2727703678655635,0.057931446576837686,-0.25375675884921767,0.22829518645948882,0.02007667084321807,-0.27192677912829666,0.07383116479949839,-0.20127954671154125,5,"{""2011"": 0.0, ""2012"": 0.1024, ""2013"": 0.3302, ""2014"": -0.0167, ""2015"": -0.0772, ""2016"": 0.0378, ""2017"": 0.1835, ""2018"": -0.0549, ""2019"": 0.2416, ""2020"": 0.0433, ""2021"": 0.2085, ""2022"": -0.2013, ""2023"": 0.0256, ""2024"": 0.0864, ""2025"": -0.0972, ""2026"": 0.0671}",0.19316192536572244,0.4206602768903088
atr_ratio,False,20,0.005,1.0,1288,0.07670341105451839,-0.300170811320313,0.25553254401097647,-0.30665208019601164,0.0935155416908926,-0.1918379362294541,0.4874715790261643,0.051570900155223365,-0.24957291435488993,0.20663660673485632,0.08327809383626561,-0.18675497521585105,0.4459216882442513,-0.21053956916115835,3,"{""2011"": 0.0, ""2012"": 0.1148, ""2013"": 0.3476, ""2014"": 0.0368, ""2015"": -0.0297, ""2016"": 0.0297, ""2017"": 0.249, ""2018"": -0.0387, ""2019"": 0.2302, ""2020"": 0.0353, ""2021"": 0.2126, ""2022"": -0.2105, ""2023"": 0.0735, ""2024"": 0.15, ""2025"": 0.0296, ""2026"": 0.0463}",0.25657257609316503,0.44021739130434784
atr_ratio,False,20,0.01,1.0,1277,0.0754665602364657,-0.28845482340686357,0.2616234991155638,-0.2945938313627444,0.08613992401845127,-0.20434795572819386,0.421535530959885,0.06666748518564414,-0.24333880696257149,0.27396980373910695,0.0746852632781223,-0.18495571299796842,0.403800791376164,-0.20271205098319045,3,"{""2011"": 0.0, ""2012"": 0.0976, ""2013"": 0.315, ""2014"": 0.0102, ""2015"": -0.0535, ""2016"": 0.0827, ""2017"": 0.2226, ""2018"": -0.0243, ""2019"": 0.2304, ""2020"": 0.0427, ""2021"": 0.2637, ""2022"": -0.2027, ""2023"": 0.0652, ""2024"": 0.0877, ""2025"": 0.0553, ""2026"": 0.0572}",0.25468365228409695,0.4385277995301488
atr_ratio,False,20,0.02,1.0,1277,0.0754665602364657,-0.28845482340686357,0.2616234991155638,-0.2945938313627444,0.08613992401845127,-0.20434795572819386,0.421535530959885,0.06666748518564414,-0.24333880696257149,0.27396980373910695,0.0746852632781223,-0.18495571299796842,0.403800791376164,-0.20271205098319045,3,"{""2011"": 0.0, ""2012"": 0.0976, ""2013"": 0.315, ""2014"": 0.0102, ""2015"": -0.0535, ""2016"": 0.0827, ""2017"": 0.2226, ""2018"": -0.0243, ""2019"": 0.2304, ""2020"": 0.0427, ""2021"": 0.2637, ""2022"": -0.2027, ""2023"": 0.0652, ""2024"": 0.0877, ""2025"": 0.0553, ""2026"": 0.0572}",0.25468365228409695,0.4385277995301488
atr_ratio,False,20,0.05,1.0,1277,0.0754665602364657,-0.28845482340686357,0.2616234991155638,-0.2945938313627444,0.08613992401845127,-0.20434795572819386,0.421535530959885,0.06666748518564414,-0.24333880696257149,0.27396980373910695,0.0746852632781223,-0.18495571299796842,0.403800791376164,-0.20271205098319045,3,"{""2011"": 0.0, ""2012"": 0.0976, ""2013"": 0.315, ""2014"": 0.0102, ""2015"": -0.0535, ""2016"": 0.0827, ""2017"": 0.2226, ""2018"": -0.0243, ""2019"": 0.2304, ""2020"": 0.0427, ""2021"": 0.2637, ""2022"": -0.2027, ""2023"": 0.0652, ""2024"": 0.0877, ""2025"": 0.0553, ""2026"": 0.0572}",0.25468365228409695,0.4385277995301488
atr_ratio,False,30,0.005,1.0,1909,0.06844237642595452,-0.24885097247519417,0.2750335903661255,-0.2541278563437026,0.07267257331937382,-0.17889158138307815,0.40623808430511266,0.05972521153285504,-0.22621887344011182,0.26401515764185973,0.07987907120023863,-0.19072064215837992,0.4188276124505954,-0.18100369290692098,4,"{""2011"": 0.0, ""2012"": 0.0869, ""2013"": 0.3585, ""2014"": 0.0118, ""2015"": -0.024, ""2016"": -0.0013, ""2017"": 0.1675, ""2018"": -0.0393, ""2019"": 0.1786, ""2020"": 0.0152, ""2021"": 0.2823, ""2022"": -0.181, ""2023"": 0.0572, ""2024"": 0.1092, ""2025"": 0.0485, ""2026"": 0.0696}",0.22794519714468836,0.43006809848088007
atr_ratio,False,30,0.01,1.0,1909,0.06845398257977964,-0.2488509622038717,0.27508024069321685,-0.2541278436287854,0.07267257331937382,-0.17889158138307815,0.40623808430511266,0.05972212557183387,-0.22621887344011182,0.26400151615839623,0.07993194777692136,-0.19072064215837958,0.41910485866833286,-0.18100367753216784,4,"{""2011"": 0.0, ""2012"": 0.0869, ""2013"": 0.3585, ""2014"": 0.0118, ""2015"": -0.024, ""2016"": -0.0013, ""2017"": 0.1675, ""2018"": -0.0393, ""2019"": 0.1786, ""2020"": 0.0152, ""2021"": 0.2823, ""2022"": -0.181, ""2023"": 0.0572, ""2024"": 0.1092, ""2025"": 0.0485, ""2026"": 0.0698}",0.22794519714468836,0.43006809848088007
atr_ratio,False,30,0.02,1.0,1909,0.06845398257977964,-0.2488509622038717,0.27508024069321685,-0.2541278436287854,0.07267257331937382,-0.17889158138307815,0.40623808430511266,0.05972212557183387,-0.22621887344011182,0.26400151615839623,0.07993194777692136,-0.19072064215837958,0.41910485866833286,-0.18100367753216784,4,"{""2011"": 0.0, ""2012"": 0.0869, ""2013"": 0.3585, ""2014"": 0.0118, ""2015"": -0.024, ""2016"": -0.0013, ""2017"": 0.1675, ""2018"": -0.0393, ""2019"": 0.1786, ""2020"": 0.0152, ""2021"": 0.2823, ""2022"": -0.181, ""2023"": 0.0572, ""2024"": 0.1092, ""2025"": 0.0485, ""2026"": 0.0698}",0.22794519714468836,0.43006809848088007
atr_ratio,False,30,0.05,1.0,1909,0.06845398257977964,-0.2488509622038717,0.27508024069321685,-0.2541278436287854,0.07267257331937382,-0.17889158138307815,0.40623808430511266,0.05972212557183387,-0.22621887344011182,0.26400151615839623,0.07993194777692136,-0.19072064215837958,0.41910485866833286,-0.18100367753216784,4,"{""2011"": 0.0, ""2012"": 0.0869, ""2013"": 0.3585, ""2014"": 0.0118, ""2015"": -0.024, ""2016"": -0.0013, ""2017"": 0.1675, ""2018"": -0.0393, ""2019"": 0.1786, ""2020"": 0.0152, ""2021"": 0.2823, ""2022"": -0.181, ""2023"": 0.0572, ""2024"": 0.1092, ""2025"": 0.0485, ""2026"": 0.0698}",0.22794519714468836,0.43006809848088007
atr_ratio,True,5,0.005,1.0,479,0.007245976666772069,-0.17981961024121795,0.04029580898908632,-0.17927573725815393,0.008378328559805581,-0.1302772403773883,0.0643115292858151,0.01430122987699356,-0.10566124919571762,0.13534980880742017,-0.0017878010880830741,-0.11843370210886983,-0.015095374511215088,-0.09588739300784532,7,"{""2011"": 0.0, ""2012"": 0.0666, ""2013"": 0.0992, ""2014"": -0.0047, ""2015"": -0.008, ""2016"": -0.0324, ""2017"": 0.0468, ""2018"": -0.0959, ""2019"": 0.0245, ""2020"": -0.0035, ""2021"": 0.0527, ""2022"": -0.0156, ""2023"": 0.0102, ""2024"": 0.075, ""2025"": -0.0882, ""2026"": 0.0034}",0.05188701253823235,0.37995824634655534
atr_ratio,True,5,0.01,1.0,475,0.01447485951052463,-0.30691626983925024,0.047162242386517825,-0.3078474661027468,0.019089562493313172,-0.223201112323135,0.08552628745719079,0.02956918893371885,-0.19341450400989268,0.15287989432378069,-0.009004923228615236,-0.22351784467808644,-0.04028726762994809,-0.18740501781381702,8,"{""2011"": 0.0, ""2012"": 0.1358, ""2013"": 0.1794, ""2014"": -0.0033, ""2015"": -0.0225, ""2016"": -0.0418, ""2017"": 0.1233, ""2018"": -0.1874, ""2019"": 0.0496, ""2020"": -0.0072, ""2021"": 0.1082, ""2022"": -0.028, ""2023"": 0.0261, ""2024"": 0.1389, ""2025"": -0.1712, ""2026"": -0.0002}",0.06153018059114217,0.3831578947368421
atr_ratio,True,5,0.02,1.0,470,0.05169269619454142,-0.27913014930898894,0.18519209165513364,-0.28205249773062946,0.05765852670435101,-0.27913014930898894,0.20656502655513825,0.07864643835985041,-0.2146056809989344,0.36646950814056467,0.017723141690983768,-0.21563180193149933,0.08219168755364736,-0.12548318008603765,6,"{""2011"": 0.0, ""2012"": 0.203, ""2013"": 0.4137, ""2014"": 0.0108, ""2015"": -0.0883, ""2016"": -0.1255, ""2017"": 0.2174, ""2018"": -0.1131, ""2019"": 0.153, ""2020"": 0.1454, ""2021"": 0.1627, ""2022"": -0.1198, ""2023"": 0.0232, ""2024"": 0.1939, ""2025"": -0.0872, ""2026"": -0.0453}",0.1304524703281555,0.40638297872340423
atr_ratio,True,5,0.05,1.0,473,0.03220833552672042,-0.32202393789653294,0.10001845122789921,-0.3236900783246166,0.06698370822829136,-0.27744087304248366,0.24143417476210996,0.05348494548127336,-0.24061126463118787,0.22228778674704108,-0.050579771285952146,-0.2888569214020569,-0.17510320002182223,-0.1723551090928579,7,"{""2011"": 0.0, ""2012"": 0.1875, ""2013"": 0.3858, ""2014"": 0.0259, ""2015"": -0.0658, ""2016"": -0.1316, ""2017"": 0.2775, ""2018"": -0.1007, ""2019"": 0.0343, ""2020"": 0.0925, ""2021"": 0.1713, ""2022"": -0.0706, ""2023"": -0.0679, ""2024"": 0.1638, ""2025"": -0.1724, ""2026"": -0.0743}",0.08549123475991308,0.3890063424947146
atr_ratio,True,10,0.005,1.0,928,0.02200159042165617,-0.30440488903811547,0.0722773884847207,-0.30408534197200243,0.03140483609500788,-0.2455447360029629,0.12789863308097524,0.018623659843275853,-0.16538184809008416,0.11261006004196707,0.010686448601276544,-0.20118824233885813,0.05311666565125377,-0.18474690125396864,7,"{""2011"": 0.0, ""2012"": 0.1196, ""2013"": 0.387, ""2014"": 0.024, ""2015"": -0.0853, ""2016"": -0.0329, ""2017"": 0.0824, ""2018"": -0.1847, ""2019"": 0.0432, ""2020"": -0.0243, ""2021"": 0.1587, ""2022"": -0.0886, ""2023"": 0.0586, ""2024"": 0.1701, ""2025"": -0.1382, ""2026"": -0.027}",0.08531843468094205,0.3911637931034483
atr_ratio,True,10,0.01,1.0,913,0.037210993510848,-0.45381600372170283,0.0819957718671975,-0.4562472098113999,0.060013816345465765,-0.3606680468100262,0.16639626625165577,0.012057640213186893,-0.2555171443666795,0.04718916315017827,0.026886909100827694,-0.23013129703494717,0.11683290993986235,-0.23177221131878756,8,"{""2011"": 0.0, ""2012"": 0.1897, ""2013"": 0.5504, ""2014"": 0.1299, ""2015"": -0.1213, ""2016"": -0.0658, ""2017"": 0.1437, ""2018"": -0.2318, ""2019"": 0.0468, ""2020"": -0.0218, ""2021"": 0.1899, ""2022"": -0.1408, ""2023"": -0.0207, ""2024"": 0.3101, ""2025"": -0.1337, ""2026"": -0.011}",0.09557708679035341,0.3953997809419496
atr_ratio,True,10,0.02,1.0,876,0.04477978615981115,-0.41791736265571233,0.10714985822855493,-0.42403289325207894,0.053271702409216415,-0.33000969467860375,0.16142465893645244,0.04082470404962413,-0.2179141714389209,0.18734304327273582,0.03899538881347553,-0.1536640739297681,0.2537703694573287,-0.24892442869160758,6,"{""2011"": 0.0, ""2012"": 0.1889, ""2013"": 0.4742, ""2014"": 0.1264, ""2015"": -0.1127, ""2016"": -0.0481, ""2017"": 0.1479, ""2018"": -0.2489, ""2019"": 0.0559, ""2020"": 0.0268, ""2021"": 0.2209, ""2022"": -0.1155, ""2023"": 0.1052, ""2024"": 0.1538, ""2025"": -0.0509, ""2026"": -0.0529}",0.12725892862575683,0.4063926940639269
atr_ratio,True,10,0.05,1.0,876,0.04477978615981115,-0.41791736265571233,0.10714985822855493,-0.42403289325207894,0.053271702409216415,-0.33000969467860375,0.16142465893645244,0.04082470404962413,-0.2179141714389209,0.18734304327273582,0.03899538881347553,-0.1536640739297681,0.2537703694573287,-0.24892442869160758,6,"{""2011"": 0.0, ""2012"": 0.1889, ""2013"": 0.4742, ""2014"": 0.1264, ""2015"": -0.1127, ""2016"": -0.0481, ""2017"": 0.1479, ""2018"": -0.2489, ""2019"": 0.0559, ""2020"": 0.0268, ""2021"": 0.2209, ""2022"": -0.1155, ""2023"": 0.1052, ""2024"": 0.1538, ""2025"": -0.0509, ""2026"": -0.0529}",0.12725892862575683,0.4063926940639269
atr_ratio,True,15,0.005,1.0,1358,0.05840098932822402,-0.3287054902796479,0.17766964974798283,-0.32846657536436785,0.06097097689436981,-0.2615112139048197,0.23314861333847414,0.041912454077169814,-0.20540796903232195,0.204044927149709,0.0801582849683351,-0.1740154247866924,0.46063896385388187,-0.22132278439827957,6,"{""2011"": 0.0, ""2012"": 0.1233, ""2013"": 0.432, ""2014"": 0.0897, ""2015"": -0.0643, ""2016"": 0.0418, ""2017"": 0.1368, ""2018"": -0.2213, ""2019"": 0.0895, ""2020"": -0.0266, ""2021"": 0.2472, ""2022"": -0.1105, ""2023"": 0.0751, ""2024"": 0.3422, ""2025"": -0.0772, ""2026"": -0.0114}",0.1627155264906317,0.4167893961708395
atr_ratio,True,15,0.01,1.0,1318,0.030001347009173118,-0.3562916252680256,0.08420446870342284,-0.3582031205246985,0.0470981831600783,-0.2847659962185678,0.16539258122633718,0.036458074733974,-0.22289764683575242,0.16356419752084247,-0.005606571456181819,-0.2821328312538621,-0.019872098653903367,-0.24564652116085672,5,"{""2011"": 0.0, ""2012"": 0.1342, ""2013"": 0.4055, ""2014"": 0.0779, ""2015"": -0.0977, ""2016"": 0.0388, ""2017"": 0.1356, ""2018"": -0.2456, ""2019"": 0.1057, ""2020"": 0.0067, ""2021"": 0.2656, ""2022"": -0.1822, ""2023"": 0.023, ""2024"": 0.2469, ""2025"": -0.1539, ""2026"": -0.0918}",0.1008781912923419,0.3960546282245827
atr_ratio,True,15,0.02,1.0,1318,0.030001347009173118,-0.3562916252680256,0.08420446870342284,-0.3582031205246985,0.0470981831600783,-0.2847659962185678,0.16539258122633718,0.036458074733974,-0.22289764683575242,0.16356419752084247,-0.005606571456181819,-0.2821328312538621,-0.019872098653903367,-0.24564652116085672,5,"{""2011"": 0.0, ""2012"": 0.1342, ""2013"": 0.4055, ""2014"": 0.0779, ""2015"": -0.0977, ""2016"": 0.0388, ""2017"": 0.1356, ""2018"": -0.2456, ""2019"": 0.1057, ""2020"": 0.0067, ""2021"": 0.2656, ""2022"": -0.1822, ""2023"": 0.023, ""2024"": 0.2469, ""2025"": -0.1539, ""2026"": -0.0918}",0.1008781912923419,0.3960546282245827
atr_ratio,True,15,0.05,1.0,1318,0.030001347009173118,-0.3562916252680256,0.08420446870342284,-0.3582031205246985,0.0470981831600783,-0.2847659962185678,0.16539258122633718,0.036458074733974,-0.22289764683575242,0.16356419752084247,-0.005606571456181819,-0.2821328312538621,-0.019872098653903367,-0.24564652116085672,5,"{""2011"": 0.0, ""2012"": 0.1342, ""2013"": 0.4055, ""2014"": 0.0779, ""2015"": -0.0977, ""2016"": 0.0388, ""2017"": 0.1356, ""2018"": -0.2456, ""2019"": 0.1057, ""2020"": 0.0067, ""2021"": 0.2656, ""2022"": -0.1822, ""2023"": 0.023, ""2024"": 0.2469, ""2025"": -0.1539, ""2026"": -0.0918}",0.1008781912923419,0.3960546282245827
atr_ratio,True,20,0.005,1.0,1809,0.051051595431350405,-0.32053827624151143,0.15926832835678345,-0.32074409417911687,0.06371661623517944,-0.25960929859338244,0.24543271978472808,0.021155666474523827,-0.22006209120048514,0.09613498789871168,0.067922220774713,-0.19724305389432684,0.34435798591468975,-0.20394643914198263,6,"{""2011"": 0.0, ""2012"": 0.1307, ""2013"": 0.3725, ""2014"": 0.0681, ""2015"": -0.0497, ""2016"": 0.0315, ""2017"": 0.1909, ""2018"": -0.2039, ""2019"": 0.1055, ""2020"": -0.0193, ""2021"": 0.2241, ""2022"": -0.1832, ""2023"": 0.0534, ""2024"": 0.2902, ""2025"": -0.0698, ""2026"": -0.0002}",0.13699320146555596,0.40685461580983967
atr_ratio,True,20,0.01,1.0,1769,0.058033021354443326,-0.315280394978141,0.18406796705030412,-0.31655836390294667,0.06843631272120643,-0.2664210165480514,0.2568728008319994,0.033562314907461976,-0.21584400707263174,0.15549338321989278,0.0744361354064107,-0.1624163604972677,0.4583044169842909,-0.20324168098571738,5,"{""2011"": 0.0, ""2012"": 0.1185, ""2013"": 0.3758, ""2014"": 0.0959, ""2015"": -0.0521, ""2016"": 0.0503, ""2017"": 0.1875, ""2018"": -0.2032, ""2019"": 0.1202, ""2020"": 0.0025, ""2021"": 0.2099, ""2022"": -0.1641, ""2023"": 0.0779, ""2024"": 0.3127, ""2025"": -0.0462, ""2026"": -0.0429}",0.15393740037209236,0.41209723007348786
atr_ratio,True,20,0.02,1.0,1769,0.058033021354443326,-0.315280394978141,0.18406796705030412,-0.31655836390294667,0.06843631272120643,-0.2664210165480514,0.2568728008319994,0.033562314907461976,-0.21584400707263174,0.15549338321989278,0.0744361354064107,-0.1624163604972677,0.4583044169842909,-0.20324168098571738,5,"{""2011"": 0.0, ""2012"": 0.1185, ""2013"": 0.3758, ""2014"": 0.0959, ""2015"": -0.0521, ""2016"": 0.0503, ""2017"": 0.1875, ""2018"": -0.2032, ""2019"": 0.1202, ""2020"": 0.0025, ""2021"": 0.2099, ""2022"": -0.1641, ""2023"": 0.0779, ""2024"": 0.3127, ""2025"": -0.0462, ""2026"": -0.0429}",0.15393740037209236,0.41209723007348786
atr_ratio,True,20,0.05,1.0,1769,0.058033021354443326,-0.315280394978141,0.18406796705030412,-0.31655836390294667,0.06843631272120643,-0.2664210165480514,0.2568728008319994,0.033562314907461976,-0.21584400707263174,0.15549338321989278,0.0744361354064107,-0.1624163604972677,0.4583044169842909,-0.20324168098571738,5,"{""2011"": 0.0, ""2012"": 0.1185, ""2013"": 0.3758, ""2014"": 0.0959, ""2015"": -0.0521, ""2016"": 0.0503, ""2017"": 0.1875, ""2018"": -0.2032, ""2019"": 0.1202, ""2020"": 0.0025, ""2021"": 0.2099, ""2022"": -0.1641, ""2023"": 0.0779, ""2024"": 0.3127, ""2025"": -0.0462, ""2026"": -0.0429}",0.15393740037209236,0.41209723007348786
atr_ratio,True,30,0.005,1.0,2663,0.06058722809001371,-0.28191804665841247,0.21491078279009415,-0.2795876135798341,0.06724806518956461,-0.20673801484019672,0.3252815658578596,0.021981516350443986,-0.21757376227202685,0.1010301799302485,0.10077789820256933,-0.2009142530517677,0.5015965600837827,-0.18789268602760079,5,"{""2011"": 0.0, ""2012"": 0.096, ""2013"": 0.3814, ""2014"": 0.0641, ""2015"": -0.0599, ""2016"": 0.0108, ""2017"": 0.2166, ""2018"": -0.1536, ""2019"": 0.1027, ""2020"": -0.0151, ""2021"": 0.2342, ""2022"": -0.1879, ""2023"": 0.0978, ""2024"": 0.344, ""2025"": -0.0475, ""2026"": 0.002}",0.15786299917851637,0.41306796845662785
atr_ratio,True,30,0.01,1.0,2663,0.060579588263303785,-0.28191804665841247,0.21488368333051544,-0.2795876135798341,0.06724806518956461,-0.20673801484019672,0.3252815658578596,0.021953857103789165,-0.21765806637300922,0.10086397196125951,0.10077789820256933,-0.2009142530517679,0.5015965600837822,-0.1879804185153936,5,"{""2011"": 0.0, ""2012"": 0.096, ""2013"": 0.3814, ""2014"": 0.0641, ""2015"": -0.0599, ""2016"": 0.0108, ""2017"": 0.2166, ""2018"": -0.1536, ""2019"": 0.1027, ""2020"": -0.0151, ""2021"": 0.2342, ""2022"": -0.188, ""2023"": 0.0978, ""2024"": 0.344, ""2025"": -0.0475, ""2026"": 0.002}",0.15786299917851637,0.41306796845662785
atr_ratio,True,30,0.02,1.0,2663,0.060579588263303785,-0.28191804665841247,0.21488368333051544,-0.2795876135798341,0.06724806518956461,-0.20673801484019672,0.3252815658578596,0.021953857103789165,-0.21765806637300922,0.10086397196125951,0.10077789820256933,-0.2009142530517679,0.5015965600837822,-0.1879804185153936,5,"{""2011"": 0.0, ""2012"": 0.096, ""2013"": 0.3814, ""2014"": 0.0641, ""2015"": -0.0599, ""2016"": 0.0108, ""2017"": 0.2166, ""2018"": -0.1536, ""2019"": 0.1027, ""2020"": -0.0151, ""2021"": 0.2342, ""2022"": -0.188, ""2023"": 0.0978, ""2024"": 0.344, ""2025"": -0.0475, ""2026"": 0.002}",0.15786299917851637,0.41306796845662785
atr_ratio,True,30,0.05,1.0,2663,0.060579588263303785,-0.28191804665841247,0.21488368333051544,-0.2795876135798341,0.06724806518956461,-0.20673801484019672,0.3252815658578596,0.021953857103789165,-0.21765806637300922,0.10086397196125951,0.10077789820256933,-0.2009142530517679,0.5015965600837822,-0.1879804185153936,5,"{""2011"": 0.0, ""2012"": 0.096, ""2013"": 0.3814, ""2014"": 0.0641, ""2015"": -0.0599, ""2016"": 0.0108, ""2017"": 0.2166, ""2018"": -0.1536, ""2019"": 0.1027, ""2020"": -0.0151, ""2021"": 0.2342, ""2022"": -0.188, ""2023"": 0.0978, ""2024"": 0.344, ""2025"": -0.0475, ""2026"": 0.002}",0.15786299917851637,0.41306796845662785
vol_ratio,False,5,0.005,1.0,321,0.01723430480900867,-0.18117767463286483,0.09512377749594124,-0.1806186873836303,0.0326576289211018,-0.0964594871303337,0.33856316151645727,0.017469324627164218,-0.1369177571011796,0.12758991234610076,-0.01021478692371769,-0.09814081722752754,-0.10408296173075417,-0.07874275276129883,4,"{""2011"": 0.0, ""2012"": 0.0176, ""2013"": 0.0911, ""2014"": 0.0372, ""2015"": 0.0336, ""2016"": 0.0247, ""2017"": 0.0827, ""2018"": -0.0519, ""2019"": 0.1093, ""2020"": 0.0284, ""2021"": 0.0187, ""2022"": -0.0787, ""2023"": 0.0132, ""2024"": 0.0066, ""2025"": -0.0523, ""2026"": -0.0026}",0.17506879665242647,0.4205607476635514
vol_ratio,False,5,0.01,1.0,321,0.0320472054547134,-0.3308998873533118,0.09684864419580667,-0.3300855178477583,0.06322216277537729,-0.18342478494182124,0.34467622680015747,0.032056095291779885,-0.251260159219995,0.1275812902104891,-0.022066894754278032,-0.1861098482148461,-0.11856919430079757,-0.15165708123075805,4,"{""2011"": 0.0, ""2012"": 0.0377, ""2013"": 0.1914, ""2014"": 0.0739, ""2015"": 0.0638, ""2016"": 0.0478, ""2017"": 0.1554, ""2018"": -0.1021, ""2019"": 0.216, ""2020"": 0.0557, ""2021"": 0.0395, ""2022"": -0.1517, ""2023"": 0.022, ""2024"": 0.0144, ""2025"": -0.1032, ""2026"": -0.0066}",0.17506879665242647,0.4205607476635514
vol_ratio,False,5,0.02,1.0,349,0.022371494559847882,-0.503211771018427,0.0444574150453024,-0.5025224247812816,0.06586832914928742,-0.2672508283061782,0.24646632366588891,0.021046368560295958,-0.361971171673381,0.058143770021792836,-0.05386079622548434,-0.33603477481402433,-0.16028340000017305,-0.25100645719840675,5,"{""2011"": 0.0, ""2012"": 0.1132, ""2013"": 0.3186, ""2014"": -0.0376, ""2015"": 0.0754, ""2016"": 0.0292, ""2017"": 0.1832, ""2018"": -0.1556, ""2019"": 0.1987, ""2020"": 0.0849, ""2021"": 0.1007, ""2022"": -0.2408, ""2023"": -0.0234, ""2024"": 0.0969, ""2025"": -0.251, ""2026"": 0.0231}",0.0858503656435367,0.39255014326647564
vol_ratio,False,5,0.05,1.0,324,0.04635921549520239,-0.4299034247490632,0.10783634841304765,-0.42578775424674087,0.07730067629175941,-0.23934248721366547,0.3229709743207927,0.028394269549174345,-0.39178428037504154,0.07247424404571182,0.013341608254176185,-0.29936817287914685,0.04456588730146044,-0.20819287780549312,3,"{""2011"": 0.0, ""2012"": 0.0913, ""2013"": 0.2426, ""2014"": 0.0278, ""2015"": 0.1392, ""2016"": 0.067, ""2017"": 0.1733, ""2018"": -0.1533, ""2019"": 0.2288, ""2020"": 0.1405, ""2021"": 0.0077, ""2022"": -0.2082, ""2023"": 0.043, ""2024"": 0.053, ""2025"": -0.1249, ""2026"": 0.0907}",0.17279135043777,0.4228395061728395
vol_ratio,False,10,0.005,1.0,660,0.05044252720433251,-0.1801536723083732,0.2799972188076681,-0.18297612698495835,0.053661394895685,-0.15866251133103482,0.3382109261067059,0.04216134102889679,-0.17113221194699613,0.24636706642905545,0.06040643544986635,-0.10914638750329586,0.5534442030712402,-0.1269496466626734,3,"{""2011"": 0.0, ""2012"": 0.0741, ""2013"": 0.1417, ""2014"": 0.0479, ""2015"": -0.0173, ""2016"": 0.1117, ""2017"": 0.1181, ""2018"": -0.0818, ""2019"": 0.16, ""2020"": 0.0095, ""2021"": 0.1518, ""2022"": -0.1269, ""2023"": 0.0842, ""2024"": 0.0523, ""2025"": 0.0423, ""2026"": 0.0365}",0.24255374948262898,0.43787878787878787
vol_ratio,False,10,0.01,1.0,682,0.06509286945617432,-0.3060273700586541,0.21270277048650396,-0.30333851139384405,0.10322499638610538,-0.2162324627395572,0.4773797378908619,0.056667042056404826,-0.25211371418926865,0.22476778876798162,0.01152115781948937,-0.21532846052092236,0.05350503965717025,-0.18736679203625883,5,"{""2011"": 0.0, ""2012"": 0.1422, ""2013"": 0.3091, ""2014"": 0.0553, ""2015"": -0.0312, ""2016"": 0.145, ""2017"": 0.2155, ""2018"": -0.0658, ""2019"": 0.2431, ""2020"": -0.0307, ""2021"": 0.2701, ""2022"": -0.1874, ""2023"": 0.027, ""2024"": 0.0399, ""2025"": -0.0478, ""2026"": 0.0243}",0.20589715188645746,0.4252199413489736
vol_ratio,False,10,0.02,1.0,666,0.07336328911434364,-0.3026337970513676,0.2424160481385075,-0.2978980900144569,0.10281079023597162,-0.1963015894591773,0.5237389596244306,0.05399383585620687,-0.2769260699659155,0.19497563325422024,0.04859436176926479,-0.15862013458859048,0.30635683102465466,-0.20998183997089614,4,"{""2011"": 0.0, ""2012"": 0.1367, ""2013"": 0.3098, ""2014"": 0.0725, ""2015"": -0.0548, ""2016"": 0.0921, ""2017"": 0.2625, ""2018"": -0.0474, ""2019"": 0.1802, ""2020"": 0.0479, ""2021"": 0.2605, ""2022"": -0.21, ""2023"": 0.039, ""2024"": 0.0935, ""2025"": -0.0084, ""2026"": 0.0512}",0.23666322951962995,0.4369369369369369
vol_ratio,False,10,0.05,1.0,666,0.07336328911434364,-0.3026337970513676,0.2424160481385075,-0.2978980900144569,0.10281079023597162,-0.1963015894591773,0.5237389596244306,0.05399383585620687,-0.2769260699659155,0.19497563325422024,0.04859436176926479,-0.15862013458859048,0.30635683102465466,-0.20998183997089614,4,"{""2011"": 0.0, ""2012"": 0.1367, ""2013"": 0.3098, ""2014"": 0.0725, ""2015"": -0.0548, ""2016"": 0.0921, ""2017"": 0.2625, ""2018"": -0.0474, ""2019"": 0.1802, ""2020"": 0.0479, ""2021"": 0.2605, ""2022"": -0.21, ""2023"": 0.039, ""2024"": 0.0935, ""2025"": -0.0084, ""2026"": 0.0512}",0.23666322951962995,0.4369369369369369
vol_ratio,False,15,0.005,1.0,1008,0.06344416560306487,-0.30623492844645195,0.20717481812058772,-0.30494987326957046,0.0910064283267098,-0.18659919010649184,0.48771073590819225,0.018271052908312546,-0.25720160767135325,0.0710378643187134,0.07032444669951698,-0.16322900328004175,0.4308330338749036,-0.22218222657822306,4,"{""2011"": 0.0, ""2012"": 0.0701, ""2013"": 0.2926, ""2014"": 0.0505, ""2015"": 0.0034, ""2016"": 0.0766, ""2017"": 0.2726, ""2018"": -0.0796, ""2019"": 0.1402, ""2020"": -0.0371, ""2021"": 0.2575, ""2022"": -0.2222, ""2023"": 0.0366, ""2024"": 0.1462, ""2025"": -0.0232, ""2026"": 0.0977}",0.22879494531206604,0.43253968253968256
vol_ratio,False,15,0.01,1.0,1001,0.07804569882583201,-0.3321911443500839,0.23494214145450715,-0.3349526947132264,0.09140677528193941,-0.2284533572300017,0.4001113242118527,0.05328989307531384,-0.3087055140539233,0.17262371629035883,0.09072488433878778,-0.18592065895421817,0.4879763488850813,-0.24524234304080006,4,"{""2011"": 0.0, ""2012"": 0.0871, ""2013"": 0.3224, ""2014"": 0.1213, ""2015"": -0.0169, ""2016"": 0.0918, ""2017"": 0.2668, ""2018"": -0.1589, ""2019"": 0.2483, ""2020"": 0.0106, ""2021"": 0.2904, ""2022"": -0.2452, ""2023"": 0.0692, ""2024"": 0.2654, ""2025"": -0.0562, ""2026"": 0.0673}",0.24861994202714932,0.43756243756243757
vol_ratio,False,15,0.02,1.0,998,0.07789851546869775,-0.3323368333389418,0.23439627406346214,-0.33509778124304757,0.09140677528193941,-0.2284533572300017,0.4001113242118527,0.053232323810797455,-0.30886066853342087,0.17235060735820867,0.09016520666503336,-0.1859206589542185,0.48496604504417035,-0.24540700075527166,4,"{""2011"": 0.0, ""2012"": 0.0871, ""2013"": 0.3224, ""2014"": 0.1213, ""2015"": -0.0169, ""2016"": 0.0918, ""2017"": 0.2668, ""2018"": -0.1589, ""2019"": 0.2483, ""2020"": 0.0106, ""2021"": 0.2904, ""2022"": -0.2454, ""2023"": 0.0692, ""2024"": 0.2654, ""2025"": -0.0562, ""2026"": 0.0653}",0.2492842755426371,0.437875751503006
vol_ratio,False,15,0.05,1.0,998,0.07789851546869775,-0.3323368333389418,0.23439627406346214,-0.33509778124304757,0.09140677528193941,-0.2284533572300017,0.4001113242118527,0.053232323810797455,-0.30886066853342087,0.17235060735820867,0.09016520666503336,-0.1859206589542185,0.48496604504417035,-0.24540700075527166,4,"{""2011"": 0.0, ""2012"": 0.0871, ""2013"": 0.3224, ""2014"": 0.1213, ""2015"": -0.0169, ""2016"": 0.0918, ""2017"": 0.2668, ""2018"": -0.1589, ""2019"": 0.2483, ""2020"": 0.0106, ""2021"": 0.2904, ""2022"": -0.2454, ""2023"": 0.0692, ""2024"": 0.2654, ""2025"": -0.0562, ""2026"": 0.0653}",0.2492842755426371,0.437875751503006
vol_ratio,False,20,0.005,1.0,1388,0.0779198303640487,-0.3689251819586232,0.21120767617534927,-0.36853028424675105,0.1081157148950278,-0.1799897245766683,0.6006771505946437,0.04238415370389825,-0.29737734311715747,0.14252650608691533,0.07109579099154062,-0.19383234126843352,0.3667901369105471,-0.2520189930251171,4,"{""2011"": 0.0, ""2012"": 0.0844, ""2013"": 0.2913, ""2014"": 0.0987, ""2015"": 0.0338, ""2016"": 0.0651, ""2017"": 0.2829, ""2018"": -0.0567, ""2019"": 0.2134, ""2020"": -0.0075, ""2021"": 0.3063, ""2022"": -0.252, ""2023"": 0.0444, ""2024"": 0.1385, ""2025"": -0.0197, ""2026"": 0.0959}",0.24676458834459802,0.43804034582132567
vol_ratio,False,20,0.01,1.0,1383,0.08783218811781013,-0.33586784245900647,0.2615081797493914,-0.3351365080535773,0.08394148251987343,-0.1757608701975194,0.47758913815993465,0.08012231083026355,-0.2593403573304963,0.30894655831817897,0.11698507867619612,-0.18143770127562364,0.644767200277097,-0.22274759585979764,4,"{""2011"": 0.0, ""2012"": 0.0839, ""2013"": 0.3472, ""2014"": 0.0271, ""2015"": -0.0134, ""2016"": -0.0027, ""2017"": 0.2817, ""2018"": -0.0711, ""2019"": 0.2342, ""2020"": 0.0523, ""2021"": 0.3434, ""2022"": -0.2227, ""2023"": 0.0625, ""2024"": 0.2115, ""2025"": 0.0312, ""2026"": 0.1175}",0.2551312995252885,0.4410701373825018
vol_ratio,False,20,0.02,1.0,1383,0.08783218811781013,-0.33586784245900647,0.2615081797493914,-0.3351365080535773,0.08394148251987343,-0.1757608701975194,0.47758913815993465,0.08012231083026355,-0.2593403573304963,0.30894655831817897,0.11698507867619612,-0.18143770127562364,0.644767200277097,-0.22274759585979764,4,"{""2011"": 0.0, ""2012"": 0.0839, ""2013"": 0.3472, ""2014"": 0.0271, ""2015"": -0.0134, ""2016"": -0.0027, ""2017"": 0.2817, ""2018"": -0.0711, ""2019"": 0.2342, ""2020"": 0.0523, ""2021"": 0.3434, ""2022"": -0.2227, ""2023"": 0.0625, ""2024"": 0.2115, ""2025"": 0.0312, ""2026"": 0.1175}",0.2551312995252885,0.4410701373825018
vol_ratio,False,20,0.05,1.0,1383,0.08783218811781013,-0.33586784245900647,0.2615081797493914,-0.3351365080535773,0.08394148251987343,-0.1757608701975194,0.47758913815993465,0.08012231083026355,-0.2593403573304963,0.30894655831817897,0.11698507867619612,-0.18143770127562364,0.644767200277097,-0.22274759585979764,4,"{""2011"": 0.0, ""2012"": 0.0839, ""2013"": 0.3472, ""2014"": 0.0271, ""2015"": -0.0134, ""2016"": -0.0027, ""2017"": 0.2817, ""2018"": -0.0711, ""2019"": 0.2342, ""2020"": 0.0523, ""2021"": 0.3434, ""2022"": -0.2227, ""2023"": 0.0625, ""2024"": 0.2115, ""2025"": 0.0312, ""2026"": 0.1175}",0.2551312995252885,0.4410701373825018
vol_ratio,False,30,0.005,1.0,2081,0.07515095370141434,-0.3157255203663887,0.23802622484936986,-0.31483103085638897,0.08482723821705718,-0.16865329781606864,0.5029681560663509,0.046417122987960635,-0.2631766380109005,0.17637250532107673,0.09985242546251571,-0.19647583840243965,0.5082173272521627,-0.2252711932860031,4,"{""2011"": 0.0, ""2012"": 0.1011, ""2013"": 0.3119, ""2014"": 0.0529, ""2015"": -0.0047, ""2016"": 0.0052, ""2017"": 0.2001, ""2018"": -0.0323, ""2019"": 0.1887, ""2020"": 0.0112, ""2021"": 0.2832, ""2022"": -0.2253, ""2023"": 0.0634, ""2024"": 0.1852, ""2025"": -0.0166, ""2026"": 0.1328}",0.21318747753189193,0.42815953868332535
vol_ratio,False,30,0.01,1.0,2081,0.07514318840848788,-0.3157996392025746,0.2379457702935693,-0.31490524658135766,0.08482723821705718,-0.16865329781606864,0.5029681560663509,0.04638872723325904,-0.26325645956730304,0.17621116423697666,0.09985242546251616,-0.19647583840243954,0.5082173272521653,-0.22535510990020213,4,"{""2011"": 0.0, ""2012"": 0.1011, ""2013"": 0.3119, ""2014"": 0.0529, ""2015"": -0.0047, ""2016"": 0.0052, ""2017"": 0.2001, ""2018"": -0.0323, ""2019"": 0.1887, ""2020"": 0.0112, ""2021"": 0.2832, ""2022"": -0.2254, ""2023"": 0.0634, ""2024"": 0.1852, ""2025"": -0.0166, ""2026"": 0.1328}",0.21318747753189193,0.42815953868332535
vol_ratio,False,30,0.02,1.0,2081,0.07514318840848788,-0.3157996392025746,0.2379457702935693,-0.31490524658135766,0.08482723821705718,-0.16865329781606864,0.5029681560663509,0.04638872723325904,-0.26325645956730304,0.17621116423697666,0.09985242546251616,-0.19647583840243954,0.5082173272521653,-0.22535510990020213,4,"{""2011"": 0.0, ""2012"": 0.1011, ""2013"": 0.3119, ""2014"": 0.0529, ""2015"": -0.0047, ""2016"": 0.0052, ""2017"": 0.2001, ""2018"": -0.0323, ""2019"": 0.1887, ""2020"": 0.0112, ""2021"": 0.2832, ""2022"": -0.2254, ""2023"": 0.0634, ""2024"": 0.1852, ""2025"": -0.0166, ""2026"": 0.1328}",0.21318747753189193,0.42815953868332535
vol_ratio,False,30,0.05,1.0,2081,0.07514318840848788,-0.3157996392025746,0.2379457702935693,-0.31490524658135766,0.08482723821705718,-0.16865329781606864,0.5029681560663509,0.04638872723325904,-0.26325645956730304,0.17621116423697666,0.09985242546251616,-0.19647583840243954,0.5082173272521653,-0.22535510990020213,4,"{""2011"": 0.0, ""2012"": 0.1011, ""2013"": 0.3119, ""2014"": 0.0529, ""2015"": -0.0047, ""2016"": 0.0052, ""2017"": 0.2001, ""2018"": -0.0323, ""2019"": 0.1887, ""2020"": 0.0112, ""2021"": 0.2832, ""2022"": -0.2254, ""2023"": 0.0634, ""2024"": 0.1852, ""2025"": -0.0166, ""2026"": 0.1328}",0.21318747753189193,0.42815953868332535
vol_ratio,True,5,0.005,1.0,438,0.026436222247279373,-0.16769208795098445,0.15764740346608688,-0.16623364788177397,0.035244429188993065,-0.06692010761207112,0.5266642635021053,-0.006683409075012081,-0.12111985069925835,-0.05518012973453084,0.05058442281361919,-0.07228096279002239,0.699830506693276,-0.08749419161299832,5,"{""2011"": 0.0, ""2012"": 0.0281, ""2013"": 0.1405, ""2014"": 0.0155, ""2015"": 0.0594, ""2016"": -0.0256, ""2017"": 0.0638, ""2018"": -0.0256, ""2019"": 0.091, ""2020"": -0.0362, ""2021"": 0.0147, ""2022"": -0.0875, ""2023"": 0.0238, ""2024"": 0.112, ""2025"": -0.0169, ""2026"": 0.0653}",0.18999558536263966,0.4200913242009132
vol_ratio,True,5,0.01,1.0,438,0.05201114599724388,-0.30450113506268617,0.17080772453126192,-0.3031926358669593,0.06875531193923767,-0.12149699529954627,0.565901335829121,-0.013915892476986547,-0.2223270662397091,-0.06259198536800138,0.1036095832870263,-0.1361323257032393,0.7610946389977151,-0.1707284813353368,5,"{""2011"": 0.0, ""2012"": 0.0573, ""2013"": 0.284, ""2014"": 0.0289, ""2015"": 0.119, ""2016"": -0.04, ""2017"": 0.1143, ""2018"": -0.0479, ""2019"": 0.1824, ""2020"": -0.0638, ""2021"": 0.0301, ""2022"": -0.1707, ""2023"": 0.0494, ""2024"": 0.2388, ""2025"": -0.0306, ""2026"": 0.1277}",0.18999558536263966,0.4200913242009132
vol_ratio,True,5,0.02,1.0,446,0.058007630547488365,-0.4354480040183424,0.13321367881398052,-0.4375103743165464,0.053822513375116676,-0.2534869737218055,0.21232851765465985,-0.012435513336346848,-0.31934776946372867,-0.03894034818915266,0.16000158548412902,-0.19381516943044907,0.8255369585069856,-0.2495481591620008,5,"{""2011"": 0.0, ""2012"": 0.0983, ""2013"": 0.5447, ""2014"": -0.0763, ""2015"": -0.0413, ""2016"": 0.0052, ""2017"": 0.1443, ""2018"": -0.1651, ""2019"": 0.2518, ""2020"": -0.0321, ""2021"": 0.0462, ""2022"": -0.2495, ""2023"": 0.1467, ""2024"": 0.3049, ""2025"": 0.0075, ""2026"": 0.1259}",0.14086074982368507,0.4080717488789238
vol_ratio,True,5,0.05,1.0,430,0.07656184797111187,-0.44612421433321015,0.17161554004761514,-0.4454925926321648,0.1110807565182026,-0.15269976468565571,0.7274454989951749,0.04002907061449035,-0.2646435401434307,0.15125655662252518,0.06164096302008493,-0.2536993359655616,0.2429685627102011,-0.20881014901614015,4,"{""2011"": 0.0, ""2012"": 0.0728, ""2013"": 0.5577, ""2014"": 0.0254, ""2015"": 0.1604, ""2016"": -0.0317, ""2017"": 0.1033, ""2018"": -0.0166, ""2019"": 0.2609, ""2020"": 0.0932, ""2021"": 0.0725, ""2022"": -0.2088, ""2023"": -0.1873, ""2024"": 0.0818, ""2025"": 0.0643, ""2026"": 0.3227}",0.2081882915165714,0.4232558139534884
vol_ratio,True,10,0.005,1.0,871,0.03710207942929045,-0.23029669311871914,0.16110556746103225,-0.23461700449567158,0.05607316359235215,-0.13144630832988036,0.42658606624105244,0.002904635378349285,-0.18104797911600834,0.016043456505460966,0.04464961746340723,-0.14255652940158348,0.31320640065267524,-0.15901771763326722,5,"{""2011"": 0.0, ""2012"": 0.0648, ""2013"": 0.2676, ""2014"": 0.0368, ""2015"": 0.0149, ""2016"": -0.0149, ""2017"": 0.1436, ""2018"": -0.0847, ""2019"": 0.1159, ""2020"": 0.0112, ""2021"": 0.0635, ""2022"": -0.159, ""2023"": -0.03, ""2024"": 0.2135, ""2025"": -0.0691, ""2026"": 0.0665}",0.14212235372318785,0.4041331802525832
vol_ratio,True,10,0.01,1.0,834,0.03506951997918817,-0.3107193971425767,0.1128655639193847,-0.31265483697028007,0.04075564878854476,-0.23499617670005968,0.17343111433069716,0.02256395308279191,-0.24354228075561424,0.09264901770971756,0.0425814227070076,-0.22735327182738196,0.18729188440858488,-0.22660624932222617,5,"{""2011"": 0.0, ""2012"": 0.0947, ""2013"": 0.2855, ""2014"": 0.0434, ""2015"": -0.0671, ""2016"": 0.0526, ""2017"": 0.0942, ""2018"": -0.1619, ""2019"": 0.1386, ""2020"": 0.057, ""2021"": 0.1744, ""2022"": -0.2266, ""2023"": -0.004, ""2024"": 0.2801, ""2025"": -0.1016, ""2026"": 0.013}",0.10042677341605694,0.3908872901678657
vol_ratio,True,10,0.02,1.0,813,0.0407083742170915,-0.3154866437245507,0.12903358993743555,-0.31762045501505654,0.0654483617904067,-0.2118697467605445,0.30890848170209284,0.0017596218746214198,-0.24446775595577475,0.00719776670645982,0.04332261008831462,-0.23779516431779524,0.18218457138353422,-0.20349629027110294,6,"{""2011"": 0.0, ""2012"": 0.0992, ""2013"": 0.5053, ""2014"": -0.0105, ""2015"": -0.0001, ""2016"": -0.0448, ""2017"": 0.1593, ""2018"": -0.1407, ""2019"": 0.1235, ""2020"": 0.0243, ""2021"": 0.0954, ""2022"": -0.2035, ""2023"": 0.0361, ""2024"": 0.2433, ""2025"": -0.1124, ""2026"": 0.0174}",0.13719229642185066,0.4046740467404674
vol_ratio,True,10,0.05,1.0,813,0.0407083742170915,-0.3154866437245507,0.12903358993743555,-0.31762045501505654,0.0654483617904067,-0.2118697467605445,0.30890848170209284,0.0017596218746214198,-0.24446775595577475,0.00719776670645982,0.04332261008831462,-0.23779516431779524,0.18218457138353422,-0.20349629027110294,6,"{""2011"": 0.0, ""2012"": 0.0992, ""2013"": 0.5053, ""2014"": -0.0105, ""2015"": -0.0001, ""2016"": -0.0448, ""2017"": 0.1593, ""2018"": -0.1407, ""2019"": 0.1235, ""2020"": 0.0243, ""2021"": 0.0954, ""2022"": -0.2035, ""2023"": 0.0361, ""2024"": 0.2433, ""2025"": -0.1124, ""2026"": 0.0174}",0.13719229642185066,0.4046740467404674
vol_ratio,True,15,0.005,1.0,1271,0.04956817718231643,-0.292037477066982,0.16973224697098524,-0.29773706033178393,0.06872923992053726,-0.19460246946639292,0.3531776349446918,0.009303169579176318,-0.2481907351642746,0.03748395190101942,0.06569672624418166,-0.20413201777228507,0.32183450181474316,-0.2012345916111461,5,"{""2011"": 0.0, ""2012"": 0.0931, ""2013"": 0.4051, ""2014"": 0.0389, ""2015"": -0.0374, ""2016"": 0.0217, ""2017"": 0.1764, ""2018"": -0.1378, ""2019"": 0.1963, ""2020"": -0.0151, ""2021"": 0.0993, ""2022"": -0.2012, ""2023"": 0.0015, ""2024"": 0.3209, ""2025"": -0.1155, ""2026"": 0.0722}",0.14963761316819765,0.4067663257277734
vol_ratio,True,15,0.01,1.0,1233,0.050901601432842725,-0.33326448913359874,0.15273634933374897,-0.33882577839922023,0.05652732566544394,-0.2247321198407991,0.25153202713296197,0.02110564144459648,-0.28936767607224434,0.07293710801107994,0.08165951521660508,-0.21059599546899777,0.3877543589314182,-0.24390715372815586,4,"{""2011"": 0.0, ""2012"": 0.0935, ""2013"": 0.3701, ""2014"": 0.0029, ""2015"": -0.058, ""2016"": 0.0248, ""2017"": 0.1583, ""2018"": -0.1257, ""2019"": 0.2733, ""2020"": 0.0655, ""2021"": 0.0564, ""2022"": -0.2439, ""2023"": 0.0327, ""2024"": 0.2848, ""2025"": -0.1316, ""2026"": 0.1481}",0.14805204781115022,0.4071370640713706
vol_ratio,True,15,0.02,1.0,1233,0.050901601432842725,-0.33326448913359874,0.15273634933374897,-0.33882577839922023,0.05652732566544394,-0.2247321198407991,0.25153202713296197,0.02110564144459648,-0.28936767607224434,0.07293710801107994,0.08165951521660508,-0.21059599546899777,0.3877543589314182,-0.24390715372815586,4,"{""2011"": 0.0, ""2012"": 0.0935, ""2013"": 0.3701, ""2014"": 0.0029, ""2015"": -0.058, ""2016"": 0.0248, ""2017"": 0.1583, ""2018"": -0.1257, ""2019"": 0.2733, ""2020"": 0.0655, ""2021"": 0.0564, ""2022"": -0.2439, ""2023"": 0.0327, ""2024"": 0.2848, ""2025"": -0.1316, ""2026"": 0.1481}",0.14805204781115022,0.4071370640713706
vol_ratio,True,15,0.05,1.0,1233,0.050901601432842725,-0.33326448913359874,0.15273634933374897,-0.33882577839922023,0.05652732566544394,-0.2247321198407991,0.25153202713296197,0.02110564144459648,-0.28936767607224434,0.07293710801107994,0.08165951521660508,-0.21059599546899777,0.3877543589314182,-0.24390715372815586,4,"{""2011"": 0.0, ""2012"": 0.0935, ""2013"": 0.3701, ""2014"": 0.0029, ""2015"": -0.058, ""2016"": 0.0248, ""2017"": 0.1583, ""2018"": -0.1257, ""2019"": 0.2733, ""2020"": 0.0655, ""2021"": 0.0564, ""2022"": -0.2439, ""2023"": 0.0327, ""2024"": 0.2848, ""2025"": -0.1316, ""2026"": 0.1481}",0.14805204781115022,0.4071370640713706
vol_ratio,True,20,0.005,1.0,1687,0.0591936683865113,-0.36258917101126387,0.16325271993485002,-0.3653903011617987,0.07556557039479017,-0.24832569695898898,0.3043002448806973,0.013086444660460161,-0.2987576702975854,0.04380287424060131,0.08888308014143287,-0.20408616358017173,0.43551742353428424,-0.2317425288713617,3,"{""2011"": 0.0, ""2012"": 0.1282, ""2013"": 0.3937, ""2014"": 0.1298, ""2015"": -0.0351, ""2016"": 0.011, ""2017"": 0.1975, ""2018"": -0.198, ""2019"": 0.2263, ""2020"": 0.0305, ""2021"": 0.0824, ""2022"": -0.2317, ""2023"": 0.0251, ""2024"": 0.252, ""2025"": 0.0024, ""2026"": 0.0531}",0.1652704179598545,0.41197391819798457
vol_ratio,True,20,0.01,1.0,1622,0.07384660107773588,-0.31260596618714565,0.23622902012537614,-0.3184130642808961,0.08648066615480943,-0.20250612458055062,0.42705210192499693,0.018994892975744637,-0.2470570920702969,0.0768846294456501,0.12370291038965253,-0.2248832939122397,0.5500760338290285,-0.21627623424078324,4,"{""2011"": 0.0, ""2012"": 0.0802, ""2013"": 0.4403, ""2014"": 0.057, ""2015"": -0.0498, ""2016"": 0.033, ""2017"": 0.1985, ""2018"": -0.0768, ""2019"": 0.2273, ""2020"": 0.0436, ""2021"": 0.0715, ""2022"": -0.2163, ""2023"": 0.0442, ""2024"": 0.3047, ""2025"": -0.004, ""2026"": 0.1169}",0.19616917438948306,0.42231812577065353
vol_ratio,True,20,0.02,1.0,1622,0.07384660107773588,-0.31260596618714565,0.23622902012537614,-0.3184130642808961,0.08648066615480943,-0.20250612458055062,0.42705210192499693,0.018994892975744637,-0.2470570920702969,0.0768846294456501,0.12370291038965253,-0.2248832939122397,0.5500760338290285,-0.21627623424078324,4,"{""2011"": 0.0, ""2012"": 0.0802, ""2013"": 0.4403, ""2014"": 0.057, ""2015"": -0.0498, ""2016"": 0.033, ""2017"": 0.1985, ""2018"": -0.0768, ""2019"": 0.2273, ""2020"": 0.0436, ""2021"": 0.0715, ""2022"": -0.2163, ""2023"": 0.0442, ""2024"": 0.3047, ""2025"": -0.004, ""2026"": 0.1169}",0.19616917438948306,0.42231812577065353
vol_ratio,True,20,0.05,1.0,1622,0.07384660107773588,-0.31260596618714565,0.23622902012537614,-0.3184130642808961,0.08648066615480943,-0.20250612458055062,0.42705210192499693,0.018994892975744637,-0.2470570920702969,0.0768846294456501,0.12370291038965253,-0.2248832939122397,0.5500760338290285,-0.21627623424078324,4,"{""2011"": 0.0, ""2012"": 0.0802, ""2013"": 0.4403, ""2014"": 0.057, ""2015"": -0.0498, ""2016"": 0.033, ""2017"": 0.1985, ""2018"": -0.0768, ""2019"": 0.2273, ""2020"": 0.0436, ""2021"": 0.0715, ""2022"": -0.2163, ""2023"": 0.0442, ""2024"": 0.3047, ""2025"": -0.004, ""2026"": 0.1169}",0.19616917438948306,0.42231812577065353
vol_ratio,True,30,0.005,1.0,2393,0.06336136220847721,-0.295024367378812,0.21476653868092555,-0.3002799854760556,0.07908850244272703,-0.21868107290199146,0.36166139754661314,0.019168024545354045,-0.23947163563744966,0.08004298502547356,0.09277148336953212,-0.21293133922598317,0.43568731454355863,-0.1901651866118642,4,"{""2011"": 0.0, ""2012"": 0.1038, ""2013"": 0.393, ""2014"": 0.0779, ""2015"": -0.0759, ""2016"": 0.0115, ""2017"": 0.2265, ""2018"": -0.1038, ""2019"": 0.2184, ""2020"": 0.0299, ""2021"": 0.0585, ""2022"": -0.1902, ""2023"": 0.0698, ""2024"": 0.2147, ""2025"": -0.0036, ""2026"": 0.0595}",0.18090956380253753,0.4174676138737986
vol_ratio,True,30,0.01,1.0,2393,0.06336136220847721,-0.295024367378812,0.21476653868092555,-0.3002799854760556,0.07908850244272703,-0.21868107290199146,0.36166139754661314,0.019168024545354045,-0.23947163563744966,0.08004298502547356,0.09277148336953212,-0.21293133922598317,0.43568731454355863,-0.1901651866118642,4,"{""2011"": 0.0, ""2012"": 0.1038, ""2013"": 0.393, ""2014"": 0.0779, ""2015"": -0.0759, ""2016"": 0.0115, ""2017"": 0.2265, ""2018"": -0.1038, ""2019"": 0.2184, ""2020"": 0.0299, ""2021"": 0.0585, ""2022"": -0.1902, ""2023"": 0.0698, ""2024"": 0.2147, ""2025"": -0.0036, ""2026"": 0.0595}",0.18090956380253753,0.4174676138737986
vol_ratio,True,30,0.02,1.0,2393,0.06336136220847721,-0.295024367378812,0.21476653868092555,-0.3002799854760556,0.07908850244272703,-0.21868107290199146,0.36166139754661314,0.019168024545354045,-0.23947163563744966,0.08004298502547356,0.09277148336953212,-0.21293133922598317,0.43568731454355863,-0.1901651866118642,4,"{""2011"": 0.0, ""2012"": 0.1038, ""2013"": 0.393, ""2014"": 0.0779, ""2015"": -0.0759, ""2016"": 0.0115, ""2017"": 0.2265, ""2018"": -0.1038, ""2019"": 0.2184, ""2020"": 0.0299, ""2021"": 0.0585, ""2022"": -0.1902, ""2023"": 0.0698, ""2024"": 0.2147, ""2025"": -0.0036, ""2026"": 0.0595}",0.18090956380253753,0.4174676138737986
vol_ratio,True,30,0.05,1.0,2393,0.06336136220847721,-0.295024367378812,0.21476653868092555,-0.3002799854760556,0.07908850244272703,-0.21868107290199146,0.36166139754661314,0.019168024545354045,-0.23947163563744966,0.08004298502547356,0.09277148336953212,-0.21293133922598317,0.43568731454355863,-0.1901651866118642,4,"{""2011"": 0.0, ""2012"": 0.1038, ""2013"": 0.393, ""2014"": 0.0779, ""2015"": -0.0759, ""2016"": 0.0115, ""2017"": 0.2265, ""2018"": -0.1038, ""2019"": 0.2184, ""2020"": 0.0299, ""2021"": 0.0585, ""2022"": -0.1902, ""2023"": 0.0698, ""2024"": 0.2147, ""2025"": -0.0036, ""2026"": 0.0595}",0.18090956380253753,0.4174676138737986
dist_hh60,False,5,0.005,1.0,456,0.04015797029828572,-0.0954601949182432,0.42067764823525633,-0.09473169081240873,0.05586600841016409,-0.08512329116465756,0.6562952118721552,0.015113509064261121,-0.0954601949182432,0.15832262941852437,0.0431265569227024,-0.0730278081359208,0.5905497922439955,-0.04509959028252941,5,"{""2011"": 0.0, ""2012"": 0.0291, ""2013"": 0.174, ""2014"": 0.0368, ""2015"": -0.034, ""2016"": 0.0497, ""2017"": 0.2057, ""2018"": -0.0451, ""2019"": 0.0798, ""2020"": -0.0371, ""2021"": 0.0635, ""2022"": -0.0398, ""2023"": 0.0473, ""2024"": 0.0791, ""2025"": -0.0118, ""2026"": 0.0408}",0.2715419919085458,0.4517543859649123
dist_hh60,False,5,0.01,1.0,459,0.06638348466833532,-0.17874524424132632,0.3713860189684829,-0.17848804709233146,0.08652438272332708,-0.14051439254381004,0.6157688273558897,0.02606568999333203,-0.17874524424132632,0.14582592171314163,0.08201445385993633,-0.1391145873063846,0.5895460386142577,-0.10006544375088611,5,"{""2011"": 0.0, ""2012"": 0.0619, ""2013"": 0.3349, ""2014"": 0.1104, ""2015"": -0.0685, ""2016"": 0.1038, ""2017"": 0.2267, ""2018"": -0.1001, ""2019"": 0.145, ""2020"": -0.0726, ""2021"": 0.1262, ""2022"": -0.0733, ""2023"": 0.1163, ""2024"": 0.1521, ""2025"": -0.0391, ""2026"": 0.0718}",0.23542838019213372,0.4400871459694989
dist_hh60,False,5,0.02,1.0,438,0.07221598013584685,-0.24446747183029438,0.2954011819861993,-0.24434024279813438,0.0911616967112534,-0.19677285187038085,0.4632839126166849,0.03476987273214971,-0.23615231509404822,0.14723494333859283,0.08758536375552461,-0.17401011075517803,0.5033349118359683,-0.1396875860188116,6,"{""2011"": 0.0, ""2012"": 0.1071, ""2013"": 0.3258, ""2014"": -0.0157, ""2015"": -0.0837, ""2016"": 0.1487, ""2017"": 0.3191, ""2018"": -0.0824, ""2019"": 0.2218, ""2020"": -0.0586, ""2021"": 0.1583, ""2022"": -0.1397, ""2023"": 0.1262, ""2024"": 0.1472, ""2025"": -0.0756, ""2026"": 0.1295}",0.22642737942268779,0.4360730593607306
dist_hh60,False,5,0.05,1.0,438,0.05363287077927992,-0.29546556491273535,0.18151986948164395,-0.29805783179066836,0.06870236998117374,-0.17641599940245634,0.3894338960971652,0.02834278992597694,-0.2265310799611281,0.12511656206662883,0.0598997949867317,-0.18454751522246882,0.3245765455824401,-0.14944542311280684,5,"{""2011"": 0.0, ""2012"": 0.0837, ""2013"": 0.2415, ""2014"": 0.0184, ""2015"": -0.0421, ""2016"": 0.1492, ""2017"": 0.1831, ""2018"": -0.1082, ""2019"": 0.2351, ""2020"": 0.026, ""2021"": 0.0373, ""2022"": -0.1494, ""2023"": 0.1169, ""2024"": 0.171, ""2025"": -0.0528, ""2026"": -0.0067}",0.1846803362929655,0.4223744292237443
dist_hh60,False,10,0.005,1.0,873,0.036945867789440534,-0.16798349226546572,0.21993749082829323,-0.17164860150197814,0.04692533588252523,-0.15798997769986223,0.2970146370402719,0.026737707381134568,-0.1523996153137568,0.17544471700986644,0.03408230994620931,-0.11581142242980846,0.2942914371582482,-0.1084480800829547,5,"{""2011"": 0.0, ""2012"": 0.0644, ""2013"": 0.2266, ""2014"": 0.0985, ""2015"": -0.0627, ""2016"": 0.0103, ""2017"": 0.1286, ""2018"": -0.1009, ""2019"": 0.1823, ""2020"": -0.0751, ""2021"": 0.1381, ""2022"": -0.1084, ""2023"": 0.0418, ""2024"": 0.0925, ""2025"": 0.0295, ""2026"": -0.0383}",0.1393169268380346,0.40893470790378006
dist_hh60,False,10,0.01,1.0,859,0.05985205903267987,-0.23554765626501972,0.25409745094359604,-0.23740124245389038,0.05290649455864194,-0.19741629267285177,0.2679945704700062,0.06286303017269934,-0.21633547715691792,0.29058123521322365,0.07806934987988057,-0.15188638296563572,0.5139983476829766,-0.1345128018961006,5,"{""2011"": 0.0, ""2012"": 0.0867, ""2013"": 0.3285, ""2014"": 0.0615, ""2015"": -0.0632, ""2016"": 0.0348, ""2017"": 0.1154, ""2018"": -0.1345, ""2019"": 0.2453, ""2020"": -0.0748, ""2021"": 0.278, ""2022"": -0.1337, ""2023"": -0.0208, ""2024"": 0.2578, ""2025"": 0.0458, ""2026"": 0.015}",0.1991695979568262,0.42724097788125726
dist_hh60,False,10,0.02,1.0,820,0.06375469604525086,-0.2588472993947931,0.24630234193794848,-0.25919156257181564,0.08512935991791437,-0.17030022116969712,0.499878152436963,0.06784431261896762,-0.2039606246664477,0.3326343637646657,0.026741313706710734,-0.17693871536039318,0.15113319689387006,-0.15278773008392954,4,"{""2011"": 0.0, ""2012"": 0.0867, ""2013"": 0.312, ""2014"": 0.1106, ""2015"": 0.0061, ""2016"": -0.0518, ""2017"": 0.2858, ""2018"": -0.0884, ""2019"": 0.2343, ""2020"": 0.0114, ""2021"": 0.2281, ""2022"": -0.1528, ""2023"": 0.0082, ""2024"": 0.1611, ""2025"": -0.1083, ""2026"": 0.0525}",0.21583500336188066,0.43414634146341463
dist_hh60,False,10,0.05,1.0,820,0.06375469604525086,-0.2588472993947931,0.24630234193794848,-0.25919156257181564,0.08512935991791437,-0.17030022116969712,0.499878152436963,0.06784431261896762,-0.2039606246664477,0.3326343637646657,0.026741313706710734,-0.17693871536039318,0.15113319689387006,-0.15278773008392954,4,"{""2011"": 0.0, ""2012"": 0.0867, ""2013"": 0.312, ""2014"": 0.1106, ""2015"": 0.0061, ""2016"": -0.0518, ""2017"": 0.2858, ""2018"": -0.0884, ""2019"": 0.2343, ""2020"": 0.0114, ""2021"": 0.2281, ""2022"": -0.1528, ""2023"": 0.0082, ""2024"": 0.1611, ""2025"": -0.1083, ""2026"": 0.0525}",0.21583500336188066,0.43414634146341463
dist_hh60,False,15,0.005,1.0,1256,0.05679008379270756,-0.2501415302186847,0.2270318077252473,-0.2520045708381118,0.07732006215774723,-0.16494865638720346,0.46875230057191075,0.01751524916403646,-0.19673889833623037,0.08902789083479862,0.06953779746561306,-0.14722839128972964,0.47231241784589056,-0.16500334054935373,3,"{""2011"": 0.0, ""2012"": 0.0848, ""2013"": 0.3487, ""2014"": 0.0665, ""2015"": 0.0041, ""2016"": 0.006, ""2017"": 0.1917, ""2018"": -0.1039, ""2019"": 0.1957, ""2020"": -0.051, ""2021"": 0.1297, ""2022"": -0.165, ""2023"": 0.0243, ""2024"": 0.206, ""2025"": 0.0013, ""2026"": 0.0275}",0.1901129476122544,0.42436305732484075
dist_hh60,False,15,0.01,1.0,1200,0.06419318560625142,-0.22641371445511327,0.2835216310139984,-0.22819245417867395,0.06707323526513687,-0.17704959226609396,0.3788386881136116,0.045552125265267085,-0.19432037340500774,0.2344176499204544,0.0891963177029369,-0.13877859250504498,0.6427238963364927,-0.12830550330051882,5,"{""2011"": 0.0, ""2012"": 0.0869, ""2013"": 0.2714, ""2014"": 0.0296, ""2015"": -0.0144, ""2016"": -0.0215, ""2017"": 0.3085, ""2018"": -0.123, ""2019"": 0.2277, ""2020"": -0.0101, ""2021"": 0.1241, ""2022"": -0.1283, ""2023"": 0.0304, ""2024"": 0.2119, ""2025"": 0.059, ""2026"": 0.0254}",0.21277775303384397,0.4325
dist_hh60,False,15,0.02,1.0,1200,0.06419318560625142,-0.22641371445511327,0.2835216310139984,-0.22819245417867395,0.06707323526513687,-0.17704959226609396,0.3788386881136116,0.045552125265267085,-0.19432037340500774,0.2344176499204544,0.0891963177029369,-0.13877859250504498,0.6427238963364927,-0.12830550330051882,5,"{""2011"": 0.0, ""2012"": 0.0869, ""2013"": 0.2714, ""2014"": 0.0296, ""2015"": -0.0144, ""2016"": -0.0215, ""2017"": 0.3085, ""2018"": -0.123, ""2019"": 0.2277, ""2020"": -0.0101, ""2021"": 0.1241, ""2022"": -0.1283, ""2023"": 0.0304, ""2024"": 0.2119, ""2025"": 0.059, ""2026"": 0.0254}",0.21277775303384397,0.4325
dist_hh60,False,15,0.05,1.0,1200,0.06419318560625142,-0.22641371445511327,0.2835216310139984,-0.22819245417867395,0.06707323526513687,-0.17704959226609396,0.3788386881136116,0.045552125265267085,-0.19432037340500774,0.2344176499204544,0.0891963177029369,-0.13877859250504498,0.6427238963364927,-0.12830550330051882,5,"{""2011"": 0.0, ""2012"": 0.0869, ""2013"": 0.2714, ""2014"": 0.0296, ""2015"": -0.0144, ""2016"": -0.0215, ""2017"": 0.3085, ""2018"": -0.123, ""2019"": 0.2277, ""2020"": -0.0101, ""2021"": 0.1241, ""2022"": -0.1283, ""2023"": 0.0304, ""2024"": 0.2119, ""2025"": 0.059, ""2026"": 0.0254}",0.21277775303384397,0.4325
dist_hh60,False,20,0.005,1.0,1612,0.06659852379449016,-0.2469505972827789,0.2696835906747346,-0.2514136999633849,0.07061810994385631,-0.22515670173193592,0.31363983128484396,0.03784206607942742,-0.19985758362299877,0.18934515965534124,0.10147859002804571,-0.14091849260302525,0.7201225911060247,-0.17468179781303017,3,"{""2011"": 0.0, ""2012"": 0.0881, ""2013"": 0.2684, ""2014"": 0.1112, ""2015"": 0.0111, ""2016"": 0.0057, ""2017"": 0.252, ""2018"": -0.1747, ""2019"": 0.1775, ""2020"": -0.0005, ""2021"": 0.1751, ""2022"": -0.1638, ""2023"": 0.0555, ""2024"": 0.2199, ""2025"": 0.0371, ""2026"": 0.0569}",0.20622741805725478,0.4305210918114144
dist_hh60,False,20,0.01,1.0,1571,0.06014802445589895,-0.24725958649818836,0.24325861459102477,-0.2517571731098741,0.06795331222589795,-0.1928213374372989,0.3524159365816805,0.028296083038577224,-0.20486640262139477,0.13811968520221474,0.09020570031888342,-0.15868134856600968,0.5684707190483628,-0.15933577483844497,6,"{""2011"": 0.0, ""2012"": 0.0853, ""2013"": 0.2555, ""2014"": 0.0875, ""2015"": -0.004, ""2016"": -0.0107, ""2017"": 0.2528, ""2018"": -0.1343, ""2019"": 0.1894, ""2020"": -0.0239, ""2021"": 0.142, ""2022"": -0.1593, ""2023"": 0.0341, ""2024"": 0.2429, ""2025"": -0.0119, ""2026"": 0.0713}",0.19489280262459638,0.4271164863144494
dist_hh60,False,20,0.02,1.0,1571,0.06014802445589895,-0.24725958649818836,0.24325861459102477,-0.2517571731098741,0.06795331222589795,-0.1928213374372989,0.3524159365816805,0.028296083038577224,-0.20486640262139477,0.13811968520221474,0.09020570031888342,-0.15868134856600968,0.5684707190483628,-0.15933577483844497,6,"{""2011"": 0.0, ""2012"": 0.0853, ""2013"": 0.2555, ""2014"": 0.0875, ""2015"": -0.004, ""2016"": -0.0107, ""2017"": 0.2528, ""2018"": -0.1343, ""2019"": 0.1894, ""2020"": -0.0239, ""2021"": 0.142, ""2022"": -0.1593, ""2023"": 0.0341, ""2024"": 0.2429, ""2025"": -0.0119, ""2026"": 0.0713}",0.19489280262459638,0.4271164863144494
dist_hh60,False,20,0.05,1.0,1571,0.06014802445589895,-0.24725958649818836,0.24325861459102477,-0.2517571731098741,0.06795331222589795,-0.1928213374372989,0.3524159365816805,0.028296083038577224,-0.20486640262139477,0.13811968520221474,0.09020570031888342,-0.15868134856600968,0.5684707190483628,-0.15933577483844497,6,"{""2011"": 0.0, ""2012"": 0.0853, ""2013"": 0.2555, ""2014"": 0.0875, ""2015"": -0.004, ""2016"": -0.0107, ""2017"": 0.2528, ""2018"": -0.1343, ""2019"": 0.1894, ""2020"": -0.0239, ""2021"": 0.142, ""2022"": -0.1593, ""2023"": 0.0341, ""2024"": 0.2429, ""2025"": -0.0119, ""2026"": 0.0713}",0.19489280262459638,0.4271164863144494
dist_hh60,False,30,0.005,1.0,2393,0.054007603149526684,-0.28031861635979816,0.19266506039044567,-0.28470248889901695,0.06750105476761048,-0.1567672960272667,0.43058122757867784,0.01765281900665494,-0.22553554338787185,0.07827067406531107,0.07693627831558936,-0.17297368075688024,0.4447860390028101,-0.20211588761496913,6,"{""2011"": 0.0, ""2012"": 0.0762, ""2013"": 0.2892, ""2014"": 0.0543, ""2015"": -0.005, ""2016"": -0.0325, ""2017"": 0.2316, ""2018"": -0.0895, ""2019"": 0.1448, ""2020"": -0.0116, ""2021"": 0.1855, ""2022"": -0.2021, ""2023"": 0.0236, ""2024"": 0.2366, ""2025"": -0.0154, ""2026"": 0.045}",0.17742505531634276,0.4220643543669035
dist_hh60,False,30,0.01,1.0,2393,0.054007603149526684,-0.28031861635979816,0.19266506039044567,-0.28470248889901695,0.06750105476761048,-0.1567672960272667,0.43058122757867784,0.01765281900665494,-0.22553554338787185,0.07827067406531107,0.07693627831558936,-0.17297368075688024,0.4447860390028101,-0.20211588761496913,6,"{""2011"": 0.0, ""2012"": 0.0762, ""2013"": 0.2892, ""2014"": 0.0543, ""2015"": -0.005, ""2016"": -0.0325, ""2017"": 0.2316, ""2018"": -0.0895, ""2019"": 0.1448, ""2020"": -0.0116, ""2021"": 0.1855, ""2022"": -0.2021, ""2023"": 0.0236, ""2024"": 0.2366, ""2025"": -0.0154, ""2026"": 0.045}",0.17742505531634276,0.4220643543669035
dist_hh60,False,30,0.02,1.0,2393,0.054007603149526684,-0.28031861635979816,0.19266506039044567,-0.28470248889901695,0.06750105476761048,-0.1567672960272667,0.43058122757867784,0.01765281900665494,-0.22553554338787185,0.07827067406531107,0.07693627831558936,-0.17297368075688024,0.4447860390028101,-0.20211588761496913,6,"{""2011"": 0.0, ""2012"": 0.0762, ""2013"": 0.2892, ""2014"": 0.0543, ""2015"": -0.005, ""2016"": -0.0325, ""2017"": 0.2316, ""2018"": -0.0895, ""2019"": 0.1448, ""2020"": -0.0116, ""2021"": 0.1855, ""2022"": -0.2021, ""2023"": 0.0236, ""2024"": 0.2366, ""2025"": -0.0154, ""2026"": 0.045}",0.17742505531634276,0.4220643543669035
dist_hh60,False,30,0.05,1.0,2393,0.054007603149526684,-0.28031861635979816,0.19266506039044567,-0.28470248889901695,0.06750105476761048,-0.1567672960272667,0.43058122757867784,0.01765281900665494,-0.22553554338787185,0.07827067406531107,0.07693627831558936,-0.17297368075688024,0.4447860390028101,-0.20211588761496913,6,"{""2011"": 0.0, ""2012"": 0.0762, ""2013"": 0.2892, ""2014"": 0.0543, ""2015"": -0.005, ""2016"": -0.0325, ""2017"": 0.2316, ""2018"": -0.0895, ""2019"": 0.1448, ""2020"": -0.0116, ""2021"": 0.1855, ""2022"": -0.2021, ""2023"": 0.0236, ""2024"": 0.2366, ""2025"": -0.0154, ""2026"": 0.045}",0.17742505531634276,0.4220643543669035
dist_hh60,True,5,0.005,1.0,361,0.0257121709385546,-0.10199427548632922,0.25209425544672776,-0.10196944428431487,0.021235485337107285,-0.10105728606429476,0.21013314491343874,0.038714665174148566,-0.08507891850261085,0.4550441620030762,0.02332673351484238,-0.05715342074065499,0.40814238609954895,-0.07255933992554076,5,"{""2011"": 0.0, ""2012"": 0.0284, ""2013"": 0.1132, ""2014"": 0.0399, ""2015"": -0.0218, ""2016"": 0.0086, ""2017"": 0.0633, ""2018"": -0.0726, ""2019"": 0.1254, ""2020"": -0.0149, ""2021"": 0.0848, ""2022"": -0.0324, ""2023"": -0.0044, ""2024"": 0.0697, ""2025"": 0.0066, ""2026"": 0.0127}",0.22247679919491384,0.4293628808864266
dist_hh60,True,5,0.01,1.0,361,0.04977257455524531,-0.1961511273968619,0.2537460539522832,-0.1958664174194723,0.040541387941914975,-0.19447101490954932,0.20847007951684335,0.07480201666186526,-0.16307416223170046,0.4586993772537945,0.046688480981599945,-0.11134760441634217,0.4193038658202835,-0.1441352198422886,5,"{""2011"": 0.0, ""2012"": 0.0617, ""2013"": 0.2313, ""2014"": 0.0781, ""2015"": -0.046, ""2016"": 0.0147, ""2017"": 0.1309, ""2018"": -0.1441, ""2019"": 0.2604, ""2020"": -0.0343, ""2021"": 0.1701, ""2022"": -0.0635, ""2023"": -0.0087, ""2024"": 0.1464, ""2025"": 0.011, ""2026"": 0.0242}",0.22247679919491384,0.4293628808864266
dist_hh60,True,5,0.02,1.0,360,0.07965516284405871,-0.295469057740951,0.269588847824111,-0.2992417075432807,0.08130997262402229,-0.295469057740951,0.2751894673699127,0.07971764191421382,-0.23849245279472087,0.33425645541425036,0.08678783892448827,-0.18126759348647736,0.47878298186246226,-0.1399046686106723,6,"{""2011"": 0.0, ""2012"": 0.1156, ""2013"": 0.62, ""2014"": 0.127, ""2015"": -0.0947, ""2016"": -0.0582, ""2017"": 0.1114, ""2018"": -0.1049, ""2019"": 0.3452, ""2020"": -0.0141, ""2021"": 0.1907, ""2022"": -0.1399, ""2023"": -0.0091, ""2024"": 0.3001, ""2025"": 0.0207, ""2026"": 0.0232}",0.24019427872903293,0.4361111111111111
dist_hh60,True,5,0.05,1.0,358,0.09095236358667336,-0.4474872217183098,0.20325130902604244,-0.4462227233406254,0.016120692764760358,-0.4453262754979742,0.036199734108960505,0.14938617203470028,-0.22482657599435318,0.6644506832610941,0.19599247427878685,-0.16192126493791426,1.2104183743496357,-0.19400370022603164,5,"{""2011"": 0.0, ""2012"": 0.1285, ""2013"": 0.4742, ""2014"": 0.0019, ""2015"": -0.1047, ""2016"": -0.0519, ""2017"": -0.0192, ""2018"": -0.194, ""2019"": 0.4233, ""2020"": 0.0855, ""2021"": 0.2555, ""2022"": -0.1013, ""2023"": 0.0858, ""2024"": 0.3664, ""2025"": 0.1278, ""2026"": 0.1311}",0.22368958067837266,0.4301675977653631
dist_hh60,True,10,0.005,1.0,750,0.06046639879561844,-0.17876825738446678,0.3382390122289819,-0.18187458317652117,0.0657824468835202,-0.14575231424870883,0.4513303766228394,0.061994213575240265,-0.17876825738446678,0.3467853548625963,0.05650572690648281,-0.1160635825749673,0.4868514796188104,-0.06593874166342684,4,"{""2011"": 0.0, ""2012"": 0.0521, ""2013"": 0.298, ""2014"": 0.0684, ""2015"": -0.0097, ""2016"": 0.0008, ""2017"": 0.1558, ""2018"": -0.0659, ""2019"": 0.1931, ""2020"": -0.0583, ""2021"": 0.136, ""2022"": -0.0049, ""2023"": 0.029, ""2024"": 0.1538, ""2025"": 0.0039, ""2026"": 0.0206}",0.2551281685083441,0.44
dist_hh60,True,10,0.01,1.0,734,0.10003254782164062,-0.26052661525261833,0.38396287352309305,-0.2648427998095634,0.11043463747879523,-0.22555411187970698,0.48961482705175635,0.11179231394781741,-0.26052661525261833,0.429101317880396,0.08001941172855442,-0.15900791000597647,0.5032417049286845,-0.11530662671985392,5,"{""2011"": 0.0, ""2012"": 0.0961, ""2013"": 0.5395, ""2014"": 0.1204, ""2015"": -0.0263, ""2016"": -0.0027, ""2017"": 0.2809, ""2018"": -0.1153, ""2019"": 0.2828, ""2020"": -0.0281, ""2021"": 0.2248, ""2022"": -0.0003, ""2023"": 0.008, ""2024"": 0.2502, ""2025"": 0.0258, ""2026"": 0.0179}",0.2642535039571205,0.4427792915531335
dist_hh60,True,10,0.02,1.0,727,0.07315065805290688,-0.3191582800759226,0.22919868485162131,-0.3186331731527656,0.06387054306521134,-0.28856668061153923,0.2213372068107619,0.11047413898750458,-0.25979787226367845,0.4252311153471661,0.06046523264086967,-0.21374791953206995,0.28288103469375614,-0.2121584138305559,7,"{""2011"": 0.0, ""2012"": 0.094, ""2013"": 0.3191, ""2014"": 0.0975, ""2015"": -0.0311, ""2016"": -0.0239, ""2017"": 0.3066, ""2018"": -0.2122, ""2019"": 0.2309, ""2020"": -0.0207, ""2021"": 0.3173, ""2022"": -0.0448, ""2023"": -0.0725, ""2024"": 0.2934, ""2025"": 0.0604, ""2026"": -0.0309}",0.20083884409395564,0.4236588720770289
dist_hh60,True,10,0.05,1.0,727,0.07315065805290688,-0.3191582800759226,0.22919868485162131,-0.3186331731527656,0.06387054306521134,-0.28856668061153923,0.2213372068107619,0.11047413898750458,-0.25979787226367845,0.4252311153471661,0.06046523264086967,-0.21374791953206995,0.28288103469375614,-0.2121584138305559,7,"{""2011"": 0.0, ""2012"": 0.094, ""2013"": 0.3191, ""2014"": 0.0975, ""2015"": -0.0311, ""2016"": -0.0239, ""2017"": 0.3066, ""2018"": -0.2122, ""2019"": 0.2309, ""2020"": -0.0207, ""2021"": 0.3173, ""2022"": -0.0448, ""2023"": -0.0725, ""2024"": 0.2934, ""2025"": 0.0604, ""2026"": -0.0309}",0.20083884409395564,0.4236588720770289
dist_hh60,True,15,0.005,1.0,1110,0.06859623820761795,-0.22561638046702437,0.3040392637521452,-0.2262066875546609,0.08716370672907958,-0.1933788579947433,0.45074062197351994,0.06427278169532835,-0.22561638046702437,0.2848763975482814,0.046799410331689106,-0.1564672223512481,0.29910040983938896,-0.10729297769952628,5,"{""2011"": 0.0, ""2012"": 0.0986, ""2013"": 0.4265, ""2014"": 0.0149, ""2015"": 0.0139, ""2016"": 0.0726, ""2017"": 0.1618, ""2018"": -0.1073, ""2019"": 0.2173, ""2020"": -0.0325, ""2021"": 0.1729, ""2022"": -0.0726, ""2023"": -0.0484, ""2024"": 0.2243, ""2025"": -0.0114, ""2026"": 0.0221}",0.2135656439389077,0.42702702702702705
dist_hh60,True,15,0.01,1.0,1072,0.06430217247790893,-0.25794048166828376,0.24929073583960626,-0.2563708612789948,0.06374695667902763,-0.21444488683801777,0.29726498784360983,0.10991163196325782,-0.25794048166828376,0.4261123777562229,0.024811423635143104,-0.21228085203845415,0.11688017735414298,-0.15068865571821322,7,"{""2011"": 0.0, ""2012"": 0.0966, ""2013"": 0.4153, ""2014"": -0.0146, ""2015"": -0.0003, ""2016"": 0.0223, ""2017"": 0.1605, ""2018"": -0.1507, ""2019"": 0.2864, ""2020"": 0.044, ""2021"": 0.2454, ""2022"": -0.0944, ""2023"": -0.0025, ""2024"": 0.21, ""2025"": -0.0945, ""2026"": -0.0015}",0.18695739828442026,0.417910447761194
dist_hh60,True,15,0.02,1.0,1076,0.06771643895676083,-0.25794048166828376,0.2625273804204391,-0.2563708612789948,0.06374695667902763,-0.21444488683801777,0.29726498784360983,0.10985483563113263,-0.25794048166828376,0.42589218613776175,0.03877435639512972,-0.1672575340142729,0.23182427400741729,-0.15068865571821322,6,"{""2011"": 0.0, ""2012"": 0.0966, ""2013"": 0.4153, ""2014"": -0.0146, ""2015"": -0.0003, ""2016"": 0.0223, ""2017"": 0.1605, ""2018"": -0.1507, ""2019"": 0.2864, ""2020"": 0.044, ""2021"": 0.2454, ""2022"": -0.0946, ""2023"": -0.0273, ""2024"": 0.1832, ""2025"": 0.0101, ""2026"": -0.0149}",0.19199647939806458,0.4200743494423792
dist_hh60,True,15,0.05,1.0,1076,0.06771643895676083,-0.25794048166828376,0.2625273804204391,-0.2563708612789948,0.06374695667902763,-0.21444488683801777,0.29726498784360983,0.10985483563113263,-0.25794048166828376,0.42589218613776175,0.03877435639512972,-0.1672575340142729,0.23182427400741729,-0.15068865571821322,6,"{""2011"": 0.0, ""2012"": 0.0966, ""2013"": 0.4153, ""2014"": -0.0146, ""2015"": -0.0003, ""2016"": 0.0223, ""2017"": 0.1605, ""2018"": -0.1507, ""2019"": 0.2864, ""2020"": 0.044, ""2021"": 0.2454, ""2022"": -0.0946, ""2023"": -0.0273, ""2024"": 0.1832, ""2025"": 0.0101, ""2026"": -0.0149}",0.19199647939806458,0.4200743494423792
dist_hh60,True,20,0.005,1.0,1458,0.08929111339227735,-0.25289905236243837,0.35307017783645617,-0.25551149953533225,0.11501411241747395,-0.19655328299844377,0.5851548784274674,0.06630179969404071,-0.25289905236243837,0.2621670546990477,0.07747938881273342,-0.20557897640610168,0.3768838145184665,-0.11110908169104194,2,"{""2011"": 0.0, ""2012"": 0.1046, ""2013"": 0.5065, ""2014"": 0.0308, ""2015"": 0.0038, ""2016"": 0.0617, ""2017"": 0.2283, ""2018"": -0.0464, ""2019"": 0.2046, ""2020"": 0.0001, ""2021"": 0.2056, ""2022"": -0.1111, ""2023"": 0.0171, ""2024"": 0.2513, ""2025"": 0.009, ""2026"": 0.0161}",0.24833949614465758,0.4375857338820302
dist_hh60,True,20,0.01,1.0,1434,0.07966719029901204,-0.26339194372396213,0.30246631378560385,-0.2621674721288496,0.09611470074751916,-0.201368944804456,0.4773064726582025,0.08057899404743374,-0.25169432950974013,0.32014624328004765,0.05752420656110968,-0.200355251612357,0.2871110494892655,-0.13497638533948986,3,"{""2011"": 0.0, ""2012"": 0.1198, ""2013"": 0.5397, ""2014"": 0.0065, ""2015"": 0.014, ""2016"": 0.0119, ""2017"": 0.2335, ""2018"": -0.135, ""2019"": 0.161, ""2020"": 0.0376, ""2021"": 0.2275, ""2022"": -0.0794, ""2023"": -0.0607, ""2024"": 0.2747, ""2025"": 0.0043, ""2026"": 0.0151}",0.22389230485307351,0.4295676429567643
dist_hh60,True,20,0.02,1.0,1434,0.07966719029901204,-0.26339194372396213,0.30246631378560385,-0.2621674721288496,0.09611470074751916,-0.201368944804456,0.4773064726582025,0.08057899404743374,-0.25169432950974013,0.32014624328004765,0.05752420656110968,-0.200355251612357,0.2871110494892655,-0.13497638533948986,3,"{""2011"": 0.0, ""2012"": 0.1198, ""2013"": 0.5397, ""2014"": 0.0065, ""2015"": 0.014, ""2016"": 0.0119, ""2017"": 0.2335, ""2018"": -0.135, ""2019"": 0.161, ""2020"": 0.0376, ""2021"": 0.2275, ""2022"": -0.0794, ""2023"": -0.0607, ""2024"": 0.2747, ""2025"": 0.0043, ""2026"": 0.0151}",0.22389230485307351,0.4295676429567643
dist_hh60,True,20,0.05,1.0,1434,0.07966719029901204,-0.26339194372396213,0.30246631378560385,-0.2621674721288496,0.09611470074751916,-0.201368944804456,0.4773064726582025,0.08057899404743374,-0.25169432950974013,0.32014624328004765,0.05752420656110968,-0.200355251612357,0.2871110494892655,-0.13497638533948986,3,"{""2011"": 0.0, ""2012"": 0.1198, ""2013"": 0.5397, ""2014"": 0.0065, ""2015"": 0.014, ""2016"": 0.0119, ""2017"": 0.2335, ""2018"": -0.135, ""2019"": 0.161, ""2020"": 0.0376, ""2021"": 0.2275, ""2022"": -0.0794, ""2023"": -0.0607, ""2024"": 0.2747, ""2025"": 0.0043, ""2026"": 0.0151}",0.22389230485307351,0.4295676429567643
dist_hh60,True,30,0.005,1.0,2185,0.08035457646182453,-0.25505699437804963,0.31504557111937764,-0.25122010992467014,0.10208434298512792,-0.19441078741545426,0.5250960831045579,0.05145524115019384,-0.228599248766009,0.22508928366104433,0.08238511937504711,-0.19306477655291054,0.4267226826456818,-0.17059138762234216,3,"{""2011"": 0.0, ""2012"": 0.0979, ""2013"": 0.4583, ""2014"": 0.0471, ""2015"": -0.0207, ""2016"": 0.0383, ""2017"": 0.2538, ""2018"": -0.0767, ""2019"": 0.1419, ""2020"": 0.0144, ""2021"": 0.2678, ""2022"": -0.1706, ""2023"": 0.0181, ""2024"": 0.2345, ""2025"": 0.0496, ""2026"": 0.0053}",0.2281628038171507,0.43066361556064076
dist_hh60,True,30,0.01,1.0,2185,0.08034705006511689,-0.2551348257102781,0.3149199637542077,-0.2512983421329742,0.10208434298512792,-0.19441078741545426,0.5250960831045579,0.05142771966208648,-0.228599248766009,0.22496889180387103,0.08238511937504711,-0.19306477655291132,0.4267226826456801,-0.1706780438856751,3,"{""2011"": 0.0, ""2012"": 0.0979, ""2013"": 0.4583, ""2014"": 0.0471, ""2015"": -0.0207, ""2016"": 0.0383, ""2017"": 0.2538, ""2018"": -0.0767, ""2019"": 0.1419, ""2020"": 0.0144, ""2021"": 0.2678, ""2022"": -0.1707, ""2023"": 0.0181, ""2024"": 0.2345, ""2025"": 0.0496, ""2026"": 0.0053}",0.2281628038171507,0.43066361556064076
dist_hh60,True,30,0.02,1.0,2185,0.08034705006511689,-0.2551348257102781,0.3149199637542077,-0.2512983421329742,0.10208434298512792,-0.19441078741545426,0.5250960831045579,0.05142771966208648,-0.228599248766009,0.22496889180387103,0.08238511937504711,-0.19306477655291132,0.4267226826456801,-0.1706780438856751,3,"{""2011"": 0.0, ""2012"": 0.0979, ""2013"": 0.4583, ""2014"": 0.0471, ""2015"": -0.0207, ""2016"": 0.0383, ""2017"": 0.2538, ""2018"": -0.0767, ""2019"": 0.1419, ""2020"": 0.0144, ""2021"": 0.2678, ""2022"": -0.1707, ""2023"": 0.0181, ""2024"": 0.2345, ""2025"": 0.0496, ""2026"": 0.0053}",0.2281628038171507,0.43066361556064076
dist_hh60,True,30,0.05,1.0,2185,0.08034705006511689,-0.2551348257102781,0.3149199637542077,-0.2512983421329742,0.10208434298512792,-0.19441078741545426,0.5250960831045579,0.05142771966208648,-0.228599248766009,0.22496889180387103,0.08238511937504711,-0.19306477655291132,0.4267226826456801,-0.1706780438856751,3,"{""2011"": 0.0, ""2012"": 0.0979, ""2013"": 0.4583, ""2014"": 0.0471, ""2015"": -0.0207, ""2016"": 0.0383, ""2017"": 0.2538, ""2018"": -0.0767, ""2019"": 0.1419, ""2020"": 0.0144, ""2021"": 0.2678, ""2022"": -0.1707, ""2023"": 0.0181, ""2024"": 0.2345, ""2025"": 0.0496, ""2026"": 0.0053}",0.2281628038171507,0.43066361556064076
dist_ema20,False,5,0.005,1.0,422,0.016724905519717392,-0.15743136672083857,0.10623617051724155,-0.15803527887001667,0.018560721014077908,-0.11154033944777708,0.1664036626208045,-0.0011493981380433782,-0.08825700326355324,-0.013023308015694157,0.035618573282437005,-0.06883015633708023,0.5174849975351362,-0.09223698378314305,5,"{""2011"": 0.0, ""2012"": 0.0206, ""2013"": 0.121, ""2014"": -0.0447, ""2015"": 0.0352, ""2016"": 0.0132, ""2017"": 0.0929, ""2018"": -0.0922, ""2019"": 0.0466, ""2020"": -0.0023, ""2021"": 0.0381, ""2022"": -0.0817, ""2023"": 0.0014, ""2024"": 0.1393, ""2025"": 0.0125, ""2026"": -0.0193}",0.13132342452302564,0.4052132701421801
dist_ema20,False,5,0.01,1.0,422,0.030746294692910237,-0.29675836596169947,0.10360717074738997,-0.29833706149808337,0.03555574864857958,-0.20659078435626899,0.17210713807670694,-0.005357830674860287,-0.1680008224167564,-0.03189169313450871,0.06704532277449893,-0.13211734436080624,0.5074679868784019,-0.17056199422722573,6,"{""2011"": 0.0, ""2012"": 0.044, ""2013"": 0.2487, ""2014"": -0.0832, ""2015"": 0.0663, ""2016"": 0.0373, ""2017"": 0.1644, ""2018"": -0.1706, ""2019"": 0.0952, ""2020"": -0.0054, ""2021"": 0.0698, ""2022"": -0.16, ""2023"": -0.0051, ""2024"": 0.295, ""2025"": 0.0159, ""2026"": -0.0372}",0.13132342452302564,0.4052132701421801
dist_ema20,False,5,0.02,1.0,418,0.03867036812571656,-0.36355649840056625,0.10636687363819193,-0.3697551067413476,0.046642434726502424,-0.27397915692031183,0.17024081412174213,0.032829703587198944,-0.24528198367541176,0.13384474104157348,0.03462283340132388,-0.24914164717643072,0.13896846951808733,-0.2272364191291406,7,"{""2011"": 0.0, ""2012"": 0.0839, ""2013"": 0.4949, ""2014"": -0.0556, ""2015"": -0.0436, ""2016"": 0.0252, ""2017"": 0.1862, ""2018"": -0.2272, ""2019"": 0.1165, ""2020"": -0.0048, ""2021"": 0.0972, ""2022"": -0.0669, ""2023"": -0.0762, ""2024"": 0.3092, ""2025"": -0.0726, ""2026"": 0.0066}",0.1452097144585665,0.4090909090909091
dist_ema20,False,5,0.05,1.0,427,0.05491403572022202,-0.3719321267507111,0.14764531421354832,-0.37303476774502864,0.06146867323369154,-0.25559601672074894,0.240491514783069,0.08713081191747363,-0.23463821003956686,0.37134110383292146,0.016024686008797584,-0.2753454351467458,0.05819848075657111,-0.18314823589197526,6,"{""2011"": 0.0, ""2012"": 0.0656, ""2013"": 0.4821, ""2014"": -0.0275, ""2015"": -0.0256, ""2016"": 0.0055, ""2017"": 0.2345, ""2018"": -0.1831, ""2019"": 0.135, ""2020"": 0.1258, ""2021"": 0.249, ""2022"": -0.1302, ""2023"": -0.1429, ""2024"": 0.1852, ""2025"": 0.0501, ""2026"": -0.0079}",0.1942810767924704,0.4262295081967213
dist_ema20,False,10,0.005,1.0,839,0.02858568970581965,-0.23225585489506217,0.12307844604707698,-0.23332004275993212,0.03512263339253541,-0.20267373615747708,0.1732964224098834,0.010567091952223828,-0.1666315009570245,0.06341593211087476,0.04056710089401294,-0.15014479437583161,0.2701865293609068,-0.17392390917545963,5,"{""2011"": 0.0, ""2012"": 0.0581, ""2013"": 0.1874, ""2014"": -0.01, ""2015"": 0.0232, ""2016"": 0.0625, ""2017"": 0.1396, ""2018"": -0.1739, ""2019"": 0.1191, ""2020"": -0.0208, ""2021"": 0.0585, ""2022"": -0.1031, ""2023"": 0.0089, ""2024"": 0.1987, ""2025"": -0.0717, ""2026"": 0.0264}",0.11508819089257542,0.39809296781883197
dist_ema20,False,10,0.01,1.0,832,0.04166754236958359,-0.27579853680734834,0.15107963534516258,-0.27768043349998073,0.05211941033434253,-0.24682031866630694,0.21116337024427184,0.033561902720664394,-0.23895987042721578,0.14044995362887483,0.036624592139822054,-0.19336079876253376,0.1894106373898501,-0.16804963684888763,5,"{""2011"": 0.0, ""2012"": 0.0859, ""2013"": 0.2798, ""2014"": -0.0388, ""2015"": 0.0852, ""2016"": 0.0317, ""2017"": 0.1464, ""2018"": -0.168, ""2019"": 0.1929, ""2020"": 0.0132, ""2021"": 0.1124, ""2022"": -0.154, ""2023"": -0.0231, ""2024"": 0.0824, ""2025"": -0.0199, ""2026"": 0.0969}",0.1294917365616316,0.4026442307692308
dist_ema20,False,10,0.02,1.0,796,0.02548039833556648,-0.3062540149833768,0.08320020992034842,-0.3112261589932963,0.03072865978208217,-0.26318907484415965,0.11675507351616825,0.025588493306215154,-0.2319073112255493,0.11033931259428124,0.019194697604286715,-0.17777734633226505,0.10797043605551357,-0.18479942503165303,7,"{""2011"": 0.0, ""2012"": 0.0958, ""2013"": 0.3424, ""2014"": -0.1006, ""2015"": -0.0082, ""2016"": -0.0063, ""2017"": 0.1626, ""2018"": -0.1848, ""2019"": 0.1377, ""2020"": 0.0788, ""2021"": 0.0236, ""2022"": -0.1221, ""2023"": 0.009, ""2024"": 0.1341, ""2025"": -0.048, ""2026"": -0.0177}",0.09753689563346477,0.39195979899497485
dist_ema20,False,10,0.05,1.0,796,0.02548039833556648,-0.3062540149833768,0.08320020992034842,-0.3112261589932963,0.03072865978208217,-0.26318907484415965,0.11675507351616825,0.025588493306215154,-0.2319073112255493,0.11033931259428124,0.019194697604286715,-0.17777734633226505,0.10797043605551357,-0.18479942503165303,7,"{""2011"": 0.0, ""2012"": 0.0958, ""2013"": 0.3424, ""2014"": -0.1006, ""2015"": -0.0082, ""2016"": -0.0063, ""2017"": 0.1626, ""2018"": -0.1848, ""2019"": 0.1377, ""2020"": 0.0788, ""2021"": 0.0236, ""2022"": -0.1221, ""2023"": 0.009, ""2024"": 0.1341, ""2025"": -0.048, ""2026"": -0.0177}",0.09753689563346477,0.39195979899497485
dist_ema20,False,15,0.005,1.0,1203,0.054986193670009564,-0.22883353455569455,0.24028905455999403,-0.22961035526031326,0.07124533772658492,-0.19976252637836112,0.3566501636630404,0.024601675343098206,-0.21256597534378663,0.11573665683470505,0.06560593757598343,-0.1587477330993753,0.41327164990075443,-0.13207484487543297,5,"{""2011"": 0.0, ""2012"": 0.1121, ""2013"": 0.3052, ""2014"": -0.0205, ""2015"": 0.0187, ""2016"": 0.0898, ""2017"": 0.1812, ""2018"": -0.1321, ""2019"": 0.1834, ""2020"": -0.0424, ""2021"": 0.086, ""2022"": -0.1064, ""2023"": 0.0428, ""2024"": 0.273, ""2025"": -0.0719, ""2026"": 0.0179}",0.18061648355731874,0.41895261845386533
dist_ema20,False,15,0.01,1.0,1165,0.04151175730323864,-0.3145694655029554,0.13196372138938142,-0.3172343561879548,0.03882090416719852,-0.23179589747619822,0.16747882335227618,0.02605551734627065,-0.2269872531257624,0.11478846053013637,0.07054421583481885,-0.20369706019114875,0.3463192633640385,-0.17409314682767496,6,"{""2011"": 0.0, ""2012"": 0.1104, ""2013"": 0.2684, ""2014"": -0.0712, ""2015"": -0.0238, ""2016"": 0.0798, ""2017"": 0.1452, ""2018"": -0.1736, ""2019"": 0.2138, ""2020"": 0.0303, ""2021"": 0.0707, ""2022"": -0.1741, ""2023"": -0.0003, ""2024"": 0.2199, ""2025"": -0.0186, ""2026"": 0.0653}",0.14658355232836634,0.4094420600858369
dist_ema20,False,15,0.02,1.0,1165,0.04151175730323864,-0.3145694655029554,0.13196372138938142,-0.3172343561879548,0.03882090416719852,-0.23179589747619822,0.16747882335227618,0.02605551734627065,-0.2269872531257624,0.11478846053013637,0.07054421583481885,-0.20369706019114875,0.3463192633640385,-0.17409314682767496,6,"{""2011"": 0.0, ""2012"": 0.1104, ""2013"": 0.2684, ""2014"": -0.0712, ""2015"": -0.0238, ""2016"": 0.0798, ""2017"": 0.1452, ""2018"": -0.1736, ""2019"": 0.2138, ""2020"": 0.0303, ""2021"": 0.0707, ""2022"": -0.1741, ""2023"": -0.0003, ""2024"": 0.2199, ""2025"": -0.0186, ""2026"": 0.0653}",0.14658355232836634,0.4094420600858369
dist_ema20,False,15,0.05,1.0,1165,0.04151175730323864,-0.3145694655029554,0.13196372138938142,-0.3172343561879548,0.03882090416719852,-0.23179589747619822,0.16747882335227618,0.02605551734627065,-0.2269872531257624,0.11478846053013637,0.07054421583481885,-0.20369706019114875,0.3463192633640385,-0.17409314682767496,6,"{""2011"": 0.0, ""2012"": 0.1104, ""2013"": 0.2684, ""2014"": -0.0712, ""2015"": -0.0238, ""2016"": 0.0798, ""2017"": 0.1452, ""2018"": -0.1736, ""2019"": 0.2138, ""2020"": 0.0303, ""2021"": 0.0707, ""2022"": -0.1741, ""2023"": -0.0003, ""2024"": 0.2199, ""2025"": -0.0186, ""2026"": 0.0653}",0.14658355232836634,0.4094420600858369
dist_ema20,False,20,0.005,1.0,1590,0.03998669370408248,-0.27979390945886995,0.14291481105295673,-0.2796196985433489,0.04731639183866676,-0.2251155344297131,0.21018714660689114,0.015119100971331845,-0.228923663796608,0.06604429057524051,0.05983094949224044,-0.16140677701626416,0.37068424633874925,-0.16157128013676125,5,"{""2011"": 0.0, ""2012"": 0.0815, ""2013"": 0.2741, ""2014"": 0.0193, ""2015"": -0.0248, ""2016"": 0.0444, ""2017"": 0.1521, ""2018"": -0.1616, ""2019"": 0.2028, ""2020"": -0.0342, ""2021"": 0.0759, ""2022"": -0.1524, ""2023"": -0.0067, ""2024"": 0.1867, ""2025"": 0.0017, ""2026"": 0.0418}",0.1354523361878986,0.4037735849056604
dist_ema20,False,20,0.01,1.0,1589,0.0454263149408376,-0.25360676264736015,0.1791210710102507,-0.2574731790180359,0.055066865404043375,-0.2165421153609709,0.2543009488581384,0.03812533176414257,-0.22392981950766355,0.17025571604516834,0.04177752667265344,-0.2007805917901142,0.2080755231378416,-0.14744899586477767,6,"{""2011"": 0.0, ""2012"": 0.08, ""2013"": 0.2971, ""2014"": -0.0183, ""2015"": -0.0097, ""2016"": 0.039, ""2017"": 0.2001, ""2018"": -0.1433, ""2019"": 0.1625, ""2020"": 0.0241, ""2021"": 0.1396, ""2022"": -0.1474, ""2023"": 0.0083, ""2024"": 0.2144, ""2025"": -0.0489, ""2026"": -0.0065}",0.14803066237051526,0.407803650094399
dist_ema20,False,20,0.02,1.0,1589,0.0454263149408376,-0.25360676264736015,0.1791210710102507,-0.2574731790180359,0.055066865404043375,-0.2165421153609709,0.2543009488581384,0.03812533176414257,-0.22392981950766355,0.17025571604516834,0.04177752667265344,-0.2007805917901142,0.2080755231378416,-0.14744899586477767,6,"{""2011"": 0.0, ""2012"": 0.08, ""2013"": 0.2971, ""2014"": -0.0183, ""2015"": -0.0097, ""2016"": 0.039, ""2017"": 0.2001, ""2018"": -0.1433, ""2019"": 0.1625, ""2020"": 0.0241, ""2021"": 0.1396, ""2022"": -0.1474, ""2023"": 0.0083, ""2024"": 0.2144, ""2025"": -0.0489, ""2026"": -0.0065}",0.14803066237051526,0.407803650094399
dist_ema20,False,20,0.05,1.0,1589,0.0454263149408376,-0.25360676264736015,0.1791210710102507,-0.2574731790180359,0.055066865404043375,-0.2165421153609709,0.2543009488581384,0.03812533176414257,-0.22392981950766355,0.17025571604516834,0.04177752667265344,-0.2007805917901142,0.2080755231378416,-0.14744899586477767,6,"{""2011"": 0.0, ""2012"": 0.08, ""2013"": 0.2971, ""2014"": -0.0183, ""2015"": -0.0097, ""2016"": 0.039, ""2017"": 0.2001, ""2018"": -0.1433, ""2019"": 0.1625, ""2020"": 0.0241, ""2021"": 0.1396, ""2022"": -0.1474, ""2023"": 0.0083, ""2024"": 0.2144, ""2025"": -0.0489, ""2026"": -0.0065}",0.14803066237051526,0.407803650094399
dist_ema20,False,30,0.005,1.0,2317,0.04492631745816511,-0.29328134111278625,0.15318505189489004,-0.2941316217126432,0.056317194288895145,-0.18797826044146915,0.29959418794829545,0.015717868656784928,-0.22164939507697012,0.07091320349115651,0.06237720643749611,-0.18583860403768682,0.33565257746364924,-0.18272433169679947,6,"{""2011"": 0.0, ""2012"": 0.079, ""2013"": 0.3884, ""2014"": -0.0215, ""2015"": -0.0374, ""2016"": 0.0273, ""2017"": 0.1763, ""2018"": -0.1397, ""2019"": 0.1664, ""2020"": 0.0047, ""2021"": 0.1089, ""2022"": -0.1827, ""2023"": -0.0012, ""2024"": 0.1971, ""2025"": -0.0025, ""2026"": 0.0403}",0.145312001021216,0.40699179974104444
dist_ema20,False,30,0.01,1.0,2317,0.0449151660453635,-0.2933581779800486,0.15310691644811822,-0.29420836575106346,0.056317194288895145,-0.18797826044146915,0.29959418794829545,0.015687134140155434,-0.22164939507697012,0.0707745407322583,0.062365503091942553,-0.185870556254767,0.3355319118239475,-0.18281320065380469,6,"{""2011"": 0.0, ""2012"": 0.079, ""2013"": 0.3884, ""2014"": -0.0215, ""2015"": -0.0374, ""2016"": 0.0273, ""2017"": 0.1763, ""2018"": -0.1397, ""2019"": 0.1664, ""2020"": 0.0047, ""2021"": 0.1089, ""2022"": -0.1828, ""2023"": -0.0012, ""2024"": 0.1971, ""2025"": -0.0026, ""2026"": 0.0403}",0.145312001021216,0.40699179974104444
dist_ema20,False,30,0.02,1.0,2317,0.0449151660453635,-0.2933581779800486,0.15310691644811822,-0.29420836575106346,0.056317194288895145,-0.18797826044146915,0.29959418794829545,0.015687134140155434,-0.22164939507697012,0.0707745407322583,0.062365503091942553,-0.185870556254767,0.3355319118239475,-0.18281320065380469,6,"{""2011"": 0.0, ""2012"": 0.079, ""2013"": 0.3884, ""2014"": -0.0215, ""2015"": -0.0374, ""2016"": 0.0273, ""2017"": 0.1763, ""2018"": -0.1397, ""2019"": 0.1664, ""2020"": 0.0047, ""2021"": 0.1089, ""2022"": -0.1828, ""2023"": -0.0012, ""2024"": 0.1971, ""2025"": -0.0026, ""2026"": 0.0403}",0.145312001021216,0.40699179974104444
dist_ema20,False,30,0.05,1.0,2317,0.0449151660453635,-0.2933581779800486,0.15310691644811822,-0.29420836575106346,0.056317194288895145,-0.18797826044146915,0.29959418794829545,0.015687134140155434,-0.22164939507697012,0.0707745407322583,0.062365503091942553,-0.185870556254767,0.3355319118239475,-0.18281320065380469,6,"{""2011"": 0.0, ""2012"": 0.079, ""2013"": 0.3884, ""2014"": -0.0215, ""2015"": -0.0374, ""2016"": 0.0273, ""2017"": 0.1763, ""2018"": -0.1397, ""2019"": 0.1664, ""2020"": 0.0047, ""2021"": 0.1089, ""2022"": -0.1828, ""2023"": -0.0012, ""2024"": 0.1971, ""2025"": -0.0026, ""2026"": 0.0403}",0.145312001021216,0.40699179974104444
dist_ema20,True,5,0.005,1.0,343,0.017739330066451897,-0.1289921598175352,0.1375225447154689,-0.13021996989620555,0.02186038908145993,-0.08311242647595085,0.2630219090978577,0.017490723676216957,-0.09777580482054493,0.17888601079090025,0.012487266115788875,-0.1289921598175352,0.09680639608990682,-0.056669472823626554,6,"{""2011"": 0.0, ""2012"": 0.0155, ""2013"": 0.1053, ""2014"": 0.032, ""2015"": -0.045, ""2016"": 0.0296, ""2017"": 0.0512, ""2018"": -0.0285, ""2019"": 0.0755, ""2020"": -0.0167, ""2021"": 0.0543, ""2022"": -0.0397, ""2023"": 0.0839, ""2024"": -0.0085, ""2025"": -0.0567, ""2026"": 0.031}",0.16614975133397536,0.4139941690962099
dist_ema20,True,5,0.01,1.0,343,0.032805621392313355,-0.2462522938457965,0.13321955657743548,-0.24858622747065273,0.040215899838532465,-0.1621092978146057,0.2480789219414477,0.03391565892017567,-0.1826192186695057,0.18571790618354567,0.02188584823773354,-0.2462522938457965,0.08887571317990843,-0.11335648005417143,6,"{""2011"": 0.0, ""2012"": 0.0311, ""2013"": 0.2131, ""2014"": 0.0525, ""2015"": -0.0897, ""2016"": 0.058, ""2017"": 0.1022, ""2018"": -0.0573, ""2019"": 0.1524, ""2020"": -0.0337, ""2021"": 0.1099, ""2022"": -0.0774, ""2023"": 0.1708, ""2024"": -0.0197, ""2025"": -0.1134, ""2026"": 0.0615}",0.16614975133397536,0.4139941690962099
dist_ema20,True,5,0.02,1.0,337,0.06014672498175622,-0.3069115457997499,0.19597413588669635,-0.30715720523891654,0.07401424291887904,-0.3069115457997499,0.2411582227250942,0.03768774016407628,-0.2322295422200008,0.16228658853563557,0.06722350492226892,-0.1978342977392944,0.33979702048861066,-0.15475750659967824,5,"{""2011"": 0.0, ""2012"": 0.073, ""2013"": 0.4173, ""2014"": 0.1226, ""2015"": -0.1548, ""2016"": 0.0396, ""2017"": 0.127, ""2018"": -0.0255, ""2019"": 0.1767, ""2020"": -0.0121, ""2021"": 0.1531, ""2022"": -0.1378, ""2023"": 0.2167, ""2024"": 0.0857, ""2025"": -0.0923, ""2026"": 0.0517}",0.21547026023694077,0.42729970326409494
dist_ema20,True,5,0.05,1.0,328,0.0220162421073673,-0.2819805661585493,0.07807716115793677,-0.2876153749712963,0.038404488395108904,-0.23438604451407263,0.16385142927228794,0.007464864081224043,-0.24763997418916683,0.030144018976200483,0.010809108838865988,-0.2819805661585493,0.03833281486777478,-0.17296313425101595,4,"{""2011"": 0.0, ""2012"": 0.0665, ""2013"": 0.24, ""2014"": 0.0315, ""2015"": -0.0916, ""2016"": 0.0632, ""2017"": 0.1123, ""2018"": -0.112, ""2019"": 0.1608, ""2020"": 0.0015, ""2021"": 0.0661, ""2022"": -0.173, ""2023"": 0.1615, ""2024"": 0.0165, ""2025"": -0.1414, ""2026"": 0.0251}",0.08770572029675622,0.3902439024390244
dist_ema20,True,10,0.005,1.0,700,0.04446890199788167,-0.18655553308601047,0.23836817521450576,-0.19202818891600681,0.05930980444767364,-0.1516174044057097,0.39118071358725964,0.021568213080523257,-0.16448440141970044,0.1311261912641159,0.04761055913349965,-0.15599949219634313,0.3051968853435519,-0.13333899908082458,5,"{""2011"": 0.0, ""2012"": 0.0318, ""2013"": 0.2545, ""2014"": 0.0947, ""2015"": -0.0549, ""2016"": 0.0639, ""2017"": 0.1096, ""2018"": -0.0536, ""2019"": 0.1472, ""2020"": -0.039, ""2021"": 0.1381, ""2022"": -0.1333, ""2023"": 0.1008, ""2024"": 0.125, ""2025"": -0.0494, ""2026"": 0.0026}",0.20799066872852692,0.42428571428571427
dist_ema20,True,10,0.01,1.0,687,0.07873888874768253,-0.26591405719050554,0.29610652998037107,-0.2724301768698848,0.07217261122793772,-0.24950347118844762,0.28926495845593436,0.0514121501033884,-0.21472661353293743,0.23943073127962392,0.1348229601955242,-0.1292017538949145,1.0435071980925403,-0.19090002121145988,4,"{""2011"": 0.0, ""2012"": 0.0723, ""2013"": 0.4113, ""2014"": 0.1046, ""2015"": -0.1101, ""2016"": 0.0799, ""2017"": 0.1714, ""2018"": -0.135, ""2019"": 0.244, ""2020"": -0.0333, ""2021"": 0.2536, ""2022"": -0.1909, ""2023"": 0.0698, ""2024"": 0.28, ""2025"": 0.0957, ""2026"": 0.0462}",0.24215691972851552,0.4366812227074236
dist_ema20,True,10,0.02,1.0,666,0.057838976157510213,-0.258046750753154,0.224141462695024,-0.2642647735025333,0.06337977715927967,-0.23700502610277985,0.26741954886557695,0.03386464698989666,-0.2059745170953271,0.16441182854781866,0.08250247302499858,-0.16909618290143702,0.48790263392928107,-0.17742362755279617,5,"{""2011"": 0.0, ""2012"": 0.0798, ""2013"": 0.4186, ""2014"": 0.0862, ""2015"": -0.076, ""2016"": -0.018, ""2017"": 0.1702, ""2018"": -0.1302, ""2019"": 0.1506, ""2020"": 0.0072, ""2021"": 0.1959, ""2022"": -0.1774, ""2023"": 0.0857, ""2024"": 0.2199, ""2025"": -0.0595, ""2026"": 0.065}",0.18959846023026805,0.42042042042042044
dist_ema20,True,10,0.05,1.0,666,0.057838976157510213,-0.258046750753154,0.224141462695024,-0.2642647735025333,0.06337977715927967,-0.23700502610277985,0.26741954886557695,0.03386464698989666,-0.2059745170953271,0.16441182854781866,0.08250247302499858,-0.16909618290143702,0.48790263392928107,-0.17742362755279617,5,"{""2011"": 0.0, ""2012"": 0.0798, ""2013"": 0.4186, ""2014"": 0.0862, ""2015"": -0.076, ""2016"": -0.018, ""2017"": 0.1702, ""2018"": -0.1302, ""2019"": 0.1506, ""2020"": 0.0072, ""2021"": 0.1959, ""2022"": -0.1774, ""2023"": 0.0857, ""2024"": 0.2199, ""2025"": -0.0595, ""2026"": 0.065}",0.18959846023026805,0.42042042042042044
dist_ema20,True,15,0.005,1.0,1070,0.07084808167793621,-0.25272792126616395,0.2803334167550152,-0.2639918792830013,0.08912275374487266,-0.1756196874635405,0.507475870342697,0.05053864398861263,-0.202312048381036,0.24980540898596298,0.0680593383619279,-0.19136943299170617,0.3556437268896415,-0.18062952249069186,5,"{""2011"": 0.0, ""2012"": 0.0866, ""2013"": 0.405, ""2014"": 0.1062, ""2015"": -0.0394, ""2016"": 0.0845, ""2017"": 0.1724, ""2018"": -0.1192, ""2019"": 0.213, ""2020"": -0.0162, ""2021"": 0.2429, ""2022"": -0.1806, ""2023"": 0.0229, ""2024"": 0.2445, ""2025"": -0.0366, ""2026"": 0.0311}",0.2403378978551629,0.43457943925233644
dist_ema20,True,15,0.01,1.0,1038,0.08106899591387728,-0.2770464804319802,0.29261875403532206,-0.28091952028141365,0.09340942190115098,-0.20913373109984168,0.4466492392686131,0.05698099995332084,-0.2194131399576691,0.2596972996435586,0.09559113174842904,-0.21197058385775736,0.4509641385550712,-0.19236968748871774,4,"{""2011"": 0.0, ""2012"": 0.0878, ""2013"": 0.3876, ""2014"": 0.0933, ""2015"": -0.0466, ""2016"": 0.0337, ""2017"": 0.2081, ""2018"": -0.0497, ""2019"": 0.2271, ""2020"": 0.0066, ""2021"": 0.2482, ""2022"": -0.1924, ""2023"": 0.0415, ""2024"": 0.2651, ""2025"": -0.039, ""2026"": 0.0934}",0.253022447508773,0.44026974951830444
dist_ema20,True,15,0.02,1.0,1038,0.08106899591387728,-0.2770464804319802,0.29261875403532206,-0.28091952028141365,0.09340942190115098,-0.20913373109984168,0.4466492392686131,0.05698099995332084,-0.2194131399576691,0.2596972996435586,0.09559113174842904,-0.21197058385775736,0.4509641385550712,-0.19236968748871774,4,"{""2011"": 0.0, ""2012"": 0.0878, ""2013"": 0.3876, ""2014"": 0.0933, ""2015"": -0.0466, ""2016"": 0.0337, ""2017"": 0.2081, ""2018"": -0.0497, ""2019"": 0.2271, ""2020"": 0.0066, ""2021"": 0.2482, ""2022"": -0.1924, ""2023"": 0.0415, ""2024"": 0.2651, ""2025"": -0.039, ""2026"": 0.0934}",0.253022447508773,0.44026974951830444
dist_ema20,True,15,0.05,1.0,1038,0.08106899591387728,-0.2770464804319802,0.29261875403532206,-0.28091952028141365,0.09340942190115098,-0.20913373109984168,0.4466492392686131,0.05698099995332084,-0.2194131399576691,0.2596972996435586,0.09559113174842904,-0.21197058385775736,0.4509641385550712,-0.19236968748871774,4,"{""2011"": 0.0, ""2012"": 0.0878, ""2013"": 0.3876, ""2014"": 0.0933, ""2015"": -0.0466, ""2016"": 0.0337, ""2017"": 0.2081, ""2018"": -0.0497, ""2019"": 0.2271, ""2020"": 0.0066, ""2021"": 0.2482, ""2022"": -0.1924, ""2023"": 0.0415, ""2024"": 0.2651, ""2025"": -0.039, ""2026"": 0.0934}",0.253022447508773,0.44026974951830444
dist_ema20,True,20,0.005,1.0,1457,0.0724901848046342,-0.30454816826254094,0.23802535151727724,-0.3052477215279005,0.08697708678416305,-0.2084368280431832,0.4172827211040817,0.035704604712327725,-0.22243525949410137,0.16051683889295687,0.09635735267290269,-0.19133142165397166,0.5036148889708649,-0.1997606921635856,5,"{""2011"": 0.0, ""2012"": 0.1089, ""2013"": 0.4137, ""2014"": 0.0716, ""2015"": -0.0458, ""2016"": 0.0509, ""2017"": 0.2076, ""2018"": -0.1192, ""2019"": 0.213, ""2020"": -0.0134, ""2021"": 0.1993, ""2022"": -0.1998, ""2023"": -0.003, ""2024"": 0.2211, ""2025"": 0.0531, ""2026"": 0.0827}",0.2209814576127338,0.4282772820864791
dist_ema20,True,20,0.01,1.0,1417,0.07862630714365126,-0.28790941425282746,0.2730939081922678,-0.2868235198088479,0.09723850707107107,-0.20260454238111902,0.47994238395778854,0.05828541419042654,-0.20609527741997058,0.2828081017676861,0.07663328338291442,-0.20210010800816902,0.37918477203296125,-0.1884466547005964,4,"{""2011"": 0.0, ""2012"": 0.104, ""2013"": 0.449, ""2014"": 0.0602, ""2015"": -0.0245, ""2016"": 0.0446, ""2017"": 0.2578, ""2018"": -0.1198, ""2019"": 0.198, ""2020"": 0.0472, ""2021"": 0.2277, ""2022"": -0.1884, ""2023"": -0.0151, ""2024"": 0.2012, ""2025"": 0.0026, ""2026"": 0.0969}",0.23748645950844446,0.4361326746647848
dist_ema20,True,20,0.02,1.0,1417,0.07862630714365126,-0.28790941425282746,0.2730939081922678,-0.2868235198088479,0.09723850707107107,-0.20260454238111902,0.47994238395778854,0.05828541419042654,-0.20609527741997058,0.2828081017676861,0.07663328338291442,-0.20210010800816902,0.37918477203296125,-0.1884466547005964,4,"{""2011"": 0.0, ""2012"": 0.104, ""2013"": 0.449, ""2014"": 0.0602, ""2015"": -0.0245, ""2016"": 0.0446, ""2017"": 0.2578, ""2018"": -0.1198, ""2019"": 0.198, ""2020"": 0.0472, ""2021"": 0.2277, ""2022"": -0.1884, ""2023"": -0.0151, ""2024"": 0.2012, ""2025"": 0.0026, ""2026"": 0.0969}",0.23748645950844446,0.4361326746647848
dist_ema20,True,20,0.05,1.0,1417,0.07862630714365126,-0.28790941425282746,0.2730939081922678,-0.2868235198088479,0.09723850707107107,-0.20260454238111902,0.47994238395778854,0.05828541419042654,-0.20609527741997058,0.2828081017676861,0.07663328338291442,-0.20210010800816902,0.37918477203296125,-0.1884466547005964,4,"{""2011"": 0.0, ""2012"": 0.104, ""2013"": 0.449, ""2014"": 0.0602, ""2015"": -0.0245, ""2016"": 0.0446, ""2017"": 0.2578, ""2018"": -0.1198, ""2019"": 0.198, ""2020"": 0.0472, ""2021"": 0.2277, ""2022"": -0.1884, ""2023"": -0.0151, ""2024"": 0.2012, ""2025"": 0.0026, ""2026"": 0.0969}",0.23748645950844446,0.4361326746647848
dist_ema20,True,30,0.005,1.0,2191,0.07114894486997025,-0.3088076563055616,0.23039890176676575,-0.30884890119503183,0.09000691001221717,-0.19795473362725413,0.45468430263303966,0.016750925192233534,-0.22785584475440113,0.07351545100933815,0.1076983221103962,-0.17562658180492574,0.6132233572137747,-0.2245883230483695,4,"{""2011"": 0.0, ""2012"": 0.0929, ""2013"": 0.3813, ""2014"": 0.0797, ""2015"": -0.0399, ""2016"": 0.0156, ""2017"": 0.2635, ""2018"": -0.0902, ""2019"": 0.2023, ""2020"": -0.035, ""2021"": 0.1845, ""2022"": -0.2246, ""2023"": 0.0022, ""2024"": 0.2145, ""2025"": 0.066, ""2026"": 0.1099}",0.21564403552057843,0.4276586033774532
dist_ema20,True,30,0.01,1.0,2191,0.07114894486997025,-0.3088076563055616,0.23039890176676575,-0.30884890119503183,0.09000691001221717,-0.19795473362725413,0.45468430263303966,0.016750925192233534,-0.22785584475440113,0.07351545100933815,0.1076983221103962,-0.17562658180492574,0.6132233572137747,-0.2245883230483695,4,"{""2011"": 0.0, ""2012"": 0.0929, ""2013"": 0.3813, ""2014"": 0.0797, ""2015"": -0.0399, ""2016"": 0.0156, ""2017"": 0.2635, ""2018"": -0.0902, ""2019"": 0.2023, ""2020"": -0.035, ""2021"": 0.1845, ""2022"": -0.2246, ""2023"": 0.0022, ""2024"": 0.2145, ""2025"": 0.066, ""2026"": 0.1099}",0.21564403552057843,0.4276586033774532
dist_ema20,True,30,0.02,1.0,2191,0.07114894486997025,-0.3088076563055616,0.23039890176676575,-0.30884890119503183,0.09000691001221717,-0.19795473362725413,0.45468430263303966,0.016750925192233534,-0.22785584475440113,0.07351545100933815,0.1076983221103962,-0.17562658180492574,0.6132233572137747,-0.2245883230483695,4,"{""2011"": 0.0, ""2012"": 0.0929, ""2013"": 0.3813, ""2014"": 0.0797, ""2015"": -0.0399, ""2016"": 0.0156, ""2017"": 0.2635, ""2018"": -0.0902, ""2019"": 0.2023, ""2020"": -0.035, ""2021"": 0.1845, ""2022"": -0.2246, ""2023"": 0.0022, ""2024"": 0.2145, ""2025"": 0.066, ""2026"": 0.1099}",0.21564403552057843,0.4276586033774532
dist_ema20,True,30,0.05,1.0,2191,0.07114894486997025,-0.3088076563055616,0.23039890176676575,-0.30884890119503183,0.09000691001221717,-0.19795473362725413,0.45468430263303966,0.016750925192233534,-0.22785584475440113,0.07351545100933815,0.1076983221103962,-0.17562658180492574,0.6132233572137747,-0.2245883230483695,4,"{""2011"": 0.0, ""2012"": 0.0929, ""2013"": 0.3813, ""2014"": 0.0797, ""2015"": -0.0399, ""2016"": 0.0156, ""2017"": 0.2635, ""2018"": -0.0902, ""2019"": 0.2023, ""2020"": -0.035, ""2021"": 0.1845, ""2022"": -0.2246, ""2023"": 0.0022, ""2024"": 0.2145, ""2025"": 0.066, ""2026"": 0.1099}",0.21564403552057843,0.4276586033774532
ddv,False,5,0.005,1.0,382,0.033283075718473665,-0.10745765898293824,0.3097320008037606,-0.10860238605026207,0.03411180647246281,-0.09210826649918169,0.37034467989652015,0.019718028153428158,-0.09021954041242364,0.21855606959745602,0.0521796816865574,-0.05064497055559014,1.0303033275393594,-0.05211942897576438,4,"{""2011"": 0.0, ""2012"": 0.0485, ""2013"": 0.1371, ""2014"": 0.0098, ""2015"": -0.0014, ""2016"": 0.0077, ""2017"": 0.101, ""2018"": -0.0521, ""2019"": 0.04, ""2020"": -0.0091, ""2021"": 0.0851, ""2022"": -0.0359, ""2023"": 0.0321, ""2024"": 0.1063, ""2025"": 0.0022, ""2026"": 0.0476}",0.2727391521114347,0.4424083769633508
ddv,False,5,0.01,1.0,382,0.06330785119323856,-0.21030235222756255,0.30103253968712074,-0.21326726772828986,0.06719706652322865,-0.1710836654089415,0.39277312864794794,0.03458093901594528,-0.17676200016144306,0.19563559466605532,0.09879586299498722,-0.1023874761616358,0.9649213624430139,-0.09733057343041918,5,"{""2011"": 0.0, ""2012"": 0.0987, ""2013"": 0.2727, ""2014"": 0.0259, ""2015"": -0.0012, ""2016"": 0.0205, ""2017"": 0.1939, ""2018"": -0.0973, ""2019"": 0.0706, ""2020"": -0.0241, ""2021"": 0.174, ""2022"": -0.0715, ""2023"": 0.0633, ""2024"": 0.2109, ""2025"": -0.0006, ""2026"": 0.0872}",0.2727391521114347,0.4424083769633508
ddv,False,5,0.02,1.0,363,0.08538678550820422,-0.2917094382563534,0.29271176832189627,-0.2942800691434043,0.08776878632872287,-0.2633810671213007,0.33323878321254113,0.0668137508914779,-0.24194661305660037,0.27615080057288366,0.11624744909784313,-0.215329084701819,0.5398594865102361,-0.20950865181229628,5,"{""2011"": 0.0, ""2012"": 0.182, ""2013"": 0.4574, ""2014"": 0.1224, ""2015"": -0.067, ""2016"": 0.0349, ""2017"": 0.2202, ""2018"": -0.2095, ""2019"": 0.1657, ""2020"": -0.0377, ""2021"": 0.2652, ""2022"": -0.0965, ""2023"": 0.0014, ""2024"": 0.5949, ""2025"": -0.1297, ""2026"": 0.0647}",0.266900787880714,0.44352617079889806
ddv,False,5,0.05,1.0,383,0.10504542028252861,-0.33410149360694485,0.31441170510332933,-0.33783347444564404,0.14126844397244565,-0.23275698965283775,0.606935345671684,0.049771535458380756,-0.322151612375733,0.15449724150481994,0.11474815352498124,-0.1421367574894279,0.8073080851975689,-0.15879345711322945,5,"{""2011"": 0.0, ""2012"": 0.1991, ""2013"": 0.3912, ""2014"": 0.1283, ""2015"": -0.0361, ""2016"": 0.0349, ""2017"": 0.2723, ""2018"": 0.0546, ""2019"": -0.0231, ""2020"": 0.0183, ""2021"": 0.4405, ""2022"": -0.1588, ""2023"": -0.0036, ""2024"": 0.4576, ""2025"": -0.039, ""2026"": 0.0552}",0.3218362852933594,0.4595300261096606
ddv,False,10,0.005,1.0,745,0.0541279433378401,-0.1467644406233598,0.3688082965324559,-0.14789128075422908,0.04464927679102493,-0.1467644406233598,0.3042240790847147,0.054017129744658776,-0.14466204667161153,0.3734022225420311,0.08111466451127214,-0.09051320150443953,0.8961639093861197,-0.07147089248153282,4,"{""2011"": 0.0, ""2012"": 0.0668, ""2013"": 0.1988, ""2014"": 0.0602, ""2015"": -0.0715, ""2016"": -0.0106, ""2017"": 0.1597, ""2018"": -0.0605, ""2019"": 0.1216, ""2020"": 0.0142, ""2021"": 0.1557, ""2022"": -0.0642, ""2023"": 0.0368, ""2024"": 0.1914, ""2025"": 0.019, ""2026"": 0.0491}",0.2391046079703548,0.43355704697986575
ddv,False,10,0.01,1.0,777,0.06510588217337498,-0.2652611934393677,0.2454406591828013,-0.2699801629444436,0.05435134787274487,-0.2652611934393677,0.20489747168829003,0.052867983981038424,-0.22710516189877517,0.232790763270289,0.11091389314850364,-0.1697243427052172,0.6534943154332465,-0.17131332534088262,5,"{""2011"": 0.0, ""2012"": 0.1252, ""2013"": 0.2849, ""2014"": 0.1191, ""2015"": -0.1308, ""2016"": -0.0021, ""2017"": 0.1583, ""2018"": -0.1094, ""2019"": 0.1257, ""2020"": 0.0215, ""2021"": 0.2829, ""2022"": -0.1713, ""2023"": 0.0295, ""2024"": 0.4105, ""2025"": -0.0756, ""2026"": 0.0839}",0.20454190499612707,0.42084942084942084
ddv,False,10,0.02,1.0,745,0.06766784801038628,-0.2351145863300096,0.2878079538434374,-0.23930422122221273,0.08265882605471364,-0.2351145863300096,0.3515682601618461,0.048385803328505395,-0.21496803961412791,0.22508370739835984,0.07044736145574904,-0.14809911536498765,0.47567712529634465,-0.1353715338528293,4,"{""2011"": 0.0, ""2012"": 0.1246, ""2013"": 0.3562, ""2014"": 0.0759, ""2015"": -0.1354, ""2016"": 0.0035, ""2017"": 0.253, ""2018"": -0.0232, ""2019"": 0.1162, ""2020"": 0.0701, ""2021"": 0.1295, ""2022"": -0.109, ""2023"": 0.0, ""2024"": 0.3379, ""2025"": 0.0034, ""2026"": -0.0505}",0.19897540465597968,0.41879194630872485
ddv,False,10,0.05,1.0,745,0.06766784801038628,-0.2351145863300096,0.2878079538434374,-0.23930422122221273,0.08265882605471364,-0.2351145863300096,0.3515682601618461,0.048385803328505395,-0.21496803961412791,0.22508370739835984,0.07044736145574904,-0.14809911536498765,0.47567712529634465,-0.1353715338528293,4,"{""2011"": 0.0, ""2012"": 0.1246, ""2013"": 0.3562, ""2014"": 0.0759, ""2015"": -0.1354, ""2016"": 0.0035, ""2017"": 0.253, ""2018"": -0.0232, ""2019"": 0.1162, ""2020"": 0.0701, ""2021"": 0.1295, ""2022"": -0.109, ""2023"": 0.0, ""2024"": 0.3379, ""2025"": 0.0034, ""2026"": -0.0505}",0.19897540465597968,0.41879194630872485
ddv,False,15,0.005,1.0,1147,0.06805446436933904,-0.19528710767843172,0.3484841635393592,-0.19936595953835323,0.07261307340405998,-0.18013192492064722,0.40311051711709583,0.0736493586919349,-0.19364099070851337,0.380339712281264,0.06271737622523399,-0.1328580535248689,0.4720630369125068,-0.10831877103250676,4,"{""2011"": 0.0, ""2012"": 0.1043, ""2013"": 0.3261, ""2014"": 0.0321, ""2015"": -0.0959, ""2016"": 0.0594, ""2017"": 0.1832, ""2018"": -0.0469, ""2019"": 0.1321, ""2020"": 0.0532, ""2021"": 0.2451, ""2022"": -0.1083, ""2023"": 0.033, ""2024"": 0.2486, ""2025"": 0.0004, ""2026"": -0.0374}",0.2263654478026608,0.42894507410636445
ddv,False,15,0.01,1.0,1115,0.08102327654090757,-0.22670997313818986,0.35738735009915185,-0.2309826266007382,0.09524262911636394,-0.21813716606609834,0.4366180730866569,0.09790485149317063,-0.20972931718467458,0.46681528747343276,0.0466814582728825,-0.13486043843269024,0.34614642229701437,-0.12387851363172842,6,"{""2011"": 0.0, ""2012"": 0.1121, ""2013"": 0.4046, ""2014"": 0.085, ""2015"": -0.0878, ""2016"": 0.0441, ""2017"": 0.2489, ""2018"": -0.0628, ""2019"": 0.1377, ""2020"": 0.1383, ""2021"": 0.2756, ""2022"": -0.1239, ""2023"": -0.0168, ""2024"": 0.2715, ""2025"": -0.0319, ""2026"": -0.0278}",0.25668795419701534,0.4385650224215247
ddv,False,15,0.02,1.0,1115,0.08102327654090757,-0.22670997313818986,0.35738735009915185,-0.2309826266007382,0.09524262911636394,-0.21813716606609834,0.4366180730866569,0.09790485149317063,-0.20972931718467458,0.46681528747343276,0.0466814582728825,-0.13486043843269024,0.34614642229701437,-0.12387851363172842,6,"{""2011"": 0.0, ""2012"": 0.1121, ""2013"": 0.4046, ""2014"": 0.085, ""2015"": -0.0878, ""2016"": 0.0441, ""2017"": 0.2489, ""2018"": -0.0628, ""2019"": 0.1377, ""2020"": 0.1383, ""2021"": 0.2756, ""2022"": -0.1239, ""2023"": -0.0168, ""2024"": 0.2715, ""2025"": -0.0319, ""2026"": -0.0278}",0.25668795419701534,0.4385650224215247
ddv,False,15,0.05,1.0,1115,0.08102327654090757,-0.22670997313818986,0.35738735009915185,-0.2309826266007382,0.09524262911636394,-0.21813716606609834,0.4366180730866569,0.09790485149317063,-0.20972931718467458,0.46681528747343276,0.0466814582728825,-0.13486043843269024,0.34614642229701437,-0.12387851363172842,6,"{""2011"": 0.0, ""2012"": 0.1121, ""2013"": 0.4046, ""2014"": 0.085, ""2015"": -0.0878, ""2016"": 0.0441, ""2017"": 0.2489, ""2018"": -0.0628, ""2019"": 0.1377, ""2020"": 0.1383, ""2021"": 0.2756, ""2022"": -0.1239, ""2023"": -0.0168, ""2024"": 0.2715, ""2025"": -0.0319, ""2026"": -0.0278}",0.25668795419701534,0.4385650224215247
ddv,False,20,0.005,1.0,1548,0.07540397340600324,-0.2359634222091591,0.3195578903715204,-0.2434201280836601,0.09981422290538533,-0.2035515018776466,0.49036348041972677,0.049785141705722236,-0.21885576928727624,0.22747922921041602,0.06834264765097342,-0.17929363301224022,0.3811772147330392,-0.13743927393978805,4,"{""2011"": 0.0, ""2012"": 0.1053, ""2013"": 0.4048, ""2014"": 0.1247, ""2015"": -0.08, ""2016"": 0.0658, ""2017"": 0.2308, ""2018"": -0.0771, ""2019"": 0.1409, ""2020"": 0.0126, ""2021"": 0.2128, ""2022"": -0.1374, ""2023"": 0.0092, ""2024"": 0.2611, ""2025"": 0.0153, ""2026"": -0.0204}",0.24203992188052362,0.4347545219638243
ddv,False,20,0.01,1.0,1518,0.08194025267245819,-0.23043208457770303,0.3555939391974188,-0.23589424772023504,0.10949063324638453,-0.18679947730321134,0.5861399337250834,0.0682385148197373,-0.21042625476235277,0.32428707575869387,0.056421982205031807,-0.14532204204026744,0.3882548126415522,-0.1381234247309101,4,"{""2011"": 0.0, ""2012"": 0.1069, ""2013"": 0.4304, ""2014"": 0.1072, ""2015"": -0.0718, ""2016"": 0.0534, ""2017"": 0.2684, ""2018"": -0.0489, ""2019"": 0.1113, ""2020"": 0.0683, ""2021"": 0.2662, ""2022"": -0.1381, ""2023"": 0.0251, ""2024"": 0.2465, ""2025"": 0.0149, ""2026"": -0.0622}",0.26386575726001743,0.4413702239789196
ddv,False,20,0.02,1.0,1518,0.08194025267245819,-0.23043208457770303,0.3555939391974188,-0.23589424772023504,0.10949063324638453,-0.18679947730321134,0.5861399337250834,0.0682385148197373,-0.21042625476235277,0.32428707575869387,0.056421982205031807,-0.14532204204026744,0.3882548126415522,-0.1381234247309101,4,"{""2011"": 0.0, ""2012"": 0.1069, ""2013"": 0.4304, ""2014"": 0.1072, ""2015"": -0.0718, ""2016"": 0.0534, ""2017"": 0.2684, ""2018"": -0.0489, ""2019"": 0.1113, ""2020"": 0.0683, ""2021"": 0.2662, ""2022"": -0.1381, ""2023"": 0.0251, ""2024"": 0.2465, ""2025"": 0.0149, ""2026"": -0.0622}",0.26386575726001743,0.4413702239789196
ddv,False,20,0.05,1.0,1518,0.08194025267245819,-0.23043208457770303,0.3555939391974188,-0.23589424772023504,0.10949063324638453,-0.18679947730321134,0.5861399337250834,0.0682385148197373,-0.21042625476235277,0.32428707575869387,0.056421982205031807,-0.14532204204026744,0.3882548126415522,-0.1381234247309101,4,"{""2011"": 0.0, ""2012"": 0.1069, ""2013"": 0.4304, ""2014"": 0.1072, ""2015"": -0.0718, ""2016"": 0.0534, ""2017"": 0.2684, ""2018"": -0.0489, ""2019"": 0.1113, ""2020"": 0.0683, ""2021"": 0.2662, ""2022"": -0.1381, ""2023"": 0.0251, ""2024"": 0.2465, ""2025"": 0.0149, ""2026"": -0.0622}",0.26386575726001743,0.4413702239789196
ddv,False,30,0.005,1.0,2265,0.07224217267372324,-0.2500263582000465,0.288938227128526,-0.24980334362840861,0.09877253230612193,-0.19924226823163393,0.49574085450227623,0.04105441589835568,-0.2193745358877245,0.1871430324956551,0.06662806190891879,-0.1739476577853779,0.3830351196284953,-0.15822881785306242,4,"{""2011"": 0.0, ""2012"": 0.0954, ""2013"": 0.3911, ""2014"": 0.0446, ""2015"": -0.0727, ""2016"": 0.0398, ""2017"": 0.2845, ""2018"": -0.0198, ""2019"": 0.1357, ""2020"": 0.0075, ""2021"": 0.2154, ""2022"": -0.1582, ""2023"": 0.0495, ""2024"": 0.1995, ""2025"": 0.0166, ""2026"": -0.0166}",0.2265241225083297,0.43002207505518764
ddv,False,30,0.01,1.0,2265,0.07224217267372324,-0.2500263582000465,0.288938227128526,-0.24980334362840861,0.09877253230612193,-0.19924226823163393,0.49574085450227623,0.04105441589835568,-0.2193745358877245,0.1871430324956551,0.06662806190891879,-0.1739476577853779,0.3830351196284953,-0.15822881785306242,4,"{""2011"": 0.0, ""2012"": 0.0954, ""2013"": 0.3911, ""2014"": 0.0446, ""2015"": -0.0727, ""2016"": 0.0398, ""2017"": 0.2845, ""2018"": -0.0198, ""2019"": 0.1357, ""2020"": 0.0075, ""2021"": 0.2154, ""2022"": -0.1582, ""2023"": 0.0495, ""2024"": 0.1995, ""2025"": 0.0166, ""2026"": -0.0166}",0.2265241225083297,0.43002207505518764
ddv,False,30,0.02,1.0,2265,0.07224217267372324,-0.2500263582000465,0.288938227128526,-0.24980334362840861,0.09877253230612193,-0.19924226823163393,0.49574085450227623,0.04105441589835568,-0.2193745358877245,0.1871430324956551,0.06662806190891879,-0.1739476577853779,0.3830351196284953,-0.15822881785306242,4,"{""2011"": 0.0, ""2012"": 0.0954, ""2013"": 0.3911, ""2014"": 0.0446, ""2015"": -0.0727, ""2016"": 0.0398, ""2017"": 0.2845, ""2018"": -0.0198, ""2019"": 0.1357, ""2020"": 0.0075, ""2021"": 0.2154, ""2022"": -0.1582, ""2023"": 0.0495, ""2024"": 0.1995, ""2025"": 0.0166, ""2026"": -0.0166}",0.2265241225083297,0.43002207505518764
ddv,False,30,0.05,1.0,2265,0.07224217267372324,-0.2500263582000465,0.288938227128526,-0.24980334362840861,0.09877253230612193,-0.19924226823163393,0.49574085450227623,0.04105441589835568,-0.2193745358877245,0.1871430324956551,0.06662806190891879,-0.1739476577853779,0.3830351196284953,-0.15822881785306242,4,"{""2011"": 0.0, ""2012"": 0.0954, ""2013"": 0.3911, ""2014"": 0.0446, ""2015"": -0.0727, ""2016"": 0.0398, ""2017"": 0.2845, ""2018"": -0.0198, ""2019"": 0.1357, ""2020"": 0.0075, ""2021"": 0.2154, ""2022"": -0.1582, ""2023"": 0.0495, ""2024"": 0.1995, ""2025"": 0.0166, ""2026"": -0.0166}",0.2265241225083297,0.43002207505518764
ddv,True,5,0.005,1.0,382,0.025253603653442536,-0.12989164848825452,0.19442053394007158,-0.12794186133190677,0.010218493497921033,-0.1289837675036073,0.07922309679499207,0.03533805818522495,-0.08961630671807552,0.39432620556876063,0.04717920805099185,-0.06479300939333044,0.7281527512418386,-0.11024002329366478,5,"{""2011"": 0.0, ""2012"": 0.033, ""2013"": 0.0939, ""2014"": -0.0481, ""2015"": -0.0127, ""2016"": 0.0539, ""2017"": 0.0782, ""2018"": -0.1102, ""2019"": 0.1112, ""2020"": 0.0242, ""2021"": 0.0512, ""2022"": -0.0398, ""2023"": -0.0044, ""2024"": 0.0637, ""2025"": 0.0265, ""2026"": 0.0842}",0.20986148492442214,0.4293193717277487
ddv,True,5,0.01,1.0,382,0.04691599660317891,-0.2514628408587113,0.18657228417116098,-0.24837604892942278,0.0169280595177832,-0.2498983345551593,0.06773978525273733,0.06537005974836707,-0.1762207834433207,0.37095544844965783,0.09315199071723201,-0.11963855067849716,0.7786118286200067,-0.22079866400983184,5,"{""2011"": 0.0, ""2012"": 0.0684, ""2013"": 0.1875, ""2014"": -0.0893, ""2015"": -0.0258, ""2016"": 0.1084, ""2017"": 0.1568, ""2018"": -0.2208, ""2019"": 0.2201, ""2020"": 0.037, ""2021"": 0.1052, ""2022"": -0.0792, ""2023"": -0.0105, ""2024"": 0.1251, ""2025"": 0.0522, ""2026"": 0.1726}",0.20986148492442214,0.4293193717277487
ddv,True,5,0.02,1.0,393,0.08043246293878381,-0.29576278390431554,0.2719492353872525,-0.29252771918318354,0.04726748796029767,-0.2922166884174413,0.16175492308904166,0.10783992437052747,-0.2436261782210848,0.44264506038700563,0.12773409882706166,-0.1580285079036624,0.808297822472203,-0.26999206546109356,3,"{""2011"": 0.0, ""2012"": 0.102, ""2013"": 0.3796, ""2014"": -0.1147, ""2015"": 0.0685, ""2016"": 0.0928, ""2017"": 0.2039, ""2018"": -0.27, ""2019"": 0.3196, ""2020"": 0.0883, ""2021"": 0.1246, ""2022"": -0.0681, ""2023"": 0.0043, ""2024"": 0.1385, ""2025"": 0.1126, ""2026"": 0.2066}",0.23116121393425615,0.4351145038167939
ddv,True,5,0.05,1.0,389,0.09755022271451885,-0.2968092800637948,0.3286629807988209,-0.2935269151356008,0.046005521553034834,-0.29318585055506996,0.15691589981554543,0.14876285342523587,-0.2539293726427674,0.5858434251894059,0.15962033009942433,-0.1656487969657281,0.963606938434023,-0.27082942120791764,5,"{""2011"": 0.0, ""2012"": 0.131, ""2013"": 0.3549, ""2014"": -0.0448, ""2015"": -0.026, ""2016"": 0.0936, ""2017"": 0.2047, ""2018"": -0.2708, ""2019"": 0.3234, ""2020"": 0.1387, ""2021"": 0.1871, ""2022"": -0.0276, ""2023"": -0.0184, ""2024"": 0.253, ""2025"": 0.1676, ""2026"": 0.1805}",0.2788473213644659,0.4524421593830334
ddv,True,10,0.005,1.0,761,0.03674912793980045,-0.2651021523492255,0.13862251820343552,-0.2621521641599308,0.031743425128263114,-0.19481943449147066,0.16293767206090964,0.011209318170315452,-0.19077710051807628,0.05875609881833465,0.08118916769181062,-0.12616443431949842,0.6435186598325121,-0.1735131206842615,4,"{""2011"": 0.0, ""2012"": 0.0473, ""2013"": 0.182, ""2014"": -0.0227, ""2015"": 0.0426, ""2016"": 0.068, ""2017"": 0.1175, ""2018"": -0.1735, ""2019"": 0.171, ""2020"": -0.0178, ""2021"": 0.0854, ""2022"": -0.1625, ""2023"": 0.0058, ""2024"": 0.1772, ""2025"": 0.0001, ""2026"": 0.1155}",0.16550865115938335,0.4152431011826544
ddv,True,10,0.01,1.0,759,0.05715649093400077,-0.38225220546964267,0.14952560146455446,-0.3836097990530538,0.0324344116429125,-0.28104460027194667,0.11540663514448614,0.03495016171026144,-0.286641089751131,0.12193004757484717,0.14199277315152536,-0.18619430933817216,0.7626053323339408,-0.26052953079814667,4,"{""2011"": 0.0, ""2012"": 0.0763, ""2013"": 0.3101, ""2014"": -0.0829, ""2015"": 0.019, ""2016"": 0.0859, ""2017"": 0.1814, ""2018"": -0.2605, ""2019"": 0.2823, ""2020"": -0.0184, ""2021"": 0.2177, ""2022"": -0.2517, ""2023"": 0.0229, ""2024"": 0.2546, ""2025"": 0.0321, ""2026"": 0.212}",0.16298549623261616,0.4137022397891963
ddv,True,10,0.02,1.0,724,0.0475117988214957,-0.3605753503965281,0.13176663010726197,-0.3594092523406309,0.043794786318936074,-0.2529668592865162,0.173124599967196,0.041209088772903746,-0.2567022125601178,0.1605326590757486,0.0682218667889376,-0.22643659529275428,0.30128463422944174,-0.23043445296584908,5,"{""2011"": 0.0, ""2012"": 0.0848, ""2013"": 0.3268, ""2014"": -0.0877, ""2015"": 0.0733, ""2016"": 0.0987, ""2017"": 0.1324, ""2018"": -0.2304, ""2019"": 0.2474, ""2020"": 0.0221, ""2021"": 0.1341, ""2022"": -0.1875, ""2023"": -0.043, ""2024"": 0.0601, ""2025"": -0.0133, ""2026"": 0.2639}",0.12091874186241564,0.40193370165745856
ddv,True,10,0.05,1.0,724,0.0475117988214957,-0.3605753503965281,0.13176663010726197,-0.3594092523406309,0.043794786318936074,-0.2529668592865162,0.173124599967196,0.041209088772903746,-0.2567022125601178,0.1605326590757486,0.0682218667889376,-0.22643659529275428,0.30128463422944174,-0.23043445296584908,5,"{""2011"": 0.0, ""2012"": 0.0848, ""2013"": 0.3268, ""2014"": -0.0877, ""2015"": 0.0733, ""2016"": 0.0987, ""2017"": 0.1324, ""2018"": -0.2304, ""2019"": 0.2474, ""2020"": 0.0221, ""2021"": 0.1341, ""2022"": -0.1875, ""2023"": -0.043, ""2024"": 0.0601, ""2025"": -0.0133, ""2026"": 0.2639}",0.12091874186241564,0.40193370165745856
ddv,True,15,0.005,1.0,1143,0.049658873235380874,-0.2987945043740341,0.16619741162714752,-0.3009034714424744,0.0427808920978896,-0.2595355377563152,0.1648363552357046,0.01345607835257634,-0.2291898941525906,0.058711482032525915,0.11300058767795429,-0.19761732708604873,0.5718151811088423,-0.23586586152805944,5,"{""2011"": 0.0, ""2012"": 0.0808, ""2013"": 0.2566, ""2014"": -0.0331, ""2015"": 0.0673, ""2016"": 0.0971, ""2017"": 0.1408, ""2018"": -0.2359, ""2019"": 0.1824, ""2020"": -0.015, ""2021"": 0.1436, ""2022"": -0.2088, ""2023"": 0.0455, ""2024"": 0.234, ""2025"": -0.0355, ""2026"": 0.1772}",0.1587076771507946,0.4120734908136483
ddv,True,15,0.01,1.0,1115,0.060385790246992865,-0.3342693661714162,0.18065008749867467,-0.3371269155637897,0.06063173288691237,-0.18580662093124867,0.3263163206081179,0.03147311065260738,-0.25336352805967677,0.1242211572187859,0.10133200690512267,-0.20661272752137105,0.4904441663432441,-0.2237000379551486,4,"{""2011"": 0.0, ""2012"": 0.0783, ""2013"": 0.3568, ""2014"": -0.0524, ""2015"": 0.0161, ""2016"": 0.0883, ""2017"": 0.1742, ""2018"": -0.1616, ""2019"": 0.2249, ""2020"": 0.0126, ""2021"": 0.1753, ""2022"": -0.2237, ""2023"": 0.032, ""2024"": 0.1672, ""2025"": -0.0297, ""2026"": 0.2069}",0.17689749950820943,0.41973094170403585
ddv,True,15,0.02,1.0,1114,0.059139816266656986,-0.3342693661714162,0.1769226326181789,-0.3371269155637897,0.06063173288691237,-0.18580662093124867,0.3263163206081179,0.03147311065260738,-0.25336352805967677,0.1242211572187859,0.09589755253732868,-0.20661272752137105,0.4641415545294008,-0.2237000379551486,4,"{""2011"": 0.0, ""2012"": 0.0783, ""2013"": 0.3568, ""2014"": -0.0524, ""2015"": 0.0161, ""2016"": 0.0883, ""2017"": 0.1742, ""2018"": -0.1616, ""2019"": 0.2249, ""2020"": 0.0126, ""2021"": 0.1753, ""2022"": -0.2237, ""2023"": 0.032, ""2024"": 0.1672, ""2025"": -0.0257, ""2026"": 0.181}",0.17525774120125548,0.41921005385996407
ddv,True,15,0.05,1.0,1114,0.059139816266656986,-0.3342693661714162,0.1769226326181789,-0.3371269155637897,0.06063173288691237,-0.18580662093124867,0.3263163206081179,0.03147311065260738,-0.25336352805967677,0.1242211572187859,0.09589755253732868,-0.20661272752137105,0.4641415545294008,-0.2237000379551486,4,"{""2011"": 0.0, ""2012"": 0.0783, ""2013"": 0.3568, ""2014"": -0.0524, ""2015"": 0.0161, ""2016"": 0.0883, ""2017"": 0.1742, ""2018"": -0.1616, ""2019"": 0.2249, ""2020"": 0.0126, ""2021"": 0.1753, ""2022"": -0.2237, ""2023"": 0.032, ""2024"": 0.1672, ""2025"": -0.0257, ""2026"": 0.181}",0.17525774120125548,0.41921005385996407
ddv,True,20,0.005,1.0,1540,0.05723058267454917,-0.3821407888151718,0.1497630830040224,-0.3769271628596471,0.07627763127273157,-0.19464452508549135,0.39188171996735627,0.006996827570956876,-0.2924699940923313,0.02392323216838447,0.08630152711354966,-0.22878268851103178,0.37722053043094755,-0.26304359440019176,3,"{""2011"": 0.0, ""2012"": 0.0969, ""2013"": 0.3442, ""2014"": 0.0223, ""2015"": 0.011, ""2016"": 0.0999, ""2017"": 0.1823, ""2018"": -0.1563, ""2019"": 0.2123, ""2020"": 0.0126, ""2021"": 0.134, ""2022"": -0.263, ""2023"": 0.0149, ""2024"": 0.2118, ""2025"": -0.0541, ""2026"": 0.1547}",0.1595423716899533,0.41233766233766234
ddv,True,20,0.01,1.0,1504,0.0500482005302163,-0.3643475679916879,0.13736389350994127,-0.3608864979426163,0.05355510683818543,-0.20820099345858778,0.257227912069679,0.015291012030292928,-0.268202653124197,0.05701290368373834,0.09064089710675405,-0.2389495633302089,0.37933066645322006,-0.22160494879907267,4,"{""2011"": 0.0, ""2012"": 0.0773, ""2013"": 0.3266, ""2014"": -0.0314, ""2015"": 0.0186, ""2016"": 0.1259, ""2017"": 0.1049, ""2018"": -0.1788, ""2019"": 0.2048, ""2020"": 0.022, ""2021"": 0.106, ""2022"": -0.2216, ""2023"": 0.0012, ""2024"": 0.1715, ""2025"": -0.0168, ""2026"": 0.1815}",0.14212176099973978,0.40691489361702127
ddv,True,20,0.02,1.0,1504,0.0500482005302163,-0.3643475679916879,0.13736389350994127,-0.3608864979426163,0.05355510683818543,-0.20820099345858778,0.257227912069679,0.015291012030292928,-0.268202653124197,0.05701290368373834,0.09064089710675405,-0.2389495633302089,0.37933066645322006,-0.22160494879907267,4,"{""2011"": 0.0, ""2012"": 0.0773, ""2013"": 0.3266, ""2014"": -0.0314, ""2015"": 0.0186, ""2016"": 0.1259, ""2017"": 0.1049, ""2018"": -0.1788, ""2019"": 0.2048, ""2020"": 0.022, ""2021"": 0.106, ""2022"": -0.2216, ""2023"": 0.0012, ""2024"": 0.1715, ""2025"": -0.0168, ""2026"": 0.1815}",0.14212176099973978,0.40691489361702127
ddv,True,20,0.05,1.0,1504,0.0500482005302163,-0.3643475679916879,0.13736389350994127,-0.3608864979426163,0.05355510683818543,-0.20820099345858778,0.257227912069679,0.015291012030292928,-0.268202653124197,0.05701290368373834,0.09064089710675405,-0.2389495633302089,0.37933066645322006,-0.22160494879907267,4,"{""2011"": 0.0, ""2012"": 0.0773, ""2013"": 0.3266, ""2014"": -0.0314, ""2015"": 0.0186, ""2016"": 0.1259, ""2017"": 0.1049, ""2018"": -0.1788, ""2019"": 0.2048, ""2020"": 0.022, ""2021"": 0.106, ""2022"": -0.2216, ""2023"": 0.0012, ""2024"": 0.1715, ""2025"": -0.0168, ""2026"": 0.1815}",0.14212176099973978,0.40691489361702127
ddv,True,30,0.005,1.0,2296,0.03975521486086153,-0.3843603003170739,0.1034321568280228,-0.3808990448599998,0.05596212914434062,-0.19628394956198147,0.2851080247224657,0.0008459034561765222,-0.2928932399872811,0.0028880948437500827,0.05875297240114419,-0.2427165091026856,0.24206417856927762,-0.24005171930903424,7,"{""2011"": 0.0, ""2012"": 0.0896, ""2013"": 0.3524, ""2014"": -0.0036, ""2015"": -0.0054, ""2016"": 0.0277, ""2017"": 0.121, ""2018"": -0.1301, ""2019"": 0.1834, ""2020"": -0.0046, ""2021"": 0.1175, ""2022"": -0.2401, ""2023"": -0.0169, ""2024"": 0.1631, ""2025"": -0.0607, ""2026"": 0.1413}",0.11577679982654734,0.40026132404181186
ddv,True,30,0.01,1.0,2296,0.039746680051030214,-0.38442891473635066,0.1033914945713418,-0.3809680447176246,0.05596212914434062,-0.19628394956198147,0.2851080247224657,0.0008150368026667021,-0.2929720687612859,0.00278196077227688,0.05875297240114441,-0.2427165091026855,0.24206417856927864,-0.24013642833626214,7,"{""2011"": 0.0, ""2012"": 0.0896, ""2013"": 0.3524, ""2014"": -0.0036, ""2015"": -0.0054, ""2016"": 0.0277, ""2017"": 0.121, ""2018"": -0.1301, ""2019"": 0.1834, ""2020"": -0.0046, ""2021"": 0.1175, ""2022"": -0.2401, ""2023"": -0.0169, ""2024"": 0.1631, ""2025"": -0.0607, ""2026"": 0.1413}",0.11577679982654734,0.40026132404181186
ddv,True,30,0.02,1.0,2296,0.039746680051030214,-0.38442891473635066,0.1033914945713418,-0.3809680447176246,0.05596212914434062,-0.19628394956198147,0.2851080247224657,0.0008150368026667021,-0.2929720687612859,0.00278196077227688,0.05875297240114441,-0.2427165091026855,0.24206417856927864,-0.24013642833626214,7,"{""2011"": 0.0, ""2012"": 0.0896, ""2013"": 0.3524, ""2014"": -0.0036, ""2015"": -0.0054, ""2016"": 0.0277, ""2017"": 0.121, ""2018"": -0.1301, ""2019"": 0.1834, ""2020"": -0.0046, ""2021"": 0.1175, ""2022"": -0.2401, ""2023"": -0.0169, ""2024"": 0.1631, ""2025"": -0.0607, ""2026"": 0.1413}",0.11577679982654734,0.40026132404181186
ddv,True,30,0.05,1.0,2296,0.039746680051030214,-0.38442891473635066,0.1033914945713418,-0.3809680447176246,0.05596212914434062,-0.19628394956198147,0.2851080247224657,0.0008150368026667021,-0.2929720687612859,0.00278196077227688,0.05875297240114441,-0.2427165091026855,0.24206417856927864,-0.24013642833626214,7,"{""2011"": 0.0, ""2012"": 0.0896, ""2013"": 0.3524, ""2014"": -0.0036, ""2015"": -0.0054, ""2016"": 0.0277, ""2017"": 0.121, ""2018"": -0.1301, ""2019"": 0.1834, ""2020"": -0.0046, ""2021"": 0.1175, ""2022"": -0.2401, ""2023"": -0.0169, ""2024"": 0.1631, ""2025"": -0.0607, ""2026"": 0.1413}",0.11577679982654734,0.40026132404181186
