family,sl_atr,rr,signals,rule,train_n,train_per_year,train_win,train_avg_r,train_pf,train_bars,train_unres,train_risk_pct,train_pct_per_trade,train_ann_est,valid_n,valid_per_year,valid_win,valid_avg_r,valid_pf,valid_bars,valid_unres,valid_risk_pct,valid_pct_per_trade,valid_ann_est,hold_n,hold_per_year,hold_win,hold_avg_r,hold_pf,hold_bars,hold_unres,hold_risk_pct,hold_pct_per_trade,hold_ann_est
meanrev,1.0,0.5,34356,"{""family"": ""meanrev"", ""min_ddv"": 10000000.0, ""min_price"": 5.0, ""regime"": ""spy200"", ""trend"": true, ""mom_min"": 0.0, ""rsi2_max"": 5.0, ""rsi14_max"": 100.0, ""ret21_max"": 1.0, ""dist_ema20_max"": 0.0, ""dist_ema50_min"": -1.0, ""dist_hh60_min"": -1.0, ""atr_ratio_max"": 10.0, ""vol_ratio_min"": 0.0, ""up_close"": false, ""strong_close"": false}",12861,1835.8486507626124,0.6940362335743722,-0.05366401396909927,0.843818578121419,1.0,0.0,0.019999807799716027,-0.0008010933170374521,-0.2018755158934379,9393,2346.6427104722793,0.6790162887256468,-0.05341356943149767,0.8504261880381498,1.0,0.0,0.028136450609112133,-0.0015854773281191977,-0.3995402866860378,11839,2957.7241615331964,0.6852774727595236,-0.03982730117717817,0.885423739930012,2.0,0.0016893318692457132,0.0282725469761415,-0.0006374909429159492,-0.0803238588074096
meanrev,1.0,0.75,34356,"{""family"": ""meanrev"", ""min_ddv"": 10000000.0, ""min_price"": 5.0, ""regime"": ""spy200"", ""trend"": true, ""mom_min"": 0.0, ""rsi2_max"": 5.0, ""rsi14_max"": 100.0, ""ret21_max"": 1.0, ""dist_ema20_max"": 0.0, ""dist_ema50_min"": -1.0, ""dist_hh60_min"": -1.0, ""atr_ratio_max"": 10.0, ""vol_ratio_min"": 0.0, ""up_close"": false, ""strong_close"": false}",12861,1835.8486507626124,0.6134826218801026,-0.020796159997672797,0.9524040491598086,2.0,0.0,0.019999807799716027,-3.2474200110274645e-05,-0.004091749213894606,9393,2346.6427104722793,0.5932077078675609,-0.03588161956521725,0.9211952209347168,2.0,0.0,0.028136450609112133,-0.0009555296580231197,-0.12039673691091309,11839,2957.7241615331964,0.5997128135822283,-0.019923810109186632,0.9554990166207351,2.0,0.0026184643973308558,0.0282725469761415,0.00020334902168105194,0.025621976731812546
meanrev,1.0,1.0,34356,"{""family"": ""meanrev"", ""min_ddv"": 10000000.0, ""min_price"": 5.0, ""regime"": ""spy200"", ""trend"": true, ""mom_min"": 0.0, ""rsi2_max"": 5.0, ""rsi14_max"": 100.0, ""ret21_max"": 1.0, ""dist_ema20_max"": 0.0, ""dist_ema50_min"": -1.0, ""dist_hh60_min"": -1.0, ""atr_ratio_max"": 10.0, ""vol_ratio_min"": 0.0, ""up_close"": false, ""strong_close"": false}",12861,1835.8486507626124,0.5459917580281471,-0.0012511462597968718,0.9975766761499874,2.0,0.0,0.019999807799716027,0.0003785066762051123,0.047691841201844144,9393,2346.6427104722793,0.5330565314595975,-0.008462703148496155,0.9838466284851811,2.0,0.0,0.028136450609112133,-5.698627088315925e-05,-0.0071802701312780656,11839,2957.7241615331964,0.5367007348593631,0.0036699567280442523,1.0070343302609632,3.0,0.0029563307711799984,0.0282725469761415,0.0008813462898132785,0.07403308834431539
meanrev,1.0,1.5,34356,"{""family"": ""meanrev"", ""min_ddv"": 10000000.0, ""min_price"": 5.0, ""regime"": ""spy200"", ""trend"": true, ""mom_min"": 0.0, ""rsi2_max"": 5.0, ""rsi14_max"": 100.0, ""ret21_max"": 1.0, ""dist_ema20_max"": 0.0, ""dist_ema50_min"": -1.0, ""dist_hh60_min"": -1.0, ""atr_ratio_max"": 10.0, ""vol_ratio_min"": 0.0, ""up_close"": false, ""strong_close"": false}",12861,1835.8486507626124,0.44926522043386985,0.024542720115409918,1.0389188868190553,3.0,0.0,0.019999807799716027,0.0008458287243445276,0.07104961284494031,9393,2346.6427104722793,0.43660172468859787,0.007770979954908488,1.0121978162187746,3.0,0.0,0.028136450609112133,0.00038008153596237734,0.0319268490208397,11839,2957.7241615331964,0.44817974491088775,0.04804647211256554,1.076957352332783,4.0,0.0043922628600388544,0.0282725469761415,0.0020654604991217,0.1301240114446671
meanrev,1.0,2.0,34356,"{""family"": ""meanrev"", ""min_ddv"": 10000000.0, ""min_price"": 5.0, ""regime"": ""spy200"", ""trend"": true, ""mom_min"": 0.0, ""rsi2_max"": 5.0, ""rsi14_max"": 100.0, ""ret21_max"": 1.0, ""dist_ema20_max"": 0.0, ""dist_ema50_min"": -1.0, ""dist_hh60_min"": -1.0, ""atr_ratio_max"": 10.0, ""vol_ratio_min"": 0.0, ""up_close"": false, ""strong_close"": false}",12861,1835.8486507626124,0.3775756162040277,0.02805849069990112,1.0392187335414695,4.0,0.0,0.019999807799716027,0.0008106658404426255,0.0510719479478854,9393,2346.6427104722793,0.3740019163206643,0.033286827414186926,1.0469660425797476,4.0,0.0,0.028136450609112133,0.0011892721611509195,0.07492414615250793,11839,2957.7241615331964,0.38145113607568204,0.06208736988387876,1.0885352197479905,4.0,0.0066728608835205675,0.0282725469761415,0.0023387025974106633,0.14733826363687177
meanrev,1.0,3.0,34356,"{""family"": ""meanrev"", ""min_ddv"": 10000000.0, ""min_price"": 5.0, ""regime"": ""spy200"", ""trend"": true, ""mom_min"": 0.0, ""rsi2_max"": 5.0, ""rsi14_max"": 100.0, ""ret21_max"": 1.0, ""dist_ema20_max"": 0.0, ""dist_ema50_min"": -1.0, ""dist_hh60_min"": -1.0, ""atr_ratio_max"": 10.0, ""vol_ratio_min"": 0.0, ""up_close"": false, ""strong_close"": false}",12861,1835.8486507626124,0.2892465593655237,0.043397504935062114,1.0528475559333785,5.0,0.0,0.019999807799716027,0.0009340498775984823,0.04707611383096351,9393,2346.6427104722793,0.28968380709038644,0.06600490414555917,1.0818569296092286,5.0,0.0,0.028136450609112133,0.002020375668648217,0.10182693369987014,11839,2957.7241615331964,0.3023059380015204,0.10933927119657857,1.137404340137055,6.0,0.009713658248162851,0.0282725469761415,0.0032326888729062877,0.13577293266206408
meanrev,1.5,0.5,34356,"{""family"": ""meanrev"", ""min_ddv"": 10000000.0, ""min_price"": 5.0, ""regime"": ""spy200"", ""trend"": true, ""mom_min"": 0.0, ""rsi2_max"": 5.0, ""rsi14_max"": 100.0, ""ret21_max"": 1.0, ""dist_ema20_max"": 0.0, ""dist_ema50_min"": -1.0, ""dist_hh60_min"": -1.0, ""atr_ratio_max"": 10.0, ""vol_ratio_min"": 0.0, ""up_close"": false, ""strong_close"": false}",12822,1830.2815799765349,0.7128373108719388,0.009841468536195453,1.0311518224052167,2.0,0.0,0.029967064503382882,0.0007167201227407575,0.09030673546533544,9151,2286.1841204654347,0.6913998470112556,-0.00960818716744835,0.9714642258942849,2.0,0.0,0.041554261168935534,0.0005736012842164145,0.07227376181126823,11576,2892.01916495551,0.6951451278507257,-0.0012702142445434922,0.9961770232830276,3.0,0.0036281962681409814,0.04189563012151687,0.0008733864983941869,0.07336446586511171
meanrev,1.5,0.75,34356,"{""family"": ""meanrev"", ""min_ddv"": 10000000.0, ""min_price"": 5.0, ""regime"": ""spy200"", ""trend"": true, ""mom_min"": 0.0, ""rsi2_max"": 5.0, ""rsi14_max"": 100.0, ""ret21_max"": 1.0, ""dist_ema20_max"": 0.0, ""dist_ema50_min"": -1.0, ""dist_hh60_min"": -1.0, ""atr_ratio_max"": 10.0, ""vol_ratio_min"": 0.0, ""up_close"": false, ""strong_close"": false}",12822,1830.2815799765349,0.624083606301669,0.03244677480912679,1.077885592671702,3.0,0.0,0.029967064503382882,0.0013379451722036102,0.11238739446510326,9151,2286.1841204654347,0.609878701781226,0.01924085936476066,1.0451572950432908,3.0,0.0,0.041554261168935534,0.002176886190010266,0.18285843996086235,11576,2892.01916495551,0.6127332411886662,0.03040193213808008,1.071599522196579,4.0,0.0045784381478921905,0.04189563012151687,0.002348515704141573,0.1479564893609191
meanrev,1.5,1.0,34356,"{""family"": ""meanrev"", ""min_ddv"": 10000000.0, ""min_price"": 5.0, ""regime"": ""spy200"", ""trend"": true, ""mom_min"": 0.0, ""rsi2_max"": 5.0, ""rsi14_max"": 100.0, ""ret21_max"": 1.0, ""dist_ema20_max"": 0.0, ""dist_ema50_min"": -1.0, ""dist_hh60_min"": -1.0, ""atr_ratio_max"": 10.0, ""vol_ratio_min"": 0.0, ""up_close"": false, ""strong_close"": false}",12822,1830.2815799765349,0.5562314771486507,0.050405652854828585,1.102365685649592,4.0,0.0,0.029967064503382882,0.001860255779489741,0.11719611410785369,9151,2286.1841204654347,0.5403781007540159,0.027296922783333764,1.0540527749277526,4.0,0.0,0.041554261168935534,0.00252717636184504,0.1592121107962375,11576,2892.01916495551,0.5497581202487906,0.05650124542626349,1.114419125265205,5.0,0.0064789219073946094,0.04189563012151687,0.003397038660193738,0.17121074847376438
meanrev,1.5,1.5,34356,"{""family"": ""meanrev"", ""min_ddv"": 10000000.0, ""min_price"": 5.0, ""regime"": ""spy200"", ""trend"": true, ""mom_min"": 0.0, ""rsi2_max"": 5.0, ""rsi14_max"": 100.0, ""ret21_max"": 1.0, ""dist_ema20_max"": 0.0, ""dist_ema50_min"": -1.0, ""dist_hh60_min"": -1.0, ""atr_ratio_max"": 10.0, ""vol_ratio_min"": 0.0, ""up_close"": false, ""strong_close"": false}",12822,1830.2815799765349,0.44868195289346435,0.053903997571637066,1.0877911062738548,7.0,0.0,0.029967064503382882,0.001745101652581765,0.06282365949294354,9151,2286.1841204654347,0.44497869085345865,0.05523317186426469,1.0905676835584088,6.0,0.0,0.041554261168935534,0.0037960025482400225,0.15943210702608093,11576,2892.01916495551,0.45447477539737385,0.08548032750603728,1.14240837995775,7.0,0.010020732550103663,0.04189563012151687,0.004566809266517518,0.16440513359463063
meanrev,1.5,2.0,34356,"{""family"": ""meanrev"", ""min_ddv"": 10000000.0, ""min_price"": 5.0, ""regime"": ""spy200"", ""trend"": true, ""mom_min"": 0.0, ""rsi2_max"": 5.0, ""rsi14_max"": 100.0, ""ret21_max"": 1.0, ""dist_ema20_max"": 0.0, ""dist_ema50_min"": -1.0, ""dist_hh60_min"": -1.0, ""atr_ratio_max"": 10.0, ""vol_ratio_min"": 0.0, ""up_close"": false, ""strong_close"": false}",12822,1830.2815799765349,0.3808298237404461,0.06779684344869313,1.0979727652666502,8.0,0.0,0.029967064503382882,0.0023284357024460508,0.07334572462705059,9151,2286.1841204654347,0.3800677521582341,0.08040121111552832,1.1178307271064756,8.0,0.0,0.041554261168935534,0.004835810634374686,0.15232803498280262,11576,2892.01916495551,0.3934001382170007,0.11758488041559913,1.1758538880161482,8.0,0.013648928818244643,0.04189563012151687,0.00581989693757797,0.18332675353370606
meanrev,1.5,3.0,34356,"{""family"": ""meanrev"", ""min_ddv"": 10000000.0, ""min_price"": 5.0, ""regime"": ""spy200"", ""trend"": true, ""mom_min"": 0.0, ""rsi2_max"": 5.0, ""rsi14_max"": 100.0, ""ret21_max"": 1.0, ""dist_ema20_max"": 0.0, ""dist_ema50_min"": -1.0, ""dist_hh60_min"": -1.0, ""atr_ratio_max"": 10.0, ""vol_ratio_min"": 0.0, ""up_close"": false, ""strong_close"": false}",12822,1830.2815799765349,0.30182498830135707,0.12441913269208349,1.1590749337899309,11.0,0.0,0.029967064503382882,0.003906564885190974,0.08949585009710231,9151,2286.1841204654347,0.3079444869413179,0.16359357068382924,1.2140088546551602,11.0,0.0,0.041554261168935534,0.008801976643479231,0.20164528310516056,11576,2892.01916495551,0.3178991015894955,0.18045484128207387,1.2390050453442398,11.0,0.021078092605390463,0.04189563012151687,0.008592311109764685,0.196842036332791
meanrev,2.0,0.5,34356,"{""family"": ""meanrev"", ""min_ddv"": 10000000.0, ""min_price"": 5.0, ""regime"": ""spy200"", ""trend"": true, ""mom_min"": 0.0, ""rsi2_max"": 5.0, ""rsi14_max"": 100.0, ""ret21_max"": 1.0, ""dist_ema20_max"": 0.0, ""dist_ema50_min"": -1.0, ""dist_hh60_min"": -1.0, ""atr_ratio_max"": 10.0, ""vol_ratio_min"": 0.0, ""up_close"": false, ""strong_close"": false}",12749,1819.861165428236,0.7220174131304417,0.04074153453616098,1.134583318482032,3.0,0.0,0.03986302519662332,0.0020474346299239796,0.17198450891361428,8821,2203.7405886379192,0.7003741072440767,0.014800548758119566,1.04557680635849,3.0,0.0,0.05427049479460368,0.0022110001763697394,0.1857240148150581,11218,2802.5804243668717,0.7079693349973257,0.03204061671680307,1.1016772695412302,4.0,0.0043679800320912815,0.05488585307971866,0.002797485951754478,0.17624161496053212
meanrev,2.0,0.75,34356,"{""family"": ""meanrev"", ""min_ddv"": 10000000.0, ""min_price"": 5.0, ""regime"": ""spy200"", ""trend"": true, ""mom_min"": 0.0, ""rsi2_max"": 5.0, ""rsi14_max"": 100.0, ""ret21_max"": 1.0, ""dist_ema20_max"": 0.0, ""dist_ema50_min"": -1.0, ""dist_hh60_min"": -1.0, ""atr_ratio_max"": 10.0, ""vol_ratio_min"": 0.0, ""up_close"": false, ""strong_close"": false}",12749,1819.861165428236,0.6349517609224253,0.06744012825707438,1.1694146787653033,5.0,0.0,0.03986302519662332,0.0030921218350621307,0.15584294048713138,8821,2203.7405886379192,0.6101349053395306,0.027612344629528614,1.0652370587902964,5.0,0.0,0.05427049479460368,0.002877032611070553,0.14500244359795586,11218,2802.5804243668717,0.6233731502941701,0.060958164241009465,1.1499025012373434,6.0,0.0067748261722232125,0.05488585307971866,0.004429445527719563,0.18603671216422166
meanrev,2.0,1.0,34356,"{""family"": ""meanrev"", ""min_ddv"": 10000000.0, ""min_price"": 5.0, ""regime"": ""spy200"", ""trend"": true, ""mom_min"": 0.0, ""rsi2_max"": 5.0, ""rsi14_max"": 100.0, ""ret21_max"": 1.0, ""dist_ema20_max"": 0.0, ""dist_ema50_min"": -1.0, ""dist_hh60_min"": -1.0, ""atr_ratio_max"": 10.0, ""vol_ratio_min"": 0.0, ""up_close"": false, ""strong_close"": false}",12749,1819.861165428236,0.5604361126362852,0.07453828107361815,1.1551361265815692,7.0,0.0,0.03986302519662332,0.0033925911546975477,0.12213328156911171,8821,2203.7405886379192,0.5452896496995805,0.04816741355603634,1.0976461218613724,7.0,0.0,0.05427049479460368,0.0041380148224949825,0.14896853360981938,11218,2802.5804243668717,0.5560706008201105,0.07926624352060162,1.165501974971136,8.0,0.010162239258334819,0.05488585307971866,0.0055724942091926865,0.17553356758956962
meanrev,2.0,1.5,34356,"{""family"": ""meanrev"", ""min_ddv"": 10000000.0, ""min_price"": 5.0, ""regime"": ""spy200"", ""trend"": true, ""mom_min"": 0.0, ""rsi2_max"": 5.0, ""rsi14_max"": 100.0, ""ret21_max"": 1.0, ""dist_ema20_max"": 0.0, ""dist_ema50_min"": -1.0, ""dist_hh60_min"": -1.0, ""atr_ratio_max"": 10.0, ""vol_ratio_min"": 0.0, ""up_close"": false, ""strong_close"": false}",12749,1819.861165428236,0.45933014354066987,0.09552272321622178,1.1612609085886667,11.0,0.0,0.03986302519662332,0.004234800686781516,0.09701543391535837,8821,2203.7405886379192,0.4532365944904206,0.08660552103301318,1.1457773698504783,10.0,0.0,0.05427049479460368,0.006285610451478358,0.15839738337725462,11218,2802.5804243668717,0.46585844178998037,0.12215557422363967,1.2116346963834144,11.0,0.01586735603494384,0.05488585307971866,0.007780386940408196,0.17824159172571505
meanrev,2.0,2.0,34356,"{""family"": ""meanrev"", ""min_ddv"": 10000000.0, ""min_price"": 5.0, ""regime"": ""spy200"", ""trend"": true, ""mom_min"": 0.0, ""rsi2_max"": 5.0, ""rsi14_max"": 100.0, ""ret21_max"": 1.0, ""dist_ema20_max"": 0.0, ""dist_ema50_min"": -1.0, ""dist_hh60_min"": -1.0, ""atr_ratio_max"": 10.0, ""vol_ratio_min"": 0.0, ""up_close"": false, ""strong_close"": false}",12749,1819.861165428236,0.3979919993724998,0.13591257891753597,1.205767075383143,14.0,0.0,0.03986302519662332,0.005750445413041926,0.10350801743475467,8821,2203.7405886379192,0.3976873370366172,0.14272269979114394,1.2178536974158842,13.0,0.0,0.05427049479460368,0.009310939303348451,0.18048897726490842,11218,2802.5804243668717,0.4090747013727937,0.17062707272045624,1.2666929205462887,14.0,0.02183990016045641,0.05488585307971866,0.010788001872225854,0.19418403370006537
meanrev,2.0,3.0,34356,"{""family"": ""meanrev"", ""min_ddv"": 10000000.0, ""min_price"": 5.0, ""regime"": ""spy200"", ""trend"": true, ""mom_min"": 0.0, ""rsi2_max"": 5.0, ""rsi14_max"": 100.0, ""ret21_max"": 1.0, ""dist_ema20_max"": 0.0, ""dist_ema50_min"": -1.0, ""dist_hh60_min"": -1.0, ""atr_ratio_max"": 10.0, ""vol_ratio_min"": 0.0, ""up_close"": false, ""strong_close"": false}",12749,1819.861165428236,0.3243391638559887,0.23112842213376386,1.3106177322474033,18.0,0.0,0.03986302519662332,0.00945377531194176,0.13235285436718464,8821,2203.7405886379192,0.32048520575898426,0.22197232553153062,1.3001560437026187,19.0,0.0,0.05427049479460368,0.014375221179972324,0.1906608282817382,11218,2802.5804243668717,0.34061330005348545,0.25782863170964465,1.359244186233966,18.0,0.035746122303440896,0.05488585307971866,0.015648671621815862,0.2190814027054221
meanrev,3.0,0.5,34356,"{""family"": ""meanrev"", ""min_ddv"": 10000000.0, ""min_price"": 5.0, ""regime"": ""spy200"", ""trend"": true, ""mom_min"": 0.0, ""rsi2_max"": 5.0, ""rsi14_max"": 100.0, ""ret21_max"": 1.0, ""dist_ema20_max"": 0.0, ""dist_ema50_min"": -1.0, ""dist_hh60_min"": -1.0, ""atr_ratio_max"": 10.0, ""vol_ratio_min"": 0.0, ""up_close"": false, ""strong_close"": false}",12385,1767.9018380915134,0.7284618490109003,0.06658981391188996,1.2296332137736103,7.0,0.0,0.059047923989087786,0.004646545327151114,0.16727563177744006,7713,1926.930184804928,0.7095812265007131,0.036960185519904216,1.1186630326646103,6.0,0.0,0.07606434246393584,0.004409417499808718,0.18519553499196617,10002,2498.788501026694,0.7138572285542891,0.05277946235640804,1.1741442749143014,7.0,0.007198560287942412,0.07766747897064562,0.004573292830012061,0.1646385418804342
meanrev,3.0,0.75,34356,"{""family"": ""meanrev"", ""min_ddv"": 10000000.0, ""min_price"": 5.0, ""regime"": ""spy200"", ""trend"": true, ""mom_min"": 0.0, ""rsi2_max"": 5.0, ""rsi14_max"": 100.0, ""ret21_max"": 1.0, ""dist_ema20_max"": 0.0, ""dist_ema50_min"": -1.0, ""dist_hh60_min"": -1.0, ""atr_ratio_max"": 10.0, ""vol_ratio_min"": 0.0, ""up_close"": false, ""strong_close"": false}",12385,1767.9018380915134,0.635284618490109,0.08225717580023686,1.210367122744885,11.0,0.0,0.059047923989087786,0.005505757254438567,0.1261318934653199,7713,1926.930184804928,0.6295864125502398,0.07212625090732096,1.1819021833666568,10.0,0.0,0.07606434246393584,0.0073396011688389665,0.18495794945474195,10002,2498.788501026694,0.6318736252749451,0.0865374261469371,1.2226206855914126,11.0,0.011897620475904818,0.07766747897064562,0.007025204543450692,0.1609410495408704
meanrev,3.0,1.0,34356,"{""family"": ""meanrev"", ""min_ddv"": 10000000.0, ""min_price"": 5.0, ""regime"": ""spy200"", ""trend"": true, ""mom_min"": 0.0, ""rsi2_max"": 5.0, ""rsi14_max"": 100.0, ""ret21_max"": 1.0, ""dist_ema20_max"": 0.0, ""dist_ema50_min"": -1.0, ""dist_hh60_min"": -1.0, ""atr_ratio_max"": 10.0, ""vol_ratio_min"": 0.0, ""up_close"": false, ""strong_close"": false}",12385,1767.9018380915134,0.5690754945498587,0.10523540245898065,1.2274204348165716,15.0,0.0,0.059047923989087786,0.006789437576259606,0.11406255128116137,7713,1926.930184804928,0.5651497471800856,0.09977654426810105,1.2144583163897311,14.0,0.0,0.07606434246393584,0.00919923421544738,0.16558621587805283,10002,2498.788501026694,0.5747850429914018,0.12406440719695203,1.2759166337818035,15.0,0.01789642071585683,0.07766747897064562,0.009950003235925618,0.1671600543635504
meanrev,3.0,1.5,34356,"{""family"": ""meanrev"", ""min_ddv"": 10000000.0, ""min_price"": 5.0, ""regime"": ""spy200"", ""trend"": true, ""mom_min"": 0.0, ""rsi2_max"": 5.0, ""rsi14_max"": 100.0, ""ret21_max"": 1.0, ""dist_ema20_max"": 0.0, ""dist_ema50_min"": -1.0, ""dist_hh60_min"": -1.0, ""atr_ratio_max"": 10.0, ""vol_ratio_min"": 0.0, ""up_close"": false, ""strong_close"": false}",12385,1767.9018380915134,0.4827614049253129,0.1689005474096587,1.3035138176813166,22.0,0.0,0.059047923989087786,0.01054338607341177,0.12076969502271663,7713,1926.930184804928,0.4816543497990406,0.1689200411926542,1.3047972824065364,22.0,0.0,0.07606434246393584,0.01447834912252748,0.16584290813076932,10002,2498.788501026694,0.4906018796240752,0.18066806330752005,1.3354167199605886,21.0,0.032093581283743254,0.07766747897064562,0.014438810405508028,0.17326572486609634
meanrev,3.0,2.0,34356,"{""family"": ""meanrev"", ""min_ddv"": 10000000.0, ""min_price"": 5.0, ""regime"": ""spy200"", ""trend"": true, ""mom_min"": 0.0, ""rsi2_max"": 5.0, ""rsi14_max"": 100.0, ""ret21_max"": 1.0, ""dist_ema20_max"": 0.0, ""dist_ema50_min"": -1.0, ""dist_hh60_min"": -1.0, ""atr_ratio_max"": 10.0, ""vol_ratio_min"": 0.0, ""up_close"": false, ""strong_close"": false}",12385,1767.9018380915134,0.42834073475979006,0.24187962810543887,1.392589734583429,28.0,0.0,0.059047923989087786,0.014611366613514747,0.13150229952163273,7713,1926.930184804928,0.4186438480487489,0.2156649385380353,1.3471662463693668,28.0,0.0,0.07606434246393584,0.018385308641267882,0.16546777777141092,10002,2498.788501026694,0.4411117776444711,0.2496808209170281,1.4225754710792697,27.0,0.04539092181563687,0.07766747897064562,0.01976797397410031,0.1845010904249362
meanrev,3.0,3.0,34356,"{""family"": ""meanrev"", ""min_ddv"": 10000000.0, ""min_price"": 5.0, ""regime"": ""spy200"", ""trend"": true, ""mom_min"": 0.0, ""rsi2_max"": 5.0, ""rsi14_max"": 100.0, ""ret21_max"": 1.0, ""dist_ema20_max"": 0.0, ""dist_ema50_min"": -1.0, ""dist_hh60_min"": -1.0, ""atr_ratio_max"": 10.0, ""vol_ratio_min"": 0.0, ""up_close"": false, ""strong_close"": false}",12385,1767.9018380915134,0.35639886960032297,0.37389558486707786,1.5387794783676838,39.0,0.0008074283407347598,0.059047923989087786,0.021766315778102036,0.14064388656619778,7713,1926.930184804928,0.32010890704006223,0.22892177499584043,1.314233629720016,41.0,0.0011668611435239206,0.07606434246393584,0.02032980838118953,0.12495394419657954,10002,2498.788501026694,0.3704259148170366,0.33074797703525977,1.4955449116189752,35.0,0.07188562287542491,0.07766747897064562,0.024918959837479493,0.17941651082985235
meanrev,1.0,0.5,28757,"{""family"": ""meanrev"", ""min_ddv"": 10000000.0, ""min_price"": 5.0, ""regime"": ""spy200"", ""trend"": true, ""mom_min"": 0.0, ""rsi2_max"": 5.0, ""rsi14_max"": 100.0, ""ret21_max"": 1.0, ""dist_ema20_max"": 0.0, ""dist_ema50_min"": -0.05, ""dist_hh60_min"": -1.0, ""atr_ratio_max"": 10.0, ""vol_ratio_min"": 0.0, ""up_close"": false, ""strong_close"": false}",11466,1636.7188111067658,0.6911739054596198,-0.061991188184263246,0.8218831974110941,1.0,0.0,0.019176611163756886,-0.0009724601311891542,-0.24505995305966688,7518,1878.2135523613963,0.6745144985368449,-0.06612734542775227,0.8182533510376883,1.0,0.0,0.0256352081132937,-0.0016675662126476006,-0.42022668558719534,9709,2425.5886379192334,0.6833865485631888,-0.04933694509938069,0.8594707770715734,2.0,0.0015449582861262745,0.026048280303045224,-0.0009937442194637588,-0.1252117716524336
meanrev,1.0,0.75,28757,"{""family"": ""meanrev"", ""min_ddv"": 10000000.0, ""min_price"": 5.0, ""regime"": ""spy200"", ""trend"": true, ""mom_min"": 0.0, ""rsi2_max"": 5.0, ""rsi14_max"": 100.0, ""ret21_max"": 1.0, ""dist_ema20_max"": 0.0, ""dist_ema50_min"": -0.05, ""dist_hh60_min"": -1.0, ""atr_ratio_max"": 10.0, ""vol_ratio_min"": 0.0, ""up_close"": false, ""strong_close"": false}",11466,1636.7188111067658,0.6091923949066806,-0.032106601563836094,0.9275991685070213,2.0,0.0,0.019176611163756886,-0.0003252011499312363,-0.04097534489133578,7518,1878.2135523613963,0.5868582069699388,-0.05340430820361787,0.8850509572384335,2.0,0.0,0.0256352081132937,-0.001301070991455312,-0.16393494492336932,9709,2425.5886379192334,0.5981048511690185,-0.029382053127520447,0.935063283721,2.0,0.002471933257802039,0.026048280303045224,-7.64957916869957e-05,-0.009638469752561458
meanrev,1.0,1.0,28757,"{""family"": ""meanrev"", ""min_ddv"": 10000000.0, ""min_price"": 5.0, ""regime"": ""spy200"", ""trend"": true, ""mom_min"": 0.0, ""rsi2_max"": 5.0, ""rsi14_max"": 100.0, ""ret21_max"": 1.0, ""dist_ema20_max"": 0.0, ""dist_ema50_min"": -0.05, ""dist_hh60_min"": -1.0, ""atr_ratio_max"": 10.0, ""vol_ratio_min"": 0.0, ""up_close"": false, ""strong_close"": false}",11466,1636.7188111067658,0.5428222571079714,-0.010600329819477118,0.979676267598204,2.0,0.0,0.019176611163756886,8.297469944927494e-05,0.010454812130608643,7518,1878.2135523613963,0.527001862197393,-0.026975388022677696,0.9494280986125991,2.0,0.0,0.0256352081132937,-0.0004705569659879331,-0.05929017771447957,9709,2425.5886379192334,0.5346585642187661,-0.007434003788668225,0.9859121616349821,3.0,0.002780924915027294,0.026048280303045224,0.00055493530259037,0.046614565417591076
meanrev,1.0,1.5,28757,"{""family"": ""meanrev"", ""min_ddv"": 10000000.0, ""min_price"": 5.0, ""regime"": ""spy200"", ""trend"": true, ""mom_min"": 0.0, ""rsi2_max"": 5.0, ""rsi14_max"": 100.0, ""ret21_max"": 1.0, ""dist_ema20_max"": 0.0, ""dist_ema50_min"": -0.05, ""dist_hh60_min"": -1.0, ""atr_ratio_max"": 10.0, ""vol_ratio_min"": 0.0, ""up_close"": false, ""strong_close"": false}",11466,1636.7188111067658,0.4466248037676609,0.01649193542029547,1.0259952966938832,3.0,0.0,0.019176611163756886,0.0006604485222718543,0.05547767587083577,7518,1878.2135523613963,0.43136472466081405,-0.010369175875122205,0.9839294162961885,3.0,0.0,0.0256352081132937,-0.0001091080793183135,-0.009165078662738335,9709,2425.5886379192334,0.45050983623442165,0.045895411140137767,1.073393373755396,3.0,0.004119888763003399,0.026048280303045224,0.0020139519651509656,0.1691719650726811
meanrev,1.0,2.0,28757,"{""family"": ""meanrev"", ""min_ddv"": 10000000.0, ""min_price"": 5.0, ""regime"": ""spy200"", ""trend"": true, ""mom_min"": 0.0, ""rsi2_max"": 5.0, ""rsi14_max"": 100.0, ""ret21_max"": 1.0, ""dist_ema20_max"": 0.0, ""dist_ema50_min"": -0.05, ""dist_hh60_min"": -1.0, ""atr_ratio_max"": 10.0, ""vol_ratio_min"": 0.0, ""up_close"": false, ""strong_close"": false}",11466,1636.7188111067658,0.37528344671201813,0.019438012483778567,1.0270547068819051,4.0,0.0,0.019176611163756886,0.0007063598868757307,0.044500672873171034,7518,1878.2135523613963,0.37270550678371905,0.024455861689861663,1.0342873295340922,4.0,0.0,0.0256352081132937,0.0010052596196716173,0.06333135603931189,9709,2425.5886379192334,0.38459161602636727,0.06372544339086501,1.0906856844764332,4.0,0.006282830363580183,0.026048280303045224,0.0024638994496279498,0.15522566532656085
meanrev,1.0,3.0,28757,"{""family"": ""meanrev"", ""min_ddv"": 10000000.0, ""min_price"": 5.0, ""regime"": ""spy200"", ""trend"": true, ""mom_min"": 0.0, ""rsi2_max"": 5.0, ""rsi14_max"": 100.0, ""ret21_max"": 1.0, ""dist_ema20_max"": 0.0, ""dist_ema50_min"": -0.05, ""dist_hh60_min"": -1.0, ""atr_ratio_max"": 10.0, ""vol_ratio_min"": 0.0, ""up_close"": false, ""strong_close"": false}",11466,1636.7188111067658,0.2886795743938601,0.0379106840249492,1.0460399354425625,5.0,0.0,0.019176611163756886,0.000910599103536349,0.04589419481823199,7518,1878.2135523613963,0.2922319765895185,0.07079993633027487,1.0876465615667552,5.0,0.0,0.0256352081132937,0.0024794891173266945,0.12496625151326539,9709,2425.5886379192334,0.30507776290040167,0.1141496785382027,1.1431266911002542,5.0,0.009578741373982902,0.026048280303045224,0.003381956253540425,0.17045059517843741
meanrev,1.5,0.5,28757,"{""family"": ""meanrev"", ""min_ddv"": 10000000.0, ""min_price"": 5.0, ""regime"": ""spy200"", ""trend"": true, ""mom_min"": 0.0, ""rsi2_max"": 5.0, ""rsi14_max"": 100.0, ""ret21_max"": 1.0, ""dist_ema20_max"": 0.0, ""dist_ema50_min"": -0.05, ""dist_hh60_min"": -1.0, ""atr_ratio_max"": 10.0, ""vol_ratio_min"": 0.0, ""up_close"": false, ""strong_close"": false}",11451,1634.5776300351974,0.7076237883154309,-0.0007655994490957238,0.9976257420653518,2.0,0.0,0.028756760221312423,0.0002265524393576451,0.028545607359063283,7434,1857.2279260780288,0.6833467850417003,-0.025486353084051037,0.9264612826833563,2.0,0.0,0.03827815646147429,-0.00027905016333130847,-0.035160320579744865,9598,2397.857631759069,0.6947280683475724,-0.006803016098404733,0.9796826994319835,3.0,0.0035424046676390914,0.03885993860525458,0.0005220269780798246,0.04385026615870526
meanrev,1.5,0.75,28757,"{""family"": ""meanrev"", ""min_ddv"": 10000000.0, ""min_price"": 5.0, ""regime"": ""spy200"", ""trend"": true, ""mom_min"": 0.0, ""rsi2_max"": 5.0, ""rsi14_max"": 100.0, ""ret21_max"": 1.0, ""dist_ema20_max"": 0.0, ""dist_ema50_min"": -0.05, ""dist_hh60_min"": -1.0, ""atr_ratio_max"": 10.0, ""vol_ratio_min"": 0.0, ""up_close"": false, ""strong_close"": false}",11451,1634.5776300351974,0.6195965417867435,0.02312541410230341,1.0548660283135456,3.0,0.0,0.028756760221312423,0.0008824345747284356,0.0741245042771886,7434,1857.2279260780288,0.6006187785848803,-0.0007387291244132897,0.9983128124905624,3.0,0.0,0.03827815646147429,0.0008954248591211861,0.07521568816617964,9598,2397.857631759069,0.6134611377370286,0.025692401607770258,1.0601634004475677,4.0,0.004271723275682434,0.03885993860525458,0.0019148432774466187,0.12063512647913698
meanrev,1.5,1.0,28757,"{""family"": ""meanrev"", ""min_ddv"": 10000000.0, ""min_price"": 5.0, ""regime"": ""spy200"", ""trend"": true, ""mom_min"": 0.0, ""rsi2_max"": 5.0, ""rsi14_max"": 100.0, ""ret21_max"": 1.0, ""dist_ema20_max"": 0.0, ""dist_ema50_min"": -0.05, ""dist_hh60_min"": -1.0, ""atr_ratio_max"": 10.0, ""vol_ratio_min"": 0.0, ""up_close"": false, ""strong_close"": false}",11451,1634.5776300351974,0.5520041917736442,0.041193518759918474,1.0829547214625987,4.0,0.0,0.028756760221312423,0.0013958240562138553,0.08793691554147288,7434,1857.2279260780288,0.5332257196663976,0.009531362410533022,1.0185379163914894,4.0,0.0,0.03827815646147429,0.0013161294127955084,0.08291615300611703,9598,2397.857631759069,0.5528235048968535,0.056211142061558354,1.1138311916993824,5.0,0.005626172119191498,0.03885993860525458,0.003142338748085785,0.15837387290352356
meanrev,1.5,1.5,28757,"{""family"": ""meanrev"", ""min_ddv"": 10000000.0, ""min_price"": 5.0, ""regime"": ""spy200"", ""trend"": true, ""mom_min"": 0.0, ""rsi2_max"": 5.0, ""rsi14_max"": 100.0, ""ret21_max"": 1.0, ""dist_ema20_max"": 0.0, ""dist_ema50_min"": -0.05, ""dist_hh60_min"": -1.0, ""atr_ratio_max"": 10.0, ""vol_ratio_min"": 0.0, ""up_close"": false, ""strong_close"": false}",11451,1634.5776300351974,0.446860536197712,0.04831594005523102,1.0784803851397138,6.0,0.0,0.028756760221312423,0.0015196399474194894,0.06382487779161855,7434,1857.2279260780288,0.44040893193435565,0.040581751394572485,1.0657834374313333,6.0,0.0,0.03827815646147429,0.0027348858795945255,0.11486520694297007,9598,2397.857631759069,0.4582204625963742,0.08951006932545981,1.1491513330971634,6.0,0.00906438841425297,0.03885993860525458,0.004557453618092679,0.19141305195989253
meanrev,1.5,2.0,28757,"{""family"": ""meanrev"", ""min_ddv"": 10000000.0, ""min_price"": 5.0, ""regime"": ""spy200"", ""trend"": true, ""mom_min"": 0.0, ""rsi2_max"": 5.0, ""rsi14_max"": 100.0, ""ret21_max"": 1.0, ""dist_ema20_max"": 0.0, ""dist_ema50_min"": -0.05, ""dist_hh60_min"": -1.0, ""atr_ratio_max"": 10.0, ""vol_ratio_min"": 0.0, ""up_close"": false, ""strong_close"": false}",11451,1634.5776300351974,0.37953017203737666,0.06190614670635874,1.0892834622521466,8.0,0.0,0.028756760221312423,0.002006443919951056,0.06320298347845826,7434,1857.2279260780288,0.3794726930320151,0.07480757364572271,1.109171010108902,7.0,0.0,0.03827815646147429,0.004284891085536186,0.15425607907930267,9598,2397.857631759069,0.39779120650135447,0.12714964333286358,1.1905024372822284,8.0,0.012919358199624921,0.03885993860525458,0.006170731213256193,0.19437803321757008
meanrev,1.5,3.0,28757,"{""family"": ""meanrev"", ""min_ddv"": 10000000.0, ""min_price"": 5.0, ""regime"": ""spy200"", ""trend"": true, ""mom_min"": 0.0, ""rsi2_max"": 5.0, ""rsi14_max"": 100.0, ""ret21_max"": 1.0, ""dist_ema20_max"": 0.0, ""dist_ema50_min"": -0.05, ""dist_hh60_min"": -1.0, ""atr_ratio_max"": 10.0, ""vol_ratio_min"": 0.0, ""up_close"": false, ""strong_close"": false}",11451,1634.5776300351974,0.30241900270718713,0.12649955804463595,1.1618830369805546,10.0,0.0,0.028756760221312423,0.003826276434017658,0.096422166137245,7434,1857.2279260780288,0.3083131557707829,0.1621682628274932,1.2115157182393401,10.0,0.0,0.03827815646147429,0.007934247531712006,0.19994303779914255,9598,2397.857631759069,0.32194207126484686,0.19695421786130352,1.261212402405478,11.0,0.019587414044592622,0.03885993860525458,0.009336687699532106,0.21389502729837187
meanrev,2.0,0.5,28757,"{""family"": ""meanrev"", ""min_ddv"": 10000000.0, ""min_price"": 5.0, ""regime"": ""spy200"", ""trend"": true, ""mom_min"": 0.0, ""rsi2_max"": 5.0, ""rsi14_max"": 100.0, ""ret21_max"": 1.0, ""dist_ema20_max"": 0.0, ""dist_ema50_min"": -0.05, ""dist_hh60_min"": -1.0, ""atr_ratio_max"": 10.0, ""vol_ratio_min"": 0.0, ""up_close"": false, ""strong_close"": false}",11416,1629.581540868205,0.7168009810791871,0.031664558366445036,1.10273925917789,3.0,0.0,0.03829299303610341,0.0014444563258611326,0.12133433137233514,7272,1816.7556468172484,0.6933443344334433,0.002177913839993779,1.0065437414678868,3.0,0.0,0.05047770946184945,0.0014476405849896887,0.12160180913913383,9431,2356.13620807666,0.7089386067225109,0.029427613869720943,1.0930538237409944,4.0,0.004241331778178348,0.05128737675894065,0.002505506652415614,0.15784691910218368
meanrev,2.0,0.75,28757,"{""family"": ""meanrev"", ""min_ddv"": 10000000.0, ""min_price"": 5.0, ""regime"": ""spy200"", ""trend"": true, ""mom_min"": 0.0, ""rsi2_max"": 5.0, ""rsi14_max"": 100.0, ""ret21_max"": 1.0, ""dist_ema20_max"": 0.0, ""dist_ema50_min"": -0.05, ""dist_hh60_min"": -1.0, ""atr_ratio_max"": 10.0, ""vol_ratio_min"": 0.0, ""up_close"": false, ""strong_close"": false}",11416,1629.581540868205,0.6304309740714786,0.05887676627702688,1.146286744059511,5.0,0.0,0.03829299303610341,0.002515071967159245,0.12675962714482594,7272,1816.7556468172484,0.6057480748074807,0.018202321792323475,1.0424804902264757,5.0,0.0,0.05047770946184945,0.0022291777427844053,0.11235055823633402,9431,2356.13620807666,0.62782313646485,0.06394916909202053,1.1581464043807967,6.0,0.006361997667267522,0.05128737675894065,0.004480169702166168,0.18816712749097905
meanrev,2.0,1.0,28757,"{""family"": ""meanrev"", ""min_ddv"": 10000000.0, ""min_price"": 5.0, ""regime"": ""spy200"", ""trend"": true, ""mom_min"": 0.0, ""rsi2_max"": 5.0, ""rsi14_max"": 100.0, ""ret21_max"": 1.0, ""dist_ema20_max"": 0.0, ""dist_ema50_min"": -0.05, ""dist_hh60_min"": -1.0, ""atr_ratio_max"": 10.0, ""vol_ratio_min"": 0.0, ""up_close"": false, ""strong_close"": false}",11416,1629.581540868205,0.5558864751226349,0.06422200255060947,1.1324612852660283,7.0,0.0,0.03829299303610341,0.0026872258664874674,0.09674013119354882,7272,1816.7556468172484,0.5424917491749175,0.04025416277955157,1.0809703534382877,6.0,0.0,0.05047770946184945,0.0034661872208487767,0.14557986327564862,9431,2356.13620807666,0.5607040610751776,0.08443774520746192,1.1770764312694173,7.0,0.009542996500901284,0.05128737675894065,0.005619011999444364,0.2022844319799971
meanrev,2.0,1.5,28757,"{""family"": ""meanrev"", ""min_ddv"": 10000000.0, ""min_price"": 5.0, ""regime"": ""spy200"", ""trend"": true, ""mom_min"": 0.0, ""rsi2_max"": 5.0, ""rsi14_max"": 100.0, ""ret21_max"": 1.0, ""dist_ema20_max"": 0.0, ""dist_ema50_min"": -0.05, ""dist_hh60_min"": -1.0, ""atr_ratio_max"": 10.0, ""vol_ratio_min"": 0.0, ""up_close"": false, ""strong_close"": false}",11416,1629.581540868205,0.45716538192011213,0.08836892001630732,1.1486474047652837,10.0,0.0,0.03829299303610341,0.003651868558366267,0.09202708767082993,7272,1816.7556468172484,0.45324532453245325,0.08447327570601151,1.1418703124367462,10.0,0.0,0.05047770946184945,0.006048811163666713,0.15243004132440116,9431,2356.13620807666,0.4708938606722511,0.13216561479097647,1.2299227366768608,11.0,0.015056727812533135,0.05128737675894065,0.008107737637344492,0.1857408986009829
meanrev,2.0,2.0,28757,"{""family"": ""meanrev"", ""min_ddv"": 10000000.0, ""min_price"": 5.0, ""regime"": ""spy200"", ""trend"": true, ""mom_min"": 0.0, ""rsi2_max"": 5.0, ""rsi14_max"": 100.0, ""ret21_max"": 1.0, ""dist_ema20_max"": 0.0, ""dist_ema50_min"": -0.05, ""dist_hh60_min"": -1.0, ""atr_ratio_max"": 10.0, ""vol_ratio_min"": 0.0, ""up_close"": false, ""strong_close"": false}",11416,1629.581540868205,0.39689908899789766,0.1317754285218388,1.1991908371248092,13.0,0.0,0.03829299303610341,0.0052558103157079525,0.10188186150449262,7272,1816.7556468172484,0.3998899889988999,0.14768061980295824,1.2256479315986322,13.0,0.0,0.05047770946184945,0.009115451359881014,0.17669951866846273,9431,2356.13620807666,0.4131057151945711,0.18176615011546324,1.2846838909364522,13.0,0.020570459124164987,0.05128737675894065,0.011098716579860524,0.21514435216345015
meanrev,2.0,3.0,28757,"{""family"": ""meanrev"", ""min_ddv"": 10000000.0, ""min_price"": 5.0, ""regime"": ""spy200"", ""trend"": true, ""mom_min"": 0.0, ""rsi2_max"": 5.0, ""rsi14_max"": 100.0, ""ret21_max"": 1.0, ""dist_ema20_max"": 0.0, ""dist_ema50_min"": -0.05, ""dist_hh60_min"": -1.0, ""atr_ratio_max"": 10.0, ""vol_ratio_min"": 0.0, ""up_close"": false, ""strong_close"": false}",11416,1629.581540868205,0.3258584442887176,0.2377276155179282,1.3202617826810026,18.0,0.0,0.03829299303610341,0.009311247039275664,0.1303574585498593,7272,1816.7556468172484,0.3221947194719472,0.2264104889946311,1.3058702553468253,18.0,0.0,0.05047770946184945,0.013723046884865288,0.19212265638811404,9431,2356.13620807666,0.3446082069769908,0.2746560008964671,1.3835735594023293,18.0,0.03350652104760895,0.05128737675894065,0.015716096477456434,0.22002535068439008
meanrev,3.0,0.5,28757,"{""family"": ""meanrev"", ""min_ddv"": 10000000.0, ""min_price"": 5.0, ""regime"": ""spy200"", ""trend"": true, ""mom_min"": 0.0, ""rsi2_max"": 5.0, ""rsi14_max"": 100.0, ""ret21_max"": 1.0, ""dist_ema20_max"": 0.0, ""dist_ema50_min"": -0.05, ""dist_hh60_min"": -1.0, ""atr_ratio_max"": 10.0, ""vol_ratio_min"": 0.0, ""up_close"": false, ""strong_close"": false}",11218,1601.317950723504,0.7238366910322696,0.05907393912039325,1.2003715294163833,7.0,0.0,0.05700177462533927,0.003980749522359496,0.14330698280494186,6667,1665.609171800137,0.7046647667616619,0.028641839857200976,1.0905422306259451,6.0,0.0,0.07273397684291387,0.003722306953544835,0.15633689204888307,8737,2182.7549623545515,0.717065354240586,0.05678855378583244,1.1893940671262138,7.0,0.0073251688222502,0.07395745423597859,0.004832277420168801,0.17396198712607686
meanrev,3.0,0.75,28757,"{""family"": ""meanrev"", ""min_ddv"": 10000000.0, ""min_price"": 5.0, ""regime"": ""spy200"", ""trend"": true, ""mom_min"": 0.0, ""rsi2_max"": 5.0, ""rsi14_max"": 100.0, ""ret21_max"": 1.0, ""dist_ema20_max"": 0.0, ""dist_ema50_min"": -0.05, ""dist_hh60_min"": -1.0, ""atr_ratio_max"": 10.0, ""vol_ratio_min"": 0.0, ""up_close"": false, ""strong_close"": false}",11218,1601.317950723504,0.6321091103583526,0.07575862915957719,1.1920871971053246,11.0,0.0,0.05700177462533927,0.004928515080579404,0.11290780002781907,6667,1665.609171800137,0.6253187340632969,0.0638099294980389,1.1592828376702156,10.0,0.0,0.07273397684291387,0.0066241188276985,0.1669277944580022,8737,2182.7549623545515,0.6352294838045096,0.09194771119718977,1.2385482013545912,11.0,0.011560032047613597,0.07395745423597859,0.0072679496903899216,0.16650212017984184
meanrev,3.0,1.0,28757,"{""family"": ""meanrev"", ""min_ddv"": 10000000.0, ""min_price"": 5.0, ""regime"": ""spy200"", ""trend"": true, ""mom_min"": 0.0, ""rsi2_max"": 5.0, ""rsi14_max"": 100.0, ""ret21_max"": 1.0, ""dist_ema20_max"": 0.0, ""dist_ema50_min"": -0.05, ""dist_hh60_min"": -1.0, ""atr_ratio_max"": 10.0, ""vol_ratio_min"": 0.0, ""up_close"": false, ""strong_close"": false}",11218,1601.317950723504,0.5673025494740596,0.10042404892007528,1.2160688071266557,15.0,0.0,0.05700177462533927,0.006282694719138845,0.1055492712815326,6667,1665.609171800137,0.5623218839058047,0.09317436220941018,1.1990817712328163,14.0,0.0,0.07273397684291387,0.008555008413535573,0.1539901514436403,8737,2182.7549623545515,0.5777726908549845,0.13008772735960455,1.2910235668604857,15.0,0.01693945290145359,0.07395745423597859,0.010147653603513981,0.1704805805390349
meanrev,3.0,1.5,28757,"{""family"": ""meanrev"", ""min_ddv"": 10000000.0, ""min_price"": 5.0, ""regime"": ""spy200"", ""trend"": true, ""mom_min"": 0.0, ""rsi2_max"": 5.0, ""rsi14_max"": 100.0, ""ret21_max"": 1.0, ""dist_ema20_max"": 0.0, ""dist_ema50_min"": -0.05, ""dist_hh60_min"": -1.0, ""atr_ratio_max"": 10.0, ""vol_ratio_min"": 0.0, ""up_close"": false, ""strong_close"": false}",11218,1601.317950723504,0.48243893742200034,0.16746912920280985,1.3006112643500336,21.0,0.0,0.05700177462533927,0.010068303187498264,0.12081963824997917,6667,1665.609171800137,0.4816259187040648,0.16817460471776868,1.3033154614253204,21.0,0.0,0.07273397684291387,0.014269924875480348,0.17123909850576416,8737,2182.7549623545515,0.4936477051619549,0.18997781242570422,1.3545608750254885,21.0,0.029987409866086757,0.07395745423597859,0.014741869805186148,0.1769024376622338
meanrev,3.0,2.0,28757,"{""family"": ""meanrev"", ""min_ddv"": 10000000.0, ""min_price"": 5.0, ""regime"": ""spy200"", ""trend"": true, ""mom_min"": 0.0, ""rsi2_max"": 5.0, ""rsi14_max"": 100.0, ""ret21_max"": 1.0, ""dist_ema20_max"": 0.0, ""dist_ema50_min"": -0.05, ""dist_hh60_min"": -1.0, ""atr_ratio_max"": 10.0, ""vol_ratio_min"": 0.0, ""up_close"": false, ""strong_close"": false}",11218,1601.317950723504,0.4294883223390979,0.24518348446580554,1.3985989453749017,27.0,0.0,0.05700177462533927,0.014300967159210035,0.13347569348596033,6667,1665.609171800137,0.41862906854657267,0.21520509240701854,1.346113011227401,27.0,0.0,0.07273397684291387,0.01804090695884956,0.1683817982825959,8737,2182.7549623545515,0.444889550188852,0.2638336106306936,1.449269567981954,26.0,0.04280645530502461,0.07395745423597859,0.020121282587315728,0.19502166200013704
meanrev,3.0,3.0,28757,"{""family"": ""meanrev"", ""min_ddv"": 10000000.0, ""min_price"": 5.0, ""regime"": ""spy200"", ""trend"": true, ""mom_min"": 0.0, ""rsi2_max"": 5.0, ""rsi14_max"": 100.0, ""ret21_max"": 1.0, ""dist_ema20_max"": 0.0, ""dist_ema50_min"": -0.05, ""dist_hh60_min"": -1.0, ""atr_ratio_max"": 10.0, ""vol_ratio_min"": 0.0, ""up_close"": false, ""strong_close"": false}",11218,1601.317950723504,0.35781779283294707,0.3798216893895489,1.5483457569321892,38.0,0.0005348546978070957,0.05700177462533927,0.02143252243456783,0.1421314645660814,6667,1665.609171800137,0.319934003299835,0.22625931633929483,1.3099409690363768,39.0,0.0010499475026248687,0.07273397684291387,0.020005794004403218,0.12926820741306694,8737,2182.7549623545515,0.3738125214604555,0.35449963681665503,1.5336338774397567,35.0,0.06581206363740415,0.07395745423597859,0.025824704485102917,0.185937872292741
meanrev,1.0,0.5,67489,"{""family"": ""meanrev"", ""min_ddv"": 10000000.0, ""min_price"": 5.0, ""regime"": ""spy200"", ""trend"": true, ""mom_min"": 0.0, ""rsi2_max"": 10.0, ""rsi14_max"": 100.0, ""ret21_max"": 1.0, ""dist_ema20_max"": 0.0, ""dist_ema50_min"": -1.0, ""dist_hh60_min"": -1.0, ""atr_ratio_max"": 10.0, ""vol_ratio_min"": 0.0, ""up_close"": false, ""strong_close"": false}",25675,3664.9882675009776,0.6907887049659202,-0.05927684812548716,0.8296208326765787,1.0,0.0,0.01997632913951666,-0.0010175824736486986,-0.25643078335947206,18074,4515.407255304586,0.6770499059422375,-0.058751396983631396,0.8364360805883274,1.0,0.0,0.02808617965797943,-0.00196435184177591,-0.49501666412752926,23274,5814.517453798768,0.6789980235455874,-0.046038167277635406,0.8699533070999822,2.0,0.0018905216120993383,0.028451590938138628,-0.0010298816768921062,-0.12976509128840538
meanrev,1.0,0.75,67489,"{""family"": ""meanrev"", ""min_ddv"": 10000000.0, ""min_price"": 5.0, ""regime"": ""spy200"", ""trend"": true, ""mom_min"": 0.0, ""rsi2_max"": 10.0, ""rsi14_max"": 100.0, ""ret21_max"": 1.0, ""dist_ema20_max"": 0.0, ""dist_ema50_min"": -1.0, ""dist_hh60_min"": -1.0, ""atr_ratio_max"": 10.0, ""vol_ratio_min"": 0.0, ""up_close"": false, ""strong_close"": false}",25675,3664.9882675009776,0.6098149951314509,-0.02722470605886096,0.9383412252919668,2.0,0.0,0.01997632913951666,-0.0002841619003808914,-0.03580439944799231,18074,4515.407255304586,0.5929512006196747,-0.0374592627840125,0.9176460116876825,2.0,0.0,0.02808617965797943,-0.0013295864948249774,-0.16752789834794715,23274,5814.517453798768,0.5937097189997422,-0.024766872187159145,0.9451816677179229,2.0,0.0027068832173240526,0.028451590938138628,-0.0002260877208128357,-0.028487052822417296
meanrev,1.0,1.0,67489,"{""family"": ""meanrev"", ""min_ddv"": 10000000.0, ""min_price"": 5.0, ""regime"": ""spy200"", ""trend"": true, ""mom_min"": 0.0, ""rsi2_max"": 10.0, ""rsi14_max"": 100.0, ""ret21_max"": 1.0, ""dist_ema20_max"": 0.0, ""dist_ema50_min"": -1.0, ""dist_hh60_min"": -1.0, ""atr_ratio_max"": 10.0, ""vol_ratio_min"": 0.0, ""up_close"": false, ""strong_close"": false}",25675,3664.9882675009776,0.5430574488802337,-0.007951885686948318,0.9847170895850041,2.0,0.0,0.01997632913951666,0.00018371157127898075,0.023147657981151575,18074,4515.407255304586,0.5318136549739958,-0.014371741125316553,0.9726889867312967,2.0,0.0,0.02808617965797943,-0.000544347474848253,-0.06858778183087988,23274,5814.517453798768,0.528400790581765,-0.006513542588914864,0.9876338608793139,3.0,0.003394345621723812,0.028451590938138628,0.00021403841161249647,0.017979226575449703
meanrev,1.0,1.5,67489,"{""family"": ""meanrev"", ""min_ddv"": 10000000.0, ""min_price"": 5.0, ""regime"": ""spy200"", ""trend"": true, ""mom_min"": 0.0, ""rsi2_max"": 10.0, ""rsi14_max"": 100.0, ""ret21_max"": 1.0, ""dist_ema20_max"": 0.0, ""dist_ema50_min"": -1.0, ""dist_hh60_min"": -1.0, ""atr_ratio_max"": 10.0, ""vol_ratio_min"": 0.0, ""up_close"": false, ""strong_close"": false}",25675,3664.9882675009776,0.44646543330087635,0.01764027394685597,1.0278269091992374,3.0,0.0,0.01997632913951666,0.0006704803982407246,0.05632035345222086,18074,4515.407255304586,0.43770056434657517,0.009594462668657149,1.0151096758293658,3.0,0.0,0.02808617965797943,1.1897999719800439e-05,0.000999431976463237,23274,5814.517453798768,0.43662455959439717,0.02413952738982374,1.0381541823501999,4.0,0.005327833634098136,0.028451590938138628,0.0009548380411478236,0.06015479659231289
meanrev,1.0,2.0,67489,"{""family"": ""meanrev"", ""min_ddv"": 10000000.0, ""min_price"": 5.0, ""regime"": ""spy200"", ""trend"": true, ""mom_min"": 0.0, ""rsi2_max"": 10.0, ""rsi14_max"": 100.0, ""ret21_max"": 1.0, ""dist_ema20_max"": 0.0, ""dist_ema50_min"": -1.0, ""dist_hh60_min"": -1.0, ""atr_ratio_max"": 10.0, ""vol_ratio_min"": 0.0, ""up_close"": false, ""strong_close"": false}",25675,3664.9882675009776,0.3785004868549172,0.031997270948172084,1.0447978580070292,4.0,0.0,0.01997632913951666,0.000890159754872921,0.05608006455699402,18074,4515.407255304586,0.373630629633728,0.032860467939034375,1.0464380071892843,4.0,0.0,0.02808617965797943,0.0007153802800923439,0.04506895764581766,23274,5814.517453798768,0.37303428718741943,0.04072102159158289,1.0576019354797903,4.0,0.007605052848672338,0.028451590938138628,0.001346626286282469,0.08483745603579554
meanrev,1.0,3.0,67489,"{""family"": ""meanrev"", ""min_ddv"": 10000000.0, ""min_price"": 5.0, ""regime"": ""spy200"", ""trend"": true, ""mom_min"": 0.0, ""rsi2_max"": 10.0, ""rsi14_max"": 100.0, ""ret21_max"": 1.0, ""dist_ema20_max"": 0.0, ""dist_ema50_min"": -1.0, ""dist_hh60_min"": -1.0, ""atr_ratio_max"": 10.0, ""vol_ratio_min"": 0.0, ""up_close"": false, ""strong_close"": false}",25675,3664.9882675009776,0.2943330087633885,0.0641319329005144,1.0786141859121225,5.0,0.0,0.01997632913951666,0.0015197035261048505,0.07659305771568446,18074,4515.407255304586,0.2891999557375235,0.0600880346535245,1.0744621416266311,5.0,0.0,0.02808617965797943,0.0015894807982085545,0.08010983222971114,23274,5814.517453798768,0.2953940018905216,0.083204105945218,1.1040113001050675,5.0,0.010956432070121164,0.028451590938138628,0.0023055693476734815,0.11620069512274347
meanrev,1.5,0.5,67489,"{""family"": ""meanrev"", ""min_ddv"": 10000000.0, ""min_price"": 5.0, ""regime"": ""spy200"", ""trend"": true, ""mom_min"": 0.0, ""rsi2_max"": 10.0, ""rsi14_max"": 100.0, ""ret21_max"": 1.0, ""dist_ema20_max"": 0.0, ""dist_ema50_min"": -1.0, ""dist_hh60_min"": -1.0, ""atr_ratio_max"": 10.0, ""vol_ratio_min"": 0.0, ""up_close"": false, ""strong_close"": false}",25613,3656.1380524051624,0.7104595322687698,0.004949511855102498,1.0154844774915188,2.0,0.0,0.02993387017236017,0.000477585061236358,0.060175717715781105,17585,4393.240930869268,0.6924083025305658,-0.009498151810928987,0.9717147234616944,2.0,0.0,0.041467716536990606,0.00020247424364167074,0.025511754698850513,22732,5679.1101984941815,0.6920640506774591,-0.00010148088001802026,0.9996955993448314,3.0,0.0037392222417737112,0.04212702985978706,0.0006468739174793006,0.054337409068261254
meanrev,1.5,0.75,67489,"{""family"": ""meanrev"", ""min_ddv"": 10000000.0, ""min_price"": 5.0, ""regime"": ""spy200"", ""trend"": true, ""mom_min"": 0.0, ""rsi2_max"": 10.0, ""rsi14_max"": 100.0, ""ret21_max"": 1.0, ""dist_ema20_max"": 0.0, ""dist_ema50_min"": -1.0, ""dist_hh60_min"": -1.0, ""atr_ratio_max"": 10.0, ""vol_ratio_min"": 0.0, ""up_close"": false, ""strong_close"": false}",25613,3656.1380524051624,0.6227696872681842,0.029290707929780495,1.0699080949367898,3.0,0.0,0.02993387017236017,0.0012830440814586264,0.10777570284252462,17585,4393.240930869268,0.6104065965311345,0.018155353330665522,1.0425450825815241,3.0,0.0,0.041467716536990606,0.0016551833070535679,0.1390353977924997,22732,5679.1101984941815,0.6060619391166637,0.023252855791698317,1.0542339317464207,4.0,0.0054548653879992965,0.04212702985978706,0.0017540302044210046,0.1105039028785233
meanrev,1.5,1.0,67489,"{""family"": ""meanrev"", ""min_ddv"": 10000000.0, ""min_price"": 5.0, ""regime"": ""spy200"", ""trend"": true, ""mom_min"": 0.0, ""rsi2_max"": 10.0, ""rsi14_max"": 100.0, ""ret21_max"": 1.0, ""dist_ema20_max"": 0.0, ""dist_ema50_min"": -1.0, ""dist_hh60_min"": -1.0, ""atr_ratio_max"": 10.0, ""vol_ratio_min"": 0.0, ""up_close"": false, ""strong_close"": false}",25613,3656.1380524051624,0.5551477765197361,0.04716902931413044,1.0953985319382513,5.0,0.0,0.02993387017236017,0.0018100128076100313,0.09122464550354557,17585,4393.240930869268,0.5440432186522605,0.03407363517350045,1.0679799278177118,4.0,0.0,0.041467716536990606,0.0023248505819509603,0.1464655866629105,22732,5679.1101984941815,0.5419232799577688,0.04467292982896356,1.089395860626448,5.0,0.007522435333450642,0.04212702985978706,0.0026082980241009033,0.13145822041468552
meanrev,1.5,1.5,67489,"{""family"": ""meanrev"", ""min_ddv"": 10000000.0, ""min_price"": 5.0, ""regime"": ""spy200"", ""trend"": true, ""mom_min"": 0.0, ""rsi2_max"": 10.0, ""rsi14_max"": 100.0, ""ret21_max"": 1.0, ""dist_ema20_max"": 0.0, ""dist_ema50_min"": -1.0, ""dist_hh60_min"": -1.0, ""atr_ratio_max"": 10.0, ""vol_ratio_min"": 0.0, ""up_close"": false, ""strong_close"": false}",25613,3656.1380524051624,0.45379299574434856,0.06571392521792874,1.1078588499628308,7.0,0.0,0.02993387017236017,0.0022466103099287194,0.08087797115743389,17585,4393.240930869268,0.4492465169178277,0.06547504505677157,1.1081720485641255,6.0,0.0,0.041467716536990606,0.003719966667059707,0.1562386000165077,22732,5679.1101984941815,0.45011437620974837,0.07559890026636867,1.12546650680047,7.0,0.011613584374450115,0.04212702985978706,0.0040382385700147285,0.14537658852053023
meanrev,1.5,2.0,67489,"{""family"": ""meanrev"", ""min_ddv"": 10000000.0, ""min_price"": 5.0, ""regime"": ""spy200"", ""trend"": true, ""mom_min"": 0.0, ""rsi2_max"": 10.0, ""rsi14_max"": 100.0, ""ret21_max"": 1.0, ""dist_ema20_max"": 0.0, ""dist_ema50_min"": -1.0, ""dist_hh60_min"": -1.0, ""atr_ratio_max"": 10.0, ""vol_ratio_min"": 0.0, ""up_close"": false, ""strong_close"": false}",25613,3656.1380524051624,0.38738140787881153,0.08733616983675414,1.127421269519913,8.0,0.0,0.02993387017236017,0.003019460778154588,0.09511301451186951,17585,4393.240930869268,0.38311060562979815,0.0872463991253541,1.1284470639481958,8.0,0.0,0.041467716536990606,0.004877419781762752,0.15363872312552668,22732,5679.1101984941815,0.3898029209924336,0.10578120213991918,1.1575916602708922,8.0,0.015660742565546365,0.04212702985978706,0.00525074919538724,0.16539859965469805
meanrev,1.5,3.0,67489,"{""family"": ""meanrev"", ""min_ddv"": 10000000.0, ""min_price"": 5.0, ""regime"": ""spy200"", ""trend"": true, ""mom_min"": 0.0, ""rsi2_max"": 10.0, ""rsi14_max"": 100.0, ""ret21_max"": 1.0, ""dist_ema20_max"": 0.0, ""dist_ema50_min"": -1.0, ""dist_hh60_min"": -1.0, ""atr_ratio_max"": 10.0, ""vol_ratio_min"": 0.0, ""up_close"": false, ""strong_close"": false}",25613,3656.1380524051624,0.3083980791004568,0.1492432070436986,1.1922470275600754,11.0,0.0,0.02993387017236017,0.004715734273469874,0.10803318517403712,17585,4393.240930869268,0.30889963036678986,0.1655701485639389,1.216813993532087,11.0,0.0,0.041467716536990606,0.008621838214113386,0.19751847545059756,22732,5679.1101984941815,0.31651416505366886,0.17514020229082192,1.2319525478370252,11.0,0.023051205349287347,0.04212702985978706,0.008369574084714386,0.1917393335770932
meanrev,2.0,0.5,67489,"{""family"": ""meanrev"", ""min_ddv"": 10000000.0, ""min_price"": 5.0, ""regime"": ""spy200"", ""trend"": true, ""mom_min"": 0.0, ""rsi2_max"": 10.0, ""rsi14_max"": 100.0, ""ret21_max"": 1.0, ""dist_ema20_max"": 0.0, ""dist_ema50_min"": -1.0, ""dist_hh60_min"": -1.0, ""atr_ratio_max"": 10.0, ""vol_ratio_min"": 0.0, ""up_close"": false, ""strong_close"": false}",25479,3637.0101681658193,0.7203186938262883,0.037516867326555535,1.1230405334553073,4.0,0.0,0.03983762767752099,0.0018835004684888842,0.1186605295147997,16944,4233.100616016427,0.703552880075543,0.01912356880463831,1.0596094800861642,3.0,0.0,0.0541103926696512,0.002261892356990887,0.1899989579872345,21972,5489.240246406571,0.701802293828509,0.027479257842843142,1.0860615039610542,4.0,0.005415983979610413,0.055095441993697446,0.0023109530985615254,0.1455900452093761
meanrev,2.0,0.75,67489,"{""family"": ""meanrev"", ""min_ddv"": 10000000.0, ""min_price"": 5.0, ""regime"": ""spy200"", ""trend"": true, ""mom_min"": 0.0, ""rsi2_max"": 10.0, ""rsi14_max"": 100.0, ""ret21_max"": 1.0, ""dist_ema20_max"": 0.0, ""dist_ema50_min"": -1.0, ""dist_hh60_min"": -1.0, ""atr_ratio_max"": 10.0, ""vol_ratio_min"": 0.0, ""up_close"": false, ""strong_close"": false}",25479,3637.0101681658193,0.6332273637112916,0.06407723592372071,1.1600973238152477,6.0,0.0,0.03983762767752099,0.0029577024829076123,0.12422350428211971,16944,4233.100616016427,0.6187440982058546,0.04389146415230973,1.1063038835297339,5.0,0.0,0.0541103926696512,0.0037650288879802767,0.18975745595420596,21972,5489.240246406571,0.6169215365010012,0.05375785810444619,1.130745931145514,6.0,0.008419807027125432,0.055095441993697446,0.0038105294812271623,0.16004223821154082
meanrev,2.0,1.0,67489,"{""family"": ""meanrev"", ""min_ddv"": 10000000.0, ""min_price"": 5.0, ""regime"": ""spy200"", ""trend"": true, ""mom_min"": 0.0, ""rsi2_max"": 10.0, ""rsi14_max"": 100.0, ""ret21_max"": 1.0, ""dist_ema20_max"": 0.0, ""dist_ema50_min"": -1.0, ""dist_hh60_min"": -1.0, ""atr_ratio_max"": 10.0, ""vol_ratio_min"": 0.0, ""up_close"": false, ""strong_close"": false}",25479,3637.0101681658193,0.5626594450331646,0.07905240062851052,1.1653538045110106,7.0,0.0,0.03983762767752099,0.00351941504603144,0.12669894165713186,16944,4233.100616016427,0.5529390934844193,0.06527000241017084,1.1349599496413572,7.0,0.0,0.0541103926696512,0.00503157192959581,0.18113658946544917,21972,5489.240246406571,0.5517931913344256,0.07291351317098815,1.1513990969183376,8.0,0.012060804660476971,0.055095441993697446,0.004978477635934565,0.1568220455319388
meanrev,2.0,1.5,67489,"{""family"": ""meanrev"", ""min_ddv"": 10000000.0, ""min_price"": 5.0, ""regime"": ""spy200"", ""trend"": true, ""mom_min"": 0.0, ""rsi2_max"": 10.0, ""rsi14_max"": 100.0, ""ret21_max"": 1.0, ""dist_ema20_max"": 0.0, ""dist_ema50_min"": -1.0, ""dist_hh60_min"": -1.0, ""atr_ratio_max"": 10.0, ""vol_ratio_min"": 0.0, ""up_close"": false, ""strong_close"": false}",25479,3637.0101681658193,0.46775776129361435,0.11721745001083483,1.2009913313805454,11.0,0.0,0.03983762767752099,0.00508986821810852,0.11660425372394063,16944,4233.100616016427,0.4601038715769594,0.10433340888368497,1.1782293671175783,10.0,0.0,0.0541103926696512,0.007525687426652751,0.1896473231516493,21972,5489.240246406571,0.4650009102494083,0.11924354329414132,1.2066945350822171,11.0,0.018341525578008375,0.055095441993697446,0.007659620212271717,0.17547493577204298
meanrev,2.0,2.0,67489,"{""family"": ""meanrev"", ""min_ddv"": 10000000.0, ""min_price"": 5.0, ""regime"": ""spy200"", ""trend"": true, ""mom_min"": 0.0, ""rsi2_max"": 10.0, ""rsi14_max"": 100.0, ""ret21_max"": 1.0, ""dist_ema20_max"": 0.0, ""dist_ema50_min"": -1.0, ""dist_hh60_min"": -1.0, ""atr_ratio_max"": 10.0, ""vol_ratio_min"": 0.0, ""up_close"": false, ""strong_close"": false}",25479,3637.0101681658193,0.4067663566074022,0.16216157394169256,1.2490281832338617,14.0,0.0,0.03983762767752099,0.006882697892679706,0.12388856206823472,16944,4233.100616016427,0.40173512747875356,0.15444909836722615,1.2376332889566957,14.0,0.0,0.0541103926696512,0.010398352786297783,0.18717035015336012,21972,5489.240246406571,0.4094301838703805,0.16999862283032796,1.2663201861081068,13.0,0.025031858729291825,0.055095441993697446,0.010788972892347889,0.20914008991320523
meanrev,2.0,3.0,67489,"{""family"": ""meanrev"", ""min_ddv"": 10000000.0, ""min_price"": 5.0, ""regime"": ""spy200"", ""trend"": true, ""mom_min"": 0.0, ""rsi2_max"": 10.0, ""rsi14_max"": 100.0, ""ret21_max"": 1.0, ""dist_ema20_max"": 0.0, ""dist_ema50_min"": -1.0, ""dist_hh60_min"": -1.0, ""atr_ratio_max"": 10.0, ""vol_ratio_min"": 0.0, ""up_close"": false, ""strong_close"": false}",25479,3637.0101681658193,0.3306252207700459,0.25723774772493957,1.34876601116239,19.0,0.0,0.03983762767752099,0.010641474932584043,0.14113956226374624,16944,4233.100616016427,0.3240084985835694,0.23770190764951812,1.323728868929596,19.0,0.0,0.0541103926696512,0.015558203612026667,0.20635091106477474,21972,5489.240246406571,0.3422082650646277,0.26068547751260107,1.3650008680050874,17.0,0.03927726196977972,0.055095441993697446,0.015760246619693375,0.23362247930369004
meanrev,3.0,0.5,67489,"{""family"": ""meanrev"", ""min_ddv"": 10000000.0, ""min_price"": 5.0, ""regime"": ""spy200"", ""trend"": true, ""mom_min"": 0.0, ""rsi2_max"": 10.0, ""rsi14_max"": 100.0, ""ret21_max"": 1.0, ""dist_ema20_max"": 0.0, ""dist_ema50_min"": -1.0, ""dist_hh60_min"": -1.0, ""atr_ratio_max"": 10.0, ""vol_ratio_min"": 0.0, ""up_close"": false, ""strong_close"": false}",24797,3539.65780211185,0.7270234302536597,0.06412917114493809,1.2197456491328875,7.0,0.0,0.05907604805769744,0.0044287556249307195,0.1594352024975059,14861,3712.7070499657766,0.7154969382948657,0.04626730347788574,1.1519271522080825,6.0,0.0,0.07591139108938223,0.004860516470151137,0.20414169174634778,19489,4868.9151266255985,0.7117348247729488,0.052875870111100155,1.1739504289691565,7.0,0.009030735286571912,0.07755074066754818,0.004574291918229503,0.1646745090562621
meanrev,3.0,0.75,67489,"{""family"": ""meanrev"", ""min_ddv"": 10000000.0, ""min_price"": 5.0, ""regime"": ""spy200"", ""trend"": true, ""mom_min"": 0.0, ""rsi2_max"": 10.0, ""rsi14_max"": 100.0, ""ret21_max"": 1.0, ""dist_ema20_max"": 0.0, ""dist_ema50_min"": -1.0, ""dist_hh60_min"": -1.0, ""atr_ratio_max"": 10.0, ""vol_ratio_min"": 0.0, ""up_close"": false, ""strong_close"": false}",24797,3539.65780211185,0.6406016856877849,0.09225607572130096,1.2395077270344643,11.0,0.0,0.05907604805769744,0.00606725003932659,0.13899518271911826,14861,3712.7070499657766,0.6355561536908687,0.08355627405610988,1.21458481550832,10.0,0.0,0.07591139108938223,0.007804188930421385,0.1966655610466189,19489,4868.9151266255985,0.6306121401816409,0.08610470202716293,1.2215536807217817,11.0,0.01477756683257222,0.07755074066754818,0.007171693688956502,0.16429698269245804
meanrev,3.0,1.0,67489,"{""family"": ""meanrev"", ""min_ddv"": 10000000.0, ""min_price"": 5.0, ""regime"": ""spy200"", ""trend"": true, ""mom_min"": 0.0, ""rsi2_max"": 10.0, ""rsi14_max"": 100.0, ""ret21_max"": 1.0, ""dist_ema20_max"": 0.0, ""dist_ema50_min"": -1.0, ""dist_hh60_min"": -1.0, ""atr_ratio_max"": 10.0, ""vol_ratio_min"": 0.0, ""up_close"": false, ""strong_close"": false}",24797,3539.65780211185,0.576077751340888,0.12026405964479386,1.2643774983663534,15.0,0.0,0.05907604805769744,0.007730191966008893,0.1298672250289494,14861,3712.7070499657766,0.5714285714285714,0.112301892424502,1.245227024112794,15.0,0.0,0.07591139108938223,0.009997418172992332,0.16795662530627115,19489,4868.9151266255985,0.5753501975473344,0.12610613631747036,1.281690370131611,15.0,0.021550618297501156,0.07755074066754818,0.010269960500406447,0.17253533640682833
meanrev,3.0,1.5,67489,"{""family"": ""meanrev"", ""min_ddv"": 10000000.0, ""min_price"": 5.0, ""regime"": ""spy200"", ""trend"": true, ""mom_min"": 0.0, ""rsi2_max"": 10.0, ""rsi14_max"": 100.0, ""ret21_max"": 1.0, ""dist_ema20_max"": 0.0, ""dist_ema50_min"": -1.0, ""dist_hh60_min"": -1.0, ""atr_ratio_max"": 10.0, ""vol_ratio_min"": 0.0, ""up_close"": false, ""strong_close"": false}",24797,3539.65780211185,0.49143041496955275,0.1908282876059682,1.348853752644115,22.0,0.0,0.05907604805769744,0.01200779029060187,0.13754377969234868,14861,3712.7070499657766,0.4852297961106251,0.1777869140257504,1.3234496596268828,22.0,0.0,0.07591139108938223,0.014976013894609154,0.17154343188370486,19489,4868.9151266255985,0.4961260198060444,0.19352500758376087,1.3637741954842006,21.0,0.03709785006926984,0.07755074066754818,0.015777384116276574,0.18932860939531887
meanrev,3.0,2.0,67489,"{""family"": ""meanrev"", ""min_ddv"": 10000000.0, ""min_price"": 5.0, ""regime"": ""spy200"", ""trend"": true, ""mom_min"": 0.0, ""rsi2_max"": 10.0, ""rsi14_max"": 100.0, ""ret21_max"": 1.0, ""dist_ema20_max"": 0.0, ""dist_ema50_min"": -1.0, ""dist_hh60_min"": -1.0, ""atr_ratio_max"": 10.0, ""vol_ratio_min"": 0.0, ""up_close"": false, ""strong_close"": false}",24797,3539.65780211185,0.43339920151631245,0.25777986545512516,1.4222465940676008,28.0,4.03274589668105e-05,0.05907604805769744,0.015805201750885657,0.1422468157579709,14861,3712.7070499657766,0.42217885741201805,0.22695227515291264,1.367922238529786,29.0,0.0,0.07591139108938223,0.018902221896183284,0.16425379027028233,19489,4868.9151266255985,0.44748319564882755,0.26532954048364205,1.4548948661739876,26.0,0.050387398019395555,0.07755074066754818,0.02130194204433438,0.20646497673739478
meanrev,3.0,3.0,67489,"{""family"": ""meanrev"", ""min_ddv"": 10000000.0, ""min_price"": 5.0, ""regime"": ""spy200"", ""trend"": true, ""mom_min"": 0.0, ""rsi2_max"": 10.0, ""rsi14_max"": 100.0, ""ret21_max"": 1.0, ""dist_ema20_max"": 0.0, ""dist_ema50_min"": -1.0, ""dist_hh60_min"": -1.0, ""atr_ratio_max"": 10.0, ""vol_ratio_min"": 0.0, ""up_close"": false, ""strong_close"": false}",24797,3539.65780211185,0.3616566520143566,0.39593978964438403,1.5749040059521273,40.0,0.0008468766383030206,0.05907604805769744,0.023194252963339497,0.14612379366903883,14861,3712.7070499657766,0.32629029002085996,0.25474641772978984,1.3532039227329369,41.0,0.0012785142318821076,0.07591139108938223,0.021784202364332456,0.13389314623931167,19489,4868.9151266255985,0.38062496793062756,0.36473727157933133,1.5558062178982768,35.0,0.077325670891272,0.07755074066754818,0.02811678455790922,0.2024408488169464
meanrev,1.0,0.5,1286,"{""family"": ""meanrev"", ""min_ddv"": 10000000.0, ""min_price"": 5.0, ""regime"": ""spy200"", ""trend"": true, ""mom_min"": 0.0, ""rsi2_max"": 10.0, ""rsi14_max"": 100.0, ""ret21_max"": 1.0, ""dist_ema20_max"": 0.0, ""dist_ema50_min"": -1.0, ""dist_hh60_min"": -1.0, ""atr_ratio_max"": 10.0, ""vol_ratio_min"": 0.0, ""up_close"": true, ""strong_close"": false}",477,68.08955807587016,0.6750524109014675,-0.0887182142315593,0.7619652564852818,1.0,0.0,0.02139777749289471,-0.0020995970717537678,-0.5290984620819494,309,77.19712525667352,0.6213592233009708,-0.1293673606351037,0.6849441030739389,2.0,0.0,0.029971868623245145,-0.006103952139263794,-0.7690979695472381,492,122.91581108829568,0.6991869918699187,-0.015120816898465938,0.9552824092248101,2.0,0.0,0.02966865947290243,-1.7035624427424786e-06,-0.0002146488677855523
meanrev,1.0,0.75,1286,"{""family"": ""meanrev"", ""min_ddv"": 10000000.0, ""min_price"": 5.0, ""regime"": ""spy200"", ""trend"": true, ""mom_min"": 0.0, ""rsi2_max"": 10.0, ""rsi14_max"": 100.0, ""ret21_max"": 1.0, ""dist_ema20_max"": 0.0, ""dist_ema50_min"": -1.0, ""dist_hh60_min"": -1.0, ""atr_ratio_max"": 10.0, ""vol_ratio_min"": 0.0, ""up_close"": true, ""strong_close"": false}",477,68.08955807587016,0.5807127882599581,-0.08146235289475721,0.8296117618166969,2.0,0.0,0.02139777749289471,-0.0016386085022788164,-0.20646467128713086,309,77.19712525667352,0.540453074433657,-0.1142949264351,0.7710447632023405,2.0,0.0,0.029971868623245145,-0.005691543130842737,-0.7171344344861849,492,122.91581108829568,0.6239837398373984,0.02818262646569816,1.066134390603384,2.0,0.0,0.02966865947290243,0.0016017283372405462,0.2018177704923088
meanrev,1.0,1.0,1286,"{""family"": ""meanrev"", ""min_ddv"": 10000000.0, ""min_price"": 5.0, ""regime"": ""spy200"", ""trend"": true, ""mom_min"": 0.0, ""rsi2_max"": 10.0, ""rsi14_max"": 100.0, ""ret21_max"": 1.0, ""dist_ema20_max"": 0.0, ""dist_ema50_min"": -1.0, ""dist_hh60_min"": -1.0, ""atr_ratio_max"": 10.0, ""vol_ratio_min"": 0.0, ""up_close"": true, ""strong_close"": false}",477,68.08955807587016,0.5073375262054507,-0.08873204111442824,0.8449714428645029,2.0,0.0,0.02139777749289471,-0.001549022755681027,-0.1951768672158094,309,77.19712525667352,0.47249190938511326,-0.17259191428812115,0.7263121445270813,3.0,0.0,0.029971868623245145,-0.007625958330691623,-0.6405804997780963,492,122.91581108829568,0.5365853658536586,0.0028478062982639973,1.0053816980164882,3.0,0.0020325203252032522,0.02966865947290243,0.0007411506220702092,0.06225665225389757
meanrev,1.0,1.5,1286,"{""family"": ""meanrev"", ""min_ddv"": 10000000.0, ""min_price"": 5.0, ""regime"": ""spy200"", ""trend"": true, ""mom_min"": 0.0, ""rsi2_max"": 10.0, ""rsi14_max"": 100.0, ""ret21_max"": 1.0, ""dist_ema20_max"": 0.0, ""dist_ema50_min"": -1.0, ""dist_hh60_min"": -1.0, ""atr_ratio_max"": 10.0, ""vol_ratio_min"": 0.0, ""up_close"": true, ""strong_close"": false}",477,68.08955807587016,0.39622641509433965,-0.1130481957716092,0.8375106126200238,3.0,0.0,0.02139777749289471,-0.0016847659027351115,-0.14152033582974935,309,77.19712525667352,0.3818770226537217,-0.15875558678154578,0.7856851577934849,3.0,0.0,0.029971868623245145,-0.00651778491060188,-0.5474939324905579,492,122.91581108829568,0.4369918699186992,0.011212654202306242,1.017530771030081,4.0,0.0040650406504065045,0.02966865947290243,5.496639563050613e-05,0.003462882924721886
meanrev,1.0,2.0,1286,"{""family"": ""meanrev"", ""min_ddv"": 10000000.0, ""min_price"": 5.0, ""regime"": ""spy200"", ""trend"": true, ""mom_min"": 0.0, ""rsi2_max"": 10.0, ""rsi14_max"": 100.0, ""ret21_max"": 1.0, ""dist_ema20_max"": 0.0, ""dist_ema50_min"": -1.0, ""dist_hh60_min"": -1.0, ""atr_ratio_max"": 10.0, ""vol_ratio_min"": 0.0, ""up_close"": true, ""strong_close"": false}",477,68.08955807587016,0.3249475890985325,-0.14611051679752116,0.8135896072014341,4.0,0.0,0.02139777749289471,-0.0028812053055417837,-0.18151593424913237,309,77.19712525667352,0.32038834951456313,-0.16246122192713286,0.7985626020738332,4.0,0.0,0.029971868623245145,-0.007053793557250812,-0.44438899410680116,492,122.91581108829568,0.37601626016260165,0.027291468399710677,1.0386112376392642,5.0,0.006097560975609756,0.02966865947290243,0.000530215672795941,0.026722869908915425
meanrev,1.0,3.0,1286,"{""family"": ""meanrev"", ""min_ddv"": 10000000.0, ""min_price"": 5.0, ""regime"": ""spy200"", ""trend"": true, ""mom_min"": 0.0, ""rsi2_max"": 10.0, ""rsi14_max"": 100.0, ""ret21_max"": 1.0, ""dist_ema20_max"": 0.0, ""dist_ema50_min"": -1.0, ""dist_hh60_min"": -1.0, ""atr_ratio_max"": 10.0, ""vol_ratio_min"": 0.0, ""up_close"": true, ""strong_close"": false}",477,68.08955807587016,0.24528301886792453,-0.15937105792062367,0.8195309765836711,5.0,0.0,0.02139777749289471,-0.003704013629061375,-0.1866822869046933,309,77.19712525667352,0.24271844660194175,-0.18384947652168385,0.7980689110064061,5.0,0.0,0.029971868623245145,-0.00549927725252725,-0.2771635735273734,492,122.91581108829568,0.2865853658536585,0.04506897068722899,1.0551077425936513,6.0,0.008130081300813009,0.02966865947290243,0.00019678013802883773,0.008264765797211185
meanrev,1.5,0.5,1286,"{""family"": ""meanrev"", ""min_ddv"": 10000000.0, ""min_price"": 5.0, ""regime"": ""spy200"", ""trend"": true, ""mom_min"": 0.0, ""rsi2_max"": 10.0, ""rsi14_max"": 100.0, ""ret21_max"": 1.0, ""dist_ema20_max"": 0.0, ""dist_ema50_min"": -1.0, ""dist_hh60_min"": -1.0, ""atr_ratio_max"": 10.0, ""vol_ratio_min"": 0.0, ""up_close"": true, ""strong_close"": false}",475,67.80406726632772,0.6968421052631579,-0.021971876233897472,0.9353042365413451,2.0,0.0,0.03206534313148323,-0.00017233602798795037,-0.021714339526481746,302,75.44832306639287,0.6556291390728477,-0.059256010637467244,0.8390453763131264,3.0,0.0,0.04437827105824671,-0.004455637808964286,-0.37427357595300004,480,119.91786447638603,0.70625,0.024293308486942826,1.0765492480436936,3.0,0.0,0.043774931251012325,0.0017003402636169957,0.14282858214382763
meanrev,1.5,0.75,1286,"{""family"": ""meanrev"", ""min_ddv"": 10000000.0, ""min_price"": 5.0, ""regime"": ""spy200"", ""trend"": true, ""mom_min"": 0.0, ""rsi2_max"": 10.0, ""rsi14_max"": 100.0, ""ret21_max"": 1.0, ""dist_ema20_max"": 0.0, ""dist_ema50_min"": -1.0, ""dist_hh60_min"": -1.0, ""atr_ratio_max"": 10.0, ""vol_ratio_min"": 0.0, ""up_close"": true, ""strong_close"": false}",475,67.80406726632772,0.6063157894736843,-0.0085296797340071,0.9808071768774399,4.0,0.0,0.03206534313148323,0.0006209880544667605,0.03912224743140591,302,75.44832306639287,0.5298013245033113,-0.14438032312150315,0.7349336767801891,4.0,0.0,0.04437827105824671,-0.00887675180886487,-0.5592353639584868,480,119.91786447638603,0.5791666666666667,-0.017363050598420027,0.9618219563445202,4.0,0.0020833333333333333,0.043774931251012325,-0.0008313919859442388,-0.05237769511448705
meanrev,1.5,1.0,1286,"{""family"": ""meanrev"", ""min_ddv"": 10000000.0, ""min_price"": 5.0, ""regime"": ""spy200"", ""trend"": true, ""mom_min"": 0.0, ""rsi2_max"": 10.0, ""rsi14_max"": 100.0, ""ret21_max"": 1.0, ""dist_ema20_max"": 0.0, ""dist_ema50_min"": -1.0, ""dist_hh60_min"": -1.0, ""atr_ratio_max"": 10.0, ""vol_ratio_min"": 0.0, ""up_close"": true, ""strong_close"": false}",475,67.80406726632772,0.5326315789473685,-0.00567422373203143,0.9891460975654374,5.0,0.0,0.03206534313148323,0.0005177059229289378,0.02609237851561847,302,75.44832306639287,0.4768211920529801,-0.12335251433473748,0.796841817007075,4.0,0.0,0.04437827105824671,-0.007572831708294827,-0.4770883976225741,480,119.91786447638603,0.51875,-0.004687472645636735,0.9909727203047063,5.0,0.004166666666666667,0.043774931251012325,-0.0002707832571407756,-0.013647476159895092
meanrev,1.5,1.5,1286,"{""family"": ""meanrev"", ""min_ddv"": 10000000.0, ""min_price"": 5.0, ""regime"": ""spy200"", ""trend"": true, ""mom_min"": 0.0, ""rsi2_max"": 10.0, ""rsi14_max"": 100.0, ""ret21_max"": 1.0, ""dist_ema20_max"": 0.0, ""dist_ema50_min"": -1.0, ""dist_hh60_min"": -1.0, ""atr_ratio_max"": 10.0, ""vol_ratio_min"": 0.0, ""up_close"": true, ""strong_close"": false}",475,67.80406726632772,0.4126315789473684,-0.05211554710440431,0.9204809372806565,7.0,0.0,0.03206534313148323,-0.0018320656833102225,-0.06595436459916801,302,75.44832306639287,0.3708609271523179,-0.16641351052727055,0.7700360029500684,6.0,0.0,0.04437827105824671,-0.01007571073068227,-0.4231798506886553,480,119.91786447638603,0.4354166666666667,0.02963369078565623,1.0487944954357886,7.0,0.00625,0.043774931251012325,0.001772103355201663,0.06379572078725987
meanrev,1.5,2.0,1286,"{""family"": ""meanrev"", ""min_ddv"": 10000000.0, ""min_price"": 5.0, ""regime"": ""spy200"", ""trend"": true, ""mom_min"": 0.0, ""rsi2_max"": 10.0, ""rsi14_max"": 100.0, ""ret21_max"": 1.0, ""dist_ema20_max"": 0.0, ""dist_ema50_min"": -1.0, ""dist_hh60_min"": -1.0, ""atr_ratio_max"": 10.0, ""vol_ratio_min"": 0.0, ""up_close"": true, ""strong_close"": false}",475,67.80406726632772,0.3452631578947368,-0.056041875045523847,0.9236332320981093,8.0,0.0,0.03206534313148323,-0.0028643538296243038,-0.09022714563316557,302,75.44832306639287,0.304635761589404,-0.20521267461915477,0.7468625519586009,8.0,0.0,0.04437827105824671,-0.010080649052844958,-0.31754044516461616,480,119.91786447638603,0.35833333333333334,0.0193911616261163,1.0278893548743275,9.0,0.0125,0.043774931251012325,0.00029728365249726506,0.008323942269923423
meanrev,1.5,3.0,1286,"{""family"": ""meanrev"", ""min_ddv"": 10000000.0, ""min_price"": 5.0, ""regime"": ""spy200"", ""trend"": true, ""mom_min"": 0.0, ""rsi2_max"": 10.0, ""rsi14_max"": 100.0, ""ret21_max"": 1.0, ""dist_ema20_max"": 0.0, ""dist_ema50_min"": -1.0, ""dist_hh60_min"": -1.0, ""atr_ratio_max"": 10.0, ""vol_ratio_min"": 0.0, ""up_close"": true, ""strong_close"": false}",475,67.80406726632772,0.2631578947368421,-0.039241351864434955,0.9528706713366885,10.0,0.0,0.03206534313148323,-0.002730421322258716,-0.06880661732091965,302,75.44832306639287,0.25496688741721857,-0.1028514759668882,0.8807723840567807,9.0,0.0,0.04437827105824671,-0.0035694843068801046,-0.09994556059264292,480,119.91786447638603,0.28541666666666665,0.050176694489685786,1.0640363876070542,11.0,0.020833333333333332,0.043774931251012325,0.0005347517862760128,0.01225067728559593
meanrev,2.0,0.5,1286,"{""family"": ""meanrev"", ""min_ddv"": 10000000.0, ""min_price"": 5.0, ""regime"": ""spy200"", ""trend"": true, ""mom_min"": 0.0, ""rsi2_max"": 10.0, ""rsi14_max"": 100.0, ""ret21_max"": 1.0, ""dist_ema20_max"": 0.0, ""dist_ema50_min"": -1.0, ""dist_hh60_min"": -1.0, ""atr_ratio_max"": 10.0, ""vol_ratio_min"": 0.0, ""up_close"": true, ""strong_close"": false}",472,67.37583105201408,0.7033898305084746,0.005107393726874789,1.0156340535297061,4.0,0.0,0.04240751678463905,0.00011354532906789596,0.007153355731277446,289,72.20054757015743,0.6851211072664359,-0.02975480353861826,0.9178318358160265,4.0,0.0,0.05823769087190612,-0.000584140144172231,-0.03680082908285055,468,116.91991786447639,0.7051282051282052,0.03769301546410987,1.120714244753849,4.0,0.002136752136752137,0.05715220644438814,0.002187369026029112,0.13780424863983404
meanrev,2.0,0.75,1286,"{""family"": ""meanrev"", ""min_ddv"": 10000000.0, ""min_price"": 5.0, ""regime"": ""spy200"", ""trend"": true, ""mom_min"": 0.0, ""rsi2_max"": 10.0, ""rsi14_max"": 100.0, ""ret21_max"": 1.0, ""dist_ema20_max"": 0.0, ""dist_ema50_min"": -1.0, ""dist_hh60_min"": -1.0, ""atr_ratio_max"": 10.0, ""vol_ratio_min"": 0.0, ""up_close"": true, ""strong_close"": false}",472,67.37583105201408,0.6165254237288136,0.03067656071054395,1.0733902227067502,6.0,0.0,0.04240751678463905,0.0014612433182047875,0.06137221936460108,289,72.20054757015743,0.5813148788927336,-0.039561129324004664,0.916883085119942,6.0,0.0,0.05823769087190612,-0.0020759869902421757,-0.08719145359017139,468,116.91991786447639,0.6217948717948718,0.06110905932809398,1.1526178487480743,7.0,0.004273504273504274,0.05715220644438814,0.003272102943191109,0.11779570595487991
meanrev,2.0,1.0,1286,"{""family"": ""meanrev"", ""min_ddv"": 10000000.0, ""min_price"": 5.0, ""regime"": ""spy200"", ""trend"": true, ""mom_min"": 0.0, ""rsi2_max"": 10.0, ""rsi14_max"": 100.0, ""ret21_max"": 1.0, ""dist_ema20_max"": 0.0, ""dist_ema50_min"": -1.0, ""dist_hh60_min"": -1.0, ""atr_ratio_max"": 10.0, ""vol_ratio_min"": 0.0, ""up_close"": true, ""strong_close"": false}",472,67.37583105201408,0.5402542372881356,0.02796191203889924,1.05599545034705,8.0,0.0,0.04240751678463905,0.0006033364434413606,0.019005097968402856,289,72.20054757015743,0.4982698961937716,-0.06382864119383398,0.8874600947173695,7.0,0.0,0.05823769087190612,-0.004831719957687769,-0.1739419184767597,468,116.91991786447639,0.5470085470085471,0.05473310151613615,1.1140756936754264,8.0,0.00641025641025641,0.05715220644438814,0.002282720417343145,0.07190569314630907
meanrev,2.0,1.5,1286,"{""family"": ""meanrev"", ""min_ddv"": 10000000.0, ""min_price"": 5.0, ""regime"": ""spy200"", ""trend"": true, ""mom_min"": 0.0, ""rsi2_max"": 10.0, ""rsi14_max"": 100.0, ""ret21_max"": 1.0, ""dist_ema20_max"": 0.0, ""dist_ema50_min"": -1.0, ""dist_hh60_min"": -1.0, ""atr_ratio_max"": 10.0, ""vol_ratio_min"": 0.0, ""up_close"": true, ""strong_close"": false}",472,67.37583105201408,0.4279661016949153,0.007311388370245327,1.0117431109700736,11.0,0.0,0.04240751678463905,-0.0005272609551665811,-0.012079069154725314,289,72.20054757015743,0.38408304498269896,-0.12805154710584307,0.8178711001559537,12.0,0.0,0.05823769087190612,-0.007623145027914176,-0.16008604558619768,468,116.91991786447639,0.44871794871794873,0.08739430459535034,1.1491265303326892,12.0,0.010683760683760684,0.05715220644438814,0.0036411952511166286,0.0764651002734492
meanrev,2.0,2.0,1286,"{""family"": ""meanrev"", ""min_ddv"": 10000000.0, ""min_price"": 5.0, ""regime"": ""spy200"", ""trend"": true, ""mom_min"": 0.0, ""rsi2_max"": 10.0, ""rsi14_max"": 100.0, ""ret21_max"": 1.0, ""dist_ema20_max"": 0.0, ""dist_ema50_min"": -1.0, ""dist_hh60_min"": -1.0, ""atr_ratio_max"": 10.0, ""vol_ratio_min"": 0.0, ""up_close"": true, ""strong_close"": false}",472,67.37583105201408,0.3644067796610169,0.030014162238803363,1.0432818369384442,14.0,0.0,0.04240751678463905,0.0004968311149843971,0.008942960069719147,289,72.20054757015743,0.3356401384083045,-0.08493376974402042,0.8874183044653405,15.0,0.0,0.05823769087190612,-0.004711749657327843,-0.07915739424310776,468,116.91991786447639,0.3974358974358974,0.15287853513734972,1.2384335766951275,15.0,0.01282051282051282,0.05715220644438814,0.005634737895227791,0.09466359663982689
meanrev,2.0,3.0,1286,"{""family"": ""meanrev"", ""min_ddv"": 10000000.0, ""min_price"": 5.0, ""regime"": ""spy200"", ""trend"": true, ""mom_min"": 0.0, ""rsi2_max"": 10.0, ""rsi14_max"": 100.0, ""ret21_max"": 1.0, ""dist_ema20_max"": 0.0, ""dist_ema50_min"": -1.0, ""dist_hh60_min"": -1.0, ""atr_ratio_max"": 10.0, ""vol_ratio_min"": 0.0, ""up_close"": true, ""strong_close"": false}",472,67.37583105201408,0.2902542372881356,0.10701336921452147,1.1368335484573882,18.5,0.0,0.04240751678463905,0.004103513386587105,0.05589650667134867,289,72.20054757015743,0.2698961937716263,-0.015123267067955,0.9816205064719867,17.0,0.0,0.05823769087190612,-0.0016995077910841303,-0.025192703726658872,468,116.91991786447639,0.297008547008547,0.07377133032371452,1.0965202300860601,19.0,0.029914529914529916,0.05715220644438814,-0.00011186771405391103,-0.0014837191548202936
meanrev,3.0,0.5,1286,"{""family"": ""meanrev"", ""min_ddv"": 10000000.0, ""min_price"": 5.0, ""regime"": ""spy200"", ""trend"": true, ""mom_min"": 0.0, ""rsi2_max"": 10.0, ""rsi14_max"": 100.0, ""ret21_max"": 1.0, ""dist_ema20_max"": 0.0, ""dist_ema50_min"": -1.0, ""dist_hh60_min"": -1.0, ""atr_ratio_max"": 10.0, ""vol_ratio_min"": 0.0, ""up_close"": true, ""strong_close"": false}",454,64.80641376613218,0.7334801762114538,0.06967391229653244,1.244606223420532,8.0,0.0,0.061130746985494,0.005216911946077413,0.1643327263014385,246,61.45790554414784,0.6951219512195121,-0.00437168585019359,0.9875873446632226,7.0,0.0,0.08075059471741874,0.002355185972835757,0.08478669502208724,403,100.6810403832991,0.71712158808933,0.05879291129856305,1.1984106022857772,8.0,0.007444168734491315,0.08082503716583836,0.004497148339601473,0.1416601726974464
meanrev,3.0,0.75,1286,"{""family"": ""meanrev"", ""min_ddv"": 10000000.0, ""min_price"": 5.0, ""regime"": ""spy200"", ""trend"": true, ""mom_min"": 0.0, ""rsi2_max"": 10.0, ""rsi14_max"": 100.0, ""ret21_max"": 1.0, ""dist_ema20_max"": 0.0, ""dist_ema50_min"": -1.0, ""dist_hh60_min"": -1.0, ""atr_ratio_max"": 10.0, ""vol_ratio_min"": 0.0, ""up_close"": true, ""strong_close"": false}",454,64.80641376613218,0.6453744493392071,0.09583575372353524,1.253780967570392,12.5,0.0,0.061130746985494,0.0072994286612449505,0.1471564818106982,246,61.45790554414784,0.5934959349593496,-0.021828406033343604,0.9526158460349998,11.0,0.0,0.08075059471741874,-0.001134765001122375,-0.025996434571167137,403,100.6810403832991,0.6178660049627791,0.059211440150397095,1.1484995747546143,12.0,0.009925558312655087,0.08082503716583836,0.003949577186703811,0.08294112092078004
meanrev,3.0,1.0,1286,"{""family"": ""meanrev"", ""min_ddv"": 10000000.0, ""min_price"": 5.0, ""regime"": ""spy200"", ""trend"": true, ""mom_min"": 0.0, ""rsi2_max"": 10.0, ""rsi14_max"": 100.0, ""ret21_max"": 1.0, ""dist_ema20_max"": 0.0, ""dist_ema50_min"": -1.0, ""dist_hh60_min"": -1.0, ""atr_ratio_max"": 10.0, ""vol_ratio_min"": 0.0, ""up_close"": true, ""strong_close"": false}",454,64.80641376613218,0.566079295154185,0.09273682320044986,1.2001035472958663,16.0,0.0,0.061130746985494,0.006991275851143074,0.11011259465550342,246,61.45790554414784,0.4878048780487805,-0.10308225234244882,0.8234060831903804,17.0,0.0,0.08075059471741874,-0.00851564361962819,-0.12623189365566495,403,100.6810403832991,0.5632754342431762,0.11189657447283749,1.245604717575529,16.0,0.01488833746898263,0.08082503716583836,0.008887028398494763,0.13997069727629252
meanrev,3.0,1.5,1286,"{""family"": ""meanrev"", ""min_ddv"": 10000000.0, ""min_price"": 5.0, ""regime"": ""spy200"", ""trend"": true, ""mom_min"": 0.0, ""rsi2_max"": 10.0, ""rsi14_max"": 100.0, ""ret21_max"": 1.0, ""dist_ema20_max"": 0.0, ""dist_ema50_min"": -1.0, ""dist_hh60_min"": -1.0, ""atr_ratio_max"": 10.0, ""vol_ratio_min"": 0.0, ""up_close"": true, ""strong_close"": false}",454,64.80641376613218,0.4713656387665198,0.1454624354519446,1.256428028654649,25.0,0.0,0.061130746985494,0.011668720525855472,0.11762070290062317,246,61.45790554414784,0.4024390243902439,-0.07180521206591381,0.8930578944269294,23.0,0.0,0.08075059471741874,-0.005419705128645843,-0.05938111706168488,403,100.6810403832991,0.4913151364764268,0.18930896373202824,1.3526937297928718,22.0,0.02977667493796526,0.08082503716583836,0.015927874554484252,0.1824465630786378
meanrev,3.0,2.0,1286,"{""family"": ""meanrev"", ""min_ddv"": 10000000.0, ""min_price"": 5.0, ""regime"": ""spy200"", ""trend"": true, ""mom_min"": 0.0, ""rsi2_max"": 10.0, ""rsi14_max"": 100.0, ""ret21_max"": 1.0, ""dist_ema20_max"": 0.0, ""dist_ema50_min"": -1.0, ""dist_hh60_min"": -1.0, ""atr_ratio_max"": 10.0, ""vol_ratio_min"": 0.0, ""up_close"": true, ""strong_close"": false}",454,64.80641376613218,0.42070484581497797,0.22821279922427404,1.3662014801125497,32.0,0.0,0.061130746985494,0.016493562517005077,0.129886804821415,246,61.45790554414784,0.34552845528455284,-0.04283918535824222,0.9413697194923821,28.0,0.0,0.08075059471741874,-0.004196994172587871,-0.03777294755329084,403,100.6810403832991,0.4094292803970223,0.15149729985378488,1.2422851418729755,29.0,0.04466501240694789,0.08082503716583836,0.011302603148921488,0.09821572391476603
meanrev,3.0,3.0,1286,"{""family"": ""meanrev"", ""min_ddv"": 10000000.0, ""min_price"": 5.0, ""regime"": ""spy200"", ""trend"": true, ""mom_min"": 0.0, ""rsi2_max"": 10.0, ""rsi14_max"": 100.0, ""ret21_max"": 1.0, ""dist_ema20_max"": 0.0, ""dist_ema50_min"": -1.0, ""dist_hh60_min"": -1.0, ""atr_ratio_max"": 10.0, ""vol_ratio_min"": 0.0, ""up_close"": true, ""strong_close"": false}",454,64.80641376613218,0.3634361233480176,0.39980110687962245,1.5824110310739847,41.0,0.0,0.061130746985494,0.027760055432524047,0.17062277973161122,246,61.45790554414784,0.2886178861788618,0.0639542486687576,1.080309585245576,38.5,0.0,0.08075059471741874,0.003312124058651048,0.02167935747480686,403,100.6810403832991,0.3225806451612903,0.15483975689693777,1.2161190878464645,37.0,0.05955334987593052,0.08082503716583836,0.010558736083442146,0.07191355386560597
meanrev,1.0,0.5,58271,"{""family"": ""meanrev"", ""min_ddv"": 10000000.0, ""min_price"": 5.0, ""regime"": ""spy200"", ""trend"": true, ""mom_min"": 0.0, ""rsi2_max"": 10.0, ""rsi14_max"": 100.0, ""ret21_max"": 1.0, ""dist_ema20_max"": 0.0, ""dist_ema50_min"": -0.05, ""dist_hh60_min"": -1.0, ""atr_ratio_max"": 10.0, ""vol_ratio_min"": 0.0, ""up_close"": false, ""strong_close"": false}",23484,3352.2330856472427,0.6894055527167433,-0.06463341730149479,0.8155846921510287,1.0,0.0,0.01931521497416574,-0.0011187718195714428,-0.2819304985320036,15001,3747.6830937713894,0.675088327444837,-0.06732346411936282,0.814562701989683,1.0,0.0,0.025855902405917553,-0.0018644573323859167,-0.469843247761251,19639,4906.389459274469,0.678445949386425,-0.05223155472920994,0.853472090299118,2.0,0.0013748154183003207,0.026415360425330388,-0.0012149425483758193,-0.15308276109535324
meanrev,1.0,0.75,58271,"{""family"": ""meanrev"", ""min_ddv"": 10000000.0, ""min_price"": 5.0, ""regime"": ""spy200"", ""trend"": true, ""mom_min"": 0.0, ""rsi2_max"": 10.0, ""rsi14_max"": 100.0, ""ret21_max"": 1.0, ""dist_ema20_max"": 0.0, ""dist_ema50_min"": -0.05, ""dist_hh60_min"": -1.0, ""atr_ratio_max"": 10.0, ""vol_ratio_min"": 0.0, ""up_close"": false, ""strong_close"": false}",23484,3352.2330856472427,0.607094191790155,-0.03512656412067816,0.92123057086978,2.0,0.0,0.01931521497416574,-0.0004818591684958069,-0.06071425523047167,15001,3747.6830937713894,0.5901606559562695,-0.04775690370170997,0.8961517158642756,2.0,0.0,0.025855902405917553,-0.0013643757040128772,-0.17191133870562253,19639,4906.389459274469,0.5928509598248384,-0.031576584163885896,0.9307099594468924,2.0,0.0021895208513671776,0.026415360425330388,-0.00042469596821222925,-0.05351169199474089
meanrev,1.0,1.0,58271,"{""family"": ""meanrev"", ""min_ddv"": 10000000.0, ""min_price"": 5.0, ""regime"": ""spy200"", ""trend"": true, ""mom_min"": 0.0, ""rsi2_max"": 10.0, ""rsi14_max"": 100.0, ""ret21_max"": 1.0, ""dist_ema20_max"": 0.0, ""dist_ema50_min"": -0.05, ""dist_hh60_min"": -1.0, ""atr_ratio_max"": 10.0, ""vol_ratio_min"": 0.0, ""up_close"": false, ""strong_close"": false}",23484,3352.2330856472427,0.5406234031681144,-0.01590501748099718,0.9696817350190625,2.0,0.0,0.01931521497416574,-6.07565701093645e-05,-0.007655327833779927,15001,3747.6830937713894,0.5282314512365842,-0.0272668270239534,0.9488492248188893,2.0,0.0,0.025855902405917553,-0.0007485637817696208,-0.09431903650297221,19639,4906.389459274469,0.5274199297316564,-0.013782582008631045,0.9740468715875753,3.0,0.002953307194867356,0.026415360425330388,-8.824166476538445e-06,-0.0007412299840292295
meanrev,1.0,1.5,58271,"{""family"": ""meanrev"", ""min_ddv"": 10000000.0, ""min_price"": 5.0, ""regime"": ""spy200"", ""trend"": true, ""mom_min"": 0.0, ""rsi2_max"": 10.0, ""rsi14_max"": 100.0, ""ret21_max"": 1.0, ""dist_ema20_max"": 0.0, ""dist_ema50_min"": -0.05, ""dist_hh60_min"": -1.0, ""atr_ratio_max"": 10.0, ""vol_ratio_min"": 0.0, ""up_close"": false, ""strong_close"": false}",23484,3352.2330856472427,0.44455799693408277,0.01050622204942582,1.0164815514699024,3.0,0.0,0.01931521497416574,0.0005092128378779942,0.042773878381751514,15001,3747.6830937713894,0.4359709352709819,0.000438507092321446,1.00068510980275,3.0,0.0,0.025855902405917553,-7.086035531767567e-06,-0.0005952269846684756,19639,4906.389459274469,0.4379550893630022,0.022558069393733417,1.035593551885208,3.0,0.0046845562401344265,0.026415360425330388,0.0009641193229145333,0.0809860231248208
meanrev,1.0,2.0,58271,"{""family"": ""meanrev"", ""min_ddv"": 10000000.0, ""min_price"": 5.0, ""regime"": ""spy200"", ""trend"": true, ""mom_min"": 0.0, ""rsi2_max"": 10.0, ""rsi14_max"": 100.0, ""ret21_max"": 1.0, ""dist_ema20_max"": 0.0, ""dist_ema50_min"": -0.05, ""dist_hh60_min"": -1.0, ""atr_ratio_max"": 10.0, ""vol_ratio_min"": 0.0, ""up_close"": false, ""strong_close"": false}",23484,3352.2330856472427,0.3765968318855391,0.023743471041390334,1.0330812827866662,4.0,0.0,0.01931521497416574,0.0007034002050905758,0.044314212920706274,15001,3747.6830937713894,0.37504166388907406,0.03224637372309136,1.0454359800076576,4.0,0.0,0.025855902405917553,0.0011410519201824085,0.07188627097149174,19639,4906.389459274469,0.37486633738988745,0.041005868258989095,1.0579180045857866,4.0,0.006924996181068283,0.026415360425330388,0.0014073109913952222,0.08866059245789899
meanrev,1.0,3.0,58271,"{""family"": ""meanrev"", ""min_ddv"": 10000000.0, ""min_price"": 5.0, ""regime"": ""spy200"", ""trend"": true, ""mom_min"": 0.0, ""rsi2_max"": 10.0, ""rsi14_max"": 100.0, ""ret21_max"": 1.0, ""dist_ema20_max"": 0.0, ""dist_ema50_min"": -0.05, ""dist_hh60_min"": -1.0, ""atr_ratio_max"": 10.0, ""vol_ratio_min"": 0.0, ""up_close"": false, ""strong_close"": false}",23484,3352.2330856472427,0.29339124510304887,0.0572823932294236,1.0699669016637152,5.0,0.0,0.01931521497416574,0.0012991557271549042,0.06547744864860718,15001,3747.6830937713894,0.2923138457436171,0.06672190723411499,1.0825663560666046,5.0,0.0,0.025855902405917553,0.0023911423328621703,0.12051357357625339,19639,4906.389459274469,0.2973674830694027,0.08543061429675575,1.106591909157591,5.0,0.010387494271602423,0.026415360425330388,0.002334800838030739,0.11767396223674927
meanrev,1.5,0.5,58271,"{""family"": ""meanrev"", ""min_ddv"": 10000000.0, ""min_price"": 5.0, ""regime"": ""spy200"", ""trend"": true, ""mom_min"": 0.0, ""rsi2_max"": 10.0, ""rsi14_max"": 100.0, ""ret21_max"": 1.0, ""dist_ema20_max"": 0.0, ""dist_ema50_min"": -0.05, ""dist_hh60_min"": -1.0, ""atr_ratio_max"": 10.0, ""vol_ratio_min"": 0.0, ""up_close"": false, ""strong_close"": false}",23458,3348.521705123191,0.707178787620428,-0.0020834662529346753,0.9935672250579464,2.0,0.0,0.028966983584673263,0.00014676345493208067,0.018492195321442164,14809,3699.715947980835,0.6873522857721656,-0.02030831488147113,0.9406492523277428,2.0,0.0,0.03851097045442466,-0.0003091574164856835,-0.03895383447719612,19373,4839.934976043805,0.6913745935064265,-0.004542476249151354,0.9864703064998659,3.0,0.003458421514478914,0.03933396288048709,0.0003494523289842901,0.029353995634680368
meanrev,1.5,0.75,58271,"{""family"": ""meanrev"", ""min_ddv"": 10000000.0, ""min_price"": 5.0, ""regime"": ""spy200"", ""trend"": true, ""mom_min"": 0.0, ""rsi2_max"": 10.0, ""rsi14_max"": 100.0, ""ret21_max"": 1.0, ""dist_ema20_max"": 0.0, ""dist_ema50_min"": -0.05, ""dist_hh60_min"": -1.0, ""atr_ratio_max"": 10.0, ""vol_ratio_min"": 0.0, ""up_close"": false, ""strong_close"": false}",23458,3348.521705123191,0.619703299514025,0.022248369076166653,1.0526332744982256,3.0,0.0,0.028966983584673263,0.0009006166624832975,0.07565179964859699,14809,3699.715947980835,0.6044972651765818,0.004676140680885987,1.0107549655404353,3.0,0.0,0.03851097045442466,0.0008425986129456911,0.07077828348743805,19373,4839.934976043805,0.6060496567387601,0.01923814221708214,1.044657890228655,4.0,0.005110204924379291,0.03933396288048709,0.0014342983596723298,0.09036079665935677
meanrev,1.5,1.0,58271,"{""family"": ""meanrev"", ""min_ddv"": 10000000.0, ""min_price"": 5.0, ""regime"": ""spy200"", ""trend"": true, ""mom_min"": 0.0, ""rsi2_max"": 10.0, ""rsi14_max"": 100.0, ""ret21_max"": 1.0, ""dist_ema20_max"": 0.0, ""dist_ema50_min"": -0.05, ""dist_hh60_min"": -1.0, ""atr_ratio_max"": 10.0, ""vol_ratio_min"": 0.0, ""up_close"": false, ""strong_close"": false}",23458,3348.521705123191,0.5521357319464575,0.03984941005617137,1.0800177551314658,4.0,0.0,0.028966983584673263,0.0014273784949637245,0.08992484518271464,14809,3699.715947980835,0.5402795597271929,0.023575954541997395,1.0465017968409835,4.0,0.0,0.03851097045442466,0.0016534667873062635,0.1041684076002946,19373,4839.934976043805,0.5435915965519021,0.043887861684674276,1.0878163166038877,5.0,0.006761988334279667,0.03933396288048709,0.0024346693242909617,0.12270733394426447
meanrev,1.5,1.5,58271,"{""family"": ""meanrev"", ""min_ddv"": 10000000.0, ""min_price"": 5.0, ""regime"": ""spy200"", ""trend"": true, ""mom_min"": 0.0, ""rsi2_max"": 10.0, ""rsi14_max"": 100.0, ""ret21_max"": 1.0, ""dist_ema20_max"": 0.0, ""dist_ema50_min"": -0.05, ""dist_hh60_min"": -1.0, ""atr_ratio_max"": 10.0, ""vol_ratio_min"": 0.0, ""up_close"": false, ""strong_close"": false}",23458,3348.521705123191,0.4519993179299173,0.0595909254673034,1.097404198487825,6.0,0.0,0.028966983584673263,0.0018874156551492655,0.07927145751626914,14809,3699.715947980835,0.4474981430211358,0.057600582943575174,1.0945259729586707,6.0,0.0,0.03851097045442466,0.0031221032540714178,0.13112833667099955,19373,4839.934976043805,0.4521240902286688,0.07644682762170663,1.1268261626671106,6.0,0.010839828627471224,0.03933396288048709,0.003859433737116245,0.1620962169588823
meanrev,1.5,2.0,58271,"{""family"": ""meanrev"", ""min_ddv"": 10000000.0, ""min_price"": 5.0, ""regime"": ""spy200"", ""trend"": true, ""mom_min"": 0.0, ""rsi2_max"": 10.0, ""rsi14_max"": 100.0, ""ret21_max"": 1.0, ""dist_ema20_max"": 0.0, ""dist_ema50_min"": -0.05, ""dist_hh60_min"": -1.0, ""atr_ratio_max"": 10.0, ""vol_ratio_min"": 0.0, ""up_close"": false, ""strong_close"": false}",23458,3348.521705123191,0.38600903742859577,0.08127298240733531,1.118200525470237,8.0,0.0,0.028966983584673263,0.002601589551015935,0.08195007085700196,14809,3699.715947980835,0.3834154905800527,0.08392002158586002,1.1231575756073986,8.0,0.0,0.03851097045442466,0.004460821007603122,0.14051586173949834,19373,4839.934976043805,0.39255665100913645,0.1105571815482386,1.1647967478924521,8.0,0.014659577762865843,0.03933396288048709,0.005278733276673263,0.16628009821520778
meanrev,1.5,3.0,58271,"{""family"": ""meanrev"", ""min_ddv"": 10000000.0, ""min_price"": 5.0, ""regime"": ""spy200"", ""trend"": true, ""mom_min"": 0.0, ""rsi2_max"": 10.0, ""rsi14_max"": 100.0, ""ret21_max"": 1.0, ""dist_ema20_max"": 0.0, ""dist_ema50_min"": -0.05, ""dist_hh60_min"": -1.0, ""atr_ratio_max"": 10.0, ""vol_ratio_min"": 0.0, ""up_close"": false, ""strong_close"": false}",23458,3348.521705123191,0.30863671242220136,0.14928338987979628,1.1922062610351052,10.0,0.0,0.028966983584673263,0.0045716932105939285,0.115206668906967,14809,3699.715947980835,0.3104193395907894,0.1684255420211673,1.2201686179360736,10.0,0.0,0.03851097045442466,0.008220526593224968,0.2071572701492692,19373,4839.934976043805,0.31910390750012907,0.18414108295009307,1.2438521268767235,10.0,0.02178289371806122,0.03933396288048709,0.008579088507299836,0.21619303038395588
meanrev,2.0,0.5,58271,"{""family"": ""meanrev"", ""min_ddv"": 10000000.0, ""min_price"": 5.0, ""regime"": ""spy200"", ""trend"": true, ""mom_min"": 0.0, ""rsi2_max"": 10.0, ""rsi14_max"": 100.0, ""ret21_max"": 1.0, ""dist_ema20_max"": 0.0, ""dist_ema50_min"": -0.05, ""dist_hh60_min"": -1.0, ""atr_ratio_max"": 10.0, ""vol_ratio_min"": 0.0, ""up_close"": false, ""strong_close"": false}",23393,3339.243253813062,0.7170093617748899,0.031304764537344494,1.1014172773755577,4.0,0.0,0.038582864651023986,0.0014807452798048354,0.09328695262770463,14481,3617.7720739219712,0.6975347006422209,0.008223317236636732,1.0250788033067355,3.0,0.0,0.0507759578103484,0.0014839325229612736,0.12465033192874697,18970,4739.253935660507,0.7019504480759093,0.02503518120079953,1.078141703223572,4.0,0.00521876647337902,0.05182959345543833,0.0020635271742147267,0.13000221197552778
meanrev,2.0,0.75,58271,"{""family"": ""meanrev"", ""min_ddv"": 10000000.0, ""min_price"": 5.0, ""regime"": ""spy200"", ""trend"": true, ""mom_min"": 0.0, ""rsi2_max"": 10.0, ""rsi14_max"": 100.0, ""ret21_max"": 1.0, ""dist_ema20_max"": 0.0, ""dist_ema50_min"": -0.05, ""dist_hh60_min"": -1.0, ""atr_ratio_max"": 10.0, ""vol_ratio_min"": 0.0, ""up_close"": false, ""strong_close"": false}",23393,3339.243253813062,0.6301885179327149,0.057803135125031664,1.1432021122042217,5.0,0.0,0.038582864651023986,0.0025577865897684704,0.12891244412433092,14481,3617.7720739219712,0.6157033354050134,0.036893237603536876,1.0884748404041042,5.0,0.0,0.0507759578103484,0.0032181577917622752,0.16219515270481868,18970,4739.253935660507,0.6193463363205061,0.054779255221116145,1.1336465838878316,6.0,0.008012651555086979,0.05182959345543833,0.0037585997224028737,0.1578611883409207
meanrev,2.0,1.0,58271,"{""family"": ""meanrev"", ""min_ddv"": 10000000.0, ""min_price"": 5.0, ""regime"": ""spy200"", ""trend"": true, ""mom_min"": 0.0, ""rsi2_max"": 10.0, ""rsi14_max"": 100.0, ""ret21_max"": 1.0, ""dist_ema20_max"": 0.0, ""dist_ema50_min"": -0.05, ""dist_hh60_min"": -1.0, ""atr_ratio_max"": 10.0, ""vol_ratio_min"": 0.0, ""up_close"": false, ""strong_close"": false}",23393,3339.243253813062,0.559911084512461,0.07223304819273664,1.1500930587762848,7.0,0.0,0.038582864651023986,0.003047577844909941,0.10971280241675788,14481,3617.7720739219712,0.550997859263863,0.059180318344070275,1.1215931329716131,7.0,0.0,0.0507759578103484,0.004485676939233023,0.16148436981238884,18970,4739.253935660507,0.5546652609383237,0.0754353327523778,1.1571160298022405,7.0,0.011491829204006326,0.05182959345543833,0.0049302334430498555,0.1774884039497948
meanrev,2.0,1.5,58271,"{""family"": ""meanrev"", ""min_ddv"": 10000000.0, ""min_price"": 5.0, ""regime"": ""spy200"", ""trend"": true, ""mom_min"": 0.0, ""rsi2_max"": 10.0, ""rsi14_max"": 100.0, ""ret21_max"": 1.0, ""dist_ema20_max"": 0.0, ""dist_ema50_min"": -0.05, ""dist_hh60_min"": -1.0, ""atr_ratio_max"": 10.0, ""vol_ratio_min"": 0.0, ""up_close"": false, ""strong_close"": false}",23393,3339.243253813062,0.46654982259650324,0.11279814767707558,1.1928586184824717,11.0,0.0,0.038582864651023986,0.004661021230579739,0.10677975910055401,14481,3617.7720739219712,0.4600511014432705,0.101900409329129,1.1737166154447822,10.0,0.0,0.0507759578103484,0.007119696397677313,0.1794163492214683,18970,4739.253935660507,0.4680021085925145,0.12412893347514532,1.2156495598395192,11.0,0.017448603057459145,0.05182959345543833,0.0077052113735576995,0.1765193878305946
meanrev,2.0,2.0,58271,"{""family"": ""meanrev"", ""min_ddv"": 10000000.0, ""min_price"": 5.0, ""regime"": ""spy200"", ""trend"": true, ""mom_min"": 0.0, ""rsi2_max"": 10.0, ""rsi14_max"": 100.0, ""ret21_max"": 1.0, ""dist_ema20_max"": 0.0, ""dist_ema50_min"": -0.05, ""dist_hh60_min"": -1.0, ""atr_ratio_max"": 10.0, ""vol_ratio_min"": 0.0, ""up_close"": false, ""strong_close"": false}",23393,3339.243253813062,0.40653186850767326,0.16048334313555734,1.24621387528731,13.0,0.0,0.038582864651023986,0.00655605218448052,0.1270865500376224,14481,3617.7720739219712,0.4032180098059526,0.15717091713999515,1.24184525557674,13.0,0.0,0.0507759578103484,0.01010674035491797,0.19591527457225602,18970,4739.253935660507,0.4117554032683184,0.17556489987666998,1.275248662728509,13.0,0.023774380600948868,0.05182959345543833,0.010740250183614625,0.20819561894391428
meanrev,2.0,3.0,58271,"{""family"": ""meanrev"", ""min_ddv"": 10000000.0, ""min_price"": 5.0, ""regime"": ""spy200"", ""trend"": true, ""mom_min"": 0.0, ""rsi2_max"": 10.0, ""rsi14_max"": 100.0, ""ret21_max"": 1.0, ""dist_ema20_max"": 0.0, ""dist_ema50_min"": -0.05, ""dist_hh60_min"": -1.0, ""atr_ratio_max"": 10.0, ""vol_ratio_min"": 0.0, ""up_close"": false, ""strong_close"": false}",23393,3339.243253813062,0.33193690420211175,0.2621282674921649,1.3558643686668757,18.0,0.0,0.038582864651023986,0.010514478571050256,0.1472026999947036,14481,3617.7720739219712,0.32532283682066154,0.2407710578637045,1.3275706709773483,18.0,0.0,0.0507759578103484,0.015014125522877952,0.21019775732029133,18970,4739.253935660507,0.3451238798102267,0.2730328990685634,1.3830453288167133,17.0,0.03742751713231418,0.05182959345543833,0.015759120414372593,0.23360578496599374
meanrev,3.0,0.5,58271,"{""family"": ""meanrev"", ""min_ddv"": 10000000.0, ""min_price"": 5.0, ""regime"": ""spy200"", ""trend"": true, ""mom_min"": 0.0, ""rsi2_max"": 10.0, ""rsi14_max"": 100.0, ""ret21_max"": 1.0, ""dist_ema20_max"": 0.0, ""dist_ema50_min"": -0.05, ""dist_hh60_min"": -1.0, ""atr_ratio_max"": 10.0, ""vol_ratio_min"": 0.0, ""up_close"": false, ""strong_close"": false}",22998,3282.8588189284314,0.7237585877032785,0.05865163687785859,1.198584553345906,7.0,0.0,0.05752556908366413,0.003907512657599381,0.14067045567357772,13216,3301.7385352498286,0.711410411622276,0.03933899027950798,1.1273579668958689,6.0,0.0,0.07306762459870193,0.004279292544939002,0.17973028688743808,17448,4359.014373716633,0.7133768913342503,0.054977779914889086,1.18214406116818,7.0,0.009170105456212746,0.07463472514370581,0.0046909127919365825,0.16887286050971698
meanrev,3.0,0.75,58271,"{""family"": ""meanrev"", ""min_ddv"": 10000000.0, ""min_price"": 5.0, ""regime"": ""spy200"", ""trend"": true, ""mom_min"": 0.0, ""rsi2_max"": 10.0, ""rsi14_max"": 100.0, ""ret21_max"": 1.0, ""dist_ema20_max"": 0.0, ""dist_ema50_min"": -0.05, ""dist_hh60_min"": -1.0, ""atr_ratio_max"": 10.0, ""vol_ratio_min"": 0.0, ""up_close"": false, ""strong_close"": false}",22998,3282.8588189284314,0.638012001043569,0.08700979869407065,1.2242298052390814,11.0,0.0,0.05752556908366413,0.005520452345264863,0.12646854463697685,13216,3301.7385352498286,0.632339588377724,0.0771972278560001,1.196675677892559,10.0,0.0,0.07306762459870193,0.007274050370763552,0.1833060693432415,17448,4359.014373716633,0.6321641448876663,0.0886131363159647,1.2291749968228056,11.0,0.014786795048143054,0.07463472514370581,0.0071670617536760215,0.1641908692660325
meanrev,3.0,1.0,58271,"{""family"": ""meanrev"", ""min_ddv"": 10000000.0, ""min_price"": 5.0, ""regime"": ""spy200"", ""trend"": true, ""mom_min"": 0.0, ""rsi2_max"": 10.0, ""rsi14_max"": 100.0, ""ret21_max"": 1.0, ""dist_ema20_max"": 0.0, ""dist_ema50_min"": -0.05, ""dist_hh60_min"": -1.0, ""atr_ratio_max"": 10.0, ""vol_ratio_min"": 0.0, ""up_close"": false, ""strong_close"": false}",22998,3282.8588189284314,0.574528219845204,0.11643496407984462,1.25493562334817,15.0,0.0,0.05752556908366413,0.007254488443000218,0.12187540584240367,13216,3301.7385352498286,0.5690072639225182,0.10691315247721528,1.2323810257377266,14.0,0.0,0.07306762459870193,0.009491460153861615,0.17084628276950906,17448,4359.014373716633,0.5765703805593765,0.12865244567744383,1.2882914242689925,14.0,0.020976616231086657,0.07463472514370581,0.010157848769374244,0.1828412778487364
meanrev,3.0,1.5,58271,"{""family"": ""meanrev"", ""min_ddv"": 10000000.0, ""min_price"": 5.0, ""regime"": ""spy200"", ""trend"": true, ""mom_min"": 0.0, ""rsi2_max"": 10.0, ""rsi14_max"": 100.0, ""ret21_max"": 1.0, ""dist_ema20_max"": 0.0, ""dist_ema50_min"": -0.05, ""dist_hh60_min"": -1.0, ""atr_ratio_max"": 10.0, ""vol_ratio_min"": 0.0, ""up_close"": false, ""strong_close"": false}",22998,3282.8588189284314,0.4906948430298287,0.18853927187665517,1.3439910866185236,21.0,0.0,0.05752556908366413,0.011462558907777212,0.13755070689332655,13216,3301.7385352498286,0.48448849878934624,0.17578080019239042,1.3193967414489565,22.0,0.0,0.07306762459870193,0.0146769983722835,0.168118344991611,17448,4359.014373716633,0.49707702888583216,0.19690519312092825,1.370893385395469,21.0,0.03582072443833104,0.07463472514370581,0.015537493713125829,0.18644992455750994
meanrev,3.0,2.0,58271,"{""family"": ""meanrev"", ""min_ddv"": 10000000.0, ""min_price"": 5.0, ""regime"": ""spy200"", ""trend"": true, ""mom_min"": 0.0, ""rsi2_max"": 10.0, ""rsi14_max"": 100.0, ""ret21_max"": 1.0, ""dist_ema20_max"": 0.0, ""dist_ema50_min"": -0.05, ""dist_hh60_min"": -1.0, ""atr_ratio_max"": 10.0, ""vol_ratio_min"": 0.0, ""up_close"": false, ""strong_close"": false}",22998,3282.8588189284314,0.4336464040351335,0.2581602928647117,1.4228339277200517,28.0,4.348204191668841e-05,0.05752556908366413,0.015353090012160245,0.13817781010944222,13216,3301.7385352498286,0.4213831719128329,0.22462332152081355,1.363670178239687,28.0,0.0,0.07306762459870193,0.01840960338686941,0.1656864304818247,17448,4359.014373716633,0.44922054103622194,0.272870745547635,1.4694415453926213,26.0,0.04865887207702889,0.07463472514370581,0.02113157685452348,0.2048137448976891
meanrev,3.0,3.0,58271,"{""family"": ""meanrev"", ""min_ddv"": 10000000.0, ""min_price"": 5.0, ""regime"": ""spy200"", ""trend"": true, ""mom_min"": 0.0, ""rsi2_max"": 10.0, ""rsi14_max"": 100.0, ""ret21_max"": 1.0, ""dist_ema20_max"": 0.0, ""dist_ema50_min"": -0.05, ""dist_hh60_min"": -1.0, ""atr_ratio_max"": 10.0, ""vol_ratio_min"": 0.0, ""up_close"": false, ""strong_close"": false}",22998,3282.8588189284314,0.3628141577528481,0.40046734748792906,1.5821421440651486,39.0,0.000739194712583703,0.05752556908366413,0.022936319340174975,0.14820390958266907,13216,3301.7385352498286,0.32581719128329295,0.2521272549560058,1.349053474264485,40.0,0.0011349878934624697,0.07306762459870193,0.021286820631533157,0.1341069699786589,17448,4359.014373716633,0.38164832645575425,0.37590089123702297,1.5737545138874611,35.0,0.07313159101329665,0.07463472514370581,0.027944538759283228,0.20120067906683925
meanrev,1.0,0.5,1047,"{""family"": ""meanrev"", ""min_ddv"": 10000000.0, ""min_price"": 5.0, ""regime"": ""spy200"", ""trend"": true, ""mom_min"": 0.0, ""rsi2_max"": 10.0, ""rsi14_max"": 100.0, ""ret21_max"": 1.0, ""dist_ema20_max"": 0.0, ""dist_ema50_min"": -0.05, ""dist_hh60_min"": -1.0, ""atr_ratio_max"": 10.0, ""vol_ratio_min"": 0.0, ""up_close"": true, ""strong_close"": false}",411,58.66836136096988,0.6934306569343066,-0.07021062293511308,0.8025432341785489,1.0,0.0,0.019520786346654162,-0.0011853622479420952,-0.298711286481408,248,61.95756331279945,0.6209677419354839,-0.13340747798392805,0.6771883215757125,2.0,0.0,0.027254014693509354,-0.004816484411658438,-0.6068770358689631,387,96.68377823408623,0.7002583979328165,-0.016611798484130164,0.9510178905760411,2.0,0.0,0.027041513033068783,0.0006728449068327004,0.08477845826092026
meanrev,1.0,0.75,1047,"{""family"": ""meanrev"", ""min_ddv"": 10000000.0, ""min_price"": 5.0, ""regime"": ""spy200"", ""trend"": true, ""mom_min"": 0.0, ""rsi2_max"": 10.0, ""rsi14_max"": 100.0, ""ret21_max"": 1.0, ""dist_ema20_max"": 0.0, ""dist_ema50_min"": -0.05, ""dist_hh60_min"": -1.0, ""atr_ratio_max"": 10.0, ""vol_ratio_min"": 0.0, ""up_close"": true, ""strong_close"": false}",411,58.66836136096988,0.5985401459854015,-0.05853791876339126,0.8733577498596878,2.0,0.0,0.019520786346654162,-0.0006404180182783744,-0.08069267030307517,248,61.95756331279945,0.5443548387096774,-0.1093891478373077,0.7800549899345945,2.0,0.0,0.027254014693509354,-0.004177229387725056,-0.526330902853357,387,96.68377823408623,0.6227390180878553,0.02100140735539158,1.0486071916593842,2.0,0.0,0.027041513033068783,0.0017607622965942126,0.2218560493708708
meanrev,1.0,1.0,1047,"{""family"": ""meanrev"", ""min_ddv"": 10000000.0, ""min_price"": 5.0, ""regime"": ""spy200"", ""trend"": true, ""mom_min"": 0.0, ""rsi2_max"": 10.0, ""rsi14_max"": 100.0, ""ret21_max"": 1.0, ""dist_ema20_max"": 0.0, ""dist_ema50_min"": -0.05, ""dist_hh60_min"": -1.0, ""atr_ratio_max"": 10.0, ""vol_ratio_min"": 0.0, ""up_close"": true, ""strong_close"": false}",411,58.66836136096988,0.5255474452554745,-0.06049431009600957,0.8916850638543006,2.0,0.0,0.019520786346654162,-0.0005230978014547265,-0.06591032298329554,248,61.95756331279945,0.4717741935483871,-0.18999384092015936,0.706986756225958,2.0,0.0,0.027254014693509354,-0.007060069885783028,-0.8895688056086616,387,96.68377823408623,0.5322997416020672,-0.017582445875550454,0.9675166389326868,3.0,0.002583979328165375,0.027041513033068783,0.000404073758293299,0.03394219569663712
meanrev,1.0,1.5,1047,"{""family"": ""meanrev"", ""min_ddv"": 10000000.0, ""min_price"": 5.0, ""regime"": ""spy200"", ""trend"": true, ""mom_min"": 0.0, ""rsi2_max"": 10.0, ""rsi14_max"": 100.0, ""ret21_max"": 1.0, ""dist_ema20_max"": 0.0, ""dist_ema50_min"": -0.05, ""dist_hh60_min"": -1.0, ""atr_ratio_max"": 10.0, ""vol_ratio_min"": 0.0, ""up_close"": true, ""strong_close"": false}",411,58.66836136096988,0.41362530413625304,-0.08282579450131623,0.8788114449987405,3.0,0.0,0.019520786346654162,-0.0004993008875130841,-0.04194127455109906,248,61.95756331279945,0.38306451612903225,-0.15755144321352915,0.7885581306577726,3.0,0.0,0.027254014693509354,-0.005621899629887173,-0.47223956891052254,387,96.68377823408623,0.4418604651162791,0.01206516940620343,1.0188388160845467,4.0,0.00516795865633075,0.027041513033068783,0.0009845190435441593,0.062024699743282036
meanrev,1.0,2.0,1047,"{""family"": ""meanrev"", ""min_ddv"": 10000000.0, ""min_price"": 5.0, ""regime"": ""spy200"", ""trend"": true, ""mom_min"": 0.0, ""rsi2_max"": 10.0, ""rsi14_max"": 100.0, ""ret21_max"": 1.0, ""dist_ema20_max"": 0.0, ""dist_ema50_min"": -0.05, ""dist_hh60_min"": -1.0, ""atr_ratio_max"": 10.0, ""vol_ratio_min"": 0.0, ""up_close"": true, ""strong_close"": false}",411,58.66836136096988,0.3357664233576642,-0.12533185727987922,0.8388072916546211,4.0,0.0,0.019520786346654162,-0.0016010774369433099,-0.10086787852742853,248,61.95756331279945,0.33064516129032256,-0.13271866351203213,0.8343178325641811,4.0,0.0,0.027254014693509354,-0.00481408666843287,-0.30328746011127083,387,96.68377823408623,0.3850129198966408,0.04128404158458062,1.0587228417212433,4.0,0.007751937984496124,0.027041513033068783,0.0014177743328485522,0.08931978296945879
meanrev,1.0,3.0,1047,"{""family"": ""meanrev"", ""min_ddv"": 10000000.0, ""min_price"": 5.0, ""regime"": ""spy200"", ""trend"": true, ""mom_min"": 0.0, ""rsi2_max"": 10.0, ""rsi14_max"": 100.0, ""ret21_max"": 1.0, ""dist_ema20_max"": 0.0, ""dist_ema50_min"": -0.05, ""dist_hh60_min"": -1.0, ""atr_ratio_max"": 10.0, ""vol_ratio_min"": 0.0, ""up_close"": true, ""strong_close"": false}",411,58.66836136096988,0.25060827250608275,-0.1480568947353749,0.8326938536841643,5.0,0.0,0.019520786346654162,-0.0030075374301462704,-0.15157988647937204,248,61.95756331279945,0.25,-0.16975857379537937,0.8141650959324632,4.0,0.0,0.027254014693509354,-0.004442641631465435,-0.2798864227823224,387,96.68377823408623,0.3023255813953488,0.10265999822775894,1.1271846463939825,6.0,0.007751937984496124,0.027041513033068783,0.0040448378721479415,0.16988319063021354
meanrev,1.5,0.5,1047,"{""family"": ""meanrev"", ""min_ddv"": 10000000.0, ""min_price"": 5.0, ""regime"": ""spy200"", ""trend"": true, ""mom_min"": 0.0, ""rsi2_max"": 10.0, ""rsi14_max"": 100.0, ""ret21_max"": 1.0, ""dist_ema20_max"": 0.0, ""dist_ema50_min"": -0.05, ""dist_hh60_min"": -1.0, ""atr_ratio_max"": 10.0, ""vol_ratio_min"": 0.0, ""up_close"": true, ""strong_close"": false}",410,58.52561595619867,0.7146341463414634,-0.0009758760158385835,0.9969816876422298,2.0,0.0,0.029258260468858967,0.0008877669009152207,0.1118586295153178,246,61.45790554414784,0.6585365853658537,-0.05673791557498428,0.8453542366185453,3.0,0.0,0.04082298007609475,-0.0036241354037545585,-0.30442737391538294,381,95.18480492813141,0.7060367454068242,0.0209542391137191,1.0655316145480194,3.0,0.0,0.0404016133304031,0.001869230883143855,0.15701539418408383
meanrev,1.5,0.75,1047,"{""family"": ""meanrev"", ""min_ddv"": 10000000.0, ""min_price"": 5.0, ""regime"": ""spy200"", ""trend"": true, ""mom_min"": 0.0, ""rsi2_max"": 10.0, ""rsi14_max"": 100.0, ""ret21_max"": 1.0, ""dist_ema20_max"": 0.0, ""dist_ema50_min"": -0.05, ""dist_hh60_min"": -1.0, ""atr_ratio_max"": 10.0, ""vol_ratio_min"": 0.0, ""up_close"": true, ""strong_close"": false}",410,58.52561595619867,0.6170731707317073,0.004073917400435711,1.0093215158185362,4.0,0.0,0.029258260468858967,0.0010801436171285277,0.06804904787909724,246,61.45790554414784,0.532520325203252,-0.1474357191370066,0.7336705546500639,3.0,0.0,0.04082298007609475,-0.008114242217792203,-0.681596346294545,381,95.18480492813141,0.5826771653543307,-0.018630092707997772,0.9589672398539918,4.0,0.0026246719160104987,0.0404016133304031,-2.9716604529307325e-05,-0.0018721460853463614
meanrev,1.5,1.0,1047,"{""family"": ""meanrev"", ""min_ddv"": 10000000.0, ""min_price"": 5.0, ""regime"": ""spy200"", ""trend"": true, ""mom_min"": 0.0, ""rsi2_max"": 10.0, ""rsi14_max"": 100.0, ""ret21_max"": 1.0, ""dist_ema20_max"": 0.0, ""dist_ema50_min"": -0.05, ""dist_hh60_min"": -1.0, ""atr_ratio_max"": 10.0, ""vol_ratio_min"": 0.0, ""up_close"": true, ""strong_close"": false}",410,58.52561595619867,0.5414634146341464,0.002084618278482708,1.0040266607214499,5.0,0.0,0.029258260468858967,0.0008051959633843162,0.04058187655456953,246,61.45790554414784,0.4796747967479675,-0.12119380583306087,0.8010543410426739,4.0,0.0,0.04082298007609475,-0.0068870772980851695,-0.43388586977936566,381,95.18480492813141,0.5249343832020997,0.0008011839407044111,1.001552034750276,5.0,0.005249343832020997,0.0404016133304031,0.0007643729868914145,0.03852439853932729
meanrev,1.5,1.5,1047,"{""family"": ""meanrev"", ""min_ddv"": 10000000.0, ""min_price"": 5.0, ""regime"": ""spy200"", ""trend"": true, ""mom_min"": 0.0, ""rsi2_max"": 10.0, ""rsi14_max"": 100.0, ""ret21_max"": 1.0, ""dist_ema20_max"": 0.0, ""dist_ema50_min"": -0.05, ""dist_hh60_min"": -1.0, ""atr_ratio_max"": 10.0, ""vol_ratio_min"": 0.0, ""up_close"": true, ""strong_close"": false}",410,58.52561595619867,0.4195121951219512,-0.042535009689479375,0.9347598711962578,7.0,0.0,0.029258260468858967,-0.0012812557627336874,-0.04612520745841275,246,61.45790554414784,0.3821138211382114,-0.13989132634910253,0.8033593936410723,6.0,0.0,0.04082298007609475,-0.007816266130655497,-0.3282831774875309,381,95.18480492813141,0.44881889763779526,0.05374704185020378,1.0899858380388412,7.0,0.007874015748031496,0.0404016133304031,0.003522847101304825,0.1268224956469737
meanrev,1.5,2.0,1047,"{""family"": ""meanrev"", ""min_ddv"": 10000000.0, ""min_price"": 5.0, ""regime"": ""spy200"", ""trend"": true, ""mom_min"": 0.0, ""rsi2_max"": 10.0, ""rsi14_max"": 100.0, ""ret21_max"": 1.0, ""dist_ema20_max"": 0.0, ""dist_ema50_min"": -0.05, ""dist_hh60_min"": -1.0, ""atr_ratio_max"": 10.0, ""vol_ratio_min"": 0.0, ""up_close"": true, ""strong_close"": false}",410,58.52561595619867,0.35121951219512193,-0.04530558212713999,0.9381696624513126,8.0,0.0,0.029258260468858967,-0.0023760480279544994,-0.07484551288056673,246,61.45790554414784,0.3170731707317073,-0.17404696163722022,0.7826646560913203,7.5,0.0,0.04082298007609475,-0.007312977082235837,-0.24571602996312414,381,95.18480492813141,0.3753280839895013,0.06625660354207623,1.0969333654982238,8.0,0.007874015748031496,0.0404016133304031,0.00426617065841618,0.13438437574010967
meanrev,1.5,3.0,1047,"{""family"": ""meanrev"", ""min_ddv"": 10000000.0, ""min_price"": 5.0, ""regime"": ""spy200"", ""trend"": true, ""mom_min"": 0.0, ""rsi2_max"": 10.0, ""rsi14_max"": 100.0, ""ret21_max"": 1.0, ""dist_ema20_max"": 0.0, ""dist_ema50_min"": -0.05, ""dist_hh60_min"": -1.0, ""atr_ratio_max"": 10.0, ""vol_ratio_min"": 0.0, ""up_close"": true, ""strong_close"": false}",410,58.52561595619867,0.2731707317073171,-0.0017120759415572017,0.9979283091577796,10.0,0.0,0.029258260468858967,-0.0005842871490446005,-0.014724036155923933,246,61.45790554414784,0.2682926829268293,-0.05207418047519232,0.9388847511197311,9.5,0.0,0.04082298007609475,0.0005021742647433955,0.01332083312793007,381,95.18480492813141,0.30183727034120733,0.11621088963084275,1.1501241398216402,11.0,0.015748031496062992,0.0404016133304031,0.00429292929151851,0.09834710740569676
meanrev,2.0,0.5,1047,"{""family"": ""meanrev"", ""min_ddv"": 10000000.0, ""min_price"": 5.0, ""regime"": ""spy200"", ""trend"": true, ""mom_min"": 0.0, ""rsi2_max"": 10.0, ""rsi14_max"": 100.0, ""ret21_max"": 1.0, ""dist_ema20_max"": 0.0, ""dist_ema50_min"": -0.05, ""dist_hh60_min"": -1.0, ""atr_ratio_max"": 10.0, ""vol_ratio_min"": 0.0, ""up_close"": true, ""strong_close"": false}",408,58.24012514665623,0.7181372549019608,0.02387027744819057,1.0761777502026373,4.0,0.0,0.03898003460748384,0.0014275122887581128,0.08993327419176111,236,58.959616700889804,0.6694915254237288,-0.060091596334830175,0.8443318881738808,4.0,0.0,0.05348888675195008,-0.0027175794381271343,-0.17120750460200945,374,93.43600273785079,0.7112299465240641,0.043327128910869005,1.140568365869266,4.0,0.00267379679144385,0.05334150697366761,0.0032643673728526136,0.20565514448971467
meanrev,2.0,0.75,1047,"{""family"": ""meanrev"", ""min_ddv"": 10000000.0, ""min_price"": 5.0, ""regime"": ""spy200"", ""trend"": true, ""mom_min"": 0.0, ""rsi2_max"": 10.0, ""rsi14_max"": 100.0, ""ret21_max"": 1.0, ""dist_ema20_max"": 0.0, ""dist_ema50_min"": -0.05, ""dist_hh60_min"": -1.0, ""atr_ratio_max"": 10.0, ""vol_ratio_min"": 0.0, ""up_close"": true, ""strong_close"": false}",408,58.24012514665623,0.6323529411764706,0.052049022267963596,1.1288851623582683,6.0,0.0,0.03898003460748384,0.003042332278543816,0.1277779556988403,236,58.959616700889804,0.5932203389830508,-0.022284922960327025,0.952349394094887,5.0,0.0,0.05348888675195008,-0.0006276540587562632,-0.03163376456131566,374,93.43600273785079,0.6363636363636364,0.08212728069121901,1.211961456567539,6.0,0.0053475935828877,0.05334150697366761,0.005933055256142526,0.2491883207579861
meanrev,2.0,1.0,1047,"{""family"": ""meanrev"", ""min_ddv"": 10000000.0, ""min_price"": 5.0, ""regime"": ""spy200"", ""trend"": true, ""mom_min"": 0.0, ""rsi2_max"": 10.0, ""rsi14_max"": 100.0, ""ret21_max"": 1.0, ""dist_ema20_max"": 0.0, ""dist_ema50_min"": -0.05, ""dist_hh60_min"": -1.0, ""atr_ratio_max"": 10.0, ""vol_ratio_min"": 0.0, ""up_close"": true, ""strong_close"": false}",408,58.24012514665623,0.5563725490196079,0.05467588544607259,1.1127294051733083,8.0,0.0,0.03898003460748384,0.0028670586303706264,0.09031234685667473,236,58.959616700889804,0.5127118644067796,-0.040758368045228595,0.9262104065245231,7.0,0.0,0.05348888675195008,-0.0034831746709100674,-0.12539428815276243,374,93.43600273785079,0.56951871657754,0.09410454410628681,1.204874329968799,8.0,0.008021390374331552,0.05334150697366761,0.006197090931474871,0.19520836434145844
meanrev,2.0,1.5,1047,"{""family"": ""meanrev"", ""min_ddv"": 10000000.0, ""min_price"": 5.0, ""regime"": ""spy200"", ""trend"": true, ""mom_min"": 0.0, ""rsi2_max"": 10.0, ""rsi14_max"": 100.0, ""ret21_max"": 1.0, ""dist_ema20_max"": 0.0, ""dist_ema50_min"": -0.05, ""dist_hh60_min"": -1.0, ""atr_ratio_max"": 10.0, ""vol_ratio_min"": 0.0, ""up_close"": true, ""strong_close"": false}",408,58.24012514665623,0.4411764705882353,0.035545718139626994,1.058044478910051,11.0,0.0,0.03898003460748384,0.0018352027661733233,0.04204282700687977,236,58.959616700889804,0.4067796610169492,-0.08083299222062629,0.8815077681629294,11.0,0.0,0.05348888675195008,-0.0038916296215707855,-0.08915369678507618,374,93.43600273785079,0.4732620320855615,0.14545453502102357,1.258129272378547,11.5,0.008021390374331552,0.05334150697366761,0.010144251057685585,0.22229141448145806
meanrev,2.0,2.0,1047,"{""family"": ""meanrev"", ""min_ddv"": 10000000.0, ""min_price"": 5.0, ""regime"": ""spy200"", ""trend"": true, ""mom_min"": 0.0, ""rsi2_max"": 10.0, ""rsi14_max"": 100.0, ""ret21_max"": 1.0, ""dist_ema20_max"": 0.0, ""dist_ema50_min"": -0.05, ""dist_hh60_min"": -1.0, ""atr_ratio_max"": 10.0, ""vol_ratio_min"": 0.0, ""up_close"": true, ""strong_close"": false}",408,58.24012514665623,0.38235294117647056,0.08173282253940369,1.1205944515089798,14.0,0.0,0.03898003460748384,0.004287580684812102,0.07717645232661784,236,58.959616700889804,0.3559322033898305,-0.030684344914054765,0.9583149372133068,14.0,0.0,0.05348888675195008,1.6180833240551705e-05,0.00029125499832993073,374,93.43600273785079,0.41711229946524064,0.21253778813806617,1.3407229506991152,14.0,0.0106951871657754,0.05334150697366761,0.011519964332544836,0.20735935798580704
meanrev,2.0,3.0,1047,"{""family"": ""meanrev"", ""min_ddv"": 10000000.0, ""min_price"": 5.0, ""regime"": ""spy200"", ""trend"": true, ""mom_min"": 0.0, ""rsi2_max"": 10.0, ""rsi14_max"": 100.0, ""ret21_max"": 1.0, ""dist_ema20_max"": 0.0, ""dist_ema50_min"": -0.05, ""dist_hh60_min"": -1.0, ""atr_ratio_max"": 10.0, ""vol_ratio_min"": 0.0, ""up_close"": true, ""strong_close"": false}",408,58.24012514665623,0.30392156862745096,0.15729579423361872,1.2035749727067206,18.0,0.0,0.03898003460748384,0.007580299586184497,0.10612419420658296,236,58.959616700889804,0.288135593220339,0.05298611676843651,1.0656664187000893,16.0,0.0,0.05348888675195008,0.004331430134327749,0.06822002461566205,374,93.43600273785079,0.3074866310160428,0.12028729561619883,1.160402939238649,19.0,0.026737967914438502,0.05334150697366761,0.004651503110806298,0.06169362020648352
meanrev,3.0,0.5,1047,"{""family"": ""meanrev"", ""min_ddv"": 10000000.0, ""min_price"": 5.0, ""regime"": ""spy200"", ""trend"": true, ""mom_min"": 0.0, ""rsi2_max"": 10.0, ""rsi14_max"": 100.0, ""ret21_max"": 1.0, ""dist_ema20_max"": 0.0, ""dist_ema50_min"": -0.05, ""dist_hh60_min"": -1.0, ""atr_ratio_max"": 10.0, ""vol_ratio_min"": 0.0, ""up_close"": true, ""strong_close"": false}",400,57.0981619084865,0.7425,0.07983544987524457,1.2888949476362443,7.0,0.0,0.05807559771240435,0.0064988721655706225,0.2339593979605424,212,52.963723477070495,0.6981132075471698,0.0059499404677379455,1.017366632874853,6.0,0.0,0.07526635810112134,0.0037696362106603735,0.1583247208477357,344,85.94113620807666,0.7180232558139535,0.05748024520371845,1.194125570525991,8.0,0.00872093023255814,0.07685678952771163,0.005009794591066019,0.15780852961857958
meanrev,3.0,0.75,1047,"{""family"": ""meanrev"", ""min_ddv"": 10000000.0, ""min_price"": 5.0, ""regime"": ""spy200"", ""trend"": true, ""mom_min"": 0.0, ""rsi2_max"": 10.0, ""rsi14_max"": 100.0, ""ret21_max"": 1.0, ""dist_ema20_max"": 0.0, ""dist_ema50_min"": -0.05, ""dist_hh60_min"": -1.0, ""atr_ratio_max"": 10.0, ""vol_ratio_min"": 0.0, ""up_close"": true, ""strong_close"": false}",400,57.0981619084865,0.6525,0.10506780491920108,1.2828940095409935,12.0,0.0,0.05807559771240435,0.008390862302937167,0.17620810836168052,212,52.963723477070495,0.6084905660377359,0.015336187353125643,1.0352926087118834,11.0,0.0,0.07526635810112134,0.0034714597289952835,0.07952798651880104,344,85.94113620807666,0.627906976744186,0.07243928552563977,1.1860711918025757,12.0,0.011627906976744186,0.07685678952771163,0.005879942961861057,0.1234788021990822
meanrev,3.0,1.0,1047,"{""family"": ""meanrev"", ""min_ddv"": 10000000.0, ""min_price"": 5.0, ""regime"": ""spy200"", ""trend"": true, ""mom_min"": 0.0, ""rsi2_max"": 10.0, ""rsi14_max"": 100.0, ""ret21_max"": 1.0, ""dist_ema20_max"": 0.0, ""dist_ema50_min"": -0.05, ""dist_hh60_min"": -1.0, ""atr_ratio_max"": 10.0, ""vol_ratio_min"": 0.0, ""up_close"": true, ""strong_close"": false}",400,57.0981619084865,0.5675,0.09236295489231877,1.1993114910544227,15.5,0.0,0.05807559771240435,0.007517788492992521,0.12222469033768486,212,52.963723477070495,0.5047169811320755,-0.06204524203003177,0.8888407368246951,16.0,0.0,0.07526635810112134,-0.002621158852146918,-0.041283251921313956,344,85.94113620807666,0.5668604651162791,0.11487334133773794,1.253596601866914,15.0,0.01744186046511628,0.07685678952771163,0.009854856612093333,0.165561591083168
meanrev,3.0,1.5,1047,"{""family"": ""meanrev"", ""min_ddv"": 10000000.0, ""min_price"": 5.0, ""regime"": ""spy200"", ""trend"": true, ""mom_min"": 0.0, ""rsi2_max"": 10.0, ""rsi14_max"": 100.0, ""ret21_max"": 1.0, ""dist_ema20_max"": 0.0, ""dist_ema50_min"": -0.05, ""dist_hh60_min"": -1.0, ""atr_ratio_max"": 10.0, ""vol_ratio_min"": 0.0, ""up_close"": true, ""strong_close"": false}",400,57.0981619084865,0.47,0.14166366275866907,1.2481137175178116,24.0,0.0,0.05807559771240435,0.01168952306420429,0.12273999217414504,212,52.963723477070495,0.41509433962264153,-0.03141416792858191,0.9516962608093446,21.0,0.0,0.07526635810112134,0.0007541842377541691,0.00905021085305003,344,85.94113620807666,0.4941860465116279,0.19424485022736707,1.362302158391357,22.0,0.03197674418604651,0.07685678952771163,0.017081602486004176,0.19566199211241148
meanrev,3.0,2.0,1047,"{""family"": ""meanrev"", ""min_ddv"": 10000000.0, ""min_price"": 5.0, ""regime"": ""spy200"", ""trend"": true, ""mom_min"": 0.0, ""rsi2_max"": 10.0, ""rsi14_max"": 100.0, ""ret21_max"": 1.0, ""dist_ema20_max"": 0.0, ""dist_ema50_min"": -0.05, ""dist_hh60_min"": -1.0, ""atr_ratio_max"": 10.0, ""vol_ratio_min"": 0.0, ""up_close"": true, ""strong_close"": false}",400,57.0981619084865,0.42,0.2222302866634726,1.3545755679772074,30.0,0.0,0.05807559771240435,0.01592160555999076,0.1337414867039224,212,52.963723477070495,0.3490566037735849,-0.025569143610531402,0.9644414503759275,26.5,0.0,0.07526635810112134,-0.0005342501201729525,-0.0050804162371163785,344,85.94113620807666,0.4127906976744186,0.16114259228286923,1.260633857975091,28.0,0.04941860465116279,0.07685678952771163,0.013521429757851745,0.1216928678206657
meanrev,3.0,3.0,1047,"{""family"": ""meanrev"", ""min_ddv"": 10000000.0, ""min_price"": 5.0, ""regime"": ""spy200"", ""trend"": true, ""mom_min"": 0.0, ""rsi2_max"": 10.0, ""rsi14_max"": 100.0, ""ret21_max"": 1.0, ""dist_ema20_max"": 0.0, ""dist_ema50_min"": -0.05, ""dist_hh60_min"": -1.0, ""atr_ratio_max"": 10.0, ""vol_ratio_min"": 0.0, ""up_close"": true, ""strong_close"": false}",400,57.0981619084865,0.3625,0.3932735556065735,1.569249866156171,39.5,0.0,0.05807559771240435,0.02702189735900827,0.17239286416379962,212,52.963723477070495,0.2971698113207547,0.10504116558480703,1.1345107639288627,35.0,0.0,0.07526635810112134,0.010544530759666527,0.07592062146959899,344,85.94113620807666,0.32848837209302323,0.17306951829027659,1.2448391423003828,37.0,0.061046511627906974,0.07685678952771163,0.013822573560881134,0.09414293344167692
meanrev,1.0,0.5,117204,"{""family"": ""meanrev"", ""min_ddv"": 10000000.0, ""min_price"": 5.0, ""regime"": ""spy200"", ""trend"": true, ""mom_min"": 0.0, ""rsi2_max"": 20.0, ""rsi14_max"": 100.0, ""ret21_max"": 1.0, ""dist_ema20_max"": 0.0, ""dist_ema50_min"": -1.0, ""dist_hh60_min"": -1.0, ""atr_ratio_max"": 10.0, ""vol_ratio_min"": 0.0, ""up_close"": false, ""strong_close"": false}",44936,6414.407508799374,0.6837947302830693,-0.07050642482848335,0.8022903408972099,1.0,0.0,0.01995233870392262,-0.0012857739901137818,-0.324015045508673,31174,7788.165639972622,0.6737986783858344,-0.0632362728078939,0.8251247611993746,1.0,0.0,0.028033009755051696,-0.002171593286856341,-0.5472415082877979,40362,10083.59342915811,0.6719934591942917,-0.056990494632954095,0.8423928473764307,2.0,0.0020316138942569743,0.02847206199159422,-0.0014578247542899583,-0.18368591904053475
meanrev,1.0,0.75,117204,"{""family"": ""meanrev"", ""min_ddv"": 10000000.0, ""min_price"": 5.0, ""regime"": ""spy200"", ""trend"": true, ""mom_min"": 0.0, ""rsi2_max"": 20.0, ""rsi14_max"": 100.0, ""ret21_max"": 1.0, ""dist_ema20_max"": 0.0, ""dist_ema50_min"": -1.0, ""dist_hh60_min"": -1.0, ""atr_ratio_max"": 10.0, ""vol_ratio_min"": 0.0, ""up_close"": false, ""strong_close"": false}",44936,6414.407508799374,0.6034137439914545,-0.039430732328775274,0.9123562993452902,2.0,0.0,0.01995233870392262,-0.0005630514869809362,-0.07094448735959796,31174,7788.165639972622,0.5889844100853275,-0.044493103797178205,0.9029050518948861,2.0,0.0,0.028033009755051696,-0.0016700075077778034,-0.21042094598000322,40362,10083.59342915811,0.5863435905059214,-0.03821919643768801,0.9168322873595313,2.0,0.002750111491006392,0.02847206199159422,-0.0008345594143688444,-0.1051544862104744
meanrev,1.0,1.0,117204,"{""family"": ""meanrev"", ""min_ddv"": 10000000.0, ""min_price"": 5.0, ""regime"": ""spy200"", ""trend"": true, ""mom_min"": 0.0, ""rsi2_max"": 20.0, ""rsi14_max"": 100.0, ""ret21_max"": 1.0, ""dist_ema20_max"": 0.0, ""dist_ema50_min"": -1.0, ""dist_hh60_min"": -1.0, ""atr_ratio_max"": 10.0, ""vol_ratio_min"": 0.0, ""up_close"": false, ""strong_close"": false}",44936,6414.407508799374,0.5399457005518961,-0.015731944512197785,0.9699858082291914,2.0,0.0,0.01995233870392262,-9.204861904868508e-06,-0.001159812600013432,31174,7788.165639972622,0.5278437159171104,-0.022687475564897006,0.9571559732511965,2.0,0.0,0.028033009755051696,-0.000919476632081612,-0.11585405564228311,40362,10083.59342915811,0.5204895693969576,-0.0234097462149525,0.9562272883518294,3.0,0.003493384866954066,0.02847206199159422,-0.0005246292927232018,-0.044068860588748954
meanrev,1.0,1.5,117204,"{""family"": ""meanrev"", ""min_ddv"": 10000000.0, ""min_price"": 5.0, ""regime"": ""spy200"", ""trend"": true, ""mom_min"": 0.0, ""rsi2_max"": 20.0, ""rsi14_max"": 100.0, ""ret21_max"": 1.0, ""dist_ema20_max"": 0.0, ""dist_ema50_min"": -1.0, ""dist_hh60_min"": -1.0, ""atr_ratio_max"": 10.0, ""vol_ratio_min"": 0.0, ""up_close"": false, ""strong_close"": false}",44936,6414.407508799374,0.44536674381342356,0.012934196080016924,1.0203490664495547,3.0,0.0,0.01995233870392262,0.0005759253736267722,0.04837773138464887,31174,7788.165639972622,0.43366266760762173,-0.0006664199407421563,0.9989546492040374,3.0,0.0,0.028033009755051696,-0.00036785234748913393,-0.03089959718908725,40362,10083.59342915811,0.42723353649472273,-0.0021676848634197394,0.9966257634494914,3.0,0.005624101878004063,0.02847206199159422,-8.418157118798569e-05,-0.007071251979790798
meanrev,1.0,2.0,117204,"{""family"": ""meanrev"", ""min_ddv"": 10000000.0, ""min_price"": 5.0, ""regime"": ""spy200"", ""trend"": true, ""mom_min"": 0.0, ""rsi2_max"": 20.0, ""rsi14_max"": 100.0, ""ret21_max"": 1.0, ""dist_ema20_max"": 0.0, ""dist_ema50_min"": -1.0, ""dist_hh60_min"": -1.0, ""atr_ratio_max"": 10.0, ""vol_ratio_min"": 0.0, ""up_close"": false, ""strong_close"": false}",44936,6414.407508799374,0.3800738828556169,0.034657687293845614,1.0486089540899657,4.0,0.0,0.01995233870392262,0.0010223689366585988,0.06440924300949173,31174,7788.165639972622,0.3694104061076538,0.018629376796025467,1.026203966843723,4.0,0.0,0.028033009755051696,7.882323757155123e-05,0.004965863967007727,40362,10083.59342915811,0.36655765323819434,0.019343521949301803,1.0271112281919257,4.0,0.008200782914622664,0.02847206199159422,0.00045679239760782034,0.028777921049292682
meanrev,1.0,3.0,117204,"{""family"": ""meanrev"", ""min_ddv"": 10000000.0, ""min_price"": 5.0, ""regime"": ""spy200"", ""trend"": true, ""mom_min"": 0.0, ""rsi2_max"": 20.0, ""rsi14_max"": 100.0, ""ret21_max"": 1.0, ""dist_ema20_max"": 0.0, ""dist_ema50_min"": -1.0, ""dist_hh60_min"": -1.0, ""atr_ratio_max"": 10.0, ""vol_ratio_min"": 0.0, ""up_close"": false, ""strong_close"": false}",44936,6414.407508799374,0.2976232864518426,0.07584471191367186,1.0933708613355846,5.0,0.0,0.01995233870392262,0.0017983185438733196,0.09063525461121531,31174,7788.165639972622,0.2865208186309104,0.049599141277710916,1.0613890594427486,5.0,0.0,0.028033009755051696,0.001019858796047872,0.05140088332081274,40362,10083.59342915811,0.29057033843714386,0.0621563785131328,1.07730476650808,5.0,0.011619840443981963,0.02847206199159422,0.0014048955732966592,0.07080673689415162
meanrev,1.5,0.5,117204,"{""family"": ""meanrev"", ""min_ddv"": 10000000.0, ""min_price"": 5.0, ""regime"": ""spy200"", ""trend"": true, ""mom_min"": 0.0, ""rsi2_max"": 20.0, ""rsi14_max"": 100.0, ""ret21_max"": 1.0, ""dist_ema20_max"": 0.0, ""dist_ema50_min"": -1.0, ""dist_hh60_min"": -1.0, ""atr_ratio_max"": 10.0, ""vol_ratio_min"": 0.0, ""up_close"": false, ""strong_close"": false}",44842,6400.98944075088,0.7052763034655011,-0.0033723822785435634,0.9896448604999029,2.0,0.0,0.02990060056045132,0.00019612655142742068,0.024711945479855005,30358,7584.305270362765,0.6889781935568878,-0.014997422890111597,0.955784514006033,2.0,0.0,0.04140026209291861,-0.00010892685057170086,-0.013724783172034308,39374,9836.762491444217,0.6845634174836186,-0.01101601576006282,0.9676798605106173,3.0,0.0040381977954995684,0.04211266945454526,-0.00010212677493041432,-0.008578649094154803
meanrev,1.5,0.75,117204,"{""family"": ""meanrev"", ""min_ddv"": 10000000.0, ""min_price"": 5.0, ""regime"": ""spy200"", ""trend"": true, ""mom_min"": 0.0, ""rsi2_max"": 20.0, ""rsi14_max"": 100.0, ""ret21_max"": 1.0, ""dist_ema20_max"": 0.0, ""dist_ema50_min"": -1.0, ""dist_hh60_min"": -1.0, ""atr_ratio_max"": 10.0, ""vol_ratio_min"": 0.0, ""up_close"": false, ""strong_close"": false}",44842,6400.98944075088,0.6208465278087507,0.024628494296545657,1.0585153027485559,3.0,0.0,0.02990060056045132,0.0011336878422399555,0.09522977874815626,30358,7584.305270362765,0.6075169642268924,0.011555820745625518,1.026888712277444,3.0,0.0,0.04140026209291861,0.0013107163429506125,0.11010017280785145,39374,9836.762491444217,0.5968659521511658,0.006506783703303115,1.0148658752577278,4.0,0.006044597958043379,0.04211266945454526,0.0006313423709015728,0.03977456936679909
meanrev,1.5,1.0,117204,"{""family"": ""meanrev"", ""min_ddv"": 10000000.0, ""min_price"": 5.0, ""regime"": ""spy200"", ""trend"": true, ""mom_min"": 0.0, ""rsi2_max"": 20.0, ""rsi14_max"": 100.0, ""ret21_max"": 1.0, ""dist_ema20_max"": 0.0, ""dist_ema50_min"": -1.0, ""dist_hh60_min"": -1.0, ""atr_ratio_max"": 10.0, ""vol_ratio_min"": 0.0, ""up_close"": false, ""strong_close"": false}",44842,6400.98944075088,0.553610454484635,0.042605987180381985,1.0858227243565446,5.0,0.0,0.02990060056045132,0.0017095452301752398,0.08616107960083208,30358,7584.305270362765,0.5401212201067264,0.02549287454221618,1.0505416935064278,4.0,0.0,0.04140026209291861,0.0019380786220477568,0.12209895318900868,39374,9836.762491444217,0.5326103520089399,0.024754414111469503,1.0486734587400146,5.0,0.008431960176766394,0.04211266945454526,0.0013284570183280146,0.06695423372373194
meanrev,1.5,1.5,117204,"{""family"": ""meanrev"", ""min_ddv"": 10000000.0, ""min_price"": 5.0, ""regime"": ""spy200"", ""trend"": true, ""mom_min"": 0.0, ""rsi2_max"": 20.0, ""rsi14_max"": 100.0, ""ret21_max"": 1.0, ""dist_ema20_max"": 0.0, ""dist_ema50_min"": -1.0, ""dist_hh60_min"": -1.0, ""atr_ratio_max"": 10.0, ""vol_ratio_min"": 0.0, ""up_close"": false, ""strong_close"": false}",44842,6400.98944075088,0.4551759511172561,0.06760763607774523,1.1111866433791107,7.0,0.0,0.02990060056045132,0.002433188663965918,0.08759479190277306,30358,7584.305270362765,0.4445615653205086,0.0527762256749355,1.0866018808929756,6.0,0.0,0.04140026209291861,0.003016391953080278,0.12668846202937167,39374,9836.762491444217,0.4439985777416569,0.059134736921562424,1.097264359481973,7.0,0.013054299791740743,0.04211266945454526,0.002964076096666135,0.10670673947998087
meanrev,1.5,2.0,117204,"{""family"": ""meanrev"", ""min_ddv"": 10000000.0, ""min_price"": 5.0, ""regime"": ""spy200"", ""trend"": true, ""mom_min"": 0.0, ""rsi2_max"": 20.0, ""rsi14_max"": 100.0, ""ret21_max"": 1.0, ""dist_ema20_max"": 0.0, ""dist_ema50_min"": -1.0, ""dist_hh60_min"": -1.0, ""atr_ratio_max"": 10.0, ""vol_ratio_min"": 0.0, ""up_close"": false, ""strong_close"": false}",44842,6400.98944075088,0.3909504482404888,0.09670965155260385,1.1418312531888375,8.0,0.0,0.02990060056045132,0.003359856249179858,0.10583547184916553,30358,7584.305270362765,0.3801633836221095,0.0781740668280342,1.1147820602348475,8.0,0.0,0.04140026209291861,0.004242562423863266,0.13364071635169286,39374,9836.762491444217,0.3852288312084116,0.09108660704703049,1.135033641335976,8.0,0.017067100116828365,0.04211266945454526,0.004288905465452695,0.13510052216175988
meanrev,1.5,3.0,117204,"{""family"": ""meanrev"", ""min_ddv"": 10000000.0, ""min_price"": 5.0, ""regime"": ""spy200"", ""trend"": true, ""mom_min"": 0.0, ""rsi2_max"": 20.0, ""rsi14_max"": 100.0, ""ret21_max"": 1.0, ""dist_ema20_max"": 0.0, ""dist_ema50_min"": -1.0, ""dist_hh60_min"": -1.0, ""atr_ratio_max"": 10.0, ""vol_ratio_min"": 0.0, ""up_close"": false, ""strong_close"": false}",44842,6400.98944075088,0.3121627046072878,0.16380043662399568,1.2118715962324693,11.0,0.0,0.02990060056045132,0.005191676763481847,0.11893659494522049,30358,7584.305270362765,0.30272086435206536,0.1423691778289915,1.185284308739175,11.0,0.0,0.04140026209291861,0.007622875973956989,0.17463315867610557,39374,9836.762491444217,0.31304922029765836,0.1569070521072759,1.20687587077094,10.0,0.02496571341494387,0.04211266945454526,0.00721338124903002,0.1817772074755565
meanrev,2.0,0.5,117204,"{""family"": ""meanrev"", ""min_ddv"": 10000000.0, ""min_price"": 5.0, ""regime"": ""spy200"", ""trend"": true, ""mom_min"": 0.0, ""rsi2_max"": 20.0, ""rsi14_max"": 100.0, ""ret21_max"": 1.0, ""dist_ema20_max"": 0.0, ""dist_ema50_min"": -1.0, ""dist_hh60_min"": -1.0, ""atr_ratio_max"": 10.0, ""vol_ratio_min"": 0.0, ""up_close"": false, ""strong_close"": false}",44600,6366.445052796245,0.7178026905829596,0.03312335654824909,1.1077340248059337,4.0,0.0,0.03979379417178445,0.0017564399028694414,0.1106557138807748,29256,7308.993839835729,0.7025909215203718,0.016928912409260588,1.0526798821376049,4.0,0.0,0.054028200713466465,0.001926341085674818,0.12135948839751354,38060,9508.487337440109,0.6960851287440882,0.01960825245011832,1.0604093376239518,4.0,0.0059905412506568575,0.05508391442522739,0.0017650503705893986,0.11119817334713211
meanrev,2.0,0.75,117204,"{""family"": ""meanrev"", ""min_ddv"": 10000000.0, ""min_price"": 5.0, ""regime"": ""spy200"", ""trend"": true, ""mom_min"": 0.0, ""rsi2_max"": 20.0, ""rsi14_max"": 100.0, ""ret21_max"": 1.0, ""dist_ema20_max"": 0.0, ""dist_ema50_min"": -1.0, ""dist_hh60_min"": -1.0, ""atr_ratio_max"": 10.0, ""vol_ratio_min"": 0.0, ""up_close"": false, ""strong_close"": false}",44600,6366.445052796245,0.6312107623318386,0.05929055846632875,1.1472423662107814,6.0,0.0,0.03979379417178445,0.0028350964530356494,0.11907405102749728,29256,7308.993839835729,0.6158053048947224,0.03812174845646464,1.0918329914928229,5.0,0.0,0.054028200713466465,0.003192714178347278,0.16091279458870283,38060,9508.487337440109,0.6122438255386232,0.046018256934983376,1.1109728177516354,6.0,0.009800315291644771,0.05508391442522739,0.0032802475850380215,0.1377703985715969
meanrev,2.0,1.0,117204,"{""family"": ""meanrev"", ""min_ddv"": 10000000.0, ""min_price"": 5.0, ""regime"": ""spy200"", ""trend"": true, ""mom_min"": 0.0, ""rsi2_max"": 20.0, ""rsi14_max"": 100.0, ""ret21_max"": 1.0, ""dist_ema20_max"": 0.0, ""dist_ema50_min"": -1.0, ""dist_hh60_min"": -1.0, ""atr_ratio_max"": 10.0, ""vol_ratio_min"": 0.0, ""up_close"": false, ""strong_close"": false}",44600,6366.445052796245,0.5627354260089686,0.07743972930589074,1.1618769397446547,7.0,0.0,0.03979379417178445,0.0035637824657890195,0.12829616876840472,29256,7308.993839835729,0.5494257588187038,0.05721300609499426,1.1176076587559336,7.0,0.0,0.054028200713466465,0.004281752642812039,0.1541430951412334,38060,9508.487337440109,0.5504466631634262,0.07088086099005919,1.1471185337744607,8.0,0.013662637940094587,0.05508391442522739,0.004856763154873801,0.15298803937852473
meanrev,2.0,1.5,117204,"{""family"": ""meanrev"", ""min_ddv"": 10000000.0, ""min_price"": 5.0, ""regime"": ""spy200"", ""trend"": true, ""mom_min"": 0.0, ""rsi2_max"": 20.0, ""rsi14_max"": 100.0, ""ret21_max"": 1.0, ""dist_ema20_max"": 0.0, ""dist_ema50_min"": -1.0, ""dist_hh60_min"": -1.0, ""atr_ratio_max"": 10.0, ""vol_ratio_min"": 0.0, ""up_close"": false, ""strong_close"": false}",44600,6366.445052796245,0.4693273542600897,0.11980709067681519,1.205830269447076,11.0,0.0,0.03979379417178445,0.005300826415732979,0.12143711425133734,29256,7308.993839835729,0.4581282471971561,0.09962350921862133,1.16993474899547,11.0,0.0,0.054028200713466465,0.006988315046803962,0.16009594470859986,38060,9508.487337440109,0.4642669469259065,0.11730176069711308,1.203521038305516,11.0,0.019942196531791908,0.05508391442522739,0.0075559580332477845,0.17310012948894926
meanrev,2.0,2.0,117204,"{""family"": ""meanrev"", ""min_ddv"": 10000000.0, ""min_price"": 5.0, ""regime"": ""spy200"", ""trend"": true, ""mom_min"": 0.0, ""rsi2_max"": 20.0, ""rsi14_max"": 100.0, ""ret21_max"": 1.0, ""dist_ema20_max"": 0.0, ""dist_ema50_min"": -1.0, ""dist_hh60_min"": -1.0, ""atr_ratio_max"": 10.0, ""vol_ratio_min"": 0.0, ""up_close"": false, ""strong_close"": false}",44600,6366.445052796245,0.40795964125560535,0.16443700615262952,1.2527202413138134,14.0,0.0,0.03979379417178445,0.00704462164092364,0.12680318953662553,29256,7308.993839835729,0.39803800929723815,0.14427316868073373,1.2212121105148057,14.0,0.0,0.054028200713466465,0.009657655337123382,0.1738377960682209,38060,9508.487337440109,0.4079611140304782,0.16380498831180623,1.2563215854023912,13.0,0.026904887020493956,0.05508391442522739,0.01035289952097939,0.20068697532975432
meanrev,2.0,3.0,117204,"{""family"": ""meanrev"", ""min_ddv"": 10000000.0, ""min_price"": 5.0, ""regime"": ""spy200"", ""trend"": true, ""mom_min"": 0.0, ""rsi2_max"": 20.0, ""rsi14_max"": 100.0, ""ret21_max"": 1.0, ""dist_ema20_max"": 0.0, ""dist_ema50_min"": -1.0, ""dist_hh60_min"": -1.0, ""atr_ratio_max"": 10.0, ""vol_ratio_min"": 0.0, ""up_close"": false, ""strong_close"": false}",44600,6366.445052796245,0.3327130044843049,0.26555956024087896,1.361140624205919,19.0,0.0,0.03979379417178445,0.010950920743972394,0.1452437909200549,29256,7308.993839835729,0.3194900191413727,0.22236346612754393,1.3015484634472572,19.0,0.0,0.054028200713466465,0.014442465799454133,0.1915527042874969,38060,9508.487337440109,0.3404887020493957,0.2515282355891213,1.3510830163969838,17.0,0.041723594324750396,0.05508391442522739,0.015306640110291909,0.22689842987020947
meanrev,3.0,0.5,117204,"{""family"": ""meanrev"", ""min_ddv"": 10000000.0, ""min_price"": 5.0, ""regime"": ""spy200"", ""trend"": true, ""mom_min"": 0.0, ""rsi2_max"": 20.0, ""rsi14_max"": 100.0, ""ret21_max"": 1.0, ""dist_ema20_max"": 0.0, ""dist_ema50_min"": -1.0, ""dist_hh60_min"": -1.0, ""atr_ratio_max"": 10.0, ""vol_ratio_min"": 0.0, ""up_close"": false, ""strong_close"": false}",43447,6201.859601095033,0.7259879853614749,0.060957198567747686,1.207469389190014,7.0,0.0,0.059026384032317206,0.004155880544977977,0.14961169961920717,25674,6414.106776180698,0.7136792085378204,0.044356839950608865,1.145406647789384,7.0,0.0,0.07600139349834861,0.004228196338253383,0.15221506817712177,33792,8442.217659137577,0.7109670928030303,0.052951483026067954,1.1747626501446797,7.0,0.01065340909090909,0.07759073720797413,0.004613833103287614,0.1660979917183541
meanrev,3.0,0.75,117204,"{""family"": ""meanrev"", ""min_ddv"": 10000000.0, ""min_price"": 5.0, ""regime"": ""spy200"", ""trend"": true, ""mom_min"": 0.0, ""rsi2_max"": 20.0, ""rsi14_max"": 100.0, ""ret21_max"": 1.0, ""dist_ema20_max"": 0.0, ""dist_ema50_min"": -1.0, ""dist_hh60_min"": -1.0, ""atr_ratio_max"": 10.0, ""vol_ratio_min"": 0.0, ""up_close"": false, ""strong_close"": false}",43447,6201.859601095033,0.6407346882408451,0.09101756581971904,1.2358069694672928,11.0,0.0,0.059026384032317206,0.006000688821818062,0.1374703257361956,25674,6414.106776180698,0.6343382410220456,0.08167683205837996,1.20979831459404,11.0,0.0,0.07600139349834861,0.007158893988938989,0.16400375320114777,33792,8442.217659137577,0.6323390151515151,0.08977646033884912,1.2328716500312884,11.0,0.016867897727272728,0.07759073720797413,0.007585977726120907,0.1737878533620426
meanrev,3.0,1.0,117204,"{""family"": ""meanrev"", ""min_ddv"": 10000000.0, ""min_price"": 5.0, ""regime"": ""spy200"", ""trend"": true, ""mom_min"": 0.0, ""rsi2_max"": 20.0, ""rsi14_max"": 100.0, ""ret21_max"": 1.0, ""dist_ema20_max"": 0.0, ""dist_ema50_min"": -1.0, ""dist_hh60_min"": -1.0, ""atr_ratio_max"": 10.0, ""vol_ratio_min"": 0.0, ""up_close"": false, ""strong_close"": false}",43447,6201.859601095033,0.577324096025042,0.1215969673680133,1.2675185330001488,15.0,0.0,0.059026384032317206,0.0078054058714912096,0.13113081864105233,25674,6414.106776180698,0.5722910337306224,0.11487437580202527,1.2522423985640683,15.0,0.0,0.07600139349834861,0.009806115353301205,0.16474273793546024,33792,8442.217659137577,0.5771780303030303,0.1301681850870787,1.2930253522530875,15.0,0.02402935606060606,0.07759073720797413,0.010772899059936223,0.18098470420692855
meanrev,3.0,1.5,117204,"{""family"": ""meanrev"", ""min_ddv"": 10000000.0, ""min_price"": 5.0, ""regime"": ""spy200"", ""trend"": true, ""mom_min"": 0.0, ""rsi2_max"": 20.0, ""rsi14_max"": 100.0, ""ret21_max"": 1.0, ""dist_ema20_max"": 0.0, ""dist_ema50_min"": -1.0, ""dist_hh60_min"": -1.0, ""atr_ratio_max"": 10.0, ""vol_ratio_min"": 0.0, ""up_close"": false, ""strong_close"": false}",43447,6201.859601095033,0.4919096830621217,0.1908148655880866,1.3483365452030684,22.0,0.0,0.059026384032317206,0.011839300385029554,0.13561380441033852,25674,6414.106776180698,0.48410843655059593,0.1766424562206885,1.3217235111342198,22.0,0.0,0.07600139349834861,0.014756138730910535,0.1690248618267934,33792,8442.217659137577,0.49760298295454547,0.19559844287595443,1.3694637213422907,21.0,0.03995028409090909,0.07759073720797413,0.01599795045003948,0.19197540540047375
meanrev,3.0,2.0,117204,"{""family"": ""meanrev"", ""min_ddv"": 10000000.0, ""min_price"": 5.0, ""regime"": ""spy200"", ""trend"": true, ""mom_min"": 0.0, ""rsi2_max"": 20.0, ""rsi14_max"": 100.0, ""ret21_max"": 1.0, ""dist_ema20_max"": 0.0, ""dist_ema50_min"": -1.0, ""dist_hh60_min"": -1.0, ""atr_ratio_max"": 10.0, ""vol_ratio_min"": 0.0, ""up_close"": false, ""strong_close"": false}",43447,6201.859601095033,0.43501277418463874,0.2618193782885479,1.4294877935787678,28.0,6.904964669597441e-05,0.059026384032317206,0.015821602335632828,0.14239442102069547,25674,6414.106776180698,0.4203084832904884,0.22399693806845591,1.362952855047274,29.0,0.0,0.07600139349834861,0.018424029372823898,0.16009846213626283,33792,8442.217659137577,0.4491595643939394,0.2683919345226044,1.46193926945838,26.0,0.0537109375,0.07759073720797413,0.021673457422886136,0.21006581809874256
meanrev,3.0,3.0,117204,"{""family"": ""meanrev"", ""min_ddv"": 10000000.0, ""min_price"": 5.0, ""regime"": ""spy200"", ""trend"": true, ""mom_min"": 0.0, ""rsi2_max"": 20.0, ""rsi14_max"": 100.0, ""ret21_max"": 1.0, ""dist_ema20_max"": 0.0, ""dist_ema50_min"": -1.0, ""dist_hh60_min"": -1.0, ""atr_ratio_max"": 10.0, ""vol_ratio_min"": 0.0, ""up_close"": false, ""strong_close"": false}",43447,6201.859601095033,0.3627638271917509,0.39985554436988224,1.5806366673045782,40.0,0.0008285957603516929,0.059026384032317206,0.023297723092544048,0.1467756554830275,25674,6414.106776180698,0.3240632546545143,0.24862519763509008,1.3445647395021068,41.0,0.0014411466853626236,0.07600139349834861,0.02075515364611791,0.12756826143467595,33792,8442.217659137577,0.38239820075757575,0.3696980109055551,1.565418454233988,35.0,0.07998934659090909,0.07759073720797413,0.028676525071961226,0.20647098051812085
meanrev,1.0,0.5,5809,"{""family"": ""meanrev"", ""min_ddv"": 10000000.0, ""min_price"": 5.0, ""regime"": ""spy200"", ""trend"": true, ""mom_min"": 0.0, ""rsi2_max"": 20.0, ""rsi14_max"": 100.0, ""ret21_max"": 1.0, ""dist_ema20_max"": 0.0, ""dist_ema50_min"": -1.0, ""dist_hh60_min"": -1.0, ""atr_ratio_max"": 10.0, ""vol_ratio_min"": 0.0, ""up_close"": true, ""strong_close"": false}",2215,316.181071568244,0.6862302483069977,-0.06337954506804333,0.8198387890854635,1.0,0.0,0.02076268496216508,-0.0013646637623626991,-0.34389526811540017,1427,356.50581793292264,0.6362999299229152,-0.11166930618981416,0.7193512392289249,2.0,0.0,0.029123052963550625,-0.004176791339370089,-0.5262757087606312,2130,532.1355236139631,0.6774647887323944,-0.04831888410299415,0.8642347071005069,2.0,0.0028169014084507044,0.02952764566632531,-0.0013740975377639533,-0.17313628975825812
meanrev,1.0,0.75,5809,"{""family"": ""meanrev"", ""min_ddv"": 10000000.0, ""min_price"": 5.0, ""regime"": ""spy200"", ""trend"": true, ""mom_min"": 0.0, ""rsi2_max"": 20.0, ""rsi14_max"": 100.0, ""ret21_max"": 1.0, ""dist_ema20_max"": 0.0, ""dist_ema50_min"": -1.0, ""dist_hh60_min"": -1.0, ""atr_ratio_max"": 10.0, ""vol_ratio_min"": 0.0, ""up_close"": true, ""strong_close"": false}",2215,316.181071568244,0.6,-0.04194783086175641,0.9074923750033771,2.0,0.0,0.02076268496216508,-0.0007358556307235396,-0.092717809471166,1427,356.50581793292264,0.5529081990189209,-0.10168702408348104,0.7931562646162525,2.0,0.0,0.029123052963550625,-0.004408530708598258,-0.5554748692833805,2130,532.1355236139631,0.592018779342723,-0.02613984297055299,0.9419178054945535,2.0,0.0032863849765258214,0.02952764566632531,-0.0006857041390837804,-0.08639872152455633
meanrev,1.0,1.0,5809,"{""family"": ""meanrev"", ""min_ddv"": 10000000.0, ""min_price"": 5.0, ""regime"": ""spy200"", ""trend"": true, ""mom_min"": 0.0, ""rsi2_max"": 20.0, ""rsi14_max"": 100.0, ""ret21_max"": 1.0, ""dist_ema20_max"": 0.0, ""dist_ema50_min"": -1.0, ""dist_hh60_min"": -1.0, ""atr_ratio_max"": 10.0, ""vol_ratio_min"": 0.0, ""up_close"": true, ""strong_close"": false}",2215,316.181071568244,0.5322799097065463,-0.02246595017515684,0.9577186494266995,2.0,0.0,0.02076268496216508,-3.244016278704544e-05,-0.0040874605111677256,1427,356.50581793292264,0.49474421864050455,-0.09151273788150698,0.8392815882468941,2.0,0.0,0.029123052963550625,-0.004006413769465368,-0.5048081349526363,2130,532.1355236139631,0.5220657276995305,-0.01808838976179009,0.9659112651228591,3.0,0.004225352112676056,0.02952764566632531,-0.0005152189518278408,-0.04327839195353863
meanrev,1.0,1.5,5809,"{""family"": ""meanrev"", ""min_ddv"": 10000000.0, ""min_price"": 5.0, ""regime"": ""spy200"", ""trend"": true, ""mom_min"": 0.0, ""rsi2_max"": 20.0, ""rsi14_max"": 100.0, ""ret21_max"": 1.0, ""dist_ema20_max"": 0.0, ""dist_ema50_min"": -1.0, ""dist_hh60_min"": -1.0, ""atr_ratio_max"": 10.0, ""vol_ratio_min"": 0.0, ""up_close"": true, ""strong_close"": false}",2215,316.181071568244,0.44604966139954855,0.020181332503011528,1.031844387385023,3.0,0.0,0.02076268496216508,0.0009520401417929216,0.07997137191060542,1427,356.50581793292264,0.39803784162578837,-0.08948861344174466,0.8682283361499491,3.0,0.0,0.029123052963550625,-0.0045608710994797476,-0.3831131723562988,2130,532.1355236139631,0.4211267605633803,-0.021099908641149436,0.967395892291955,4.0,0.005633802816901409,0.02952764566632531,-0.0003599734874424474,-0.022678329708874186
meanrev,1.0,2.0,5809,"{""family"": ""meanrev"", ""min_ddv"": 10000000.0, ""min_price"": 5.0, ""regime"": ""spy200"", ""trend"": true, ""mom_min"": 0.0, ""rsi2_max"": 20.0, ""rsi14_max"": 100.0, ""ret21_max"": 1.0, ""dist_ema20_max"": 0.0, ""dist_ema50_min"": -1.0, ""dist_hh60_min"": -1.0, ""atr_ratio_max"": 10.0, ""vol_ratio_min"": 0.0, ""up_close"": true, ""strong_close"": false}",2215,316.181071568244,0.382392776523702,0.048334243483742746,1.0682577989594577,4.0,0.0,0.02076268496216508,0.0017834774436262621,0.11235907894845451,1427,356.50581793292264,0.33566923615977573,-0.08177107945712726,0.8909269782069882,4.0,0.0,0.029123052963550625,-0.004110366790925857,-0.258953107828329,2130,532.1355236139631,0.3643192488262911,0.005324028052879815,1.0074715133697933,4.0,0.006572769953051643,0.02952764566632531,8.818497221501904e-05,0.0055556532495461995
meanrev,1.0,3.0,5809,"{""family"": ""meanrev"", ""min_ddv"": 10000000.0, ""min_price"": 5.0, ""regime"": ""spy200"", ""trend"": true, ""mom_min"": 0.0, ""rsi2_max"": 20.0, ""rsi14_max"": 100.0, ""ret21_max"": 1.0, ""dist_ema20_max"": 0.0, ""dist_ema50_min"": -1.0, ""dist_hh60_min"": -1.0, ""atr_ratio_max"": 10.0, ""vol_ratio_min"": 0.0, ""up_close"": true, ""strong_close"": false}",2215,316.181071568244,0.29390519187358916,0.060343223643824266,1.0741496939032114,6.0,0.0,0.02076268496216508,0.0016407151690746057,0.06891003710113344,1427,356.50581793292264,0.26839523475823407,-0.035373735702415275,0.9577149457135924,5.0,0.0,0.029123052963550625,-0.001373156128201188,-0.06920706886133988,2130,532.1355236139631,0.28169014084507044,0.0363265419826216,1.044793948791061,5.0,0.007981220657276996,0.02952764566632531,0.00022348801124917427,0.011263795766958382
meanrev,1.5,0.5,5809,"{""family"": ""meanrev"", ""min_ddv"": 10000000.0, ""min_price"": 5.0, ""regime"": ""spy200"", ""trend"": true, ""mom_min"": 0.0, ""rsi2_max"": 20.0, ""rsi14_max"": 100.0, ""ret21_max"": 1.0, ""dist_ema20_max"": 0.0, ""dist_ema50_min"": -1.0, ""dist_hh60_min"": -1.0, ""atr_ratio_max"": 10.0, ""vol_ratio_min"": 0.0, ""up_close"": true, ""strong_close"": false}",2209,315.32459913961674,0.6944318696242644,-0.01838150300526564,0.9455093907443972,2.0,0.0,0.031113219642318918,-0.0003264584268871456,-0.041133761787780346,1376,343.7645448323066,0.6656976744186046,-0.045731545245055946,0.8733275031167579,3.0,0.0,0.042921610577279674,-0.0023651763237166595,-0.1986748111921994,2073,517.8952772073922,0.684032802701399,-0.011176170595115801,0.9669958820129873,3.0,0.002894356005788712,0.043552838541089996,-0.00036967708772057007,-0.031052875368527886
meanrev,1.5,0.75,5809,"{""family"": ""meanrev"", ""min_ddv"": 10000000.0, ""min_price"": 5.0, ""regime"": ""spy200"", ""trend"": true, ""mom_min"": 0.0, ""rsi2_max"": 20.0, ""rsi14_max"": 100.0, ""ret21_max"": 1.0, ""dist_ema20_max"": 0.0, ""dist_ema50_min"": -1.0, ""dist_hh60_min"": -1.0, ""atr_ratio_max"": 10.0, ""vol_ratio_min"": 0.0, ""up_close"": true, ""strong_close"": false}",2209,315.32459913961674,0.6115889542779538,0.01115818895971065,1.0259219529827726,4.0,0.0,0.031113219642318918,0.0009522902305942521,0.05999428452743788,1376,343.7645448323066,0.5704941860465116,-0.05244939741292589,0.8894790189184862,4.0,0.0,0.042921610577279674,-0.0025243126900020875,-0.15903169947013152,2073,517.8952772073922,0.587071876507477,-0.007837742424510458,0.9824432640588657,4.0,0.003859141341051616,0.043552838541089996,-0.0005015028098061014,-0.031594677017784394
meanrev,1.5,1.0,5809,"{""family"": ""meanrev"", ""min_ddv"": 10000000.0, ""min_price"": 5.0, ""regime"": ""spy200"", ""trend"": true, ""mom_min"": 0.0, ""rsi2_max"": 20.0, ""rsi14_max"": 100.0, ""ret21_max"": 1.0, ""dist_ema20_max"": 0.0, ""dist_ema50_min"": -1.0, ""dist_hh60_min"": -1.0, ""atr_ratio_max"": 10.0, ""vol_ratio_min"": 0.0, ""up_close"": true, ""strong_close"": false}",2209,315.32459913961674,0.552286102308737,0.04037251980221911,1.0811456901022545,5.0,0.0,0.031113219642318918,0.0018130539957536055,0.09137792138598172,1376,343.7645448323066,0.5036337209302325,-0.04786514729318376,0.9125707274471885,5.0,0.0,0.042921610577279674,-0.002064313896153979,-0.10404142036616056,2073,517.8952772073922,0.516642547033285,-0.009786749762344931,0.9813201810856262,5.0,0.005306319343945972,0.043552838541089996,-0.0002263463012071197,-0.011407853580838833
meanrev,1.5,1.5,5809,"{""family"": ""meanrev"", ""min_ddv"": 10000000.0, ""min_price"": 5.0, ""regime"": ""spy200"", ""trend"": true, ""mom_min"": 0.0, ""rsi2_max"": 20.0, ""rsi14_max"": 100.0, ""ret21_max"": 1.0, ""dist_ema20_max"": 0.0, ""dist_ema50_min"": -1.0, ""dist_hh60_min"": -1.0, ""atr_ratio_max"": 10.0, ""vol_ratio_min"": 0.0, ""up_close"": true, ""strong_close"": false}",2209,315.32459913961674,0.43639655952919876,0.02265135562229244,1.0362754824850786,7.0,0.0,0.031113219642318918,0.0007802109301097865,0.028087593483952317,1376,343.7645448323066,0.41424418604651164,-0.026758167481204385,0.9585721775496661,6.0,0.0,0.042921610577279674,-0.0008709982479167092,-0.03658192641250179,2073,517.8952772073922,0.42739990352146645,0.013024069327399062,1.0208912834672883,7.0,0.00723589001447178,0.043552838541089996,0.0011604479265267798,0.04177612535496407
meanrev,1.5,2.0,5809,"{""family"": ""meanrev"", ""min_ddv"": 10000000.0, ""min_price"": 5.0, ""regime"": ""spy200"", ""trend"": true, ""mom_min"": 0.0, ""rsi2_max"": 20.0, ""rsi14_max"": 100.0, ""ret21_max"": 1.0, ""dist_ema20_max"": 0.0, ""dist_ema50_min"": -1.0, ""dist_hh60_min"": -1.0, ""atr_ratio_max"": 10.0, ""vol_ratio_min"": 0.0, ""up_close"": true, ""strong_close"": false}",2209,315.32459913961674,0.38116794929832504,0.06539422124836895,1.0949478522487637,9.0,0.0,0.031113219642318918,0.0021520699209684117,0.060257957787115526,1376,343.7645448323066,0.35683139534883723,-0.004843154500341985,0.9932267995760887,8.0,0.0,0.042921610577279674,0.001298254127128068,0.04089500500453414,2073,517.8952772073922,0.36468885672937773,0.02933998817897346,1.0420514986171951,8.0,0.010612638687891944,0.043552838541089996,0.0010856152898116188,0.03419688162906599
meanrev,1.5,3.0,5809,"{""family"": ""meanrev"", ""min_ddv"": 10000000.0, ""min_price"": 5.0, ""regime"": ""spy200"", ""trend"": true, ""mom_min"": 0.0, ""rsi2_max"": 20.0, ""rsi14_max"": 100.0, ""ret21_max"": 1.0, ""dist_ema20_max"": 0.0, ""dist_ema50_min"": -1.0, ""dist_hh60_min"": -1.0, ""atr_ratio_max"": 10.0, ""vol_ratio_min"": 0.0, ""up_close"": true, ""strong_close"": false}",2209,315.32459913961674,0.28746038931643275,0.06457759828549281,1.0808638970908733,11.0,0.0,0.031113219642318918,0.0013485546990546506,0.030894162196524723,1376,343.7645448323066,0.27180232558139533,0.011113354029839729,1.0137481504989272,10.0,0.0,0.042921610577279674,0.0029674052693546425,0.07477861278773698,2073,517.8952772073922,0.2875060299083454,0.05666119533838372,1.0716933102464687,11.0,0.017848528702363725,0.043552838541089996,0.0016925289363019268,0.03877429926800778
meanrev,2.0,0.5,5809,"{""family"": ""meanrev"", ""min_ddv"": 10000000.0, ""min_price"": 5.0, ""regime"": ""spy200"", ""trend"": true, ""mom_min"": 0.0, ""rsi2_max"": 20.0, ""rsi14_max"": 100.0, ""ret21_max"": 1.0, ""dist_ema20_max"": 0.0, ""dist_ema50_min"": -1.0, ""dist_hh60_min"": -1.0, ""atr_ratio_max"": 10.0, ""vol_ratio_min"": 0.0, ""up_close"": true, ""strong_close"": false}",2192,312.89792725850606,0.7103102189781022,0.026290377183802692,1.0836355870524153,4.0,0.0,0.04139863491183103,0.0017059412461629814,0.10747429850826783,1325,331.0232717316906,0.6845283018867925,-0.009626293762294543,0.9718061423189367,4.0,0.0,0.055503349990734446,0.00022476186502824868,0.014159997496779667,2014,503.15537303216973,0.6926514399205561,0.01826816626651594,1.0564011312678305,4.0,0.004965243296921549,0.05723221823055141,0.0011430339581219007,0.07201113936167974
meanrev,2.0,0.75,5809,"{""family"": ""meanrev"", ""min_ddv"": 10000000.0, ""min_price"": 5.0, ""regime"": ""spy200"", ""trend"": true, ""mom_min"": 0.0, ""rsi2_max"": 20.0, ""rsi14_max"": 100.0, ""ret21_max"": 1.0, ""dist_ema20_max"": 0.0, ""dist_ema50_min"": -1.0, ""dist_hh60_min"": -1.0, ""atr_ratio_max"": 10.0, ""vol_ratio_min"": 0.0, ""up_close"": true, ""strong_close"": false}",2192,312.89792725850606,0.635036496350365,0.06568660327572877,1.164689737471169,6.0,0.0,0.04139863491183103,0.003227267960464049,0.13554525433949005,1325,331.0232717316906,0.5864150943396227,-0.01331131159185211,0.9702433604567304,6.0,0.0,0.055503349990734446,4.638112185891323e-05,0.0019480071180743555,2014,503.15537303216973,0.6042701092353525,0.03227698917640785,1.0771947828091084,6.0,0.006951340615690168,0.05723221823055141,0.002125653121360715,0.08927743109715003
meanrev,2.0,1.0,5809,"{""family"": ""meanrev"", ""min_ddv"": 10000000.0, ""min_price"": 5.0, ""regime"": ""spy200"", ""trend"": true, ""mom_min"": 0.0, ""rsi2_max"": 20.0, ""rsi14_max"": 100.0, ""ret21_max"": 1.0, ""dist_ema20_max"": 0.0, ""dist_ema50_min"": -1.0, ""dist_hh60_min"": -1.0, ""atr_ratio_max"": 10.0, ""vol_ratio_min"": 0.0, ""up_close"": true, ""strong_close"": false}",2192,312.89792725850606,0.5625,0.07765405168346357,1.162474509277048,8.0,0.0,0.04139863491183103,0.0038672344327836737,0.12181788463268572,1325,331.0232717316906,0.5184905660377358,-0.005059907558127447,0.9902774624553639,7.0,0.0,0.055503349990734446,0.0002502442806808589,0.009008794104510923,2014,503.15537303216973,0.5456802383316782,0.05759693150967196,1.1195909459988989,8.0,0.008440913604766634,0.05723221823055141,0.0035492567639882513,0.11180158806562991
meanrev,2.0,1.5,5809,"{""family"": ""meanrev"", ""min_ddv"": 10000000.0, ""min_price"": 5.0, ""regime"": ""spy200"", ""trend"": true, ""mom_min"": 0.0, ""rsi2_max"": 20.0, ""rsi14_max"": 100.0, ""ret21_max"": 1.0, ""dist_ema20_max"": 0.0, ""dist_ema50_min"": -1.0, ""dist_hh60_min"": -1.0, ""atr_ratio_max"": 10.0, ""vol_ratio_min"": 0.0, ""up_close"": true, ""strong_close"": false}",2192,312.89792725850606,0.46852189781021897,0.11402063297091168,1.1957390998213135,11.0,0.0,0.04139863491183103,0.005393268274439912,0.12355487319625981,1325,331.0232717316906,0.4309433962264151,0.028038528417255994,1.0454185805191367,11.0,0.0,0.055503349990734446,0.0032101385458833333,0.07354135577841818,2014,503.15537303216973,0.4528301886792453,0.09254006017179528,1.1580924569341968,11.0,0.012909632571996028,0.05723221823055141,0.00531976466952325,0.12187097242907807
meanrev,2.0,2.0,5809,"{""family"": ""meanrev"", ""min_ddv"": 10000000.0, ""min_price"": 5.0, ""regime"": ""spy200"", ""trend"": true, ""mom_min"": 0.0, ""rsi2_max"": 20.0, ""rsi14_max"": 100.0, ""ret21_max"": 1.0, ""dist_ema20_max"": 0.0, ""dist_ema50_min"": -1.0, ""dist_hh60_min"": -1.0, ""atr_ratio_max"": 10.0, ""vol_ratio_min"": 0.0, ""up_close"": true, ""strong_close"": false}",2192,312.89792725850606,0.39644160583941607,0.1227478009845811,1.1851741055424536,14.0,0.0,0.04139863491183103,0.005466950765855813,0.09840511378540463,1325,331.0232717316906,0.37433962264150944,0.07031757679083012,1.1033873542826456,14.0,0.0,0.055503349990734446,0.006246798714156636,0.11244237685481946,2014,503.15537303216973,0.3912611717974181,0.12298972983618471,1.187864618516861,14.0,0.01787487586891758,0.05723221823055141,0.006824711789720062,0.12284481221496112
meanrev,2.0,3.0,5809,"{""family"": ""meanrev"", ""min_ddv"": 10000000.0, ""min_price"": 5.0, ""regime"": ""spy200"", ""trend"": true, ""mom_min"": 0.0, ""rsi2_max"": 20.0, ""rsi14_max"": 100.0, ""ret21_max"": 1.0, ""dist_ema20_max"": 0.0, ""dist_ema50_min"": -1.0, ""dist_hh60_min"": -1.0, ""atr_ratio_max"": 10.0, ""vol_ratio_min"": 0.0, ""up_close"": true, ""strong_close"": false}",2192,312.89792725850606,0.3197992700729927,0.21396815975389336,1.2855954847618989,20.0,0.0,0.04139863491183103,0.00904438471218526,0.11395924737353427,1325,331.0232717316906,0.29283018867924526,0.11737759479068442,1.1529280484443494,18.0,0.0,0.055503349990734446,0.008456179771333729,0.11838651679867221,2014,503.15537303216973,0.3187686196623635,0.17786422731028603,1.2401231690307575,18.0,0.03426017874875869,0.05723221823055141,0.009519241522770219,0.13326938131878308
meanrev,3.0,0.5,5809,"{""family"": ""meanrev"", ""min_ddv"": 10000000.0, ""min_price"": 5.0, ""regime"": ""spy200"", ""trend"": true, ""mom_min"": 0.0, ""rsi2_max"": 20.0, ""rsi14_max"": 100.0, ""ret21_max"": 1.0, ""dist_ema20_max"": 0.0, ""dist_ema50_min"": -1.0, ""dist_hh60_min"": -1.0, ""atr_ratio_max"": 10.0, ""vol_ratio_min"": 0.0, ""up_close"": true, ""strong_close"": false}",2130,304.04771216269063,0.7347417840375586,0.07549898844880028,1.2672932803850798,7.0,0.0,0.06127601389776477,0.004879313227151085,0.17565527617743906,1146,286.3039014373717,0.6945898778359512,0.011430839880591374,1.0347121224056537,7.0,0.0,0.07724054190306433,0.0018575620014553078,0.06687223205239108,1756,438.6995208761122,0.7095671981776766,0.05161901108691891,1.1705561507004594,8.0,0.009111617312072893,0.08042933258812637,0.004553374706114908,0.1434313032426196
meanrev,3.0,0.75,5809,"{""family"": ""meanrev"", ""min_ddv"": 10000000.0, ""min_price"": 5.0, ""regime"": ""spy200"", ""trend"": true, ""mom_min"": 0.0, ""rsi2_max"": 20.0, ""rsi14_max"": 100.0, ""ret21_max"": 1.0, ""dist_ema20_max"": 0.0, ""dist_ema50_min"": -1.0, ""dist_hh60_min"": -1.0, ""atr_ratio_max"": 10.0, ""vol_ratio_min"": 0.0, ""up_close"": true, ""strong_close"": false}",2130,304.04771216269063,0.6427230046948357,0.1014851621930644,1.267267925847076,12.0,0.0,0.06127601389776477,0.0067832140220531485,0.1424474944631161,1146,286.3039014373717,0.6160558464223386,0.04292028192121645,1.1042372241706448,11.5,0.0,0.07724054190306433,0.003699089576802577,0.08105831072645647,1756,438.6995208761122,0.6252847380410023,0.07716848050229237,1.196725707284343,12.0,0.011958997722095672,0.08042933258812637,0.006590944140894988,0.13840982695879475
meanrev,3.0,1.0,5809,"{""family"": ""meanrev"", ""min_ddv"": 10000000.0, ""min_price"": 5.0, ""regime"": ""spy200"", ""trend"": true, ""mom_min"": 0.0, ""rsi2_max"": 20.0, ""rsi14_max"": 100.0, ""ret21_max"": 1.0, ""dist_ema20_max"": 0.0, ""dist_ema50_min"": -1.0, ""dist_hh60_min"": -1.0, ""atr_ratio_max"": 10.0, ""vol_ratio_min"": 0.0, ""up_close"": true, ""strong_close"": false}",2130,304.04771216269063,0.5816901408450704,0.13284695819316947,1.2979443625901892,16.0,0.0,0.06127601389776477,0.008588033985041545,0.13526153526440432,1146,286.3039014373717,0.5445026178010471,0.051746859245886095,1.105873459775864,16.0,0.0,0.07724054190306433,0.004634216509813622,0.07298891002956455,1756,438.6995208761122,0.5734624145785877,0.12724942597090386,1.2842844849787143,15.0,0.017084282460136675,0.08042933258812637,0.010850849936681903,0.18229427893625597
meanrev,3.0,1.5,5809,"{""family"": ""meanrev"", ""min_ddv"": 10000000.0, ""min_price"": 5.0, ""regime"": ""spy200"", ""trend"": true, ""mom_min"": 0.0, ""rsi2_max"": 20.0, ""rsi14_max"": 100.0, ""ret21_max"": 1.0, ""dist_ema20_max"": 0.0, ""dist_ema50_min"": -1.0, ""dist_hh60_min"": -1.0, ""atr_ratio_max"": 10.0, ""vol_ratio_min"": 0.0, ""up_close"": true, ""strong_close"": false}",2130,304.04771216269063,0.49061032863849763,0.19305789305108217,1.3546712665047789,23.0,0.0,0.06127601389776477,0.01244123048380051,0.13631261225729255,1146,286.3039014373717,0.44502617801047123,0.07331762523169648,1.1234786855893588,23.0,0.0,0.07724054190306433,0.006712314579795113,0.07354362061340733,1756,438.6995208761122,0.48519362186788156,0.167883666258723,1.3079009550468486,21.0,0.03132118451025057,0.08042933258812637,0.01371106008375858,0.16453272100510297
meanrev,3.0,2.0,5809,"{""family"": ""meanrev"", ""min_ddv"": 10000000.0, ""min_price"": 5.0, ""regime"": ""spy200"", ""trend"": true, ""mom_min"": 0.0, ""rsi2_max"": 20.0, ""rsi14_max"": 100.0, ""ret21_max"": 1.0, ""dist_ema20_max"": 0.0, ""dist_ema50_min"": -1.0, ""dist_hh60_min"": -1.0, ""atr_ratio_max"": 10.0, ""vol_ratio_min"": 0.0, ""up_close"": true, ""strong_close"": false}",2130,304.04771216269063,0.43380281690140843,0.26354184188907975,1.4349723240451098,30.0,0.0,0.06127601389776477,0.016688280308153468,0.14018155458848913,1146,286.3039014373717,0.38132635253054104,0.1055353016824561,1.1596874555285441,29.0,0.0,0.07724054190306433,0.008597968557768284,0.07471338195026232,1756,438.6995208761122,0.428246013667426,0.21457943163901225,1.354230543031645,27.0,0.04555808656036447,0.08042933258812637,0.017260581518277557,0.1610987608372572
meanrev,3.0,3.0,5809,"{""family"": ""meanrev"", ""min_ddv"": 10000000.0, ""min_price"": 5.0, ""regime"": ""spy200"", ""trend"": true, ""mom_min"": 0.0, ""rsi2_max"": 20.0, ""rsi14_max"": 100.0, ""ret21_max"": 1.0, ""dist_ema20_max"": 0.0, ""dist_ema50_min"": -1.0, ""dist_hh60_min"": -1.0, ""atr_ratio_max"": 10.0, ""vol_ratio_min"": 0.0, ""up_close"": true, ""strong_close"": false}",2130,304.04771216269063,0.37089201877934275,0.4355028182076852,1.6441665703943287,41.0,0.0009389671361502347,0.06127601389776477,0.027047254006186416,0.16624165876973115,1146,286.3039014373717,0.30279232111692844,0.16001598870452946,1.2138549620757373,40.0,0.0008726003490401396,0.07724054190306433,0.0120513283999006,0.07592336891937378,1756,438.6995208761122,0.3462414578587699,0.2456759477560534,1.3531520823250798,35.0,0.06435079726651481,0.08042933258812637,0.018906250570618992,0.13612500410845674
meanrev,1.0,0.5,103443,"{""family"": ""meanrev"", ""min_ddv"": 10000000.0, ""min_price"": 5.0, ""regime"": ""spy200"", ""trend"": true, ""mom_min"": 0.0, ""rsi2_max"": 20.0, ""rsi14_max"": 100.0, ""ret21_max"": 1.0, ""dist_ema20_max"": 0.0, ""dist_ema50_min"": -0.05, ""dist_hh60_min"": -1.0, ""atr_ratio_max"": 10.0, ""vol_ratio_min"": 0.0, ""up_close"": false, ""strong_close"": false}",41713,5954.3390692217445,0.6821614364826313,-0.07597978273781833,0.788654335896797,1.0,0.0,0.019394001162034807,-0.0013934909981020691,-0.3511597315217214,26582,6640.951403148528,0.6716951320442405,-0.07155024988101037,0.8041797326360589,1.0,0.0,0.026098591996711967,-0.002166476040054934,-0.5459519620938433,34850,8706.536618754277,0.6710186513629842,-0.0632307094166139,0.8263770672791014,2.0,0.0016642754662840745,0.026640536564474477,-0.0015975028118336175,-0.2012853542910358
meanrev,1.0,0.75,103443,"{""family"": ""meanrev"", ""min_ddv"": 10000000.0, ""min_price"": 5.0, ""regime"": ""spy200"", ""trend"": true, ""mom_min"": 0.0, ""rsi2_max"": 20.0, ""rsi14_max"": 100.0, ""ret21_max"": 1.0, ""dist_ema20_max"": 0.0, ""dist_ema50_min"": -0.05, ""dist_hh60_min"": -1.0, ""atr_ratio_max"": 10.0, ""vol_ratio_min"": 0.0, ""up_close"": false, ""strong_close"": false}",41713,5954.3390692217445,0.6009157816508043,-0.046978757214735115,0.896550059811703,2.0,0.0,0.019394001162034807,-0.0007669092776811714,-0.0966305689878276,26582,6640.951403148528,0.5873523436912196,-0.05240213952631562,0.8865638270615201,2.0,0.0,0.026098591996711967,-0.0016928183472623068,-0.21329511175505067,34850,8706.536618754277,0.5856241032998565,-0.04391064575452519,0.9050594418180516,2.0,0.0024103299856527978,0.026640536564474477,-0.0009536403032912276,-0.12015867821469467
meanrev,1.0,1.0,103443,"{""family"": ""meanrev"", ""min_ddv"": 10000000.0, ""min_price"": 5.0, ""regime"": ""spy200"", ""trend"": true, ""mom_min"": 0.0, ""rsi2_max"": 20.0, ""rsi14_max"": 100.0, ""ret21_max"": 1.0, ""dist_ema20_max"": 0.0, ""dist_ema50_min"": -0.05, ""dist_hh60_min"": -1.0, ""atr_ratio_max"": 10.0, ""vol_ratio_min"": 0.0, ""up_close"": false, ""strong_close"": false}",41713,5954.3390692217445,0.5372665595857407,-0.024195659772436325,0.9542419718239024,2.0,0.0,0.019394001162034807,-0.00028773537965453964,-0.03625465783647199,26582,6640.951403148528,0.5258821759085095,-0.031808515549484974,0.9404723172538271,2.0,0.0,0.026098591996711967,-0.0010526046671768656,-0.13262818806428506,34850,8706.536618754277,0.5203730272596844,-0.027874836994106117,0.9481212005732316,3.0,0.0031850789096126257,0.026640536564474477,-0.0005720793015734674,-0.04805466133217126
meanrev,1.0,1.5,103443,"{""family"": ""meanrev"", ""min_ddv"": 10000000.0, ""min_price"": 5.0, ""regime"": ""spy200"", ""trend"": true, ""mom_min"": 0.0, ""rsi2_max"": 20.0, ""rsi14_max"": 100.0, ""ret21_max"": 1.0, ""dist_ema20_max"": 0.0, ""dist_ema50_min"": -0.05, ""dist_hh60_min"": -1.0, ""atr_ratio_max"": 10.0, ""vol_ratio_min"": 0.0, ""up_close"": false, ""strong_close"": false}",41713,5954.3390692217445,0.44329106034090093,0.00467923911953872,1.00731527503458,3.0,0.0,0.019394001162034807,0.0003432543799692454,0.028833367917416614,26582,6640.951403148528,0.43318787149198706,-0.006734310993019364,0.9894961990796388,3.0,0.0,0.026098591996711967,-0.0003474678643975903,-0.029187300609397587,34850,8706.536618754277,0.4284074605451937,-0.003193318459692803,0.9950368719426728,3.0,0.005164992826398852,0.026640536564474477,5.765269907402499e-05,0.004842826722218099
meanrev,1.0,2.0,103443,"{""family"": ""meanrev"", ""min_ddv"": 10000000.0, ""min_price"": 5.0, ""regime"": ""spy200"", ""trend"": true, ""mom_min"": 0.0, ""rsi2_max"": 20.0, ""rsi14_max"": 100.0, ""ret21_max"": 1.0, ""dist_ema20_max"": 0.0, ""dist_ema50_min"": -0.05, ""dist_hh60_min"": -1.0, ""atr_ratio_max"": 10.0, ""vol_ratio_min"": 0.0, ""up_close"": false, ""strong_close"": false}",41713,5954.3390692217445,0.37791575767746266,0.024959375864861712,1.034798711869707,4.0,0.0,0.019394001162034807,0.0007329351154109388,0.04617491227088914,26582,6640.951403148528,0.3716048453840945,0.020302112573722,1.0285083893307887,4.0,0.0,0.026098591996711967,0.0005382622109684096,0.03391051929100981,34850,8706.536618754277,0.3680631276901004,0.019573004873721836,1.0273903992108806,4.0,0.007690100430416069,0.026640536564474477,0.0006503561804918121,0.04097243937098416
meanrev,1.0,3.0,103443,"{""family"": ""meanrev"", ""min_ddv"": 10000000.0, ""min_price"": 5.0, ""regime"": ""spy200"", ""trend"": true, ""mom_min"": 0.0, ""rsi2_max"": 20.0, ""rsi14_max"": 100.0, ""ret21_max"": 1.0, ""dist_ema20_max"": 0.0, ""dist_ema50_min"": -0.05, ""dist_hh60_min"": -1.0, ""atr_ratio_max"": 10.0, ""vol_ratio_min"": 0.0, ""up_close"": false, ""strong_close"": false}",41713,5954.3390692217445,0.2961187159878215,0.06612333010936271,1.0810167571755007,5.0,0.0,0.019394001162034807,0.0014366711987312754,0.07240822841605628,26582,6640.951403148528,0.288992551350538,0.05437645231010935,1.06717143068674,5.0,0.0,0.026098591996711967,0.0016350387297005967,0.08240595197691007,34850,8706.536618754277,0.29248206599713056,0.0648723504888988,1.0805778913523103,5.0,0.011133428981348637,0.026640536564474477,0.0016817183307201319,0.08475860386829465
meanrev,1.5,0.5,103443,"{""family"": ""meanrev"", ""min_ddv"": 10000000.0, ""min_price"": 5.0, ""regime"": ""spy200"", ""trend"": true, ""mom_min"": 0.0, ""rsi2_max"": 20.0, ""rsi14_max"": 100.0, ""ret21_max"": 1.0, ""dist_ema20_max"": 0.0, ""dist_ema50_min"": -0.05, ""dist_hh60_min"": -1.0, ""atr_ratio_max"": 10.0, ""vol_ratio_min"": 0.0, ""up_close"": false, ""strong_close"": false}",41666,5947.630035197497,0.7026112417798684,-0.009346229469185128,0.9716081639127611,2.0,0.0,0.029080414983817734,-9.985504885858704e-05,-0.012581736156181968,26241,6555.759753593429,0.685377843832171,-0.02337815436548294,0.9320344326093724,2.0,0.0,0.03885966414791617,-0.0005578990453906676,-0.07029527971922411,34340,8579.123887748117,0.6845952242283052,-0.013563608041787167,0.960317478384542,3.0,0.0037274315666860802,0.03962965144511997,-0.00015768958784833674,-0.013245925379260287
meanrev,1.5,0.75,103443,"{""family"": ""meanrev"", ""min_ddv"": 10000000.0, ""min_price"": 5.0, ""regime"": ""spy200"", ""trend"": true, ""mom_min"": 0.0, ""rsi2_max"": 20.0, ""rsi14_max"": 100.0, ""ret21_max"": 1.0, ""dist_ema20_max"": 0.0, ""dist_ema50_min"": -0.05, ""dist_hh60_min"": -1.0, ""atr_ratio_max"": 10.0, ""vol_ratio_min"": 0.0, ""up_close"": false, ""strong_close"": false}",41666,5947.630035197497,0.618249891998272,0.018335973804668004,1.043223140027422,3.0,0.0,0.029080414983817734,0.0007818379735303606,0.06567438977655028,26241,6555.759753593429,0.6033306657520674,0.0012078718300841526,1.0027717375332703,3.0,0.0,0.03885966414791617,0.0006113200658538704,0.051350885531725114,34340,8579.123887748117,0.5977577169481654,0.0053123868288101435,1.0121269566886792,4.0,0.00576587070471753,0.03962965144511997,0.0006663045640684953,0.04197718753631521
meanrev,1.5,1.0,103443,"{""family"": ""meanrev"", ""min_ddv"": 10000000.0, ""min_price"": 5.0, ""regime"": ""spy200"", ""trend"": true, ""mom_min"": 0.0, ""rsi2_max"": 20.0, ""rsi14_max"": 100.0, ""ret21_max"": 1.0, ""dist_ema20_max"": 0.0, ""dist_ema50_min"": -0.05, ""dist_hh60_min"": -1.0, ""atr_ratio_max"": 10.0, ""vol_ratio_min"": 0.0, ""up_close"": false, ""strong_close"": false}",41666,5947.630035197497,0.5509048144770317,0.03542763965559734,1.0708611703743933,4.0,0.0,0.029080414983817734,0.0013175433050540155,0.08300522821840298,26241,6555.759753593429,0.5372508669639114,0.0167270675993361,1.032860238779602,4.0,0.0,0.03885966414791617,0.0013052890273457735,0.08223320872278372,34340,8579.123887748117,0.5342457775189283,0.025182733482985168,1.049560993117951,5.0,0.007804309842748981,0.03962965144511997,0.0014415663756949131,0.07265494533502362
meanrev,1.5,1.5,103443,"{""family"": ""meanrev"", ""min_ddv"": 10000000.0, ""min_price"": 5.0, ""regime"": ""spy200"", ""trend"": true, ""mom_min"": 0.0, ""rsi2_max"": 20.0, ""rsi14_max"": 100.0, ""ret21_max"": 1.0, ""dist_ema20_max"": 0.0, ""dist_ema50_min"": -0.05, ""dist_hh60_min"": -1.0, ""atr_ratio_max"": 10.0, ""vol_ratio_min"": 0.0, ""up_close"": false, ""strong_close"": false}",41666,5947.630035197497,0.4529832477319637,0.06014626650209989,1.0984138428061316,6.0,0.0,0.029080414983817734,0.0019811519331537253,0.08320838119245647,26241,6555.759753593429,0.44358065622499143,0.04705852740975072,1.0768357061658538,6.0,0.0,0.03885966414791617,0.002542570828570199,0.10678797479994835,34340,8579.123887748117,0.4460104834012813,0.06108234944431894,1.10050081053856,6.0,0.012405358182877111,0.03962965144511997,0.003121966789180256,0.13112260514557075
meanrev,1.5,2.0,103443,"{""family"": ""meanrev"", ""min_ddv"": 10000000.0, ""min_price"": 5.0, ""regime"": ""spy200"", ""trend"": true, ""mom_min"": 0.0, ""rsi2_max"": 20.0, ""rsi14_max"": 100.0, ""ret21_max"": 1.0, ""dist_ema20_max"": 0.0, ""dist_ema50_min"": -0.05, ""dist_hh60_min"": -1.0, ""atr_ratio_max"": 10.0, ""vol_ratio_min"": 0.0, ""up_close"": false, ""strong_close"": false}",41666,5947.630035197497,0.3890222243555897,0.08868437783133243,1.1294979593307661,8.0,0.0,0.029080414983817734,0.0028177583562887794,0.08875938822309655,26241,6555.759753593429,0.3801684387027933,0.07453458430425842,1.1091054765212758,8.0,0.0,0.03885966414791617,0.0038356653246330056,0.12082345772593968,34340,8579.123887748117,0.38782760629004076,0.09602358586281448,1.1425196906194788,8.0,0.016191030867792663,0.03962965144511997,0.004615027145291664,0.14537335507668742
meanrev,1.5,3.0,103443,"{""family"": ""meanrev"", ""min_ddv"": 10000000.0, ""min_price"": 5.0, ""regime"": ""spy200"", ""trend"": true, ""mom_min"": 0.0, ""rsi2_max"": 20.0, ""rsi14_max"": 100.0, ""ret21_max"": 1.0, ""dist_ema20_max"": 0.0, ""dist_ema50_min"": -0.05, ""dist_hh60_min"": -1.0, ""atr_ratio_max"": 10.0, ""vol_ratio_min"": 0.0, ""up_close"": false, ""strong_close"": false}",41666,5947.630035197497,0.3118129890078241,0.1608939317778937,1.207746690842017,11.0,0.0,0.029080414983817734,0.0048456110685304605,0.11100854447906144,26241,6555.759753593429,0.30368507297740177,0.14320351758621966,1.1859957541517891,10.0,0.0,0.03885966414791617,0.007314667967326633,0.18432963277663114,34340,8579.123887748117,0.31543389633080954,0.1655559997259687,1.2184247375120427,10.0,0.023907979033197437,0.03962965144511997,0.0077270667925485115,0.19472208317222248
meanrev,2.0,0.5,103443,"{""family"": ""meanrev"", ""min_ddv"": 10000000.0, ""min_price"": 5.0, ""regime"": ""spy200"", ""trend"": true, ""mom_min"": 0.0, ""rsi2_max"": 20.0, ""rsi14_max"": 100.0, ""ret21_max"": 1.0, ""dist_ema20_max"": 0.0, ""dist_ema50_min"": -0.05, ""dist_hh60_min"": -1.0, ""atr_ratio_max"": 10.0, ""vol_ratio_min"": 0.0, ""up_close"": false, ""strong_close"": false}",41537,5929.21587798201,0.7148566338445241,0.02735838829278042,1.0879913497431277,4.0,0.0,0.03873214407226857,0.0013447931869574733,0.08472197077832082,25631,6403.364134154688,0.698177987593149,0.008581850898069955,1.0262824346082358,3.0,0.0,0.05123267923773756,0.0012811236201871075,0.10761438409571704,33590,8391.752224503764,0.6963084251265258,0.017887933275728348,1.0549966877505303,4.0,0.005715986900863352,0.05220370546258531,0.0016585206539683037,0.10448680120000313
meanrev,2.0,0.75,103443,"{""family"": ""meanrev"", ""min_ddv"": 10000000.0, ""min_price"": 5.0, ""regime"": ""spy200"", ""trend"": true, ""mom_min"": 0.0, ""rsi2_max"": 20.0, ""rsi14_max"": 100.0, ""ret21_max"": 1.0, ""dist_ema20_max"": 0.0, ""dist_ema50_min"": -0.05, ""dist_hh60_min"": -1.0, ""atr_ratio_max"": 10.0, ""vol_ratio_min"": 0.0, ""up_close"": false, ""strong_close"": false}",41537,5929.21587798201,0.6285961913474734,0.05336754811354011,1.131494728896941,5.0,0.0,0.03873214407226857,0.002428578149319569,0.12240033872570628,25631,6403.364134154688,0.6132417775350162,0.032082727220378235,1.0766651366911086,5.0,0.0,0.05123267923773756,0.002678857404948602,0.13501441320940955,33590,8391.752224503764,0.6135456981244418,0.046048922286906324,1.1111677959515491,6.0,0.009377791009228937,0.05220370546258531,0.0032565309144366814,0.13677429840634062
meanrev,2.0,1.0,103443,"{""family"": ""meanrev"", ""min_ddv"": 10000000.0, ""min_price"": 5.0, ""regime"": ""spy200"", ""trend"": true, ""mom_min"": 0.0, ""rsi2_max"": 20.0, ""rsi14_max"": 100.0, ""ret21_max"": 1.0, ""dist_ema20_max"": 0.0, ""dist_ema50_min"": -0.05, ""dist_hh60_min"": -1.0, ""atr_ratio_max"": 10.0, ""vol_ratio_min"": 0.0, ""up_close"": false, ""strong_close"": false}",41537,5929.21587798201,0.5601993403471603,0.07072306376194859,1.146847515232903,7.0,0.0,0.03873214407226857,0.0030665855513189832,0.1103970798474834,25631,6403.364134154688,0.5476181186844056,0.05172846720782434,1.1057416725287417,7.0,0.0,0.05123267923773756,0.0037892521809448827,0.13641307851401577,33590,8391.752224503764,0.5520988389401608,0.07196663201684642,1.1495360039640823,7.0,0.013128907412920512,0.05220370546258531,0.004824750200541727,0.17369100721950217
meanrev,2.0,1.5,103443,"{""family"": ""meanrev"", ""min_ddv"": 10000000.0, ""min_price"": 5.0, ""regime"": ""spy200"", ""trend"": true, ""mom_min"": 0.0, ""rsi2_max"": 20.0, ""rsi14_max"": 100.0, ""ret21_max"": 1.0, ""dist_ema20_max"": 0.0, ""dist_ema50_min"": -0.05, ""dist_hh60_min"": -1.0, ""atr_ratio_max"": 10.0, ""vol_ratio_min"": 0.0, ""up_close"": false, ""strong_close"": false}",41537,5929.21587798201,0.46755904374413176,0.11369482229087254,1.1945071971422532,11.0,0.0,0.03873214407226857,0.004728507301801651,0.1083258036412742,25631,6403.364134154688,0.45710272716632205,0.09559428106799828,1.1626368145023698,10.0,0.0,0.05123267923773756,0.006473917292537028,0.1631427157719331,33590,8391.752224503764,0.46632926466210184,0.12021151692513259,1.208836530586222,10.0,0.019142601964870498,0.05220370546258531,0.007634429153868765,0.19238761467749288
meanrev,2.0,2.0,103443,"{""family"": ""meanrev"", ""min_ddv"": 10000000.0, ""min_price"": 5.0, ""regime"": ""spy200"", ""trend"": true, ""mom_min"": 0.0, ""rsi2_max"": 20.0, ""rsi14_max"": 100.0, ""ret21_max"": 1.0, ""dist_ema20_max"": 0.0, ""dist_ema50_min"": -0.05, ""dist_hh60_min"": -1.0, ""atr_ratio_max"": 10.0, ""vol_ratio_min"": 0.0, ""up_close"": false, ""strong_close"": false}",41537,5929.21587798201,0.4072272913306209,0.16088647875420584,1.2467194714645087,13.0,0.0,0.03873214407226857,0.0065685180853688,0.12732819673176443,25631,6403.364134154688,0.3983067379345324,0.1440309096197858,1.2206830159165765,13.0,0.0,0.05123267923773756,0.009274885243553327,0.17979008318272602,33590,8391.752224503764,0.40967549866031555,0.16800264218336253,1.2630649479263305,13.0,0.025602857993450433,0.05220370546258531,0.010442575536508647,0.2024253104000138
meanrev,2.0,3.0,103443,"{""family"": ""meanrev"", ""min_ddv"": 10000000.0, ""min_price"": 5.0, ""regime"": ""spy200"", ""trend"": true, ""mom_min"": 0.0, ""rsi2_max"": 20.0, ""rsi14_max"": 100.0, ""ret21_max"": 1.0, ""dist_ema20_max"": 0.0, ""dist_ema50_min"": -0.05, ""dist_hh60_min"": -1.0, ""atr_ratio_max"": 10.0, ""vol_ratio_min"": 0.0, ""up_close"": false, ""strong_close"": false}",41537,5929.21587798201,0.3333413583070515,0.2674154691807612,1.3636498472062255,18.0,0.0,0.03873214407226857,0.010622476004379851,0.14871466406131792,25631,6403.364134154688,0.319651983925715,0.2218293139401214,1.3003817307283903,18.0,0.0,0.05123267923773756,0.013844599108335387,0.19382438751669542,33590,8391.752224503764,0.34286990175647514,0.26202559017705185,1.3665665163334684,17.0,0.04022030366180411,0.05220370546258531,0.01553807530640623,0.23032911630672764
meanrev,3.0,0.5,103443,"{""family"": ""meanrev"", ""min_ddv"": 10000000.0, ""min_price"": 5.0, ""regime"": ""spy200"", ""trend"": true, ""mom_min"": 0.0, ""rsi2_max"": 20.0, ""rsi14_max"": 100.0, ""ret21_max"": 1.0, ""dist_ema20_max"": 0.0, ""dist_ema50_min"": -0.05, ""dist_hh60_min"": -1.0, ""atr_ratio_max"": 10.0, ""vol_ratio_min"": 0.0, ""up_close"": false, ""strong_close"": false}",40853,5831.578021118498,0.7234964384500526,0.05662602618800619,1.1909674937721837,7.0,0.0,0.05772505310267306,0.0037370453010694385,0.13453363083849978,23303,5821.762491444216,0.7111959833497833,0.03995199203612329,1.1298344907814195,7.0,0.0,0.07358684268926068,0.0038588346253546077,0.13891804651276587,30803,7695.479123887748,0.7109697107424602,0.05263344850555057,1.1739500706375736,7.0,0.010875564068434892,0.07516175221949545,0.0044930175696820595,0.16174863250855415
meanrev,3.0,0.75,103443,"{""family"": ""meanrev"", ""min_ddv"": 10000000.0, ""min_price"": 5.0, ""regime"": ""spy200"", ""trend"": true, ""mom_min"": 0.0, ""rsi2_max"": 20.0, ""rsi14_max"": 100.0, ""ret21_max"": 1.0, ""dist_ema20_max"": 0.0, ""dist_ema50_min"": -0.05, ""dist_hh60_min"": -1.0, ""atr_ratio_max"": 10.0, ""vol_ratio_min"": 0.0, ""up_close"": false, ""strong_close"": false}",40853,5831.578021118498,0.6385577558563631,0.08642616506424729,1.2225087533085222,11.0,0.0,0.05772505310267306,0.005509834078544257,0.12622528979937753,23303,5821.762491444216,0.6323649315538772,0.07768380095888225,1.1985597213578396,11.0,0.0,0.07358684268926068,0.006817746708021914,0.1561883791292293,30803,7695.479123887748,0.6323734701165471,0.08961744573983875,1.2326743365825317,11.0,0.01707625880596046,0.07516175221949545,0.007360597950960243,0.16862460760381648
meanrev,3.0,1.0,103443,"{""family"": ""meanrev"", ""min_ddv"": 10000000.0, ""min_price"": 5.0, ""regime"": ""spy200"", ""trend"": true, ""mom_min"": 0.0, ""rsi2_max"": 20.0, ""rsi14_max"": 100.0, ""ret21_max"": 1.0, ""dist_ema20_max"": 0.0, ""dist_ema50_min"": -0.05, ""dist_hh60_min"": -1.0, ""atr_ratio_max"": 10.0, ""vol_ratio_min"": 0.0, ""up_close"": false, ""strong_close"": false}",40853,5831.578021118498,0.5757471911487528,0.11761521327658443,1.2576951767180664,15.0,0.0,0.05772505310267306,0.00732203222421103,0.1230101413667453,23303,5821.762491444216,0.5704415740462602,0.11086551203742097,1.2426179410388134,15.0,0.0,0.07358684268926068,0.009401365161481776,0.15794293471289383,30803,7695.479123887748,0.576989254293413,0.1297076742551633,1.2921016092679465,14.0,0.023796383469142614,0.07516175221949545,0.010438411536962332,0.18789140766532197
meanrev,3.0,1.5,103443,"{""family"": ""meanrev"", ""min_ddv"": 10000000.0, ""min_price"": 5.0, ""regime"": ""spy200"", ""trend"": true, ""mom_min"": 0.0, ""rsi2_max"": 20.0, ""rsi14_max"": 100.0, ""ret21_max"": 1.0, ""dist_ema20_max"": 0.0, ""dist_ema50_min"": -0.05, ""dist_hh60_min"": -1.0, ""atr_ratio_max"": 10.0, ""vol_ratio_min"": 0.0, ""up_close"": false, ""strong_close"": false}",40853,5831.578021118498,0.49129806868528625,0.18869247768523262,1.3438344890544929,21.0,0.0,0.05772505310267306,0.01136742347024899,0.13640908164298787,23303,5821.762491444216,0.4827275458095524,0.1731763208203313,1.3146610146954112,22.0,0.0,0.07358684268926068,0.014291772050692706,0.16370575258066192,30803,7695.479123887748,0.4972242963347726,0.19551468283906176,1.3692444423850771,20.0,0.039054637535305005,0.07516175221949545,0.015527673250084454,0.19564868295106413
meanrev,3.0,2.0,103443,"{""family"": ""meanrev"", ""min_ddv"": 10000000.0, ""min_price"": 5.0, ""regime"": ""spy200"", ""trend"": true, ""mom_min"": 0.0, ""rsi2_max"": 20.0, ""rsi14_max"": 100.0, ""ret21_max"": 1.0, ""dist_ema20_max"": 0.0, ""dist_ema50_min"": -0.05, ""dist_hh60_min"": -1.0, ""atr_ratio_max"": 10.0, ""vol_ratio_min"": 0.0, ""up_close"": false, ""strong_close"": false}",40853,5831.578021118498,0.43526791178126456,0.2622029578689524,1.4300527714126747,28.0,7.34340195334492e-05,0.05772505310267306,0.015466491421128345,0.1391984227901551,23303,5821.762491444216,0.41930223576363557,0.22110255024374828,1.357671339854645,28.0,0.0,0.07358684268926068,0.017917575836864607,0.16125818253178145,30803,7695.479123887748,0.4496639937668409,0.27198410582957366,1.4687374046101118,26.0,0.05226763626919456,0.07516175221949545,0.021292057541259814,0.2063691730922105
meanrev,3.0,3.0,103443,"{""family"": ""meanrev"", ""min_ddv"": 10000000.0, ""min_price"": 5.0, ""regime"": ""spy200"", ""trend"": true, ""mom_min"": 0.0, ""rsi2_max"": 20.0, ""rsi14_max"": 100.0, ""ret21_max"": 1.0, ""dist_ema20_max"": 0.0, ""dist_ema50_min"": -0.05, ""dist_hh60_min"": -1.0, ""atr_ratio_max"": 10.0, ""vol_ratio_min"": 0.0, ""up_close"": false, ""strong_close"": false}",40853,5831.578021118498,0.36371869874917384,0.40347226222930227,1.5863484726961465,39.0,0.000734340195334492,0.05772505310267306,0.023083789850543487,0.14915679595735792,23303,5821.762491444216,0.3231343603827833,0.2443805588793048,1.3380240751139556,40.0,0.0013303008196369566,0.07358684268926068,0.02015659870457401,0.1269865718388163,30803,7695.479123887748,0.382625068986787,0.37648512159111946,1.5762203325593818,34.0,0.07684316462682206,0.07516175221949545,0.02833373941111333,0.21000300975295763
meanrev,1.0,0.5,4943,"{""family"": ""meanrev"", ""min_ddv"": 10000000.0, ""min_price"": 5.0, ""regime"": ""spy200"", ""trend"": true, ""mom_min"": 0.0, ""rsi2_max"": 20.0, ""rsi14_max"": 100.0, ""ret21_max"": 1.0, ""dist_ema20_max"": 0.0, ""dist_ema50_min"": -0.05, ""dist_hh60_min"": -1.0, ""atr_ratio_max"": 10.0, ""vol_ratio_min"": 0.0, ""up_close"": true, ""strong_close"": false}",1996,284.91982792334767,0.6848697394789579,-0.06976729078474252,0.8034634380762656,1.0,0.0,0.02000752807824775,-0.001454689677133774,-0.36658179863771106,1174,293.2991101984942,0.626916524701874,-0.13567961251737407,0.6699196252117645,2.0,0.0,0.026439239066962918,-0.004784726961634123,-0.6028755971658994,1759,439.44900752908967,0.679363274587834,-0.048110522408436884,0.8641560372292727,2.0,0.0028425241614553724,0.027284818775469153,-0.0010530872094611928,-0.1326889883921103
meanrev,1.0,0.75,4943,"{""family"": ""meanrev"", ""min_ddv"": 10000000.0, ""min_price"": 5.0, ""regime"": ""spy200"", ""trend"": true, ""mom_min"": 0.0, ""rsi2_max"": 20.0, ""rsi14_max"": 100.0, ""ret21_max"": 1.0, ""dist_ema20_max"": 0.0, ""dist_ema50_min"": -0.05, ""dist_hh60_min"": -1.0, ""atr_ratio_max"": 10.0, ""vol_ratio_min"": 0.0, ""up_close"": true, ""strong_close"": false}",1996,284.91982792334767,0.5976953907815631,-0.05053611595529792,0.8898263938777922,2.0,0.0,0.02000752807824775,-0.0009772138976007533,-0.12312895109769491,1174,293.2991101984942,0.5545144804088586,-0.10678600295726176,0.7835446382387576,2.0,0.0,0.026439239066962918,-0.0042694627734309295,-0.5379523094522971,1759,439.44900752908967,0.5940875497441728,-0.024152344941537576,0.9461604245854628,2.0,0.0034110289937464467,0.027284818775469153,-0.00048235410285841384,-0.060776616960160144
meanrev,1.0,1.0,4943,"{""family"": ""meanrev"", ""min_ddv"": 10000000.0, ""min_price"": 5.0, ""regime"": ""spy200"", ""trend"": true, ""mom_min"": 0.0, ""rsi2_max"": 20.0, ""rsi14_max"": 100.0, ""ret21_max"": 1.0, ""dist_ema20_max"": 0.0, ""dist_ema50_min"": -0.05, ""dist_hh60_min"": -1.0, ""atr_ratio_max"": 10.0, ""vol_ratio_min"": 0.0, ""up_close"": true, ""strong_close"": false}",1996,284.91982792334767,0.5280561122244489,-0.03517278853707264,0.9347720928373535,2.0,0.0,0.02000752807824775,-0.0005291723205399629,-0.06667571238803532,1174,293.2991101984942,0.49829642248722317,-0.09319644243062891,0.8370894329195393,2.0,0.0,0.026439239066962918,-0.003890395835405117,-0.49018987526104474,1759,439.44900752908967,0.5241614553723707,-0.018324198425609655,0.9654604305325163,3.0,0.0045480386583285955,0.027284818775469153,-0.00031092989614577243,-0.026118111276244884
meanrev,1.0,1.5,4943,"{""family"": ""meanrev"", ""min_ddv"": 10000000.0, ""min_price"": 5.0, ""regime"": ""spy200"", ""trend"": true, ""mom_min"": 0.0, ""rsi2_max"": 20.0, ""rsi14_max"": 100.0, ""ret21_max"": 1.0, ""dist_ema20_max"": 0.0, ""dist_ema50_min"": -0.05, ""dist_hh60_min"": -1.0, ""atr_ratio_max"": 10.0, ""vol_ratio_min"": 0.0, ""up_close"": true, ""strong_close"": false}",1996,284.91982792334767,0.44488977955911824,0.011915543120379533,1.0186676193207067,3.0,0.0,0.02000752807824775,0.000551967266780867,0.04636525040959283,1174,293.2991101984942,0.40630323679727426,-0.07328981391229329,0.8914105976838,3.0,0.0,0.026439239066962918,-0.003277440928488571,-0.27530503799303996,1759,439.44900752908967,0.4280841387151791,-0.007085264384956228,0.9889301011272477,4.0,0.0062535531552018195,0.027284818775469153,0.0006017010737148027,0.03790716764403257
meanrev,1.0,2.0,4943,"{""family"": ""meanrev"", ""min_ddv"": 10000000.0, ""min_price"": 5.0, ""regime"": ""spy200"", ""trend"": true, ""mom_min"": 0.0, ""rsi2_max"": 20.0, ""rsi14_max"": 100.0, ""ret21_max"": 1.0, ""dist_ema20_max"": 0.0, ""dist_ema50_min"": -0.05, ""dist_hh60_min"": -1.0, ""atr_ratio_max"": 10.0, ""vol_ratio_min"": 0.0, ""up_close"": true, ""strong_close"": false}",1996,284.91982792334767,0.37925851703406815,0.03227881833433432,1.045153718560096,4.0,0.0,0.02000752807824775,0.0010288896680525083,0.06482004908730803,1174,293.2991101984942,0.34582623509369675,-0.05475552894339147,0.9263861650548351,4.0,0.0,0.026439239066962918,-0.0022523882088573677,-0.14190045715801416,1759,439.44900752908967,0.37293916998294485,0.026479464331591752,1.0375742370717382,4.0,0.007390562819783968,0.027284818775469153,0.0012002230549876909,0.07561405246422452
meanrev,1.0,3.0,4943,"{""family"": ""meanrev"", ""min_ddv"": 10000000.0, ""min_price"": 5.0, ""regime"": ""spy200"", ""trend"": true, ""mom_min"": 0.0, ""rsi2_max"": 20.0, ""rsi14_max"": 100.0, ""ret21_max"": 1.0, ""dist_ema20_max"": 0.0, ""dist_ema50_min"": -0.05, ""dist_hh60_min"": -1.0, ""atr_ratio_max"": 10.0, ""vol_ratio_min"": 0.0, ""up_close"": true, ""strong_close"": false}",1996,284.91982792334767,0.2895791583166333,0.03497271877891291,1.042534232262838,5.0,0.0,0.02000752807824775,0.0005997914151109108,0.030229487321589903,1174,293.2991101984942,0.27512776831345825,-0.014577430446478176,0.9825487994194263,5.0,0.0,0.026439239066962918,-0.0003994396814466065,-0.02013175994490897,1759,439.44900752908967,0.2939169982944855,0.08591214180448026,1.1076361404594424,5.0,0.008527572484366117,0.027284818775469153,0.0030093062158806617,0.15166903328038533
meanrev,1.5,0.5,4943,"{""family"": ""meanrev"", ""min_ddv"": 10000000.0, ""min_price"": 5.0, ""regime"": ""spy200"", ""trend"": true, ""mom_min"": 0.0, ""rsi2_max"": 20.0, ""rsi14_max"": 100.0, ""ret21_max"": 1.0, ""dist_ema20_max"": 0.0, ""dist_ema50_min"": -0.05, ""dist_hh60_min"": -1.0, ""atr_ratio_max"": 10.0, ""vol_ratio_min"": 0.0, ""up_close"": true, ""strong_close"": false}",1993,284.491591709034,0.6924234821876568,-0.02465487837066985,0.927753171114662,2.0,0.0,0.029956699295430496,-0.0005423671005041524,-0.0683382546635232,1160,289.80150581793293,0.6655172413793103,-0.049850990721127,0.8627600880431506,3.0,0.0,0.039450799193235506,-0.002449726592082697,-0.20577703373494652,1737,433.95277207392195,0.689119170984456,-0.005204643024513949,0.9844013700478913,3.0,0.0034542314335060447,0.04073749773566025,7.917308186028379e-05,0.006650538876263839
meanrev,1.5,0.75,4943,"{""family"": ""meanrev"", ""min_ddv"": 10000000.0, ""min_price"": 5.0, ""regime"": ""spy200"", ""trend"": true, ""mom_min"": 0.0, ""rsi2_max"": 20.0, ""rsi14_max"": 100.0, ""ret21_max"": 1.0, ""dist_ema20_max"": 0.0, ""dist_ema50_min"": -0.05, ""dist_hh60_min"": -1.0, ""atr_ratio_max"": 10.0, ""vol_ratio_min"": 0.0, ""up_close"": true, ""strong_close"": false}",1993,284.491591709034,0.6081284495735073,0.0014875085851093859,1.0034077019695813,4.0,0.0,0.029956699295430496,0.0003589377898414742,0.022613080760012876,1160,289.80150581793293,0.571551724137931,-0.05457654099063703,0.8856495419214672,4.0,0.0,0.039450799193235506,-0.00248071021878101,-0.15628474378320362,1737,433.95277207392195,0.5964306275187105,0.00550234834049621,1.0125581721215628,4.0,0.004605641911341394,0.04073749773566025,0.00046134790910443493,0.0290649182735794
meanrev,1.5,1.0,4943,"{""family"": ""meanrev"", ""min_ddv"": 10000000.0, ""min_price"": 5.0, ""regime"": ""spy200"", ""trend"": true, ""mom_min"": 0.0, ""rsi2_max"": 20.0, ""rsi14_max"": 100.0, ""ret21_max"": 1.0, ""dist_ema20_max"": 0.0, ""dist_ema50_min"": -0.05, ""dist_hh60_min"": -1.0, ""atr_ratio_max"": 10.0, ""vol_ratio_min"": 0.0, ""up_close"": true, ""strong_close"": false}",1993,284.491591709034,0.5489212242849975,0.02962396098910624,1.058846694990162,5.0,0.0,0.029956699295430496,0.0011529783199196297,0.058110107323949334,1160,289.80150581793293,0.5051724137931034,-0.0477472865284969,0.912944290866176,5.0,0.0,0.039450799193235506,-0.001901176036807066,-0.09581927225507612,1737,433.95277207392195,0.5250431778929189,0.005176098329004695,1.0100514338414845,5.0,0.0063327576280944155,0.04073749773566025,0.0009021037984073805,0.04546603143973198
meanrev,1.5,1.5,4943,"{""family"": ""meanrev"", ""min_ddv"": 10000000.0, ""min_price"": 5.0, ""regime"": ""spy200"", ""trend"": true, ""mom_min"": 0.0, ""rsi2_max"": 20.0, ""rsi14_max"": 100.0, ""ret21_max"": 1.0, ""dist_ema20_max"": 0.0, ""dist_ema50_min"": -0.05, ""dist_hh60_min"": -1.0, ""atr_ratio_max"": 10.0, ""vol_ratio_min"": 0.0, ""up_close"": true, ""strong_close"": false}",1993,284.491591709034,0.4315102860010035,0.004419128879317204,1.0070015647965571,7.0,0.0,0.029956699295430496,-0.0002254239664785283,-0.008115262793227019,1160,289.80150581793293,0.41810344827586204,-0.01714719683510901,0.973312676894248,6.0,0.0,0.039450799193235506,-0.0003153846858134292,-0.013246156804164027,1737,433.95277207392195,0.43523316062176165,0.030502223091522482,1.0494850124177209,7.0,0.008635578583765112,0.04073749773566025,0.0022317851548047957,0.08034426557297265
meanrev,1.5,2.0,4943,"{""family"": ""meanrev"", ""min_ddv"": 10000000.0, ""min_price"": 5.0, ""regime"": ""spy200"", ""trend"": true, ""mom_min"": 0.0, ""rsi2_max"": 20.0, ""rsi14_max"": 100.0, ""ret21_max"": 1.0, ""dist_ema20_max"": 0.0, ""dist_ema50_min"": -0.05, ""dist_hh60_min"": -1.0, ""atr_ratio_max"": 10.0, ""vol_ratio_min"": 0.0, ""up_close"": true, ""strong_close"": false}",1993,284.491591709034,0.3743100852985449,0.038841430951090036,1.055624609064521,8.0,0.0,0.029956699295430496,0.0006407636741507818,0.020184055735749627,1160,289.80150581793293,0.3594827586206897,0.001783269346728058,1.002499162883256,8.0,0.0,0.039450799193235506,0.0014337197259133509,0.04516217136627055,1737,433.95277207392195,0.3765112262521589,0.06501622921941883,1.0946735919260548,8.0,0.010362694300518135,0.04073749773566025,0.0037315001132360247,0.11754225356693478
meanrev,1.5,3.0,4943,"{""family"": ""meanrev"", ""min_ddv"": 10000000.0, ""min_price"": 5.0, ""regime"": ""spy200"", ""trend"": true, ""mom_min"": 0.0, ""rsi2_max"": 20.0, ""rsi14_max"": 100.0, ""ret21_max"": 1.0, ""dist_ema20_max"": 0.0, ""dist_ema50_min"": -0.05, ""dist_hh60_min"": -1.0, ""atr_ratio_max"": 10.0, ""vol_ratio_min"": 0.0, ""up_close"": true, ""strong_close"": false}",1993,284.491591709034,0.28499749121926743,0.050514135376711254,1.0628185066317752,11.0,0.0,0.029956699295430496,0.00036592317042585446,0.008382967177028666,1160,289.80150581793293,0.2767241379310345,0.029946636003761743,1.037176846500755,10.0,0.0,0.039450799193235506,0.0038098105256702854,0.09600722524689119,1737,433.95277207392195,0.2970639032815199,0.09736541389089004,1.12468985089561,10.0,0.017271157167530225,0.04073749773566025,0.004547332044052225,0.11459276751011607
meanrev,2.0,0.5,4943,"{""family"": ""meanrev"", ""min_ddv"": 10000000.0, ""min_price"": 5.0, ""regime"": ""spy200"", ""trend"": true, ""mom_min"": 0.0, ""rsi2_max"": 20.0, ""rsi14_max"": 100.0, ""ret21_max"": 1.0, ""dist_ema20_max"": 0.0, ""dist_ema50_min"": -0.05, ""dist_hh60_min"": -1.0, ""atr_ratio_max"": 10.0, ""vol_ratio_min"": 0.0, ""up_close"": true, ""strong_close"": false}",1985,283.3496284708643,0.7073047858942065,0.020227405960043774,1.0634485235654558,4.0,0.0,0.039876616869813385,0.0013813736702086004,0.08702654122314182,1130,282.3066392881588,0.679646017699115,-0.019731280001100727,0.9434284839996118,4.0,0.0,0.05171327003378619,-0.00032317375124845223,-0.02035994632865249,1706,426.20807665982204,0.6981242672919109,0.024910898381653817,1.0782028522639686,4.0,0.005861664712778429,0.05388746854251092,0.0016761650503772192,0.1055983981737648
meanrev,2.0,0.75,4943,"{""family"": ""meanrev"", ""min_ddv"": 10000000.0, ""min_price"": 5.0, ""regime"": ""spy200"", ""trend"": true, ""mom_min"": 0.0, ""rsi2_max"": 20.0, ""rsi14_max"": 100.0, ""ret21_max"": 1.0, ""dist_ema20_max"": 0.0, ""dist_ema50_min"": -0.05, ""dist_hh60_min"": -1.0, ""atr_ratio_max"": 10.0, ""vol_ratio_min"": 0.0, ""up_close"": true, ""strong_close"": false}",1985,283.3496284708643,0.635264483627204,0.06360561592142351,1.1589794864972356,6.0,0.0,0.039876616869813385,0.003131361779949649,0.13151719475788526,1130,282.3066392881588,0.5867256637168141,-0.01474517171466596,0.9671263476573906,6.0,0.0,0.05171327003378619,0.000151787618140935,0.00637507996191927,1706,426.20807665982204,0.6137162954279015,0.048252684658611676,1.1184232510906873,6.0,0.008206330597889801,0.05388746854251092,0.003536447258484517,0.1485307848563497
meanrev,2.0,1.0,4943,"{""family"": ""meanrev"", ""min_ddv"": 10000000.0, ""min_price"": 5.0, ""regime"": ""spy200"", ""trend"": true, ""mom_min"": 0.0, ""rsi2_max"": 20.0, ""rsi14_max"": 100.0, ""ret21_max"": 1.0, ""dist_ema20_max"": 0.0, ""dist_ema50_min"": -0.05, ""dist_hh60_min"": -1.0, ""atr_ratio_max"": 10.0, ""vol_ratio_min"": 0.0, ""up_close"": true, ""strong_close"": false}",1985,283.3496284708643,0.5617128463476071,0.0720526151786933,1.1499734045780303,8.0,0.0,0.039876616869813385,0.003537044091969931,0.11141688889705283,1130,282.3066392881588,0.5176991150442478,-0.007558766141563608,0.9854949829820705,7.0,0.0,0.05171327003378619,0.00016896810452744787,0.006082851762988123,1706,426.20807665982204,0.5580304806565064,0.08133966703549798,1.173675549077029,7.0,0.00996483001172333,0.05388746854251092,0.0054799937697880855,0.19727977571237107
meanrev,2.0,1.5,4943,"{""family"": ""meanrev"", ""min_ddv"": 10000000.0, ""min_price"": 5.0, ""regime"": ""spy200"", ""trend"": true, ""mom_min"": 0.0, ""rsi2_max"": 20.0, ""rsi14_max"": 100.0, ""ret21_max"": 1.0, ""dist_ema20_max"": 0.0, ""dist_ema50_min"": -0.05, ""dist_hh60_min"": -1.0, ""atr_ratio_max"": 10.0, ""vol_ratio_min"": 0.0, ""up_close"": true, ""strong_close"": false}",1985,283.3496284708643,0.4659949622166247,0.10306558737058477,1.1755266650073923,11.0,0.0,0.039876616869813385,0.004592011350420247,0.10519880548235473,1130,282.3066392881588,0.4336283185840708,0.03312878506095472,1.0539334648027545,10.0,0.0,0.05171327003378619,0.0036102122020713837,0.09097734749219887,1706,426.20807665982204,0.4671746776084408,0.1283083337992651,1.2248256875915626,10.0,0.013481828839390387,0.05388746854251092,0.00879213924323837,0.2215619089296069
meanrev,2.0,2.0,4943,"{""family"": ""meanrev"", ""min_ddv"": 10000000.0, ""min_price"": 5.0, ""regime"": ""spy200"", ""trend"": true, ""mom_min"": 0.0, ""rsi2_max"": 20.0, ""rsi14_max"": 100.0, ""ret21_max"": 1.0, ""dist_ema20_max"": 0.0, ""dist_ema50_min"": -0.05, ""dist_hh60_min"": -1.0, ""atr_ratio_max"": 10.0, ""vol_ratio_min"": 0.0, ""up_close"": true, ""strong_close"": false}",1985,283.3496284708643,0.39848866498740554,0.1253482996858866,1.1890547390259727,14.0,0.0,0.039876616869813385,0.005455580064568467,0.0982004411622324,1130,282.3066392881588,0.3787610619469027,0.08194596640564812,1.1212211759457869,13.0,0.0,0.05171327003378619,0.006949513264159006,0.13471364173600536,1706,426.20807665982204,0.4015240328253224,0.15559700105503835,1.2415453015546651,13.0,0.017584994138335287,0.05388746854251092,0.010013210244760706,0.19410222935997676
meanrev,2.0,3.0,4943,"{""family"": ""meanrev"", ""min_ddv"": 10000000.0, ""min_price"": 5.0, ""regime"": ""spy200"", ""trend"": true, ""mom_min"": 0.0, ""rsi2_max"": 20.0, ""rsi14_max"": 100.0, ""ret21_max"": 1.0, ""dist_ema20_max"": 0.0, ""dist_ema50_min"": -0.05, ""dist_hh60_min"": -1.0, ""atr_ratio_max"": 10.0, ""vol_ratio_min"": 0.0, ""up_close"": true, ""strong_close"": false}",1985,283.3496284708643,0.32141057934508815,0.21774625173569817,1.2904387886271338,20.0,0.0,0.039876616869813385,0.008910748080135079,0.112275425809702,1130,282.3066392881588,0.2991150442477876,0.14318288170571536,1.187867545598502,17.0,0.0,0.05171327003378619,0.010652417489757792,0.1579064239658214,1706,426.20807665982204,0.3276670574443142,0.21927874720662802,1.3008521342263442,18.0,0.03341148886283705,0.05388746854251092,0.012603234438675318,0.17644528214145447
meanrev,3.0,0.5,4943,"{""family"": ""meanrev"", ""min_ddv"": 10000000.0, ""min_price"": 5.0, ""regime"": ""spy200"", ""trend"": true, ""mom_min"": 0.0, ""rsi2_max"": 20.0, ""rsi14_max"": 100.0, ""ret21_max"": 1.0, ""dist_ema20_max"": 0.0, ""dist_ema50_min"": -0.05, ""dist_hh60_min"": -1.0, ""atr_ratio_max"": 10.0, ""vol_ratio_min"": 0.0, ""up_close"": true, ""strong_close"": false}",1953,278.7817755181854,0.7337429595494112,0.07260507937967343,1.2554366399368981,7.0,0.0,0.0593672013303767,0.004602801995217894,0.16570087182784418,1026,256.32443531827516,0.6939571150097466,0.01162262286135715,1.0354115572879925,7.0,0.0,0.07466266318612874,0.0022210897817144396,0.07995923214171982,1559,389.4832306639288,0.7087876844130853,0.04994742198119827,1.1653392879799314,7.0,0.010262989095574085,0.07728526314640705,0.004158606305779017,0.1497098270080446
meanrev,3.0,0.75,4943,"{""family"": ""meanrev"", ""min_ddv"": 10000000.0, ""min_price"": 5.0, ""regime"": ""spy200"", ""trend"": true, ""mom_min"": 0.0, ""rsi2_max"": 20.0, ""rsi14_max"": 100.0, ""ret21_max"": 1.0, ""dist_ema20_max"": 0.0, ""dist_ema50_min"": -0.05, ""dist_hh60_min"": -1.0, ""atr_ratio_max"": 10.0, ""vol_ratio_min"": 0.0, ""up_close"": true, ""strong_close"": false}",1953,278.7817755181854,0.6410650281618023,0.09546883979254735,1.249691261713448,11.0,0.0,0.0593672013303767,0.006113996834276066,0.14006610929432442,1026,256.32443531827516,0.6198830409356725,0.05250265454265049,1.129525663480124,11.0,0.0,0.07466266318612874,0.005054731498220802,0.11579930341378565,1559,389.4832306639288,0.6266837716484926,0.07920848203217218,1.2031517511885432,12.0,0.013470173187940988,0.07728526314640705,0.006567157057935519,0.13791029821664588
meanrev,3.0,1.0,4943,"{""family"": ""meanrev"", ""min_ddv"": 10000000.0, ""min_price"": 5.0, ""regime"": ""spy200"", ""trend"": true, ""mom_min"": 0.0, ""rsi2_max"": 20.0, ""rsi14_max"": 100.0, ""ret21_max"": 1.0, ""dist_ema20_max"": 0.0, ""dist_ema50_min"": -0.05, ""dist_hh60_min"": -1.0, ""atr_ratio_max"": 10.0, ""vol_ratio_min"": 0.0, ""up_close"": true, ""strong_close"": false}",1953,278.7817755181854,0.5780849974398361,0.12258285137799374,1.2719640150786107,16.0,0.0,0.0593672013303767,0.007535463956691692,0.11868355731789415,1026,256.32443531827516,0.5477582846003899,0.05941614985893358,1.122914304532436,15.0,0.0,0.07466266318612874,0.005822055433324347,0.09781053127984903,1559,389.4832306639288,0.5721616420782553,0.12420757242823004,1.2772433658054663,15.0,0.01796023091725465,0.07728526314640705,0.010342914526033122,0.17376096403735644
meanrev,3.0,1.5,4943,"{""family"": ""meanrev"", ""min_ddv"": 10000000.0, ""min_price"": 5.0, ""regime"": ""spy200"", ""trend"": true, ""mom_min"": 0.0, ""rsi2_max"": 20.0, ""rsi14_max"": 100.0, ""ret21_max"": 1.0, ""dist_ema20_max"": 0.0, ""dist_ema50_min"": -0.05, ""dist_hh60_min"": -1.0, ""atr_ratio_max"": 10.0, ""vol_ratio_min"": 0.0, ""up_close"": true, ""strong_close"": false}",1953,278.7817755181854,0.48950332821300563,0.18841372009726792,1.3444090328061276,23.0,0.0,0.0593672013303767,0.011754592356835757,0.12878944669228742,1026,256.32443531827516,0.44834307992202727,0.08386912250231286,1.1425256815088596,22.0,0.0,0.07466266318612874,0.00799452210595395,0.09157361685001796,1559,389.4832306639288,0.4842847979474022,0.1679288846999442,1.307817736089927,21.0,0.030147530468248876,0.07728526314640705,0.013535413332299658,0.1624249599875959
meanrev,3.0,2.0,4943,"{""family"": ""meanrev"", ""min_ddv"": 10000000.0, ""min_price"": 5.0, ""regime"": ""spy200"", ""trend"": true, ""mom_min"": 0.0, ""rsi2_max"": 20.0, ""rsi14_max"": 100.0, ""ret21_max"": 1.0, ""dist_ema20_max"": 0.0, ""dist_ema50_min"": -0.05, ""dist_hh60_min"": -1.0, ""atr_ratio_max"": 10.0, ""vol_ratio_min"": 0.0, ""up_close"": true, ""strong_close"": false}",1953,278.7817755181854,0.43164362519201227,0.2548565532616391,1.4181268921944574,29.0,0.0,0.0593672013303767,0.01547284688428478,0.13445370395999187,1026,256.32443531827516,0.3830409356725146,0.11272507429979337,1.1714753971781207,28.0,0.0,0.07466266318612874,0.009534494848905613,0.08581045364015052,1559,389.4832306639288,0.4291212315586915,0.2224249277862785,1.368804697678154,27.0,0.04361770365618987,0.07728526314640705,0.01784293825339404,0.16653409036501104
meanrev,3.0,3.0,4943,"{""family"": ""meanrev"", ""min_ddv"": 10000000.0, ""min_price"": 5.0, ""regime"": ""spy200"", ""trend"": true, ""mom_min"": 0.0, ""rsi2_max"": 20.0, ""rsi14_max"": 100.0, ""ret21_max"": 1.0, ""dist_ema20_max"": 0.0, ""dist_ema50_min"": -0.05, ""dist_hh60_min"": -1.0, ""atr_ratio_max"": 10.0, ""vol_ratio_min"": 0.0, ""up_close"": true, ""strong_close"": false}",1953,278.7817755181854,0.37019969278033793,0.43149045349903775,1.6360122334353164,41.0,0.0010240655401945725,0.0593672013303767,0.026141117813710386,0.16067223631841507,1026,256.32443531827516,0.30214424951267055,0.1578737816837875,1.211069201163703,38.0,0.0,0.07466266318612874,0.012157048056841436,0.08062042395589583,1559,389.4832306639288,0.3463758819756254,0.25137975443891275,1.362050751693181,35.0,0.062219371391917896,0.07728526314640705,0.01921372724151846,0.1383388361389329
pullback,1.0,0.5,111607,"{""family"": ""pullback"", ""min_ddv"": 10000000.0, ""min_price"": 5.0, ""regime"": ""spy200"", ""trend"": true, ""mom_min"": -1.0, ""rsi2_max"": 100.0, ""rsi14_max"": 100.0, ""ret21_max"": 1.0, ""dist_ema20_max"": 1.0, ""dist_ema50_min"": -1.0, ""dist_hh60_min"": -1.0, ""atr_ratio_max"": 10.0, ""vol_ratio_min"": 0.0, ""up_close"": true, ""strong_close"": false}",43651,6230.979663668361,0.6900414652585278,-0.0617940581306778,0.8245681185394196,2.0,0.0,0.02057646430170375,-0.0011883074073104798,-0.14972673332112046,29803,7445.650239561944,0.6631211622990975,-0.07593588793639444,0.7964586496375011,2.0,0.0,0.028533738058902913,-0.002534496469664516,-0.319346555177729,37682,9414.052019164956,0.6718327052704209,-0.05599908623728829,0.8455437732129283,2.0,0.0014065070856111672,0.028296366034448815,-0.0018524282070053564,-0.2334059540826749
pullback,1.0,0.75,111607,"{""family"": ""pullback"", ""min_ddv"": 10000000.0, ""min_price"": 5.0, ""regime"": ""spy200"", ""trend"": true, ""mom_min"": -1.0, ""rsi2_max"": 100.0, ""rsi14_max"": 100.0, ""ret21_max"": 1.0, ""dist_ema20_max"": 1.0, ""dist_ema50_min"": -1.0, ""dist_hh60_min"": -1.0, ""atr_ratio_max"": 10.0, ""vol_ratio_min"": 0.0, ""up_close"": true, ""strong_close"": false}",43651,6230.979663668361,0.6051636846807633,-0.039101514472510215,0.9134173306527451,2.0,0.0,0.02057646430170375,-0.0006773382588306481,-0.08534462061266165,29803,7445.650239561944,0.5755125322954066,-0.06562557804865762,0.8612436836478317,2.0,0.0,0.028533738058902913,-0.002338397909357173,-0.29463813657900384,37682,9414.052019164956,0.5844965766148293,-0.03798232997386029,0.9173901864783677,2.0,0.0022822567804256675,0.028296366034448815,-0.0013350621021527664,-0.16821782487124856
pullback,1.0,1.0,111607,"{""family"": ""pullback"", ""min_ddv"": 10000000.0, ""min_price"": 5.0, ""regime"": ""spy200"", ""trend"": true, ""mom_min"": -1.0, ""rsi2_max"": 100.0, ""rsi14_max"": 100.0, ""ret21_max"": 1.0, ""dist_ema20_max"": 1.0, ""dist_ema50_min"": -1.0, ""dist_hh60_min"": -1.0, ""atr_ratio_max"": 10.0, ""vol_ratio_min"": 0.0, ""up_close"": true, ""strong_close"": false}",43651,6230.979663668361,0.5403312638885707,-0.016572086115795068,0.9685345156230943,3.0,0.0,0.02057646430170375,-0.00020221398653630276,-0.016985974869049434,29803,7445.650239561944,0.507667013387914,-0.05958931840171773,0.8916847557317319,3.0,0.0,0.028533738058902913,-0.0021828512681047033,-0.1833595065207951,37682,9414.052019164956,0.516400403375617,-0.02986606619463666,0.9443902259521807,3.0,0.0032376200838596676,0.028296366034448815,-0.001270029544385979,-0.10668248172842225
pullback,1.0,1.5,111607,"{""family"": ""pullback"", ""min_ddv"": 10000000.0, ""min_price"": 5.0, ""regime"": ""spy200"", ""trend"": true, ""mom_min"": -1.0, ""rsi2_max"": 100.0, ""rsi14_max"": 100.0, ""ret21_max"": 1.0, ""dist_ema20_max"": 1.0, ""dist_ema50_min"": -1.0, ""dist_hh60_min"": -1.0, ""atr_ratio_max"": 10.0, ""vol_ratio_min"": 0.0, ""up_close"": true, ""strong_close"": false}",43651,6230.979663668361,0.44583171061373167,0.012656675183310456,1.0198348692130503,4.0,0.0,0.02057646430170375,0.0003918681938574722,0.02468769621302075,29803,7445.650239561944,0.4118712881253565,-0.04808598400556705,0.9270749974343482,4.0,0.0,0.028533738058902913,-0.0020225880157347252,-0.12742304499128768,37682,9414.052019164956,0.42524282150628945,-0.008365607099093796,0.986986561551204,4.0,0.004936043734409002,0.028296366034448815,-0.0007757500583537453,-0.048872253676285955
pullback,1.0,2.0,111607,"{""family"": ""pullback"", ""min_ddv"": 10000000.0, ""min_price"": 5.0, ""regime"": ""spy200"", ""trend"": true, ""mom_min"": -1.0, ""rsi2_max"": 100.0, ""rsi14_max"": 100.0, ""ret21_max"": 1.0, ""dist_ema20_max"": 1.0, ""dist_ema50_min"": -1.0, ""dist_hh60_min"": -1.0, ""atr_ratio_max"": 10.0, ""vol_ratio_min"": 0.0, ""up_close"": true, ""strong_close"": false}",43651,6230.979663668361,0.38042656525623697,0.0345504482191666,1.048339792600647,5.0,0.0,0.02057646430170375,0.0008103628941466242,0.040842289864989854,29803,7445.650239561944,0.3482199778545784,-0.04051549657646214,0.9447305096432809,4.0,0.0,0.028533738058902913,-0.0019757698751236706,-0.12447350213279125,37682,9414.052019164956,0.36431187304283214,0.014120089578429394,1.0197667993053932,4.0,0.006793694602197336,0.028296366034448815,-0.00019330894476428905,-0.01217846352015021
pullback,1.0,3.0,111607,"{""family"": ""pullback"", ""min_ddv"": 10000000.0, ""min_price"": 5.0, ""regime"": ""spy200"", ""trend"": true, ""mom_min"": -1.0, ""rsi2_max"": 100.0, ""rsi14_max"": 100.0, ""ret21_max"": 1.0, ""dist_ema20_max"": 1.0, ""dist_ema50_min"": -1.0, ""dist_hh60_min"": -1.0, ""atr_ratio_max"": 10.0, ""vol_ratio_min"": 0.0, ""up_close"": true, ""strong_close"": false}",43651,6230.979663668361,0.2951364229914549,0.06615774380652467,1.081085630686684,6.0,0.0,0.02057646430170375,0.0013728030490319275,0.05765772805934096,29803,7445.650239561944,0.27510653289937254,0.006750929158253644,1.0082486769012353,6.0,0.0,0.028533738058902913,-0.0006251293928850086,-0.02625543450117036,37682,9414.052019164956,0.28427365851069475,0.04355942646571961,1.0539167298244236,5.0,0.009712860251579003,0.028296366034448815,0.0003849814052966029,0.01940306282694879
pullback,1.5,0.5,111607,"{""family"": ""pullback"", ""min_ddv"": 10000000.0, ""min_price"": 5.0, ""regime"": ""spy200"", ""trend"": true, ""mom_min"": -1.0, ""rsi2_max"": 100.0, ""rsi14_max"": 100.0, ""ret21_max"": 1.0, ""dist_ema20_max"": 1.0, ""dist_ema50_min"": -1.0, ""dist_hh60_min"": -1.0, ""atr_ratio_max"": 10.0, ""vol_ratio_min"": 0.0, ""up_close"": true, ""strong_close"": false}",43579,6220.701994524834,0.7003602652653801,-0.011392230878811208,0.9656783640877622,3.0,0.0,0.030838875143249796,-0.00018992667486133802,-0.015953840688352393,29066,7261.526351813826,0.6771829629119934,-0.03206007156713082,0.9088636070817295,3.0,0.0,0.04211396306153943,-0.0012650431107517825,-0.10626362130314974,36989,9240.920602327173,0.6813106599259239,-0.013502151714830251,0.9607313584704071,3.0,0.0032712428019140826,0.04202078487662121,-0.0007066195252098163,-0.05935604011762457
pullback,1.5,0.75,111607,"{""family"": ""pullback"", ""min_ddv"": 10000000.0, ""min_price"": 5.0, ""regime"": ""spy200"", ""trend"": true, ""mom_min"": -1.0, ""rsi2_max"": 100.0, ""rsi14_max"": 100.0, ""ret21_max"": 1.0, ""dist_ema20_max"": 1.0, ""dist_ema50_min"": -1.0, ""dist_hh60_min"": -1.0, ""atr_ratio_max"": 10.0, ""vol_ratio_min"": 0.0, ""up_close"": true, ""strong_close"": false}",43579,6220.701994524834,0.6160536037999954,0.01638245935529547,1.0384208863509514,4.0,0.0,0.030838875143249796,0.000695893214782152,0.04384127253127557,29066,7261.526351813826,0.5843253285625817,-0.026249799513503157,0.9421619907464556,4.0,0.0,0.04211396306153943,-0.0010380575478798409,-0.06539762551642997,36989,9240.920602327173,0.593987401659953,0.001943542204361344,1.0044167791766823,4.0,0.005731433669469301,0.04202078487662121,-0.0001785865275503025,-0.011250951235669058
pullback,1.5,1.0,111607,"{""family"": ""pullback"", ""min_ddv"": 10000000.0, ""min_price"": 5.0, ""regime"": ""spy200"", ""trend"": true, ""mom_min"": -1.0, ""rsi2_max"": 100.0, ""rsi14_max"": 100.0, ""ret21_max"": 1.0, ""dist_ema20_max"": 1.0, ""dist_ema50_min"": -1.0, ""dist_hh60_min"": -1.0, ""atr_ratio_max"": 10.0, ""vol_ratio_min"": 0.0, ""up_close"": true, ""strong_close"": false}",43579,6220.701994524834,0.5481309805181395,0.03129006360120752,1.0622142486949233,5.0,0.0,0.030838875143249796,0.0011634783764457074,0.058639310172863654,29066,7261.526351813826,0.5199545861143604,-0.011158008041967498,0.9787424535570326,5.0,0.0,0.04211396306153943,-0.0003941890327440732,-0.01986712725030129,36989,9240.920602327173,0.5300494741679959,0.01878521143597612,1.0367583317828462,5.0,0.007677958311930574,0.04202078487662121,0.0005296959839067853,0.026696677588901978
pullback,1.5,1.5,111607,"{""family"": ""pullback"", ""min_ddv"": 10000000.0, ""min_price"": 5.0, ""regime"": ""spy200"", ""trend"": true, ""mom_min"": -1.0, ""rsi2_max"": 100.0, ""rsi14_max"": 100.0, ""ret21_max"": 1.0, ""dist_ema20_max"": 1.0, ""dist_ema50_min"": -1.0, ""dist_hh60_min"": -1.0, ""atr_ratio_max"": 10.0, ""vol_ratio_min"": 0.0, ""up_close"": true, ""strong_close"": false}",43579,6220.701994524834,0.45081346520112897,0.05745469176776527,1.0939022945731973,7.0,0.0,0.030838875143249796,0.0019346276442742014,0.06964659519387126,29066,7261.526351813826,0.42923002821165623,0.016424281932294938,1.026262993341125,7.0,0.0,0.04211396306153943,0.0006650671710512244,0.023942418157844075,36989,9240.920602327173,0.4426721457730677,0.05668454405443999,1.092963366099278,7.0,0.01173321798372489,0.04202078487662121,0.002204609979445449,0.07936595926003617
pullback,1.5,2.0,111607,"{""family"": ""pullback"", ""min_ddv"": 10000000.0, ""min_price"": 5.0, ""regime"": ""spy200"", ""trend"": true, ""mom_min"": -1.0, ""rsi2_max"": 100.0, ""rsi14_max"": 100.0, ""ret21_max"": 1.0, ""dist_ema20_max"": 1.0, ""dist_ema50_min"": -1.0, ""dist_hh60_min"": -1.0, ""atr_ratio_max"": 10.0, ""vol_ratio_min"": 0.0, ""up_close"": true, ""strong_close"": false}",43579,6220.701994524834,0.38500195048073615,0.08074409496031301,1.1176686767207002,9.0,0.0,0.030838875143249796,0.002556633379363203,0.07158573462216969,29066,7261.526351813826,0.37050161700956447,0.04935170076925251,1.0713961470194484,9.0,0.0,0.04211396306153943,0.0019771646369123857,0.0553606098335468,36989,9240.920602327173,0.38008597150504203,0.08020281505533018,1.1179767857749725,8.0,0.01468004001189543,0.04202078487662121,0.003109957533810229,0.09796366231502221
pullback,1.5,3.0,111607,"{""family"": ""pullback"", ""min_ddv"": 10000000.0, ""min_price"": 5.0, ""regime"": ""spy200"", ""trend"": true, ""mom_min"": -1.0, ""rsi2_max"": 100.0, ""rsi14_max"": 100.0, ""ret21_max"": 1.0, ""dist_ema20_max"": 1.0, ""dist_ema50_min"": -1.0, ""dist_hh60_min"": -1.0, ""atr_ratio_max"": 10.0, ""vol_ratio_min"": 0.0, ""up_close"": true, ""strong_close"": false}",43579,6220.701994524834,0.30581243259368046,0.14183127431164572,1.1824001909966129,11.0,0.0,0.030838875143249796,0.004082103292964933,0.09351727543883301,29066,7261.526351813826,0.2970825018922452,0.11898389205945742,1.1536665094240706,11.0,0.0,0.04211396306153943,0.005568261311938175,0.12756380460076547,36989,9240.920602327173,0.30933520776447054,0.1468693175837065,1.192784373610179,10.0,0.022141717807996973,0.04202078487662121,0.006038915888389481,0.1521806803874149
pullback,2.0,0.5,111607,"{""family"": ""pullback"", ""min_ddv"": 10000000.0, ""min_price"": 5.0, ""regime"": ""spy200"", ""trend"": true, ""mom_min"": -1.0, ""rsi2_max"": 100.0, ""rsi14_max"": 100.0, ""ret21_max"": 1.0, ""dist_ema20_max"": 1.0, ""dist_ema50_min"": -1.0, ""dist_hh60_min"": -1.0, ""atr_ratio_max"": 10.0, ""vol_ratio_min"": 0.0, ""up_close"": true, ""strong_close"": false}",43374,6191.439186546734,0.7099183842855167,0.021512939158938087,1.0680455459229365,4.0,0.0,0.04103292544660077,0.0011631808242029017,0.0732803919247828,28047,7006.950718685832,0.689271579848112,-0.0012260070125757984,0.9963379460034765,4.0,0.0,0.05506143980326569,0.00038799448884308885,0.024443652797114596,35857,8958.114305270363,0.6936720863429735,0.01803823818233743,1.0554400050349941,4.0,0.007195247789831832,0.05508982985430652,0.0012111451497661457,0.07630214443526719
pullback,2.0,0.75,111607,"{""family"": ""pullback"", ""min_ddv"": 10000000.0, ""min_price"": 5.0, ""regime"": ""spy200"", ""trend"": true, ""mom_min"": -1.0, ""rsi2_max"": 100.0, ""rsi14_max"": 100.0, ""ret21_max"": 1.0, ""dist_ema20_max"": 1.0, ""dist_ema50_min"": -1.0, ""dist_hh60_min"": -1.0, ""atr_ratio_max"": 10.0, ""vol_ratio_min"": 0.0, ""up_close"": true, ""strong_close"": false}",43374,6191.439186546734,0.6228385668833863,0.04431985994401672,1.1075802555136007,6.0,0.0,0.04103292544660077,0.0020859999282013693,0.0876119969844575,28047,7006.950718685832,0.6007059578564552,0.014829335035094749,1.0344468060000866,6.0,0.0,0.05506143980326569,0.001225547083351228,0.05147297750075158,35857,8958.114305270363,0.6101458571548094,0.042925285111065414,1.1034908607492169,6.0,0.010988091586022255,0.05508982985430652,0.00271712336433303,0.11411918130198727
pullback,2.0,1.0,111607,"{""family"": ""pullback"", ""min_ddv"": 10000000.0, ""min_price"": 5.0, ""regime"": ""spy200"", ""trend"": true, ""mom_min"": -1.0, ""rsi2_max"": 100.0, ""rsi14_max"": 100.0, ""ret21_max"": 1.0, ""dist_ema20_max"": 1.0, ""dist_ema50_min"": -1.0, ""dist_hh60_min"": -1.0, ""atr_ratio_max"": 10.0, ""vol_ratio_min"": 0.0, ""up_close"": true, ""strong_close"": false}",43374,6191.439186546734,0.5575229400101444,0.06709902784496091,1.138771094785101,8.0,0.0,0.04103292544660077,0.0030411218168755927,0.09579533723158117,28047,7006.950718685832,0.5350661389809962,0.030489284752402562,1.0607951461661385,8.0,0.0,0.05506143980326569,0.0020425114979826485,0.06433911218645343,35857,8958.114305270363,0.548902585269264,0.06860850181740247,1.1423853027379975,8.0,0.014306829907688876,0.05508982985430652,0.004289423959375273,0.13511685472032112
pullback,2.0,1.5,111607,"{""family"": ""pullback"", ""min_ddv"": 10000000.0, ""min_price"": 5.0, ""regime"": ""spy200"", ""trend"": true, ""mom_min"": -1.0, ""rsi2_max"": 100.0, ""rsi14_max"": 100.0, ""ret21_max"": 1.0, ""dist_ema20_max"": 1.0, ""dist_ema50_min"": -1.0, ""dist_hh60_min"": -1.0, ""atr_ratio_max"": 10.0, ""vol_ratio_min"": 0.0, ""up_close"": true, ""strong_close"": false}",43374,6191.439186546734,0.459353529764375,0.09450136752181441,1.1597364004957924,11.0,0.0,0.04103292544660077,0.004021883346875808,0.0921376912193367,28047,7006.950718685832,0.44789104003993296,0.07533386208324952,1.1263989642313925,11.0,0.0,0.05506143980326569,0.0045047791496355275,0.10320039506437753,35857,8958.114305270363,0.4605237471065622,0.11202554235999691,1.1938739735074442,11.0,0.019856652815349863,0.05508982985430652,0.006731199531235218,0.15420566198829772
pullback,2.0,2.0,111607,"{""family"": ""pullback"", ""min_ddv"": 10000000.0, ""min_price"": 5.0, ""regime"": ""spy200"", ""trend"": true, ""mom_min"": -1.0, ""rsi2_max"": 100.0, ""rsi14_max"": 100.0, ""ret21_max"": 1.0, ""dist_ema20_max"": 1.0, ""dist_ema50_min"": -1.0, ""dist_hh60_min"": -1.0, ""atr_ratio_max"": 10.0, ""vol_ratio_min"": 0.0, ""up_close"": true, ""strong_close"": false}",43374,6191.439186546734,0.397196477152211,0.13359718565816475,1.2021640782931247,14.0,0.0,0.04103292544660077,0.005172439611592724,0.09310391300866903,28047,7006.950718685832,0.3894890719149998,0.11911560607971966,1.180382459760657,15.0,0.0,0.05506143980326569,0.0072346352633166685,0.12154187242372003,35857,8958.114305270363,0.40496974091530247,0.157770294914872,1.2467178825049996,13.0,0.026549906573332963,0.05508982985430652,0.00926914795926713,0.17967886813348588
pullback,2.0,3.0,111607,"{""family"": ""pullback"", ""min_ddv"": 10000000.0, ""min_price"": 5.0, ""regime"": ""spy200"", ""trend"": true, ""mom_min"": -1.0, ""rsi2_max"": 100.0, ""rsi14_max"": 100.0, ""ret21_max"": 1.0, ""dist_ema20_max"": 1.0, ""dist_ema50_min"": -1.0, ""dist_hh60_min"": -1.0, ""atr_ratio_max"": 10.0, ""vol_ratio_min"": 0.0, ""up_close"": true, ""strong_close"": false}",43374,6191.439186546734,0.3232812283856688,0.228995435853268,1.3075259909651913,19.0,0.0,0.04103292544660077,0.008838398833207566,0.11722507926148983,28047,7006.950718685832,0.3108710379006667,0.18943578881826553,1.2540368414314427,19.0,0.0,0.05506143980326569,0.011174703738524583,0.14821186011095763,35857,8958.114305270363,0.3366706640265499,0.24165196389381483,1.3365371621494837,17.0,0.04074518225172212,0.05508982985430652,0.013705294874816948,0.20316084167375711
pullback,3.0,0.5,111607,"{""family"": ""pullback"", ""min_ddv"": 10000000.0, ""min_price"": 5.0, ""regime"": ""spy200"", ""trend"": true, ""mom_min"": -1.0, ""rsi2_max"": 100.0, ""rsi14_max"": 100.0, ""ret21_max"": 1.0, ""dist_ema20_max"": 1.0, ""dist_ema50_min"": -1.0, ""dist_hh60_min"": -1.0, ""atr_ratio_max"": 10.0, ""vol_ratio_min"": 0.0, ""up_close"": true, ""strong_close"": false}",42229,6027.995698083691,0.7206185322882379,0.05309281288103463,1.1769985402353922,7.0,0.0,0.06086811088077335,0.0036756198766516586,0.1323223155594597,24752,6183.7645448323065,0.7055995475113123,0.03493092477217855,1.1115563780123612,8.0,0.0,0.07774081122003387,0.002905307709992253,0.09151719286475597,32026,8001.019849418207,0.7127334041091613,0.05514175583815608,1.183456823285639,8.0,0.011396989945669143,0.07799252667893511,0.004539286842939729,0.14298753555260146
pullback,3.0,0.75,111607,"{""family"": ""pullback"", ""min_ddv"": 10000000.0, ""min_price"": 5.0, ""regime"": ""spy200"", ""trend"": true, ""mom_min"": -1.0, ""rsi2_max"": 100.0, ""rsi14_max"": 100.0, ""ret21_max"": 1.0, ""dist_ema20_max"": 1.0, ""dist_ema50_min"": -1.0, ""dist_hh60_min"": -1.0, ""atr_ratio_max"": 10.0, ""vol_ratio_min"": 0.0, ""up_close"": true, ""strong_close"": false}",42229,6027.995698083691,0.6353690591773425,0.0817606373480081,1.2090156482349814,12.0,0.0,0.06086811088077335,0.005421523495617076,0.1138519934079586,24752,6183.7645448323065,0.6247979961215255,0.06738678085094572,1.1689820310168288,12.0,0.0,0.07774081122003387,0.005202029678407296,0.10924262324655322,32026,8001.019849418207,0.6362955098982077,0.09598999714615136,1.2514116126727706,11.0,0.017392118903390996,0.07799252667893511,0.007802351277570462,0.17874477472252331
pullback,3.0,1.0,111607,"{""family"": ""pullback"", ""min_ddv"": 10000000.0, ""min_price"": 5.0, ""regime"": ""spy200"", ""trend"": true, ""mom_min"": -1.0, ""rsi2_max"": 100.0, ""rsi14_max"": 100.0, ""ret21_max"": 1.0, ""dist_ema20_max"": 1.0, ""dist_ema50_min"": -1.0, ""dist_hh60_min"": -1.0, ""atr_ratio_max"": 10.0, ""vol_ratio_min"": 0.0, ""up_close"": true, ""strong_close"": false}",42229,6027.995698083691,0.5712425110705913,0.10903430671359181,1.2371554252466368,16.0,0.0,0.06086811088077335,0.007075785818234611,0.11144362663719513,24752,6183.7645448323065,0.5665804783451842,0.10413539132217604,1.2258502122564585,16.0,0.0,0.07774081122003387,0.008125440736340753,0.12797569159736685,32026,8001.019849418207,0.5777181040404671,0.13154619716178806,1.2965948432613341,15.0,0.023199900081184038,0.07799252667893511,0.010582618232783737,0.17778798631076678
pullback,3.0,1.5,111607,"{""family"": ""pullback"", ""min_ddv"": 10000000.0, ""min_price"": 5.0, ""regime"": ""spy200"", ""trend"": true, ""mom_min"": -1.0, ""rsi2_max"": 100.0, ""rsi14_max"": 100.0, ""ret21_max"": 1.0, ""dist_ema20_max"": 1.0, ""dist_ema50_min"": -1.0, ""dist_hh60_min"": -1.0, ""atr_ratio_max"": 10.0, ""vol_ratio_min"": 0.0, ""up_close"": true, ""strong_close"": false}",42229,6027.995698083691,0.48495109995500724,0.17568417238403886,1.3177125892079906,23.0,0.0,0.06086811088077335,0.010844948654507807,0.11882291569286815,24752,6183.7645448323065,0.4789511958629606,0.16395257430686722,1.2958382156790766,23.0,0.0,0.07774081122003387,0.013085464673074657,0.1433711781571658,32026,8001.019849418207,0.49950040592018985,0.201288379686034,1.3817710125646847,21.0,0.038062823955536125,0.07799252667893511,0.016366014876623165,0.196392178519478
pullback,3.0,2.0,111607,"{""family"": ""pullback"", ""min_ddv"": 10000000.0, ""min_price"": 5.0, ""regime"": ""spy200"", ""trend"": true, ""mom_min"": -1.0, ""rsi2_max"": 100.0, ""rsi14_max"": 100.0, ""ret21_max"": 1.0, ""dist_ema20_max"": 1.0, ""dist_ema50_min"": -1.0, ""dist_hh60_min"": -1.0, ""atr_ratio_max"": 10.0, ""vol_ratio_min"": 0.0, ""up_close"": true, ""strong_close"": false}",42229,6027.995698083691,0.4285917260650264,0.24498752680644792,1.3986894484297914,30.0,0.0001420824551848256,0.06086811088077335,0.014627385247549814,0.12287003607941843,24752,6183.7645448323065,0.4147139625080802,0.2094623407207425,1.336616976395733,30.0,4.040077569489334e-05,0.07774081122003387,0.01651011464056016,0.13868496298070535,32026,8001.019849418207,0.450134265908949,0.2717974038710403,1.468016149142865,27.0,0.05230125523012552,0.07799252667893511,0.021579996332567505,0.20141329910396338
pullback,3.0,3.0,111607,"{""family"": ""pullback"", ""min_ddv"": 10000000.0, ""min_price"": 5.0, ""regime"": ""spy200"", ""trend"": true, ""mom_min"": -1.0, ""rsi2_max"": 100.0, ""rsi14_max"": 100.0, ""ret21_max"": 1.0, ""dist_ema20_max"": 1.0, ""dist_ema50_min"": -1.0, ""dist_hh60_min"": -1.0, ""atr_ratio_max"": 10.0, ""vol_ratio_min"": 0.0, ""up_close"": true, ""strong_close"": false}",42229,6027.995698083691,0.3558218286011982,0.37268903031851025,1.5368903420136373,42.0,0.0011129792322811338,0.06086811088077335,0.021480712441837135,0.1288842746510228,24752,6183.7645448323065,0.3154492566257272,0.21526518018622556,1.2950100866131191,42.0,0.0018180349062702004,0.07774081122003387,0.01708761893169277,0.10252571359015661,32026,8001.019849418207,0.3843751951539374,0.38014845287475413,1.5824105819082046,35.0,0.07871729220008743,0.07799252667893511,0.02919040491647222,0.2101709153986
pullback,1.0,0.5,99893,"{""family"": ""pullback"", ""min_ddv"": 10000000.0, ""min_price"": 5.0, ""regime"": ""spy200"", ""trend"": true, ""mom_min"": 0.0, ""rsi2_max"": 100.0, ""rsi14_max"": 100.0, ""ret21_max"": 1.0, ""dist_ema20_max"": 1.0, ""dist_ema50_min"": -1.0, ""dist_hh60_min"": -1.0, ""atr_ratio_max"": 10.0, ""vol_ratio_min"": 0.0, ""up_close"": true, ""strong_close"": false}",38983,5564.644114196323,0.6905574224662032,-0.060238863329537595,0.8285107012464981,2.0,0.0,0.020616301019921384,-0.00119258493912652,-0.15026570232994152,26537,6629.709103353867,0.662546633002977,-0.07654832480142568,0.795056345688268,2.0,0.0,0.02855666426585101,-0.0025912829450607665,-0.32650165107765655,33911,8471.947296372347,0.6712276252543422,-0.05642331428156351,0.844513212329173,2.0,0.0014449588629058417,0.028407201506528913,-0.0018620793410805622,-0.23462199697615083
pullback,1.0,0.75,99893,"{""family"": ""pullback"", ""min_ddv"": 10000000.0, ""min_price"": 5.0, ""regime"": ""spy200"", ""trend"": true, ""mom_min"": 0.0, ""rsi2_max"": 100.0, ""rsi14_max"": 100.0, ""ret21_max"": 1.0, ""dist_ema20_max"": 1.0, ""dist_ema50_min"": -1.0, ""dist_hh60_min"": -1.0, ""atr_ratio_max"": 10.0, ""vol_ratio_min"": 0.0, ""up_close"": true, ""strong_close"": false}",38983,5564.644114196323,0.6062642690403509,-0.036137720597011716,0.9196792320323096,2.0,0.0,0.020616301019921384,-0.0006344850857098218,-0.07994512079943755,26537,6629.709103353867,0.5740663978595922,-0.06787218826668157,0.8568102047192726,2.0,0.0,0.02855666426585101,-0.0024773015081706613,-0.3121399900295033,33911,8471.947296372347,0.58340951313733,-0.03970853107786975,0.9137642251272106,2.0,0.0023001385980950134,0.028407201506528913,-0.001374199474946005,-0.17314913384319663
pullback,1.0,1.0,99893,"{""family"": ""pullback"", ""min_ddv"": 10000000.0, ""min_price"": 5.0, ""regime"": ""spy200"", ""trend"": true, ""mom_min"": 0.0, ""rsi2_max"": 100.0, ""rsi14_max"": 100.0, ""ret21_max"": 1.0, ""dist_ema20_max"": 1.0, ""dist_ema50_min"": -1.0, ""dist_hh60_min"": -1.0, ""atr_ratio_max"": 10.0, ""vol_ratio_min"": 0.0, ""up_close"": true, ""strong_close"": false}",38983,5564.644114196323,0.54213375060924,-0.01168854214401867,0.9777035840642527,3.0,0.0,0.020616301019921384,-0.00010460504282999372,-0.008786823597719472,26537,6629.709103353867,0.5063496250518145,-0.06228833395979286,0.8869873904665723,3.0,0.0,0.02855666426585101,-0.0023414430008150892,-0.19668121206846748,33911,8471.947296372347,0.5156733803190705,-0.03117761413244405,0.9420011040119778,3.0,0.003214296246055852,0.028407201506528913,-0.0013036350530212962,-0.10950534445378889
pullback,1.0,1.5,99893,"{""family"": ""pullback"", ""min_ddv"": 10000000.0, ""min_price"": 5.0, ""regime"": ""spy200"", ""trend"": true, ""mom_min"": 0.0, ""rsi2_max"": 100.0, ""rsi14_max"": 100.0, ""ret21_max"": 1.0, ""dist_ema20_max"": 1.0, ""dist_ema50_min"": -1.0, ""dist_hh60_min"": -1.0, ""atr_ratio_max"": 10.0, ""vol_ratio_min"": 0.0, ""up_close"": true, ""strong_close"": false}",38983,5564.644114196323,0.4474771054049201,0.018176665716611858,1.0285995944816446,4.0,0.0,0.020616301019921384,0.0005047842924979033,0.03180141042736791,26537,6629.709103353867,0.40988054414590946,-0.05286709762680108,0.9199706577306079,4.0,0.0,0.02855666426585101,-0.0022517896527875485,-0.14186274812561556,33911,8471.947296372347,0.4246409719560025,-0.009627949876983758,0.9850131691180877,4.0,0.004806699890890861,0.028407201506528913,-0.0008370662461585202,-0.052735173507986774
pullback,1.0,2.0,99893,"{""family"": ""pullback"", ""min_ddv"": 10000000.0, ""min_price"": 5.0, ""regime"": ""spy200"", ""trend"": true, ""mom_min"": 0.0, ""rsi2_max"": 100.0, ""rsi14_max"": 100.0, ""ret21_max"": 1.0, ""dist_ema20_max"": 1.0, ""dist_ema50_min"": -1.0, ""dist_hh60_min"": -1.0, ""atr_ratio_max"": 10.0, ""vol_ratio_min"": 0.0, ""up_close"": true, ""strong_close"": false}",38983,5564.644114196323,0.38234615088628376,0.04205870609425241,1.0591055878867912,5.0,0.0,0.020616301019921384,0.0009727865265411073,0.04902844093767181,26537,6629.709103353867,0.34668575950559594,-0.044687705674645625,0.9390658434831683,4.0,0.0,0.02855666426585101,-0.002177082623999426,-0.13715620531196382,33911,8471.947296372347,0.3634808764117838,0.010959621440840575,1.0153448735457968,4.0,0.006517059361269205,0.028407201506528913,-0.00035451551590468927,-0.022334477501995423
pullback,1.0,3.0,99893,"{""family"": ""pullback"", ""min_ddv"": 10000000.0, ""min_price"": 5.0, ""regime"": ""spy200"", ""trend"": true, ""mom_min"": 0.0, ""rsi2_max"": 100.0, ""rsi14_max"": 100.0, ""ret21_max"": 1.0, ""dist_ema20_max"": 1.0, ""dist_ema50_min"": -1.0, ""dist_hh60_min"": -1.0, ""atr_ratio_max"": 10.0, ""vol_ratio_min"": 0.0, ""up_close"": true, ""strong_close"": false}",38983,5564.644114196323,0.2978734320088244,0.07893186111387508,1.0972165357694332,6.0,0.0,0.020616301019921384,0.0016860306479665522,0.07081328721459519,26537,6629.709103353867,0.2729396691411991,-0.0013452632510033186,0.9983590427022915,6.0,0.0,0.02855666426585101,-0.0009349963060124372,-0.03926984485252236,33911,8471.947296372347,0.2828875586093008,0.03786748620196675,1.0468172140422307,5.0,0.009524932912624223,0.028407201506528913,0.00014034767788401067,0.007073522965354138
pullback,1.5,0.5,99893,"{""family"": ""pullback"", ""min_ddv"": 10000000.0, ""min_price"": 5.0, ""regime"": ""spy200"", ""trend"": true, ""mom_min"": 0.0, ""rsi2_max"": 100.0, ""rsi14_max"": 100.0, ""ret21_max"": 1.0, ""dist_ema20_max"": 1.0, ""dist_ema50_min"": -1.0, ""dist_hh60_min"": -1.0, ""atr_ratio_max"": 10.0, ""vol_ratio_min"": 0.0, ""up_close"": true, ""strong_close"": false}",38911,5554.366445052796,0.7023463802009714,-0.0077684070200712595,0.9764250720965595,3.0,0.0,0.030900001919497024,-7.608081287877024e-05,-0.0063907882818167,25825,6451.830937713895,0.6757405614714423,-0.03435877659220858,0.9027167685427842,3.0,0.0,0.042063666385163255,-0.001396323089144895,-0.11729113948817117,33235,8303.062970568104,0.680577704227471,-0.014528975427580935,0.9578169491910153,3.0,0.0033097638032194977,0.042154040906204525,-0.0007599711651384844,-0.06383757787163269
pullback,1.5,0.75,99893,"{""family"": ""pullback"", ""min_ddv"": 10000000.0, ""min_price"": 5.0, ""regime"": ""spy200"", ""trend"": true, ""mom_min"": 0.0, ""rsi2_max"": 100.0, ""rsi14_max"": 100.0, ""ret21_max"": 1.0, ""dist_ema20_max"": 1.0, ""dist_ema50_min"": -1.0, ""dist_hh60_min"": -1.0, ""atr_ratio_max"": 10.0, ""vol_ratio_min"": 0.0, ""up_close"": true, ""strong_close"": false}",38911,5554.366445052796,0.618488345198016,0.021185062648214893,1.0500121931003774,4.0,0.0,0.030900001919497024,0.0008528016250862982,0.05372650238043679,25825,6451.830937713895,0.5826137463697967,-0.030363057399382463,0.9333933791943125,4.0,0.0,0.042063666385163255,-0.0012479565767694993,-0.07862126433647845,33235,8303.062970568104,0.593380472393561,0.0012560893928010139,1.0028523661385649,4.0,0.005686775989168046,0.042154040906204525,-0.00022067198789340144,-0.013902335237284291
pullback,1.5,1.0,99893,"{""family"": ""pullback"", ""min_ddv"": 10000000.0, ""min_price"": 5.0, ""regime"": ""spy200"", ""trend"": true, ""mom_min"": 0.0, ""rsi2_max"": 100.0, ""rsi14_max"": 100.0, ""ret21_max"": 1.0, ""dist_ema20_max"": 1.0, ""dist_ema50_min"": -1.0, ""dist_hh60_min"": -1.0, ""atr_ratio_max"": 10.0, ""vol_ratio_min"": 0.0, ""up_close"": true, ""strong_close"": false}",38911,5554.366445052796,0.5507183058775154,0.03723257524897795,1.074466392869996,5.0,0.0,0.030900001919497024,0.0013575197451213895,0.06841899515411803,25825,6451.830937713895,0.5188770571151985,-0.013965764652631291,0.973445023096334,5.0,0.0,0.042063666385163255,-0.0005523169944995968,-0.027836776522779678,33235,8303.062970568104,0.5298029186098993,0.018173029078688015,1.0355847137630296,5.0,0.007582367985557394,0.042154040906204525,0.00048192016085817194,0.024288776107251865
pullback,1.5,1.5,99893,"{""family"": ""pullback"", ""min_ddv"": 10000000.0, ""min_price"": 5.0, ""regime"": ""spy200"", ""trend"": true, ""mom_min"": 0.0, ""rsi2_max"": 100.0, ""rsi14_max"": 100.0, ""ret21_max"": 1.0, ""dist_ema20_max"": 1.0, ""dist_ema50_min"": -1.0, ""dist_hh60_min"": -1.0, ""atr_ratio_max"": 10.0, ""vol_ratio_min"": 0.0, ""up_close"": true, ""strong_close"": false}",38911,5554.366445052796,0.4538819356994166,0.06560965937226841,1.1078690584623172,7.0,0.0,0.030900001919497024,0.0022152691684919714,0.07974969006571098,25825,6451.830937713895,0.42811229428848013,0.013297363005935547,1.021226365187084,7.0,0.0,0.042063666385163255,0.0004902449017266872,0.017648816462160738,33235,8303.062970568104,0.442395065443057,0.05551222218618238,1.0910575683027808,7.0,0.011554084549420791,0.042154040906204525,0.0020903084064835676,0.07525110263340844
pullback,1.5,2.0,99893,"{""family"": ""pullback"", ""min_ddv"": 10000000.0, ""min_price"": 5.0, ""regime"": ""spy200"", ""trend"": true, ""mom_min"": 0.0, ""rsi2_max"": 100.0, ""rsi14_max"": 100.0, ""ret21_max"": 1.0, ""dist_ema20_max"": 1.0, ""dist_ema50_min"": -1.0, ""dist_hh60_min"": -1.0, ""atr_ratio_max"": 10.0, ""vol_ratio_min"": 0.0, ""up_close"": true, ""strong_close"": false}",38911,5554.366445052796,0.38842486700418904,0.09166855876423144,1.134371992354023,9.0,0.0,0.030900001919497024,0.002972576297042182,0.0832321363171811,25825,6451.830937713895,0.3687512100677638,0.04362980466568835,1.0629368589058248,9.0,0.0,0.042063666385163255,0.001705802714779516,0.047762476013826445,33235,8303.062970568104,0.379539641943734,0.07823526532962687,1.114998803906974,8.0,0.01465322701970814,0.042154040906204525,0.0029436937912386183,0.09272635442401647
pullback,1.5,3.0,99893,"{""family"": ""pullback"", ""min_ddv"": 10000000.0, ""min_price"": 5.0, ""regime"": ""spy200"", ""trend"": true, ""mom_min"": 0.0, ""rsi2_max"": 100.0, ""rsi14_max"": 100.0, ""ret21_max"": 1.0, ""dist_ema20_max"": 1.0, ""dist_ema50_min"": -1.0, ""dist_hh60_min"": -1.0, ""atr_ratio_max"": 10.0, ""vol_ratio_min"": 0.0, ""up_close"": true, ""strong_close"": false}",38911,5554.366445052796,0.30880727814756753,0.15410357004877273,1.199019795191923,11.0,0.0,0.030900001919497024,0.004589334287044402,0.10513747639410811,25825,6451.830937713895,0.2958760890609874,0.1136216660422889,1.1464567699576576,11.0,0.0,0.042063666385163255,0.005424017302100627,0.12425930546630527,33235,8303.062970568104,0.30892131788776894,0.14421041561217687,1.1891692825973328,10.0,0.022446216338197683,0.042154040906204525,0.005847527556189486,0.14735769441597504
pullback,2.0,0.5,99893,"{""family"": ""pullback"", ""min_ddv"": 10000000.0, ""min_price"": 5.0, ""regime"": ""spy200"", ""trend"": true, ""mom_min"": 0.0, ""rsi2_max"": 100.0, ""rsi14_max"": 100.0, ""ret21_max"": 1.0, ""dist_ema20_max"": 1.0, ""dist_ema50_min"": -1.0, ""dist_hh60_min"": -1.0, ""atr_ratio_max"": 10.0, ""vol_ratio_min"": 0.0, ""up_close"": true, ""strong_close"": false}",38713,5526.102854908096,0.712887143853486,0.026751438292531026,1.0855165585229225,4.0,0.0,0.04111501891567273,0.0014137505525177606,0.08906628480861892,24879,6215.492813141684,0.688452108203706,-0.003066848263483634,0.9908678153979176,4.0,0.0,0.05493258071328549,0.0002490293634083456,0.01568884989472577,32190,8041.991786447638,0.6939422180801491,0.018472812816118032,1.0568393138802805,4.0,0.007393600497048773,0.05523830254745848,0.00132344897193792,0.08337728523208895
pullback,2.0,0.75,99893,"{""family"": ""pullback"", ""min_ddv"": 10000000.0, ""min_price"": 5.0, ""regime"": ""spy200"", ""trend"": true, ""mom_min"": 0.0, ""rsi2_max"": 100.0, ""rsi14_max"": 100.0, ""ret21_max"": 1.0, ""dist_ema20_max"": 1.0, ""dist_ema50_min"": -1.0, ""dist_hh60_min"": -1.0, ""atr_ratio_max"": 10.0, ""vol_ratio_min"": 0.0, ""up_close"": true, ""strong_close"": false}",38713,5526.102854908096,0.6259654379665746,0.050560386251815914,1.1238008174194374,6.0,0.0,0.04111501891567273,0.0023692596323880285,0.0995089045602972,24879,6215.492813141684,0.5996221713091362,0.01229032694359233,1.0284728698318724,6.0,0.0,0.05493258071328549,0.0010179289720009964,0.042753016824041846,32190,8041.991786447638,0.6110904007455732,0.04435737707451386,1.1073000680849912,6.0,0.01096613855234545,0.05523830254745848,0.0028964810442073056,0.12165220385670683
pullback,2.0,1.0,99893,"{""family"": ""pullback"", ""min_ddv"": 10000000.0, ""min_price"": 5.0, ""regime"": ""spy200"", ""trend"": true, ""mom_min"": 0.0, ""rsi2_max"": 100.0, ""rsi14_max"": 100.0, ""ret21_max"": 1.0, ""dist_ema20_max"": 1.0, ""dist_ema50_min"": -1.0, ""dist_hh60_min"": -1.0, ""atr_ratio_max"": 10.0, ""vol_ratio_min"": 0.0, ""up_close"": true, ""strong_close"": false}",38713,5526.102854908096,0.5603285717975873,0.07329361647399169,1.152644327572809,8.0,0.0,0.04111501891567273,0.003303657991955007,0.10406522674658272,24879,6215.492813141684,0.5336629285742996,0.026875726291530965,1.0534328056160667,8.0,0.0,0.05493258071328549,0.001764128705613941,0.05557005422683914,32190,8041.991786447638,0.5501397949673812,0.07050006321545127,1.1468108251858042,8.0,0.014196955576265921,0.05523830254745848,0.004448412538295564,0.14012499495631026
pullback,2.0,1.5,99893,"{""family"": ""pullback"", ""min_ddv"": 10000000.0, ""min_price"": 5.0, ""regime"": ""spy200"", ""trend"": true, ""mom_min"": 0.0, ""rsi2_max"": 100.0, ""rsi14_max"": 100.0, ""ret21_max"": 1.0, ""dist_ema20_max"": 1.0, ""dist_ema50_min"": -1.0, ""dist_hh60_min"": -1.0, ""atr_ratio_max"": 10.0, ""vol_ratio_min"": 0.0, ""up_close"": true, ""strong_close"": false}",38713,5526.102854908096,0.46317774391031435,0.10448766572784664,1.1778896234603806,11.0,0.0,0.04111501891567273,0.004517617946677391,0.10349452023297295,24879,6215.492813141684,0.4461996060934925,0.07040865672913034,1.1177286112903084,11.0,0.0,0.05493258071328549,0.004160950524857731,0.0953235938421953,32190,8041.991786447638,0.46160298229263746,0.11462218573149695,1.1987840793141267,11.0,0.019975147561354458,0.05523830254745848,0.006940509394579714,0.15900076067582616
pullback,2.0,2.0,99893,"{""family"": ""pullback"", ""min_ddv"": 10000000.0, ""min_price"": 5.0, ""regime"": ""spy200"", ""trend"": true, ""mom_min"": 0.0, ""rsi2_max"": 100.0, ""rsi14_max"": 100.0, ""ret21_max"": 1.0, ""dist_ema20_max"": 1.0, ""dist_ema50_min"": -1.0, ""dist_hh60_min"": -1.0, ""atr_ratio_max"": 10.0, ""vol_ratio_min"": 0.0, ""up_close"": true, ""strong_close"": false}",38713,5526.102854908096,0.4007181050293183,0.14428263625154497,1.2195768537188665,14.0,0.0,0.04111501891567273,0.0057372731271760095,0.10327091628916817,24879,6215.492813141684,0.3886008280075566,0.11539204943352023,1.1743684352167065,15.0,0.0,0.05493258071328549,0.006957790767864723,0.11689088490012735,32190,8041.991786447638,0.4061820441130786,0.16117616948312793,1.2526210215719213,13.0,0.026964895930413173,0.05523830254745848,0.009547157624074813,0.1850679785589887
pullback,2.0,3.0,99893,"{""family"": ""pullback"", ""min_ddv"": 10000000.0, ""min_price"": 5.0, ""regime"": ""spy200"", ""trend"": true, ""mom_min"": 0.0, ""rsi2_max"": 100.0, ""rsi14_max"": 100.0, ""ret21_max"": 1.0, ""dist_ema20_max"": 1.0, ""dist_ema50_min"": -1.0, ""dist_hh60_min"": -1.0, ""atr_ratio_max"": 10.0, ""vol_ratio_min"": 0.0, ""up_close"": true, ""strong_close"": false}",38713,5526.102854908096,0.3261953349004211,0.24087482909605432,1.324956534718908,19.0,0.0,0.04111501891567273,0.009526092240094793,0.1263460655002046,24879,6215.492813141684,0.31122633546364403,0.1904218810717748,1.2553894612255885,19.0,0.0,0.05493258071328549,0.011229694521098116,0.14894121154298554,32190,8041.991786447638,0.33783783783783783,0.24486867788784272,1.3416133145556441,17.0,0.04141037589313452,0.05523830254745848,0.01408017590962775,0.20871790171918783
pullback,3.0,0.5,99893,"{""family"": ""pullback"", ""min_ddv"": 10000000.0, ""min_price"": 5.0, ""regime"": ""spy200"", ""trend"": true, ""mom_min"": 0.0, ""rsi2_max"": 100.0, ""rsi14_max"": 100.0, ""ret21_max"": 1.0, ""dist_ema20_max"": 1.0, ""dist_ema50_min"": -1.0, ""dist_hh60_min"": -1.0, ""atr_ratio_max"": 10.0, ""vol_ratio_min"": 0.0, ""up_close"": true, ""strong_close"": false}",37660,5375.791943684005,0.7242432288900691,0.05894600998219593,1.1990168441641058,7.0,0.0,0.06095138580494381,0.004102589524956588,0.14769322289843717,21891,5469.00410677618,0.7033027271481431,0.031068158051898952,1.0985234475991277,8.0,0.0,0.07729563078655399,0.0024143646741890553,0.07605248723695524,28628,7152.101300479124,0.7127986586558613,0.0554237706598191,1.1847903159476585,8.0,0.011352522006427274,0.07795929668123994,0.0046311540557779935,0.14588135275700678
pullback,3.0,0.75,99893,"{""family"": ""pullback"", ""min_ddv"": 10000000.0, ""min_price"": 5.0, ""regime"": ""spy200"", ""trend"": true, ""mom_min"": 0.0, ""rsi2_max"": 100.0, ""rsi14_max"": 100.0, ""ret21_max"": 1.0, ""dist_ema20_max"": 1.0, ""dist_ema50_min"": -1.0, ""dist_hh60_min"": -1.0, ""atr_ratio_max"": 10.0, ""vol_ratio_min"": 0.0, ""up_close"": true, ""strong_close"": false}",37660,5375.791943684005,0.63935209771641,0.0890870593196609,1.230233234191115,12.0,0.0,0.06095138580494381,0.005963464533144291,0.1252327551960301,21891,5469.00410677618,0.6221278150838244,0.062152226421121615,1.1548718668069562,12.0,0.0,0.07729563078655399,0.004563313414583746,0.09582958170625866,28628,7152.101300479124,0.6375925667178985,0.09894979716072597,1.2604517381151514,11.0,0.01732569512365516,0.07795929668123994,0.00811509548953405,0.18590946030568914
pullback,3.0,1.0,99893,"{""family"": ""pullback"", ""min_ddv"": 10000000.0, ""min_price"": 5.0, ""regime"": ""spy200"", ""trend"": true, ""mom_min"": 0.0, ""rsi2_max"": 100.0, ""rsi14_max"": 100.0, ""ret21_max"": 1.0, ""dist_ema20_max"": 1.0, ""dist_ema50_min"": -1.0, ""dist_hh60_min"": -1.0, ""atr_ratio_max"": 10.0, ""vol_ratio_min"": 0.0, ""up_close"": true, ""strong_close"": false}",37660,5375.791943684005,0.5754646840148699,0.11770000743161035,1.2584452406227582,15.0,0.0,0.06095138580494381,0.007694696991759673,0.1292709094615625,21891,5469.00410677618,0.5636562971084007,0.09791190158273204,1.2109985550509874,16.0,0.0,0.07729563078655399,0.007399574317218763,0.11654329549619552,28628,7152.101300479124,0.5791882073494481,0.13561424901216312,1.3071576394920352,15.0,0.023333799077825904,0.07795929668123994,0.011020606633084244,0.1851461914358153
pullback,3.0,1.5,99893,"{""family"": ""pullback"", ""min_ddv"": 10000000.0, ""min_price"": 5.0, ""regime"": ""spy200"", ""trend"": true, ""mom_min"": 0.0, ""rsi2_max"": 100.0, ""rsi14_max"": 100.0, ""ret21_max"": 1.0, ""dist_ema20_max"": 1.0, ""dist_ema50_min"": -1.0, ""dist_hh60_min"": -1.0, ""atr_ratio_max"": 10.0, ""vol_ratio_min"": 0.0, ""up_close"": true, ""strong_close"": false}",37660,5375.791943684005,0.4888475836431227,0.1853479570450215,1.33751245290591,23.0,0.0,0.06095138580494381,0.011537555748019693,0.12641148036960706,21891,5469.00410677618,0.47809602119592526,0.16145753408250568,1.290853933693739,23.0,0.0,0.07729563078655399,0.01265556146037407,0.13866093426148982,28628,7152.101300479124,0.5004890317171999,0.20442683830011657,1.3888805658667076,21.0,0.038773229006566996,0.07795929668123994,0.016766617126807097,0.20119940552168517
pullback,3.0,2.0,99893,"{""family"": ""pullback"", ""min_ddv"": 10000000.0, ""min_price"": 5.0, ""regime"": ""spy200"", ""trend"": true, ""mom_min"": 0.0, ""rsi2_max"": 100.0, ""rsi14_max"": 100.0, ""ret21_max"": 1.0, ""dist_ema20_max"": 1.0, ""dist_ema50_min"": -1.0, ""dist_hh60_min"": -1.0, ""atr_ratio_max"": 10.0, ""vol_ratio_min"": 0.0, ""up_close"": true, ""strong_close"": false}",37660,5375.791943684005,0.4322357939458311,0.25594601564419084,1.4191932529523215,30.0,0.00015932023366967604,0.06095138580494381,0.01549358160035658,0.13014608544299527,21891,5469.00410677618,0.4151020967520899,0.20994235347100998,1.3376442046226262,30.0,4.568087341829976e-05,0.07729563078655399,0.01636422873441643,0.137459521369098,28628,7152.101300479124,0.4515509291602627,0.27594612764004045,1.4769949890508018,26.5,0.05340924968562247,0.07795929668123994,0.02213571141410004,0.21049808590012115
pullback,3.0,3.0,99893,"{""family"": ""pullback"", ""min_ddv"": 10000000.0, ""min_price"": 5.0, ""regime"": ""spy200"", ""trend"": true, ""mom_min"": 0.0, ""rsi2_max"": 100.0, ""rsi14_max"": 100.0, ""ret21_max"": 1.0, ""dist_ema20_max"": 1.0, ""dist_ema50_min"": -1.0, ""dist_hh60_min"": -1.0, ""atr_ratio_max"": 10.0, ""vol_ratio_min"": 0.0, ""up_close"": true, ""strong_close"": false}",37660,5375.791943684005,0.3579660116834838,0.38214128289222404,1.5526620252351142,43.0,0.0011949017525225705,0.06095138580494381,0.02222595538673644,0.1302544362199438,21891,5469.00410677618,0.317436389383765,0.22264269368205342,1.3059628784917887,42.0,0.0016445114430587912,0.07729563078655399,0.01751963636843348,0.10511781821060087,28628,7152.101300479124,0.3846583764146989,0.3800521595636963,1.5830335054212659,35.0,0.08013133994690513,0.07795929668123994,0.02941437365972775,0.2117834903500398
pullback,1.0,0.5,52516,"{""family"": ""pullback"", ""min_ddv"": 10000000.0, ""min_price"": 5.0, ""regime"": ""spy200"", ""trend"": true, ""mom_min"": 0.15, ""rsi2_max"": 100.0, ""rsi14_max"": 100.0, ""ret21_max"": 1.0, ""dist_ema20_max"": 1.0, ""dist_ema50_min"": -1.0, ""dist_hh60_min"": -1.0, ""atr_ratio_max"": 10.0, ""vol_ratio_min"": 0.0, ""up_close"": true, ""strong_close"": false}",16373,2337.170512319124,0.6866792890734746,-0.05289824569032902,0.8496677851699587,2.0,0.0,0.024119068658456016,-0.0012345144345311245,-0.1555488187509217,15482,3867.8507871321012,0.6596692933729492,-0.06935361800770211,0.8140545499588938,2.0,0.0,0.03473822639816357,-0.003033083100246984,-0.38216847063111997,20208,5048.542094455852,0.6595902612826603,-0.06449628975761401,0.8275836660333543,2.0,0.001583531274742676,0.033253643935802546,-0.0024340222791170837,-0.3066868071687526
pullback,1.0,0.75,52516,"{""family"": ""pullback"", ""min_ddv"": 10000000.0, ""min_price"": 5.0, ""regime"": ""spy200"", ""trend"": true, ""mom_min"": 0.15, ""rsi2_max"": 100.0, ""rsi14_max"": 100.0, ""ret21_max"": 1.0, ""dist_ema20_max"": 1.0, ""dist_ema50_min"": -1.0, ""dist_hh60_min"": -1.0, ""atr_ratio_max"": 10.0, ""vol_ratio_min"": 0.0, ""up_close"": true, ""strong_close"": false}",16373,2337.170512319124,0.6031270994930679,-0.027348482948253244,0.9390264707534627,2.0,0.0,0.024119068658456016,-0.0005208946525950632,-0.06563272622697797,15482,3867.8507871321012,0.5687895620720838,-0.06590658433462995,0.8611566281633323,2.0,0.0,0.03473822639816357,-0.0031200374258787285,-0.39312471566071977,20208,5048.542094455852,0.5730403800475059,-0.04938588607464804,0.8949119636022297,2.0,0.0024742676167854314,0.033253643935802546,-0.0018504570335644344,-0.23315758622911875
pullback,1.0,1.0,52516,"{""family"": ""pullback"", ""min_ddv"": 10000000.0, ""min_price"": 5.0, ""regime"": ""spy200"", ""trend"": true, ""mom_min"": 0.15, ""rsi2_max"": 100.0, ""rsi14_max"": 100.0, ""ret21_max"": 1.0, ""dist_ema20_max"": 1.0, ""dist_ema50_min"": -1.0, ""dist_hh60_min"": -1.0, ""atr_ratio_max"": 10.0, ""vol_ratio_min"": 0.0, ""up_close"": true, ""strong_close"": false}",16373,2337.170512319124,0.5412569474134246,0.002506292097894328,1.0048245367368185,3.0,0.0,0.024119068658456016,0.00023429856924189676,0.019681079816319325,15482,3867.8507871321012,0.5003875468285751,-0.062479440827140485,0.8866883186576393,3.0,0.0,0.03473822639816357,-0.0030201239450936756,-0.25369041138786874,20208,5048.542094455852,0.5039588281868567,-0.0467618756131517,0.9147506344080232,3.0,0.00361243072050673,0.033253643935802546,-0.002017135196658724,-0.1694393565193328
pullback,1.0,1.5,52516,"{""family"": ""pullback"", ""min_ddv"": 10000000.0, ""min_price"": 5.0, ""regime"": ""spy200"", ""trend"": true, ""mom_min"": 0.15, ""rsi2_max"": 100.0, ""rsi14_max"": 100.0, ""ret21_max"": 1.0, ""dist_ema20_max"": 1.0, ""dist_ema50_min"": -1.0, ""dist_hh60_min"": -1.0, ""atr_ratio_max"": 10.0, ""vol_ratio_min"": 0.0, ""up_close"": true, ""strong_close"": false}",16373,2337.170512319124,0.4444512306846638,0.0309644847662122,1.0490675471678512,4.0,0.0,0.024119068658456016,0.0008415700313122814,0.05301891197267373,15482,3867.8507871321012,0.4029841105800284,-0.06173548257207752,0.9065280764802947,4.0,0.0,0.03473822639816357,-0.0032191400126391698,-0.2028058207962677,20208,5048.542094455852,0.40889746634996044,-0.04149905163280794,0.9370157984668336,4.0,0.005047505938242281,0.033253643935802546,-0.0020151197653363196,-0.12695254521618812
pullback,1.0,2.0,52516,"{""family"": ""pullback"", ""min_ddv"": 10000000.0, ""min_price"": 5.0, ""regime"": ""spy200"", ""trend"": true, ""mom_min"": 0.15, ""rsi2_max"": 100.0, ""rsi14_max"": 100.0, ""ret21_max"": 1.0, ""dist_ema20_max"": 1.0, ""dist_ema50_min"": -1.0, ""dist_hh60_min"": -1.0, ""atr_ratio_max"": 10.0, ""vol_ratio_min"": 0.0, ""up_close"": true, ""strong_close"": false}",16373,2337.170512319124,0.3784278995907897,0.049518467286836024,1.0700172544038118,5.0,0.0,0.024119068658456016,0.0013447961718000214,0.06777772705872107,15482,3867.8507871321012,0.3398139775222839,-0.05592228385219608,0.9235185245162304,4.0,0.0,0.03473822639816357,-0.0032995864232903648,-0.20787394466729298,20208,5048.542094455852,0.3474366587490103,-0.029462274029127072,0.9596992597482584,4.0,0.006581551860649248,0.033253643935802546,-0.0017944297434982625,-0.11304907384039053
pullback,1.0,3.0,52516,"{""family"": ""pullback"", ""min_ddv"": 10000000.0, ""min_price"": 5.0, ""regime"": ""spy200"", ""trend"": true, ""mom_min"": 0.15, ""rsi2_max"": 100.0, ""rsi14_max"": 100.0, ""ret21_max"": 1.0, ""dist_ema20_max"": 1.0, ""dist_ema50_min"": -1.0, ""dist_hh60_min"": -1.0, ""atr_ratio_max"": 10.0, ""vol_ratio_min"": 0.0, ""up_close"": true, ""strong_close"": false}",16373,2337.170512319124,0.29084468332010016,0.0681231418814608,1.0841155760417787,6.0,0.0,0.024119068658456016,0.001706183693550232,0.07165971512910975,15482,3867.8507871321012,0.26701976488825735,-0.017406545176919325,0.9786971129781059,6.0,0.0,0.03473822639816357,-0.0019879333924561742,-0.08349320248315932,20208,5048.542094455852,0.2674188440221694,-0.01684746137009031,0.9796012247739802,5.0,0.00940221694378464,0.033253643935802546,-0.0017563665452786084,-0.08852087388204186
pullback,1.5,0.5,52516,"{""family"": ""pullback"", ""min_ddv"": 10000000.0, ""min_price"": 5.0, ""regime"": ""spy200"", ""trend"": true, ""mom_min"": 0.15, ""rsi2_max"": 100.0, ""rsi14_max"": 100.0, ""ret21_max"": 1.0, ""dist_ema20_max"": 1.0, ""dist_ema50_min"": -1.0, ""dist_hh60_min"": -1.0, ""atr_ratio_max"": 10.0, ""vol_ratio_min"": 0.0, ""up_close"": true, ""strong_close"": false}",16302,2327.0355885803674,0.7008955956324378,0.0006893118962980018,1.0020975023814314,3.0,0.0,0.0360707670652967,0.0002749009892603477,0.023091683097869204,14791,3695.2190280629707,0.6737205057129335,-0.03009019508897365,0.9147069516553386,3.0,0.0,0.050525419949258514,-0.001548850535586962,-0.1301034449893048,19557,4885.903490759753,0.6720867208672087,-0.021243704940654386,0.9399061341172905,3.0,0.0036815462494247586,0.0488817180228378,-0.001226626542587236,-0.10303662957732783
pullback,1.5,0.75,52516,"{""family"": ""pullback"", ""min_ddv"": 10000000.0, ""min_price"": 5.0, ""regime"": ""spy200"", ""trend"": true, ""mom_min"": 0.15, ""rsi2_max"": 100.0, ""rsi14_max"": 100.0, ""ret21_max"": 1.0, ""dist_ema20_max"": 1.0, ""dist_ema50_min"": -1.0, ""dist_hh60_min"": -1.0, ""atr_ratio_max"": 10.0, ""vol_ratio_min"": 0.0, ""up_close"": true, ""strong_close"": false}",16302,2327.0355885803674,0.6172862225493805,0.03171926525106546,1.0752193691471796,4.0,0.0,0.0360707670652967,0.0013956660778783306,0.08792696290633482,14791,3695.2190280629707,0.5777161787573525,-0.032815919232265546,0.928346497246122,4.0,0.0,0.050525419949258514,-0.0016296158587372543,-0.10266579910044703,19557,4885.903490759753,0.5811218489543386,-0.015240028714808878,0.9664225976365255,4.0,0.006544971110088459,0.0488817180228378,-0.0011026314347134596,-0.06946578038694795
pullback,1.5,1.0,52516,"{""family"": ""pullback"", ""min_ddv"": 10000000.0, ""min_price"": 5.0, ""regime"": ""spy200"", ""trend"": true, ""mom_min"": 0.15, ""rsi2_max"": 100.0, ""rsi14_max"": 100.0, ""ret21_max"": 1.0, ""dist_ema20_max"": 1.0, ""dist_ema50_min"": -1.0, ""dist_hh60_min"": -1.0, ""atr_ratio_max"": 10.0, ""vol_ratio_min"": 0.0, ""up_close"": true, ""strong_close"": false}",16302,2327.0355885803674,0.5463746779536254,0.04315479148966781,1.0863114130340394,5.0,0.0,0.0360707670652967,0.0017535708072745004,0.08837996868663481,14791,3695.2190280629707,0.5142992360219052,-0.018724387227763997,0.964476860510514,5.0,0.0,0.050525419949258514,-0.0009271625997927878,-0.046728995029556505,19557,4885.903490759753,0.5143426905967173,-0.007081846185082294,0.9865933355388878,5.0,0.008232346474408141,0.0488817180228378,-0.0007217909813618983,-0.03637826546063967
pullback,1.5,1.5,52516,"{""family"": ""pullback"", ""min_ddv"": 10000000.0, ""min_price"": 5.0, ""regime"": ""spy200"", ""trend"": true, ""mom_min"": 0.15, ""rsi2_max"": 100.0, ""rsi14_max"": 100.0, ""ret21_max"": 1.0, ""dist_ema20_max"": 1.0, ""dist_ema50_min"": -1.0, ""dist_hh60_min"": -1.0, ""atr_ratio_max"": 10.0, ""vol_ratio_min"": 0.0, ""up_close"": true, ""strong_close"": false}",16302,2327.0355885803674,0.44644828855355173,0.060827848006955815,1.099664902275137,7.0,0.0,0.0360707670652967,0.002512963708423525,0.0904666935032469,14791,3695.2190280629707,0.4228246906902846,0.005345580686243488,1.008525594349634,7.0,0.0,0.050525419949258514,7.85045726672409e-05,0.0028261646160206723,19557,4885.903490759753,0.42695709975967683,0.023219577779632142,1.037003593896003,7.0,0.012067290484225597,0.0488817180228378,0.0007474212994323513,0.026907166779564645
pullback,1.5,2.0,52516,"{""family"": ""pullback"", ""min_ddv"": 10000000.0, ""min_price"": 5.0, ""regime"": ""spy200"", ""trend"": true, ""mom_min"": 0.15, ""rsi2_max"": 100.0, ""rsi14_max"": 100.0, ""ret21_max"": 1.0, ""dist_ema20_max"": 1.0, ""dist_ema50_min"": -1.0, ""dist_hh60_min"": -1.0, ""atr_ratio_max"": 10.0, ""vol_ratio_min"": 0.0, ""up_close"": true, ""strong_close"": false}",16302,2327.0355885803674,0.3792786161207214,0.07697846451339405,1.1123093892321032,9.0,0.0,0.0360707670652967,0.0029037429309255037,0.08130480206591412,14791,3695.2190280629707,0.36197687783111354,0.02774441762471852,1.0398758522926488,9.0,0.0,0.050525419949258514,0.0011592267667555282,0.03245834946915479,19557,4885.903490759753,0.36375722247788517,0.036714891879063544,1.052524700262416,8.0,0.01528864345247226,0.0488817180228378,0.0012213456301245604,0.03847238734892365
pullback,1.5,3.0,52516,"{""family"": ""pullback"", ""min_ddv"": 10000000.0, ""min_price"": 5.0, ""regime"": ""spy200"", ""trend"": true, ""mom_min"": 0.15, ""rsi2_max"": 100.0, ""rsi14_max"": 100.0, ""ret21_max"": 1.0, ""dist_ema20_max"": 1.0, ""dist_ema50_min"": -1.0, ""dist_hh60_min"": -1.0, ""atr_ratio_max"": 10.0, ""vol_ratio_min"": 0.0, ""up_close"": true, ""strong_close"": false}",16302,2327.0355885803674,0.29677340203655994,0.1165962453625366,1.1494215876880398,11.0,0.0,0.0360707670652967,0.004111604691977939,0.09419312567076732,14791,3695.2190280629707,0.29004124129538233,0.09831800405006035,1.1267414909071325,11.0,0.0,0.050525419949258514,0.005649157813775834,0.12941706991559185,19557,4885.903490759753,0.29610881014470525,0.09933700691016095,1.1276767732030626,10.0,0.02290739888530961,0.0488817180228378,0.004402306998123217,0.11093813635270507
pullback,2.0,0.5,52516,"{""family"": ""pullback"", ""min_ddv"": 10000000.0, ""min_price"": 5.0, ""regime"": ""spy200"", ""trend"": true, ""mom_min"": 0.15, ""rsi2_max"": 100.0, ""rsi14_max"": 100.0, ""ret21_max"": 1.0, ""dist_ema20_max"": 1.0, ""dist_ema50_min"": -1.0, ""dist_hh60_min"": -1.0, ""atr_ratio_max"": 10.0, ""vol_ratio_min"": 0.0, ""up_close"": true, ""strong_close"": false}",16122,2301.3414157215484,0.7147376256047637,0.038639982514019955,1.1248600916655562,4.0,0.0,0.04780893308005106,0.0022746621063244885,0.14330371269844278,13926,3479.11704312115,0.6851931638661497,-0.003234935431389269,0.9904195368179355,4.0,0.0,0.06470954819906802,0.0003083081055547613,0.019423410649949964,18610,4649.315537303217,0.6840408382590005,0.00917626004160306,1.0274016991445771,4.0,0.0092423428264374,0.06343626388665324,0.0011101508551141798,0.06993950387219333
pullback,2.0,0.75,52516,"{""family"": ""pullback"", ""min_ddv"": 10000000.0, ""min_price"": 5.0, ""regime"": ""spy200"", ""trend"": true, ""mom_min"": 0.15, ""rsi2_max"": 100.0, ""rsi14_max"": 100.0, ""ret21_max"": 1.0, ""dist_ema20_max"": 1.0, ""dist_ema50_min"": -1.0, ""dist_hh60_min"": -1.0, ""atr_ratio_max"": 10.0, ""vol_ratio_min"": 0.0, ""up_close"": true, ""strong_close"": false}",16122,2301.3414157215484,0.6229996278377372,0.056786110759012846,1.138907769051752,6.0,0.0,0.04780893308005106,0.003006457323054058,0.12627120756827045,13926,3479.11704312115,0.5952893867585811,0.0070887640857695364,1.0163303151838126,6.0,0.0,0.06470954819906802,0.0009164001350835257,0.03848880567350808,18610,4649.315537303217,0.5987641053197206,0.02948844967346732,1.069221427390366,6.0,0.012788823213326169,0.06343626388665324,0.0026061518273874126,0.10945837675027133
pullback,2.0,1.0,52516,"{""family"": ""pullback"", ""min_ddv"": 10000000.0, ""min_price"": 5.0, ""regime"": ""spy200"", ""trend"": true, ""mom_min"": 0.15, ""rsi2_max"": 100.0, ""rsi14_max"": 100.0, ""ret21_max"": 1.0, ""dist_ema20_max"": 1.0, ""dist_ema50_min"": -1.0, ""dist_hh60_min"": -1.0, ""atr_ratio_max"": 10.0, ""vol_ratio_min"": 0.0, ""up_close"": true, ""strong_close"": false}",16122,2301.3414157215484,0.5538394740106687,0.0718477584925023,1.148537809507312,8.0,0.0,0.04780893308005106,0.0038078100771845947,0.11994601743131474,13926,3479.11704312115,0.5294413327588683,0.02200909996561478,1.0436416759232945,8.0,0.0,0.06470954819906802,0.0018282442519146412,0.0575896939353112,18610,4649.315537303217,0.53788285867813,0.05355651582212317,1.1087010873120833,8.0,0.015905427189682967,0.06343626388665324,0.004216744616317728,0.13282745541400845
pullback,2.0,1.5,52516,"{""family"": ""pullback"", ""min_ddv"": 10000000.0, ""min_price"": 5.0, ""regime"": ""spy200"", ""trend"": true, ""mom_min"": 0.15, ""rsi2_max"": 100.0, ""rsi14_max"": 100.0, ""ret21_max"": 1.0, ""dist_ema20_max"": 1.0, ""dist_ema50_min"": -1.0, ""dist_hh60_min"": -1.0, ""atr_ratio_max"": 10.0, ""vol_ratio_min"": 0.0, ""up_close"": true, ""strong_close"": false}",16122,2301.3414157215484,0.45478228507629326,0.09297685175245728,1.1569678823743865,11.0,0.0,0.04780893308005106,0.004655143760629935,0.10664511160715852,13926,3479.11704312115,0.44161999138302455,0.061947086695293065,1.1032681563404827,11.0,0.0,0.06470954819906802,0.00448587681723817,0.10276735981309262,18610,4649.315537303217,0.4478237506716819,0.08737257051596897,1.147844241968338,11.0,0.021923696937130574,0.06343626388665324,0.006483750508924081,0.1485368298408062
pullback,2.0,2.0,52516,"{""family"": ""pullback"", ""min_ddv"": 10000000.0, ""min_price"": 5.0, ""regime"": ""spy200"", ""trend"": true, ""mom_min"": 0.15, ""rsi2_max"": 100.0, ""rsi14_max"": 100.0, ""ret21_max"": 1.0, ""dist_ema20_max"": 1.0, ""dist_ema50_min"": -1.0, ""dist_hh60_min"": -1.0, ""atr_ratio_max"": 10.0, ""vol_ratio_min"": 0.0, ""up_close"": true, ""strong_close"": false}",16122,2301.3414157215484,0.3884753752636149,0.11548106530759018,1.173370967985459,14.0,0.0,0.04780893308005106,0.005249047174724124,0.09448284914503423,13926,3479.11704312115,0.38388625592417064,0.10574738226382878,1.1596090103320817,15.0,0.0,0.06470954819906802,0.007729511750886104,0.12985579741488654,18610,4649.315537303217,0.391993551853842,0.12511731241442883,1.1916513651622116,13.0,0.029339065018807092,0.06343626388665324,0.008912611040892774,0.172767537100383
pullback,2.0,3.0,52516,"{""family"": ""pullback"", ""min_ddv"": 10000000.0, ""min_price"": 5.0, ""regime"": ""spy200"", ""trend"": true, ""mom_min"": 0.15, ""rsi2_max"": 100.0, ""rsi14_max"": 100.0, ""ret21_max"": 1.0, ""dist_ema20_max"": 1.0, ""dist_ema50_min"": -1.0, ""dist_hh60_min"": -1.0, ""atr_ratio_max"": 10.0, ""vol_ratio_min"": 0.0, ""up_close"": true, ""strong_close"": false}",16122,2301.3414157215484,0.30976305669271803,0.18403502338216743,1.2442748357749378,19.0,0.0,0.04780893308005106,0.008921789756859883,0.11833110624887845,13926,3479.11704312115,0.3082722964239552,0.1828381665321959,1.2456736105728516,19.0,0.0,0.06470954819906802,0.012963789875744033,0.17194079203618404,18610,4649.315537303217,0.32079527135948416,0.18218603329726363,1.247650840058193,17.0,0.04239656098871574,0.06343626388665324,0.012704124693700669,0.18831996604779816
pullback,3.0,0.5,52516,"{""family"": ""pullback"", ""min_ddv"": 10000000.0, ""min_price"": 5.0, ""regime"": ""spy200"", ""trend"": true, ""mom_min"": 0.15, ""rsi2_max"": 100.0, ""rsi14_max"": 100.0, ""ret21_max"": 1.0, ""dist_ema20_max"": 1.0, ""dist_ema50_min"": -1.0, ""dist_hh60_min"": -1.0, ""atr_ratio_max"": 10.0, ""vol_ratio_min"": 0.0, ""up_close"": true, ""strong_close"": false}",15232,2174.298005475166,0.7224921218487395,0.06421194758507366,1.2161846785484276,8.0,0.0,0.06989091054044515,0.004999258300033988,0.1574766364510706,11382,2843.5523613963037,0.6954840976981198,0.01906038711150422,1.0588658892605132,8.0,0.0,0.08689824888018251,0.0014251472862225152,0.044892139516009226,15503,3873.097193702943,0.7037347610139973,0.04640055392822411,1.1499721314190579,8.0,0.012771721602270528,0.08656683991086855,0.0044638753673024705,0.14061207407002782
pullback,3.0,0.75,52516,"{""family"": ""pullback"", ""min_ddv"": 10000000.0, ""min_price"": 5.0, ""regime"": ""spy200"", ""trend"": true, ""mom_min"": 0.15, ""rsi2_max"": 100.0, ""rsi14_max"": 100.0, ""ret21_max"": 1.0, ""dist_ema20_max"": 1.0, ""dist_ema50_min"": -1.0, ""dist_hh60_min"": -1.0, ""atr_ratio_max"": 10.0, ""vol_ratio_min"": 0.0, ""up_close"": true, ""strong_close"": false}",15232,2174.298005475166,0.6320903361344538,0.08448381000038124,1.2149445232917113,12.0,0.0,0.06989091054044515,0.006501916608449827,0.13654024877744636,11382,2843.5523613963037,0.6160604463187489,0.05156400831784464,1.126549412362377,12.0,0.0,0.08689824888018251,0.003933178489399972,0.0825967482773994,15503,3873.097193702943,0.6277494678449332,0.08787424658842985,1.2254027483351406,11.0,0.018899567825582147,0.08656683991086855,0.008262901279213966,0.1892955565783563
pullback,3.0,1.0,52516,"{""family"": ""pullback"", ""min_ddv"": 10000000.0, ""min_price"": 5.0, ""regime"": ""spy200"", ""trend"": true, ""mom_min"": 0.15, ""rsi2_max"": 100.0, ""rsi14_max"": 100.0, ""ret21_max"": 1.0, ""dist_ema20_max"": 1.0, ""dist_ema50_min"": -1.0, ""dist_hh60_min"": -1.0, ""atr_ratio_max"": 10.0, ""vol_ratio_min"": 0.0, ""up_close"": true, ""strong_close"": false}",15232,2174.298005475166,0.5679490546218487,0.10852008846579841,1.2349253516620486,15.0,0.0,0.06989091054044515,0.0080350230264668,0.13498838684464226,11382,2843.5523613963037,0.5587770163415919,0.08947506057420834,1.191188983886224,16.0,0.0,0.08689824888018251,0.007287757213191375,0.11478217610776416,15503,3873.097193702943,0.567245049345288,0.11780007792524314,1.2597458451327082,15.0,0.025220924982261497,0.08656683991086855,0.010913486270887205,0.18334656935090504
pullback,3.0,1.5,52516,"{""family"": ""pullback"", ""min_ddv"": 10000000.0, ""min_price"": 5.0, ""regime"": ""spy200"", ""trend"": true, ""mom_min"": 0.15, ""rsi2_max"": 100.0, ""rsi14_max"": 100.0, ""ret21_max"": 1.0, ""dist_ema20_max"": 1.0, ""dist_ema50_min"": -1.0, ""dist_hh60_min"": -1.0, ""atr_ratio_max"": 10.0, ""vol_ratio_min"": 0.0, ""up_close"": true, ""strong_close"": false}",15232,2174.298005475166,0.4760372899159664,0.15905440482563146,1.2837847794101085,23.0,0.0,0.06989091054044515,0.01129421995459081,0.12374536645899496,11382,2843.5523613963037,0.47662976629766296,0.1611283123125839,1.2905400852605269,23.0,0.0,0.08689824888018251,0.013940119398067108,0.15273522123099614,15503,3873.097193702943,0.48732503386441334,0.1767995022317827,1.3279105333173788,20.0,0.04031477778494485,0.08656683991086855,0.01674652400400196,0.21100620245042473
pullback,3.0,2.0,52516,"{""family"": ""pullback"", ""min_ddv"": 10000000.0, ""min_price"": 5.0, ""regime"": ""spy200"", ""trend"": true, ""mom_min"": 0.15, ""rsi2_max"": 100.0, ""rsi14_max"": 100.0, ""ret21_max"": 1.0, ""dist_ema20_max"": 1.0, ""dist_ema50_min"": -1.0, ""dist_hh60_min"": -1.0, ""atr_ratio_max"": 10.0, ""vol_ratio_min"": 0.0, ""up_close"": true, ""strong_close"": false}",15232,2174.298005475166,0.41557247899159666,0.2109637627917838,1.3372147919043247,29.0,0.00019695378151260505,0.06989091054044515,0.01484371985511413,0.12898680701685383,11382,2843.5523613963037,0.4175013178703216,0.21891300375821518,1.3546141206470683,30.0,0.0,0.08689824888018251,0.018715332357807205,0.1572087918055805,15503,3873.097193702943,0.4331419725214475,0.22613880472439002,1.3786731734935083,26.0,0.05373153583177449,0.08656683991086855,0.021026332697320013,0.20379368614325552
pullback,3.0,3.0,52516,"{""family"": ""pullback"", ""min_ddv"": 10000000.0, ""min_price"": 5.0, ""regime"": ""spy200"", ""trend"": true, ""mom_min"": 0.15, ""rsi2_max"": 100.0, ""rsi14_max"": 100.0, ""ret21_max"": 1.0, ""dist_ema20_max"": 1.0, ""dist_ema50_min"": -1.0, ""dist_hh60_min"": -1.0, ""atr_ratio_max"": 10.0, ""vol_ratio_min"": 0.0, ""up_close"": true, ""strong_close"": false}",15232,2174.298005475166,0.3388918067226891,0.3087093438508932,1.4354205676283067,41.0,0.0015099789915966387,0.06989091054044515,0.020401343663188857,0.12539362446642907,11382,2843.5523613963037,0.3274468458970304,0.2647002904359098,1.3701194107110952,41.0,0.0017571604287471446,0.08689824888018251,0.022389056470772915,0.13761078611304328,15503,3873.097193702943,0.3621234599754886,0.30151662281165836,1.4458041485513977,34.0,0.07501773850222537,0.08656683991086855,0.026958509030240448,0.19981012575354684
pullback,1.0,0.5,82617,"{""family"": ""pullback"", ""min_ddv"": 10000000.0, ""min_price"": 5.0, ""regime"": ""spy200"", ""trend"": true, ""mom_min"": -1.0, ""rsi2_max"": 100.0, ""rsi14_max"": 100.0, ""ret21_max"": 1.0, ""dist_ema20_max"": 1.0, ""dist_ema50_min"": -1.0, ""dist_hh60_min"": -1.0, ""atr_ratio_max"": 10.0, ""vol_ratio_min"": 0.0, ""up_close"": true, ""strong_close"": true}",32782,4679.479859210011,0.6906534073576963,-0.0605596318344962,0.8272766433882581,2.0,0.0,0.020732451380876468,-0.0012285420352523154,-0.15479629644179174,22111,5523.966461327857,0.6665912894034643,-0.06886439193654022,0.8127867029348174,2.0,0.0,0.02900192375704464,-0.002404306764480176,-0.3029426523245022,27393,6843.562628336756,0.6732741941371884,-0.05229285237368777,0.8547939571795081,2.0,0.0013872157120432228,0.02828413136279764,-0.0016282912180003775,-0.20516469346804758
pullback,1.0,0.75,82617,"{""family"": ""pullback"", ""min_ddv"": 10000000.0, ""min_price"": 5.0, ""regime"": ""spy200"", ""trend"": true, ""mom_min"": -1.0, ""rsi2_max"": 100.0, ""rsi14_max"": 100.0, ""ret21_max"": 1.0, ""dist_ema20_max"": 1.0, ""dist_ema50_min"": -1.0, ""dist_hh60_min"": -1.0, ""atr_ratio_max"": 10.0, ""vol_ratio_min"": 0.0, ""up_close"": true, ""strong_close"": true}",32782,4679.479859210011,0.6053626990421572,-0.03789804908756759,0.9157278459261996,2.0,0.0,0.020732451380876468,-0.0007321267620677129,-0.09224797202053182,22111,5523.966461327857,0.5768621952874136,-0.060874170882102986,0.8703501449441166,2.0,0.0,0.02900192375704464,-0.002298644103133737,-0.28962915699485087,27393,6843.562628336756,0.5851859964224437,-0.035187396760529045,0.9231745928261791,2.0,0.0021173292446975507,0.02828413136279764,-0.0011276198183437628,-0.1420800971113141
pullback,1.0,1.0,82617,"{""family"": ""pullback"", ""min_ddv"": 10000000.0, ""min_price"": 5.0, ""regime"": ""spy200"", ""trend"": true, ""mom_min"": -1.0, ""rsi2_max"": 100.0, ""rsi14_max"": 100.0, ""ret21_max"": 1.0, ""dist_ema20_max"": 1.0, ""dist_ema50_min"": -1.0, ""dist_hh60_min"": -1.0, ""atr_ratio_max"": 10.0, ""vol_ratio_min"": 0.0, ""up_close"": true, ""strong_close"": true}",32782,4679.479859210011,0.5402659996339455,-0.015830672823461536,0.9698612554780188,3.0,0.0,0.020732451380876468,-0.0002679703945425514,-0.022509513141574317,22111,5523.966461327857,0.5090226584053186,-0.053558066079837055,0.9019226949437127,3.0,0.0,0.02900192375704464,-0.0021380032284643753,-0.1795922711910075,27393,6843.562628336756,0.5149855802577301,-0.03050012533382319,0.9432264654920086,3.0,0.0030664768371481766,0.02828413136279764,-0.0011807544362652965,-0.0991833726462849
pullback,1.0,1.5,82617,"{""family"": ""pullback"", ""min_ddv"": 10000000.0, ""min_price"": 5.0, ""regime"": ""spy200"", ""trend"": true, ""mom_min"": -1.0, ""rsi2_max"": 100.0, ""rsi14_max"": 100.0, ""ret21_max"": 1.0, ""dist_ema20_max"": 1.0, ""dist_ema50_min"": -1.0, ""dist_hh60_min"": -1.0, ""atr_ratio_max"": 10.0, ""vol_ratio_min"": 0.0, ""up_close"": true, ""strong_close"": true}",32782,4679.479859210011,0.4464035141236044,0.016456450099048774,1.0259269893634742,4.0,0.0,0.020732451380876468,0.00038697352022904234,0.024379331774429667,22111,5523.966461327857,0.41404730677038576,-0.03961285517035776,0.939499677145726,4.0,0.0,0.02900192375704464,-0.0018985801662528374,-0.11961055047392875,27393,6843.562628336756,0.4232833205563465,-0.012065845575463667,0.981262900104916,4.0,0.004709232285620414,0.02828413136279764,-0.0008338853823444162,-0.05253477908769822
pullback,1.0,2.0,82617,"{""family"": ""pullback"", ""min_ddv"": 10000000.0, ""min_price"": 5.0, ""regime"": ""spy200"", ""trend"": true, ""mom_min"": -1.0, ""rsi2_max"": 100.0, ""rsi14_max"": 100.0, ""ret21_max"": 1.0, ""dist_ema20_max"": 1.0, ""dist_ema50_min"": -1.0, ""dist_hh60_min"": -1.0, ""atr_ratio_max"": 10.0, ""vol_ratio_min"": 0.0, ""up_close"": true, ""strong_close"": true}",32782,4679.479859210011,0.3804526874504301,0.037219634891172776,1.052287903176458,5.0,0.0,0.020732451380876468,0.0007972466366712459,0.040181230488230794,22111,5523.966461327857,0.3500520103116096,-0.03144362967884426,0.9568025925887028,5.0,0.0,0.02900192375704464,-0.001818257459371163,-0.09164017595230661,27393,6843.562628336756,0.3621363121965466,0.007724486222579465,1.0107876127751405,4.0,0.006388493410725368,0.02828413136279764,-0.00030586469794536566,-0.019269475970558038
pullback,1.0,3.0,82617,"{""family"": ""pullback"", ""min_ddv"": 10000000.0, ""min_price"": 5.0, ""regime"": ""spy200"", ""trend"": true, ""mom_min"": -1.0, ""rsi2_max"": 100.0, ""rsi14_max"": 100.0, ""ret21_max"": 1.0, ""dist_ema20_max"": 1.0, ""dist_ema50_min"": -1.0, ""dist_hh60_min"": -1.0, ""atr_ratio_max"": 10.0, ""vol_ratio_min"": 0.0, ""up_close"": true, ""strong_close"": true}",32782,4679.479859210011,0.29787688365566467,0.08075065335258376,1.0997795835507933,6.0,0.0,0.020732451380876468,0.0016823165050726153,0.07065729321304985,22111,5523.966461327857,0.27389082357197775,0.006881397112206455,1.0084378946016028,6.0,0.0,0.02900192375704464,-0.0006964616947304583,-0.02925139117867925,27393,6843.562628336756,0.28233490307742853,0.036362577960599024,1.0449285716903216,5.0,0.009235936188077247,0.02828413136279764,0.0003002463346840365,0.015132415268075438
pullback,1.5,0.5,82617,"{""family"": ""pullback"", ""min_ddv"": 10000000.0, ""min_price"": 5.0, ""regime"": ""spy200"", ""trend"": true, ""mom_min"": -1.0, ""rsi2_max"": 100.0, ""rsi14_max"": 100.0, ""ret21_max"": 1.0, ""dist_ema20_max"": 1.0, ""dist_ema50_min"": -1.0, ""dist_hh60_min"": -1.0, ""atr_ratio_max"": 10.0, ""vol_ratio_min"": 0.0, ""up_close"": true, ""strong_close"": true}",32725,4671.343371138052,0.7012987012987013,-0.009706593291915635,0.9705799515421019,3.0,0.0,0.03107553062405309,-0.00022662584248535418,-0.019036570768769752,21562,5386.810403832991,0.6779055746220202,-0.029449689750521143,0.9158111100663939,3.0,0.0,0.042851092016107074,-0.001320523507424317,-0.11092397462364263,26918,6724.893908281999,0.6813284790846273,-0.013131492469003575,0.9617890048956036,3.0,0.002786239690913144,0.0420288538186844,-0.000572839876819275,-0.048118549652819094
pullback,1.5,0.75,82617,"{""family"": ""pullback"", ""min_ddv"": 10000000.0, ""min_price"": 5.0, ""regime"": ""spy200"", ""trend"": true, ""mom_min"": -1.0, ""rsi2_max"": 100.0, ""rsi14_max"": 100.0, ""ret21_max"": 1.0, ""dist_ema20_max"": 1.0, ""dist_ema50_min"": -1.0, ""dist_hh60_min"": -1.0, ""atr_ratio_max"": 10.0, ""vol_ratio_min"": 0.0, ""up_close"": true, ""strong_close"": true}",32725,4671.343371138052,0.6170206264323911,0.018693347999252482,1.044030188550309,4.0,0.0,0.03107553062405309,0.000702336382042598,0.044247192068683674,21562,5386.810403832991,0.5860309804285316,-0.021337436453662845,0.9526447881825367,4.0,0.0,0.042851092016107074,-0.0009797893568872828,-0.06172672948389881,26918,6724.893908281999,0.5922802585630433,-0.00018283053859715864,0.9995856130144269,4.0,0.005126681031280184,0.0420288538186844,-0.0001748469810175858,-0.011015359804107906
pullback,1.5,1.0,82617,"{""family"": ""pullback"", ""min_ddv"": 10000000.0, ""min_price"": 5.0, ""regime"": ""spy200"", ""trend"": true, ""mom_min"": -1.0, ""rsi2_max"": 100.0, ""rsi14_max"": 100.0, ""ret21_max"": 1.0, ""dist_ema20_max"": 1.0, ""dist_ema50_min"": -1.0, ""dist_hh60_min"": -1.0, ""atr_ratio_max"": 10.0, ""vol_ratio_min"": 0.0, ""up_close"": true, ""strong_close"": true}",32725,4671.343371138052,0.5497937356760886,0.036127287608937644,1.0723293587287412,5.0,0.0,0.03107553062405309,0.0012707843246952176,0.06404752996463897,21562,5386.810403832991,0.5218903626750765,-0.005375411349030715,0.9896866803759113,5.0,0.0,0.042851092016107074,-0.0002991014571374463,-0.015074713439727295,26918,6724.893908281999,0.5273794486960398,0.014238847794207482,1.0277298416333385,5.0,0.0069098744334645966,0.0420288538186844,0.0004018575830048187,0.020253622183442864
pullback,1.5,1.5,82617,"{""family"": ""pullback"", ""min_ddv"": 10000000.0, ""min_price"": 5.0, ""regime"": ""spy200"", ""trend"": true, ""mom_min"": -1.0, ""rsi2_max"": 100.0, ""rsi14_max"": 100.0, ""ret21_max"": 1.0, ""dist_ema20_max"": 1.0, ""dist_ema50_min"": -1.0, ""dist_hh60_min"": -1.0, ""atr_ratio_max"": 10.0, ""vol_ratio_min"": 0.0, ""up_close"": true, ""strong_close"": true}",32725,4671.343371138052,0.4528953399541635,0.06478620851035305,1.1066184133691506,7.0,0.0,0.03107553062405309,0.002239157188182346,0.08060965877456445,21562,5386.810403832991,0.43024765791670533,0.021084089780819704,1.0338832342849675,7.0,0.0,0.042851092016107074,0.0006817292183108939,0.02454225185919218,26918,6724.893908281999,0.4407831191024593,0.051254242604620866,1.0838423371084844,7.0,0.010662010550560963,0.0420288538186844,0.0021452650857335066,0.07722954308640624
pullback,1.5,2.0,82617,"{""family"": ""pullback"", ""min_ddv"": 10000000.0, ""min_price"": 5.0, ""regime"": ""spy200"", ""trend"": true, ""mom_min"": -1.0, ""rsi2_max"": 100.0, ""rsi14_max"": 100.0, ""ret21_max"": 1.0, ""dist_ema20_max"": 1.0, ""dist_ema50_min"": -1.0, ""dist_hh60_min"": -1.0, ""atr_ratio_max"": 10.0, ""vol_ratio_min"": 0.0, ""up_close"": true, ""strong_close"": true}",32725,4671.343371138052,0.38820473644003056,0.09303805281569824,1.136730474481792,9.0,0.0,0.03107553062405309,0.003060604852659109,0.08569693587445505,21562,5386.810403832991,0.3700027826732214,0.05127996147081886,1.0744268046138474,9.0,0.0,0.042851092016107074,0.0019840669499125796,0.055553874597552226,26918,6724.893908281999,0.3778512519503678,0.07457755499203235,1.1094706026048444,8.0,0.013522549966565123,0.0420288538186844,0.0030019529771599667,0.09456151878053895
pullback,1.5,3.0,82617,"{""family"": ""pullback"", ""min_ddv"": 10000000.0, ""min_price"": 5.0, ""regime"": ""spy200"", ""trend"": true, ""mom_min"": -1.0, ""rsi2_max"": 100.0, ""rsi14_max"": 100.0, ""ret21_max"": 1.0, ""dist_ema20_max"": 1.0, ""dist_ema50_min"": -1.0, ""dist_hh60_min"": -1.0, ""atr_ratio_max"": 10.0, ""vol_ratio_min"": 0.0, ""up_close"": true, ""strong_close"": true}",32725,4671.343371138052,0.30802139037433157,0.1528676616263895,1.1977586541277725,12.0,0.0,0.03107553062405309,0.004543721202820862,0.0954181452592381,21562,5386.810403832991,0.29737501159447177,0.12252343026176173,1.1588674105807555,11.0,0.0,0.042851092016107074,0.005724338978252073,0.1311394020472293,26918,6724.893908281999,0.3064120662753548,0.1380208399083513,1.1807718218960803,11.0,0.020506724125120737,0.0420288538186844,0.005863744607219661,0.1343330582744868
pullback,2.0,0.5,82617,"{""family"": ""pullback"", ""min_ddv"": 10000000.0, ""min_price"": 5.0, ""regime"": ""spy200"", ""trend"": true, ""mom_min"": -1.0, ""rsi2_max"": 100.0, ""rsi14_max"": 100.0, ""ret21_max"": 1.0, ""dist_ema20_max"": 1.0, ""dist_ema50_min"": -1.0, ""dist_hh60_min"": -1.0, ""atr_ratio_max"": 10.0, ""vol_ratio_min"": 0.0, ""up_close"": true, ""strong_close"": true}",32568,4648.932342588972,0.7105747973470892,0.022564656985618225,1.071610797217618,4.0,0.0,0.04135527213330377,0.0011648839466731,0.07338768864040529,20766,5187.9466119096505,0.6891553500914958,-0.00046053663157259283,0.9986221752239706,4.0,0.0,0.055845755662907975,0.0003934623524424656,0.024788128203875333,26105,6521.7830253251195,0.6925110132158591,0.016534359051278775,1.0506453904527067,4.0,0.006512162420992147,0.05512466849240952,0.0011508087528238715,0.0725009514279039
pullback,2.0,0.75,82617,"{""family"": ""pullback"", ""min_ddv"": 10000000.0, ""min_price"": 5.0, ""regime"": ""spy200"", ""trend"": true, ""mom_min"": -1.0, ""rsi2_max"": 100.0, ""rsi14_max"": 100.0, ""ret21_max"": 1.0, ""dist_ema20_max"": 1.0, ""dist_ema50_min"": -1.0, ""dist_hh60_min"": -1.0, ""atr_ratio_max"": 10.0, ""vol_ratio_min"": 0.0, ""up_close"": true, ""strong_close"": true}",32568,4648.932342588972,0.6250307049864898,0.04908156305028271,1.1200522023642865,6.0,0.0,0.04135527213330377,0.0022869015004978997,0.09604986302091179,20766,5187.9466119096505,0.6012713088702687,0.016701849328968215,1.0389181316210514,6.0,0.0,0.055845755662907975,0.0011813502197175747,0.049616709228138135,26105,6521.7830253251195,0.6081210496073549,0.03954408014096442,1.0948468544082617,6.0,0.010074698333652557,0.05512466849240952,0.0025287584866424623,0.10620785643898341
pullback,2.0,1.0,82617,"{""family"": ""pullback"", ""min_ddv"": 10000000.0, ""min_price"": 5.0, ""regime"": ""spy200"", ""trend"": true, ""mom_min"": -1.0, ""rsi2_max"": 100.0, ""rsi14_max"": 100.0, ""ret21_max"": 1.0, ""dist_ema20_max"": 1.0, ""dist_ema50_min"": -1.0, ""dist_hh60_min"": -1.0, ""atr_ratio_max"": 10.0, ""vol_ratio_min"": 0.0, ""up_close"": true, ""strong_close"": true}",32568,4648.932342588972,0.5591378039793663,0.07151996157466399,1.1487243906550482,8.0,0.0,0.04135527213330377,0.003274044052034414,0.10313238763908404,20766,5187.9466119096505,0.5358759510738708,0.03330814192513825,1.0666806486808929,8.0,0.0,0.055845755662907975,0.002007102623606472,0.06322373264360387,26105,6521.7830253251195,0.5465619613100938,0.06296071820138284,1.129872141470525,8.0,0.01313924535529592,0.05512466849240952,0.003967962294826622,0.12499081228703858
pullback,2.0,1.5,82617,"{""family"": ""pullback"", ""min_ddv"": 10000000.0, ""min_price"": 5.0, ""regime"": ""spy200"", ""trend"": true, ""mom_min"": -1.0, ""rsi2_max"": 100.0, ""rsi14_max"": 100.0, ""ret21_max"": 1.0, ""dist_ema20_max"": 1.0, ""dist_ema50_min"": -1.0, ""dist_hh60_min"": -1.0, ""atr_ratio_max"": 10.0, ""vol_ratio_min"": 0.0, ""up_close"": true, ""strong_close"": true}",32568,4648.932342588972,0.462816261360845,0.1047139704307372,1.1784666832789608,11.0,0.0,0.04135527213330377,0.004562576956289316,0.10452449027135523,20766,5187.9466119096505,0.4469324857940865,0.07498867237481574,1.1259610586914088,12.0,0.0,0.055845755662907975,0.004323075254685599,0.09078458034839758,26105,6521.7830253251195,0.4579582455468301,0.10554371566295219,1.1817828007710451,11.0,0.01873204366979506,0.05512466849240952,0.006346809194078011,0.14539962880978716
pullback,2.0,2.0,82617,"{""family"": ""pullback"", ""min_ddv"": 10000000.0, ""min_price"": 5.0, ""regime"": ""spy200"", ""trend"": true, ""mom_min"": -1.0, ""rsi2_max"": 100.0, ""rsi14_max"": 100.0, ""ret21_max"": 1.0, ""dist_ema20_max"": 1.0, ""dist_ema50_min"": -1.0, ""dist_hh60_min"": -1.0, ""atr_ratio_max"": 10.0, ""vol_ratio_min"": 0.0, ""up_close"": true, ""strong_close"": true}",32568,4648.932342588972,0.3995025792188651,0.1417892081407359,1.2156418078961244,14.0,0.0,0.04135527213330377,0.005555863636010087,0.10000554544818156,20766,5187.9466119096505,0.3876047385148801,0.11502807992102292,1.174063870762738,15.0,0.0,0.055845755662907975,0.006802205479220473,0.11427705205090395,26105,6521.7830253251195,0.40111089829534574,0.14667733259446894,1.227947968085749,13.0,0.025359126604098833,0.05512466849240952,0.008650374717647328,0.16768418683439437
pullback,2.0,3.0,82617,"{""family"": ""pullback"", ""min_ddv"": 10000000.0, ""min_price"": 5.0, ""regime"": ""spy200"", ""trend"": true, ""mom_min"": -1.0, ""rsi2_max"": 100.0, ""rsi14_max"": 100.0, ""ret21_max"": 1.0, ""dist_ema20_max"": 1.0, ""dist_ema50_min"": -1.0, ""dist_hh60_min"": -1.0, ""atr_ratio_max"": 10.0, ""vol_ratio_min"": 0.0, ""up_close"": true, ""strong_close"": true}",32568,4648.932342588972,0.32553426676492264,0.23928966018653347,1.3230469375494245,20.0,0.0,0.04135527213330377,0.00933321088235858,0.1175984571177181,20766,5187.9466119096505,0.30992969276702304,0.1870031255171573,1.2509820023108134,19.0,0.0,0.055845755662907975,0.010752681224267254,0.14261450886922886,26105,6521.7830253251195,0.3331545680904041,0.22970622184131426,1.3181018271756417,17.0,0.03857498563493584,0.05512466849240952,0.012939276582584583,0.19180574698890088
pullback,3.0,0.5,82617,"{""family"": ""pullback"", ""min_ddv"": 10000000.0, ""min_price"": 5.0, ""regime"": ""spy200"", ""trend"": true, ""mom_min"": -1.0, ""rsi2_max"": 100.0, ""rsi14_max"": 100.0, ""ret21_max"": 1.0, ""dist_ema20_max"": 1.0, ""dist_ema50_min"": -1.0, ""dist_hh60_min"": -1.0, ""atr_ratio_max"": 10.0, ""vol_ratio_min"": 0.0, ""up_close"": true, ""strong_close"": true}",31703,4525.457567461869,0.7238431694161436,0.058434973352416424,1.1972368678422758,8.0,0.0,0.06133563939885565,0.004002103506090731,0.12606626044185804,18249,4559.127310061602,0.7029974245164119,0.03126718770788629,1.09899588664544,8.0,0.0,0.07861708687303207,0.002484635178004782,0.07826600810715063,23244,5807.022587268993,0.7126570297711238,0.05455192196504119,1.181055269934062,8.0,0.01002409223885734,0.07792036954940915,0.004504290173277408,0.14188514045823836
pullback,3.0,0.75,82617,"{""family"": ""pullback"", ""min_ddv"": 10000000.0, ""min_price"": 5.0, ""regime"": ""spy200"", ""trend"": true, ""mom_min"": -1.0, ""rsi2_max"": 100.0, ""rsi14_max"": 100.0, ""ret21_max"": 1.0, ""dist_ema20_max"": 1.0, ""dist_ema50_min"": -1.0, ""dist_hh60_min"": -1.0, ""atr_ratio_max"": 10.0, ""vol_ratio_min"": 0.0, ""up_close"": true, ""strong_close"": true}",31703,4525.457567461869,0.6381730435605463,0.08686333892186561,1.2239320304984809,12.0,0.0,0.06133563939885565,0.005752615499308611,0.12080492548548083,18249,4559.127310061602,0.6239793961312948,0.06684339861635821,1.1675011248864273,12.0,0.0,0.07861708687303207,0.005006909857384102,0.10514510700506613,23244,5807.022587268993,0.6363362588194803,0.09453437382027664,1.2471405167962568,12.0,0.015487867836861126,0.07792036954940915,0.007717212802423357,0.16206146885089048
pullback,3.0,1.0,82617,"{""family"": ""pullback"", ""min_ddv"": 10000000.0, ""min_price"": 5.0, ""regime"": ""spy200"", ""trend"": true, ""mom_min"": -1.0, ""rsi2_max"": 100.0, ""rsi14_max"": 100.0, ""ret21_max"": 1.0, ""dist_ema20_max"": 1.0, ""dist_ema50_min"": -1.0, ""dist_hh60_min"": -1.0, ""atr_ratio_max"": 10.0, ""vol_ratio_min"": 0.0, ""up_close"": true, ""strong_close"": true}",31703,4525.457567461869,0.5748667318550295,0.1168253518448914,1.2564321295401741,16.0,0.0,0.06133563939885565,0.0076221586715434445,0.12004899907680926,18249,4559.127310061602,0.5645788810345772,0.10106632620385923,1.218436883038462,16.0,0.0,0.07861708687303207,0.007775744327202567,0.12246797315344043,23244,5807.022587268993,0.5776114266047152,0.13041151312438187,1.2935281451675262,15.0,0.02133884013078644,0.07792036954940915,0.010481106878695917,0.17608259556209138
pullback,3.0,1.5,82617,"{""family"": ""pullback"", ""min_ddv"": 10000000.0, ""min_price"": 5.0, ""regime"": ""spy200"", ""trend"": true, ""mom_min"": -1.0, ""rsi2_max"": 100.0, ""rsi14_max"": 100.0, ""ret21_max"": 1.0, ""dist_ema20_max"": 1.0, ""dist_ema50_min"": -1.0, ""dist_hh60_min"": -1.0, ""atr_ratio_max"": 10.0, ""vol_ratio_min"": 0.0, ""up_close"": true, ""strong_close"": true}",31703,4525.457567461869,0.48727249787086396,0.18163580300754265,1.3302282117050468,23.0,0.0,0.06133563939885565,0.011217920809280057,0.12290939321472062,18249,4559.127310061602,0.4774508192229711,0.16037047366161028,1.2888512410568072,23.0,0.0,0.07861708687303207,0.012693068090195804,0.13907187646649316,23244,5807.022587268993,0.4969024264326278,0.19502582830119605,1.367616941382979,21.0,0.03575116159008777,0.07792036954940915,0.015815652246916626,0.1897878269629995
pullback,3.0,2.0,82617,"{""family"": ""pullback"", ""min_ddv"": 10000000.0, ""min_price"": 5.0, ""regime"": ""spy200"", ""trend"": true, ""mom_min"": -1.0, ""rsi2_max"": 100.0, ""rsi14_max"": 100.0, ""ret21_max"": 1.0, ""dist_ema20_max"": 1.0, ""dist_ema50_min"": -1.0, ""dist_hh60_min"": -1.0, ""atr_ratio_max"": 10.0, ""vol_ratio_min"": 0.0, ""up_close"": true, ""strong_close"": true}",31703,4525.457567461869,0.43115793458032364,0.2528303824386438,1.4136482751825872,31.0,0.0001892565372362237,0.06133563939885565,0.01518479888681985,0.1234377199831807,18249,4559.127310061602,0.413940489889857,0.20781107278713473,1.3338174890678889,30.0,0.0,0.07861708687303207,0.01622617276220465,0.13629985120251906,23244,5807.022587268993,0.44802959903631046,0.26716089450044733,1.4579433053943738,27.0,0.04934606780244364,0.07792036954940915,0.021105358570772326,0.1969833466605417
pullback,3.0,3.0,82617,"{""family"": ""pullback"", ""min_ddv"": 10000000.0, ""min_price"": 5.0, ""regime"": ""spy200"", ""trend"": true, ""mom_min"": -1.0, ""rsi2_max"": 100.0, ""rsi14_max"": 100.0, ""ret21_max"": 1.0, ""dist_ema20_max"": 1.0, ""dist_ema50_min"": -1.0, ""dist_hh60_min"": -1.0, ""atr_ratio_max"": 10.0, ""vol_ratio_min"": 0.0, ""up_close"": true, ""strong_close"": true}",31703,4525.457567461869,0.3567170299340756,0.3775613810430339,1.545285684091234,43.0,0.0012617102482414913,0.06133563939885565,0.021854791273684015,0.1280792418829854,18249,4559.127310061602,0.31535974573949255,0.21534472072223693,1.2953703601681987,42.0,0.001972710833470327,0.07861708687303207,0.01694704873138548,0.10168229238831288,23244,5807.022587268993,0.3827224229908794,0.3774043833619564,1.5764868515154178,36.0,0.07554637755980038,0.07792036954940915,0.028767051493908055,0.2013693604573564
pullback,1.0,0.5,73888,"{""family"": ""pullback"", ""min_ddv"": 10000000.0, ""min_price"": 5.0, ""regime"": ""spy200"", ""trend"": true, ""mom_min"": 0.0, ""rsi2_max"": 100.0, ""rsi14_max"": 100.0, ""ret21_max"": 1.0, ""dist_ema20_max"": 1.0, ""dist_ema50_min"": -1.0, ""dist_hh60_min"": -1.0, ""atr_ratio_max"": 10.0, ""vol_ratio_min"": 0.0, ""up_close"": true, ""strong_close"": true}",29284,4180.156433320297,0.6915380412511952,-0.0583174062651622,0.832991521747905,2.0,0.0,0.020795731699979142,-0.0012114098267411255,-0.1526376381693818,19690,4919.130732375085,0.6665312341289995,-0.06909742172774751,0.812294772994373,2.0,0.0,0.02904005277741748,-0.0024347539014249165,-0.3067789915795395,24588,6142.792607802875,0.6717911176183504,-0.05377620748121801,0.8511040203657341,2.0,0.0014641288433382138,0.028366297747600404,-0.0016619256558350354,-0.20940263263521447
pullback,1.0,0.75,73888,"{""family"": ""pullback"", ""min_ddv"": 10000000.0, ""min_price"": 5.0, ""regime"": ""spy200"", ""trend"": true, ""mom_min"": 0.0, ""rsi2_max"": 100.0, ""rsi14_max"": 100.0, ""ret21_max"": 1.0, ""dist_ema20_max"": 1.0, ""dist_ema50_min"": -1.0, ""dist_hh60_min"": -1.0, ""atr_ratio_max"": 10.0, ""vol_ratio_min"": 0.0, ""up_close"": true, ""strong_close"": true}",29284,4180.156433320297,0.6070891954651004,-0.03410460300167465,0.9237977086558599,2.0,0.0,0.020795731699979142,-0.0006635393804315222,-0.0836059619343718,19690,4919.130732375085,0.5751142712036567,-0.06415232282187235,0.8639574827398872,2.0,0.0,0.02904005277741748,-0.002450789602452314,-0.30879948990899153,24588,6142.792607802875,0.583292663087685,-0.038386707950116554,0.9164210442147278,2.0,0.0022368635106556046,0.028366297747600404,-0.0012145592971901824,-0.153034471445963
pullback,1.0,1.0,73888,"{""family"": ""pullback"", ""min_ddv"": 10000000.0, ""min_price"": 5.0, ""regime"": ""spy200"", ""trend"": true, ""mom_min"": 0.0, ""rsi2_max"": 100.0, ""rsi14_max"": 100.0, ""ret21_max"": 1.0, ""dist_ema20_max"": 1.0, ""dist_ema50_min"": -1.0, ""dist_hh60_min"": -1.0, ""atr_ratio_max"": 10.0, ""vol_ratio_min"": 0.0, ""up_close"": true, ""strong_close"": true}",29284,4180.156433320297,0.5428561671902745,-0.009641703658229993,0.9815329881886009,3.0,0.0,0.020795731699979142,-0.00013558763667019457,-0.011389361480296343,19690,4919.130732375085,0.5075165058405282,-0.05715045472621197,0.8957057300323651,3.0,0.0,0.02904005277741748,-0.0023127852015610456,-0.1942739569311278,24588,6142.792607802875,0.5132991703269888,-0.03366703150877872,0.9374837657085281,3.0,0.0032129494062144133,0.028366297747600404,-0.0012714158663880639,-0.10679893277659736
pullback,1.0,1.5,73888,"{""family"": ""pullback"", ""min_ddv"": 10000000.0, ""min_price"": 5.0, ""regime"": ""spy200"", ""trend"": true, ""mom_min"": 0.0, ""rsi2_max"": 100.0, ""rsi14_max"": 100.0, ""ret21_max"": 1.0, ""dist_ema20_max"": 1.0, ""dist_ema50_min"": -1.0, ""dist_hh60_min"": -1.0, ""atr_ratio_max"": 10.0, ""vol_ratio_min"": 0.0, ""up_close"": true, ""strong_close"": true}",29284,4180.156433320297,0.449323862860265,0.02514861456699155,1.0398787754239012,4.0,0.0,0.020795731699979142,0.0005824492700265518,0.036694304011672764,19690,4919.130732375085,0.41234128999492126,-0.04381593860024092,0.933205215217214,4.0,0.0,0.02904005277741748,-0.002104221088340054,-0.1325659285654234,24588,6142.792607802875,0.4217097771270538,-0.016145578117142862,0.9749398787693617,4.0,0.004758418740849195,0.028366297747600404,-0.00098610509401886,-0.06212462092318817
pullback,1.0,2.0,73888,"{""family"": ""pullback"", ""min_ddv"": 10000000.0, ""min_price"": 5.0, ""regime"": ""spy200"", ""trend"": true, ""mom_min"": 0.0, ""rsi2_max"": 100.0, ""rsi14_max"": 100.0, ""ret21_max"": 1.0, ""dist_ema20_max"": 1.0, ""dist_ema50_min"": -1.0, ""dist_hh60_min"": -1.0, ""atr_ratio_max"": 10.0, ""vol_ratio_min"": 0.0, ""up_close"": true, ""strong_close"": true}",29284,4180.156433320297,0.38311023084278106,0.04701045251084015,1.0664209065909955,5.0,0.0,0.020795731699979142,0.0010331874871292637,0.05207264935131489,19690,4919.130732375085,0.3482986287455561,-0.036430289347438964,0.9500249119368752,5.0,0.0,0.02904005277741748,-0.002039749127463509,-0.10280335602416084,24588,6142.792607802875,0.36029770619814544,0.0009875566145172644,1.0013780312531038,4.0,0.0063038880754839755,0.028366297747600404,-0.0005677452091052057,-0.03576794817362796
pullback,1.0,3.0,73888,"{""family"": ""pullback"", ""min_ddv"": 10000000.0, ""min_price"": 5.0, ""regime"": ""spy200"", ""trend"": true, ""mom_min"": 0.0, ""rsi2_max"": 100.0, ""rsi14_max"": 100.0, ""ret21_max"": 1.0, ""dist_ema20_max"": 1.0, ""dist_ema50_min"": -1.0, ""dist_hh60_min"": -1.0, ""atr_ratio_max"": 10.0, ""vol_ratio_min"": 0.0, ""up_close"": true, ""strong_close"": true}",29284,4180.156433320297,0.3012908072667668,0.09638753239073516,1.1198151596688164,6.0,0.0,0.020795731699979142,0.00207270151274165,0.08705346353514931,19690,4919.130732375085,0.27171152869476894,-0.0010963571353621283,0.9986583465218724,6.0,0.0,0.02904005277741748,-0.0010260631306056043,-0.04309465148543538,24588,6142.792607802875,0.27989263055148855,0.02536964893306827,1.0312825006511208,5.0,0.009232145762160403,0.028366297747600404,-0.0001108331066893556,-0.005585988577143522
pullback,1.5,0.5,73888,"{""family"": ""pullback"", ""min_ddv"": 10000000.0, ""min_price"": 5.0, ""regime"": ""spy200"", ""trend"": true, ""mom_min"": 0.0, ""rsi2_max"": 100.0, ""rsi14_max"": 100.0, ""ret21_max"": 1.0, ""dist_ema20_max"": 1.0, ""dist_ema50_min"": -1.0, ""dist_hh60_min"": -1.0, ""atr_ratio_max"": 10.0, ""vol_ratio_min"": 0.0, ""up_close"": true, ""strong_close"": true}",29227,4172.0199452483375,0.7038697095151744,-0.005434685529065063,0.9833846026819083,3.0,0.0,0.03116941402149965,-7.676375176670874e-05,-0.006448155148403534,19160,4786.721423682409,0.6762526096033403,-0.03232294704513127,0.908104667264847,3.0,0.0,0.04283515777481168,-0.0014719949717783135,-0.12364757762937834,24124,6026.872005475701,0.6798623777151385,-0.01547861376698673,0.9551294339559622,3.0,0.0028602221853755595,0.0421041718705317,-0.0006902845956720481,-0.057983906036452044
pullback,1.5,0.75,73888,"{""family"": ""pullback"", ""min_ddv"": 10000000.0, ""min_price"": 5.0, ""regime"": ""spy200"", ""trend"": true, ""mom_min"": 0.0, ""rsi2_max"": 100.0, ""rsi14_max"": 100.0, ""ret21_max"": 1.0, ""dist_ema20_max"": 1.0, ""dist_ema50_min"": -1.0, ""dist_hh60_min"": -1.0, ""atr_ratio_max"": 10.0, ""vol_ratio_min"": 0.0, ""up_close"": true, ""strong_close"": true}",29227,4172.0199452483375,0.6203852602046054,0.024926804324613354,1.0592134210053876,4.0,0.0,0.03116941402149965,0.0009206009269227789,0.05799785839613507,19160,4786.721423682409,0.5846033402922756,-0.025179938516576517,0.9443626119703427,4.0,0.0,0.04283515777481168,-0.0011799711562346185,-0.07433818284278096,24124,6026.872005475701,0.5911125849776157,-0.0019213501736889647,0.9956537435372189,4.0,0.005181561930028188,0.0421041718705317,-0.0002668998037501667,-0.0168146876362605
pullback,1.5,1.0,73888,"{""family"": ""pullback"", ""min_ddv"": 10000000.0, ""min_price"": 5.0, ""regime"": ""spy200"", ""trend"": true, ""mom_min"": 0.0, ""rsi2_max"": 100.0, ""rsi14_max"": 100.0, ""ret21_max"": 1.0, ""dist_ema20_max"": 1.0, ""dist_ema50_min"": -1.0, ""dist_hh60_min"": -1.0, ""atr_ratio_max"": 10.0, ""vol_ratio_min"": 0.0, ""up_close"": true, ""strong_close"": true}",29227,4172.0199452483375,0.5538372053238444,0.04494330705347709,1.0907994218698438,5.0,0.0,0.03116941402149965,0.0015834748703611955,0.07980713346620424,19160,4786.721423682409,0.5213465553235909,-0.0070629408195037715,0.9864622721362464,5.0,0.0,0.04283515777481168,-0.000424556615293179,-0.02139765341077622,24124,6026.872005475701,0.5263223346045431,0.011624011767570034,1.0226222070702424,5.0,0.006922566738517659,0.0421041718705317,0.00026659402349105675,0.013436338783949259
pullback,1.5,1.5,73888,"{""family"": ""pullback"", ""min_ddv"": 10000000.0, ""min_price"": 5.0, ""regime"": ""spy200"", ""trend"": true, ""mom_min"": 0.0, ""rsi2_max"": 100.0, ""rsi14_max"": 100.0, ""ret21_max"": 1.0, ""dist_ema20_max"": 1.0, ""dist_ema50_min"": -1.0, ""dist_hh60_min"": -1.0, ""atr_ratio_max"": 10.0, ""vol_ratio_min"": 0.0, ""up_close"": true, ""strong_close"": true}",29227,4172.0199452483375,0.45683785540767097,0.07520050121787929,1.1246795228346673,7.0,0.0,0.03116941402149965,0.002640313409105376,0.09505128272779353,19160,4786.721423682409,0.42927974947807934,0.018341351551091227,1.029423737067419,7.0,0.0,0.04283515777481168,0.0004950271691805735,0.017820978090500646,24124,6026.872005475701,0.4396866191344719,0.04721232050358622,1.0771585060930606,7.0,0.01069474382357818,0.0421041718705317,0.0019011716497160645,0.06844217938977833
pullback,1.5,2.0,73888,"{""family"": ""pullback"", ""min_ddv"": 10000000.0, ""min_price"": 5.0, ""regime"": ""spy200"", ""trend"": true, ""mom_min"": 0.0, ""rsi2_max"": 100.0, ""rsi14_max"": 100.0, ""ret21_max"": 1.0, ""dist_ema20_max"": 1.0, ""dist_ema50_min"": -1.0, ""dist_hh60_min"": -1.0, ""atr_ratio_max"": 10.0, ""vol_ratio_min"": 0.0, ""up_close"": true, ""strong_close"": true}",29227,4172.0199452483375,0.39254798645088446,0.10679057737581946,1.1580880103405573,9.0,0.0,0.03116941402149965,0.0036090938497133117,0.10105462779197273,19160,4786.721423682409,0.3689457202505219,0.04786656723416964,1.069342595708502,9.0,0.0,0.04283515777481168,0.0017853922128120562,0.04999098195873757,24124,6026.872005475701,0.376471563588128,0.06915851407152286,1.1013436999589052,8.0,0.01363787099983419,0.0421041718705317,0.002662668188304479,0.08387404793159109
pullback,1.5,3.0,73888,"{""family"": ""pullback"", ""min_ddv"": 10000000.0, ""min_price"": 5.0, ""regime"": ""spy200"", ""trend"": true, ""mom_min"": 0.0, ""rsi2_max"": 100.0, ""rsi14_max"": 100.0, ""ret21_max"": 1.0, ""dist_ema20_max"": 1.0, ""dist_ema50_min"": -1.0, ""dist_hh60_min"": -1.0, ""atr_ratio_max"": 10.0, ""vol_ratio_min"": 0.0, ""up_close"": true, ""strong_close"": true}",29227,4172.0199452483375,0.31176651726143634,0.1682876480088955,1.2188416580093127,12.0,0.0,0.03116941402149965,0.00518970496344392,0.10898380423232233,19160,4786.721423682409,0.2972338204592902,0.12148666556582532,1.1574526427387186,12.0,0.0,0.04283515777481168,0.005753569226732725,0.12082495376138723,24124,6026.872005475701,0.30525617642182057,0.13125485208588164,1.1716307391905414,10.0,0.020974962692754104,0.0421041718705317,0.005486483286239602,0.13825937881323797
pullback,2.0,0.5,73888,"{""family"": ""pullback"", ""min_ddv"": 10000000.0, ""min_price"": 5.0, ""regime"": ""spy200"", ""trend"": true, ""mom_min"": 0.0, ""rsi2_max"": 100.0, ""rsi14_max"": 100.0, ""ret21_max"": 1.0, ""dist_ema20_max"": 1.0, ""dist_ema50_min"": -1.0, ""dist_hh60_min"": -1.0, ""atr_ratio_max"": 10.0, ""vol_ratio_min"": 0.0, ""up_close"": true, ""strong_close"": true}",29076,4150.465389127884,0.7140597055991196,0.028478337919134053,1.0914947921411293,4.0,0.0,0.04145477276723861,0.001448725918839563,0.09126973288689247,18426,4603.347022587269,0.6885379355258874,-0.0021795061727172553,0.9934990162925941,4.0,0.0,0.055742263217541534,0.00024413320623203603,0.01538039199261827,23373,5839.250513347022,0.6924228811021264,0.016512351149237856,1.050595899972268,4.0,0.006888289907157832,0.05522362199651118,0.0012177670631526277,0.07671932497861554
pullback,2.0,0.75,73888,"{""family"": ""pullback"", ""min_ddv"": 10000000.0, ""min_price"": 5.0, ""regime"": ""spy200"", ""trend"": true, ""mom_min"": 0.0, ""rsi2_max"": 100.0, ""rsi14_max"": 100.0, ""ret21_max"": 1.0, ""dist_ema20_max"": 1.0, ""dist_ema50_min"": -1.0, ""dist_hh60_min"": -1.0, ""atr_ratio_max"": 10.0, ""vol_ratio_min"": 0.0, ""up_close"": true, ""strong_close"": true}",29076,4150.465389127884,0.6293850598431696,0.05748519007913529,1.1423414590070924,6.0,0.0,0.04145477276723861,0.0026825667219334,0.11266780232120281,18426,4603.347022587269,0.6013242157820471,0.016382347645421975,1.038177117421415,6.0,0.0,0.055742263217541534,0.0010875735964222368,0.04567809104973394,23373,5839.250513347022,0.6086510075728404,0.04003364950813978,1.096276103482527,6.0,0.010268258246694905,0.05522362199651118,0.002635063030243077,0.11067264727020924
pullback,2.0,1.0,73888,"{""family"": ""pullback"", ""min_ddv"": 10000000.0, ""min_price"": 5.0, ""regime"": ""spy200"", ""trend"": true, ""mom_min"": 0.0, ""rsi2_max"": 100.0, ""rsi14_max"": 100.0, ""ret21_max"": 1.0, ""dist_ema20_max"": 1.0, ""dist_ema50_min"": -1.0, ""dist_hh60_min"": -1.0, ""atr_ratio_max"": 10.0, ""vol_ratio_min"": 0.0, ""up_close"": true, ""strong_close"": true}",29076,4150.465389127884,0.5628697207318751,0.0796456907327418,1.1671451295258273,8.0,0.0,0.04145477276723861,0.003642189089408424,0.11472895631636536,18426,4603.347022587269,0.5352762400955172,0.03148233045495807,1.0629404520453318,8.0,0.0,0.055742263217541534,0.0017857805286935048,0.0562520866538454,23373,5839.250513347022,0.5472553801394772,0.06329067351885932,1.1308898601043478,8.0,0.013305951311342146,0.05522362199651118,0.0040225039151765484,0.12670887332806127
pullback,2.0,1.5,73888,"{""family"": ""pullback"", ""min_ddv"": 10000000.0, ""min_price"": 5.0, ""regime"": ""spy200"", ""trend"": true, ""mom_min"": 0.0, ""rsi2_max"": 100.0, ""rsi14_max"": 100.0, ""ret21_max"": 1.0, ""dist_ema20_max"": 1.0, ""dist_ema50_min"": -1.0, ""dist_hh60_min"": -1.0, ""atr_ratio_max"": 10.0, ""vol_ratio_min"": 0.0, ""up_close"": true, ""strong_close"": true}",29076,4150.465389127884,0.4675333608474343,0.11712048884859742,1.2014135903011929,11.0,0.0,0.04145477276723861,0.005176572958483469,0.11859058050343947,18426,4603.347022587269,0.4465429284706393,0.07354863427641796,1.1234080567538287,12.0,0.0,0.055742263217541534,0.004120085562628753,0.08652179681520382,23373,5839.250513347022,0.4583493774868438,0.10565672206006753,1.1821931794571452,11.0,0.01912463098446926,0.05522362199651118,0.00638688835685623,0.1463178059934336
pullback,2.0,2.0,73888,"{""family"": ""pullback"", ""min_ddv"": 10000000.0, ""min_price"": 5.0, ""regime"": ""spy200"", ""trend"": true, ""mom_min"": 0.0, ""rsi2_max"": 100.0, ""rsi14_max"": 100.0, ""ret21_max"": 1.0, ""dist_ema20_max"": 1.0, ""dist_ema50_min"": -1.0, ""dist_hh60_min"": -1.0, ""atr_ratio_max"": 10.0, ""vol_ratio_min"": 0.0, ""up_close"": true, ""strong_close"": true}",29076,4150.465389127884,0.4040101802173614,0.15562683888247644,1.2384407083638707,14.0,0.0,0.04145477276723861,0.006275314352182,0.11295565833927601,18426,4603.347022587269,0.3877672853576468,0.11465108793300033,1.173415976573349,15.0,0.0,0.055742263217541534,0.006675018855352084,0.11214031676991501,23373,5839.250513347022,0.40174560390193814,0.147609408229164,1.2297734201055306,13.0,0.02609848971034955,0.05522362199651118,0.008789557928226365,0.17038219983946495
pullback,2.0,3.0,73888,"{""family"": ""pullback"", ""min_ddv"": 10000000.0, ""min_price"": 5.0, ""regime"": ""spy200"", ""trend"": true, ""mom_min"": 0.0, ""rsi2_max"": 100.0, ""rsi14_max"": 100.0, ""ret21_max"": 1.0, ""dist_ema20_max"": 1.0, ""dist_ema50_min"": -1.0, ""dist_hh60_min"": -1.0, ""atr_ratio_max"": 10.0, ""vol_ratio_min"": 0.0, ""up_close"": true, ""strong_close"": true}",29076,4150.465389127884,0.329068647681937,0.25377008744441854,1.3445038358805275,20.0,0.0,0.04145477276723861,0.010161723421686765,0.12803771511325324,18426,4603.347022587269,0.31075653967220235,0.1896449102721048,1.254709649479723,19.0,0.0,0.055742263217541534,0.0108466227367982,0.1438604699827972,23373,5839.250513347022,0.33354725538013946,0.22895631427087584,1.3173683958454843,17.0,0.039532794249775384,0.05522362199651118,0.013113300120259299,0.19438539001796135
pullback,3.0,0.5,73888,"{""family"": ""pullback"", ""min_ddv"": 10000000.0, ""min_price"": 5.0, ""regime"": ""spy200"", ""trend"": true, ""mom_min"": 0.0, ""rsi2_max"": 100.0, ""rsi14_max"": 100.0, ""ret21_max"": 1.0, ""dist_ema20_max"": 1.0, ""dist_ema50_min"": -1.0, ""dist_hh60_min"": -1.0, ""atr_ratio_max"": 10.0, ""vol_ratio_min"": 0.0, ""up_close"": true, ""strong_close"": true}",28281,4036.982792334767,0.7285103072734345,0.06586087190107051,1.2261042970196603,7.0,0.0,0.06145422641518921,0.004547416834495093,0.16370700604182334,16143,4032.987679671458,0.7017283032893514,0.02908886938461602,1.0917686082776634,8.0,0.0,0.07819559540294141,0.0020844196572662524,0.06565921920388695,20727,5178.203285420945,0.7124041105804024,0.054160205073123795,1.1799353812385618,8.0,0.010228204757080138,0.0778101501322204,0.004571007586047974,0.1439867389605112
pullback,3.0,0.75,73888,"{""family"": ""pullback"", ""min_ddv"": 10000000.0, ""min_price"": 5.0, ""regime"": ""spy200"", ""trend"": true, ""mom_min"": 0.0, ""rsi2_max"": 100.0, ""rsi14_max"": 100.0, ""ret21_max"": 1.0, ""dist_ema20_max"": 1.0, ""dist_ema50_min"": -1.0, ""dist_hh60_min"": -1.0, ""atr_ratio_max"": 10.0, ""vol_ratio_min"": 0.0, ""up_close"": true, ""strong_close"": true}",28281,4036.982792334767,0.6428697712244971,0.09555353870105773,1.2496154257515644,12.0,0.0,0.06145422641518921,0.006396568610511633,0.13432794082074428,16143,4032.987679671458,0.6218175060397696,0.06255519427023526,1.155964395103639,12.0,0.0,0.07819559540294141,0.004363741110511339,0.09163856332073811,20727,5178.203285420945,0.6373329473633425,0.09656085597509821,1.2534924851770273,12.0,0.01572827712645342,0.0778101501322204,0.007992080360121492,0.16783368756255135
pullback,3.0,1.0,73888,"{""family"": ""pullback"", ""min_ddv"": 10000000.0, ""min_price"": 5.0, ""regime"": ""spy200"", ""trend"": true, ""mom_min"": 0.0, ""rsi2_max"": 100.0, ""rsi14_max"": 100.0, ""ret21_max"": 1.0, ""dist_ema20_max"": 1.0, ""dist_ema50_min"": -1.0, ""dist_hh60_min"": -1.0, ""atr_ratio_max"": 10.0, ""vol_ratio_min"": 0.0, ""up_close"": true, ""strong_close"": true}",28281,4036.982792334767,0.5801421449029384,0.12776632553393016,1.2839065891224246,16.0,0.0,0.06145422641518921,0.008388222757458125,0.13211450842996547,16143,4032.987679671458,0.562410952115468,0.09637301021555313,1.2073072365790263,16.0,0.0,0.07819559540294141,0.00708596621511304,0.11160396788803038,20727,5178.203285420945,0.5787137550055483,0.13320667944781686,1.3008731323996021,15.0,0.021614319486659914,0.0778101501322204,0.01084925982119608,0.18226756499609414
pullback,3.0,1.5,73888,"{""family"": ""pullback"", ""min_ddv"": 10000000.0, ""min_price"": 5.0, ""regime"": ""spy200"", ""trend"": true, ""mom_min"": 0.0, ""rsi2_max"": 100.0, ""rsi14_max"": 100.0, ""ret21_max"": 1.0, ""dist_ema20_max"": 1.0, ""dist_ema50_min"": -1.0, ""dist_hh60_min"": -1.0, ""atr_ratio_max"": 10.0, ""vol_ratio_min"": 0.0, ""up_close"": true, ""strong_close"": true}",28281,4036.982792334767,0.49202644885258656,0.19363432056673888,1.3551434733697836,23.0,0.0,0.06145422641518921,0.012054300159872433,0.1320732017516458,16143,4032.987679671458,0.47698692931920955,0.15874339153491118,1.285642554751531,24.0,0.0,0.07819559540294141,0.012217879016228339,0.12828772967039756,20727,5178.203285420945,0.4973705794374487,0.19637229241086537,1.3708406627602852,21.0,0.0365706566314469,0.0778101501322204,0.0161211640819926,0.19345396898391123
pullback,3.0,2.0,73888,"{""family"": ""pullback"", ""min_ddv"": 10000000.0, ""min_price"": 5.0, ""regime"": ""spy200"", ""trend"": true, ""mom_min"": 0.0, ""rsi2_max"": 100.0, ""rsi14_max"": 100.0, ""ret21_max"": 1.0, ""dist_ema20_max"": 1.0, ""dist_ema50_min"": -1.0, ""dist_hh60_min"": -1.0, ""atr_ratio_max"": 10.0, ""vol_ratio_min"": 0.0, ""up_close"": true, ""strong_close"": true}",28281,4036.982792334767,0.43527456596301406,0.26537390403086525,1.4374124131341934,31.0,0.00021215657154980376,0.06145422641518921,0.016150199398703612,0.1312854918862358,16143,4032.987679671458,0.4138016477730286,0.20647997133385534,1.3316258297954024,30.0,0.0,0.07819559540294141,0.01577681555754177,0.13252525068335086,20727,5178.203285420945,0.44859362184590146,0.268090814147619,1.4605677588238002,27.0,0.05061031504800502,0.0778101501322204,0.021421926764463764,0.19993798313499514
pullback,3.0,3.0,73888,"{""family"": ""pullback"", ""min_ddv"": 10000000.0, ""min_price"": 5.0, ""regime"": ""spy200"", ""trend"": true, ""mom_min"": 0.0, ""rsi2_max"": 100.0, ""rsi14_max"": 100.0, ""ret21_max"": 1.0, ""dist_ema20_max"": 1.0, ""dist_ema50_min"": -1.0, ""dist_hh60_min"": -1.0, ""atr_ratio_max"": 10.0, ""vol_ratio_min"": 0.0, ""up_close"": true, ""strong_close"": true}",28281,4036.982792334767,0.35935787277677594,0.3890990275296387,1.5646921808356091,44.0,0.0013436582864820904,0.06145422641518921,0.022678218367222377,0.12988434155772818,16143,4032.987679671458,0.31747506659233105,0.2233125989921565,1.3071846495011017,42.0,0.0016725515703400855,0.07819559540294141,0.017280215572370545,0.10368129343422326,20727,5178.203285420945,0.38177256718290153,0.3716800637178879,1.5672108727801746,36.0,0.07695276692237178,0.0778101501322204,0.02853468769644581,0.19974281387512066
pullback,1.0,0.5,38737,"{""family"": ""pullback"", ""min_ddv"": 10000000.0, ""min_price"": 5.0, ""regime"": ""spy200"", ""trend"": true, ""mom_min"": 0.15, ""rsi2_max"": 100.0, ""rsi14_max"": 100.0, ""ret21_max"": 1.0, ""dist_ema20_max"": 1.0, ""dist_ema50_min"": -1.0, ""dist_hh60_min"": -1.0, ""atr_ratio_max"": 10.0, ""vol_ratio_min"": 0.0, ""up_close"": true, ""strong_close"": true}",12272,1751.771607352366,0.685625814863103,-0.0542848731638817,0.8456277124425113,2.0,0.0,0.02443486639524979,-0.001348203907972568,-0.16987369240454359,11528,2880.027378507871,0.6634281748785565,-0.06294201501838959,0.8290879632901038,2.0,0.0,0.03525293094834461,-0.002943282825324662,-0.3708536359909074,14617,3651.7488021902805,0.6593008141205445,-0.06291483832538804,0.8315864685070564,2.0,0.0016419237873708695,0.033401375989560146,-0.002196000271668012,-0.2766960342301695
pullback,1.0,0.75,38737,"{""family"": ""pullback"", ""min_ddv"": 10000000.0, ""min_price"": 5.0, ""regime"": ""spy200"", ""trend"": true, ""mom_min"": 0.15, ""rsi2_max"": 100.0, ""rsi14_max"": 100.0, ""ret21_max"": 1.0, ""dist_ema20_max"": 1.0, ""dist_ema50_min"": -1.0, ""dist_hh60_min"": -1.0, ""atr_ratio_max"": 10.0, ""vol_ratio_min"": 0.0, ""up_close"": true, ""strong_close"": true}",12272,1751.771607352366,0.6007985658409387,-0.03249092593535484,0.9277508284010658,2.0,0.0,0.02443486639524979,-0.0007645626275456158,-0.0963348910707476,11528,2880.027378507871,0.5699167244968771,-0.06282365274324024,0.8670347684166092,2.0,0.0,0.03525293094834461,-0.003166219697499923,-0.3989436818849903,14617,3651.7488021902805,0.5716631319696244,-0.05046144212952054,0.8927279813221303,2.0,0.002394472189915851,0.033401375989560146,-0.0016858066170162202,-0.21241163374404376
pullback,1.0,1.0,38737,"{""family"": ""pullback"", ""min_ddv"": 10000000.0, ""min_price"": 5.0, ""regime"": ""spy200"", ""trend"": true, ""mom_min"": 0.15, ""rsi2_max"": 100.0, ""rsi14_max"": 100.0, ""ret21_max"": 1.0, ""dist_ema20_max"": 1.0, ""dist_ema50_min"": -1.0, ""dist_hh60_min"": -1.0, ""atr_ratio_max"": 10.0, ""vol_ratio_min"": 0.0, ""up_close"": true, ""strong_close"": true}",12272,1751.771607352366,0.5397653194263363,-0.001033151128293013,0.9980112095764597,3.0,0.0,0.02443486639524979,-1.4939013918752607e-05,-0.001254877169175219,11528,2880.027378507871,0.5027758501040944,-0.056083433332367164,0.8976679921795513,3.0,0.0,0.03525293094834461,-0.0030307844653220104,-0.2545858950870489,14617,3651.7488021902805,0.5006499281658343,-0.05064429216483082,0.9080416056015154,3.0,0.0036943285215844564,0.033401375989560146,-0.001968308917932074,-0.1653379491062942
pullback,1.0,1.5,38737,"{""family"": ""pullback"", ""min_ddv"": 10000000.0, ""min_price"": 5.0, ""regime"": ""spy200"", ""trend"": true, ""mom_min"": 0.15, ""rsi2_max"": 100.0, ""rsi14_max"": 100.0, ""ret21_max"": 1.0, ""dist_ema20_max"": 1.0, ""dist_ema50_min"": -1.0, ""dist_hh60_min"": -1.0, ""atr_ratio_max"": 10.0, ""vol_ratio_min"": 0.0, ""up_close"": true, ""strong_close"": true}",12272,1751.771607352366,0.44499674054758803,0.033244575099997856,1.0529041353907818,4.0,0.0,0.02443486639524979,0.0007317453547390334,0.0460999573485591,11528,2880.027378507871,0.40605482303955587,-0.052461283940274474,0.9200817298984524,4.0,0.0,0.03525293094834461,-0.0030899316178067213,-0.19466569192182345,14617,3651.7488021902805,0.4053499350071834,-0.04888382552948232,0.9260877156033633,4.0,0.0049941848532530616,0.033401375989560146,-0.002192972643132666,-0.13815727651735796
pullback,1.0,2.0,38737,"{""family"": ""pullback"", ""min_ddv"": 10000000.0, ""min_price"": 5.0, ""regime"": ""spy200"", ""trend"": true, ""mom_min"": 0.15, ""rsi2_max"": 100.0, ""rsi14_max"": 100.0, ""ret21_max"": 1.0, ""dist_ema20_max"": 1.0, ""dist_ema50_min"": -1.0, ""dist_hh60_min"": -1.0, ""atr_ratio_max"": 10.0, ""vol_ratio_min"": 0.0, ""up_close"": true, ""strong_close"": true}",12272,1751.771607352366,0.3776890482398957,0.04953463890809917,1.0701985266991996,5.0,0.0,0.02443486639524979,0.0011946301013824989,0.06020935710967794,11528,2880.027378507871,0.3423837612768911,-0.04683915030629303,0.9356302695592124,5.0,0.0,0.03525293094834461,-0.0031577769239965973,-0.1591519569694285,14617,3651.7488021902805,0.3448039953478826,-0.03792485388518462,0.9482438201895844,4.0,0.006567695149483478,0.033401375989560146,-0.002008643417340756,-0.12654453529246765
pullback,1.0,3.0,38737,"{""family"": ""pullback"", ""min_ddv"": 10000000.0, ""min_price"": 5.0, ""regime"": ""spy200"", ""trend"": true, ""mom_min"": 0.15, ""rsi2_max"": 100.0, ""rsi14_max"": 100.0, ""ret21_max"": 1.0, ""dist_ema20_max"": 1.0, ""dist_ema50_min"": -1.0, ""dist_hh60_min"": -1.0, ""atr_ratio_max"": 10.0, ""vol_ratio_min"": 0.0, ""up_close"": true, ""strong_close"": true}",12272,1751.771607352366,0.29335071707953064,0.0815526714880217,1.101475018136614,6.0,0.0,0.02443486639524979,0.00201812569333443,0.08476127912004607,11528,2880.027378507871,0.26708882720333105,-0.013880047047215622,0.9829614284842001,6.0,0.0,0.03525293094834461,-0.00206030269333257,-0.08653271311996795,14617,3651.7488021902805,0.2656495860983786,-0.02572222273126602,0.9688628990135567,5.0,0.009714715741944312,0.033401375989560146,-0.0019464214968597964,-0.09809964344173375
pullback,1.5,0.5,38737,"{""family"": ""pullback"", ""min_ddv"": 10000000.0, ""min_price"": 5.0, ""regime"": ""spy200"", ""trend"": true, ""mom_min"": 0.15, ""rsi2_max"": 100.0, ""rsi14_max"": 100.0, ""ret21_max"": 1.0, ""dist_ema20_max"": 1.0, ""dist_ema50_min"": -1.0, ""dist_hh60_min"": -1.0, ""atr_ratio_max"": 10.0, ""vol_ratio_min"": 0.0, ""up_close"": true, ""strong_close"": true}",12215,1743.6351192804066,0.7002865329512894,-0.001682087944577544,0.9948857831309882,3.0,0.0,0.036568263351492616,4.2944478451803764e-05,0.003607336189951516,11015,2751.8651608487335,0.675442578302315,-0.026949694444040596,0.9230878315855514,3.0,0.0,0.0513586444947926,-0.0016389480495149513,-0.1376716361592559,14168,3539.5756331279945,0.6708780350084698,-0.02316868218538465,0.9347049502481475,3.0,0.0030350084697910785,0.049165267115243154,-0.0010909488577840092,-0.09163970405385678
pullback,1.5,0.75,38737,"{""family"": ""pullback"", ""min_ddv"": 10000000.0, ""min_price"": 5.0, ""regime"": ""spy200"", ""trend"": true, ""mom_min"": 0.15, ""rsi2_max"": 100.0, ""rsi14_max"": 100.0, ""ret21_max"": 1.0, ""dist_ema20_max"": 1.0, ""dist_ema50_min"": -1.0, ""dist_hh60_min"": -1.0, ""atr_ratio_max"": 10.0, ""vol_ratio_min"": 0.0, ""up_close"": true, ""strong_close"": true}",12215,1743.6351192804066,0.6190749079001228,0.03429292563516363,1.0817651256368235,4.0,0.0,0.036568263351492616,0.0013761254147266755,0.08669590112778056,11015,2751.8651608487335,0.5820245120290513,-0.024868572333509732,0.9451285797044312,4.0,0.0,0.0513586444947926,-0.0014814758309930835,-0.09333297735256425,14168,3539.5756331279945,0.5791925465838509,-0.017614619390002237,0.9613328465532267,4.0,0.005858272162619989,0.049165267115243154,-0.001048042920764043,-0.0660267040081347
pullback,1.5,1.0,38737,"{""family"": ""pullback"", ""min_ddv"": 10000000.0, ""min_price"": 5.0, ""regime"": ""spy200"", ""trend"": true, ""mom_min"": 0.15, ""rsi2_max"": 100.0, ""rsi14_max"": 100.0, ""ret21_max"": 1.0, ""dist_ema20_max"": 1.0, ""dist_ema50_min"": -1.0, ""dist_hh60_min"": -1.0, ""atr_ratio_max"": 10.0, ""vol_ratio_min"": 0.0, ""up_close"": true, ""strong_close"": true}",12215,1743.6351192804066,0.5501432664756447,0.051001246221835786,1.1030069632026949,5.0,0.0,0.036568263351492616,0.0019279873890072794,0.09717056440596689,11015,2751.8651608487335,0.5187471629596005,-0.008709289615279376,0.9833031352686386,5.0,0.0,0.0513586444947926,-0.0006962964753076845,-0.035093342355507304,14168,3539.5756331279945,0.5110813099943535,-0.013013136946691527,0.9755066632111186,5.0,0.007481648785996612,0.049165267115243154,-0.0008447223598498962,-0.04257400693643477
pullback,1.5,1.5,38737,"{""family"": ""pullback"", ""min_ddv"": 10000000.0, ""min_price"": 5.0, ""regime"": ""spy200"", ""trend"": true, ""mom_min"": 0.15, ""rsi2_max"": 100.0, ""rsi14_max"": 100.0, ""ret21_max"": 1.0, ""dist_ema20_max"": 1.0, ""dist_ema50_min"": -1.0, ""dist_hh60_min"": -1.0, ""atr_ratio_max"": 10.0, ""vol_ratio_min"": 0.0, ""up_close"": true, ""strong_close"": true}",12215,1743.6351192804066,0.4514121981170692,0.07545141458479646,1.1250388286539568,7.0,0.0,0.036568263351492616,0.0031943841817054326,0.11499783054139558,11015,2751.8651608487335,0.42623694961416253,0.014758295609453208,1.0237068065542227,7.0,0.0,0.0513586444947926,0.0002503245807027851,0.009011684905300263,14168,3539.5756331279945,0.42610107284020327,0.02013681379928983,1.0321001902531912,7.0,0.011434217955957086,0.049165267115243154,0.0008352341403922042,0.030068429054119352
pullback,1.5,2.0,38737,"{""family"": ""pullback"", ""min_ddv"": 10000000.0, ""min_price"": 5.0, ""regime"": ""spy200"", ""trend"": true, ""mom_min"": 0.15, ""rsi2_max"": 100.0, ""rsi14_max"": 100.0, ""ret21_max"": 1.0, ""dist_ema20_max"": 1.0, ""dist_ema50_min"": -1.0, ""dist_hh60_min"": -1.0, ""atr_ratio_max"": 10.0, ""vol_ratio_min"": 0.0, ""up_close"": true, ""strong_close"": true}",12215,1743.6351192804066,0.38419975440032744,0.09424562885252896,1.139003015657631,9.0,0.0,0.036568263351492616,0.0037020295744872316,0.10365682808564249,11015,2751.8651608487335,0.364593735814798,0.03839908013156167,1.0555810480336698,9.0,0.0,0.0513586444947926,0.0015092542955270378,0.04225912027475706,14168,3539.5756331279945,0.36264822134387353,0.033692808412646845,1.0482748413799285,8.0,0.015033879164313946,0.049165267115243154,0.0012796906764429039,0.04031025630795147
pullback,1.5,3.0,38737,"{""family"": ""pullback"", ""min_ddv"": 10000000.0, ""min_price"": 5.0, ""regime"": ""spy200"", ""trend"": true, ""mom_min"": 0.15, ""rsi2_max"": 100.0, ""rsi14_max"": 100.0, ""ret21_max"": 1.0, ""dist_ema20_max"": 1.0, ""dist_ema50_min"": -1.0, ""dist_hh60_min"": -1.0, ""atr_ratio_max"": 10.0, ""vol_ratio_min"": 0.0, ""up_close"": true, ""strong_close"": true}",12215,1743.6351192804066,0.3003683995088007,0.13251717374720698,1.17112314673971,11.0,0.0,0.036568263351492616,0.00480460155555092,0.11006905381807562,11015,2751.8651608487335,0.2934180662732637,0.11488435264028057,1.149186301058345,12.0,0.0,0.0513586444947926,0.006221917108132994,0.1306602592707929,14168,3539.5756331279945,0.29453698475437606,0.09418822986834041,1.1212318950151505,10.0,0.022444946357989836,0.049165267115243154,0.004487651661021987,0.11308882185775407
pullback,2.0,0.5,38737,"{""family"": ""pullback"", ""min_ddv"": 10000000.0, ""min_price"": 5.0, ""regime"": ""spy200"", ""trend"": true, ""mom_min"": 0.15, ""rsi2_max"": 100.0, ""rsi14_max"": 100.0, ""ret21_max"": 1.0, ""dist_ema20_max"": 1.0, ""dist_ema50_min"": -1.0, ""dist_hh60_min"": -1.0, ""atr_ratio_max"": 10.0, ""vol_ratio_min"": 0.0, ""up_close"": true, ""strong_close"": true}",12078,1724.07899882675,0.7150190428878953,0.03807342740233819,1.1231182648877904,4.0,0.0,0.04839697751809661,0.00216135272805697,0.1361652218675891,10344,2584.229979466119,0.6886117556071152,0.002228191391912481,1.0066710133554078,4.0,0.0,0.06583402935548206,0.0005526957104700851,0.03481982975961536,13497,3371.94045174538,0.6822997703193302,0.006587297232507883,1.019551380684739,4.0,0.008520411943394828,0.06378463255605801,0.000997400504071831,0.06283623175652535
pullback,2.0,0.75,38737,"{""family"": ""pullback"", ""min_ddv"": 10000000.0, ""min_price"": 5.0, ""regime"": ""spy200"", ""trend"": true, ""mom_min"": 0.15, ""rsi2_max"": 100.0, ""rsi14_max"": 100.0, ""ret21_max"": 1.0, ""dist_ema20_max"": 1.0, ""dist_ema50_min"": -1.0, ""dist_hh60_min"": -1.0, ""atr_ratio_max"": 10.0, ""vol_ratio_min"": 0.0, ""up_close"": true, ""strong_close"": true}",12078,1724.07899882675,0.6270077827454876,0.06396362024338974,1.1581284660100395,6.0,0.0,0.04839697751809661,0.003319348243374619,0.13941262622173398,10344,2584.229979466119,0.5983178654292344,0.012829678072349485,1.0298002563087028,6.0,0.0,0.06583402935548206,0.0010989675393483507,0.04615663665263073,13497,3371.94045174538,0.5961324738830851,0.02471947372897121,1.057619500080445,6.0,0.01192857672075276,0.06378463255605801,0.002365287716197805,0.0993420840803078
pullback,2.0,1.0,38737,"{""family"": ""pullback"", ""min_ddv"": 10000000.0, ""min_price"": 5.0, ""regime"": ""spy200"", ""trend"": true, ""mom_min"": 0.15, ""rsi2_max"": 100.0, ""rsi14_max"": 100.0, ""ret21_max"": 1.0, ""dist_ema20_max"": 1.0, ""dist_ema50_min"": -1.0, ""dist_hh60_min"": -1.0, ""atr_ratio_max"": 10.0, ""vol_ratio_min"": 0.0, ""up_close"": true, ""strong_close"": true}",12078,1724.07899882675,0.5571286636860407,0.07920045667632501,1.1649676316388011,8.0,0.0,0.04839697751809661,0.00423012622568264,0.13324897610900316,10344,2584.229979466119,0.5325792730085074,0.029026853551585425,1.058005787815102,8.0,0.0,0.06583402935548206,0.0020054071843777963,0.06317032630790058,13497,3371.94045174538,0.535674594354301,0.04767040437262732,1.0961876643465494,8.0,0.015262650959472475,0.06378463255605801,0.003871217778173288,0.12194336001245858
pullback,2.0,1.5,38737,"{""family"": ""pullback"", ""min_ddv"": 10000000.0, ""min_price"": 5.0, ""regime"": ""spy200"", ""trend"": true, ""mom_min"": 0.15, ""rsi2_max"": 100.0, ""rsi14_max"": 100.0, ""ret21_max"": 1.0, ""dist_ema20_max"": 1.0, ""dist_ema50_min"": -1.0, ""dist_hh60_min"": -1.0, ""atr_ratio_max"": 10.0, ""vol_ratio_min"": 0.0, ""up_close"": true, ""strong_close"": true}",12078,1724.07899882675,0.4600099354197715,0.10699015842140996,1.1824938257765942,11.0,0.0,0.04839697751809661,0.005480512479060925,0.12555355861121392,10344,2584.229979466119,0.44383217324052593,0.06933291651915491,1.116345993907624,12.0,0.0,0.06583402935548206,0.004712039055123183,0.09895282015758684,13497,3371.94045174538,0.44624731421797437,0.08256427186865928,1.1394404004033711,11.0,0.022004889975550123,0.06378463255605801,0.006226909565365971,0.14265283731565678
pullback,2.0,2.0,38737,"{""family"": ""pullback"", ""min_ddv"": 10000000.0, ""min_price"": 5.0, ""regime"": ""spy200"", ""trend"": true, ""mom_min"": 0.15, ""rsi2_max"": 100.0, ""rsi14_max"": 100.0, ""ret21_max"": 1.0, ""dist_ema20_max"": 1.0, ""dist_ema50_min"": -1.0, ""dist_hh60_min"": -1.0, ""atr_ratio_max"": 10.0, ""vol_ratio_min"": 0.0, ""up_close"": true, ""strong_close"": true}",12078,1724.07899882675,0.3918695148203345,0.1259260696428625,1.1901252851850193,14.0,0.0,0.04839697751809661,0.005820997746528858,0.10477795943751946,10344,2584.229979466119,0.3846674400618716,0.10991345766095768,1.1664521419825638,15.0,0.0,0.06583402935548206,0.0076152957849572635,0.127936969187282,13497,3371.94045174538,0.3891235089279099,0.11604514366821596,1.1771470793872907,13.0,0.029710305993924577,0.06378463255605801,0.008493050647666882,0.16463452024708108
pullback,2.0,3.0,38737,"{""family"": ""pullback"", ""min_ddv"": 10000000.0, ""min_price"": 5.0, ""regime"": ""spy200"", ""trend"": true, ""mom_min"": 0.15, ""rsi2_max"": 100.0, ""rsi14_max"": 100.0, ""ret21_max"": 1.0, ""dist_ema20_max"": 1.0, ""dist_ema50_min"": -1.0, ""dist_hh60_min"": -1.0, ""atr_ratio_max"": 10.0, ""vol_ratio_min"": 0.0, ""up_close"": true, ""strong_close"": true}",12078,1724.07899882675,0.3118065904951151,0.1926630766627417,1.2567202277545289,19.0,0.0,0.04839697751809661,0.009372436427772786,0.1243081041999338,10344,2584.229979466119,0.3084880123743233,0.18466667987540564,1.248748437531803,19.0,0.0,0.06583402935548206,0.012581637904527376,0.16687225010215256,13497,3371.94045174538,0.31799659183522266,0.17060927479680635,1.2310934364359742,17.0,0.04208342594650663,0.06378463255605801,0.012123352656069111,0.17971087466643623
pullback,3.0,0.5,38737,"{""family"": ""pullback"", ""min_ddv"": 10000000.0, ""min_price"": 5.0, ""regime"": ""spy200"", ""trend"": true, ""mom_min"": 0.15, ""rsi2_max"": 100.0, ""rsi14_max"": 100.0, ""ret21_max"": 1.0, ""dist_ema20_max"": 1.0, ""dist_ema50_min"": -1.0, ""dist_hh60_min"": -1.0, ""atr_ratio_max"": 10.0, ""vol_ratio_min"": 0.0, ""up_close"": true, ""strong_close"": true}",11400,1627.2976143918654,0.728859649122807,0.07389297912075946,1.2543797476797311,8.0,0.0,0.07061679063444974,0.005763681650787595,0.18155597199980925,8401,2098.8124572210813,0.6957505058921557,0.019539549656532523,1.0603915240870936,8.0,0.0,0.08786538733617988,0.001221659910269611,0.038482287173492745,11173,2791.3381245722107,0.703034100062651,0.044946473298420206,1.1445688070440818,8.0,0.011456189027118948,0.08667359872902901,0.004521043670707128,0.14241287562727453
pullback,3.0,0.75,38737,"{""family"": ""pullback"", ""min_ddv"": 10000000.0, ""min_price"": 5.0, ""regime"": ""spy200"", ""trend"": true, ""mom_min"": 0.15, ""rsi2_max"": 100.0, ""rsi14_max"": 100.0, ""ret21_max"": 1.0, ""dist_ema20_max"": 1.0, ""dist_ema50_min"": -1.0, ""dist_hh60_min"": -1.0, ""atr_ratio_max"": 10.0, ""vol_ratio_min"": 0.0, ""up_close"": true, ""strong_close"": true}",11400,1627.2976143918654,0.6374561403508772,0.09372106314937642,1.2418737858493132,12.0,0.0,0.07061679063444974,0.007315523905966446,0.15362600202529536,8401,2098.8124572210813,0.6186168313296037,0.05605737218125787,1.138490746840236,12.0,0.0,0.08786538733617988,0.004064616076785364,0.08535693761249263,11173,2791.3381245722107,0.6276738566186342,0.08570766011709191,1.2194044257576766,12.0,0.017363286494227154,0.08667359872902901,0.008335484537992599,0.17504517529784458
pullback,3.0,1.0,38737,"{""family"": ""pullback"", ""min_ddv"": 10000000.0, ""min_price"": 5.0, ""regime"": ""spy200"", ""trend"": true, ""mom_min"": 0.15, ""rsi2_max"": 100.0, ""rsi14_max"": 100.0, ""ret21_max"": 1.0, ""dist_ema20_max"": 1.0, ""dist_ema50_min"": -1.0, ""dist_hh60_min"": -1.0, ""atr_ratio_max"": 10.0, ""vol_ratio_min"": 0.0, ""up_close"": true, ""strong_close"": true}",11400,1627.2976143918654,0.5735964912280702,0.1200629961993048,1.263217113868677,16.0,0.0,0.07061679063444974,0.009024568890755001,0.14213696002939127,8401,2098.8124572210813,0.5610046423044875,0.09469283709496844,1.2035765914889847,16.0,0.0,0.08786538733617988,0.007462089276590405,0.11752790610629887,11173,2791.3381245722107,0.5676183657030341,0.11623553513271767,1.2559551234473132,15.0,0.023986395775530297,0.08667359872902901,0.010985661337021557,0.18455911046196213
pullback,3.0,1.5,38737,"{""family"": ""pullback"", ""min_ddv"": 10000000.0, ""min_price"": 5.0, ""regime"": ""spy200"", ""trend"": true, ""mom_min"": 0.15, ""rsi2_max"": 100.0, ""rsi14_max"": 100.0, ""ret21_max"": 1.0, ""dist_ema20_max"": 1.0, ""dist_ema50_min"": -1.0, ""dist_hh60_min"": -1.0, ""atr_ratio_max"": 10.0, ""vol_ratio_min"": 0.0, ""up_close"": true, ""strong_close"": true}",11400,1627.2976143918654,0.4792982456140351,0.16611876608115883,1.2981669147146282,23.0,0.0,0.07061679063444974,0.01189171929641646,0.13029188098682382,8401,2098.8124572210813,0.4793476967027735,0.16926565590734177,1.307159542185613,24.0,0.0,0.08786538733617988,0.014266274847883058,0.14979588590277212,11173,2791.3381245722107,0.4834869775351293,0.16524031712080098,1.3037108504393302,21.0,0.03902264387362391,0.08667359872902901,0.015990102857073557,0.1918812342848827
pullback,3.0,2.0,38737,"{""family"": ""pullback"", ""min_ddv"": 10000000.0, ""min_price"": 5.0, ""regime"": ""spy200"", ""trend"": true, ""mom_min"": 0.15, ""rsi2_max"": 100.0, ""rsi14_max"": 100.0, ""ret21_max"": 1.0, ""dist_ema20_max"": 1.0, ""dist_ema50_min"": -1.0, ""dist_hh60_min"": -1.0, ""atr_ratio_max"": 10.0, ""vol_ratio_min"": 0.0, ""up_close"": true, ""strong_close"": true}",11400,1627.2976143918654,0.4185964912280702,0.21941301325134477,1.3524536539346061,30.0,0.0002631578947368421,0.07061679063444974,0.015653130228537454,0.13148629391971461,8401,2098.8124572210813,0.41828353767408644,0.2220592670942986,1.3606278858563203,30.0,0.0,0.08786538733617988,0.018480083142315144,0.1552326983954472,11173,2791.3381245722107,0.42898057817953994,0.21278697739833963,1.3533321807822525,26.0,0.05182135505235837,0.08667359872902901,0.020090891586718083,0.19472710307126756
pullback,3.0,3.0,38737,"{""family"": ""pullback"", ""min_ddv"": 10000000.0, ""min_price"": 5.0, ""regime"": ""spy200"", ""trend"": true, ""mom_min"": 0.15, ""rsi2_max"": 100.0, ""rsi14_max"": 100.0, ""ret21_max"": 1.0, ""dist_ema20_max"": 1.0, ""dist_ema50_min"": -1.0, ""dist_hh60_min"": -1.0, ""atr_ratio_max"": 10.0, ""vol_ratio_min"": 0.0, ""up_close"": true, ""strong_close"": true}",11400,1627.2976143918654,0.3399122807017544,0.31311776867114666,1.4423459954501305,42.0,0.0016666666666666668,0.07061679063444974,0.02076206305821227,0.12457237834927361,8401,2098.8124572210813,0.3297226520652303,0.2748577350519867,1.3862105795588522,42.0,0.0016664682775860017,0.08786538733617988,0.023025682413410985,0.13815409448046592,11173,2791.3381245722107,0.3603329454936006,0.29501887021292533,1.434421030582302,34.0,0.07258569766401146,0.08667359872902901,0.026538022437387735,0.1966935780653444
pullback,1.0,0.5,66796,"{""family"": ""pullback"", ""min_ddv"": 10000000.0, ""min_price"": 5.0, ""regime"": ""spy200"", ""trend"": true, ""mom_min"": -1.0, ""rsi2_max"": 100.0, ""rsi14_max"": 100.0, ""ret21_max"": -0.02, ""dist_ema20_max"": 1.0, ""dist_ema50_min"": -1.0, ""dist_hh60_min"": -1.0, ""atr_ratio_max"": 10.0, ""vol_ratio_min"": 0.0, ""up_close"": true, ""strong_close"": false}",24901,3554.5033242080563,0.6955945544355648,-0.0462061489803042,0.8654822456855725,2.0,0.0,0.02206939187823411,-0.001003345142962716,-0.12642148801330222,18363,4587.607802874743,0.6547405108097806,-0.08336410490789255,0.780783755355604,2.0,0.0,0.03030830124254743,-0.002802223978279145,-0.3530802212631723,23181,5791.283367556468,0.6738708425003236,-0.047829393290027264,0.8666826900700244,2.0,0.0015529959880936975,0.029844211554585637,-0.0015889825982671893,-0.20021180738166586
pullback,1.0,0.75,66796,"{""family"": ""pullback"", ""min_ddv"": 10000000.0, ""min_price"": 5.0, ""regime"": ""spy200"", ""trend"": true, ""mom_min"": -1.0, ""rsi2_max"": 100.0, ""rsi14_max"": 100.0, ""ret21_max"": -0.02, ""dist_ema20_max"": 1.0, ""dist_ema50_min"": -1.0, ""dist_hh60_min"": -1.0, ""atr_ratio_max"": 10.0, ""vol_ratio_min"": 0.0, ""up_close"": true, ""strong_close"": false}",24901,3554.5033242080563,0.6108188426167623,-0.020683185607800192,0.9531972107579866,2.0,0.0,0.02206939187823411,-0.00041947976127660946,-0.052854449920852795,18363,4587.607802874743,0.5638512225671186,-0.08016040562686227,0.8339951852201786,2.0,0.0,0.03030830124254743,-0.0028222375318186174,-0.3556019290091458,23181,5791.283367556468,0.5862128467279237,-0.029600814331235265,0.935041848542957,2.0,0.002329493982140546,0.029844211554585637,-0.0010705868147303727,-0.13489393865602695
pullback,1.0,1.0,66796,"{""family"": ""pullback"", ""min_ddv"": 10000000.0, ""min_price"": 5.0, ""regime"": ""spy200"", ""trend"": true, ""mom_min"": -1.0, ""rsi2_max"": 100.0, ""rsi14_max"": 100.0, ""ret21_max"": -0.02, ""dist_ema20_max"": 1.0, ""dist_ema50_min"": -1.0, ""dist_hh60_min"": -1.0, ""atr_ratio_max"": 10.0, ""vol_ratio_min"": 0.0, ""up_close"": true, ""strong_close"": false}",24901,3554.5033242080563,0.5474880526886471,0.005867686945699563,1.0113893626938744,3.0,0.0,0.02206939187823411,0.0001972788710110617,0.016571425164929182,18363,4587.607802874743,0.494363666067636,-0.08061801493352701,0.8562914816427523,3.0,0.0,0.03030830124254743,-0.0027964476515811524,-0.2349016027328168,23181,5791.283367556468,0.5180967171390363,-0.020440457671630708,0.9616255906824019,3.0,0.003062853198740348,0.029844211554585637,-0.0010180811011646362,-0.08551881249782944
pullback,1.0,1.5,66796,"{""family"": ""pullback"", ""min_ddv"": 10000000.0, ""min_price"": 5.0, ""regime"": ""spy200"", ""trend"": true, ""mom_min"": -1.0, ""rsi2_max"": 100.0, ""rsi14_max"": 100.0, ""ret21_max"": -0.02, ""dist_ema20_max"": 1.0, ""dist_ema50_min"": -1.0, ""dist_hh60_min"": -1.0, ""atr_ratio_max"": 10.0, ""vol_ratio_min"": 0.0, ""up_close"": true, ""strong_close"": false}",24901,3554.5033242080563,0.45335528693626764,0.04114516883447505,1.0658995274864222,4.0,0.0,0.02206939187823411,0.0009138171156365464,0.05757047828510242,18363,4587.607802874743,0.3967216685726733,-0.08181348791773017,0.878156575977351,4.0,0.0,0.03030830124254743,-0.003098241940161814,-0.1951892422301943,23181,5791.283367556468,0.42655623139640225,0.0019459171452611455,1.0030476263761765,4.0,0.0045295716319399505,0.029844211554585637,-0.0005957907301844932,-0.03753481600162307
pullback,1.0,2.0,66796,"{""family"": ""pullback"", ""min_ddv"": 10000000.0, ""min_price"": 5.0, ""regime"": ""spy200"", ""trend"": true, ""mom_min"": -1.0, ""rsi2_max"": 100.0, ""rsi14_max"": 100.0, ""ret21_max"": -0.02, ""dist_ema20_max"": 1.0, ""dist_ema50_min"": -1.0, ""dist_hh60_min"": -1.0, ""atr_ratio_max"": 10.0, ""vol_ratio_min"": 0.0, ""up_close"": true, ""strong_close"": false}",24901,3554.5033242080563,0.38930163447251115,0.07177591020504756,1.102723375500925,5.0,0.0,0.02206939187823411,0.0015275694255920363,0.07698949904983862,18363,4587.607802874743,0.3344769373196101,-0.07715300405553342,0.896233211857347,5.0,0.0,0.03030830124254743,-0.003354676586281431,-0.16907569994858412,23181,5791.283367556468,0.364134420430525,0.02139832858098829,1.0300861070758183,4.0,0.005953151287692506,0.029844211554585637,-3.1205985196329286e-05,-0.001965977067368745
pullback,1.0,3.0,66796,"{""family"": ""pullback"", ""min_ddv"": 10000000.0, ""min_price"": 5.0, ""regime"": ""spy200"", ""trend"": true, ""mom_min"": -1.0, ""rsi2_max"": 100.0, ""rsi14_max"": 100.0, ""ret21_max"": -0.02, ""dist_ema20_max"": 1.0, ""dist_ema50_min"": -1.0, ""dist_hh60_min"": -1.0, ""atr_ratio_max"": 10.0, ""vol_ratio_min"": 0.0, ""up_close"": true, ""strong_close"": false}",24901,3554.5033242080563,0.30135335930283924,0.10211590691244939,1.127336837979229,6.0,0.0,0.02206939187823411,0.0020706051329361925,0.08696541558332009,18363,4587.607802874743,0.2638457768338507,-0.03608808911892384,0.9563691229839018,6.0,0.0,0.03030830124254743,-0.0023395124842679076,-0.09825952433925211,23181,5791.283367556468,0.28299038005262933,0.04719716313391967,1.0586122434714624,6.0,0.008282645269833053,0.029844211554585637,0.000493102107696129,0.020710288523237416
pullback,1.5,0.5,66796,"{""family"": ""pullback"", ""min_ddv"": 10000000.0, ""min_price"": 5.0, ""regime"": ""spy200"", ""trend"": true, ""mom_min"": -1.0, ""rsi2_max"": 100.0, ""rsi14_max"": 100.0, ""ret21_max"": -0.02, ""dist_ema20_max"": 1.0, ""dist_ema50_min"": -1.0, ""dist_hh60_min"": -1.0, ""atr_ratio_max"": 10.0, ""vol_ratio_min"": 0.0, ""up_close"": true, ""strong_close"": false}",24846,3546.6523269456393,0.7034935200837157,-0.0014480027216053806,0.9955761704200183,3.0,0.0,0.033072213135019096,-9.297621017063112e-06,-0.0007810001654333015,17773,4440.208761122519,0.6682608451021212,-0.04247306249228582,0.8822865470236289,3.0,0.0,0.04454476027240612,-0.0016811246092759205,-0.14121446717917732,22696,5670.116358658453,0.6854952414522383,-0.0031970119010991008,0.9905496472495203,3.0,0.0030842439196334154,0.044226099565904724,-0.00023777160101512256,-0.019972814485270295
pullback,1.5,0.75,66796,"{""family"": ""pullback"", ""min_ddv"": 10000000.0, ""min_price"": 5.0, ""regime"": ""spy200"", ""trend"": true, ""mom_min"": -1.0, ""rsi2_max"": 100.0, ""rsi14_max"": 100.0, ""ret21_max"": -0.02, ""dist_ema20_max"": 1.0, ""dist_ema50_min"": -1.0, ""dist_hh60_min"": -1.0, ""atr_ratio_max"": 10.0, ""vol_ratio_min"": 0.0, ""up_close"": true, ""strong_close"": false}",24846,3546.6523269456393,0.6199790710778394,0.02897108655459755,1.0689008890580916,4.0,0.0,0.033072213135019096,0.0009897257884929121,0.06235272467505346,17773,4440.208761122519,0.5723288133685928,-0.0441754739976389,0.9050595851346477,4.0,0.0,0.04454476027240612,-0.001718569780902483,-0.10826989619685642,22696,5670.116358658453,0.5977705322523793,0.012617362237550259,1.0290264318468314,4.0,0.005066972153683468,0.044226099565904724,0.00028269480922877785,0.017809772981413004
pullback,1.5,1.0,66796,"{""family"": ""pullback"", ""min_ddv"": 10000000.0, ""min_price"": 5.0, ""regime"": ""spy200"", ""trend"": true, ""mom_min"": -1.0, ""rsi2_max"": 100.0, ""rsi14_max"": 100.0, ""ret21_max"": -0.02, ""dist_ema20_max"": 1.0, ""dist_ema50_min"": -1.0, ""dist_hh60_min"": -1.0, ""atr_ratio_max"": 10.0, ""vol_ratio_min"": 0.0, ""up_close"": true, ""strong_close"": false}",24846,3546.6523269456393,0.5529662722369798,0.046918288878346454,1.0946754292981071,5.0,0.0,0.033072213135019096,0.0015380217198299557,0.07751629467942976,17773,4440.208761122519,0.5079615146570641,-0.0332432999100438,0.9379711329745699,5.0,0.0,0.04454476027240612,-0.0012644972294978277,-0.06373066036669052,22696,5670.116358658453,0.5334420162143109,0.030157868149072013,1.0595597914597157,5.0,0.0067853366231935145,0.044226099565904724,0.0010154985305092094,0.05118112593766415
pullback,1.5,1.5,66796,"{""family"": ""pullback"", ""min_ddv"": 10000000.0, ""min_price"": 5.0, ""regime"": ""spy200"", ""trend"": true, ""mom_min"": -1.0, ""rsi2_max"": 100.0, ""rsi14_max"": 100.0, ""ret21_max"": -0.02, ""dist_ema20_max"": 1.0, ""dist_ema50_min"": -1.0, ""dist_hh60_min"": -1.0, ""atr_ratio_max"": 10.0, ""vol_ratio_min"": 0.0, ""up_close"": true, ""strong_close"": false}",24846,3546.6523269456393,0.4568944699347984,0.07875716372072357,1.1306604665291173,7.0,0.0,0.033072213135019096,0.0025211323752521767,0.09076076550907837,17773,4440.208761122519,0.41833117650368534,-0.00915930041321722,0.9855776165162515,7.0,0.0,0.04454476027240612,-0.00040895795075650016,-0.014722486227234006,22696,5670.116358658453,0.44417518505463516,0.06702394216364761,1.1105148426056282,7.0,0.009737398660556926,0.044226099565904724,0.002679363676000931,0.09645709233603351
pullback,1.5,2.0,66796,"{""family"": ""pullback"", ""min_ddv"": 10000000.0, ""min_price"": 5.0, ""regime"": ""spy200"", ""trend"": true, ""mom_min"": -1.0, ""rsi2_max"": 100.0, ""rsi14_max"": 100.0, ""ret21_max"": -0.02, ""dist_ema20_max"": 1.0, ""dist_ema50_min"": -1.0, ""dist_hh60_min"": -1.0, ""atr_ratio_max"": 10.0, ""vol_ratio_min"": 0.0, ""up_close"": true, ""strong_close"": false}",24846,3546.6523269456393,0.3900024148756339,0.1019485226214837,1.1504705434846878,9.0,0.0,0.033072213135019096,0.0030905287350583965,0.08653480458163511,17773,4440.208761122519,0.3600967760085523,0.018814517740085995,1.0268198239791198,9.0,0.0,0.04454476027240612,0.0005925702597618149,0.016591967273330815,22696,5670.116358658453,0.3798466690165668,0.08613681153919282,1.1269689782409955,9.0,0.012336975678533662,0.044226099565904724,0.0033413232295596593,0.09355705042767046
pullback,1.5,3.0,66796,"{""family"": ""pullback"", ""min_ddv"": 10000000.0, ""min_price"": 5.0, ""regime"": ""spy200"", ""trend"": true, ""mom_min"": -1.0, ""rsi2_max"": 100.0, ""rsi14_max"": 100.0, ""ret21_max"": -0.02, ""dist_ema20_max"": 1.0, ""dist_ema50_min"": -1.0, ""dist_hh60_min"": -1.0, ""atr_ratio_max"": 10.0, ""vol_ratio_min"": 0.0, ""up_close"": true, ""strong_close"": false}",24846,3546.6523269456393,0.30866135394027205,0.1577581384693618,1.204597451323617,12.0,0.0,0.033072213135019096,0.004371122481784756,0.09179357211747989,17773,4440.208761122519,0.28734597423057445,0.08005668274655758,1.1019922811377871,11.0,0.0,0.04454476027240612,0.00402610051405889,0.09223430268571277,22696,5670.116358658453,0.30789566443426153,0.14951176364598556,1.1967034985945395,11.0,0.02062037363412055,0.044226099565904724,0.006347209884646818,0.1454088082664544
pullback,2.0,0.5,66796,"{""family"": ""pullback"", ""min_ddv"": 10000000.0, ""min_price"": 5.0, ""regime"": ""spy200"", ""trend"": true, ""mom_min"": -1.0, ""rsi2_max"": 100.0, ""rsi14_max"": 100.0, ""ret21_max"": -0.02, ""dist_ema20_max"": 1.0, ""dist_ema50_min"": -1.0, ""dist_hh60_min"": -1.0, ""atr_ratio_max"": 10.0, ""vol_ratio_min"": 0.0, ""up_close"": true, ""strong_close"": false}",24689,3524.2412983965582,0.7129895905058933,0.029589831794419177,1.094712908964101,4.0,0.0,0.043960628392212805,0.001481615962129204,0.09334180561413985,17008,4249.089664613279,0.6802681091251176,-0.012267526520765033,0.9642570233077812,4.0,0.0,0.058063958030642,4.8093711084144456e-05,0.0030299037983011006,21907,5473.001368925394,0.6984069019035012,0.027956961753900885,1.0873585867849145,4.0,0.006390651389966678,0.05787720570669519,0.001610612443139226,0.10146858391777124
pullback,2.0,0.75,66796,"{""family"": ""pullback"", ""min_ddv"": 10000000.0, ""min_price"": 5.0, ""regime"": ""spy200"", ""trend"": true, ""mom_min"": -1.0, ""rsi2_max"": 100.0, ""rsi14_max"": 100.0, ""ret21_max"": -0.02, ""dist_ema20_max"": 1.0, ""dist_ema50_min"": -1.0, ""dist_hh60_min"": -1.0, ""atr_ratio_max"": 10.0, ""vol_ratio_min"": 0.0, ""up_close"": true, ""strong_close"": false}",24689,3524.2412983965582,0.6276074365101867,0.05694760926749906,1.1403283048525694,6.0,0.0,0.043960628392212805,0.0025385017510207056,0.10661707354286963,17008,4249.089664613279,0.590310442144873,-0.0018453785826759584,0.9958090629552607,6.0,0.0,0.058063958030642,0.0005153468188755235,0.021644566392771986,21907,5473.001368925394,0.6139590085360843,0.05267364380264252,1.1283022931913418,6.0,0.00963162459487835,0.05787720570669519,0.0030794045833751438,0.12933499250175604
pullback,2.0,1.0,66796,"{""family"": ""pullback"", ""min_ddv"": 10000000.0, ""min_price"": 5.0, ""regime"": ""spy200"", ""trend"": true, ""mom_min"": -1.0, ""rsi2_max"": 100.0, ""rsi14_max"": 100.0, ""ret21_max"": -0.02, ""dist_ema20_max"": 1.0, ""dist_ema50_min"": -1.0, ""dist_hh60_min"": -1.0, ""atr_ratio_max"": 10.0, ""vol_ratio_min"": 0.0, ""up_close"": true, ""strong_close"": false}",24689,3524.2412983965582,0.5637733403540038,0.08381166670641232,1.176262187071701,8.0,0.0,0.043960628392212805,0.0037021376163863208,0.1166173349161691,17008,4249.089664613279,0.5259877704609596,0.01426749766597168,1.0279860842771973,8.0,0.0,0.058063958030642,0.0012601781401966343,0.03969561141619398,21907,5473.001368925394,0.5506459122654859,0.07604225296833474,1.1585261319470785,8.0,0.012233532660793354,0.05787720570669519,0.004546073162260454,0.14320130461120428
pullback,2.0,1.5,66796,"{""family"": ""pullback"", ""min_ddv"": 10000000.0, ""min_price"": 5.0, ""regime"": ""spy200"", ""trend"": true, ""mom_min"": -1.0, ""rsi2_max"": 100.0, ""rsi14_max"": 100.0, ""ret21_max"": -0.02, ""dist_ema20_max"": 1.0, ""dist_ema50_min"": -1.0, ""dist_hh60_min"": -1.0, ""atr_ratio_max"": 10.0, ""vol_ratio_min"": 0.0, ""up_close"": true, ""strong_close"": false}",24689,3524.2412983965582,0.4633642512859978,0.1085699412266613,1.1854578684881327,11.0,0.0,0.043960628392212805,0.004511772864699476,0.1033606147185698,17008,4249.089664613279,0.4393814675446849,0.05521573164318311,1.0913454637186,12.0,0.0,0.058063958030642,0.0034061826257967332,0.0715298351417314,21907,5473.001368925394,0.46145067786552246,0.12018590518306711,1.2086833283000378,11.0,0.01711781622312503,0.05787720570669519,0.0071766921235901495,0.16441149228588345
pullback,2.0,2.0,66796,"{""family"": ""pullback"", ""min_ddv"": 10000000.0, ""min_price"": 5.0, ""regime"": ""spy200"", ""trend"": true, ""mom_min"": -1.0, ""rsi2_max"": 100.0, ""rsi14_max"": 100.0, ""ret21_max"": -0.02, ""dist_ema20_max"": 1.0, ""dist_ema50_min"": -1.0, ""dist_hh60_min"": -1.0, ""atr_ratio_max"": 10.0, ""vol_ratio_min"": 0.0, ""up_close"": true, ""strong_close"": false}",24689,3524.2412983965582,0.39936813965733725,0.14334826713968005,1.2183771921023314,15.0,0.0,0.043960628392212805,0.005391879682401834,0.09058357866435081,17008,4249.089664613279,0.37935089369708375,0.08947910830726562,1.1333252928748707,15.0,0.0,0.058063958030642,0.0057352918570611165,0.09635290319862676,21907,5473.001368925394,0.4032501027068973,0.15877999206220647,1.2480448865844174,14.0,0.02451271283151504,0.05787720570669519,0.009292404888849115,0.16726328799928408
pullback,2.0,3.0,66796,"{""family"": ""pullback"", ""min_ddv"": 10000000.0, ""min_price"": 5.0, ""regime"": ""spy200"", ""trend"": true, ""mom_min"": -1.0, ""rsi2_max"": 100.0, ""rsi14_max"": 100.0, ""ret21_max"": -0.02, ""dist_ema20_max"": 1.0, ""dist_ema50_min"": -1.0, ""dist_hh60_min"": -1.0, ""atr_ratio_max"": 10.0, ""vol_ratio_min"": 0.0, ""up_close"": true, ""strong_close"": false}",24689,3524.2412983965582,0.32281582891166105,0.22871141006476214,1.3082233010853694,20.0,0.0,0.043960628392212805,0.008930273821965562,0.1125214501567661,17008,4249.089664613279,0.3016815616180621,0.15296571650350768,1.2023929546441054,19.0,0.0,0.058063958030642,0.009171521508511563,0.1216433379023639,21907,5473.001368925394,0.33354635504633223,0.23369041203531504,1.324295076410921,18.0,0.04048934130643173,0.05787720570669519,0.013935272417751086,0.1950938138485152
pullback,3.0,0.5,66796,"{""family"": ""pullback"", ""min_ddv"": 10000000.0, ""min_price"": 5.0, ""regime"": ""spy200"", ""trend"": true, ""mom_min"": -1.0, ""rsi2_max"": 100.0, ""rsi14_max"": 100.0, ""ret21_max"": -0.02, ""dist_ema20_max"": 1.0, ""dist_ema50_min"": -1.0, ""dist_hh60_min"": -1.0, ""atr_ratio_max"": 10.0, ""vol_ratio_min"": 0.0, ""up_close"": true, ""strong_close"": false}",23817,3399.767305436058,0.7285552336566318,0.06822294473193585,1.2347537686422667,8.0,0.0,0.06487552125694829,0.004686994589731701,0.14764032957654857,14642,3657.994524298426,0.6995629012429996,0.026608216461125517,1.0834211632610684,8.0,0.0,0.08074684265732367,0.0023800125138090512,0.07497039418498512,19175,4790.468856947296,0.7183833116036505,0.06384046591846725,1.2154662541764467,8.0,0.009439374185136898,0.08125272677726542,0.0052377555866288976,0.16498930097881026
pullback,3.0,0.75,66796,"{""family"": ""pullback"", ""min_ddv"": 10000000.0, ""min_price"": 5.0, ""regime"": ""spy200"", ""trend"": true, ""mom_min"": -1.0, ""rsi2_max"": 100.0, ""rsi14_max"": 100.0, ""ret21_max"": -0.02, ""dist_ema20_max"": 1.0, ""dist_ema50_min"": -1.0, ""dist_hh60_min"": -1.0, ""atr_ratio_max"": 10.0, ""vol_ratio_min"": 0.0, ""up_close"": true, ""strong_close"": false}",23817,3399.767305436058,0.6439937859512114,0.09944672649135973,1.260894528128632,12.0,0.0,0.06487552125694829,0.0066004143501917495,0.13860870135402673,14642,3657.994524298426,0.6199972681327688,0.05968878782450413,1.1478622351937657,13.0,0.0,0.08074684265732367,0.004640813525518892,0.08996038526390468,19175,4790.468856947296,0.6397392438070404,0.10250900125051714,1.2697612734147463,12.0,0.014080834419817471,0.08125272677726542,0.008323099110300847,0.1747850813163178
pullback,3.0,1.0,66796,"{""family"": ""pullback"", ""min_ddv"": 10000000.0, ""min_price"": 5.0, ""regime"": ""spy200"", ""trend"": true, ""mom_min"": -1.0, ""rsi2_max"": 100.0, ""rsi14_max"": 100.0, ""ret21_max"": -0.02, ""dist_ema20_max"": 1.0, ""dist_ema50_min"": -1.0, ""dist_hh60_min"": -1.0, ""atr_ratio_max"": 10.0, ""vol_ratio_min"": 0.0, ""up_close"": true, ""strong_close"": false}",23817,3399.767305436058,0.578200445060251,0.12576186700363495,1.2788023500178218,16.0,0.0,0.06487552125694829,0.008269657958171537,0.1302471128412017,14642,3657.994524298426,0.562423166234121,0.09684220405291695,1.2080372834967894,17.0,0.0,0.08074684265732367,0.007568607969165634,0.11219348283704351,19175,4790.468856947296,0.5802868318122555,0.13815249892297427,1.3124368737500076,15.0,0.01908735332464146,0.08125272677726542,0.011284016944650015,0.18957148467012028
pullback,3.0,1.5,66796,"{""family"": ""pullback"", ""min_ddv"": 10000000.0, ""min_price"": 5.0, ""regime"": ""spy200"", ""trend"": true, ""mom_min"": -1.0, ""rsi2_max"": 100.0, ""rsi14_max"": 100.0, ""ret21_max"": -0.02, ""dist_ema20_max"": 1.0, ""dist_ema50_min"": -1.0, ""dist_hh60_min"": -1.0, ""atr_ratio_max"": 10.0, ""vol_ratio_min"": 0.0, ""up_close"": true, ""strong_close"": false}",23817,3399.767305436058,0.49011210479909306,0.1905879466427557,1.3491039440040047,24.0,0.0,0.06487552125694829,0.012179149400128812,0.12788106870135255,14642,3657.994524298426,0.4731594044529436,0.1507402690743599,1.269109062498042,24.0,0.0,0.08074684265732367,0.012143318417462265,0.12750484338335377,19175,4790.468856947296,0.500651890482399,0.20595491914445638,1.3909158675025077,22.0,0.03551499348109518,0.08125272677726542,0.017242839319638666,0.19750888675222472
pullback,3.0,2.0,66796,"{""family"": ""pullback"", ""min_ddv"": 10000000.0, ""min_price"": 5.0, ""regime"": ""spy200"", ""trend"": true, ""mom_min"": -1.0, ""rsi2_max"": 100.0, ""rsi14_max"": 100.0, ""ret21_max"": -0.02, ""dist_ema20_max"": 1.0, ""dist_ema50_min"": -1.0, ""dist_hh60_min"": -1.0, ""atr_ratio_max"": 10.0, ""vol_ratio_min"": 0.0, ""up_close"": true, ""strong_close"": false}",23817,3399.767305436058,0.43074274677751184,0.2526832115426666,1.4140859948559716,32.0,0.00012596044841919638,0.06487552125694829,0.015642721551836134,0.12318643222070956,14642,3657.994524298426,0.406911624095069,0.1878102981167147,1.2980620909889042,31.0,6.829668078131402e-05,0.08074684265732367,0.014825008372416886,0.12051297128545341,19175,4790.468856947296,0.4480312907431552,0.2652926919365965,1.4539232867237395,27.0,0.05194263363754889,0.08125272677726542,0.02197076474069059,0.20506047091311216
pullback,3.0,3.0,66796,"{""family"": ""pullback"", ""min_ddv"": 10000000.0, ""min_price"": 5.0, ""regime"": ""spy200"", ""trend"": true, ""mom_min"": -1.0, ""rsi2_max"": 100.0, ""rsi14_max"": 100.0, ""ret21_max"": -0.02, ""dist_ema20_max"": 1.0, ""dist_ema50_min"": -1.0, ""dist_hh60_min"": -1.0, ""atr_ratio_max"": 10.0, ""vol_ratio_min"": 0.0, ""up_close"": true, ""strong_close"": false}",23817,3399.767305436058,0.3546206491161775,0.3682243175591614,1.530653638447975,44.0,0.0015535121971700886,0.06487552125694829,0.0221224090311797,0.12670106990584737,14642,3657.994524298426,0.30269088922278375,0.16591573906978482,1.2234474575087018,43.0,0.001980603742658107,0.08074684265732367,0.013128820317702978,0.07694099348979419,19175,4790.468856947296,0.3817470664928292,0.3649619185644049,1.5554775055209284,36.0,0.08146023468057366,0.08125272677726542,0.02915706430486633,0.2040994501340643
pullback,1.0,0.5,60170,"{""family"": ""pullback"", ""min_ddv"": 10000000.0, ""min_price"": 5.0, ""regime"": ""spy200"", ""trend"": true, ""mom_min"": 0.0, ""rsi2_max"": 100.0, ""rsi14_max"": 100.0, ""ret21_max"": -0.02, ""dist_ema20_max"": 1.0, ""dist_ema50_min"": -1.0, ""dist_hh60_min"": -1.0, ""atr_ratio_max"": 10.0, ""vol_ratio_min"": 0.0, ""up_close"": true, ""strong_close"": false}",22507,3212.7708251857644,0.6957835340116408,-0.04525830528375935,0.8680455704707171,2.0,0.0,0.022159539229763332,-0.0010346183079825181,-0.1303619068057973,16368,4089.199178644764,0.654508797653959,-0.08270158702637512,0.7824468068255975,2.0,0.0,0.030463474216418422,-0.002833872303913178,-0.3570679102930604,20951,5234.164955509925,0.67347620638633,-0.04809639843204782,0.8659412314404255,2.0,0.001622834232256217,0.029984062726586942,-0.0015515123130382367,-0.19549055144281782
pullback,1.0,0.75,60170,"{""family"": ""pullback"", ""min_ddv"": 10000000.0, ""min_price"": 5.0, ""regime"": ""spy200"", ""trend"": true, ""mom_min"": 0.0, ""rsi2_max"": 100.0, ""rsi14_max"": 100.0, ""ret21_max"": -0.02, ""dist_ema20_max"": 1.0, ""dist_ema50_min"": -1.0, ""dist_hh60_min"": -1.0, ""atr_ratio_max"": 10.0, ""vol_ratio_min"": 0.0, ""up_close"": true, ""strong_close"": false}",22507,3212.7708251857644,0.6120762429466389,-0.01699340646775136,0.9613591799982,2.0,0.0,0.022159539229763332,-0.00036634892865175956,-0.046159965010121706,16368,4089.199178644764,0.563233137829912,-0.08006466884886473,0.8341332794893288,2.0,0.0,0.030463474216418422,-0.0029373407848249317,-0.3701049388879414,20951,5234.164955509925,0.5852703928213451,-0.03084024256672935,0.9323720155917634,2.0,0.0022910600925970122,0.029984062726586942,-0.0010652244951504762,-0.13421828638896
pullback,1.0,1.0,60170,"{""family"": ""pullback"", ""min_ddv"": 10000000.0, ""min_price"": 5.0, ""regime"": ""spy200"", ""trend"": true, ""mom_min"": 0.0, ""rsi2_max"": 100.0, ""rsi14_max"": 100.0, ""ret21_max"": -0.02, ""dist_ema20_max"": 1.0, ""dist_ema50_min"": -1.0, ""dist_hh60_min"": -1.0, ""atr_ratio_max"": 10.0, ""vol_ratio_min"": 0.0, ""up_close"": true, ""strong_close"": false}",22507,3212.7708251857644,0.5494290665126406,0.01141797676379116,1.022288793032891,3.0,0.0,0.022159539229763332,0.0002871135137113273,0.024117535151751492,16368,4089.199178644764,0.49346285434995113,-0.08194152268027002,0.8539977690497691,3.0,0.0,0.030463474216418422,-0.002978044102071441,-0.25015570457400105,20951,5234.164955509925,0.5174931984153501,-0.021243938731934323,0.9601200795154011,3.0,0.002959285952937807,0.029984062726586942,-0.0010052020616421746,-0.08443697317794267
pullback,1.0,1.5,60170,"{""family"": ""pullback"", ""min_ddv"": 10000000.0, ""min_price"": 5.0, ""regime"": ""spy200"", ""trend"": true, ""mom_min"": 0.0, ""rsi2_max"": 100.0, ""rsi14_max"": 100.0, ""ret21_max"": -0.02, ""dist_ema20_max"": 1.0, ""dist_ema50_min"": -1.0, ""dist_hh60_min"": -1.0, ""atr_ratio_max"": 10.0, ""vol_ratio_min"": 0.0, ""up_close"": true, ""strong_close"": false}",22507,3212.7708251857644,0.45559159372639624,0.049036228470753944,1.079057514411512,4.0,0.0,0.022159539229763332,0.0010426760766750335,0.06568859283052711,16368,4089.199178644764,0.39412267839687193,-0.08815851750368908,0.8691022955163952,4.0,0.0,0.030463474216418422,-0.0034500745089606913,-0.21735469406452354,20951,5234.164955509925,0.42532576010691614,-0.0014955743058008395,0.9976596808666907,4.0,0.004200276836427855,0.029984062726586942,-0.0006989554992318569,-0.044034196451606986
pullback,1.0,2.0,60170,"{""family"": ""pullback"", ""min_ddv"": 10000000.0, ""min_price"": 5.0, ""regime"": ""spy200"", ""trend"": true, ""mom_min"": 0.0, ""rsi2_max"": 100.0, ""rsi14_max"": 100.0, ""ret21_max"": -0.02, ""dist_ema20_max"": 1.0, ""dist_ema50_min"": -1.0, ""dist_hh60_min"": -1.0, ""atr_ratio_max"": 10.0, ""vol_ratio_min"": 0.0, ""up_close"": true, ""strong_close"": false}",22507,3212.7708251857644,0.39227795796863196,0.08292658475151479,1.119552072788719,5.0,0.0,0.022159539229763332,0.0017386807589991756,0.08762951025355845,16368,4089.199178644764,0.3324169110459433,-0.08281540493086122,0.8887816292374012,5.0,0.0,0.030463474216418422,-0.0036975910697522336,-0.18635858991551257,20951,5234.164955509925,0.36289437258364754,0.015747803572827172,1.0221173164188755,4.0,0.005584458975705217,0.029984062726586942,-0.0002555029414925432,-0.01609668531403022
pullback,1.0,3.0,60170,"{""family"": ""pullback"", ""min_ddv"": 10000000.0, ""min_price"": 5.0, ""regime"": ""spy200"", ""trend"": true, ""mom_min"": 0.0, ""rsi2_max"": 100.0, ""rsi14_max"": 100.0, ""ret21_max"": -0.02, ""dist_ema20_max"": 1.0, ""dist_ema50_min"": -1.0, ""dist_hh60_min"": -1.0, ""atr_ratio_max"": 10.0, ""vol_ratio_min"": 0.0, ""up_close"": true, ""strong_close"": false}",22507,3212.7708251857644,0.3051050784200471,0.11986202820842418,1.1505578531264058,6.0,0.0,0.022159539229763332,0.0024817084610719844,0.10423175536502334,16368,4089.199178644764,0.26154692082111436,-0.04457238091171003,0.9462278676560266,6.0,0.0,0.030463474216418422,-0.002813084119619243,-0.1181495330240082,20951,5234.164955509925,0.28137081762207056,0.04007602252594937,1.0496748402800695,5.0,0.007970979905493772,0.029984062726586942,0.00021871721843417233,0.011023347809082287
pullback,1.5,0.5,60170,"{""family"": ""pullback"", ""min_ddv"": 10000000.0, ""min_price"": 5.0, ""regime"": ""spy200"", ""trend"": true, ""mom_min"": 0.0, ""rsi2_max"": 100.0, ""rsi14_max"": 100.0, ""ret21_max"": -0.02, ""dist_ema20_max"": 1.0, ""dist_ema50_min"": -1.0, ""dist_hh60_min"": -1.0, ""atr_ratio_max"": 10.0, ""vol_ratio_min"": 0.0, ""up_close"": true, ""strong_close"": false}",22452,3204.9198279233474,0.7054605380367005,0.0021918568990498687,1.00674418785097,3.0,0.0,0.03320621485251636,0.00010273538131899262,0.00862977203079538,15795,3946.047227926078,0.6678062678062678,-0.042825885198942995,0.8813623175942433,3.0,0.0,0.044697270212035754,-0.0017806947254842254,-0.14957835694067492,20481,5116.7453798767965,0.6849763195156486,-0.0038182194956086673,0.9887211559313781,3.0,0.0030271959376983546,0.044348051960307736,-0.0002474495613237103,-0.020785763151191666
pullback,1.5,0.75,60170,"{""family"": ""pullback"", ""min_ddv"": 10000000.0, ""min_price"": 5.0, ""regime"": ""spy200"", ""trend"": true, ""mom_min"": 0.0, ""rsi2_max"": 100.0, ""rsi14_max"": 100.0, ""ret21_max"": -0.02, ""dist_ema20_max"": 1.0, ""dist_ema50_min"": -1.0, ""dist_hh60_min"": -1.0, ""atr_ratio_max"": 10.0, ""vol_ratio_min"": 0.0, ""up_close"": true, ""strong_close"": false}",22452,3204.9198279233474,0.6227062177088901,0.03427805463839593,1.0821202214729382,4.0,0.0,0.03320621485251636,0.0011270268627548618,0.0710026923535563,15795,3946.047227926078,0.5713200379867046,-0.04662459485129803,0.900008911025979,4.0,0.0,0.044697270212035754,-0.0019336674196522182,-0.12182104743808975,20481,5116.7453798767965,0.5975294175089106,0.012535477675526931,1.0288465303710745,4.0,0.004882574093061862,0.044348051960307736,0.00030298523839071215,0.019088070018614865
pullback,1.5,1.0,60170,"{""family"": ""pullback"", ""min_ddv"": 10000000.0, ""min_price"": 5.0, ""regime"": ""spy200"", ""trend"": true, ""mom_min"": 0.0, ""rsi2_max"": 100.0, ""rsi14_max"": 100.0, ""ret21_max"": -0.02, ""dist_ema20_max"": 1.0, ""dist_ema50_min"": -1.0, ""dist_hh60_min"": -1.0, ""atr_ratio_max"": 10.0, ""vol_ratio_min"": 0.0, ""up_close"": true, ""strong_close"": false}",22452,3204.9198279233474,0.5559415642259041,0.053769296424172226,1.1092846871884308,5.0,0.0,0.03320621485251636,0.0017096830982624653,0.08616802815242824,15795,3946.047227926078,0.5064893953782843,-0.03684799524480616,0.9314397958528609,5.0,0.0,0.044697270212035754,-0.0015252979668254807,-0.07687501752800423,20481,5116.7453798767965,0.5329329622577023,0.02865068872424631,1.0565739453235934,5.0,0.006396172061911039,0.044348051960307736,0.0009293372198205039,0.0468385958789534
pullback,1.5,1.5,60170,"{""family"": ""pullback"", ""min_ddv"": 10000000.0, ""min_price"": 5.0, ""regime"": ""spy200"", ""trend"": true, ""mom_min"": 0.0, ""rsi2_max"": 100.0, ""rsi14_max"": 100.0, ""ret21_max"": -0.02, ""dist_ema20_max"": 1.0, ""dist_ema50_min"": -1.0, ""dist_hh60_min"": -1.0, ""atr_ratio_max"": 10.0, ""vol_ratio_min"": 0.0, ""up_close"": true, ""strong_close"": false}",22452,3204.9198279233474,0.46107251024407625,0.08969006621890295,1.150047697933046,7.0,0.0,0.03320621485251636,0.0028520278212137286,0.10267300156369423,15795,3946.047227926078,0.4173472617917062,-0.011896022037051965,0.981297197995403,7.0,0.0,0.044697270212035754,-0.0006112958157732828,-0.022006649367838183,20481,5116.7453798767965,0.444118939504907,0.065830120749121,1.1085918967347932,7.0,0.009423367999609394,0.044348051960307736,0.0025309151944901214,0.09111294700164438
pullback,1.5,2.0,60170,"{""family"": ""pullback"", ""min_ddv"": 10000000.0, ""min_price"": 5.0, ""regime"": ""spy200"", ""trend"": true, ""mom_min"": 0.0, ""rsi2_max"": 100.0, ""rsi14_max"": 100.0, ""ret21_max"": -0.02, ""dist_ema20_max"": 1.0, ""dist_ema50_min"": -1.0, ""dist_hh60_min"": -1.0, ""atr_ratio_max"": 10.0, ""vol_ratio_min"": 0.0, ""up_close"": true, ""strong_close"": false}",22452,3204.9198279233474,0.3944860146089435,0.11635932392867002,1.1730898087602588,9.0,0.0,0.03320621485251636,0.0035961284881364537,0.10069159766782071,15795,3946.047227926078,0.35827793605571384,0.013050487431726899,1.0185444494683678,9.0,0.0,0.044697270212035754,0.0002176992416320919,0.006095578765698574,20481,5116.7453798767965,0.37947365851276793,0.084460518882571,1.1244318309095847,9.0,0.012157609491724036,0.044348051960307736,0.0031470297610249054,0.08811683330869735
pullback,1.5,3.0,60170,"{""family"": ""pullback"", ""min_ddv"": 10000000.0, ""min_price"": 5.0, ""regime"": ""spy200"", ""trend"": true, ""mom_min"": 0.0, ""rsi2_max"": 100.0, ""rsi14_max"": 100.0, ""ret21_max"": -0.02, ""dist_ema20_max"": 1.0, ""dist_ema50_min"": -1.0, ""dist_hh60_min"": -1.0, ""atr_ratio_max"": 10.0, ""vol_ratio_min"": 0.0, ""up_close"": true, ""strong_close"": false}",22452,3204.9198279233474,0.31217708890076606,0.17180472550830606,1.2239320347225093,12.0,0.0,0.03320621485251636,0.004903103030530946,0.10296516364114987,15795,3946.047227926078,0.2861031972143083,0.0745946684686864,1.0948168681118218,12.0,0.0,0.044697270212035754,0.0038171646927980707,0.08016045854875949,20481,5116.7453798767965,0.3070162589717299,0.1446788360657388,1.1901162350817451,11.0,0.020799765636443535,0.044348051960307736,0.006056841706737004,0.1387567372816114
pullback,2.0,0.5,60170,"{""family"": ""pullback"", ""min_ddv"": 10000000.0, ""min_price"": 5.0, ""regime"": ""spy200"", ""trend"": true, ""mom_min"": 0.0, ""rsi2_max"": 100.0, ""rsi14_max"": 100.0, ""ret21_max"": -0.02, ""dist_ema20_max"": 1.0, ""dist_ema50_min"": -1.0, ""dist_hh60_min"": -1.0, ""atr_ratio_max"": 10.0, ""vol_ratio_min"": 0.0, ""up_close"": true, ""strong_close"": false}",22296,3182.651544779038,0.7165859346968066,0.03570964936777366,1.1157277111564616,4.0,0.0,0.04413694405431491,0.001733014047910514,0.10917988501836239,15082,3767.9192334017794,0.6804137382310038,-0.012357049518055205,0.9639873138457342,4.0,0.0,0.05809759053798928,-6.126913749802543e-05,-0.003859955662375602,19758,4936.11909650924,0.6993622836319465,0.029768593399684077,1.0933941043084243,4.0,0.006478388500860411,0.058016787583829,0.0018251523900098038,0.11498460057061764
pullback,2.0,0.75,60170,"{""family"": ""pullback"", ""min_ddv"": 10000000.0, ""min_price"": 5.0, ""regime"": ""spy200"", ""trend"": true, ""mom_min"": 0.0, ""rsi2_max"": 100.0, ""rsi14_max"": 100.0, ""ret21_max"": -0.02, ""dist_ema20_max"": 1.0, ""dist_ema50_min"": -1.0, ""dist_hh60_min"": -1.0, ""atr_ratio_max"": 10.0, ""vol_ratio_min"": 0.0, ""up_close"": true, ""strong_close"": false}",22296,3182.651544779038,0.631324004305705,0.06425116581284517,1.1600342822095482,6.0,0.0,0.04413694405431491,0.0027862792964265244,0.11702373044991403,15082,3767.9192334017794,0.5889802413473014,-0.004831670824566302,0.989065067521749,6.0,0.0,0.05809759053798928,0.00021343568935509416,0.008964298952913955,19758,4936.11909650924,0.6151938455309242,0.054271286390185726,1.132660973548979,6.0,0.009312683469986842,0.058016787583829,0.003275031941583274,0.1375513415464975
pullback,2.0,1.0,60170,"{""family"": ""pullback"", ""min_ddv"": 10000000.0, ""min_price"": 5.0, ""regime"": ""spy200"", ""trend"": true, ""mom_min"": 0.0, ""rsi2_max"": 100.0, ""rsi14_max"": 100.0, ""ret21_max"": -0.02, ""dist_ema20_max"": 1.0, ""dist_ema50_min"": -1.0, ""dist_hh60_min"": -1.0, ""atr_ratio_max"": 10.0, ""vol_ratio_min"": 0.0, ""up_close"": true, ""strong_close"": false}",22296,3182.651544779038,0.5679494079655544,0.09277963583147013,1.197172889437693,8.0,0.0,0.04413694405431491,0.0039994873996221595,0.12598385308809804,15082,3767.9192334017794,0.5248640763824427,0.01133751764433833,1.0221802322282711,9.0,0.0,0.05809759053798928,0.0009842848412659777,0.027559975555447376,19758,4936.11909650924,0.5529911934406316,0.07950369584970901,1.1666307735315595,8.0,0.011995141208624355,0.058016787583829,0.004801236000468078,0.15123893401474447
pullback,2.0,1.5,60170,"{""family"": ""pullback"", ""min_ddv"": 10000000.0, ""min_price"": 5.0, ""regime"": ""spy200"", ""trend"": true, ""mom_min"": 0.0, ""rsi2_max"": 100.0, ""rsi14_max"": 100.0, ""ret21_max"": -0.02, ""dist_ema20_max"": 1.0, ""dist_ema50_min"": -1.0, ""dist_hh60_min"": -1.0, ""atr_ratio_max"": 10.0, ""vol_ratio_min"": 0.0, ""up_close"": true, ""strong_close"": false}",22296,3182.651544779038,0.4688733405095084,0.12304422759607628,1.212419309949486,11.0,0.0,0.04413694405431491,0.005161126873890232,0.1182367247473035,15082,3767.9192334017794,0.4378066569420501,0.05057153435200619,1.0833637395712195,12.0,0.0,0.05809759053798928,0.0029904514369490536,0.06279948017593012,19758,4936.11909650924,0.4632553902216824,0.1242861631107417,1.2164744367763693,11.0,0.017056382224921552,0.058016787583829,0.007446692126264101,0.17059694689259577
pullback,2.0,2.0,60170,"{""family"": ""pullback"", ""min_ddv"": 10000000.0, ""min_price"": 5.0, ""regime"": ""spy200"", ""trend"": true, ""mom_min"": 0.0, ""rsi2_max"": 100.0, ""rsi14_max"": 100.0, ""ret21_max"": -0.02, ""dist_ema20_max"": 1.0, ""dist_ema50_min"": -1.0, ""dist_hh60_min"": -1.0, ""atr_ratio_max"": 10.0, ""vol_ratio_min"": 0.0, ""up_close"": true, ""strong_close"": false}",22296,3182.651544779038,0.40442231790455685,0.15870460587297758,1.2437824714268557,15.0,0.0,0.04413694405431491,0.006092894218651082,0.10236062287333819,15082,3767.9192334017794,0.379193740883172,0.08780442194686675,1.1306371017864696,15.0,0.0,0.05809759053798928,0.0054895240851782,0.09222400463099376,19758,4936.11909650924,0.40444376961230893,0.16151243121301953,1.2527428868835746,14.0,0.024901305800182204,0.058016787583829,0.009522089840858545,0.17139761713545382
pullback,2.0,3.0,60170,"{""family"": ""pullback"", ""min_ddv"": 10000000.0, ""min_price"": 5.0, ""regime"": ""spy200"", ""trend"": true, ""mom_min"": 0.0, ""rsi2_max"": 100.0, ""rsi14_max"": 100.0, ""ret21_max"": -0.02, ""dist_ema20_max"": 1.0, ""dist_ema50_min"": -1.0, ""dist_hh60_min"": -1.0, ""atr_ratio_max"": 10.0, ""vol_ratio_min"": 0.0, ""up_close"": true, ""strong_close"": false}",22296,3182.651544779038,0.3271887334050951,0.2461728975126748,1.3338315678009753,20.0,0.0,0.04413694405431491,0.009788363160643705,0.12333337582411068,15082,3767.9192334017794,0.30168412677363743,0.1524291064938003,1.2015209986332616,19.0,0.0,0.05809759053798928,0.009067521883111624,0.120263974449691,19758,4936.11909650924,0.3346998684077336,0.2363089899712214,1.3283834609040273,18.0,0.04084421500151837,0.058016787583829,0.01432894817058268,0.2006052743881575
pullback,3.0,0.5,60170,"{""family"": ""pullback"", ""min_ddv"": 10000000.0, ""min_price"": 5.0, ""regime"": ""spy200"", ""trend"": true, ""mom_min"": 0.0, ""rsi2_max"": 100.0, ""rsi14_max"": 100.0, ""ret21_max"": -0.02, ""dist_ema20_max"": 1.0, ""dist_ema50_min"": -1.0, ""dist_hh60_min"": -1.0, ""atr_ratio_max"": 10.0, ""vol_ratio_min"": 0.0, ""up_close"": true, ""strong_close"": false}",21486,3067.0277669143525,0.7337801359024481,0.07663604004090402,1.269047372425407,8.0,0.0,0.06509620345570262,0.005220094268049168,0.1644329694435488,12921,3228.0390143737163,0.6972370559554214,0.022500253501777354,1.0700006727708313,8.0,0.0,0.08041655872255743,0.001810674147843662,0.05703623565707535,17215,4300.80424366872,0.7187917513796108,0.0649038298090821,1.2199176691349511,8.0,0.009061864652918966,0.08115254124782219,0.005423183383503177,0.17083027658035008
pullback,3.0,0.75,60170,"{""family"": ""pullback"", ""min_ddv"": 10000000.0, ""min_price"": 5.0, ""regime"": ""spy200"", ""trend"": true, ""mom_min"": 0.0, ""rsi2_max"": 100.0, ""rsi14_max"": 100.0, ""ret21_max"": -0.02, ""dist_ema20_max"": 1.0, ""dist_ema50_min"": -1.0, ""dist_hh60_min"": -1.0, ""atr_ratio_max"": 10.0, ""vol_ratio_min"": 0.0, ""up_close"": true, ""strong_close"": false}",21486,3067.0277669143525,0.6508424090105185,0.11207380753203935,1.3000563137889212,12.0,0.0,0.06509620345570262,0.0074607006197251104,0.15667471301422733,12921,3228.0390143737163,0.617212290070428,0.054139449043118834,1.1331758061575112,13.0,0.0,0.08041655872255743,0.0039019450829577427,0.07563770468502701,17215,4300.80424366872,0.6423467905896021,0.10818058448905206,1.2872768558034908,12.0,0.013767063607319198,0.08115254124782219,0.008924993562319208,0.18742486480870335
pullback,3.0,1.0,60170,"{""family"": ""pullback"", ""min_ddv"": 10000000.0, ""min_price"": 5.0, ""regime"": ""spy200"", ""trend"": true, ""mom_min"": 0.0, ""rsi2_max"": 100.0, ""rsi14_max"": 100.0, ""ret21_max"": -0.02, ""dist_ema20_max"": 1.0, ""dist_ema50_min"": -1.0, ""dist_hh60_min"": -1.0, ""atr_ratio_max"": 10.0, ""vol_ratio_min"": 0.0, ""up_close"": true, ""strong_close"": false}",21486,3067.0277669143525,0.5848924881318067,0.13983446435732283,1.3151694921861952,16.0,0.0,0.06509620345570262,0.00924403546844563,0.14559355862801868,12921,3228.0390143737163,0.5592446405077006,0.0900137409614847,1.1919400410276264,17.0,0.0,0.08041655872255743,0.0066947984627468956,0.09924054191836575,17215,4300.80424366872,0.5827476038338658,0.14492437512768216,1.33016372539046,15.0,0.01882079581760093,0.08115254124782219,0.012026608478366556,0.20204702243655814
pullback,3.0,1.5,60170,"{""family"": ""pullback"", ""min_ddv"": 10000000.0, ""min_price"": 5.0, ""regime"": ""spy200"", ""trend"": true, ""mom_min"": 0.0, ""rsi2_max"": 100.0, ""rsi14_max"": 100.0, ""ret21_max"": -0.02, ""dist_ema20_max"": 1.0, ""dist_ema50_min"": -1.0, ""dist_hh60_min"": -1.0, ""atr_ratio_max"": 10.0, ""vol_ratio_min"": 0.0, ""up_close"": true, ""strong_close"": false}",21486,3067.0277669143525,0.49599739365168016,0.20554697767880167,1.3809234927108511,25.0,0.0,0.06509620345570262,0.013233918205058112,0.13339789550698578,12921,3228.0390143737163,0.4729510099837474,0.15005444193697975,1.2676710230234598,25.0,0.0,0.08041655872255743,0.01179825943764826,0.11892645513149447,17215,4300.80424366872,0.5020621550972989,0.21094070907561752,1.4021058234343713,22.0,0.03584083647981411,0.08115254124782219,0.017887208267298012,0.2048898401526863
pullback,3.0,2.0,60170,"{""family"": ""pullback"", ""min_ddv"": 10000000.0, ""min_price"": 5.0, ""regime"": ""spy200"", ""trend"": true, ""mom_min"": 0.0, ""rsi2_max"": 100.0, ""rsi14_max"": 100.0, ""ret21_max"": -0.02, ""dist_ema20_max"": 1.0, ""dist_ema50_min"": -1.0, ""dist_hh60_min"": -1.0, ""atr_ratio_max"": 10.0, ""vol_ratio_min"": 0.0, ""up_close"": true, ""strong_close"": false}",21486,3067.0277669143525,0.43674951130969003,0.2711491462020888,1.4492292147104218,32.0,0.00013962580284836637,0.06509620345570262,0.01705064550046993,0.13427383331620069,12921,3228.0390143737163,0.4071666279699714,0.18760384174784747,1.2977500702515592,31.0,7.739339060444238e-05,0.08041655872255743,0.014602433714057133,0.11870365470781927,17215,4300.80424366872,0.44966598896311355,0.27099544942495685,1.4659430151203663,27.0,0.052512343886145806,0.08115254124782219,0.022777523496238107,0.21259021929822233
pullback,3.0,3.0,60170,"{""family"": ""pullback"", ""min_ddv"": 10000000.0, ""min_price"": 5.0, ""regime"": ""spy200"", ""trend"": true, ""mom_min"": 0.0, ""rsi2_max"": 100.0, ""rsi14_max"": 100.0, ""ret21_max"": -0.02, ""dist_ema20_max"": 1.0, ""dist_ema50_min"": -1.0, ""dist_hh60_min"": -1.0, ""atr_ratio_max"": 10.0, ""vol_ratio_min"": 0.0, ""up_close"": true, ""strong_close"": false}",21486,3067.0277669143525,0.35911756492599833,0.3874923319374142,1.5630079141051714,45.0,0.0016289676998976078,0.06509620345570262,0.023555368519377028,0.13191006370851135,12921,3228.0390143737163,0.304929958981503,0.17409161078999383,1.235048126858067,43.0,0.0017026545932977324,0.08041655872255743,0.013589292075048422,0.07963957216074889,17215,4300.80424366872,0.3825152483299448,0.36846198002875685,1.562322046927533,36.0,0.08254429276793494,0.08115254124782219,0.02973015940957663,0.2081111158670364
pullback,1.0,0.5,32098,"{""family"": ""pullback"", ""min_ddv"": 10000000.0, ""min_price"": 5.0, ""regime"": ""spy200"", ""trend"": true, ""mom_min"": 0.15, ""rsi2_max"": 100.0, ""rsi14_max"": 100.0, ""ret21_max"": -0.02, ""dist_ema20_max"": 1.0, ""dist_ema50_min"": -1.0, ""dist_hh60_min"": -1.0, ""atr_ratio_max"": 10.0, ""vol_ratio_min"": 0.0, ""up_close"": true, ""strong_close"": false}",9493,1355.082127493156,0.6892447066259348,-0.040971525551797006,0.8819136567506892,2.0,0.0,0.026541574667777942,-0.0011007402032596968,-0.1386932656107218,9534,2381.8685831622174,0.6492552968323894,-0.07928869845147986,0.7924761764443295,2.0,0.0,0.03766320025385131,-0.0033955681680347765,-0.42784158917238185,12731,3180.5715263518136,0.6653837090566335,-0.05065531205972949,0.8615584417918271,2.0,0.0017280653522896866,0.03519140490049781,-0.0019338089347270251,-0.24365992577560516
pullback,1.0,0.75,32098,"{""family"": ""pullback"", ""min_ddv"": 10000000.0, ""min_price"": 5.0, ""regime"": ""spy200"", ""trend"": true, ""mom_min"": 0.15, ""rsi2_max"": 100.0, ""rsi14_max"": 100.0, ""ret21_max"": -0.02, ""dist_ema20_max"": 1.0, ""dist_ema50_min"": -1.0, ""dist_hh60_min"": -1.0, ""atr_ratio_max"": 10.0, ""vol_ratio_min"": 0.0, ""up_close"": true, ""strong_close"": false}",9493,1355.082127493156,0.6048667439165701,-0.014760819796371418,0.9667788728154952,2.0,0.0,0.026541574667777942,-0.00034302982840454473,-0.04322175837897264,9534,2381.8685831622174,0.5563247325361863,-0.08215316900826969,0.8306840780052314,2.0,0.0,0.03766320025385131,-0.003755221479781673,-0.47315790645249084,12731,3180.5715263518136,0.5784306024664205,-0.034682657957996736,0.924808570845445,2.0,0.0024350011782263764,0.03519140490049781,-0.0013505758968899888,-0.1701725630081386
pullback,1.0,1.0,32098,"{""family"": ""pullback"", ""min_ddv"": 10000000.0, ""min_price"": 5.0, ""regime"": ""spy200"", ""trend"": true, ""mom_min"": 0.15, ""rsi2_max"": 100.0, ""rsi14_max"": 100.0, ""ret21_max"": -0.02, ""dist_ema20_max"": 1.0, ""dist_ema50_min"": -1.0, ""dist_hh60_min"": -1.0, ""atr_ratio_max"": 10.0, ""vol_ratio_min"": 0.0, ""up_close"": true, ""strong_close"": false}",9493,1355.082127493156,0.5439797745707363,0.018439862196236816,1.0358808594703521,3.0,0.0,0.026541574667777942,0.0005402867585873963,0.04538408772134129,9534,2381.8685831622174,0.48751835535976507,-0.0830076412243036,0.8522899506259256,3.0,0.0,0.03766320025385131,-0.0037934690754401834,-0.3186514023369754,12731,3180.5715263518136,0.5086010525488964,-0.03154344491796847,0.9416196433882096,3.0,0.00329903385437122,0.03519140490049781,-0.0015836237114531364,-0.13302439176206346
pullback,1.0,1.5,32098,"{""family"": ""pullback"", ""min_ddv"": 10000000.0, ""min_price"": 5.0, ""regime"": ""spy200"", ""trend"": true, ""mom_min"": 0.15, ""rsi2_max"": 100.0, ""rsi14_max"": 100.0, ""ret21_max"": -0.02, ""dist_ema20_max"": 1.0, ""dist_ema50_min"": -1.0, ""dist_hh60_min"": -1.0, ""atr_ratio_max"": 10.0, ""vol_ratio_min"": 0.0, ""up_close"": true, ""strong_close"": false}",9493,1355.082127493156,0.4473822816812388,0.048327795085783824,1.077439727989214,4.0,0.0,0.026541574667777942,0.0011643923042556183,0.07335671516810395,9534,2381.8685831622174,0.38724564715754145,-0.09837255093389224,0.8540687119174554,4.0,0.0,0.03766320025385131,-0.004661519873416368,-0.2936757520252312,12731,3180.5715263518136,0.41080826329432096,-0.03035495589938439,0.9535570423130632,4.0,0.004555808656036446,0.03519140490049781,-0.0019189787580635431,-0.12089566175800322
pullback,1.0,2.0,32098,"{""family"": ""pullback"", ""min_ddv"": 10000000.0, ""min_price"": 5.0, ""regime"": ""spy200"", ""trend"": true, ""mom_min"": 0.15, ""rsi2_max"": 100.0, ""rsi14_max"": 100.0, ""ret21_max"": -0.02, ""dist_ema20_max"": 1.0, ""dist_ema50_min"": -1.0, ""dist_hh60_min"": -1.0, ""atr_ratio_max"": 10.0, ""vol_ratio_min"": 0.0, ""up_close"": true, ""strong_close"": false}",9493,1355.082127493156,0.38365111134520175,0.07339171151799694,1.1053411435167022,5.0,0.0,0.026541574667777942,0.0018084740223025624,0.09114709072404914,9534,2381.8685831622174,0.3224250052443885,-0.10533242386939418,0.8588985284300159,5.0,0.0,0.03766320025385131,-0.005502389612429214,-0.2773204364664324,12731,3180.5715263518136,0.3470269421098107,-0.024728378431632062,0.9660502496408706,4.0,0.005969680307909827,0.03519140490049781,-0.0017602266992520267,-0.11089428205287769
pullback,1.0,3.0,32098,"{""family"": ""pullback"", ""min_ddv"": 10000000.0, ""min_price"": 5.0, ""regime"": ""spy200"", ""trend"": true, ""mom_min"": 0.15, ""rsi2_max"": 100.0, ""rsi14_max"": 100.0, ""ret21_max"": -0.02, ""dist_ema20_max"": 1.0, ""dist_ema50_min"": -1.0, ""dist_hh60_min"": -1.0, ""atr_ratio_max"": 10.0, ""vol_ratio_min"": 0.0, ""up_close"": true, ""strong_close"": false}",9493,1355.082127493156,0.29221531654903615,0.08391572877004934,1.1045325453296946,6.0,0.0,0.026541574667777942,0.0020061907581594633,0.08426001184269745,9534,2381.8685831622174,0.2525697503671072,-0.07467784382197365,0.9100341553913909,6.0,0.0,0.03766320025385131,-0.004783109069929724,-0.2008905809370484,12731,3180.5715263518136,0.2655722252768832,-0.0160115870190944,0.980580043640925,5.0,0.008326133061032127,0.03519140490049781,-0.001759838028694604,-0.08869583664620805
pullback,1.5,0.5,32098,"{""family"": ""pullback"", ""min_ddv"": 10000000.0, ""min_price"": 5.0, ""regime"": ""spy200"", ""trend"": true, ""mom_min"": 0.15, ""rsi2_max"": 100.0, ""rsi14_max"": 100.0, ""ret21_max"": -0.02, ""dist_ema20_max"": 1.0, ""dist_ema50_min"": -1.0, ""dist_hh60_min"": -1.0, ""atr_ratio_max"": 10.0, ""vol_ratio_min"": 0.0, ""up_close"": true, ""strong_close"": false}",9438,1347.2311302307392,0.7009959737232464,0.007168784207493538,1.0218869380282365,3.0,0.0,0.03969817205670184,0.0003733659644244989,0.0313627410116579,8980,2243.463381245722,0.6631403118040089,-0.04338832363792912,0.8806084614664352,3.0,0.0,0.05446426105011367,-0.0021696422609331243,-0.18224994991838242,12280,3067.898699520876,0.6792345276872964,-0.005938746970179394,0.9827477641133958,3.0,0.0033387622149837134,0.051654836937025245,-0.0005570552692745076,-0.04679264261905864
pullback,1.5,0.75,32098,"{""family"": ""pullback"", ""min_ddv"": 10000000.0, ""min_price"": 5.0, ""regime"": ""spy200"", ""trend"": true, ""mom_min"": 0.15, ""rsi2_max"": 100.0, ""rsi14_max"": 100.0, ""ret21_max"": -0.02, ""dist_ema20_max"": 1.0, ""dist_ema50_min"": -1.0, ""dist_hh60_min"": -1.0, ""atr_ratio_max"": 10.0, ""vol_ratio_min"": 0.0, ""up_close"": true, ""strong_close"": false}",9438,1347.2311302307392,0.6175037084127993,0.039524343677408674,1.0939955751208275,4.0,0.0,0.03969817205670184,0.001516569726492432,0.09554389276902321,8980,2243.463381245722,0.5654788418708241,-0.052436329477390124,0.888518475451199,4.0,0.0,0.05446426105011367,-0.002545868136698221,-0.16038969261198793,12280,3067.898699520876,0.5870521172638437,-0.00029724967623172646,0.9993325081638509,4.0,0.005863192182410423,0.051654836937025245,-0.0005162347414443915,-0.03252278871099667
pullback,1.5,1.0,32098,"{""family"": ""pullback"", ""min_ddv"": 10000000.0, ""min_price"": 5.0, ""regime"": ""spy200"", ""trend"": true, ""mom_min"": 0.15, ""rsi2_max"": 100.0, ""rsi14_max"": 100.0, ""ret21_max"": -0.02, ""dist_ema20_max"": 1.0, ""dist_ema50_min"": -1.0, ""dist_hh60_min"": -1.0, ""atr_ratio_max"": 10.0, ""vol_ratio_min"": 0.0, ""up_close"": true, ""strong_close"": false}",9438,1347.2311302307392,0.5447128628946811,0.045926754161840944,1.0917040092413297,5.0,0.0,0.03969817205670184,0.00163779058625468,0.08254464554723587,8980,2243.463381245722,0.5015590200445434,-0.043860964019831944,0.9187476065636458,5.0,0.0,0.05446426105011367,-0.002113710502205314,-0.10653100931114783,12280,3067.898699520876,0.5179967426710098,0.005101994186683203,1.0097627261551392,5.0,0.00749185667752443,0.051654836937025245,-0.00035001706395854315,-0.017640860023510573
pullback,1.5,1.5,32098,"{""family"": ""pullback"", ""min_ddv"": 10000000.0, ""min_price"": 5.0, ""regime"": ""spy200"", ""trend"": true, ""mom_min"": 0.15, ""rsi2_max"": 100.0, ""rsi14_max"": 100.0, ""ret21_max"": -0.02, ""dist_ema20_max"": 1.0, ""dist_ema50_min"": -1.0, ""dist_hh60_min"": -1.0, ""atr_ratio_max"": 10.0, ""vol_ratio_min"": 0.0, ""up_close"": true, ""strong_close"": false}",9438,1347.2311302307392,0.44638694638694637,0.06546983780937848,1.1075102468546572,7.0,0.0,0.03969817205670184,0.002562337839738302,0.09224416223057887,8980,2243.463381245722,0.4102449888641425,-0.026656746736769505,0.9582712387506518,7.0,0.0,0.05446426105011367,-0.0015445372824853876,-0.055603342169473956,12280,3067.898699520876,0.4265472312703583,0.029079659793290195,1.0464490633063606,7.0,0.010342019543973941,0.051654836937025245,0.0008975321142968667,0.0323111561146872
pullback,1.5,2.0,32098,"{""family"": ""pullback"", ""min_ddv"": 10000000.0, ""min_price"": 5.0, ""regime"": ""spy200"", ""trend"": true, ""mom_min"": 0.15, ""rsi2_max"": 100.0, ""rsi14_max"": 100.0, ""ret21_max"": -0.02, ""dist_ema20_max"": 1.0, ""dist_ema50_min"": -1.0, ""dist_hh60_min"": -1.0, ""atr_ratio_max"": 10.0, ""vol_ratio_min"": 0.0, ""up_close"": true, ""strong_close"": false}",9438,1347.2311302307392,0.3755032845941937,0.0719320825805348,1.1047341511056652,9.0,0.0,0.03969817205670184,0.002490425362220038,0.06973191014216105,8980,2243.463381245722,0.34855233853006684,-0.013628030576273478,0.9808017928135956,9.0,0.0,0.05446426105011367,-0.0012136457380745058,-0.03398208066608616,12280,3067.898699520876,0.36197068403908794,0.03919323569008287,1.0560548902313083,8.0,0.013192182410423452,0.051654836937025245,0.0011283830351646222,0.0355440656076856
pullback,1.5,3.0,32098,"{""family"": ""pullback"", ""min_ddv"": 10000000.0, ""min_price"": 5.0, ""regime"": ""spy200"", ""trend"": true, ""mom_min"": 0.15, ""rsi2_max"": 100.0, ""rsi14_max"": 100.0, ""ret21_max"": -0.02, ""dist_ema20_max"": 1.0, ""dist_ema50_min"": -1.0, ""dist_hh60_min"": -1.0, ""atr_ratio_max"": 10.0, ""vol_ratio_min"": 0.0, ""up_close"": true, ""strong_close"": false}",9438,1347.2311302307392,0.2913752913752914,0.09993152571840232,1.1275503702613425,12.0,0.0,0.03969817205670184,0.003207873460504422,0.06736534267059287,8980,2243.463381245722,0.2779510022271715,0.04884384165385072,1.0618716229518175,12.0,0.0,0.05446426105011367,0.0032925396026195902,0.0691433316550114,12280,3067.898699520876,0.2934039087947883,0.09642254812731856,1.1240931993757484,11.0,0.02206840390879479,0.051654836937025245,0.00435548153088719,0.09978012234396108
pullback,2.0,0.5,32098,"{""family"": ""pullback"", ""min_ddv"": 10000000.0, ""min_price"": 5.0, ""regime"": ""spy200"", ""trend"": true, ""mom_min"": 0.15, ""rsi2_max"": 100.0, ""rsi14_max"": 100.0, ""ret21_max"": -0.02, ""dist_ema20_max"": 1.0, ""dist_ema50_min"": -1.0, ""dist_hh60_min"": -1.0, ""atr_ratio_max"": 10.0, ""vol_ratio_min"": 0.0, ""up_close"": true, ""strong_close"": false}",9298,1327.2467735627688,0.7155302215530221,0.04435177866572398,1.1433671853191596,4.0,0.0,0.05256964568980545,0.0025229544903243584,0.15894613289043458,8332,2081.5742642026007,0.6771483437349975,-0.014327106203739873,0.958606371384569,4.0,0.0,0.0693759705228629,5.221010733446424e-05,0.0032892367620712473,11632,2906.009582477755,0.6907668500687758,0.023255012823824472,1.071237162376491,4.0,0.008253094910591471,0.066587056365745,0.001562179927485284,0.0984173354315729
pullback,2.0,0.75,32098,"{""family"": ""pullback"", ""min_ddv"": 10000000.0, ""min_price"": 5.0, ""regime"": ""spy200"", ""trend"": true, ""mom_min"": 0.15, ""rsi2_max"": 100.0, ""rsi14_max"": 100.0, ""ret21_max"": -0.02, ""dist_ema20_max"": 1.0, ""dist_ema50_min"": -1.0, ""dist_hh60_min"": -1.0, ""atr_ratio_max"": 10.0, ""vol_ratio_min"": 0.0, ""up_close"": true, ""strong_close"": false}",9298,1327.2467735627688,0.6215315121531512,0.05843694399037545,1.142363370078617,6.0,0.0,0.05256964568980545,0.0028809044880995617,0.1209979885001816,8332,2081.5742642026007,0.585693710993759,-0.009840568150287958,0.977844754481511,7.0,0.0,0.0693759705228629,0.00019540458667890328,0.007034565120440518,11632,2906.009582477755,0.6040233837689133,0.04226665666979789,1.1007977382122922,6.0,0.011777854195323246,0.066587056365745,0.002897721738824254,0.12170431303061868
pullback,2.0,1.0,32098,"{""family"": ""pullback"", ""min_ddv"": 10000000.0, ""min_price"": 5.0, ""regime"": ""spy200"", ""trend"": true, ""mom_min"": 0.15, ""rsi2_max"": 100.0, ""rsi14_max"": 100.0, ""ret21_max"": -0.02, ""dist_ema20_max"": 1.0, ""dist_ema50_min"": -1.0, ""dist_hh60_min"": -1.0, ""atr_ratio_max"": 10.0, ""vol_ratio_min"": 0.0, ""up_close"": true, ""strong_close"": false}",9298,1327.2467735627688,0.5545278554527856,0.07558826212492532,1.15654294778013,8.0,0.0,0.05256964568980545,0.0037798569349890136,0.11906549345215393,8332,2081.5742642026007,0.5184829572731637,-0.0001727873749468296,0.999664886075296,9.0,0.0,0.0693759705228629,0.0006978317764040456,0.01953928973931328,11632,2906.009582477755,0.5410075653370013,0.06417026398708464,1.1313503250570403,8.0,0.014356946354883082,0.066587056365745,0.00447166213771233,0.1408573573379384
pullback,2.0,1.5,32098,"{""family"": ""pullback"", ""min_ddv"": 10000000.0, ""min_price"": 5.0, ""regime"": ""spy200"", ""trend"": true, ""mom_min"": 0.15, ""rsi2_max"": 100.0, ""rsi14_max"": 100.0, ""ret21_max"": -0.02, ""dist_ema20_max"": 1.0, ""dist_ema50_min"": -1.0, ""dist_hh60_min"": -1.0, ""atr_ratio_max"": 10.0, ""vol_ratio_min"": 0.0, ""up_close"": true, ""strong_close"": false}",9298,1327.2467735627688,0.4506345450634545,0.08599460901259924,1.1442098870523842,11.0,0.0,0.05256964568980545,0.004129223728661708,0.0945967617838864,8332,2081.5742642026007,0.4301488238118099,0.03211274695472362,1.0524244491759522,12.0,0.0,0.0693759705228629,0.0026468353559859544,0.055583542475705044,11632,2906.009582477755,0.4494497936726272,0.09868129722631322,1.1678739221240713,11.0,0.020030949105914717,0.066587056365745,0.006939467764612238,0.15897689788020763
pullback,2.0,2.0,32098,"{""family"": ""pullback"", ""min_ddv"": 10000000.0, ""min_price"": 5.0, ""regime"": ""spy200"", ""trend"": true, ""mom_min"": 0.15, ""rsi2_max"": 100.0, ""rsi14_max"": 100.0, ""ret21_max"": -0.02, ""dist_ema20_max"": 1.0, ""dist_ema50_min"": -1.0, ""dist_hh60_min"": -1.0, ""atr_ratio_max"": 10.0, ""vol_ratio_min"": 0.0, ""up_close"": true, ""strong_close"": false}",9298,1327.2467735627688,0.3832006883200688,0.1032646256482361,1.1538004037792762,14.0,0.0,0.05256964568980545,0.004225403753798185,0.07605726756836732,8332,2081.5742642026007,0.371579452712434,0.06707424290711622,1.099104808200119,15.0,0.0,0.0693759705228629,0.005650361376083577,0.09492607111820409,11632,2906.009582477755,0.38995873452544705,0.1248094303619138,1.1909482302771974,14.0,0.028713892709766164,0.066587056365745,0.008647734909179519,0.15565922836523136
pullback,2.0,3.0,32098,"{""family"": ""pullback"", ""min_ddv"": 10000000.0, ""min_price"": 5.0, ""regime"": ""spy200"", ""trend"": true, ""mom_min"": 0.15, ""rsi2_max"": 100.0, ""rsi14_max"": 100.0, ""ret21_max"": -0.02, ""dist_ema20_max"": 1.0, ""dist_ema50_min"": -1.0, ""dist_hh60_min"": -1.0, ""atr_ratio_max"": 10.0, ""vol_ratio_min"": 0.0, ""up_close"": true, ""strong_close"": false}",9298,1327.2467735627688,0.30727038072703805,0.17450214149461016,1.231010245036487,19.0,0.0,0.05256964568980545,0.008730552237393748,0.11579469283280129,8332,2081.5742642026007,0.2954872779644743,0.13002755158619964,1.1712304947906853,19.0,0.0,0.0693759705228629,0.009907982356275354,0.1314111344095468,11632,2906.009582477755,0.3177441540577717,0.17208594103429686,1.2332701703181206,17.0,0.04332874828060523,0.066587056365745,0.012794135766281252,0.1896542478295809
pullback,3.0,0.5,32098,"{""family"": ""pullback"", ""min_ddv"": 10000000.0, ""min_price"": 5.0, ""regime"": ""spy200"", ""trend"": true, ""mom_min"": 0.15, ""rsi2_max"": 100.0, ""rsi14_max"": 100.0, ""ret21_max"": -0.02, ""dist_ema20_max"": 1.0, ""dist_ema50_min"": -1.0, ""dist_hh60_min"": -1.0, ""atr_ratio_max"": 10.0, ""vol_ratio_min"": 0.0, ""up_close"": true, ""strong_close"": false}",8625,1231.1791161517403,0.7264927536231884,0.07226201444747594,1.2460980977831555,8.0,0.0,0.07624370398617371,0.0055397485365122415,0.1745020789001356,6518,1628.384668035592,0.6905492482356551,0.009903622577807749,1.0300151192235694,9.0,0.0,0.09105111541389531,0.0006502552115272661,0.01820714592276345,9425,2354.637234770705,0.7137400530503979,0.061892747172388934,1.2065177356255352,8.0,0.011883289124668435,0.08978602120913509,0.0056084491118446,0.1766661470231049
pullback,3.0,0.75,32098,"{""family"": ""pullback"", ""min_ddv"": 10000000.0, ""min_price"": 5.0, ""regime"": ""spy200"", ""trend"": true, ""mom_min"": 0.15, ""rsi2_max"": 100.0, ""rsi14_max"": 100.0, ""ret21_max"": -0.02, ""dist_ema20_max"": 1.0, ""dist_ema50_min"": -1.0, ""dist_hh60_min"": -1.0, ""atr_ratio_max"": 10.0, ""vol_ratio_min"": 0.0, ""up_close"": true, ""strong_close"": false}",8625,1231.1791161517403,0.6394202898550725,0.0979225285214579,1.2535910411472826,12.0,0.0,0.07624370398617371,0.007429861708103754,0.15602709587017882,6518,1628.384668035592,0.6098496471310217,0.038735759419023685,1.0933443758139596,13.0,0.0,0.09105111541389531,0.002629399997488965,0.050969907643632247,9425,2354.637234770705,0.6340583554376658,0.09975676099125803,1.2593270002793389,12.0,0.016657824933687004,0.08978602120913509,0.009206523899224031,0.19333700188370465
pullback,3.0,1.0,32098,"{""family"": ""pullback"", ""min_ddv"": 10000000.0, ""min_price"": 5.0, ""regime"": ""spy200"", ""trend"": true, ""mom_min"": 0.15, ""rsi2_max"": 100.0, ""rsi14_max"": 100.0, ""ret21_max"": -0.02, ""dist_ema20_max"": 1.0, ""dist_ema50_min"": -1.0, ""dist_hh60_min"": -1.0, ""atr_ratio_max"": 10.0, ""vol_ratio_min"": 0.0, ""up_close"": true, ""strong_close"": false}",8625,1231.1791161517403,0.5690434782608695,0.11189126881505185,1.2424162404009151,16.0,0.0,0.07624370398617371,0.008281727315795238,0.130437205223775,6518,1628.384668035592,0.5529303467321264,0.07748342882015287,1.163209600772603,17.0,0.0,0.09105111541389531,0.006028972187998988,0.08937064655151442,9425,2354.637234770705,0.5737931034482758,0.13246269577921427,1.2956417861647922,15.0,0.022387267904509282,0.08978602120913509,0.012336270930934872,0.20724935163970584
pullback,3.0,1.5,32098,"{""family"": ""pullback"", ""min_ddv"": 10000000.0, ""min_price"": 5.0, ""regime"": ""spy200"", ""trend"": true, ""mom_min"": 0.15, ""rsi2_max"": 100.0, ""rsi14_max"": 100.0, ""ret21_max"": -0.02, ""dist_ema20_max"": 1.0, ""dist_ema50_min"": -1.0, ""dist_hh60_min"": -1.0, ""atr_ratio_max"": 10.0, ""vol_ratio_min"": 0.0, ""up_close"": true, ""strong_close"": false}",8625,1231.1791161517403,0.47582608695652173,0.16001314285509338,1.2851633738898935,24.0,0.0,0.07624370398617371,0.011646654201382759,0.12228986911451896,6518,1628.384668035592,0.4702362687941086,0.1452366161443793,1.2584240669688178,25.0,0.0,0.09105111541389531,0.012626503837801601,0.12727515868504014,9425,2354.637234770705,0.4909283819628647,0.18574081842815574,1.3467156329215197,21.0,0.040742705570291776,0.08978602120913509,0.017950026608643744,0.21540031930372494
pullback,3.0,2.0,32098,"{""family"": ""pullback"", ""min_ddv"": 10000000.0, ""min_price"": 5.0, ""regime"": ""spy200"", ""trend"": true, ""mom_min"": 0.15, ""rsi2_max"": 100.0, ""rsi14_max"": 100.0, ""ret21_max"": -0.02, ""dist_ema20_max"": 1.0, ""dist_ema50_min"": -1.0, ""dist_hh60_min"": -1.0, ""atr_ratio_max"": 10.0, ""vol_ratio_min"": 0.0, ""up_close"": true, ""strong_close"": false}",8625,1231.1791161517403,0.415768115942029,0.2110715077316689,1.3371224632222505,31.0,0.00011594202898550724,0.07624370398617371,0.015486132369385676,0.12588726958339325,6518,1628.384668035592,0.4088677508438171,0.19309563856376888,1.308010955928152,31.0,0.0,0.09105111541389531,0.016565972226398988,0.13466532261459824,9425,2354.637234770705,0.4316180371352785,0.21749034759952882,1.36278554209644,27.0,0.056021220159151196,0.08978602120913509,0.021288910966656353,0.1986965023554593
pullback,3.0,3.0,32098,"{""family"": ""pullback"", ""min_ddv"": 10000000.0, ""min_price"": 5.0, ""regime"": ""spy200"", ""trend"": true, ""mom_min"": 0.15, ""rsi2_max"": 100.0, ""rsi14_max"": 100.0, ""ret21_max"": -0.02, ""dist_ema20_max"": 1.0, ""dist_ema50_min"": -1.0, ""dist_hh60_min"": -1.0, ""atr_ratio_max"": 10.0, ""vol_ratio_min"": 0.0, ""up_close"": true, ""strong_close"": false}",8625,1231.1791161517403,0.33704347826086956,0.29891470642629875,1.4196877018193013,42.0,0.002434782608695652,0.07624370398617371,0.02074420387684731,0.12446522326108386,6518,1628.384668035592,0.3151273396747469,0.21560260263974795,1.2959387694687063,42.0,0.0016876342436330162,0.09105111541389531,0.01838928603205311,0.11033571619231866,9425,2354.637234770705,0.36010610079575595,0.28376906934310475,1.4178739654017902,35.0,0.08021220159151193,0.08978602120913509,0.026566626361594695,0.1912797098034818
pullback,1.0,0.5,50048,"{""family"": ""pullback"", ""min_ddv"": 10000000.0, ""min_price"": 5.0, ""regime"": ""spy200"", ""trend"": true, ""mom_min"": -1.0, ""rsi2_max"": 100.0, ""rsi14_max"": 100.0, ""ret21_max"": -0.02, ""dist_ema20_max"": 1.0, ""dist_ema50_min"": -1.0, ""dist_hh60_min"": -1.0, ""atr_ratio_max"": 10.0, ""vol_ratio_min"": 0.0, ""up_close"": true, ""strong_close"": true}",19009,2713.44739929605,0.6951444052817086,-0.047434282966163054,0.8619089300674775,2.0,0.0,0.022171797564022145,-0.0010986622680703255,-0.138431445776861,13801,3447.8884325804243,0.6579957974059851,-0.07704445519455629,0.7948194466886486,2.0,0.0,0.030813716294200606,-0.002781691839312421,-0.35049317175336503,16987,4243.843258042437,0.6756931771354565,-0.04396399429428841,0.876517560370044,2.0,0.0014717136633896509,0.029834476588424256,-0.0013519403988887769,-0.17034449025998588
pullback,1.0,0.75,50048,"{""family"": ""pullback"", ""min_ddv"": 10000000.0, ""min_price"": 5.0, ""regime"": ""spy200"", ""trend"": true, ""mom_min"": -1.0, ""rsi2_max"": 100.0, ""rsi14_max"": 100.0, ""ret21_max"": -0.02, ""dist_ema20_max"": 1.0, ""dist_ema50_min"": -1.0, ""dist_hh60_min"": -1.0, ""atr_ratio_max"": 10.0, ""vol_ratio_min"": 0.0, ""up_close"": true, ""strong_close"": true}",19009,2713.44739929605,0.609816402756589,-0.02298133773323134,0.9480099104032919,2.0,0.0,0.022171797564022145,-0.0005359457523308598,-0.06752916479368834,13801,3447.8884325804243,0.5648866024201145,-0.07652560161964281,0.840577836848382,2.0,0.0,0.030813716294200606,-0.002851021621519606,-0.3592287243114704,16987,4243.843258042437,0.5858597751221523,-0.028502869829334407,0.9373915665852617,2.0,0.0021781362218166833,0.029834476588424256,-0.000899636943235449,-0.11335425484766658
pullback,1.0,1.0,50048,"{""family"": ""pullback"", ""min_ddv"": 10000000.0, ""min_price"": 5.0, ""regime"": ""spy200"", ""trend"": true, ""mom_min"": -1.0, ""rsi2_max"": 100.0, ""rsi14_max"": 100.0, ""ret21_max"": -0.02, ""dist_ema20_max"": 1.0, ""dist_ema50_min"": -1.0, ""dist_hh60_min"": -1.0, ""atr_ratio_max"": 10.0, ""vol_ratio_min"": 0.0, ""up_close"": true, ""strong_close"": true}",19009,2713.44739929605,0.5455836708927351,0.0013636572132056741,1.0026393078958855,3.0,0.0,0.022171797564022145,1.0676436230652291e-05,0.0008968206433747923,13801,3447.8884325804243,0.4960510107963191,-0.07490488094292674,0.8655794010669908,3.0,0.0,0.030813716294200606,-0.002836403992547531,-0.23825793537399262,16987,4243.843258042437,0.5155707305586625,-0.02269351657694893,0.9574958115101907,3.0,0.0030022958733148877,0.029834476588424256,-0.0009163038416509633,-0.07696952269868092
pullback,1.0,1.5,50048,"{""family"": ""pullback"", ""min_ddv"": 10000000.0, ""min_price"": 5.0, ""regime"": ""spy200"", ""trend"": true, ""mom_min"": -1.0, ""rsi2_max"": 100.0, ""rsi14_max"": 100.0, ""ret21_max"": -0.02, ""dist_ema20_max"": 1.0, ""dist_ema50_min"": -1.0, ""dist_hh60_min"": -1.0, ""atr_ratio_max"": 10.0, ""vol_ratio_min"": 0.0, ""up_close"": true, ""strong_close"": true}",19009,2713.44739929605,0.4522068493871324,0.03862216749551557,1.061828860387119,4.0,0.0,0.022171797564022145,0.00077361004831329,0.04873743304373727,13801,3447.8884325804243,0.3988116803130208,-0.07405781922448017,0.8890426974093953,4.0,0.0,0.030813716294200606,-0.003125953753458798,-0.19693508646790425,16987,4243.843258042437,0.42350032377700597,-0.0038229524680847885,0.9940338923941646,4.0,0.004356272443633367,0.029834476588424256,-0.0006367263379189582,-0.040113759288894366
pullback,1.0,2.0,50048,"{""family"": ""pullback"", ""min_ddv"": 10000000.0, ""min_price"": 5.0, ""regime"": ""spy200"", ""trend"": true, ""mom_min"": -1.0, ""rsi2_max"": 100.0, ""rsi14_max"": 100.0, ""ret21_max"": -0.02, ""dist_ema20_max"": 1.0, ""dist_ema50_min"": -1.0, ""dist_hh60_min"": -1.0, ""atr_ratio_max"": 10.0, ""vol_ratio_min"": 0.0, ""up_close"": true, ""strong_close"": true}",19009,2713.44739929605,0.38739544426324374,0.06660871650521466,1.0951943982216306,5.0,0.0,0.022171797564022145,0.0013478613448444747,0.06793221178016152,13801,3447.8884325804243,0.33685964785160494,-0.0672186244519414,0.9089570718293108,5.0,0.0,0.030813716294200606,-0.003263970945329604,-0.16450413564461203,16987,4243.843258042437,0.36015776770471536,0.01080333546364604,1.0151196252864019,4.0,0.0058868546535586035,0.029834476588424256,-0.00018389067837669572,-0.01158511273773183
pullback,1.0,3.0,50048,"{""family"": ""pullback"", ""min_ddv"": 10000000.0, ""min_price"": 5.0, ""regime"": ""spy200"", ""trend"": true, ""mom_min"": -1.0, ""rsi2_max"": 100.0, ""rsi14_max"": 100.0, ""ret21_max"": -0.02, ""dist_ema20_max"": 1.0, ""dist_ema50_min"": -1.0, ""dist_hh60_min"": -1.0, ""atr_ratio_max"": 10.0, ""vol_ratio_min"": 0.0, ""up_close"": true, ""strong_close"": true}",19009,2713.44739929605,0.3020148350781209,0.10769542699587867,1.1347374972505275,6.0,0.0,0.022171797564022145,0.0021974667330942575,0.09229360278995881,13801,3447.8884325804243,0.2628795014853996,-0.03580298419208941,0.9565598299548704,6.0,0.0,0.030813716294200606,-0.002562812884582179,-0.10763814115245152,16987,4243.843258042437,0.2790957791252134,0.03136714136250187,1.038771272967387,6.0,0.008006122328839701,0.029834476588424256,0.00017602937710493717,0.007393233838407361
pullback,1.5,0.5,50048,"{""family"": ""pullback"", ""min_ddv"": 10000000.0, ""min_price"": 5.0, ""regime"": ""spy200"", ""trend"": true, ""mom_min"": -1.0, ""rsi2_max"": 100.0, ""rsi14_max"": 100.0, ""ret21_max"": -0.02, ""dist_ema20_max"": 1.0, ""dist_ema50_min"": -1.0, ""dist_hh60_min"": -1.0, ""atr_ratio_max"": 10.0, ""vol_ratio_min"": 0.0, ""up_close"": true, ""strong_close"": true}",18966,2707.309346890888,0.7039438996098281,-0.0011594323904463195,0.9964453090645775,3.0,0.0,0.033229430361706766,-8.157487657948496e-05,-0.006852289632676736,13346,3334.216290212183,0.6689644837404466,-0.0402761285087141,0.8877924467785598,3.0,0.0,0.04523926951847085,-0.0017301635632506868,-0.14533373931305768,16648,4159.151266255989,0.684586737145603,-0.0036775924900053726,0.9891464305973912,3.0,0.0027030273906775587,0.044222797769867705,-0.00010835031603428737,-0.00910142654688014
pullback,1.5,0.75,50048,"{""family"": ""pullback"", ""min_ddv"": 10000000.0, ""min_price"": 5.0, ""regime"": ""spy200"", ""trend"": true, ""mom_min"": -1.0, ""rsi2_max"": 100.0, ""rsi14_max"": 100.0, ""ret21_max"": -0.02, ""dist_ema20_max"": 1.0, ""dist_ema50_min"": -1.0, ""dist_hh60_min"": -1.0, ""atr_ratio_max"": 10.0, ""vol_ratio_min"": 0.0, ""up_close"": true, ""strong_close"": true}",18966,2707.309346890888,0.619687862490773,0.028600802518326814,1.068046705296498,4.0,0.0,0.033229430361706766,0.0009117616396445215,0.05744098329760485,13346,3334.216290212183,0.5741795294470253,-0.039425843082620614,0.914705720615584,4.0,0.0,0.04523926951847085,-0.001671563581443463,-0.10530850563093817,16648,4159.151266255989,0.5949663623258049,0.009816697721000106,1.0224975930082698,4.0,0.004805382027871216,0.044222797769867705,0.00031144722185603817,0.019621174976930403
pullback,1.5,1.0,50048,"{""family"": ""pullback"", ""min_ddv"": 10000000.0, ""min_price"": 5.0, ""regime"": ""spy200"", ""trend"": true, ""mom_min"": -1.0, ""rsi2_max"": 100.0, ""rsi14_max"": 100.0, ""ret21_max"": -0.02, ""dist_ema20_max"": 1.0, ""dist_ema50_min"": -1.0, ""dist_hh60_min"": -1.0, ""atr_ratio_max"": 10.0, ""vol_ratio_min"": 0.0, ""up_close"": true, ""strong_close"": true}",18966,2707.309346890888,0.5530422861963513,0.04794702494308804,1.0969472065968544,5.0,0.0,0.033229430361706766,0.0015240453566932224,0.07681188597733841,13346,3334.216290212183,0.5106398921025026,-0.026368648058063698,0.9504053337816238,5.0,0.0,0.04523926951847085,-0.0011453457813988572,-0.0577254273825024,16648,4159.151266255989,0.5302138395002403,0.02589306049604125,1.0509004339213357,5.0,0.006367131186929361,0.044222797769867705,0.0009699637308907504,0.04888617203689382
pullback,1.5,1.5,50048,"{""family"": ""pullback"", ""min_ddv"": 10000000.0, ""min_price"": 5.0, ""regime"": ""spy200"", ""trend"": true, ""mom_min"": -1.0, ""rsi2_max"": 100.0, ""rsi14_max"": 100.0, ""ret21_max"": -0.02, ""dist_ema20_max"": 1.0, ""dist_ema50_min"": -1.0, ""dist_hh60_min"": -1.0, ""atr_ratio_max"": 10.0, ""vol_ratio_min"": 0.0, ""up_close"": true, ""strong_close"": true}",18966,2707.309346890888,0.457291996203733,0.08155166352039936,1.135664517126765,7.0,0.0,0.033229430361706766,0.0026939001697605883,0.09698040611138117,13346,3334.216290212183,0.42065038213696987,-0.0021811512669410306,0.9965424656991918,7.0,0.0,0.04523926951847085,-0.00038329228961374686,-0.013798522426094887,16648,4159.151266255989,0.4398726573762614,0.0571324042378582,1.093689714463107,7.0,0.00931042767900048,0.044222797769867705,0.0024819748616341595,0.08935109501882975
pullback,1.5,2.0,50048,"{""family"": ""pullback"", ""min_ddv"": 10000000.0, ""min_price"": 5.0, ""regime"": ""spy200"", ""trend"": true, ""mom_min"": -1.0, ""rsi2_max"": 100.0, ""rsi14_max"": 100.0, ""ret21_max"": -0.02, ""dist_ema20_max"": 1.0, ""dist_ema50_min"": -1.0, ""dist_hh60_min"": -1.0, ""atr_ratio_max"": 10.0, ""vol_ratio_min"": 0.0, ""up_close"": true, ""strong_close"": true}",18966,2707.309346890888,0.3913318570072762,0.10861799391352817,1.161022848960298,9.0,0.0,0.033229430361706766,0.003419358389429594,0.09574203490402863,13346,3334.216290212183,0.3608571856736101,0.02410706880802832,1.034549782991006,9.0,0.0,0.04523926951847085,0.0006884104148048931,0.019275491614537007,16648,4159.151266255989,0.3756006727534839,0.07481205123984273,1.1097960219209904,9.0,0.011773185968284479,0.044222797769867705,0.003095288169055315,0.08666806873354882
pullback,1.5,3.0,50048,"{""family"": ""pullback"", ""min_ddv"": 10000000.0, ""min_price"": 5.0, ""regime"": ""spy200"", ""trend"": true, ""mom_min"": -1.0, ""rsi2_max"": 100.0, ""rsi14_max"": 100.0, ""ret21_max"": -0.02, ""dist_ema20_max"": 1.0, ""dist_ema50_min"": -1.0, ""dist_hh60_min"": -1.0, ""atr_ratio_max"": 10.0, ""vol_ratio_min"": 0.0, ""up_close"": true, ""strong_close"": true}",18966,2707.309346890888,0.3086048718759886,0.15986415214776734,1.2077229301703591,12.0,0.0,0.033229430361706766,0.004517623388830672,0.0948700911654441,13346,3334.216290212183,0.2887007343024127,0.08781198322709885,1.1125401066262395,12.0,0.0,0.04523926951847085,0.004434057511490936,0.09311520774130966,16648,4159.151266255989,0.30394041326285437,0.13552686107235448,1.177711809762793,11.0,0.019882268140317155,0.044222797769867705,0.006140924246034697,0.14068299181824942
pullback,2.0,0.5,50048,"{""family"": ""pullback"", ""min_ddv"": 10000000.0, ""min_price"": 5.0, ""regime"": ""spy200"", ""trend"": true, ""mom_min"": -1.0, ""rsi2_max"": 100.0, ""rsi14_max"": 100.0, ""ret21_max"": -0.02, ""dist_ema20_max"": 1.0, ""dist_ema50_min"": -1.0, ""dist_hh60_min"": -1.0, ""atr_ratio_max"": 10.0, ""vol_ratio_min"": 0.0, ""up_close"": true, ""strong_close"": true}",18849,2690.608134532655,0.7121863228818505,0.028201942636095132,1.0901170341721853,4.0,0.0,0.04417414820540243,0.0013964949949369656,0.08797918468102883,12737,3182.070499657769,0.680615529559551,-0.01157355462877606,0.966248951437207,4.0,0.0,0.0586659802610151,0.00010825456238291045,0.006820037430123358,16078,4016.7488021902805,0.695360119417838,0.024359362046026897,1.0755103704301463,4.0,0.006157482273914666,0.057894826215426395,0.0014477402549458584,0.09120763606158908
pullback,2.0,0.75,50048,"{""family"": ""pullback"", ""min_ddv"": 10000000.0, ""min_price"": 5.0, ""regime"": ""spy200"", ""trend"": true, ""mom_min"": -1.0, ""rsi2_max"": 100.0, ""rsi14_max"": 100.0, ""ret21_max"": -0.02, ""dist_ema20_max"": 1.0, ""dist_ema50_min"": -1.0, ""dist_hh60_min"": -1.0, ""atr_ratio_max"": 10.0, ""vol_ratio_min"": 0.0, ""up_close"": true, ""strong_close"": true}",18849,2690.608134532655,0.627725608785612,0.0579541567101923,1.1430313104179615,6.0,0.0,0.04417414820540243,0.002638800814433297,0.11082963420619847,12737,3182.070499657769,0.5916620868336343,0.0009510228366618299,1.0021681285608048,6.0,0.0,0.0586659802610151,0.0005308873752501792,0.022297269760507527,16078,4016.7488021902805,0.6106480905585272,0.04800435841514968,1.1160828876738162,6.0,0.009205125015549197,0.057894826215426395,0.002850786807569902,0.11973304591793589
pullback,2.0,1.0,50048,"{""family"": ""pullback"", ""min_ddv"": 10000000.0, ""min_price"": 5.0, ""regime"": ""spy200"", ""trend"": true, ""mom_min"": -1.0, ""rsi2_max"": 100.0, ""rsi14_max"": 100.0, ""ret21_max"": -0.02, ""dist_ema20_max"": 1.0, ""dist_ema50_min"": -1.0, ""dist_hh60_min"": -1.0, ""atr_ratio_max"": 10.0, ""vol_ratio_min"": 0.0, ""up_close"": true, ""strong_close"": true}",18849,2690.608134532655,0.5635842750278529,0.08447787467281208,1.177845712205699,8.0,0.0,0.04417414820540243,0.0038209399764401446,0.12035960925786456,12737,3182.070499657769,0.5275967653293554,0.01801986448208019,1.0355231605233708,8.0,0.0,0.0586659802610151,0.001324618000788567,0.04172546702483986,16078,4016.7488021902805,0.546025625077746,0.06707528695348153,1.138457448177994,8.0,0.01181739022266451,0.057894826215426395,0.004086569798317219,0.12872694864699238
pullback,2.0,1.5,50048,"{""family"": ""pullback"", ""min_ddv"": 10000000.0, ""min_price"": 5.0, ""regime"": ""spy200"", ""trend"": true, ""mom_min"": -1.0, ""rsi2_max"": 100.0, ""rsi14_max"": 100.0, ""ret21_max"": -0.02, ""dist_ema20_max"": 1.0, ""dist_ema50_min"": -1.0, ""dist_hh60_min"": -1.0, ""atr_ratio_max"": 10.0, ""vol_ratio_min"": 0.0, ""up_close"": true, ""strong_close"": true}",18849,2690.608134532655,0.4645869807416839,0.11355697981216789,1.194718391147657,11.0,0.0,0.04417414820540243,0.004868685554215674,0.11153715996930455,12737,3182.070499657769,0.43927141399073566,0.056459489801829466,1.0936348988922386,12.0,0.0,0.0586659802610151,0.003345326585323038,0.07025185829178379,16078,4016.7488021902805,0.45640004975743254,0.10785176629259792,1.185725798728031,11.0,0.01673093668366712,0.057894826215426395,0.006472724230776146,0.14828422783232623
pullback,2.0,2.0,50048,"{""family"": ""pullback"", ""min_ddv"": 10000000.0, ""min_price"": 5.0, ""regime"": ""spy200"", ""trend"": true, ""mom_min"": -1.0, ""rsi2_max"": 100.0, ""rsi14_max"": 100.0, ""ret21_max"": -0.02, ""dist_ema20_max"": 1.0, ""dist_ema50_min"": -1.0, ""dist_hh60_min"": -1.0, ""atr_ratio_max"": 10.0, ""vol_ratio_min"": 0.0, ""up_close"": true, ""strong_close"": true}",18849,2690.608134532655,0.39911931667462464,0.14391602433549927,1.219331707121126,15.0,0.0,0.04417414820540243,0.005459127407684723,0.09171334044910334,12737,3182.070499657769,0.3777969694590563,0.08575036369552827,1.1277298828669333,15.0,0.0,0.0586659802610151,0.0053533000679352365,0.08993544114131198,16078,4016.7488021902805,0.3981838537131484,0.14439377335732453,1.2240559422029424,14.0,0.024194551561139446,0.057894826215426395,0.008583173313971659,0.15449711965148988
pullback,2.0,3.0,50048,"{""family"": ""pullback"", ""min_ddv"": 10000000.0, ""min_price"": 5.0, ""regime"": ""spy200"", ""trend"": true, ""mom_min"": -1.0, ""rsi2_max"": 100.0, ""rsi14_max"": 100.0, ""ret21_max"": -0.02, ""dist_ema20_max"": 1.0, ""dist_ema50_min"": -1.0, ""dist_hh60_min"": -1.0, ""atr_ratio_max"": 10.0, ""vol_ratio_min"": 0.0, ""up_close"": true, ""strong_close"": true}",18849,2690.608134532655,0.3230940633455356,0.2298908236135113,1.3101374307980687,20.0,0.0,0.04417414820540243,0.009096536695491911,0.11461636236319808,12737,3182.070499657769,0.30093428593860405,0.15107385909058604,1.200118748201704,19.0,0.0,0.0586659802610151,0.008796422629412753,0.11666834224273757,16078,4016.7488021902805,0.32802587386490856,0.212738479760433,1.2929119979734893,18.0,0.039370568478666504,0.057894826215426395,0.012817223228690815,0.1794411252016714
pullback,3.0,0.5,50048,"{""family"": ""pullback"", ""min_ddv"": 10000000.0, ""min_price"": 5.0, ""regime"": ""spy200"", ""trend"": true, ""mom_min"": -1.0, ""rsi2_max"": 100.0, ""rsi14_max"": 100.0, ""ret21_max"": -0.02, ""dist_ema20_max"": 1.0, ""dist_ema50_min"": -1.0, ""dist_hh60_min"": -1.0, ""atr_ratio_max"": 10.0, ""vol_ratio_min"": 0.0, ""up_close"": true, ""strong_close"": true}",18188,2596.2534219788813,0.7302067297118979,0.07114737198166653,1.2463917953629198,8.0,0.0,0.06521295213326625,0.0049293314735740605,0.1552739414175829,10918,2727.6317590691306,0.6965561458142517,0.022299643546035808,1.0692696048297057,8.0,0.0,0.08164810332102967,0.001843001637422598,0.058054551578811835,14036,3506.5982203969884,0.7169421487603306,0.06170344396681712,1.2072701020894554,8.0,0.008620689655172414,0.08108404026644775,0.005131769183030552,0.1616507292654624
pullback,3.0,0.75,50048,"{""family"": ""pullback"", ""min_ddv"": 10000000.0, ""min_price"": 5.0, ""regime"": ""spy200"", ""trend"": true, ""mom_min"": -1.0, ""rsi2_max"": 100.0, ""rsi14_max"": 100.0, ""ret21_max"": -0.02, ""dist_ema20_max"": 1.0, ""dist_ema50_min"": -1.0, ""dist_hh60_min"": -1.0, ""atr_ratio_max"": 10.0, ""vol_ratio_min"": 0.0, ""up_close"": true, ""strong_close"": true}",18188,2596.2534219788813,0.6449857048603475,0.10179344282819348,1.2678680095725479,12.0,0.0,0.06521295213326625,0.0067702168890731405,0.14217455467053594,10918,2727.6317590691306,0.6197105697014105,0.06021195452782047,1.1494295192265205,13.0,0.0,0.08164810332102967,0.004440330850502508,0.08607410571743324,14036,3506.5982203969884,0.6370048446850954,0.09671972108511487,1.2527263839220841,12.0,0.013251638643488174,0.08108404026644775,0.007992095304168365,0.16783400138753568
pullback,3.0,1.0,50048,"{""family"": ""pullback"", ""min_ddv"": 10000000.0, ""min_price"": 5.0, ""regime"": ""spy200"", ""trend"": true, ""mom_min"": -1.0, ""rsi2_max"": 100.0, ""rsi14_max"": 100.0, ""ret21_max"": -0.02, ""dist_ema20_max"": 1.0, ""dist_ema50_min"": -1.0, ""dist_hh60_min"": -1.0, ""atr_ratio_max"": 10.0, ""vol_ratio_min"": 0.0, ""up_close"": true, ""strong_close"": true}",18188,2596.2534219788813,0.5794479876841874,0.12917725022180598,1.287262639236365,16.0,0.0,0.06521295213326625,0.008544267123812108,0.1345722072000407,10918,2727.6317590691306,0.5614581425169445,0.09578660924468611,1.2057016995143366,17.0,0.0,0.08164810332102967,0.007247139397469889,0.10742818400955365,14036,3506.5982203969884,0.5781561698489598,0.13269230642403573,1.2985379307296494,15.0,0.018381305215161015,0.08108404026644775,0.010893335934380062,0.18300804369758505
pullback,3.0,1.5,50048,"{""family"": ""pullback"", ""min_ddv"": 10000000.0, ""min_price"": 5.0, ""regime"": ""spy200"", ""trend"": true, ""mom_min"": -1.0, ""rsi2_max"": 100.0, ""rsi14_max"": 100.0, ""ret21_max"": -0.02, ""dist_ema20_max"": 1.0, ""dist_ema50_min"": -1.0, ""dist_hh60_min"": -1.0, ""atr_ratio_max"": 10.0, ""vol_ratio_min"": 0.0, ""up_close"": true, ""strong_close"": true}",18188,2596.2534219788813,0.4903232900813723,0.19123028677252119,1.3503809459603766,24.0,0.0,0.06521295213326625,0.012191739035189858,0.1280132598694935,10918,2727.6317590691306,0.4727056237406118,0.14956607315283357,1.267203047565979,25.0,0.0,0.08164810332102967,0.011837980179960643,0.11932684021400329,14036,3506.5982203969884,0.4961527500712454,0.1940804746305311,1.3649666670940057,22.0,0.03434026788258763,0.08108404026644775,0.016316279369523304,0.18689556368726692
pullback,3.0,2.0,50048,"{""family"": ""pullback"", ""min_ddv"": 10000000.0, ""min_price"": 5.0, ""regime"": ""spy200"", ""trend"": true, ""mom_min"": -1.0, ""rsi2_max"": 100.0, ""rsi14_max"": 100.0, ""ret21_max"": -0.02, ""dist_ema20_max"": 1.0, ""dist_ema50_min"": -1.0, ""dist_hh60_min"": -1.0, ""atr_ratio_max"": 10.0, ""vol_ratio_min"": 0.0, ""up_close"": true, ""strong_close"": true}",18188,2596.2534219788813,0.4316032548933363,0.2545243336131916,1.4175303927277871,32.0,0.00016494391906751705,0.06521295213326625,0.01581087204267561,0.12451061733607043,10918,2727.6317590691306,0.4068510716248397,0.18812198350239068,1.2988706975618214,31.0,0.0,0.08164810332102967,0.014537246359856967,0.11817374460270826,14036,3506.5982203969884,0.44357366771159873,0.2527771797128717,1.429068853779244,28.0,0.050441721288116276,0.08108404026644775,0.020960116110547794,0.18864104499493015
pullback,3.0,3.0,50048,"{""family"": ""pullback"", ""min_ddv"": 10000000.0, ""min_price"": 5.0, ""regime"": ""spy200"", ""trend"": true, ""mom_min"": -1.0, ""rsi2_max"": 100.0, ""rsi14_max"": 100.0, ""ret21_max"": -0.02, ""dist_ema20_max"": 1.0, ""dist_ema50_min"": -1.0, ""dist_hh60_min"": -1.0, ""atr_ratio_max"": 10.0, ""vol_ratio_min"": 0.0, ""up_close"": true, ""strong_close"": true}",18188,2596.2534219788813,0.3554541455904992,0.37132899362864075,1.535848740579263,45.0,0.0017044204970310096,0.06521295213326625,0.02243399511404529,0.12563037263865362,10918,2727.6317590691306,0.3024363436526836,0.1646952796522182,1.221890415906356,43.0,0.002198204799413812,0.08164810332102967,0.012715703444690543,0.07451993646655854,14036,3506.5982203969884,0.37660302080364777,0.34833663321060454,1.5261551860916733,36.0,0.07901111427757196,0.08108404026644775,0.027696415109479483,0.19387490576635638
pullback,1.0,0.5,45023,"{""family"": ""pullback"", ""min_ddv"": 10000000.0, ""min_price"": 5.0, ""regime"": ""spy200"", ""trend"": true, ""mom_min"": 0.0, ""rsi2_max"": 100.0, ""rsi14_max"": 100.0, ""ret21_max"": -0.02, ""dist_ema20_max"": 1.0, ""dist_ema50_min"": -1.0, ""dist_hh60_min"": -1.0, ""atr_ratio_max"": 10.0, ""vol_ratio_min"": 0.0, ""up_close"": true, ""strong_close"": true}",17160,2449.511145874071,0.6962703962703962,-0.04491962213711367,0.8686483287177907,2.0,0.0,0.022268026069187763,-0.0010862209924298516,-0.1368638450461613,12305,3074.144421629021,0.6574563185696871,-0.07706906807586755,0.7949757759327444,2.0,0.0,0.03103346253134929,-0.0028314265410824364,-0.356759744176387,15312,3825.3798767967146,0.6751567398119123,-0.044157598013775605,0.8759683136213334,2.0,0.001567398119122257,0.029949556281445886,-0.0013098897132750311,-0.16504610387265392
pullback,1.0,0.75,45023,"{""family"": ""pullback"", ""min_ddv"": 10000000.0, ""min_price"": 5.0, ""regime"": ""spy200"", ""trend"": true, ""mom_min"": 0.0, ""rsi2_max"": 100.0, ""rsi14_max"": 100.0, ""ret21_max"": -0.02, ""dist_ema20_max"": 1.0, ""dist_ema50_min"": -1.0, ""dist_hh60_min"": -1.0, ""atr_ratio_max"": 10.0, ""vol_ratio_min"": 0.0, ""up_close"": true, ""strong_close"": true}",17160,2449.511145874071,0.6119463869463869,-0.01817709451743178,0.9586394381086374,2.0,0.0,0.022268026069187763,-0.0004431984809644299,-0.05584300860151817,12305,3074.144421629021,0.5631856968711906,-0.07859829840796863,0.836717373695992,2.0,0.0,0.03103346253134929,-0.0030299490385596512,-0.38177357885851604,15312,3825.3798767967146,0.5848354231974922,-0.029850972936388682,0.9344632431009104,2.0,0.002285788923719958,0.029949556281445886,-0.0009069834886182648,-0.11427991956590136
pullback,1.0,1.0,45023,"{""family"": ""pullback"", ""min_ddv"": 10000000.0, ""min_price"": 5.0, ""regime"": ""spy200"", ""trend"": true, ""mom_min"": 0.0, ""rsi2_max"": 100.0, ""rsi14_max"": 100.0, ""ret21_max"": -0.02, ""dist_ema20_max"": 1.0, ""dist_ema50_min"": -1.0, ""dist_hh60_min"": -1.0, ""atr_ratio_max"": 10.0, ""vol_ratio_min"": 0.0, ""up_close"": true, ""strong_close"": true}",17160,2449.511145874071,0.5483682983682984,0.008115677682287119,1.015810262682543,3.0,0.0,0.022268026069187763,0.0001433723024885936,0.012043273409041861,12305,3074.144421629021,0.49427062169849656,-0.07838386147612665,0.8597395560134815,3.0,0.0,0.03103346253134929,-0.0030904318289268575,-0.25959627362985604,15312,3825.3798767967146,0.514367816091954,-0.024573208716706575,0.954026456754399,3.0,0.003134796238244514,0.029949556281445886,-0.0009388545449303846,-0.0788637817741523
pullback,1.0,1.5,45023,"{""family"": ""pullback"", ""min_ddv"": 10000000.0, ""min_price"": 5.0, ""regime"": ""spy200"", ""trend"": true, ""mom_min"": 0.0, ""rsi2_max"": 100.0, ""rsi14_max"": 100.0, ""ret21_max"": -0.02, ""dist_ema20_max"": 1.0, ""dist_ema50_min"": -1.0, ""dist_hh60_min"": -1.0, ""atr_ratio_max"": 10.0, ""vol_ratio_min"": 0.0, ""up_close"": true, ""strong_close"": true}",17160,2449.511145874071,0.45576923076923076,0.04936415578748214,1.0797144277779833,4.0,0.0,0.022268026069187763,0.0009980740581951016,0.0628786656662914,12305,3074.144421629021,0.3958553433563592,-0.08138147143016289,0.878544000821508,4.0,0.0,0.03103346253134929,-0.0035398430150943776,-0.22301010995094578,15312,3825.3798767967146,0.4211076280041797,-0.010747204386270737,0.9832689915625347,4.0,0.004310344827586207,0.029949556281445886,-0.000846963499524333,-0.05335870047003298
pullback,1.0,2.0,45023,"{""family"": ""pullback"", ""min_ddv"": 10000000.0, ""min_price"": 5.0, ""regime"": ""spy200"", ""trend"": true, ""mom_min"": 0.0, ""rsi2_max"": 100.0, ""rsi14_max"": 100.0, ""ret21_max"": -0.02, ""dist_ema20_max"": 1.0, ""dist_ema50_min"": -1.0, ""dist_hh60_min"": -1.0, ""atr_ratio_max"": 10.0, ""vol_ratio_min"": 0.0, ""up_close"": true, ""strong_close"": true}",17160,2449.511145874071,0.39108391608391607,0.07957416045340072,1.1146311661174386,5.0,0.0,0.022268026069187763,0.001648719379965301,0.08309545675025118,12305,3074.144421629021,0.33441690369768384,-0.07398975841836229,0.900016306320315,5.0,0.0,0.03103346253134929,-0.0036798643718200306,-0.18546516433972954,15312,3825.3798767967146,0.35795454545454547,0.0016534064183610336,1.0023090085550357,4.0,0.005812434691745036,0.029949556281445886,-0.0005002921785163247,-0.031518407246528456
pullback,1.0,3.0,45023,"{""family"": ""pullback"", ""min_ddv"": 10000000.0, ""min_price"": 5.0, ""regime"": ""spy200"", ""trend"": true, ""mom_min"": 0.0, ""rsi2_max"": 100.0, ""rsi14_max"": 100.0, ""ret21_max"": -0.02, ""dist_ema20_max"": 1.0, ""dist_ema50_min"": -1.0, ""dist_hh60_min"": -1.0, ""atr_ratio_max"": 10.0, ""vol_ratio_min"": 0.0, ""up_close"": true, ""strong_close"": true}",17160,2449.511145874071,0.3064685314685315,0.12768030986759796,1.1609882454828218,6.0,0.0,0.022268026069187763,0.0026962031444416677,0.11324053206655005,12305,3074.144421629021,0.26038195855343355,-0.044722652040523815,0.9458614921745224,6.0,0.0,0.03103346253134929,-0.003102825366951688,-0.13031866541197087,15312,3825.3798767967146,0.27644984326018807,0.018755162061766834,1.0231145627765466,5.0,0.007902298850574713,0.029949556281445886,-0.00026446067514642753,-0.013328818027379948
pullback,1.5,0.5,45023,"{""family"": ""pullback"", ""min_ddv"": 10000000.0, ""min_price"": 5.0, ""regime"": ""spy200"", ""trend"": true, ""mom_min"": 0.0, ""rsi2_max"": 100.0, ""rsi14_max"": 100.0, ""ret21_max"": -0.02, ""dist_ema20_max"": 1.0, ""dist_ema50_min"": -1.0, ""dist_hh60_min"": -1.0, ""atr_ratio_max"": 10.0, ""vol_ratio_min"": 0.0, ""up_close"": true, ""strong_close"": true}",17117,2443.373093468909,0.7068411520710405,0.0036173056549070578,1.0111944212796333,3.0,0.0,0.033362223882938705,8.266407945431389e-05,0.0069437826741623665,11865,2964.219712525667,0.667425200168563,-0.04231021181641174,0.8825819789778272,3.0,0.0,0.04538224986035251,-0.0018936835873231267,-0.15906942133514265,14984,3743.4360027378507,0.6837960491190603,-0.004912723447863475,0.9855227998099058,3.0,0.0027362520021356113,0.04434792862685957,-0.0001743814359493237,-0.01464804061974319
pullback,1.5,0.75,45023,"{""family"": ""pullback"", ""min_ddv"": 10000000.0, ""min_price"": 5.0, ""regime"": ""spy200"", ""trend"": true, ""mom_min"": 0.0, ""rsi2_max"": 100.0, ""rsi14_max"": 100.0, ""ret21_max"": -0.02, ""dist_ema20_max"": 1.0, ""dist_ema50_min"": -1.0, ""dist_hh60_min"": -1.0, ""atr_ratio_max"": 10.0, ""vol_ratio_min"": 0.0, ""up_close"": true, ""strong_close"": true}",17117,2443.373093468909,0.6231816322953788,0.0348510903745363,1.0836430720147487,4.0,0.0,0.033362223882938705,0.001103544274725422,0.06952328930770159,11865,2964.219712525667,0.572692793931732,-0.04265988947407728,0.9080211689588261,4.0,0.0,0.04538224986035251,-0.001924397910933627,-0.1212370683888185,14984,3743.4360027378507,0.5941671115856914,0.008613897441116977,1.019719059141888,4.0,0.004805125467164976,0.04434792862685957,0.0002576819266069716,0.01623396137623921
pullback,1.5,1.0,45023,"{""family"": ""pullback"", ""min_ddv"": 10000000.0, ""min_price"": 5.0, ""regime"": ""spy200"", ""trend"": true, ""mom_min"": 0.0, ""rsi2_max"": 100.0, ""rsi14_max"": 100.0, ""ret21_max"": -0.02, ""dist_ema20_max"": 1.0, ""dist_ema50_min"": -1.0, ""dist_hh60_min"": -1.0, ""atr_ratio_max"": 10.0, ""vol_ratio_min"": 0.0, ""up_close"": true, ""strong_close"": true}",17117,2443.373093468909,0.5573406554886955,0.057243153830105364,1.1169137207917557,5.0,0.0,0.033362223882938705,0.001817263380054965,0.09159007435477025,11865,2964.219712525667,0.5087231352718078,-0.030668542393527697,0.9425276115226296,5.0,0.0,0.04538224986035251,-0.0014709607768212886,-0.07413642315179295,14984,3743.4360027378507,0.5287640149492793,0.02187026565735887,1.0429082935250007,5.0,0.006206620395088094,0.04434792862685957,0.0007414462004510964,0.03736888850273526
pullback,1.5,1.5,45023,"{""family"": ""pullback"", ""min_ddv"": 10000000.0, ""min_price"": 5.0, ""regime"": ""spy200"", ""trend"": true, ""mom_min"": 0.0, ""rsi2_max"": 100.0, ""rsi14_max"": 100.0, ""ret21_max"": -0.02, ""dist_ema20_max"": 1.0, ""dist_ema50_min"": -1.0, ""dist_hh60_min"": -1.0, ""atr_ratio_max"": 10.0, ""vol_ratio_min"": 0.0, ""up_close"": true, ""strong_close"": true}",17117,2443.373093468909,0.4619968452415727,0.09373634976430928,1.1573376439270875,7.0,0.0,0.033362223882938705,0.0031384386136567603,0.11298379009164337,11865,2964.219712525667,0.4193004635482512,-0.0056609381130802005,0.9910456704866945,7.0,0.0,0.04538224986035251,-0.0006804560137548132,-0.024496416495173277,14984,3743.4360027378507,0.43920181526962093,0.05351640529712303,1.0877110595944437,7.0,0.009209823812066203,0.04434792862685957,0.002206813608338167,0.07944528990017401
pullback,1.5,2.0,45023,"{""family"": ""pullback"", ""min_ddv"": 10000000.0, ""min_price"": 5.0, ""regime"": ""spy200"", ""trend"": true, ""mom_min"": 0.0, ""rsi2_max"": 100.0, ""rsi14_max"": 100.0, ""ret21_max"": -0.02, ""dist_ema20_max"": 1.0, ""dist_ema50_min"": -1.0, ""dist_hh60_min"": -1.0, ""atr_ratio_max"": 10.0, ""vol_ratio_min"": 0.0, ""up_close"": true, ""strong_close"": true}",17117,2443.373093468909,0.39650639714903313,0.12483451924317693,1.1866738725227015,9.0,0.0,0.033362223882938705,0.0040569800001045726,0.11359544000292804,11865,2964.219712525667,0.3594605983986515,0.019993796783704193,1.0285898364789698,9.0,0.0,0.04538224986035251,0.00035051597637454304,0.009814447338487206,14984,3743.4360027378507,0.37433262146289376,0.06927957574337035,1.1014887587702729,9.0,0.011745862253069941,0.04434792862685957,0.00268519090432901,0.0751853453212123
pullback,1.5,3.0,45023,"{""family"": ""pullback"", ""min_ddv"": 10000000.0, ""min_price"": 5.0, ""regime"": ""spy200"", ""trend"": true, ""mom_min"": 0.0, ""rsi2_max"": 100.0, ""rsi14_max"": 100.0, ""ret21_max"": -0.02, ""dist_ema20_max"": 1.0, ""dist_ema50_min"": -1.0, ""dist_hh60_min"": -1.0, ""atr_ratio_max"": 10.0, ""vol_ratio_min"": 0.0, ""up_close"": true, ""strong_close"": true}",17117,2443.373093468909,0.3126716130162996,0.17583095107348257,1.22971776662483,12.0,0.0,0.033362223882938705,0.005189149540615037,0.10897214035291576,11865,2964.219712525667,0.28866413822166037,0.0874280234517106,1.1120059477422077,12.0,0.0,0.04538224986035251,0.004426374760644899,0.09295386997354288,14984,3743.4360027378507,0.302455953016551,0.12688574933141963,1.1660256004230543,11.0,0.020221569674319272,0.04434792862685957,0.005621375192564,0.12878059532055708
pullback,2.0,0.5,45023,"{""family"": ""pullback"", ""min_ddv"": 10000000.0, ""min_price"": 5.0, ""regime"": ""spy200"", ""trend"": true, ""mom_min"": 0.0, ""rsi2_max"": 100.0, ""rsi14_max"": 100.0, ""ret21_max"": -0.02, ""dist_ema20_max"": 1.0, ""dist_ema50_min"": -1.0, ""dist_hh60_min"": -1.0, ""atr_ratio_max"": 10.0, ""vol_ratio_min"": 0.0, ""up_close"": true, ""strong_close"": true}",17001,2426.814626515448,0.7163696253161579,0.035114589583657665,1.1138191196754959,4.0,0.0,0.04434696619564107,0.0016955381952202424,0.10681890629887528,11301,2823.3162217659137,0.6804707548004602,-0.01210448646951459,0.9647242669305182,4.0,0.0,0.05873259552346579,-2.563616242174771e-05,-0.0016150782325701056,14460,3612.5256673511294,0.6957814661134163,0.025322071394001337,1.0786790285195869,4.0,0.006431535269709543,0.05804003510771211,0.001583315237038488,0.09974885993342475
pullback,2.0,0.75,45023,"{""family"": ""pullback"", ""min_ddv"": 10000000.0, ""min_price"": 5.0, ""regime"": ""spy200"", ""trend"": true, ""mom_min"": 0.0, ""rsi2_max"": 100.0, ""rsi14_max"": 100.0, ""ret21_max"": -0.02, ""dist_ema20_max"": 1.0, ""dist_ema50_min"": -1.0, ""dist_hh60_min"": -1.0, ""atr_ratio_max"": 10.0, ""vol_ratio_min"": 0.0, ""up_close"": true, ""strong_close"": true}",17001,2426.814626515448,0.6327274866184343,0.06749337413735013,1.1690218639244576,6.0,0.0,0.04434696619564107,0.003025450649726467,0.1270689272885116,11301,2823.3162217659137,0.5910096451641448,-0.0004474087073680679,0.9989816637096331,6.0,0.0,0.05873259552346579,0.00031986046859307893,0.013434139680909314,14460,3612.5256673511294,0.6114107883817428,0.04826704101319224,1.1170138646997445,6.0,0.009128630705394191,0.05804003510771211,0.002937129117378593,0.12335942292990092
pullback,2.0,1.0,45023,"{""family"": ""pullback"", ""min_ddv"": 10000000.0, ""min_price"": 5.0, ""regime"": ""spy200"", ""trend"": true, ""mom_min"": 0.0, ""rsi2_max"": 100.0, ""rsi14_max"": 100.0, ""ret21_max"": -0.02, ""dist_ema20_max"": 1.0, ""dist_ema50_min"": -1.0, ""dist_hh60_min"": -1.0, ""atr_ratio_max"": 10.0, ""vol_ratio_min"": 0.0, ""up_close"": true, ""strong_close"": true}",17001,2426.814626515448,0.5685547908946532,0.09499499016862151,1.2024274192802422,8.0,0.0,0.04434696619564107,0.00425016963830848,0.1338803436067171,11301,2823.3162217659137,0.5271214936731262,0.016686997230963355,1.0328614744244744,9.0,0.0,0.05873259552346579,0.0010781893687128899,0.03018930232396092,14460,3612.5256673511294,0.5479944674965422,0.06921273796592847,1.1435333635686125,8.0,0.011825726141078838,0.05804003510771211,0.0042533078593623395,0.1339791975699137
pullback,2.0,1.5,45023,"{""family"": ""pullback"", ""min_ddv"": 10000000.0, ""min_price"": 5.0, ""regime"": ""spy200"", ""trend"": true, ""mom_min"": 0.0, ""rsi2_max"": 100.0, ""rsi14_max"": 100.0, ""ret21_max"": -0.02, ""dist_ema20_max"": 1.0, ""dist_ema50_min"": -1.0, ""dist_hh60_min"": -1.0, ""atr_ratio_max"": 10.0, ""vol_ratio_min"": 0.0, ""up_close"": true, ""strong_close"": true}",17001,2426.814626515448,0.4707370154696783,0.12949858818610746,1.2246694743167927,11.0,0.0,0.04434696619564107,0.005640327578989744,0.12921477726412867,11301,2823.3162217659137,0.43889921245907443,0.055192012259524345,1.0914376131939183,12.0,0.0,0.05873259552346579,0.003046151948738776,0.06396919092351429,14460,3612.5256673511294,0.45760719225449514,0.10958162721798868,1.1891178480795968,11.0,0.016874135546334715,0.05804003510771211,0.006582095963823025,0.15078983480758204
pullback,2.0,2.0,45023,"{""family"": ""pullback"", ""min_ddv"": 10000000.0, ""min_price"": 5.0, ""regime"": ""spy200"", ""trend"": true, ""mom_min"": 0.0, ""rsi2_max"": 100.0, ""rsi14_max"": 100.0, ""ret21_max"": -0.02, ""dist_ema20_max"": 1.0, ""dist_ema50_min"": -1.0, ""dist_hh60_min"": -1.0, ""atr_ratio_max"": 10.0, ""vol_ratio_min"": 0.0, ""up_close"": true, ""strong_close"": true}",17001,2426.814626515448,0.4049761778718899,0.16126135239726053,1.248100210436782,15.0,0.0,0.04434696619564107,0.006324242784241458,0.10624727877525648,11301,2823.3162217659137,0.37881603397929386,0.08788324168089978,1.1309999252213128,15.0,0.0,0.05873259552346579,0.005278703215301546,0.08868221401706597,14460,3612.5256673511294,0.3991701244813278,0.14562789666414566,1.2262913527244685,14.0,0.02482710926694329,0.05804003510771211,0.008736584807175879,0.1572585265291658
pullback,2.0,3.0,45023,"{""family"": ""pullback"", ""min_ddv"": 10000000.0, ""min_price"": 5.0, ""regime"": ""spy200"", ""trend"": true, ""mom_min"": 0.0, ""rsi2_max"": 100.0, ""rsi14_max"": 100.0, ""ret21_max"": -0.02, ""dist_ema20_max"": 1.0, ""dist_ema50_min"": -1.0, ""dist_hh60_min"": -1.0, ""atr_ratio_max"": 10.0, ""vol_ratio_min"": 0.0, ""up_close"": true, ""strong_close"": true}",17001,2426.814626515448,0.3276277866007882,0.24768864076191452,1.3362500021330734,20.0,0.0,0.04434696619564107,0.010042416208196063,0.1265344442232704,11301,2823.3162217659137,0.30192018405450843,0.15434435492175289,1.2046216264980858,20.0,0.0,0.05873259552346579,0.008860910310751004,0.11164746991546266,14460,3612.5256673511294,0.32869986168741355,0.21262127230449263,1.2930361000937627,18.0,0.03997233748271092,0.05804003510771211,0.013095326011016687,0.1833345641542336
pullback,3.0,0.5,45023,"{""family"": ""pullback"", ""min_ddv"": 10000000.0, ""min_price"": 5.0, ""regime"": ""spy200"", ""trend"": true, ""mom_min"": 0.0, ""rsi2_max"": 100.0, ""rsi14_max"": 100.0, ""ret21_max"": -0.02, ""dist_ema20_max"": 1.0, ""dist_ema50_min"": -1.0, ""dist_hh60_min"": -1.0, ""atr_ratio_max"": 10.0, ""vol_ratio_min"": 0.0, ""up_close"": true, ""strong_close"": true}",16391,2339.7399296050057,0.7363797205783662,0.08100670197487156,1.2874740593739926,8.0,0.0,0.0654641422890091,0.005605752330047767,0.17658119839650466,9639,2408.100616016427,0.6951965971573815,0.020042700516795464,1.0620078003151783,8.0,0.0,0.08125225700697696,0.0013996722027053209,0.04408967438521761,12566,3139.349760438056,0.7172529046633773,0.062430315367623335,1.2105052527836853,8.0,0.008594620404265478,0.08088415413418829,0.005334581084186233,0.16803930415186635
pullback,3.0,0.75,45023,"{""family"": ""pullback"", ""min_ddv"": 10000000.0, ""min_price"": 5.0, ""regime"": ""spy200"", ""trend"": true, ""mom_min"": 0.0, ""rsi2_max"": 100.0, ""rsi14_max"": 100.0, ""ret21_max"": -0.02, ""dist_ema20_max"": 1.0, ""dist_ema50_min"": -1.0, ""dist_hh60_min"": -1.0, ""atr_ratio_max"": 10.0, ""vol_ratio_min"": 0.0, ""up_close"": true, ""strong_close"": true}",16391,2339.7399296050057,0.6523091940699164,0.11537552337343539,1.3104034024314433,12.0,0.0,0.0654641422890091,0.0077525300576866355,0.16280313121141934,9639,2408.100616016427,0.6176989314244217,0.056213513584857884,1.1388704541315027,13.0,0.0,0.08125225700697696,0.0037452510857447704,0.07260025181597554,12566,3139.349760438056,0.639662581569314,0.10215615768914027,1.2694628468511446,12.0,0.013210249880630272,0.08088415413418829,0.008654161281839243,0.1817373869186241
pullback,3.0,1.0,45023,"{""family"": ""pullback"", ""min_ddv"": 10000000.0, ""min_price"": 5.0, ""regime"": ""spy200"", ""trend"": true, ""mom_min"": 0.0, ""rsi2_max"": 100.0, ""rsi14_max"": 100.0, ""ret21_max"": -0.02, ""dist_ema20_max"": 1.0, ""dist_ema50_min"": -1.0, ""dist_hh60_min"": -1.0, ""atr_ratio_max"": 10.0, ""vol_ratio_min"": 0.0, ""up_close"": true, ""strong_close"": true}",16391,2339.7399296050057,0.5868464401195779,0.14467817187174195,1.3277395409577835,16.0,0.0,0.0654641422890091,0.009669707091363099,0.15229788668896882,9639,2408.100616016427,0.5594978732233634,0.09157552402058464,1.195828206648917,17.0,0.0,0.08125225700697696,0.006508332166902339,0.09647645329761113,12566,3139.349760438056,0.5806143561992678,0.13901181287521355,1.3150621690073303,16.0,0.018223778449785136,0.08088415413418829,0.011675394699048547,0.1838874665100146
pullback,3.0,1.5,45023,"{""family"": ""pullback"", ""min_ddv"": 10000000.0, ""min_price"": 5.0, ""regime"": ""spy200"", ""trend"": true, ""mom_min"": 0.0, ""rsi2_max"": 100.0, ""rsi14_max"": 100.0, ""ret21_max"": -0.02, ""dist_ema20_max"": 1.0, ""dist_ema50_min"": -1.0, ""dist_hh60_min"": -1.0, ""atr_ratio_max"": 10.0, ""vol_ratio_min"": 0.0, ""up_close"": true, ""strong_close"": true}",16391,2339.7399296050057,0.4966139954853273,0.2071388481011648,1.3843427576038336,25.0,0.0,0.0654641422890091,0.013361127129379065,0.13468016146414097,9639,2408.100616016427,0.4738043365494346,0.15227761426427466,1.272574525483231,25.0,0.0,0.08125225700697696,0.011681061111257785,0.11774509600147848,12566,3139.349760438056,0.49745344580614353,0.1984771082861,1.3747692798741946,22.0,0.03477638070985198,0.08088415413418829,0.01699714068704896,0.19469452059710626
pullback,3.0,2.0,45023,"{""family"": ""pullback"", ""min_ddv"": 10000000.0, ""min_price"": 5.0, ""regime"": ""spy200"", ""trend"": true, ""mom_min"": 0.0, ""rsi2_max"": 100.0, ""rsi14_max"": 100.0, ""ret21_max"": -0.02, ""dist_ema20_max"": 1.0, ""dist_ema50_min"": -1.0, ""dist_hh60_min"": -1.0, ""atr_ratio_max"": 10.0, ""vol_ratio_min"": 0.0, ""up_close"": true, ""strong_close"": true}",16391,2339.7399296050057,0.43731315966078943,0.2720010380434507,1.4509241907645267,32.0,0.00018302727106338844,0.0654641422890091,0.017187154861086063,0.13534884453105275,9639,2408.100616016427,0.40761489781097626,0.1892971520227824,1.3010694330707477,31.0,0.0,0.08125225700697696,0.014259356378885757,0.11591476798320034,12566,3139.349760438056,0.4447716059207385,0.25672373334624127,1.437521501116894,28.0,0.051090243514244786,0.08088415413418829,0.021688230473796498,0.1951940742641685
pullback,3.0,3.0,45023,"{""family"": ""pullback"", ""min_ddv"": 10000000.0, ""min_price"": 5.0, ""regime"": ""spy200"", ""trend"": true, ""mom_min"": 0.0, ""rsi2_max"": 100.0, ""rsi14_max"": 100.0, ""ret21_max"": -0.02, ""dist_ema20_max"": 1.0, ""dist_ema50_min"": -1.0, ""dist_hh60_min"": -1.0, ""atr_ratio_max"": 10.0, ""vol_ratio_min"": 0.0, ""up_close"": true, ""strong_close"": true}",16391,2339.7399296050057,0.35983161491062166,0.39006448937992255,1.5673892188334573,46.0,0.0017692636202794217,0.0654641422890091,0.023793628050063763,0.13034770149165367,9639,2408.100616016427,0.30552961925510946,0.17671501935135017,1.2389987827741484,43.0,0.001763668430335097,0.08125225700697696,0.013332367002453624,0.0781338717353096,12566,3139.349760438056,0.3767308610536368,0.34893659532122445,1.5280023637418736,36.0,0.0802164571064778,0.08088415413418829,0.028100369889460037,0.19670258922622028
pullback,1.0,0.5,23906,"{""family"": ""pullback"", ""min_ddv"": 10000000.0, ""min_price"": 5.0, ""regime"": ""spy200"", ""trend"": true, ""mom_min"": 0.15, ""rsi2_max"": 100.0, ""rsi14_max"": 100.0, ""ret21_max"": -0.02, ""dist_ema20_max"": 1.0, ""dist_ema50_min"": -1.0, ""dist_hh60_min"": -1.0, ""atr_ratio_max"": 10.0, ""vol_ratio_min"": 0.0, ""up_close"": true, ""strong_close"": true}",7202,1028.0524051622995,0.6853651763399056,-0.047468722037662475,0.8644939955870413,2.0,0.0,0.026651279403793235,-0.0013414210036927744,-0.16901904646528956,7189,1796.0198494182066,0.6515509806649047,-0.07440043756128979,0.803256719407182,2.0,0.0,0.03821296558537212,-0.0035151056157911443,-0.4429033075896842,9272,2316.413415468857,0.6658757549611735,-0.04873605307664802,0.8665189851609937,2.0,0.0018334771354616048,0.03537612039845285,-0.0016944219593342162,-0.21349716687611126
pullback,1.0,0.75,23906,"{""family"": ""pullback"", ""min_ddv"": 10000000.0, ""min_price"": 5.0, ""regime"": ""spy200"", ""trend"": true, ""mom_min"": 0.15, ""rsi2_max"": 100.0, ""rsi14_max"": 100.0, ""ret21_max"": -0.02, ""dist_ema20_max"": 1.0, ""dist_ema50_min"": -1.0, ""dist_hh60_min"": -1.0, ""atr_ratio_max"": 10.0, ""vol_ratio_min"": 0.0, ""up_close"": true, ""strong_close"": true}",7202,1028.0524051622995,0.6001110802554845,-0.025725617109102303,0.9426796881805892,2.0,0.0,0.026651279403793235,-0.0007198742884113466,-0.09070416033982967,7189,1796.0198494182066,0.5562665182918347,-0.08074633721937165,0.8329747257351507,2.0,0.0,0.03821296558537212,-0.003949259539488392,-0.49760670197553747,9272,2316.413415468857,0.5758196721311475,-0.03771149280941262,0.9186458111382059,2.0,0.0024805867126833476,0.03537612039845285,-0.0012467178680915277,-0.1570864513795325
pullback,1.0,1.0,23906,"{""family"": ""pullback"", ""min_ddv"": 10000000.0, ""min_price"": 5.0, ""regime"": ""spy200"", ""trend"": true, ""mom_min"": 0.15, ""rsi2_max"": 100.0, ""rsi14_max"": 100.0, ""ret21_max"": -0.02, ""dist_ema20_max"": 1.0, ""dist_ema50_min"": -1.0, ""dist_hh60_min"": -1.0, ""atr_ratio_max"": 10.0, ""vol_ratio_min"": 0.0, ""up_close"": true, ""strong_close"": true}",7202,1028.0524051622995,0.5395723410163843,0.007514623068624432,1.0145104455064347,3.0,0.0,0.026651279403793235,7.412742465277344e-05,0.006226703670832969,7189,1796.0198494182066,0.48894143830852693,-0.07821804005850011,0.8600751067936216,3.0,0.0,0.03821296558537212,-0.003988834163150275,-0.3350620697046231,9272,2316.413415468857,0.5038826574633305,-0.03799108034208253,0.9302196093510977,3.0,0.003559102674719586,0.03537612039845285,-0.0015239274031007774,-0.1280099018604653
pullback,1.0,1.5,23906,"{""family"": ""pullback"", ""min_ddv"": 10000000.0, ""min_price"": 5.0, ""regime"": ""spy200"", ""trend"": true, ""mom_min"": 0.15, ""rsi2_max"": 100.0, ""rsi14_max"": 100.0, ""ret21_max"": -0.02, ""dist_ema20_max"": 1.0, ""dist_ema50_min"": -1.0, ""dist_hh60_min"": -1.0, ""atr_ratio_max"": 10.0, ""vol_ratio_min"": 0.0, ""up_close"": true, ""strong_close"": true}",7202,1028.0524051622995,0.44543182449319635,0.04295678925816528,1.0687006933808076,4.0,0.0,0.026651279403793235,0.0008636860706758264,0.05441222245257706,7189,1796.0198494182066,0.38809291973848936,-0.0942982223417038,0.8596272780943031,4.0,0.0,0.03821296558537212,-0.004930788731976409,-0.3106396901145138,9272,2316.413415468857,0.4061691113028473,-0.04071596866671499,0.9381076478256215,4.0,0.004637618636755824,0.03537612039845285,-0.0020542678463013942,-0.12941887431698784
pullback,1.0,2.0,23906,"{""family"": ""pullback"", ""min_ddv"": 10000000.0, ""min_price"": 5.0, ""regime"": ""spy200"", ""trend"": true, ""mom_min"": 0.15, ""rsi2_max"": 100.0, ""rsi14_max"": 100.0, ""ret21_max"": -0.02, ""dist_ema20_max"": 1.0, ""dist_ema50_min"": -1.0, ""dist_hh60_min"": -1.0, ""atr_ratio_max"": 10.0, ""vol_ratio_min"": 0.0, ""up_close"": true, ""strong_close"": true}",7202,1028.0524051622995,0.3816995279089142,0.06902168244509603,1.0988970847202797,5.0,0.0,0.026651279403793235,0.0015292025062220642,0.07707180631359203,7189,1796.0198494182066,0.32410627347336207,-0.09879359373975144,0.8670878680633808,5.0,0.0,0.03821296558537212,-0.005613778194164048,-0.2829344209858681,9272,2316.413415468857,0.343183779119931,-0.03549342239983425,0.9514827161792551,4.0,0.006255392579810181,0.03537612039845285,-0.0019235576671772661,-0.12118413303216777
pullback,1.0,3.0,23906,"{""family"": ""pullback"", ""min_ddv"": 10000000.0, ""min_price"": 5.0, ""regime"": ""spy200"", ""trend"": true, ""mom_min"": 0.15, ""rsi2_max"": 100.0, ""rsi14_max"": 100.0, ""ret21_max"": -0.02, ""dist_ema20_max"": 1.0, ""dist_ema50_min"": -1.0, ""dist_hh60_min"": -1.0, ""atr_ratio_max"": 10.0, ""vol_ratio_min"": 0.0, ""up_close"": true, ""strong_close"": true}",7202,1028.0524051622995,0.2929741738405998,0.08907304445089595,1.1113882430728188,6.0,0.0,0.026651279403793235,0.0021215337584353992,0.08910441785428676,7189,1796.0198494182066,0.2517735429127834,-0.07420034797069637,0.9103258095859365,6.0,0.0,0.03821296558537212,-0.005151041972942151,-0.21634376286357035,9272,2316.413415468857,0.26251078515962034,-0.03237423619698919,0.9608820814833481,5.0,0.008735979292493529,0.03537612039845285,-0.0021885400820976803,-0.1103024201377231
pullback,1.5,0.5,23906,"{""family"": ""pullback"", ""min_ddv"": 10000000.0, ""min_price"": 5.0, ""regime"": ""spy200"", ""trend"": true, ""mom_min"": 0.15, ""rsi2_max"": 100.0, ""rsi14_max"": 100.0, ""ret21_max"": -0.02, ""dist_ema20_max"": 1.0, ""dist_ema50_min"": -1.0, ""dist_hh60_min"": -1.0, ""atr_ratio_max"": 10.0, ""vol_ratio_min"": 0.0, ""up_close"": true, ""strong_close"": true}",7159,1021.9143527571373,0.6982818829445453,0.000490457796975332,1.0014834446145464,3.0,0.0,0.03984690448045107,3.668877847274056e-06,0.0003081857391710207,6766,1690.3422313483916,0.6636121785397576,-0.04190239752454063,0.8841459781430784,3.0,0.0,0.054995331773731976,-0.0023106490099686606,-0.19409451683736748,8957,2237.7173169062285,0.6780171932566708,-0.006977687117438458,0.979783151423655,3.0,0.0030144021435748575,0.05192293283536237,-0.00039229536441714167,-0.0329528106110399
pullback,1.5,0.75,23906,"{""family"": ""pullback"", ""min_ddv"": 10000000.0, ""min_price"": 5.0, ""regime"": ""spy200"", ""trend"": true, ""mom_min"": 0.15, ""rsi2_max"": 100.0, ""rsi14_max"": 100.0, ""ret21_max"": -0.02, ""dist_ema20_max"": 1.0, ""dist_ema50_min"": -1.0, ""dist_hh60_min"": -1.0, ""atr_ratio_max"": 10.0, ""vol_ratio_min"": 0.0, ""up_close"": true, ""strong_close"": true}",7159,1021.9143527571373,0.6167062438888112,0.03624909253563219,1.0859788621506543,4.0,0.0,0.03984690448045107,0.0012739784305399564,0.08026064112401725,6766,1690.3422313483916,0.5676913981673071,-0.047308083562208406,0.8987271122456705,4.0,0.0,0.054995331773731976,-0.0025121614414088385,-0.15826617080875682,8957,2237.7173169062285,0.584459082282014,-0.002178136207889154,0.9951220610820803,4.0,0.005805515239477504,0.05192293283536237,-0.0003920278841046652,-0.02469775669859391
pullback,1.5,1.0,23906,"{""family"": ""pullback"", ""min_ddv"": 10000000.0, ""min_price"": 5.0, ""regime"": ""spy200"", ""trend"": true, ""mom_min"": 0.15, ""rsi2_max"": 100.0, ""rsi14_max"": 100.0, ""ret21_max"": -0.02, ""dist_ema20_max"": 1.0, ""dist_ema50_min"": -1.0, ""dist_hh60_min"": -1.0, ""atr_ratio_max"": 10.0, ""vol_ratio_min"": 0.0, ""up_close"": true, ""strong_close"": true}",7159,1021.9143527571373,0.5465847185361083,0.049162281927421426,1.0985942639002977,5.0,0.0,0.03984690448045107,0.0016326788325099503,0.0822870131585015,6766,1690.3422313483916,0.5036949453148093,-0.038108410901904324,0.9289236059444166,5.0,0.0,0.054995331773731976,-0.002127844041980689,-0.10724333971582674,8957,2237.7173169062285,0.514792899408284,0.0007205089298228865,1.001373621467307,5.0,0.0073685385731829854,0.05192293283536237,-0.0003257870228083353,-0.0164196659495401
pullback,1.5,1.5,23906,"{""family"": ""pullback"", ""min_ddv"": 10000000.0, ""min_price"": 5.0, ""regime"": ""spy200"", ""trend"": true, ""mom_min"": 0.15, ""rsi2_max"": 100.0, ""rsi14_max"": 100.0, ""ret21_max"": -0.02, ""dist_ema20_max"": 1.0, ""dist_ema50_min"": -1.0, ""dist_hh60_min"": -1.0, ""atr_ratio_max"": 10.0, ""vol_ratio_min"": 0.0, ""up_close"": true, ""strong_close"": true}",7159,1021.9143527571373,0.45076127950831124,0.07866167211401469,1.1303796623273281,7.0,0.0,0.03984690448045107,0.003210664182905503,0.11558391058459812,6766,1690.3422313483916,0.4123558971327224,-0.02079404853847241,0.9672677181167795,7.0,0.0,0.054995331773731976,-0.0016597210089139664,-0.05974995632090279,8957,2237.7173169062285,0.4242491905772022,0.02418859561421245,1.0386255718546937,7.0,0.010494585240593948,0.05192293283536237,0.0009443397607680083,0.0339962313876483
pullback,1.5,2.0,23906,"{""family"": ""pullback"", ""min_ddv"": 10000000.0, ""min_price"": 5.0, ""regime"": ""spy200"", ""trend"": true, ""mom_min"": 0.15, ""rsi2_max"": 100.0, ""rsi14_max"": 100.0, ""ret21_max"": -0.02, ""dist_ema20_max"": 1.0, ""dist_ema50_min"": -1.0, ""dist_hh60_min"": -1.0, ""atr_ratio_max"": 10.0, ""vol_ratio_min"": 0.0, ""up_close"": true, ""strong_close"": true}",7159,1021.9143527571373,0.3792429110210923,0.08501616168460542,1.1248046986636488,9.0,0.0,0.03984690448045107,0.0031356119496781117,0.08779713459098712,6766,1690.3422313483916,0.350872007094295,-0.0033385840978442907,0.9952585834726375,9.0,0.0,0.054995331773731976,-0.0009182570145079363,-0.025711196406222218,8957,2237.7173169062285,0.36016523389527744,0.033837295706930344,1.048463984459306,9.0,0.013732276431841018,0.05192293283536237,0.0011855349336817797,0.03319497814308983
pullback,1.5,3.0,23906,"{""family"": ""pullback"", ""min_ddv"": 10000000.0, ""min_price"": 5.0, ""regime"": ""spy200"", ""trend"": true, ""mom_min"": 0.15, ""rsi2_max"": 100.0, ""rsi14_max"": 100.0, ""ret21_max"": -0.02, ""dist_ema20_max"": 1.0, ""dist_ema50_min"": -1.0, ""dist_hh60_min"": -1.0, ""atr_ratio_max"": 10.0, ""vol_ratio_min"": 0.0, ""up_close"": true, ""strong_close"": true}",7159,1021.9143527571373,0.29291800530800394,0.10695624954965798,1.1369948728703558,12.0,0.0,0.03984690448045107,0.0035666585616053537,0.07489982979371243,6766,1690.3422313483916,0.2821460242388413,0.070057855968793,1.0896513473009495,12.0,0.0,0.054995331773731976,0.004253285741312287,0.08931900056755802,8957,2237.7173169062285,0.2925086524505973,0.09272085878066681,1.1196558283783744,11.0,0.02277548286256559,0.05192293283536237,0.004682085636921328,0.10726232550037951
pullback,2.0,0.5,23906,"{""family"": ""pullback"", ""min_ddv"": 10000000.0, ""min_price"": 5.0, ""regime"": ""spy200"", ""trend"": true, ""mom_min"": 0.15, ""rsi2_max"": 100.0, ""rsi14_max"": 100.0, ""ret21_max"": -0.02, ""dist_ema20_max"": 1.0, ""dist_ema50_min"": -1.0, ""dist_hh60_min"": -1.0, ""atr_ratio_max"": 10.0, ""vol_ratio_min"": 0.0, ""up_close"": true, ""strong_close"": true}",7055,1007.0688306609308,0.7135364989369242,0.03987178790176312,1.1278655990804343,4.0,0.0,0.05283412050035013,0.002221032509882305,0.13992504812258522,6251,1561.6803559206023,0.6803711406175011,-0.009013487647032118,0.97369307608232,5.0,0.0,0.07020930595504052,0.0004232306021876088,0.021330822350255484,8495,2122.296372347707,0.6874632136550912,0.019198855901385876,1.058298096080943,4.0,0.00824014125956445,0.06703999693367609,0.0013489935720100079,0.0849865950366305
pullback,2.0,0.75,23906,"{""family"": ""pullback"", ""min_ddv"": 10000000.0, ""min_price"": 5.0, ""regime"": ""spy200"", ""trend"": true, ""mom_min"": 0.15, ""rsi2_max"": 100.0, ""rsi14_max"": 100.0, ""ret21_max"": -0.02, ""dist_ema20_max"": 1.0, ""dist_ema50_min"": -1.0, ""dist_hh60_min"": -1.0, ""atr_ratio_max"": 10.0, ""vol_ratio_min"": 0.0, ""up_close"": true, ""strong_close"": true}",7055,1007.0688306609308,0.6238128986534373,0.06236917736864677,1.152729922990322,6.0,0.0,0.05283412050035013,0.003116604831459754,0.13089740292130966,6251,1561.6803559206023,0.5874260118381059,-0.006107316970023804,0.9861761532915989,7.0,0.0,0.07020930595504052,0.0003218135750797098,0.011585288702869553,8495,2122.296372347707,0.6011771630370807,0.03778844386347667,1.0895655276732048,6.0,0.011653914067098294,0.06703999693367609,0.0026888507866950247,0.11293173304119103
pullback,2.0,1.0,23906,"{""family"": ""pullback"", ""min_ddv"": 10000000.0, ""min_price"": 5.0, ""regime"": ""spy200"", ""trend"": true, ""mom_min"": 0.15, ""rsi2_max"": 100.0, ""rsi14_max"": 100.0, ""ret21_max"": -0.02, ""dist_ema20_max"": 1.0, ""dist_ema50_min"": -1.0, ""dist_hh60_min"": -1.0, ""atr_ratio_max"": 10.0, ""vol_ratio_min"": 0.0, ""up_close"": true, ""strong_close"": true}",7055,1007.0688306609308,0.5573352232459249,0.08199135382420081,1.170727547536152,8.0,0.0,0.05283412050035013,0.004278352250881452,0.13476809590276573,6251,1561.6803559206023,0.5210366341385378,0.005545439688947807,1.0108343024324709,9.0,0.0,0.07020930595504052,0.0008754690486071936,0.024513133361001423,8495,2122.296372347707,0.5380812242495585,0.05808461568785302,1.1181507883271204,8.0,0.014596821659799883,0.06703999693367609,0.0041570109021910485,0.13094584341901802
pullback,2.0,1.5,23906,"{""family"": ""pullback"", ""min_ddv"": 10000000.0, ""min_price"": 5.0, ""regime"": ""spy200"", ""trend"": true, ""mom_min"": 0.15, ""rsi2_max"": 100.0, ""rsi14_max"": 100.0, ""ret21_max"": -0.02, ""dist_ema20_max"": 1.0, ""dist_ema50_min"": -1.0, ""dist_hh60_min"": -1.0, ""atr_ratio_max"": 10.0, ""vol_ratio_min"": 0.0, ""up_close"": true, ""strong_close"": true}",7055,1007.0688306609308,0.4542877391920624,0.0957214297138697,1.1616297907600934,11.0,0.0,0.05283412050035013,0.004850089781481883,0.11111114772122131,6251,1561.6803559206023,0.43209086546152614,0.039212974737264455,1.064503779054801,12.0,0.0,0.07020930595504052,0.0029781257255580887,0.06254064023671986,8495,2122.296372347707,0.44661565626839317,0.0906472919274188,1.1536817510450759,11.0,0.020953502060035316,0.06703999693367609,0.006487446148834987,0.14862149359149243
pullback,2.0,2.0,23906,"{""family"": ""pullback"", ""min_ddv"": 10000000.0, ""min_price"": 5.0, ""regime"": ""spy200"", ""trend"": true, ""mom_min"": 0.15, ""rsi2_max"": 100.0, ""rsi14_max"": 100.0, ""ret21_max"": -0.02, ""dist_ema20_max"": 1.0, ""dist_ema50_min"": -1.0, ""dist_hh60_min"": -1.0, ""atr_ratio_max"": 10.0, ""vol_ratio_min"": 0.0, ""up_close"": true, ""strong_close"": true}",7055,1007.0688306609308,0.38497519489723603,0.10856434298973423,1.162099074726354,14.0,0.0,0.05283412050035013,0.004631320832464972,0.0833637749843695,6251,1561.6803559206023,0.3724204127339626,0.07208419364420283,1.107014093308256,15.0,0.0,0.07020930595504052,0.005797462886486369,0.097397376492971,8495,2122.296372347707,0.38693349028840496,0.1156780874035272,1.1765624022109678,14.0,0.030135373749264272,0.06703999693367609,0.008372939740799704,0.15071291533439468
pullback,2.0,3.0,23906,"{""family"": ""pullback"", ""min_ddv"": 10000000.0, ""min_price"": 5.0, ""regime"": ""spy200"", ""trend"": true, ""mom_min"": 0.15, ""rsi2_max"": 100.0, ""rsi14_max"": 100.0, ""ret21_max"": -0.02, ""dist_ema20_max"": 1.0, ""dist_ema50_min"": -1.0, ""dist_hh60_min"": -1.0, ""atr_ratio_max"": 10.0, ""vol_ratio_min"": 0.0, ""up_close"": true, ""strong_close"": true}",7055,1007.0688306609308,0.3078667611622962,0.17586940859072564,1.2328604614383565,20.0,0.0,0.05283412050035013,0.008907473129345835,0.11223416142975753,6251,1561.6803559206023,0.2953127499600064,0.13126058541517668,1.1734235528174122,19.0,0.0,0.07020930595504052,0.009713749992445491,0.12883499989980338,8495,2122.296372347707,0.31453796350794583,0.15928172707068347,1.2151540423404135,17.0,0.04390818128310771,0.06703999693367609,0.012306724029294053,0.18242908561071186
pullback,3.0,0.5,23906,"{""family"": ""pullback"", ""min_ddv"": 10000000.0, ""min_price"": 5.0, ""regime"": ""spy200"", ""trend"": true, ""mom_min"": 0.15, ""rsi2_max"": 100.0, ""rsi14_max"": 100.0, ""ret21_max"": -0.02, ""dist_ema20_max"": 1.0, ""dist_ema50_min"": -1.0, ""dist_hh60_min"": -1.0, ""atr_ratio_max"": 10.0, ""vol_ratio_min"": 0.0, ""up_close"": true, ""strong_close"": true}",6548,934.696910441924,0.7325901038485033,0.0817579048964765,1.28447285238856,8.0,0.0,0.07658060699686015,0.006418571503669127,0.2021850023655775,4851,1211.9199178644762,0.6883116883116883,0.007445935699649762,1.02246795495115,9.0,0.0,0.09211371779036423,0.0002037032840415331,0.0057036919531629265,6837,1708.0800821355235,0.7139096094778412,0.06212655190239876,1.2076205382630407,8.0,0.010969723562966213,0.0900688402874208,0.005908753749752034,0.18612574311718907
pullback,3.0,0.75,23906,"{""family"": ""pullback"", ""min_ddv"": 10000000.0, ""min_price"": 5.0, ""regime"": ""spy200"", ""trend"": true, ""mom_min"": 0.15, ""rsi2_max"": 100.0, ""rsi14_max"": 100.0, ""ret21_max"": -0.02, ""dist_ema20_max"": 1.0, ""dist_ema50_min"": -1.0, ""dist_hh60_min"": -1.0, ""atr_ratio_max"": 10.0, ""vol_ratio_min"": 0.0, ""up_close"": true, ""strong_close"": true}",6548,934.696910441924,0.6443188759926696,0.10733958092756064,1.2817660508332214,12.0,0.0,0.07658060699686015,0.008352558273736195,0.1754037237484601,4851,1211.9199178644762,0.6112141826427541,0.04142326133683738,1.100380744775091,13.0,0.0,0.09211371779036423,0.0025906060205220884,0.05021790132088972,6837,1708.0800821355235,0.6330261810735702,0.09654378628338839,1.2506631814274434,12.0,0.015942664911510897,0.0900688402874208,0.009336643265536834,0.1960695085762735
pullback,3.0,1.0,23906,"{""family"": ""pullback"", ""min_ddv"": 10000000.0, ""min_price"": 5.0, ""regime"": ""spy200"", ""trend"": true, ""mom_min"": 0.15, ""rsi2_max"": 100.0, ""rsi14_max"": 100.0, ""ret21_max"": -0.02, ""dist_ema20_max"": 1.0, ""dist_ema50_min"": -1.0, ""dist_hh60_min"": -1.0, ""atr_ratio_max"": 10.0, ""vol_ratio_min"": 0.0, ""up_close"": true, ""strong_close"": true}",6548,934.696910441924,0.5733048259010385,0.12125374451252628,1.265223907507795,16.0,0.0,0.07658060699686015,0.00921761200780285,0.1451773891228949,4851,1211.9199178644762,0.5549371263656978,0.08252433160026171,1.1751223510658293,17.0,0.0,0.09211371779036423,0.006203752463015945,0.09196150709882459,6837,1708.0800821355235,0.5732046219101945,0.12840468058801602,1.2861223018469012,15.0,0.022085710106771975,0.0900688402874208,0.012328727829177169,0.20712262753017643
pullback,3.0,1.5,23906,"{""family"": ""pullback"", ""min_ddv"": 10000000.0, ""min_price"": 5.0, ""regime"": ""spy200"", ""trend"": true, ""mom_min"": 0.15, ""rsi2_max"": 100.0, ""rsi14_max"": 100.0, ""ret21_max"": -0.02, ""dist_ema20_max"": 1.0, ""dist_ema50_min"": -1.0, ""dist_hh60_min"": -1.0, ""atr_ratio_max"": 10.0, ""vol_ratio_min"": 0.0, ""up_close"": true, ""strong_close"": true}",6548,934.696910441924,0.47816127061698227,0.1653254721166711,1.2957155045247875,24.0,0.0,0.07658060699686015,0.012223718069186667,0.12834903972646,4851,1211.9199178644762,0.4743351886209029,0.15793085190553385,1.284027163880435,25.0,0.0,0.09211371779036423,0.013469529475539555,0.1357728571134387,6837,1708.0800821355235,0.4861781483106626,0.17100534504920903,1.3161115492275317,21.0,0.040661108673394765,0.0900688402874208,0.017065286564341423,0.20478343877209707
pullback,3.0,2.0,23906,"{""family"": ""pullback"", ""min_ddv"": 10000000.0, ""min_price"": 5.0, ""regime"": ""spy200"", ""trend"": true, ""mom_min"": 0.15, ""rsi2_max"": 100.0, ""rsi14_max"": 100.0, ""ret21_max"": -0.02, ""dist_ema20_max"": 1.0, ""dist_ema50_min"": -1.0, ""dist_hh60_min"": -1.0, ""atr_ratio_max"": 10.0, ""vol_ratio_min"": 0.0, ""up_close"": true, ""strong_close"": true}",6548,934.696910441924,0.4176847892486255,0.21551126401513174,1.3449608400682265,31.0,0.00015271838729383018,0.07658060699686015,0.01605179217024391,0.1304855363516602,4851,1211.9199178644762,0.4100185528756957,0.19797589109915878,1.3171594032016007,31.0,0.0,0.09211371779036423,0.016470323721112366,0.13388779282968763,6837,1708.0800821355235,0.4266491151089659,0.2022134775104177,1.3344252432069341,27.0,0.055287406757349715,0.0900688402874208,0.020335709907277528,0.18979995913459025
pullback,3.0,3.0,23906,"{""family"": ""pullback"", ""min_ddv"": 10000000.0, ""min_price"": 5.0, ""regime"": ""spy200"", ""trend"": true, ""mom_min"": 0.15, ""rsi2_max"": 100.0, ""rsi14_max"": 100.0, ""ret21_max"": -0.02, ""dist_ema20_max"": 1.0, ""dist_ema50_min"": -1.0, ""dist_hh60_min"": -1.0, ""atr_ratio_max"": 10.0, ""vol_ratio_min"": 0.0, ""up_close"": true, ""strong_close"": true}",6548,934.696910441924,0.33674404398289554,0.29654507461667673,1.4157136683226115,43.0,0.002596212583995113,0.07658060699686015,0.02075635595260825,0.12164190000133207,4851,1211.9199178644762,0.3172541743970315,0.22609406091280673,1.3120603740327015,43.0,0.0016491445062873633,0.09211371779036423,0.01885851000051282,0.11051964000300538,6837,1708.0800821355235,0.3562966213251426,0.2715925395869733,1.398016977453421,35.0,0.07839695772999854,0.0900688402874208,0.02583369469090576,0.1860026017745215
pullback,1.0,0.5,37073,"{""family"": ""pullback"", ""min_ddv"": 10000000.0, ""min_price"": 5.0, ""regime"": ""spy200"", ""trend"": true, ""mom_min"": -1.0, ""rsi2_max"": 100.0, ""rsi14_max"": 100.0, ""ret21_max"": -0.05, ""dist_ema20_max"": 1.0, ""dist_ema50_min"": -1.0, ""dist_hh60_min"": -1.0, ""atr_ratio_max"": 10.0, ""vol_ratio_min"": 0.0, ""up_close"": true, ""strong_close"": false}",11751,1677.4012514665624,0.6950046804527275,-0.034192763678496725,0.8991267575494856,2.0,0.0,0.026112020594400494,-0.0009782679792301298,-0.12326176538299635,10858,2712.6420260095824,0.6543562350340763,-0.07208874603351202,0.8080942137249348,2.0,0.0,0.036394959649578576,-0.003213999531645315,-0.4049639409873097,14119,3527.33401779603,0.6711523478999929,-0.04215847714797487,0.8823254452389439,2.0,0.00191231673631277,0.034523044003647176,-0.0016503445812777978,-0.20794341724100252
pullback,1.0,0.75,37073,"{""family"": ""pullback"", ""min_ddv"": 10000000.0, ""min_price"": 5.0, ""regime"": ""spy200"", ""trend"": true, ""mom_min"": -1.0, ""rsi2_max"": 100.0, ""rsi14_max"": 100.0, ""ret21_max"": -0.05, ""dist_ema20_max"": 1.0, ""dist_ema50_min"": -1.0, ""dist_hh60_min"": -1.0, ""atr_ratio_max"": 10.0, ""vol_ratio_min"": 0.0, ""up_close"": true, ""strong_close"": false}",11751,1677.4012514665624,0.6090545485490596,-0.010980950879425334,0.9748741041632492,2.0,0.0,0.026112020594400494,-0.00035832834489237333,-0.04514937145643904,10858,2712.6420260095824,0.5615214588321975,-0.07388606338243281,0.8462496327368025,2.0,0.0,0.036394959649578576,-0.0034645009614744904,-0.4365271211457858,14119,3527.33401779603,0.584460655853814,-0.024777777575910917,0.9452955565192886,2.0,0.0026914087399957506,0.034523044003647176,-0.0011219449141712814,-0.14136505918558145
pullback,1.0,1.0,37073,"{""family"": ""pullback"", ""min_ddv"": 10000000.0, ""min_price"": 5.0, ""regime"": ""spy200"", ""trend"": true, ""mom_min"": -1.0, ""rsi2_max"": 100.0, ""rsi14_max"": 100.0, ""ret21_max"": -0.05, ""dist_ema20_max"": 1.0, ""dist_ema50_min"": -1.0, ""dist_hh60_min"": -1.0, ""atr_ratio_max"": 10.0, ""vol_ratio_min"": 0.0, ""up_close"": true, ""strong_close"": false}",11751,1677.4012514665624,0.5437835077865714,0.011551994129846428,1.0225861066893986,3.0,0.0,0.026112020594400494,0.0002702549817945445,0.022701418470741738,10858,2712.6420260095824,0.49281635660342604,-0.07230816922270278,0.8699572852471563,3.0,0.0,0.036394959649578576,-0.003479424155159426,-0.2922716290333918,14119,3527.33401779603,0.5171046108081309,-0.014861539664315134,0.9718492491213211,3.0,0.0035413272894680927,0.034523044003647176,-0.0011240206370446751,-0.09441773351175271
pullback,1.0,1.5,37073,"{""family"": ""pullback"", ""min_ddv"": 10000000.0, ""min_price"": 5.0, ""regime"": ""spy200"", ""trend"": true, ""mom_min"": -1.0, ""rsi2_max"": 100.0, ""rsi14_max"": 100.0, ""ret21_max"": -0.05, ""dist_ema20_max"": 1.0, ""dist_ema50_min"": -1.0, ""dist_hh60_min"": -1.0, ""atr_ratio_max"": 10.0, ""vol_ratio_min"": 0.0, ""up_close"": true, ""strong_close"": false}",11751,1677.4012514665624,0.4474512807420645,0.040169929351294695,1.0645140682448495,4.0,0.0,0.026112020594400494,0.0009154184309048189,0.05767136114700359,10858,2712.6420260095824,0.3896666052680052,-0.08685054753878564,0.8706438424243982,4.0,0.0,0.036394959649578576,-0.004400190344963217,-0.2772119917326827,14119,3527.33401779603,0.42347191727459454,0.004052040138999364,1.006380101961082,4.0,0.005170337842623415,0.034523044003647176,-0.0008995672879996529,-0.05667273914397813
pullback,1.0,2.0,37073,"{""family"": ""pullback"", ""min_ddv"": 10000000.0, ""min_price"": 5.0, ""regime"": ""spy200"", ""trend"": true, ""mom_min"": -1.0, ""rsi2_max"": 100.0, ""rsi14_max"": 100.0, ""ret21_max"": -0.05, ""dist_ema20_max"": 1.0, ""dist_ema50_min"": -1.0, ""dist_hh60_min"": -1.0, ""atr_ratio_max"": 10.0, ""vol_ratio_min"": 0.0, ""up_close"": true, ""strong_close"": false}",11751,1677.4012514665624,0.38218023997957623,0.06405812392646795,1.0918537886844197,5.0,0.0,0.026112020594400494,0.0013612491289862873,0.06860695610090888,10858,2712.6420260095824,0.32538220666789464,-0.09187998656578554,0.8766470149410656,5.0,0.0,0.036394959649578576,-0.005120152380691398,-0.2580556799868464,14119,3527.33401779603,0.3594447198810114,0.016211730921210827,1.0228545727656995,5.0,0.006941001487357461,0.034523044003647176,-0.0005401621464883598,-0.027224172183013335
pullback,1.0,3.0,37073,"{""family"": ""pullback"", ""min_ddv"": 10000000.0, ""min_price"": 5.0, ""regime"": ""spy200"", ""trend"": true, ""mom_min"": -1.0, ""rsi2_max"": 100.0, ""rsi14_max"": 100.0, ""ret21_max"": -0.05, ""dist_ema20_max"": 1.0, ""dist_ema50_min"": -1.0, ""dist_hh60_min"": -1.0, ""atr_ratio_max"": 10.0, ""vol_ratio_min"": 0.0, ""up_close"": true, ""strong_close"": false}",11751,1677.4012514665624,0.29299634073695857,0.08375038395178376,1.1045015718988405,6.0,0.0,0.026112020594400494,0.0017244005505008353,0.07242482312103508,10858,2712.6420260095824,0.2540062626634739,-0.06563833380222116,0.9209668579457951,6.0,0.0,0.036394959649578576,-0.004417020485333936,-0.18551486038402532,14119,3527.33401779603,0.2770026205821942,0.03291292855007449,1.0409221845046195,6.0,0.009419930589985127,0.034523044003647176,-0.00026959195467256687,-0.01132286209624781
pullback,1.5,0.5,37073,"{""family"": ""pullback"", ""min_ddv"": 10000000.0, ""min_price"": 5.0, ""regime"": ""spy200"", ""trend"": true, ""mom_min"": -1.0, ""rsi2_max"": 100.0, ""rsi14_max"": 100.0, ""ret21_max"": -0.05, ""dist_ema20_max"": 1.0, ""dist_ema50_min"": -1.0, ""dist_hh60_min"": -1.0, ""atr_ratio_max"": 10.0, ""vol_ratio_min"": 0.0, ""up_close"": true, ""strong_close"": false}",11698,1669.8357450136878,0.7037100359035733,0.00661394746810173,1.0203897844013183,3.0,0.0,0.03907106513970618,0.00024248728212136663,0.020368931698194797,10303,2573.986995208761,0.6705813840628942,-0.030286689518619674,0.9146918332198526,3.0,0.0,0.052864173244842695,-0.0016267454904969468,-0.13664662120174353,13672,3415.6605065023955,0.6865857226448215,0.002355162015411804,1.0070363433885556,3.0,0.0032182562902282035,0.05088621227559421,-4.053466182718545e-05,-0.003404911593483578
pullback,1.5,0.75,37073,"{""family"": ""pullback"", ""min_ddv"": 10000000.0, ""min_price"": 5.0, ""regime"": ""spy200"", ""trend"": true, ""mom_min"": -1.0, ""rsi2_max"": 100.0, ""rsi14_max"": 100.0, ""ret21_max"": -0.05, ""dist_ema20_max"": 1.0, ""dist_ema50_min"": -1.0, ""dist_hh60_min"": -1.0, ""atr_ratio_max"": 10.0, ""vol_ratio_min"": 0.0, ""up_close"": true, ""strong_close"": false}",11698,1669.8357450136878,0.6173704906821679,0.03128209430751496,1.074382871927361,4.0,0.0,0.03907106513970618,0.0011900694617682074,0.07497437609139707,10303,2573.986995208761,0.5752693390274677,-0.02993410057485539,0.9346530514335376,4.0,0.0,0.052864173244842695,-0.0017046238157876735,-0.10739130039462343,13672,3415.6605065023955,0.5978642480983031,0.016757236080827083,1.0388357006336915,4.0,0.005339379754242247,0.05088621227559421,0.00039102806646759697,0.02463476818745861
pullback,1.5,1.0,37073,"{""family"": ""pullback"", ""min_ddv"": 10000000.0, ""min_price"": 5.0, ""regime"": ""spy200"", ""trend"": true, ""mom_min"": -1.0, ""rsi2_max"": 100.0, ""rsi14_max"": 100.0, ""ret21_max"": -0.05, ""dist_ema20_max"": 1.0, ""dist_ema50_min"": -1.0, ""dist_hh60_min"": -1.0, ""atr_ratio_max"": 10.0, ""vol_ratio_min"": 0.0, ""up_close"": true, ""strong_close"": false}",11698,1669.8357450136878,0.5491537014874337,0.0472350039253874,1.0950559335142627,5.0,0.0,0.03907106513970618,0.0017119755232292899,0.08628356637075621,10303,2573.986995208761,0.5077161991652916,-0.023952214053236574,0.9549123708023626,5.0,0.0,0.052864173244842695,-0.0015141572403878346,-0.07631352491554685,13672,3415.6605065023955,0.5318168519602107,0.033192195796921856,1.0657640378460342,5.0,0.007387361029842013,0.05088621227559421,0.0011393066730356431,0.05742105632099641
pullback,1.5,1.5,37073,"{""family"": ""pullback"", ""min_ddv"": 10000000.0, ""min_price"": 5.0, ""regime"": ""spy200"", ""trend"": true, ""mom_min"": -1.0, ""rsi2_max"": 100.0, ""rsi14_max"": 100.0, ""ret21_max"": -0.05, ""dist_ema20_max"": 1.0, ""dist_ema50_min"": -1.0, ""dist_hh60_min"": -1.0, ""atr_ratio_max"": 10.0, ""vol_ratio_min"": 0.0, ""up_close"": true, ""strong_close"": false}",11698,1669.8357450136878,0.4528124465720636,0.07724866043780779,1.1280552339013494,7.0,0.0,0.03907106513970618,0.002668195334555576,0.09605503204400072,10303,2573.986995208761,0.4151218091817917,-0.008190896622480029,0.9870588495678565,8.0,0.0,0.052864173244842695,-0.000995375421803931,-0.031354325786823824,13672,3415.6605065023955,0.4402428320655354,0.06296979464627243,1.1035834771036592,7.0,0.01075190169689877,0.05088621227559421,0.0026732883945173266,0.09623838220262375
pullback,1.5,2.0,37073,"{""family"": ""pullback"", ""min_ddv"": 10000000.0, ""min_price"": 5.0, ""regime"": ""spy200"", ""trend"": true, ""mom_min"": -1.0, ""rsi2_max"": 100.0, ""rsi14_max"": 100.0, ""ret21_max"": -0.05, ""dist_ema20_max"": 1.0, ""dist_ema50_min"": -1.0, ""dist_hh60_min"": -1.0, ""atr_ratio_max"": 10.0, ""vol_ratio_min"": 0.0, ""up_close"": true, ""strong_close"": false}",11698,1669.8357450136878,0.3836553256967003,0.09180799729625658,1.1349907828748438,9.0,0.0,0.03907106513970618,0.002915969894388319,0.08164715704287293,10303,2573.986995208761,0.356109870911385,0.014429494465680412,1.0205733342028998,9.0,0.0,0.052864173244842695,-0.0001384952368755178,-0.003877866632514498,13672,3415.6605065023955,0.3744148624926858,0.07509314087936622,1.1101651001169603,9.0,0.013750731421884143,0.05088621227559421,0.002890134135781063,0.08092375580186977
pullback,1.5,3.0,37073,"{""family"": ""pullback"", ""min_ddv"": 10000000.0, ""min_price"": 5.0, ""regime"": ""spy200"", ""trend"": true, ""mom_min"": -1.0, ""rsi2_max"": 100.0, ""rsi14_max"": 100.0, ""ret21_max"": -0.05, ""dist_ema20_max"": 1.0, ""dist_ema50_min"": -1.0, ""dist_hh60_min"": -1.0, ""atr_ratio_max"": 10.0, ""vol_ratio_min"": 0.0, ""up_close"": true, ""strong_close"": false}",11698,1669.8357450136878,0.29825611215592407,0.1239973737297246,1.1595267864793644,12.0,0.0,0.03907106513970618,0.0031453093234216833,0.06605149579185535,10303,2573.986995208761,0.2810831796564108,0.0641156035611972,1.0814586199215113,12.0,0.0,0.052864173244842695,0.0032070119878440276,0.06734725174472457,13672,3415.6605065023955,0.3020772381509655,0.13066945504212563,1.1710642441674581,11.0,0.02186951433586893,0.05088621227559421,0.005979959950706864,0.13699544614346634
pullback,2.0,0.5,37073,"{""family"": ""pullback"", ""min_ddv"": 10000000.0, ""min_price"": 5.0, ""regime"": ""spy200"", ""trend"": true, ""mom_min"": -1.0, ""rsi2_max"": 100.0, ""rsi14_max"": 100.0, ""ret21_max"": -0.05, ""dist_ema20_max"": 1.0, ""dist_ema50_min"": -1.0, ""dist_hh60_min"": -1.0, ""atr_ratio_max"": 10.0, ""vol_ratio_min"": 0.0, ""up_close"": true, ""strong_close"": false}",11551,1648.8521705123192,0.7108475456670418,0.031716465932253045,1.101347815005163,4.0,0.0,0.05179586366929104,0.0018709091692344776,0.11786727766177209,9612,2401.3552361396305,0.6858094049105286,0.0019609066346784046,1.0058523832053168,5.0,0.0,0.06762254887069921,0.0008108075702890057,0.040864701542565884,12975,3241.52977412731,0.6994990366088631,0.03302897305790787,1.1042964286604044,4.0,0.006628131021194605,0.06589601487887811,0.00207058919802198,0.13044711947538476
pullback,2.0,0.75,37073,"{""family"": ""pullback"", ""min_ddv"": 10000000.0, ""min_price"": 5.0, ""regime"": ""spy200"", ""trend"": true, ""mom_min"": -1.0, ""rsi2_max"": 100.0, ""rsi14_max"": 100.0, ""ret21_max"": -0.05, ""dist_ema20_max"": 1.0, ""dist_ema50_min"": -1.0, ""dist_hh60_min"": -1.0, ""atr_ratio_max"": 10.0, ""vol_ratio_min"": 0.0, ""up_close"": true, ""strong_close"": false}",11551,1648.8521705123192,0.6248809626872133,0.058944232466010674,1.1449981995311236,6.0,0.0,0.05179586366929104,0.00301112527158581,0.12646726140660403,9612,2401.3552361396305,0.5912401165210154,0.006560942629883055,1.0150384971497115,7.0,0.0,0.06762254887069921,0.0007535767184645407,0.027128761864723464,12975,3241.52977412731,0.6103275529865125,0.0526774985398093,1.1281007498158364,6.0,0.010558766859344895,0.06589601487887811,0.00336951395573133,0.1415195861407159
pullback,2.0,1.0,37073,"{""family"": ""pullback"", ""min_ddv"": 10000000.0, ""min_price"": 5.0, ""regime"": ""spy200"", ""trend"": true, ""mom_min"": -1.0, ""rsi2_max"": 100.0, ""rsi14_max"": 100.0, ""ret21_max"": -0.05, ""dist_ema20_max"": 1.0, ""dist_ema50_min"": -1.0, ""dist_hh60_min"": -1.0, ""atr_ratio_max"": 10.0, ""vol_ratio_min"": 0.0, ""up_close"": true, ""strong_close"": false}",11551,1648.8521705123192,0.5603843823045623,0.08427772587400477,1.1769319618489817,8.0,0.0,0.05179586366929104,0.004167225955397532,0.13126761759502226,9612,2401.3552361396305,0.523304203079484,0.015247792945996874,1.0299325092471432,9.0,0.0,0.06762254887069921,0.0010158146351710215,0.028442809784788605,12975,3241.52977412731,0.5461271676300578,0.07323436667519309,1.1521343081544815,8.0,0.01348747591522158,0.06589601487887811,0.0047537813651729955,0.14974411300294935
pullback,2.0,1.5,37073,"{""family"": ""pullback"", ""min_ddv"": 10000000.0, ""min_price"": 5.0, ""regime"": ""spy200"", ""trend"": true, ""mom_min"": -1.0, ""rsi2_max"": 100.0, ""rsi14_max"": 100.0, ""ret21_max"": -0.05, ""dist_ema20_max"": 1.0, ""dist_ema50_min"": -1.0, ""dist_hh60_min"": -1.0, ""atr_ratio_max"": 10.0, ""vol_ratio_min"": 0.0, ""up_close"": true, ""strong_close"": false}",11551,1648.8521705123192,0.45545840186996794,0.09638809804160425,1.1631722150757062,12.0,0.0,0.05179586366929104,0.004375348660009667,0.09188232186020301,9612,2401.3552361396305,0.43508114856429464,0.05015891524462605,1.0827160189984184,12.0,0.0,0.06762254887069921,0.0029845622236525184,0.06267580669670289,12975,3241.52977412731,0.4549518304431599,0.10956431688824779,1.1888793991157347,11.0,0.01934489402697495,0.06589601487887811,0.007187255253602854,0.16465348399162902
pullback,2.0,2.0,37073,"{""family"": ""pullback"", ""min_ddv"": 10000000.0, ""min_price"": 5.0, ""regime"": ""spy200"", ""trend"": true, ""mom_min"": -1.0, ""rsi2_max"": 100.0, ""rsi14_max"": 100.0, ""ret21_max"": -0.05, ""dist_ema20_max"": 1.0, ""dist_ema50_min"": -1.0, ""dist_hh60_min"": -1.0, ""atr_ratio_max"": 10.0, ""vol_ratio_min"": 0.0, ""up_close"": true, ""strong_close"": false}",11551,1648.8521705123192,0.3878452082070816,0.11492658667012601,1.1726445554444112,16.0,0.0,0.05179586366929104,0.004213125809798819,0.0663567315043314,9612,2401.3552361396305,0.37494798168955473,0.08159413475011969,1.1211576406818353,16.0,0.0,0.06762254887069921,0.005313294003332114,0.08368438055248079,12975,3241.52977412731,0.394373795761079,0.13537006451951436,1.208859103879764,14.0,0.02666666666666667,0.06589601487887811,0.008735227640057302,0.15723409752103143
pullback,2.0,3.0,37073,"{""family"": ""pullback"", ""min_ddv"": 10000000.0, ""min_price"": 5.0, ""regime"": ""spy200"", ""trend"": true, ""mom_min"": -1.0, ""rsi2_max"": 100.0, ""rsi14_max"": 100.0, ""ret21_max"": -0.05, ""dist_ema20_max"": 1.0, ""dist_ema50_min"": -1.0, ""dist_hh60_min"": -1.0, ""atr_ratio_max"": 10.0, ""vol_ratio_min"": 0.0, ""up_close"": true, ""strong_close"": false}",11551,1648.8521705123192,0.31010302138343,0.18467223694641188,1.2456546623908757,21.0,0.0,0.05179586366929104,0.00790555258267931,0.09486663099215173,9612,2401.3552361396305,0.2915106117353308,0.11765598178435548,1.1541634793438356,20.0,0.0,0.06762254887069921,0.007443221697142912,0.09378459338400069,12975,3241.52977412731,0.32007707129094415,0.17803731023977787,1.2419572928330667,18.0,0.04416184971098266,0.06589601487887811,0.01224573798369602,0.17144033177174428
pullback,3.0,0.5,37073,"{""family"": ""pullback"", ""min_ddv"": 10000000.0, ""min_price"": 5.0, ""regime"": ""spy200"", ""trend"": true, ""mom_min"": -1.0, ""rsi2_max"": 100.0, ""rsi14_max"": 100.0, ""ret21_max"": -0.05, ""dist_ema20_max"": 1.0, ""dist_ema50_min"": -1.0, ""dist_hh60_min"": -1.0, ""atr_ratio_max"": 10.0, ""vol_ratio_min"": 0.0, ""up_close"": true, ""strong_close"": false}",10787,1539.7946812671098,0.7261518494484102,0.06841909209380889,1.2342000009113205,8.0,0.0,0.07510961026938895,0.005406406561128429,0.1703018066755455,7630,1906.1943874058863,0.7017038007863696,0.03289199266069662,1.104024288958126,9.0,0.0,0.09003672530339848,0.002714395674261022,0.07600307887930863,10674,2666.6735112936344,0.7202548248079446,0.06797056224745672,1.2314131142447964,8.0,0.00983698707138842,0.09013520564947175,0.0059863073529403295,0.1885686816176204
pullback,3.0,0.75,37073,"{""family"": ""pullback"", ""min_ddv"": 10000000.0, ""min_price"": 5.0, ""regime"": ""spy200"", ""trend"": true, ""mom_min"": -1.0, ""rsi2_max"": 100.0, ""rsi14_max"": 100.0, ""ret21_max"": -0.05, ""dist_ema20_max"": 1.0, ""dist_ema50_min"": -1.0, ""dist_hh60_min"": -1.0, ""atr_ratio_max"": 10.0, ""vol_ratio_min"": 0.0, ""up_close"": true, ""strong_close"": false}",10787,1539.7946812671098,0.6403077778807824,0.09731663381749392,1.2541063824412884,12.0,0.0,0.07510961026938895,0.0071324752318124955,0.1497819798680624,7630,1906.1943874058863,0.6178243774574049,0.05867767509995945,1.1447080490350994,13.0,0.0,0.09003672530339848,0.0045034999400067445,0.0872986142216692,10674,2666.6735112936344,0.6374367622259697,0.09893094420680001,1.2588950207988068,12.0,0.015645493723065392,0.09013520564947175,0.00864234680546359,0.1814892829147354
pullback,3.0,1.0,37073,"{""family"": ""pullback"", ""min_ddv"": 10000000.0, ""min_price"": 5.0, ""regime"": ""spy200"", ""trend"": true, ""mom_min"": -1.0, ""rsi2_max"": 100.0, ""rsi14_max"": 100.0, ""ret21_max"": -0.05, ""dist_ema20_max"": 1.0, ""dist_ema50_min"": -1.0, ""dist_hh60_min"": -1.0, ""atr_ratio_max"": 10.0, ""vol_ratio_min"": 0.0, ""up_close"": true, ""strong_close"": false}",10787,1539.7946812671098,0.5719847965143228,0.11736005235483614,1.2574639386543034,17.0,0.0,0.07510961026938895,0.008577798028805891,0.12715324136818146,7630,1906.1943874058863,0.5600262123197903,0.09423995589237529,1.2011897561222453,17.0,0.0,0.09003672530339848,0.007518343252828695,0.1114483823360489,10674,2666.6735112936344,0.5762600712010493,0.13062579652158796,1.293015334327979,16.0,0.021547685965898445,0.09013520564947175,0.011542856390460278,0.18179998814974938
pullback,3.0,1.5,37073,"{""family"": ""pullback"", ""min_ddv"": 10000000.0, ""min_price"": 5.0, ""regime"": ""spy200"", ""trend"": true, ""mom_min"": -1.0, ""rsi2_max"": 100.0, ""rsi14_max"": 100.0, ""ret21_max"": -0.05, ""dist_ema20_max"": 1.0, ""dist_ema50_min"": -1.0, ""dist_hh60_min"": -1.0, ""atr_ratio_max"": 10.0, ""vol_ratio_min"": 0.0, ""up_close"": true, ""strong_close"": false}",10787,1539.7946812671098,0.48169092426068416,0.17343795210750376,1.3137544395521212,26.0,0.0,0.07510961026938895,0.012346837072943947,0.11966934393776442,7630,1906.1943874058863,0.4672346002621232,0.13894171640440603,1.2453222184552943,25.0,0.0,0.09003672530339848,0.011697178506800666,0.11790755934855073,10674,2666.6735112936344,0.4954094060333521,0.19218583542773043,1.3614994746938527,22.0,0.03859846355630504,0.09013520564947175,0.01791640467329501,0.20522427171228833
pullback,3.0,2.0,37073,"{""family"": ""pullback"", ""min_ddv"": 10000000.0, ""min_price"": 5.0, ""regime"": ""spy200"", ""trend"": true, ""mom_min"": -1.0, ""rsi2_max"": 100.0, ""rsi14_max"": 100.0, ""ret21_max"": -0.05, ""dist_ema20_max"": 1.0, ""dist_ema50_min"": -1.0, ""dist_hh60_min"": -1.0, ""atr_ratio_max"": 10.0, ""vol_ratio_min"": 0.0, ""up_close"": true, ""strong_close"": false}",10787,1539.7946812671098,0.4198572355613238,0.22340266219639687,1.3603496657958847,34.0,0.00018540836191712246,0.07510961026938895,0.01562734518568805,0.11582620549392318,7630,1906.1943874058863,0.3982961992136304,0.16476927855040094,1.2582012284345194,32.0,0.0001310615989515072,0.09003672530339848,0.013706624427945296,0.1079396673700692,10674,2666.6735112936344,0.4362001124227094,0.22571543526091226,1.3776706088198356,28.0,0.05705452501405284,0.09013520564947175,0.021233127382658736,0.1910981464439286
pullback,3.0,3.0,37073,"{""family"": ""pullback"", ""min_ddv"": 10000000.0, ""min_price"": 5.0, ""regime"": ""spy200"", ""trend"": true, ""mom_min"": -1.0, ""rsi2_max"": 100.0, ""rsi14_max"": 100.0, ""ret21_max"": -0.05, ""dist_ema20_max"": 1.0, ""dist_ema50_min"": -1.0, ""dist_hh60_min"": -1.0, ""atr_ratio_max"": 10.0, ""vol_ratio_min"": 0.0, ""up_close"": true, ""strong_close"": false}",10787,1539.7946812671098,0.34207842773709096,0.3216076800586906,1.4567659198051623,46.0,0.0021321961620469083,0.07510961026938895,0.021114133010736568,0.11566872866751338,7630,1906.1943874058863,0.2948885976408912,0.13776122772055463,1.1841196863325203,44.0,0.001965923984272608,0.09003672530339848,0.011539042090633814,0.06608724106453912,10674,2666.6735112936344,0.3687464867903317,0.30248177589209646,1.4505185399816536,36.0,0.0903129098744613,0.09013520564947175,0.027345756829731158,0.19142029780811812
pullback,1.0,0.5,33699,"{""family"": ""pullback"", ""min_ddv"": 10000000.0, ""min_price"": 5.0, ""regime"": ""spy200"", ""trend"": true, ""mom_min"": 0.0, ""rsi2_max"": 100.0, ""rsi14_max"": 100.0, ""ret21_max"": -0.05, ""dist_ema20_max"": 1.0, ""dist_ema50_min"": -1.0, ""dist_hh60_min"": -1.0, ""atr_ratio_max"": 10.0, ""vol_ratio_min"": 0.0, ""up_close"": true, ""strong_close"": false}",10744,1533.6566288619476,0.6936895011169024,-0.03562715924727622,0.8952891024454732,2.0,0.0,0.026205354690901305,-0.0010678981670947587,-0.1345551690539396,9752,2436.331279945243,0.6533018867924528,-0.07285025204796595,0.8064355075682361,2.0,0.0,0.03678806540842118,-0.003317109897958519,-0.4179558471427734,12865,3214.0485968514713,0.6710454722114263,-0.04134484371551388,0.8843981890611871,2.0,0.0020209871745044696,0.03470206133417785,-0.0015484876537440997,-0.19510944437175656
pullback,1.0,0.75,33699,"{""family"": ""pullback"", ""min_ddv"": 10000000.0, ""min_price"": 5.0, ""regime"": ""spy200"", ""trend"": true, ""mom_min"": 0.0, ""rsi2_max"": 100.0, ""rsi14_max"": 100.0, ""ret21_max"": -0.05, ""dist_ema20_max"": 1.0, ""dist_ema50_min"": -1.0, ""dist_hh60_min"": -1.0, ""atr_ratio_max"": 10.0, ""vol_ratio_min"": 0.0, ""up_close"": true, ""strong_close"": false}",10744,1533.6566288619476,0.6098287416232315,-0.008695147781963548,0.980062155095586,2.0,0.0,0.026205354690901305,-0.000338944258704144,-0.04270697659672214,9752,2436.331279945243,0.559577522559475,-0.07600236026699826,0.8421489689984464,2.0,0.0,0.03678806540842118,-0.003678462063282369,-0.4634862199735785,12865,3214.0485968514713,0.5833657209483094,-0.025527024077116246,0.9436633310796771,2.0,0.0027205596579867857,0.03470206133417785,-0.001085958594869724,-0.13683078295358522
pullback,1.0,1.0,33699,"{""family"": ""pullback"", ""min_ddv"": 10000000.0, ""min_price"": 5.0, ""regime"": ""spy200"", ""trend"": true, ""mom_min"": 0.0, ""rsi2_max"": 100.0, ""rsi14_max"": 100.0, ""ret21_max"": -0.05, ""dist_ema20_max"": 1.0, ""dist_ema50_min"": -1.0, ""dist_hh60_min"": -1.0, ""atr_ratio_max"": 10.0, ""vol_ratio_min"": 0.0, ""up_close"": true, ""strong_close"": false}",10744,1533.6566288619476,0.5459791511541325,0.016991821118401012,1.0333910010591887,3.0,0.0,0.026205354690901305,0.0003573667201231685,0.030018804490346152,9752,2436.331279945243,0.49128383921246926,-0.07504912791871202,0.8651780990150891,3.0,0.0,0.03678806540842118,-0.0037338710263244714,-0.3136451662112556,12865,3214.0485968514713,0.5164399533618345,-0.015146722417873687,0.9713070115931529,3.0,0.0034201321414691023,0.03470206133417785,-0.0011009900747323536,-0.0924831662775177
pullback,1.0,1.5,33699,"{""family"": ""pullback"", ""min_ddv"": 10000000.0, ""min_price"": 5.0, ""regime"": ""spy200"", ""trend"": true, ""mom_min"": 0.0, ""rsi2_max"": 100.0, ""rsi14_max"": 100.0, ""ret21_max"": -0.05, ""dist_ema20_max"": 1.0, ""dist_ema50_min"": -1.0, ""dist_hh60_min"": -1.0, ""atr_ratio_max"": 10.0, ""vol_ratio_min"": 0.0, ""up_close"": true, ""strong_close"": false}",10744,1533.6566288619476,0.44946016381236037,0.046695883772284626,1.0753606748438613,4.0,0.0,0.026205354690901305,0.0009867870586526626,0.062167584695117746,9752,2436.331279945243,0.3862797374897457,-0.09530508164206741,0.8585060618131065,4.0,0.0,0.03678806540842118,-0.004872440113282853,-0.30696372713681974,12865,3214.0485968514713,0.42176447726389427,-0.0006231115330507868,0.9990200792540042,4.0,0.004974737660318694,0.03470206133417785,-0.0010903148379022413,-0.0686898347878412
pullback,1.0,2.0,33699,"{""family"": ""pullback"", ""min_ddv"": 10000000.0, ""min_price"": 5.0, ""regime"": ""spy200"", ""trend"": true, ""mom_min"": 0.0, ""rsi2_max"": 100.0, ""rsi14_max"": 100.0, ""ret21_max"": -0.05, ""dist_ema20_max"": 1.0, ""dist_ema50_min"": -1.0, ""dist_hh60_min"": -1.0, ""atr_ratio_max"": 10.0, ""vol_ratio_min"": 0.0, ""up_close"": true, ""strong_close"": false}",10744,1533.6566288619476,0.3855174981384959,0.0757105523919578,1.1092982015512118,5.0,0.0,0.026205354690901305,0.0015654726042914375,0.07889981925628844,9752,2436.331279945243,0.3226004922067268,-0.099631753671982,0.866358389699089,5.0,0.0,0.03678806540842118,-0.00560581261802633,-0.282532955948527,12865,3214.0485968514713,0.3577147298872911,0.009592021432656413,1.0135029823352264,5.0,0.006684803731053245,0.03470206133417785,-0.0008410410890217712,-0.04238847088669727
pullback,1.0,3.0,33699,"{""family"": ""pullback"", ""min_ddv"": 10000000.0, ""min_price"": 5.0, ""regime"": ""spy200"", ""trend"": true, ""mom_min"": 0.0, ""rsi2_max"": 100.0, ""rsi14_max"": 100.0, ""ret21_max"": -0.05, ""dist_ema20_max"": 1.0, ""dist_ema50_min"": -1.0, ""dist_hh60_min"": -1.0, ""atr_ratio_max"": 10.0, ""vol_ratio_min"": 0.0, ""up_close"": true, ""strong_close"": false}",10744,1533.6566288619476,0.297933730454207,0.10627631535427677,1.1336801853091938,6.0,0.0,0.026205354690901305,0.0022335507097367467,0.09380912980894336,9752,2436.331279945243,0.25133305988515175,-0.07437528467989835,0.9105449678663228,6.0,0.0,0.03678806540842118,-0.004975996277849564,-0.2089918436696817,12865,3214.0485968514713,0.2760979401476875,0.02925254255392208,1.0363593596047922,6.0,0.009249902837155072,0.03470206133417785,-0.0005093928787310324,-0.021394500906703362
pullback,1.5,0.5,33699,"{""family"": ""pullback"", ""min_ddv"": 10000000.0, ""min_price"": 5.0, ""regime"": ""spy200"", ""trend"": true, ""mom_min"": 0.0, ""rsi2_max"": 100.0, ""rsi14_max"": 100.0, ""ret21_max"": -0.05, ""dist_ema20_max"": 1.0, ""dist_ema50_min"": -1.0, ""dist_hh60_min"": -1.0, ""atr_ratio_max"": 10.0, ""vol_ratio_min"": 0.0, ""up_close"": true, ""strong_close"": false}",10691,1526.091122409073,0.7057337947806567,0.01011051674071603,1.0313535258832813,3.0,0.0,0.03923131606585944,0.00034998298249633574,0.029398570529692202,9213,2301.6735112936344,0.669705850428742,-0.030727751338030997,0.9134362350322839,3.0,0.0,0.05321041809851423,-0.0017208039990108843,-0.1445475359169143,12432,3105.8726899383983,0.6855694980694981,0.0015378242958630493,1.0045868502602298,3.0,0.003297940797940798,0.05103790754036882,-7.474937682405479e-05,-0.006278947653220603
pullback,1.5,0.75,33699,"{""family"": ""pullback"", ""min_ddv"": 10000000.0, ""min_price"": 5.0, ""regime"": ""spy200"", ""trend"": true, ""mom_min"": 0.0, ""rsi2_max"": 100.0, ""rsi14_max"": 100.0, ""ret21_max"": -0.05, ""dist_ema20_max"": 1.0, ""dist_ema50_min"": -1.0, ""dist_hh60_min"": -1.0, ""atr_ratio_max"": 10.0, ""vol_ratio_min"": 0.0, ""up_close"": true, ""strong_close"": false}",10691,1526.091122409073,0.6207090075764662,0.037202280524152184,1.0891385826492224,4.0,0.0,0.03923131606585944,0.0013280212095540538,0.08366533620190539,9213,2301.6735112936344,0.5736459350917182,-0.03323259242409787,0.9275951821457654,4.0,0.0,0.05321041809851423,-0.0019296151533155568,-0.12156575465888009,12432,3105.8726899383983,0.5972490347490348,0.016678069562020253,1.0386535517911932,4.0,0.005308880308880309,0.05103790754036882,0.0003545483429780432,0.02233654560761672
pullback,1.5,1.0,33699,"{""family"": ""pullback"", ""min_ddv"": 10000000.0, ""min_price"": 5.0, ""regime"": ""spy200"", ""trend"": true, ""mom_min"": 0.0, ""rsi2_max"": 100.0, ""rsi14_max"": 100.0, ""ret21_max"": -0.05, ""dist_ema20_max"": 1.0, ""dist_ema50_min"": -1.0, ""dist_hh60_min"": -1.0, ""atr_ratio_max"": 10.0, ""vol_ratio_min"": 0.0, ""up_close"": true, ""strong_close"": false}",10691,1526.091122409073,0.5524272752782714,0.054088767224249455,1.1095359265261877,5.0,0.0,0.03923131606585944,0.0018494930485642076,0.09321444964763606,9213,2301.6735112936344,0.5058070118311082,-0.027850474059829163,0.9476688617636484,6.0,0.0,0.05321041809851423,-0.0017774957146951317,-0.07465482001719553,12432,3105.8726899383983,0.5307271557271557,0.030393966039064014,1.0601762000803288,5.0,0.007158944658944659,0.05103790754036882,0.0008876872805787479,0.0447394389411689
pullback,1.5,1.5,33699,"{""family"": ""pullback"", ""min_ddv"": 10000000.0, ""min_price"": 5.0, ""regime"": ""spy200"", ""trend"": true, ""mom_min"": 0.0, ""rsi2_max"": 100.0, ""rsi14_max"": 100.0, ""ret21_max"": -0.05, ""dist_ema20_max"": 1.0, ""dist_ema50_min"": -1.0, ""dist_hh60_min"": -1.0, ""atr_ratio_max"": 10.0, ""vol_ratio_min"": 0.0, ""up_close"": true, ""strong_close"": false}",10691,1526.091122409073,0.4577682162566645,0.08943422992403305,1.1495032992135157,7.0,0.0,0.03923131606585944,0.002997255271164881,0.10790118976193572,9213,2301.6735112936344,0.4139802453055465,-0.010448435267091489,0.9834871951287548,8.0,0.0,0.05321041809851423,-0.0011719946013716736,-0.03691782994320772,12432,3105.8726899383983,0.4391891891891892,0.0592746003579808,1.0974377162033986,7.0,0.010617760617760617,0.05103790754036882,0.0023250506117279816,0.08370182202220734
pullback,1.5,2.0,33699,"{""family"": ""pullback"", ""min_ddv"": 10000000.0, ""min_price"": 5.0, ""regime"": ""spy200"", ""trend"": true, ""mom_min"": 0.0, ""rsi2_max"": 100.0, ""rsi14_max"": 100.0, ""ret21_max"": -0.05, ""dist_ema20_max"": 1.0, ""dist_ema50_min"": -1.0, ""dist_hh60_min"": -1.0, ""atr_ratio_max"": 10.0, ""vol_ratio_min"": 0.0, ""up_close"": true, ""strong_close"": false}",10691,1526.091122409073,0.38948648395846974,0.1102287544652141,1.1635123521395745,9.0,0.0,0.03923131606585944,0.003527219302141786,0.09876214045997,9213,2301.6735112936344,0.3542819928362097,0.009961260356581177,1.0141840808633893,9.0,0.0,0.05321041809851423,-0.000431699883698731,-0.01208759674356447,12432,3105.8726899383983,0.37395431145431146,0.0731702129911774,1.1073339989533937,9.0,0.013754826254826255,0.05103790754036882,0.0025679931299906417,0.07190380763973797
pullback,1.5,3.0,33699,"{""family"": ""pullback"", ""min_ddv"": 10000000.0, ""min_price"": 5.0, ""regime"": ""spy200"", ""trend"": true, ""mom_min"": 0.0, ""rsi2_max"": 100.0, ""rsi14_max"": 100.0, ""ret21_max"": -0.05, ""dist_ema20_max"": 1.0, ""dist_ema50_min"": -1.0, ""dist_hh60_min"": -1.0, ""atr_ratio_max"": 10.0, ""vol_ratio_min"": 0.0, ""up_close"": true, ""strong_close"": false}",10691,1526.091122409073,0.30259096436254795,0.1411921696314776,1.1825667772339483,12.0,0.0,0.03923131606585944,0.0037925662287230663,0.07964389080318439,9213,2301.6735112936344,0.27949636383371324,0.057746702433386775,1.0732464731233873,12.0,0.0,0.05321041809851423,0.0031611563332732094,0.0663842829987374,12432,3105.8726899383983,0.3008365508365508,0.12337578201696162,1.161244817626938,11.0,0.02212033462033462,0.05103790754036882,0.005450483865871962,0.12486563038179405
pullback,2.0,0.5,33699,"{""family"": ""pullback"", ""min_ddv"": 10000000.0, ""min_price"": 5.0, ""regime"": ""spy200"", ""trend"": true, ""mom_min"": 0.0, ""rsi2_max"": 100.0, ""rsi14_max"": 100.0, ""ret21_max"": -0.05, ""dist_ema20_max"": 1.0, ""dist_ema50_min"": -1.0, ""dist_hh60_min"": -1.0, ""atr_ratio_max"": 10.0, ""vol_ratio_min"": 0.0, ""up_close"": true, ""strong_close"": false}",10545,1505.2502933124756,0.7154101469890943,0.03890170553772364,1.1260576677970278,4.0,0.0,0.05200000200699164,0.0022124997795608826,0.1393874861123356,8566,2140.034223134839,0.6860845201961242,0.002123140439661263,1.006346426586516,5.0,0.0,0.06790762328414425,0.0007339605666113985,0.03699161255721449,11796,2946.981519507187,0.6994743981010512,0.033951920619925406,1.1073769086786054,4.0,0.00678195998643608,0.06611108815110774,0.002236521576754021,0.1409008593355033
pullback,2.0,0.75,33699,"{""family"": ""pullback"", ""min_ddv"": 10000000.0, ""min_price"": 5.0, ""regime"": ""spy200"", ""trend"": true, ""mom_min"": 0.0, ""rsi2_max"": 100.0, ""rsi14_max"": 100.0, ""ret21_max"": -0.05, ""dist_ema20_max"": 1.0, ""dist_ema50_min"": -1.0, ""dist_hh60_min"": -1.0, ""atr_ratio_max"": 10.0, ""vol_ratio_min"": 0.0, ""up_close"": true, ""strong_close"": false}",10545,1505.2502933124756,0.6296823138928402,0.06752038870336564,1.1679643387527658,6.0,0.0,0.05200000200699164,0.003299007438175975,0.13855831240339095,8566,2140.034223134839,0.5890730796170909,0.0024879381592734897,1.0056782796457322,7.0,0.0,0.06790762328414425,0.00037070586135565714,0.013345411008803657,11796,2946.981519507187,0.6108850457782299,0.05292692169951645,1.128975576187175,6.0,0.010342488979315022,0.06611108815110774,0.0034461540461609118,0.1447384699387583
pullback,2.0,1.0,33699,"{""family"": ""pullback"", ""min_ddv"": 10000000.0, ""min_price"": 5.0, ""regime"": ""spy200"", ""trend"": true, ""mom_min"": 0.0, ""rsi2_max"": 100.0, ""rsi14_max"": 100.0, ""ret21_max"": -0.05, ""dist_ema20_max"": 1.0, ""dist_ema50_min"": -1.0, ""dist_hh60_min"": -1.0, ""atr_ratio_max"": 10.0, ""vol_ratio_min"": 0.0, ""up_close"": true, ""strong_close"": false}",10545,1505.2502933124756,0.566239924134661,0.09610321028343313,1.2043071092469133,8.0,0.0,0.05200000200699164,0.004540532932562157,0.14302678737570793,8566,2140.034223134839,0.521363530235816,0.011207623288691746,1.0219331314273177,9.0,0.0,0.06790762328414425,0.0006486855698138429,0.0181631959547876,11796,2946.981519507187,0.5473041709053916,0.07429517850878835,1.1548126829845098,8.0,0.013394370973211257,0.06611108815110774,0.004879814842407224,0.15371416753582756
pullback,2.0,1.5,33699,"{""family"": ""pullback"", ""min_ddv"": 10000000.0, ""min_price"": 5.0, ""regime"": ""spy200"", ""trend"": true, ""mom_min"": 0.0, ""rsi2_max"": 100.0, ""rsi14_max"": 100.0, ""ret21_max"": -0.05, ""dist_ema20_max"": 1.0, ""dist_ema50_min"": -1.0, ""dist_hh60_min"": -1.0, ""atr_ratio_max"": 10.0, ""vol_ratio_min"": 0.0, ""up_close"": true, ""strong_close"": false}",10545,1505.2502933124756,0.4633475580844002,0.11687499263987058,1.2005554476489797,12.0,0.0,0.05200000200699164,0.0053047184429621174,0.11139908730220448,8566,2140.034223134839,0.4327574130282512,0.04430497912435355,1.072779133919213,12.0,0.0,0.06790762328414425,0.002493953126647269,0.05237301565959265,11796,2946.981519507187,0.45651068158697866,0.11305224425239582,1.1954807386251478,11.0,0.019413360461173278,0.06611108815110774,0.007399010143702142,0.16950459601935816
pullback,2.0,2.0,33699,"{""family"": ""pullback"", ""min_ddv"": 10000000.0, ""min_price"": 5.0, ""regime"": ""spy200"", ""trend"": true, ""mom_min"": 0.0, ""rsi2_max"": 100.0, ""rsi14_max"": 100.0, ""ret21_max"": -0.05, ""dist_ema20_max"": 1.0, ""dist_ema50_min"": -1.0, ""dist_hh60_min"": -1.0, ""atr_ratio_max"": 10.0, ""vol_ratio_min"": 0.0, ""up_close"": true, ""strong_close"": false}",10545,1505.2502933124756,0.39516358463726886,0.13673713084890896,1.207614845074837,16.0,0.0,0.05200000200699164,0.005253741797751258,0.08274643331458233,8566,2140.034223134839,0.37380340882558954,0.07661718301425849,1.113497924671997,16.0,0.0,0.06790762328414425,0.004952320868156021,0.07799905367345733,11796,2946.981519507187,0.3950491692099017,0.13589783689626564,1.2098312003135978,14.0,0.02712783994574432,0.06611108815110774,0.008857213850742045,0.15942984931335683
pullback,2.0,3.0,33699,"{""family"": ""pullback"", ""min_ddv"": 10000000.0, ""min_price"": 5.0, ""regime"": ""spy200"", ""trend"": true, ""mom_min"": 0.0, ""rsi2_max"": 100.0, ""rsi14_max"": 100.0, ""ret21_max"": -0.05, ""dist_ema20_max"": 1.0, ""dist_ema50_min"": -1.0, ""dist_hh60_min"": -1.0, ""atr_ratio_max"": 10.0, ""vol_ratio_min"": 0.0, ""up_close"": true, ""strong_close"": false}",10545,1505.2502933124756,0.3161688003793267,0.2088388125195006,1.2800024946590667,21.0,0.0,0.05200000200699164,0.009099628135562452,0.10919553762674943,8566,2140.034223134839,0.2904506187251926,0.11315936876319176,1.1479889243370311,20.0,0.0,0.06790762328414425,0.00722624724668056,0.09105071530817506,11796,2946.981519507187,0.32053238385893523,0.1768445549320372,1.240402604879228,18.0,0.04433706341132587,0.06611108815110774,0.012429689871286929,0.174015658198017
pullback,3.0,0.5,33699,"{""family"": ""pullback"", ""min_ddv"": 10000000.0, ""min_price"": 5.0, ""regime"": ""spy200"", ""trend"": true, ""mom_min"": 0.0, ""rsi2_max"": 100.0, ""rsi14_max"": 100.0, ""ret21_max"": -0.05, ""dist_ema20_max"": 1.0, ""dist_ema50_min"": -1.0, ""dist_hh60_min"": -1.0, ""atr_ratio_max"": 10.0, ""vol_ratio_min"": 0.0, ""up_close"": true, ""strong_close"": false}",9838,1404.3292921392256,0.7320593616588738,0.0777852593873234,1.271946383221124,8.0,0.0,0.07540519769630824,0.006047241295330779,0.19048810080291953,6756,1687.8439425051333,0.6983422143280047,0.02698567112157685,1.084389216710494,9.0,0.0,0.08978287201240578,0.0019858749351905373,0.05560449818533505,9654,2411.848049281314,0.7205303501139424,0.06980663315939546,1.2390132206859819,8.0,0.010047648643049514,0.090152982579143,0.006229666387953209,0.19623449122052608
pullback,3.0,0.75,33699,"{""family"": ""pullback"", ""min_ddv"": 10000000.0, ""min_price"": 5.0, ""regime"": ""spy200"", ""trend"": true, ""mom_min"": 0.0, ""rsi2_max"": 100.0, ""rsi14_max"": 100.0, ""ret21_max"": -0.05, ""dist_ema20_max"": 1.0, ""dist_ema50_min"": -1.0, ""dist_hh60_min"": -1.0, ""atr_ratio_max"": 10.0, ""vol_ratio_min"": 0.0, ""up_close"": true, ""strong_close"": false}",9838,1404.3292921392256,0.6488107338890018,0.11253321282373065,1.3008692144127885,12.0,0.0,0.07540519769630824,0.008283481165528555,0.17395310447609966,6756,1687.8439425051333,0.614712847838958,0.052305748592598685,1.127889269424313,13.0,0.0,0.08978287201240578,0.0036679161336489255,0.07110114351380994,9654,2411.848049281314,0.6395276569297701,0.10466902593891006,1.2763755557454433,12.0,0.01595193702092397,0.090152982579143,0.009298868437322748,0.1952762371837777
pullback,3.0,1.0,33699,"{""family"": ""pullback"", ""min_ddv"": 10000000.0, ""min_price"": 5.0, ""regime"": ""spy200"", ""trend"": true, ""mom_min"": 0.0, ""rsi2_max"": 100.0, ""rsi14_max"": 100.0, ""ret21_max"": -0.05, ""dist_ema20_max"": 1.0, ""dist_ema50_min"": -1.0, ""dist_hh60_min"": -1.0, ""atr_ratio_max"": 10.0, ""vol_ratio_min"": 0.0, ""up_close"": true, ""strong_close"": false}",9838,1404.3292921392256,0.580910754218337,0.13587474639862787,1.3042365226702881,17.0,0.0,0.07540519769630824,0.00993287884724634,0.14724032173565163,6756,1687.8439425051333,0.5559502664298401,0.08519998818407026,1.1799974251684369,18.0,0.0,0.08978287201240578,0.006436099522986179,0.0901053933218065,9654,2411.848049281314,0.5788274290449554,0.13836692939870338,1.3130667110404397,16.0,0.02175264139216905,0.090152982579143,0.012410027719939378,0.1954579365890452
pullback,3.0,1.5,33699,"{""family"": ""pullback"", ""min_ddv"": 10000000.0, ""min_price"": 5.0, ""regime"": ""spy200"", ""trend"": true, ""mom_min"": 0.0, ""rsi2_max"": 100.0, ""rsi14_max"": 100.0, ""ret21_max"": -0.05, ""dist_ema20_max"": 1.0, ""dist_ema50_min"": -1.0, ""dist_hh60_min"": -1.0, ""atr_ratio_max"": 10.0, ""vol_ratio_min"": 0.0, ""up_close"": true, ""strong_close"": false}",9838,1404.3292921392256,0.48922545232770887,0.19221275329523768,1.3526074183226506,26.0,0.0,0.07540519769630824,0.013780330428377431,0.13356320261350432,6756,1687.8439425051333,0.4664002368265246,0.13551148456388573,1.238561149383402,25.0,0.0,0.08978287201240578,0.011239060493300706,0.11328972977247112,9654,2411.848049281314,0.49637455976797185,0.19602309612930555,1.3700987669940212,22.0,0.03936192251916304,0.090152982579143,0.018556062532340233,0.21255126173407904
pullback,3.0,2.0,33699,"{""family"": ""pullback"", ""min_ddv"": 10000000.0, ""min_price"": 5.0, ""regime"": ""spy200"", ""trend"": true, ""mom_min"": 0.0, ""rsi2_max"": 100.0, ""rsi14_max"": 100.0, ""ret21_max"": -0.05, ""dist_ema20_max"": 1.0, ""dist_ema50_min"": -1.0, ""dist_hh60_min"": -1.0, ""atr_ratio_max"": 10.0, ""vol_ratio_min"": 0.0, ""up_close"": true, ""strong_close"": false}",9838,1404.3292921392256,0.42762756657857287,0.24679841900303698,1.40329713561921,34.0,0.00020329335230737954,0.07540519769630824,0.01751764415487469,0.1298366566773065,6756,1687.8439425051333,0.3978685612788632,0.16213212786347547,1.2535486288506033,32.0,0.00014801657785671994,0.08978287201240578,0.013472925948078873,0.10609929184112112,9654,2411.848049281314,0.4372280919825979,0.22960407529518148,1.385871832775679,28.0,0.05759270768593329,0.090152982579143,0.021994428658811564,0.19794985792930406
pullback,3.0,3.0,33699,"{""family"": ""pullback"", ""min_ddv"": 10000000.0, ""min_price"": 5.0, ""regime"": ""spy200"", ""trend"": true, ""mom_min"": 0.0, ""rsi2_max"": 100.0, ""rsi14_max"": 100.0, ""ret21_max"": -0.05, ""dist_ema20_max"": 1.0, ""dist_ema50_min"": -1.0, ""dist_hh60_min"": -1.0, ""atr_ratio_max"": 10.0, ""vol_ratio_min"": 0.0, ""up_close"": true, ""strong_close"": false}",9838,1404.3292921392256,0.34844480585484855,0.34732467232599606,1.498121756604376,47.0,0.002337873551534865,0.07540519769630824,0.023215335151380283,0.12447371187548578,6756,1687.8439425051333,0.29780935464772057,0.1484948692942194,1.198960939211113,44.0,0.0017761989342806395,0.08978287201240578,0.012357707240181941,0.07077595964831475,9654,2411.848049281314,0.3677232235342863,0.299722727002934,1.4466080248088031,36.0,0.09063600580070437,0.090152982579143,0.027522853249938514,0.19265997274956959
pullback,1.0,0.5,20123,"{""family"": ""pullback"", ""min_ddv"": 10000000.0, ""min_price"": 5.0, ""regime"": ""spy200"", ""trend"": true, ""mom_min"": 0.15, ""rsi2_max"": 100.0, ""rsi14_max"": 100.0, ""ret21_max"": -0.05, ""dist_ema20_max"": 1.0, ""dist_ema50_min"": -1.0, ""dist_hh60_min"": -1.0, ""atr_ratio_max"": 10.0, ""vol_ratio_min"": 0.0, ""up_close"": true, ""strong_close"": false}",5138,733.4258897145091,0.6866485013623979,-0.034774598358173536,0.899415791044941,2.0,0.0,0.031547432462807404,-0.0012436794670318222,-0.1567036128460096,6216,1552.9363449691991,0.6425353925353925,-0.08007024348031723,0.792171722764697,2.0,0.0,0.04486461917341428,-0.004148454605577158,-0.5227052803027219,8434,2107.056810403833,0.6636234289779465,-0.044140442190115495,0.8788110675016823,2.0,0.002015650936684847,0.04013184354981856,-0.0019428298654959443,-0.24479656305248898
pullback,1.0,0.75,20123,"{""family"": ""pullback"", ""min_ddv"": 10000000.0, ""min_price"": 5.0, ""regime"": ""spy200"", ""trend"": true, ""mom_min"": 0.15, ""rsi2_max"": 100.0, ""rsi14_max"": 100.0, ""ret21_max"": -0.05, ""dist_ema20_max"": 1.0, ""dist_ema50_min"": -1.0, ""dist_hh60_min"": -1.0, ""atr_ratio_max"": 10.0, ""vol_ratio_min"": 0.0, ""up_close"": true, ""strong_close"": false}",5138,733.4258897145091,0.6017905799922149,-0.01118627733890417,0.9746739092843163,2.0,0.0,0.031547432462807404,-0.0004913756969511388,-0.06191333781584349,6216,1552.9363449691991,0.5471364221364221,-0.09027888216956616,0.8161592988525953,2.0,0.0,0.04486461917341428,-0.0048659496650847655,-0.6131096578006805,8434,2107.056810403833,0.5761204647853925,-0.030929275819866715,0.9325625992404019,2.0,0.002489921745316576,0.04013184354981856,-0.0014031800147319372,-0.17680068185622408
pullback,1.0,1.0,20123,"{""family"": ""pullback"", ""min_ddv"": 10000000.0, ""min_price"": 5.0, ""regime"": ""spy200"", ""trend"": true, ""mom_min"": 0.15, ""rsi2_max"": 100.0, ""rsi14_max"": 100.0, ""ret21_max"": -0.05, ""dist_ema20_max"": 1.0, ""dist_ema50_min"": -1.0, ""dist_hh60_min"": -1.0, ""atr_ratio_max"": 10.0, ""vol_ratio_min"": 0.0, ""up_close"": true, ""strong_close"": false}",5138,733.4258897145091,0.5410665628649279,0.02408450159326622,1.047235869318512,3.0,0.0,0.031547432462807404,0.0004913057424981925,0.041269682369848175,6216,1552.9363449691991,0.4806949806949807,-0.08826502155300839,0.84342385759178,3.0,0.0,0.04486461917341428,-0.004946461149655052,-0.4155027365710244,8434,2107.056810403833,0.5064026559165283,-0.02676882517220594,0.9500731410336741,3.0,0.0034384633625800334,0.04013184354981856,-0.0017543983467810057,-0.14736946112960447
pullback,1.0,1.5,20123,"{""family"": ""pullback"", ""min_ddv"": 10000000.0, ""min_price"": 5.0, ""regime"": ""spy200"", ""trend"": true, ""mom_min"": 0.15, ""rsi2_max"": 100.0, ""rsi14_max"": 100.0, ""ret21_max"": -0.05, ""dist_ema20_max"": 1.0, ""dist_ema50_min"": -1.0, ""dist_hh60_min"": -1.0, ""atr_ratio_max"": 10.0, ""vol_ratio_min"": 0.0, ""up_close"": true, ""strong_close"": false}",5138,733.4258897145091,0.44005449591280654,0.04056306904097098,1.0647666945229275,4.0,0.0,0.031547432462807404,0.0007477211759841039,0.04710643408699855,6216,1552.9363449691991,0.3767696267696268,-0.11678213542209352,0.827891789453717,4.0,0.0,0.04486461917341428,-0.0065514830352513785,-0.41274343122083684,8434,2107.056810403833,0.4058572444866019,-0.03202299262341621,0.9508358100206382,4.0,0.004979843490633152,0.04013184354981856,-0.0025665658541175716,-0.161693648809407
pullback,1.0,2.0,20123,"{""family"": ""pullback"", ""min_ddv"": 10000000.0, ""min_price"": 5.0, ""regime"": ""spy200"", ""trend"": true, ""mom_min"": 0.15, ""rsi2_max"": 100.0, ""rsi14_max"": 100.0, ""ret21_max"": -0.05, ""dist_ema20_max"": 1.0, ""dist_ema50_min"": -1.0, ""dist_hh60_min"": -1.0, ""atr_ratio_max"": 10.0, ""vol_ratio_min"": 0.0, ""up_close"": true, ""strong_close"": false}",5138,733.4258897145091,0.376216426625146,0.061082983769079544,1.0873437443205025,5.0,0.0,0.031547432462807404,0.0011996936824516873,0.060464561595565035,6216,1552.9363449691991,0.31177606177606176,-0.12924681363951,0.8277169304362555,5.0,0.0,0.04486461917341428,-0.00781064616480926,-0.3936565667063867,8434,2107.056810403833,0.34218638842779225,-0.028966552959170562,0.9600595912666752,5.0,0.00652122361868627,0.04013184354981856,-0.0024861129483783654,-0.12530009259826963
pullback,1.0,3.0,20123,"{""family"": ""pullback"", ""min_ddv"": 10000000.0, ""min_price"": 5.0, ""regime"": ""spy200"", ""trend"": true, ""mom_min"": 0.15, ""rsi2_max"": 100.0, ""rsi14_max"": 100.0, ""ret21_max"": -0.05, ""dist_ema20_max"": 1.0, ""dist_ema50_min"": -1.0, ""dist_hh60_min"": -1.0, ""atr_ratio_max"": 10.0, ""vol_ratio_min"": 0.0, ""up_close"": true, ""strong_close"": false}",5138,733.4258897145091,0.285325029194239,0.0707610764306798,1.087812157288449,6.0,0.0,0.031547432462807404,0.001166333657462771,0.04898601361343638,6216,1552.9363449691991,0.24276061776061775,-0.10725767796115855,0.8713925174042593,6.0,0.0,0.04486461917341428,-0.007432720299319411,-0.31217425257141523,8434,2107.056810403833,0.2629831633862936,-0.01457631956508932,0.9821779517370616,6.0,0.00924828076831871,0.04013184354981856,-0.0023092262495744086,-0.09698750248212516
pullback,1.5,0.5,20123,"{""family"": ""pullback"", ""min_ddv"": 10000000.0, ""min_price"": 5.0, ""regime"": ""spy200"", ""trend"": true, ""mom_min"": 0.15, ""rsi2_max"": 100.0, ""rsi14_max"": 100.0, ""ret21_max"": -0.05, ""dist_ema20_max"": 1.0, ""dist_ema50_min"": -1.0, ""dist_hh60_min"": -1.0, ""atr_ratio_max"": 10.0, ""vol_ratio_min"": 0.0, ""up_close"": true, ""strong_close"": false}",5085,725.8603832616348,0.7002949852507374,0.011314013611510092,1.0346153614131548,3.0,0.0,0.04702422693206162,0.0004725535237553259,0.03969449599544738,5695,1422.7754962354552,0.6577699736611062,-0.04538219213783827,0.8764125529832145,3.0,0.0,0.06356629534858137,-0.0026247022880869987,-0.22047499219930788,8016,2002.6283367556468,0.6803892215568862,-0.001209484200134881,0.9964450272573905,3.0,0.0029940119760479044,0.05836958330445106,-0.0004709953682206118,-0.039563610930531394
pullback,1.5,0.75,20123,"{""family"": ""pullback"", ""min_ddv"": 10000000.0, ""min_price"": 5.0, ""regime"": ""spy200"", ""trend"": true, ""mom_min"": 0.15, ""rsi2_max"": 100.0, ""rsi14_max"": 100.0, ""ret21_max"": -0.05, ""dist_ema20_max"": 1.0, ""dist_ema50_min"": -1.0, ""dist_hh60_min"": -1.0, ""atr_ratio_max"": 10.0, ""vol_ratio_min"": 0.0, ""up_close"": true, ""strong_close"": false}",5085,725.8603832616348,0.6123893805309735,0.03692643342267953,1.08702897235361,4.0,0.0,0.04702422693206162,0.0014049114245379588,0.08850941974589141,5695,1422.7754962354552,0.5627743634767339,-0.05301770099716822,0.8874065621192253,4.0,0.0,0.06356629534858137,-0.00311446673209612,-0.19621140412205557,8016,2002.6283367556468,0.5869510978043913,0.004536982614340177,1.0102841492082846,4.0,0.00561377245508982,0.05836958330445106,-0.0005890946194869279,-0.03711296102767646
pullback,1.5,1.0,20123,"{""family"": ""pullback"", ""min_ddv"": 10000000.0, ""min_price"": 5.0, ""regime"": ""spy200"", ""trend"": true, ""mom_min"": 0.15, ""rsi2_max"": 100.0, ""rsi14_max"": 100.0, ""ret21_max"": -0.05, ""dist_ema20_max"": 1.0, ""dist_ema50_min"": -1.0, ""dist_hh60_min"": -1.0, ""atr_ratio_max"": 10.0, ""vol_ratio_min"": 0.0, ""up_close"": true, ""strong_close"": false}",5085,725.8603832616348,0.5392330383480826,0.04103289831323296,1.0811983240956142,5.0,0.0,0.04702422693206162,0.0013353299794735998,0.06730063096546943,5695,1422.7754962354552,0.49657594381035997,-0.049344145518167674,0.9089526523177858,6.0,0.0,0.06356629534858137,-0.0030310927496988607,-0.12730589548735213,8016,2002.6283367556468,0.5167165668662674,0.008853763469372203,1.017032759813773,5.0,0.0074850299401197605,0.05836958330445106,-0.0005459819123696156,-0.027517488383428622
pullback,1.5,1.5,20123,"{""family"": ""pullback"", ""min_ddv"": 10000000.0, ""min_price"": 5.0, ""regime"": ""spy200"", ""trend"": true, ""mom_min"": 0.15, ""rsi2_max"": 100.0, ""rsi14_max"": 100.0, ""ret21_max"": -0.05, ""dist_ema20_max"": 1.0, ""dist_ema50_min"": -1.0, ""dist_hh60_min"": -1.0, ""atr_ratio_max"": 10.0, ""vol_ratio_min"": 0.0, ""up_close"": true, ""strong_close"": false}",5085,725.8603832616348,0.44110127826941986,0.057752260988490484,1.0940943923890543,7.0,0.0,0.04702422693206162,0.002179107819111208,0.0784478814880035,5695,1422.7754962354552,0.40632133450395086,-0.031317405632264296,0.9509337950192958,8.0,0.0,0.06356629534858137,-0.002452378457781888,-0.07724992142012947,8016,2002.6283367556468,0.4268962075848303,0.03509049984067763,1.056426716805906,7.0,0.01060379241516966,0.05836958330445106,0.0009129345347379226,0.032865643250565214
pullback,1.5,2.0,20123,"{""family"": ""pullback"", ""min_ddv"": 10000000.0, ""min_price"": 5.0, ""regime"": ""spy200"", ""trend"": true, ""mom_min"": 0.15, ""rsi2_max"": 100.0, ""rsi14_max"": 100.0, ""ret21_max"": -0.05, ""dist_ema20_max"": 1.0, ""dist_ema50_min"": -1.0, ""dist_hh60_min"": -1.0, ""atr_ratio_max"": 10.0, ""vol_ratio_min"": 0.0, ""up_close"": true, ""strong_close"": false}",5085,725.8603832616348,0.3691248770894789,0.061511934130745446,1.0887903230458045,9.0,0.0,0.04702422693206162,0.0016789230762762973,0.04700984613573632,5695,1422.7754962354552,0.34591747146619845,-0.01694756117662587,0.9761071091891561,9.0,0.0,0.06356629534858137,-0.0021899469693171646,-0.06131851514088062,8016,2002.6283367556468,0.36127744510978044,0.042518988856529966,1.0610502654085174,9.0,0.013722554890219561,0.05836958330445106,0.0007951208117027187,0.022263382727676126
pullback,1.5,3.0,20123,"{""family"": ""pullback"", ""min_ddv"": 10000000.0, ""min_price"": 5.0, ""regime"": ""spy200"", ""trend"": true, ""mom_min"": 0.15, ""rsi2_max"": 100.0, ""rsi14_max"": 100.0, ""ret21_max"": -0.05, ""dist_ema20_max"": 1.0, ""dist_ema50_min"": -1.0, ""dist_hh60_min"": -1.0, ""atr_ratio_max"": 10.0, ""vol_ratio_min"": 0.0, ""up_close"": true, ""strong_close"": false}",5085,725.8603832616348,0.28515240904621436,0.0782440924499416,1.0991891734349504,12.0,0.0,0.04702422693206162,0.0015870001297177063,0.03332700272407183,5695,1422.7754962354552,0.2721685689201054,0.03159709319207762,1.039900381830708,12.0,0.0,0.06356629534858137,0.0021066059996856165,0.04423872599339795,8016,2002.6283367556468,0.2935379241516966,0.10240649140647438,1.1324537882412506,11.0,0.022954091816367265,0.05836958330445106,0.00424741157740425,0.09730433795507917
pullback,2.0,0.5,20123,"{""family"": ""pullback"", ""min_ddv"": 10000000.0, ""min_price"": 5.0, ""regime"": ""spy200"", ""trend"": true, ""mom_min"": 0.15, ""rsi2_max"": 100.0, ""rsi14_max"": 100.0, ""ret21_max"": -0.05, ""dist_ema20_max"": 1.0, ""dist_ema50_min"": -1.0, ""dist_hh60_min"": -1.0, ""atr_ratio_max"": 10.0, ""vol_ratio_min"": 0.0, ""up_close"": true, ""strong_close"": false}",4955,707.3034806413766,0.7132189707366297,0.045092256105453435,1.1451888630607072,4.0,0.0,0.06173730184619514,0.0028173256381510393,0.17749151520351547,5104,1275.1266255989049,0.6790752351097179,-0.007170703861692626,0.9790541968235777,5.0,0.0,0.0795235026485918,0.0005641754149728503,0.02843444091463166,7450,1861.2251882272415,0.692751677852349,0.031495561573339326,1.0982533390509674,4.0,0.007919463087248323,0.07474506803223091,0.002032513712596661,0.12804836389358965
pullback,2.0,0.75,20123,"{""family"": ""pullback"", ""min_ddv"": 10000000.0, ""min_price"": 5.0, ""regime"": ""spy200"", ""trend"": true, ""mom_min"": 0.15, ""rsi2_max"": 100.0, ""rsi14_max"": 100.0, ""ret21_max"": -0.05, ""dist_ema20_max"": 1.0, ""dist_ema50_min"": -1.0, ""dist_hh60_min"": -1.0, ""atr_ratio_max"": 10.0, ""vol_ratio_min"": 0.0, ""up_close"": true, ""strong_close"": false}",4955,707.3034806413766,0.6165489404641776,0.054988761650065617,1.1327743086622801,6.0,0.0,0.06173730184619514,0.0028706615152517493,0.12056778364057347,5104,1275.1266255989049,0.5818965517241379,-0.012372088883424757,0.9722196397429947,7.0,0.0,0.0795235026485918,-0.00021083969059396753,-0.007590228861382831,7450,1861.2251882272415,0.6032214765100671,0.04776125080338612,1.1148567808425782,6.0,0.012080536912751677,0.07474506803223091,0.0032241390850513115,0.13541384157215508
pullback,2.0,1.0,20123,"{""family"": ""pullback"", ""min_ddv"": 10000000.0, ""min_price"": 5.0, ""regime"": ""spy200"", ""trend"": true, ""mom_min"": 0.15, ""rsi2_max"": 100.0, ""rsi14_max"": 100.0, ""ret21_max"": -0.05, ""dist_ema20_max"": 1.0, ""dist_ema50_min"": -1.0, ""dist_hh60_min"": -1.0, ""atr_ratio_max"": 10.0, ""vol_ratio_min"": 0.0, ""up_close"": true, ""strong_close"": false}",4955,707.3034806413766,0.5509586276488395,0.07422229647770934,1.1530812435585462,8.0,0.0,0.06173730184619514,0.003733543922557115,0.11760663356054912,5104,1275.1266255989049,0.5144984326018809,-0.003972872386014927,0.992308659737783,9.0,0.0,0.0795235026485918,5.262221717858502e-06,0.00014734220810003806,7450,1861.2251882272415,0.5410738255033557,0.07203797287803333,1.1489942315280868,8.0,0.01476510067114094,0.07474506803223091,0.00507230521117301,0.1597776141519498
pullback,2.0,1.5,20123,"{""family"": ""pullback"", ""min_ddv"": 10000000.0, ""min_price"": 5.0, ""regime"": ""spy200"", ""trend"": true, ""mom_min"": 0.15, ""rsi2_max"": 100.0, ""rsi14_max"": 100.0, ""ret21_max"": -0.05, ""dist_ema20_max"": 1.0, ""dist_ema50_min"": -1.0, ""dist_hh60_min"": -1.0, ""atr_ratio_max"": 10.0, ""vol_ratio_min"": 0.0, ""up_close"": true, ""strong_close"": false}",4955,707.3034806413766,0.4437941473259334,0.076571502682254,1.1270832824906731,12.0,0.0,0.06173730184619514,0.0034535226633665202,0.07252397593069693,5104,1275.1266255989049,0.4277037617554859,0.03113294968901981,1.0508591402499114,13.0,0.0,0.0795235026485918,0.0020866111614909672,0.04044815482274798,7450,1861.2251882272415,0.45046979865771813,0.10813158401041857,1.1855952725985355,11.0,0.021208053691275167,0.07474506803223091,0.0077227401254889826,0.17692095560211124
pullback,2.0,2.0,20123,"{""family"": ""pullback"", ""min_ddv"": 10000000.0, ""min_price"": 5.0, ""regime"": ""spy200"", ""trend"": true, ""mom_min"": 0.15, ""rsi2_max"": 100.0, ""rsi14_max"": 100.0, ""ret21_max"": -0.05, ""dist_ema20_max"": 1.0, ""dist_ema50_min"": -1.0, ""dist_hh60_min"": -1.0, ""atr_ratio_max"": 10.0, ""vol_ratio_min"": 0.0, ""up_close"": true, ""strong_close"": false}",4955,707.3034806413766,0.3751765893037336,0.08257355849418113,1.1214054774182318,15.0,0.0,0.06173730184619514,0.0025325339246622903,0.04254656993432648,5104,1275.1266255989049,0.3681426332288401,0.06051055252580653,1.0892979633732016,16.0,0.0,0.0795235026485918,0.004942125628808956,0.07783847865374105,7450,1861.2251882272415,0.3888590604026846,0.1260351421058334,1.1932188805321473,14.0,0.030335570469798658,0.07474506803223091,0.008836360215440361,0.1590544838779265
pullback,2.0,3.0,20123,"{""family"": ""pullback"", ""min_ddv"": 10000000.0, ""min_price"": 5.0, ""regime"": ""spy200"", ""trend"": true, ""mom_min"": 0.15, ""rsi2_max"": 100.0, ""rsi14_max"": 100.0, ""ret21_max"": -0.05, ""dist_ema20_max"": 1.0, ""dist_ema50_min"": -1.0, ""dist_hh60_min"": -1.0, ""atr_ratio_max"": 10.0, ""vol_ratio_min"": 0.0, ""up_close"": true, ""strong_close"": false}",4955,707.3034806413766,0.3039354187689203,0.166156976459914,1.2189629044104118,20.0,0.0,0.06173730184619514,0.008448509909461733,0.10645122485921783,5104,1275.1266255989049,0.2885971786833856,0.10613537171503126,1.1391473279044402,20.0,0.0,0.0795235026485918,0.008102057316190226,0.10208592218399686,7450,1861.2251882272415,0.3106040268456376,0.1412748464046421,1.1898122991323055,18.0,0.047516778523489935,0.07474506803223091,0.011513343793199553,0.16118681310479374
pullback,3.0,0.5,20123,"{""family"": ""pullback"", ""min_ddv"": 10000000.0, ""min_price"": 5.0, ""regime"": ""spy200"", ""trend"": true, ""mom_min"": 0.15, ""rsi2_max"": 100.0, ""rsi14_max"": 100.0, ""ret21_max"": -0.05, ""dist_ema20_max"": 1.0, ""dist_ema50_min"": -1.0, ""dist_hh60_min"": -1.0, ""atr_ratio_max"": 10.0, ""vol_ratio_min"": 0.0, ""up_close"": true, ""strong_close"": false}",4366,623.2264372311303,0.7246907924874026,0.07250913454922096,1.245502156937086,8.0,0.0,0.08732961974146276,0.006108852556668191,0.19242885553504802,3591,897.1355236139631,0.6864383180172654,0.0024450288561359414,1.0072830294264576,9.0,0.0,0.10061092323353261,-3.863693422058396e-05,-0.001081834158176351,5589,1396.2936344969198,0.723385220969762,0.07834718342146604,1.271847511088695,8.0,0.012345679012345678,0.09814580397661077,0.007067254414385037,0.22261851405312866
pullback,3.0,0.75,20123,"{""family"": ""pullback"", ""min_ddv"": 10000000.0, ""min_price"": 5.0, ""regime"": ""spy200"", ""trend"": true, ""mom_min"": 0.15, ""rsi2_max"": 100.0, ""rsi14_max"": 100.0, ""ret21_max"": -0.05, ""dist_ema20_max"": 1.0, ""dist_ema50_min"": -1.0, ""dist_hh60_min"": -1.0, ""atr_ratio_max"": 10.0, ""vol_ratio_min"": 0.0, ""up_close"": true, ""strong_close"": false}",4366,623.2264372311303,0.635822262940907,0.0932363632484845,1.239363359631207,12.5,0.0,0.08732961974146276,0.0075590950876760115,0.1523913569675484,3591,897.1355236139631,0.606516290726817,0.03270453625325604,1.0780206072928264,13.0,0.0,0.10061092323353261,0.0020027988842956095,0.0388234860648072,5589,1396.2936344969198,0.6437645374843443,0.11714975228279231,1.3134753149914564,12.0,0.018071211307926285,0.09814580397661077,0.010868105152844879,0.22823020820974246
pullback,3.0,1.0,20123,"{""family"": ""pullback"", ""min_ddv"": 10000000.0, ""min_price"": 5.0, ""regime"": ""spy200"", ""trend"": true, ""mom_min"": 0.15, ""rsi2_max"": 100.0, ""rsi14_max"": 100.0, ""ret21_max"": -0.05, ""dist_ema20_max"": 1.0, ""dist_ema50_min"": -1.0, ""dist_hh60_min"": -1.0, ""atr_ratio_max"": 10.0, ""vol_ratio_min"": 0.0, ""up_close"": true, ""strong_close"": false}",4366,623.2264372311303,0.5634448007329363,0.10272867301301519,1.2194118487068204,17.0,0.0,0.08732961974146276,0.007860058138082037,0.1165138029880396,3591,897.1355236139631,0.5505430242272348,0.07368967064267863,1.1542387590501553,18.0,0.0,0.10061092323353261,0.005732653903289119,0.08025715464604766,5589,1396.2936344969198,0.5823939881910897,0.15030856959778696,1.3429382810054649,16.0,0.02379674360350689,0.09814580397661077,0.014263007460134713,0.22464236749712171
pullback,3.0,1.5,20123,"{""family"": ""pullback"", ""min_ddv"": 10000000.0, ""min_price"": 5.0, ""regime"": ""spy200"", ""trend"": true, ""mom_min"": 0.15, ""rsi2_max"": 100.0, ""rsi14_max"": 100.0, ""ret21_max"": -0.05, ""dist_ema20_max"": 1.0, ""dist_ema50_min"": -1.0, ""dist_hh60_min"": -1.0, ""atr_ratio_max"": 10.0, ""vol_ratio_min"": 0.0, ""up_close"": true, ""strong_close"": false}",4366,623.2264372311303,0.4699954191479615,0.14403304499602312,1.2532461649122006,25.0,0.0,0.08732961974146276,0.011241758461331915,0.1133169252902257,3591,897.1355236139631,0.4647730437204121,0.13281127845402962,1.234026674315029,25.0,0.0,0.10061092323353261,0.011976979216982485,0.12072795050718345,5589,1396.2936344969198,0.4990159241366971,0.20416098701052468,1.3876250674594637,22.0,0.04455179817498658,0.09814580397661077,0.020617119391648082,0.23615973121342348
pullback,3.0,2.0,20123,"{""family"": ""pullback"", ""min_ddv"": 10000000.0, ""min_price"": 5.0, ""regime"": ""spy200"", ""trend"": true, ""mom_min"": 0.15, ""rsi2_max"": 100.0, ""rsi14_max"": 100.0, ""ret21_max"": -0.05, ""dist_ema20_max"": 1.0, ""dist_ema50_min"": -1.0, ""dist_hh60_min"": -1.0, ""atr_ratio_max"": 10.0, ""vol_ratio_min"": 0.0, ""up_close"": true, ""strong_close"": false}",4366,623.2264372311303,0.4134218964727439,0.20328950503106766,1.321943047911992,32.0,0.0,0.08732961974146276,0.016286217543574205,0.12825396315564686,3591,897.1355236139631,0.40100250626566414,0.17028441122053833,1.2686662212030901,32.0,0.0,0.10061092323353261,0.015142287562933981,0.1192455145581051,5589,1396.2936344969198,0.42905707640007157,0.2019566020255116,1.3352515788327688,27.0,0.06298085525138665,0.09814580397661077,0.021685381292477216,0.20239689206312067
pullback,3.0,3.0,20123,"{""family"": ""pullback"", ""min_ddv"": 10000000.0, ""min_price"": 5.0, ""regime"": ""spy200"", ""trend"": true, ""mom_min"": 0.15, ""rsi2_max"": 100.0, ""rsi14_max"": 100.0, ""ret21_max"": -0.05, ""dist_ema20_max"": 1.0, ""dist_ema50_min"": -1.0, ""dist_hh60_min"": -1.0, ""atr_ratio_max"": 10.0, ""vol_ratio_min"": 0.0, ""up_close"": true, ""strong_close"": false}",4366,623.2264372311303,0.32913421896472744,0.2645947929664763,1.3659281217638661,43.0,0.002977553825011452,0.08732961974146276,0.02001792037762555,0.11731432407352647,3591,897.1355236139631,0.30771372876636033,0.18823860665044093,1.2566513823694876,43.0,0.001670843776106934,0.10061092323353261,0.01687496227893556,0.098895127774227,5589,1396.2936344969198,0.3544462336732868,0.24770366883871334,1.3619228206629033,35.0,0.08928251923421006,0.09814580397661077,0.02565114565974447,0.18468824875016018
pullback,1.0,0.5,27792,"{""family"": ""pullback"", ""min_ddv"": 10000000.0, ""min_price"": 5.0, ""regime"": ""spy200"", ""trend"": true, ""mom_min"": -1.0, ""rsi2_max"": 100.0, ""rsi14_max"": 100.0, ""ret21_max"": -0.05, ""dist_ema20_max"": 1.0, ""dist_ema50_min"": -1.0, ""dist_hh60_min"": -1.0, ""atr_ratio_max"": 10.0, ""vol_ratio_min"": 0.0, ""up_close"": true, ""strong_close"": true}",8980,1281.853734845522,0.6897550111358575,-0.04263249346428452,0.8758618939387783,2.0,0.0,0.02615250133381699,-0.001333107736372178,-0.16797157478289443,8208,2050.5954825462013,0.6537524366471735,-0.07096361488320044,0.8105252438483198,2.0,0.0,0.03686628173382457,-0.0033812983291611164,-0.42604358947430065,10358,2587.7275838466803,0.6749372465726974,-0.03561560420055738,0.8991577918298145,2.0,0.0019308746862328635,0.034614727835061976,-0.001316875091040633,-0.16592626147111977
pullback,1.0,0.75,27792,"{""family"": ""pullback"", ""min_ddv"": 10000000.0, ""min_price"": 5.0, ""regime"": ""spy200"", ""trend"": true, ""mom_min"": -1.0, ""rsi2_max"": 100.0, ""rsi14_max"": 100.0, ""ret21_max"": -0.05, ""dist_ema20_max"": 1.0, ""dist_ema50_min"": -1.0, ""dist_hh60_min"": -1.0, ""atr_ratio_max"": 10.0, ""vol_ratio_min"": 0.0, ""up_close"": true, ""strong_close"": true}",8980,1281.853734845522,0.60456570155902,-0.018761586977268863,0.9574206765227161,2.0,0.0,0.02615250133381699,-0.0007242125792907168,-0.09125078499063032,8208,2050.5954825462013,0.5589668615984406,-0.07536128157631285,0.8432282227982595,2.0,0.0,0.03686628173382457,-0.003666694066112674,-0.4620034523301969,10358,2587.7275838466803,0.5851515736628693,-0.02268659740697656,0.9497402866162016,2.0,0.0027032245607260088,0.034614727835061976,-0.0009427539762976845,-0.11878700101350824
pullback,1.0,1.0,27792,"{""family"": ""pullback"", ""min_ddv"": 10000000.0, ""min_price"": 5.0, ""regime"": ""spy200"", ""trend"": true, ""mom_min"": -1.0, ""rsi2_max"": 100.0, ""rsi14_max"": 100.0, ""ret21_max"": -0.05, ""dist_ema20_max"": 1.0, ""dist_ema50_min"": -1.0, ""dist_hh60_min"": -1.0, ""atr_ratio_max"": 10.0, ""vol_ratio_min"": 0.0, ""up_close"": true, ""strong_close"": true}",8980,1281.853734845522,0.5387527839643652,0.0005293205330634202,1.0010258717891967,3.0,0.0,0.02615250133381699,-0.00025260737538440717,-0.021219019532290204,8208,2050.5954825462013,0.49122807017543857,-0.07272789365409936,0.8690252400793733,3.0,0.0,0.03686628173382457,-0.0037395143924674047,-0.31411920896726203,10358,2587.7275838466803,0.5166055223016026,-0.013709924591682614,0.9740204385542749,3.0,0.0035721181695307974,0.034614727835061976,-0.0009473367668884984,-0.07957628841863386
pullback,1.0,1.5,27792,"{""family"": ""pullback"", ""min_ddv"": 10000000.0, ""min_price"": 5.0, ""regime"": ""spy200"", ""trend"": true, ""mom_min"": -1.0, ""rsi2_max"": 100.0, ""rsi14_max"": 100.0, ""ret21_max"": -0.05, ""dist_ema20_max"": 1.0, ""dist_ema50_min"": -1.0, ""dist_hh60_min"": -1.0, ""atr_ratio_max"": 10.0, ""vol_ratio_min"": 0.0, ""up_close"": true, ""strong_close"": true}",8980,1281.853734845522,0.44420935412026724,0.03193686109094492,1.0510756205116338,4.0,0.0,0.02615250133381699,0.0004878124003840967,0.03073218122419809,8208,2050.5954825462013,0.3901072124756335,-0.08277628784281735,0.8762659519921632,4.0,0.0,0.03686628173382457,-0.004581906389765137,-0.28866010255520363,10358,2587.7275838466803,0.42257192508206215,0.0017885464855992047,1.0028134390429504,4.0,0.005116817918517088,0.034614727835061976,-0.0009324928073997559,-0.05874704686618462
pullback,1.0,2.0,27792,"{""family"": ""pullback"", ""min_ddv"": 10000000.0, ""min_price"": 5.0, ""regime"": ""spy200"", ""trend"": true, ""mom_min"": -1.0, ""rsi2_max"": 100.0, ""rsi14_max"": 100.0, ""ret21_max"": -0.05, ""dist_ema20_max"": 1.0, ""dist_ema50_min"": -1.0, ""dist_hh60_min"": -1.0, ""atr_ratio_max"": 10.0, ""vol_ratio_min"": 0.0, ""up_close"": true, ""strong_close"": true}",8980,1281.853734845522,0.378173719376392,0.05269251305492085,1.0751553118605062,5.0,0.0,0.02615250133381699,0.000891822389144607,0.044947848412888194,8208,2050.5954825462013,0.3255360623781676,-0.0881294300851865,0.8811968247349342,5.0,0.0,0.03686628173382457,-0.005184604603697181,-0.26130407202633793,10358,2587.7275838466803,0.3577910793589496,0.011225557026172617,1.0158114701033585,5.0,0.006951148870438309,0.034614727835061976,-0.0006046095471400004,-0.03047232117585602
pullback,1.0,3.0,27792,"{""family"": ""pullback"", ""min_ddv"": 10000000.0, ""min_price"": 5.0, ""regime"": ""spy200"", ""trend"": true, ""mom_min"": -1.0, ""rsi2_max"": 100.0, ""rsi14_max"": 100.0, ""ret21_max"": -0.05, ""dist_ema20_max"": 1.0, ""dist_ema50_min"": -1.0, ""dist_hh60_min"": -1.0, ""atr_ratio_max"": 10.0, ""vol_ratio_min"": 0.0, ""up_close"": true, ""strong_close"": true}",8980,1281.853734845522,0.2923162583518931,0.0845300446492764,1.1057082740323652,6.0,0.0,0.02615250133381699,0.0016650872623386246,0.06993366501822224,8208,2050.5954825462013,0.25146198830409355,-0.068745863928623,0.9168774197347128,6.0,0.0,0.03686628173382457,-0.004813032021345306,-0.20214734489650285,10358,2587.7275838466803,0.27486001158524814,0.023974783019247443,1.02974882435198,6.0,0.009268198493917745,0.034614727835061976,-0.00041736685124392313,-0.017529407752244774
pullback,1.5,0.5,27792,"{""family"": ""pullback"", ""min_ddv"": 10000000.0, ""min_price"": 5.0, ""regime"": ""spy200"", ""trend"": true, ""mom_min"": -1.0, ""rsi2_max"": 100.0, ""rsi14_max"": 100.0, ""ret21_max"": -0.05, ""dist_ema20_max"": 1.0, ""dist_ema50_min"": -1.0, ""dist_hh60_min"": -1.0, ""atr_ratio_max"": 10.0, ""vol_ratio_min"": 0.0, ""up_close"": true, ""strong_close"": true}",8938,1275.858427845131,0.7010516894159767,0.0019191045009498153,1.0058703584517468,3.0,0.0,0.03916405834622562,-0.00012088647421049671,-0.010154463833681723,7780,1943.668720054757,0.6681233933161954,-0.03289005960614438,0.9077562709723328,3.0,0.0,0.053551105742299,-0.0018808143576997715,-0.1579884060467808,10048,2510.280629705681,0.6880971337579618,0.004014464898946626,1.0120461077494571,3.0,0.003085191082802548,0.05104572119470323,0.0002408300153018048,0.020229721285351606
pullback,1.5,0.75,27792,"{""family"": ""pullback"", ""min_ddv"": 10000000.0, ""min_price"": 5.0, ""regime"": ""spy200"", ""trend"": true, ""mom_min"": -1.0, ""rsi2_max"": 100.0, ""rsi14_max"": 100.0, ""ret21_max"": -0.05, ""dist_ema20_max"": 1.0, ""dist_ema50_min"": -1.0, ""dist_hh60_min"": -1.0, ""atr_ratio_max"": 10.0, ""vol_ratio_min"": 0.0, ""up_close"": true, ""strong_close"": true}",8938,1275.858427845131,0.6134481987021705,0.023121020684502905,1.0544342871883423,4.0,0.0,0.03916405834622562,0.000663977017556493,0.04183055210605906,7780,1943.668720054757,0.5741645244215938,-0.03076992825958871,0.9328779596937768,4.0,0.0,0.053551105742299,-0.0018721135118366058,-0.11794315124570616,10048,2510.280629705681,0.5990246815286624,0.019273235817749625,1.0447950151300747,4.0,0.005075636942675159,0.05104572119470323,0.0007025060486039327,0.04425788106204776
pullback,1.5,1.0,27792,"{""family"": ""pullback"", ""min_ddv"": 10000000.0, ""min_price"": 5.0, ""regime"": ""spy200"", ""trend"": true, ""mom_min"": -1.0, ""rsi2_max"": 100.0, ""rsi14_max"": 100.0, ""ret21_max"": -0.05, ""dist_ema20_max"": 1.0, ""dist_ema50_min"": -1.0, ""dist_hh60_min"": -1.0, ""atr_ratio_max"": 10.0, ""vol_ratio_min"": 0.0, ""up_close"": true, ""strong_close"": true}",8938,1275.858427845131,0.5466547326023719,0.04225294386403628,1.0846552427103293,5.0,0.0,0.03916405834622562,0.0013257213290255362,0.06681635498288703,7780,1943.668720054757,0.507840616966581,-0.022619252093310536,0.9573318296716095,6.0,0.0,0.053551105742299,-0.001567702758328073,-0.06584351584977907,10048,2510.280629705681,0.5316480891719745,0.03344088662782821,1.06622879100488,5.0,0.007066082802547771,0.05104572119470323,0.0013105874809500964,0.06605360903988486
pullback,1.5,1.5,27792,"{""family"": ""pullback"", ""min_ddv"": 10000000.0, ""min_price"": 5.0, ""regime"": ""spy200"", ""trend"": true, ""mom_min"": -1.0, ""rsi2_max"": 100.0, ""rsi14_max"": 100.0, ""ret21_max"": -0.05, ""dist_ema20_max"": 1.0, ""dist_ema50_min"": -1.0, ""dist_hh60_min"": -1.0, ""atr_ratio_max"": 10.0, ""vol_ratio_min"": 0.0, ""up_close"": true, ""strong_close"": true}",8938,1275.858427845131,0.450995748489595,0.07443463462015304,1.1231602807716152,7.0,0.0,0.03916405834622562,0.002595747948884764,0.0934469261598515,7780,1943.668720054757,0.4133676092544987,-0.010768446440193147,0.9829918353325608,8.0,0.0,0.053551105742299,-0.0012924024158256415,-0.04071067609850771,10048,2510.280629705681,0.43859474522292996,0.060370509675994694,1.0991701039394026,7.0,0.01044984076433121,0.05104572119470323,0.002854080557585818,0.10274690007308944
pullback,1.5,2.0,27792,"{""family"": ""pullback"", ""min_ddv"": 10000000.0, ""min_price"": 5.0, ""regime"": ""spy200"", ""trend"": true, ""mom_min"": -1.0, ""rsi2_max"": 100.0, ""rsi14_max"": 100.0, ""ret21_max"": -0.05, ""dist_ema20_max"": 1.0, ""dist_ema50_min"": -1.0, ""dist_hh60_min"": -1.0, ""atr_ratio_max"": 10.0, ""vol_ratio_min"": 0.0, ""up_close"": true, ""strong_close"": true}",8938,1275.858427845131,0.3830834638621616,0.09278711356733162,1.1366689331530038,9.0,0.0,0.03916405834622562,0.0029896058985198217,0.08370896515855501,7780,1943.668720054757,0.35347043701799485,0.010968823466000324,1.015660190375396,9.0,0.0,0.053551105742299,-0.0003994219965230466,-0.011183815902645305,10048,2510.280629705681,0.3721138535031847,0.0699469258294869,1.1024679299318023,9.0,0.013335987261146497,0.05104572119470323,0.0030346770009079217,0.0849709560254218
pullback,1.5,3.0,27792,"{""family"": ""pullback"", ""min_ddv"": 10000000.0, ""min_price"": 5.0, ""regime"": ""spy200"", ""trend"": true, ""mom_min"": -1.0, ""rsi2_max"": 100.0, ""rsi14_max"": 100.0, ""ret21_max"": -0.05, ""dist_ema20_max"": 1.0, ""dist_ema50_min"": -1.0, ""dist_hh60_min"": -1.0, ""atr_ratio_max"": 10.0, ""vol_ratio_min"": 0.0, ""up_close"": true, ""strong_close"": true}",8938,1275.858427845131,0.2957037368538823,0.11623319176536225,1.149409342591885,12.0,0.0,0.03916405834622562,0.0028857122102973615,0.060599956416244584,7780,1943.668720054757,0.2814910025706941,0.06929713641373061,1.088583917412381,12.0,0.0,0.053551105742299,0.003626086681100137,0.07614782030310287,10048,2510.280629705681,0.3007563694267516,0.12833492244185685,1.1680766830540452,11.0,0.02129777070063694,0.05104572119470323,0.0065123037771110046,0.1491909592574521
pullback,2.0,0.5,27792,"{""family"": ""pullback"", ""min_ddv"": 10000000.0, ""min_price"": 5.0, ""regime"": ""spy200"", ""trend"": true, ""mom_min"": -1.0, ""rsi2_max"": 100.0, ""rsi14_max"": 100.0, ""ret21_max"": -0.05, ""dist_ema20_max"": 1.0, ""dist_ema50_min"": -1.0, ""dist_hh60_min"": -1.0, ""atr_ratio_max"": 10.0, ""vol_ratio_min"": 0.0, ""up_close"": true, ""strong_close"": true}",8827,1260.013687915526,0.7081681205392546,0.02672590736095159,1.0846988942008362,4.0,0.0,0.05191884830346063,0.00151238420552877,0.09528020494831252,7229,1806.013004791239,0.6829436989901785,-0.002353208641520068,0.9930354159561062,5.0,0.0,0.06848184396035682,0.0006026496627337894,0.030373543001782986,9546,2384.8665297741272,0.6997695369788393,0.03454056319105331,1.1092278184062558,4.0,0.006390111041273832,0.06607317210081991,0.002229449526583439,0.14045532017475665
pullback,2.0,0.75,27792,"{""family"": ""pullback"", ""min_ddv"": 10000000.0, ""min_price"": 5.0, ""regime"": ""spy200"", ""trend"": true, ""mom_min"": -1.0, ""rsi2_max"": 100.0, ""rsi14_max"": 100.0, ""ret21_max"": -0.05, ""dist_ema20_max"": 1.0, ""dist_ema50_min"": -1.0, ""dist_hh60_min"": -1.0, ""atr_ratio_max"": 10.0, ""vol_ratio_min"": 0.0, ""up_close"": true, ""strong_close"": true}",8827,1260.013687915526,0.6246742947773876,0.059062548783739746,1.1454733213288084,6.0,0.0,0.05191884830346063,0.0030333919225654054,0.12740246074774703,7229,1806.013004791239,0.5890164614746162,0.0029639786319349344,1.0067617882314461,7.0,0.0,0.06848184396035682,0.0003378202215126396,0.012161527974455025,9546,2384.8665297741272,0.6100984705635868,0.05278455520913633,1.1282960703110474,6.0,0.010370835952231301,0.06607317210081991,0.003404725108976746,0.14299845457702334
pullback,2.0,1.0,27792,"{""family"": ""pullback"", ""min_ddv"": 10000000.0, ""min_price"": 5.0, ""regime"": ""spy200"", ""trend"": true, ""mom_min"": -1.0, ""rsi2_max"": 100.0, ""rsi14_max"": 100.0, ""ret21_max"": -0.05, ""dist_ema20_max"": 1.0, ""dist_ema50_min"": -1.0, ""dist_hh60_min"": -1.0, ""atr_ratio_max"": 10.0, ""vol_ratio_min"": 0.0, ""up_close"": true, ""strong_close"": true}",8827,1260.013687915526,0.5596465390279823,0.08404301944647896,1.1764744684779769,8.0,0.0,0.05191884830346063,0.004250239646431492,0.133882548862592,7229,1806.013004791239,0.5204039286208327,0.01005866012040007,1.0196582703525412,9.0,0.0,0.06848184396035682,0.0005678391092292501,0.015899495058419002,9546,2384.8665297741272,0.5448355332076262,0.0705129476258651,1.1459779654454876,8.0,0.013199245757385292,0.06607317210081991,0.0046337121184185275,0.14596193173018362
pullback,2.0,1.5,27792,"{""family"": ""pullback"", ""min_ddv"": 10000000.0, ""min_price"": 5.0, ""regime"": ""spy200"", ""trend"": true, ""mom_min"": -1.0, ""rsi2_max"": 100.0, ""rsi14_max"": 100.0, ""ret21_max"": -0.05, ""dist_ema20_max"": 1.0, ""dist_ema50_min"": -1.0, ""dist_hh60_min"": -1.0, ""atr_ratio_max"": 10.0, ""vol_ratio_min"": 0.0, ""up_close"": true, ""strong_close"": true}",8827,1260.013687915526,0.455647445338167,0.0994192853451036,1.1688310338257144,12.0,0.0,0.05191884830346063,0.004656960020842897,0.09779616043770084,7229,1806.013004791239,0.4300733158113155,0.040109739707713296,1.065820372815529,12.0,0.0,0.06848184396035682,0.002189777945412247,0.04598533685365719,9546,2384.8665297741272,0.4513932537188351,0.10148538783799237,1.1739537963903162,12.0,0.019170333123821496,0.06607317210081991,0.006708545801238662,0.1408794618260119
pullback,2.0,2.0,27792,"{""family"": ""pullback"", ""min_ddv"": 10000000.0, ""min_price"": 5.0, ""regime"": ""spy200"", ""trend"": true, ""mom_min"": -1.0, ""rsi2_max"": 100.0, ""rsi14_max"": 100.0, ""ret21_max"": -0.05, ""dist_ema20_max"": 1.0, ""dist_ema50_min"": -1.0, ""dist_hh60_min"": -1.0, ""atr_ratio_max"": 10.0, ""vol_ratio_min"": 0.0, ""up_close"": true, ""strong_close"": true}",8827,1260.013687915526,0.3857482723462105,0.10981983991172638,1.164747859345692,16.0,0.0,0.05191884830346063,0.00401836111993482,0.06328918763897341,7229,1806.013004791239,0.3711440033199613,0.07226527535558303,1.1070446095430164,16.0,0.0,0.06848184396035682,0.004569729091791273,0.07197323319571255,9546,2384.8665297741272,0.3907395767860884,0.1265749989107464,1.1944913622041378,14.0,0.026608003352189397,0.06607317210081991,0.008377635292897883,0.15079743527216188
pullback,2.0,3.0,27792,"{""family"": ""pullback"", ""min_ddv"": 10000000.0, ""min_price"": 5.0, ""regime"": ""spy200"", ""trend"": true, ""mom_min"": -1.0, ""rsi2_max"": 100.0, ""rsi14_max"": 100.0, ""ret21_max"": -0.05, ""dist_ema20_max"": 1.0, ""dist_ema50_min"": -1.0, ""dist_hh60_min"": -1.0, ""atr_ratio_max"": 10.0, ""vol_ratio_min"": 0.0, ""up_close"": true, ""strong_close"": true}",8827,1260.013687915526,0.30837204033080323,0.17795138914765712,1.2364934765012754,21.0,0.0,0.05191884830346063,0.007823394006678554,0.09388072808014265,7229,1806.013004791239,0.2898049522755568,0.11389338758882724,1.1494493431799655,20.0,0.0,0.06848184396035682,0.007045581256539295,0.08877432383239511,9546,2384.8665297741272,0.3165723863398282,0.16628032152737263,1.2248570082768344,18.0,0.043159438508275715,0.06607317210081991,0.011691099888812173,0.16367539844337042
pullback,3.0,0.5,27792,"{""family"": ""pullback"", ""min_ddv"": 10000000.0, ""min_price"": 5.0, ""regime"": ""spy200"", ""trend"": true, ""mom_min"": -1.0, ""rsi2_max"": 100.0, ""rsi14_max"": 100.0, ""ret21_max"": -0.05, ""dist_ema20_max"": 1.0, ""dist_ema50_min"": -1.0, ""dist_hh60_min"": -1.0, ""atr_ratio_max"": 10.0, ""vol_ratio_min"": 0.0, ""up_close"": true, ""strong_close"": true}",8249,1177.506843957763,0.7277245726754759,0.07120641756883124,1.2453397047827044,8.0,0.0,0.07542471617898779,0.005642318622151752,0.1777330365977802,5707,1425.7734428473648,0.6931838093569301,0.02041933775815612,1.062865972972895,9.0,0.0,0.09086511286230359,0.0014393181242941006,0.04030090748023482,7822,1954.1615331964408,0.7228330350294042,0.07183972226717214,1.246948211785333,8.0,0.009076962413704934,0.09008731816068088,0.006319370920505867,0.1990601839959348
pullback,3.0,0.75,27792,"{""family"": ""pullback"", ""min_ddv"": 10000000.0, ""min_price"": 5.0, ""regime"": ""spy200"", ""trend"": true, ""mom_min"": -1.0, ""rsi2_max"": 100.0, ""rsi14_max"": 100.0, ""ret21_max"": -0.05, ""dist_ema20_max"": 1.0, ""dist_ema50_min"": -1.0, ""dist_hh60_min"": -1.0, ""atr_ratio_max"": 10.0, ""vol_ratio_min"": 0.0, ""up_close"": true, ""strong_close"": true}",8249,1177.506843957763,0.6392289974542369,0.096388975765255,1.2511935338237312,12.0,0.0,0.07542471617898779,0.007074506188075945,0.14856462994959485,5707,1425.7734428473648,0.6117049237778167,0.050136685885844766,1.1222063778981985,13.0,0.0,0.09086511286230359,0.003626675362472112,0.07030170702638248,7822,1954.1615331964408,0.638839171567374,0.10244772466580826,1.2695491886885943,13.0,0.01482996676041933,0.09008731816068088,0.00895435562806055,0.17357673986701988
pullback,3.0,1.0,27792,"{""family"": ""pullback"", ""min_ddv"": 10000000.0, ""min_price"": 5.0, ""regime"": ""spy200"", ""trend"": true, ""mom_min"": -1.0, ""rsi2_max"": 100.0, ""rsi14_max"": 100.0, ""ret21_max"": -0.05, ""dist_ema20_max"": 1.0, ""dist_ema50_min"": -1.0, ""dist_hh60_min"": -1.0, ""atr_ratio_max"": 10.0, ""vol_ratio_min"": 0.0, ""up_close"": true, ""strong_close"": true}",8249,1177.506843957763,0.572190568553764,0.11915617771638995,1.2617637624398315,17.0,0.0,0.07542471617898779,0.00873624358509984,0.1295019637320682,5707,1425.7734428473648,0.5537059751182758,0.08316016755125974,1.1755054669846252,18.0,0.0,0.09086511286230359,0.0064817568006183095,0.09074459520865634,7822,1954.1615331964408,0.5765788800818205,0.13127389395579103,1.2947892648612698,16.0,0.021094349271286117,0.09008731816068088,0.011481484296114052,0.1808333776637963
pullback,3.0,1.5,27792,"{""family"": ""pullback"", ""min_ddv"": 10000000.0, ""min_price"": 5.0, ""regime"": ""spy200"", ""trend"": true, ""mom_min"": -1.0, ""rsi2_max"": 100.0, ""rsi14_max"": 100.0, ""ret21_max"": -0.05, ""dist_ema20_max"": 1.0, ""dist_ema50_min"": -1.0, ""dist_hh60_min"": -1.0, ""atr_ratio_max"": 10.0, ""vol_ratio_min"": 0.0, ""up_close"": true, ""strong_close"": true}",8249,1177.506843957763,0.4792096011637774,0.16759035784627277,1.3019446351564878,26.0,0.0,0.07542471617898779,0.011932359621199876,0.11565210094393727,5707,1425.7734428473648,0.46451725950587,0.13246172713243978,1.2332325310564394,25.0,0.0,0.09086511286230359,0.01125043015923842,0.11340433600512327,7822,1954.1615331964408,0.49143441575044744,0.18327900032240368,1.342081641248418,22.0,0.037969828688315006,0.09008731816068088,0.01703045209231845,0.19507608760292044
pullback,3.0,2.0,27792,"{""family"": ""pullback"", ""min_ddv"": 10000000.0, ""min_price"": 5.0, ""regime"": ""spy200"", ""trend"": true, ""mom_min"": -1.0, ""rsi2_max"": 100.0, ""rsi14_max"": 100.0, ""ret21_max"": -0.05, ""dist_ema20_max"": 1.0, ""dist_ema50_min"": -1.0, ""dist_hh60_min"": -1.0, ""atr_ratio_max"": 10.0, ""vol_ratio_min"": 0.0, ""up_close"": true, ""strong_close"": true}",8249,1177.506843957763,0.41908110073948357,0.2203339688997485,1.3549346952377403,34.0,0.0002424536307431204,0.07542471617898779,0.015581307272028892,0.11548498331033179,5707,1425.7734428473648,0.39565445943578065,0.15902622908443176,1.2486352868758765,32.0,0.0,0.09086511286230359,0.013183898079932754,0.10382319737947043,7822,1954.1615331964408,0.4323702377908463,0.21632977235477518,1.3596396803285684,29.0,0.05599590897468678,0.09008731816068088,0.02033022231317073,0.17666262147996636
pullback,3.0,3.0,27792,"{""family"": ""pullback"", ""min_ddv"": 10000000.0, ""min_price"": 5.0, ""regime"": ""spy200"", ""trend"": true, ""mom_min"": -1.0, ""rsi2_max"": 100.0, ""rsi14_max"": 100.0, ""ret21_max"": -0.05, ""dist_ema20_max"": 1.0, ""dist_ema50_min"": -1.0, ""dist_hh60_min"": -1.0, ""atr_ratio_max"": 10.0, ""vol_ratio_min"": 0.0, ""up_close"": true, ""strong_close"": true}",8249,1177.506843957763,0.3425869802400291,0.3240898951474075,1.4609639073918967,46.0,0.0021820826766880833,0.07542471617898779,0.02163795567575942,0.11853836587589944,5707,1425.7734428473648,0.29297354126511305,0.13128300656159314,1.1753341091059986,43.0,0.0021026809181706675,0.09086511286230359,0.011099837482958091,0.06505021036524278,7822,1954.1615331964408,0.36461263104065456,0.29127694971111534,1.431586630569987,37.0,0.0880848887752493,0.09008731816068088,0.026186231693526584,0.17834946991266754
pullback,1.0,0.5,25212,"{""family"": ""pullback"", ""min_ddv"": 10000000.0, ""min_price"": 5.0, ""regime"": ""spy200"", ""trend"": true, ""mom_min"": 0.0, ""rsi2_max"": 100.0, ""rsi14_max"": 100.0, ""ret21_max"": -0.05, ""dist_ema20_max"": 1.0, ""dist_ema50_min"": -1.0, ""dist_hh60_min"": -1.0, ""atr_ratio_max"": 10.0, ""vol_ratio_min"": 0.0, ""up_close"": true, ""strong_close"": true}",8190,1169.0848650762612,0.689010989010989,-0.04316586517442258,0.8746090427303921,2.0,0.0,0.02626500859049919,-0.0013916341277514846,-0.17534590009668707,7373,1841.9883641341546,0.6531940865319409,-0.07107182878331532,0.8104046035726418,2.0,0.0,0.03729559657931459,-0.003466537679587427,-0.4367837476280158,9408,2350.3901437371665,0.6742134353741497,-0.03568162568267175,0.8989769119103395,2.0,0.0020195578231292518,0.03482486868383534,-0.0012583791584408074,-0.15855577396354173
pullback,1.0,0.75,25212,"{""family"": ""pullback"", ""min_ddv"": 10000000.0, ""min_price"": 5.0, ""regime"": ""spy200"", ""trend"": true, ""mom_min"": 0.0, ""rsi2_max"": 100.0, ""rsi14_max"": 100.0, ""ret21_max"": -0.05, ""dist_ema20_max"": 1.0, ""dist_ema50_min"": -1.0, ""dist_hh60_min"": -1.0, ""atr_ratio_max"": 10.0, ""vol_ratio_min"": 0.0, ""up_close"": true, ""strong_close"": true}",8190,1169.0848650762612,0.6064713064713064,-0.014516329031039882,0.966912593705745,2.0,0.0,0.02626500859049919,-0.0006382265988743888,-0.08041655145817299,7373,1841.9883641341546,0.5568967855689678,-0.07780778875092186,0.838632152605009,2.0,0.0,0.03729559657931459,-0.0038890039235340637,-0.49001449436529204,9408,2350.3901437371665,0.5836522108843537,-0.024285644095976958,0.9462699148633771,2.0,0.0027636054421768708,0.03482486868383534,-0.0009665844074796261,-0.1217896353424329
pullback,1.0,1.0,25212,"{""family"": ""pullback"", ""min_ddv"": 10000000.0, ""min_price"": 5.0, ""regime"": ""spy200"", ""trend"": true, ""mom_min"": 0.0, ""rsi2_max"": 100.0, ""rsi14_max"": 100.0, ""ret21_max"": -0.05, ""dist_ema20_max"": 1.0, ""dist_ema50_min"": -1.0, ""dist_hh60_min"": -1.0, ""atr_ratio_max"": 10.0, ""vol_ratio_min"": 0.0, ""up_close"": true, ""strong_close"": true}",8190,1169.0848650762612,0.5418803418803418,0.007735966710030866,1.0150928357374516,3.0,0.0,0.02626500859049919,-9.96077059998995e-05,-0.008367047303991558,7373,1841.9883641341546,0.48989556489895564,-0.07511682913592677,0.864914014879781,3.0,0.0,0.03729559657931459,-0.003984732041576402,-0.3347174914924178,9408,2350.3901437371665,0.5153061224489796,-0.01521071702204263,0.9712136996473223,3.0,0.0036139455782312926,0.03482486868383534,-0.0009806114044072169,-0.08237135797020621
pullback,1.0,1.5,25212,"{""family"": ""pullback"", ""min_ddv"": 10000000.0, ""min_price"": 5.0, ""regime"": ""spy200"", ""trend"": true, ""mom_min"": 0.0, ""rsi2_max"": 100.0, ""rsi14_max"": 100.0, ""ret21_max"": -0.05, ""dist_ema20_max"": 1.0, ""dist_ema50_min"": -1.0, ""dist_hh60_min"": -1.0, ""atr_ratio_max"": 10.0, ""vol_ratio_min"": 0.0, ""up_close"": true, ""strong_close"": true}",8190,1169.0848650762612,0.4474969474969475,0.04147686575696052,1.066809242855706,4.0,0.0,0.02626500859049919,0.0006616498558840134,0.041683940920692844,7373,1841.9883641341546,0.38735928387359286,-0.08935815027213734,0.8667324212324471,4.0,0.0,0.03729559657931459,-0.005021057637697599,-0.31632663117494875,9408,2350.3901437371665,0.42028061224489793,-0.005362745199939333,0.9915809237120415,4.0,0.005208333333333333,0.03482486868383534,-0.0012236893969079518,-0.07709243200520097
pullback,1.0,2.0,25212,"{""family"": ""pullback"", ""min_ddv"": 10000000.0, ""min_price"": 5.0, ""regime"": ""spy200"", ""trend"": true, ""mom_min"": 0.0, ""rsi2_max"": 100.0, ""rsi14_max"": 100.0, ""ret21_max"": -0.05, ""dist_ema20_max"": 1.0, ""dist_ema50_min"": -1.0, ""dist_hh60_min"": -1.0, ""atr_ratio_max"": 10.0, ""vol_ratio_min"": 0.0, ""up_close"": true, ""strong_close"": true}",8190,1169.0848650762612,0.3824175824175824,0.06787851695721799,1.0976353734643187,5.0,0.0,0.02626500859049919,0.001223279937327844,0.06165330884132334,7373,1841.9883641341546,0.3234775532347755,-0.09321361500930721,0.8743320690439839,5.0,0.0,0.03729559657931459,-0.005614642408363007,-0.28297797738149555,9408,2350.3901437371665,0.3559736394557823,0.004217215410296173,1.0059335111366368,5.0,0.00701530612244898,0.03482486868383534,-0.0009083908526751654,-0.04578289897482833
pullback,1.0,3.0,25212,"{""family"": ""pullback"", ""min_ddv"": 10000000.0, ""min_price"": 5.0, ""regime"": ""spy200"", ""trend"": true, ""mom_min"": 0.0, ""rsi2_max"": 100.0, ""rsi14_max"": 100.0, ""ret21_max"": -0.05, ""dist_ema20_max"": 1.0, ""dist_ema50_min"": -1.0, ""dist_hh60_min"": -1.0, ""atr_ratio_max"": 10.0, ""vol_ratio_min"": 0.0, ""up_close"": true, ""strong_close"": true}",8190,1169.0848650762612,0.2979242979242979,0.10994710776655121,1.138737094373185,6.0,0.0,0.02626500859049919,0.0022830789225540718,0.09588931474727101,7373,1841.9883641341546,0.24955920249559202,-0.07379963744508358,0.9107206922901733,6.0,0.0,0.03729559657931459,-0.00529133405461371,-0.22223603029377584,9408,2350.3901437371665,0.273703231292517,0.01852327996410499,1.022978954353167,6.0,0.00935374149659864,0.03482486868383534,-0.0007133796225385128,-0.02996194414661754
pullback,1.5,0.5,25212,"{""family"": ""pullback"", ""min_ddv"": 10000000.0, ""min_price"": 5.0, ""regime"": ""spy200"", ""trend"": true, ""mom_min"": 0.0, ""rsi2_max"": 100.0, ""rsi14_max"": 100.0, ""ret21_max"": -0.05, ""dist_ema20_max"": 1.0, ""dist_ema50_min"": -1.0, ""dist_hh60_min"": -1.0, ""atr_ratio_max"": 10.0, ""vol_ratio_min"": 0.0, ""up_close"": true, ""strong_close"": true}",8148,1163.0895580758702,0.7042218949435445,0.007194576513850584,1.0222167326165097,3.0,0.0,0.03931557532897774,6.526242367154054e-05,0.005482043588409406,6959,1738.5592060232716,0.667193562293433,-0.03333009049701437,0.9065713839168481,3.0,0.0,0.053941680580909035,-0.0019448533675244905,-0.1633676828720572,9108,2275.441478439425,0.6863197189284146,0.0019826216916187006,1.0059268890895017,3.0,0.003184014053579271,0.05123584990380513,9.334974544466038e-05,0.007841378617351472
pullback,1.5,0.75,25212,"{""family"": ""pullback"", ""min_ddv"": 10000000.0, ""min_price"": 5.0, ""regime"": ""spy200"", ""trend"": true, ""mom_min"": 0.0, ""rsi2_max"": 100.0, ""rsi14_max"": 100.0, ""ret21_max"": -0.05, ""dist_ema20_max"": 1.0, ""dist_ema50_min"": -1.0, ""dist_hh60_min"": -1.0, ""atr_ratio_max"": 10.0, ""vol_ratio_min"": 0.0, ""up_close"": true, ""strong_close"": true}",8148,1163.0895580758702,0.6175748649975454,0.03020192327220705,1.0717785343876793,4.0,0.0,0.03931557532897774,0.0008688446997226485,0.05473721608252686,6959,1738.5592060232716,0.572783445897399,-0.0337590350909958,0.9264892060272806,4.0,0.0,0.053941680580909035,-0.0020637555486363855,-0.13001659956409228,9108,2275.441478439425,0.5976064997804128,0.017784803379892074,1.0412617657912075,4.0,0.005270092226613966,0.05123584990380513,0.0005600988224370489,0.03528622581353408
pullback,1.5,1.0,25212,"{""family"": ""pullback"", ""min_ddv"": 10000000.0, ""min_price"": 5.0, ""regime"": ""spy200"", ""trend"": true, ""mom_min"": 0.0, ""rsi2_max"": 100.0, ""rsi14_max"": 100.0, ""ret21_max"": -0.05, ""dist_ema20_max"": 1.0, ""dist_ema50_min"": -1.0, ""dist_hh60_min"": -1.0, ""atr_ratio_max"": 10.0, ""vol_ratio_min"": 0.0, ""up_close"": true, ""strong_close"": true}",8148,1163.0895580758702,0.5514236622484046,0.05202724669614063,1.105252142751232,5.0,0.0,0.03931557532897774,0.0016093912653995636,0.081113319776138,6959,1738.5592060232716,0.5062508981175456,-0.02571749927716412,0.9515411583410661,6.0,0.0,0.053941680580909035,-0.001814743457938179,-0.07621922523340352,9108,2275.441478439425,0.529754062362758,0.02818516687652662,1.055706130701015,5.0,0.007136583223539745,0.05123584990380513,0.0009022392269492347,0.04547285703824143
pullback,1.5,1.5,25212,"{""family"": ""pullback"", ""min_ddv"": 10000000.0, ""min_price"": 5.0, ""regime"": ""spy200"", ""trend"": true, ""mom_min"": 0.0, ""rsi2_max"": 100.0, ""rsi14_max"": 100.0, ""ret21_max"": -0.05, ""dist_ema20_max"": 1.0, ""dist_ema50_min"": -1.0, ""dist_hh60_min"": -1.0, ""atr_ratio_max"": 10.0, ""vol_ratio_min"": 0.0, ""up_close"": true, ""strong_close"": true}",8148,1163.0895580758702,0.4572901325478645,0.09071041408973565,1.15170668056393,7.0,0.0,0.03931557532897774,0.0031651674702465687,0.11394602892887648,6959,1738.5592060232716,0.412846673372611,-0.011202384029089801,0.9822814430984764,8.0,0.0,0.053941680580909035,-0.0014391147405682727,-0.04533211432790059,9108,2275.441478439425,0.43752744839701363,0.05614723554624894,1.0921948124311371,7.0,0.01064997804128239,0.05123584990380513,0.002468694353954548,0.08887299674236372
pullback,1.5,2.0,25212,"{""family"": ""pullback"", ""min_ddv"": 10000000.0, ""min_price"": 5.0, ""regime"": ""spy200"", ""trend"": true, ""mom_min"": 0.0, ""rsi2_max"": 100.0, ""rsi14_max"": 100.0, ""ret21_max"": -0.05, ""dist_ema20_max"": 1.0, ""dist_ema50_min"": -1.0, ""dist_hh60_min"": -1.0, ""atr_ratio_max"": 10.0, ""vol_ratio_min"": 0.0, ""up_close"": true, ""strong_close"": true}",8148,1163.0895580758702,0.3900343642611684,0.11492889105184043,1.171089819126425,9.0,0.0,0.03931557532897774,0.0038287230133336515,0.10720424437334225,6959,1738.5592060232716,0.35278057192125306,0.010195560914571853,1.014569106748569,9.0,0.0,0.053941680580909035,-0.0005260719773703775,-0.01473001536637057,9108,2275.441478439425,0.37110232762406675,0.06563788902263973,1.0960859478335352,9.0,0.013614404918752744,0.05123584990380513,0.002547511804693901,0.07133033053142923
pullback,1.5,3.0,25212,"{""family"": ""pullback"", ""min_ddv"": 10000000.0, ""min_price"": 5.0, ""regime"": ""spy200"", ""trend"": true, ""mom_min"": 0.0, ""rsi2_max"": 100.0, ""rsi14_max"": 100.0, ""ret21_max"": -0.05, ""dist_ema20_max"": 1.0, ""dist_ema50_min"": -1.0, ""dist_hh60_min"": -1.0, ""atr_ratio_max"": 10.0, ""vol_ratio_min"": 0.0, ""up_close"": true, ""strong_close"": true}",8148,1163.0895580758702,0.3013009327442317,0.13855788303680372,1.1793046897078052,12.0,0.0,0.03931557532897774,0.0038345309988069304,0.08052515097494554,6959,1738.5592060232716,0.28150596350050294,0.06974712786016389,1.0892493736983906,12.0,0.0,0.053941680580909035,0.003930983084378355,0.08255064477194544,9108,2275.441478439425,0.29907773386034253,0.11805708810267172,1.1542992113255153,11.0,0.021739130434782608,0.05123584990380513,0.005739612268109685,0.13148929923305824
pullback,2.0,0.5,25212,"{""family"": ""pullback"", ""min_ddv"": 10000000.0, ""min_price"": 5.0, ""regime"": ""spy200"", ""trend"": true, ""mom_min"": 0.0, ""rsi2_max"": 100.0, ""rsi14_max"": 100.0, ""ret21_max"": -0.05, ""dist_ema20_max"": 1.0, ""dist_ema50_min"": -1.0, ""dist_hh60_min"": -1.0, ""atr_ratio_max"": 10.0, ""vol_ratio_min"": 0.0, ""up_close"": true, ""strong_close"": true}",8038,1147.3875635510362,0.7131127146056233,0.03449809773959574,1.1110175742876092,4.0,0.0,0.05213224937616507,0.0019081410271506603,0.1202128847104916,6445,1610.1471594798084,0.6834755624515128,-0.001644743788944339,0.9951217839802885,5.0,0.0,0.06867252117096781,0.0005494602730335959,0.027692797760893235,8649,2160.770020533881,0.6989247311827957,0.03447753319424791,1.1089787352939597,4.0,0.006705977569661232,0.06624796758938162,0.002284022314602552,0.14389340581996077
pullback,2.0,0.75,25212,"{""family"": ""pullback"", ""min_ddv"": 10000000.0, ""min_price"": 5.0, ""regime"": ""spy200"", ""trend"": true, ""mom_min"": 0.0, ""rsi2_max"": 100.0, ""rsi14_max"": 100.0, ""ret21_max"": -0.05, ""dist_ema20_max"": 1.0, ""dist_ema50_min"": -1.0, ""dist_hh60_min"": -1.0, ""atr_ratio_max"": 10.0, ""vol_ratio_min"": 0.0, ""up_close"": true, ""strong_close"": true}",8038,1147.3875635510362,0.6306295098283154,0.06965192342143603,1.1740866861902397,6.0,0.0,0.05213224937616507,0.0034645508863498055,0.14551113722669182,6445,1610.1471594798084,0.5883630721489527,0.0019073812151600002,1.0043487438245429,7.0,0.0,0.06867252117096781,0.00011678541720257452,0.004204275019292682,8649,2160.770020533881,0.6100127182333218,0.051344005874835494,1.1249383602383,6.0,0.010521447566192624,0.06624796758938162,0.0033208352208470883,0.1394750792755777
pullback,2.0,1.0,25212,"{""family"": ""pullback"", ""min_ddv"": 10000000.0, ""min_price"": 5.0, ""regime"": ""spy200"", ""trend"": true, ""mom_min"": 0.0, ""rsi2_max"": 100.0, ""rsi14_max"": 100.0, ""ret21_max"": -0.05, ""dist_ema20_max"": 1.0, ""dist_ema50_min"": -1.0, ""dist_hh60_min"": -1.0, ""atr_ratio_max"": 10.0, ""vol_ratio_min"": 0.0, ""up_close"": true, ""strong_close"": true}",8038,1147.3875635510362,0.5665588454839512,0.09831418183222318,1.209451454582192,8.0,0.0,0.05213224937616507,0.004813355704937539,0.1516207047055325,6445,1610.1471594798084,0.5196276183087665,0.008649428255446031,1.0168943872737584,9.0,0.0,0.06867252117096781,0.000261510819706531,0.007322302951782868,8649,2160.770020533881,0.5459590704127645,0.07121298501625006,1.1479450058045724,8.0,0.013527575442247659,0.06624796758938162,0.004715097335884198,0.14852556608035222
pullback,2.0,1.5,25212,"{""family"": ""pullback"", ""min_ddv"": 10000000.0, ""min_price"": 5.0, ""regime"": ""spy200"", ""trend"": true, ""mom_min"": 0.0, ""rsi2_max"": 100.0, ""rsi14_max"": 100.0, ""ret21_max"": -0.05, ""dist_ema20_max"": 1.0, ""dist_ema50_min"": -1.0, ""dist_hh60_min"": -1.0, ""atr_ratio_max"": 10.0, ""vol_ratio_min"": 0.0, ""up_close"": true, ""strong_close"": true}",8038,1147.3875635510362,0.46417019158994777,0.1216058549842223,1.2095286539160612,12.0,0.0,0.05213224937616507,0.00572988475155881,0.120327579782735,6445,1610.1471594798084,0.4294802172226532,0.03877435148038938,1.0636039368025354,12.0,0.0,0.06867252117096781,0.0018649955531313712,0.0391649066157588,8649,2160.770020533881,0.45265348595213317,0.10384971121807506,1.1785385664385932,12.0,0.019655451497282924,0.06624796758938162,0.0068188493857562265,0.14319583710088077
pullback,2.0,2.0,25212,"{""family"": ""pullback"", ""min_ddv"": 10000000.0, ""min_price"": 5.0, ""regime"": ""spy200"", ""trend"": true, ""mom_min"": 0.0, ""rsi2_max"": 100.0, ""rsi14_max"": 100.0, ""ret21_max"": -0.05, ""dist_ema20_max"": 1.0, ""dist_ema50_min"": -1.0, ""dist_hh60_min"": -1.0, ""atr_ratio_max"": 10.0, ""vol_ratio_min"": 0.0, ""up_close"": true, ""strong_close"": true}",8038,1147.3875635510362,0.3941278925105748,0.1343022335989549,1.2039177571596564,16.0,0.0,0.05213224937616507,0.0052893374155156625,0.08330706429437168,6445,1610.1471594798084,0.3716058960434445,0.07244148514592919,1.107374847485242,16.0,0.0,0.06867252117096781,0.004465096910256966,0.07032527633654721,8649,2160.770020533881,0.39125910509885536,0.12612854735584095,1.1940257432394812,14.0,0.027517632096196093,0.06624796758938162,0.008432492334757796,0.15178486202564032
pullback,2.0,3.0,25212,"{""family"": ""pullback"", ""min_ddv"": 10000000.0, ""min_price"": 5.0, ""regime"": ""spy200"", ""trend"": true, ""mom_min"": 0.0, ""rsi2_max"": 100.0, ""rsi14_max"": 100.0, ""ret21_max"": -0.05, ""dist_ema20_max"": 1.0, ""dist_ema50_min"": -1.0, ""dist_hh60_min"": -1.0, ""atr_ratio_max"": 10.0, ""vol_ratio_min"": 0.0, ""up_close"": true, ""strong_close"": true}",8038,1147.3875635510362,0.31562577755660615,0.20652208720562412,1.2770358280552105,21.0,0.0,0.05213224937616507,0.00933047174739072,0.11196566096868864,6445,1610.1471594798084,0.2899922420480993,0.11427049190740841,1.1499450830742508,20.0,0.0,0.06867252117096781,0.007155643612080972,0.09016110951222024,8649,2160.770020533881,0.3166840097121054,0.16346954415608242,1.2211892219157854,18.0,0.04358885420279801,0.06624796758938162,0.011783076649753711,0.16496307309655195
pullback,3.0,0.5,25212,"{""family"": ""pullback"", ""min_ddv"": 10000000.0, ""min_price"": 5.0, ""regime"": ""spy200"", ""trend"": true, ""mom_min"": 0.0, ""rsi2_max"": 100.0, ""rsi14_max"": 100.0, ""ret21_max"": -0.05, ""dist_ema20_max"": 1.0, ""dist_ema50_min"": -1.0, ""dist_hh60_min"": -1.0, ""atr_ratio_max"": 10.0, ""vol_ratio_min"": 0.0, ""up_close"": true, ""strong_close"": true}",7507,1071.5897536175205,0.734381244172106,0.08173691612261887,1.288676932294289,8.0,0.0,0.07562352993431452,0.006408916650464472,0.20188087448963088,5051,1261.8856947296372,0.6909522866759058,0.01649898459936481,1.05043165590331,9.0,0.0,0.09084412430345437,0.0008098562078382709,0.022675973819471583,7053,1762.0431211498974,0.7228129873812562,0.07321111071692056,1.253142484156241,8.0,0.009641287395434567,0.09010144673693146,0.006565694252136143,0.2068193689422885
pullback,3.0,0.75,25212,"{""family"": ""pullback"", ""min_ddv"": 10000000.0, ""min_price"": 5.0, ""regime"": ""spy200"", ""trend"": true, ""mom_min"": 0.0, ""rsi2_max"": 100.0, ""rsi14_max"": 100.0, ""ret21_max"": -0.05, ""dist_ema20_max"": 1.0, ""dist_ema50_min"": -1.0, ""dist_hh60_min"": -1.0, ""atr_ratio_max"": 10.0, ""vol_ratio_min"": 0.0, ""up_close"": true, ""strong_close"": true}",7507,1071.5897536175205,0.6487278540029306,0.11375020332931679,1.3043856241914584,12.0,0.0,0.07562352993431452,0.00843483666172255,0.17713156989617354,5051,1261.8856947296372,0.609582260938428,0.04580916386356248,1.1110659913405123,13.0,0.0,0.09084412430345437,0.0028155182423515034,0.054577738236352216,7053,1762.0431211498974,0.6412873954345668,0.10895204238389923,1.2898621674983703,13.0,0.015454416560328938,0.09010144673693146,0.00975517270806749,0.18910027095638518
pullback,3.0,1.0,25212,"{""family"": ""pullback"", ""min_ddv"": 10000000.0, ""min_price"": 5.0, ""regime"": ""spy200"", ""trend"": true, ""mom_min"": 0.0, ""rsi2_max"": 100.0, ""rsi14_max"": 100.0, ""ret21_max"": -0.05, ""dist_ema20_max"": 1.0, ""dist_ema50_min"": -1.0, ""dist_hh60_min"": -1.0, ""atr_ratio_max"": 10.0, ""vol_ratio_min"": 0.0, ""up_close"": true, ""strong_close"": true}",7507,1071.5897536175205,0.582123351538564,0.1398663325133383,1.3143547843992878,17.0,0.0,0.07562352993431452,0.010296070854779248,0.15262410914143357,5051,1261.8856947296372,0.5511779845575133,0.07722676785933862,1.161931605770195,18.0,0.0,0.09084412430345437,0.005521537846187971,0.07730152984663159,7053,1762.0431211498974,0.5794697291932511,0.13981691256048118,1.317200450670335,16.0,0.021409329363391464,0.09010144673693146,0.012519182322618476,0.19717712158124098
pullback,3.0,1.5,25212,"{""family"": ""pullback"", ""min_ddv"": 10000000.0, ""min_price"": 5.0, ""regime"": ""spy200"", ""trend"": true, ""mom_min"": 0.0, ""rsi2_max"": 100.0, ""rsi14_max"": 100.0, ""ret21_max"": -0.05, ""dist_ema20_max"": 1.0, ""dist_ema50_min"": -1.0, ""dist_hh60_min"": -1.0, ""atr_ratio_max"": 10.0, ""vol_ratio_min"": 0.0, ""up_close"": true, ""strong_close"": true}",7507,1071.5897536175205,0.48794458505394966,0.18936223877559377,1.3467818097049005,26.0,0.0,0.07562352993431452,0.013620792432976165,0.1320169112734613,5051,1261.8856947296372,0.4646604632745991,0.1315153220181978,1.231337559541051,25.0,0.0,0.09084412430345437,0.010862975333411188,0.10949879136078478,7053,1762.0431211498974,0.4924145753580037,0.18709607044293416,1.350765884975778,23.0,0.038706933219906425,0.09010144673693146,0.017751925781283557,0.19449936073406332
pullback,3.0,2.0,25212,"{""family"": ""pullback"", ""min_ddv"": 10000000.0, ""min_price"": 5.0, ""regime"": ""spy200"", ""trend"": true, ""mom_min"": 0.0, ""rsi2_max"": 100.0, ""rsi14_max"": 100.0, ""ret21_max"": -0.05, ""dist_ema20_max"": 1.0, ""dist_ema50_min"": -1.0, ""dist_hh60_min"": -1.0, ""atr_ratio_max"": 10.0, ""vol_ratio_min"": 0.0, ""up_close"": true, ""strong_close"": true}",7507,1071.5897536175205,0.42773411482616225,0.24622660149586356,1.4024916045507478,34.0,0.0002664180098574664,0.07562352993431452,0.01768354322595123,0.13106626155705028,5051,1261.8856947296372,0.3953672540091071,0.1562571408127129,1.243861001024354,32.0,0.0,0.09084412430345437,0.012786673240744886,0.10069505177086598,7053,1762.0431211498974,0.43314901460371474,0.21952503900935827,1.3666371239891917,29.0,0.056429887990925846,0.09010144673693146,0.021103691584610805,0.18338380273523872
pullback,3.0,3.0,25212,"{""family"": ""pullback"", ""min_ddv"": 10000000.0, ""min_price"": 5.0, ""regime"": ""spy200"", ""trend"": true, ""mom_min"": 0.0, ""rsi2_max"": 100.0, ""rsi14_max"": 100.0, ""ret21_max"": -0.05, ""dist_ema20_max"": 1.0, ""dist_ema50_min"": -1.0, ""dist_hh60_min"": -1.0, ""atr_ratio_max"": 10.0, ""vol_ratio_min"": 0.0, ""up_close"": true, ""strong_close"": true}",7507,1071.5897536175205,0.3494072199280671,0.35140535539062656,1.5048947921843299,47.0,0.002397762088717197,0.07562352993431452,0.023804355575179657,0.1276318639350058,5051,1261.8856947296372,0.29598099386260146,0.1422253191421342,1.1904220802457257,43.0,0.0017818253811126509,0.09084412430345437,0.011828218213061572,0.0693188602253841,7053,1762.0431211498974,0.3632496809868141,0.28768827748487313,1.4265772468801756,37.0,0.08833120657876081,0.09010144673693146,0.02638155679216973,0.17967979220612898
pullback,1.0,0.5,14978,"{""family"": ""pullback"", ""min_ddv"": 10000000.0, ""min_price"": 5.0, ""regime"": ""spy200"", ""trend"": true, ""mom_min"": 0.15, ""rsi2_max"": 100.0, ""rsi14_max"": 100.0, ""ret21_max"": -0.05, ""dist_ema20_max"": 1.0, ""dist_ema50_min"": -1.0, ""dist_hh60_min"": -1.0, ""atr_ratio_max"": 10.0, ""vol_ratio_min"": 0.0, ""up_close"": true, ""strong_close"": true}",3879,553.7094251075479,0.6751740139211136,-0.053011008291473434,0.8511967616744454,2.0,0.0,0.0314675684976623,-0.0019207833622618808,-0.24201870364499697,4699,1173.945927446954,0.6409874441370504,-0.07946016313431656,0.7933986885025417,2.0,0.0,0.04569243735191893,-0.004483733977902334,-0.564950481215694,6161,1539.1957563312799,0.6649894497646486,-0.04181674877141422,0.8845497574048699,2.0,0.0022723583833793217,0.04035777136894413,-0.0016923046917272009,-0.21323039115762732
pullback,1.0,0.75,14978,"{""family"": ""pullback"", ""min_ddv"": 10000000.0, ""min_price"": 5.0, ""regime"": ""spy200"", ""trend"": true, ""mom_min"": 0.15, ""rsi2_max"": 100.0, ""rsi14_max"": 100.0, ""ret21_max"": -0.05, ""dist_ema20_max"": 1.0, ""dist_ema50_min"": -1.0, ""dist_hh60_min"": -1.0, ""atr_ratio_max"": 10.0, ""vol_ratio_min"": 0.0, ""up_close"": true, ""strong_close"": true}",3879,553.7094251075479,0.5906161381799433,-0.03298248507382109,0.927117338307619,2.0,0.0,0.0314675684976623,-0.001322005510106977,-0.16657269427347912,4699,1173.945927446954,0.5437327090870397,-0.09296967018116592,0.8109673290706365,2.0,0.0,0.04569243735191893,-0.00524010930253939,-0.6602537721199632,6161,1539.1957563312799,0.5744197370556727,-0.03418718963346817,0.9256380718566168,2.0,0.0025969810095763674,0.04035777136894413,-0.0013742391473993837,-0.17315413257232234
pullback,1.0,1.0,14978,"{""family"": ""pullback"", ""min_ddv"": 10000000.0, ""min_price"": 5.0, ""regime"": ""spy200"", ""trend"": true, ""mom_min"": 0.15, ""rsi2_max"": 100.0, ""rsi14_max"": 100.0, ""ret21_max"": -0.05, ""dist_ema20_max"": 1.0, ""dist_ema50_min"": -1.0, ""dist_hh60_min"": -1.0, ""atr_ratio_max"": 10.0, ""vol_ratio_min"": 0.0, ""up_close"": true, ""strong_close"": true}",3879,553.7094251075479,0.5277133281773653,-0.004753081591899614,0.9909046034265787,3.0,0.0,0.0314675684976623,-0.0006407216749391995,-0.05382062069489276,4699,1173.945927446954,0.47903809321132157,-0.08812040588116009,0.8434557258224965,3.0,0.0,0.04569243735191893,-0.005359579153175216,-0.4502046488667182,6161,1539.1957563312799,0.5033273819185197,-0.03161909317723822,0.9413525384076628,3.0,0.0037331602012660283,0.04035777136894413,-0.0016750978426413182,-0.14070821878187073
pullback,1.0,1.5,14978,"{""family"": ""pullback"", ""min_ddv"": 10000000.0, ""min_price"": 5.0, ""regime"": ""spy200"", ""trend"": true, ""mom_min"": 0.15, ""rsi2_max"": 100.0, ""rsi14_max"": 100.0, ""ret21_max"": -0.05, ""dist_ema20_max"": 1.0, ""dist_ema50_min"": -1.0, ""dist_hh60_min"": -1.0, ""atr_ratio_max"": 10.0, ""vol_ratio_min"": 0.0, ""up_close"": true, ""strong_close"": true}",3879,553.7094251075479,0.4318123227635989,0.01911207873613751,1.030168419725409,4.0,0.0,0.0314675684976623,-0.00016132508146237052,-0.010163480132129343,4699,1173.945927446954,0.37625026601404554,-0.11521170737747374,0.8297205769402711,4.0,0.0,0.04569243735191893,-0.006996706067951089,-0.4407924822809186,6161,1539.1957563312799,0.4038305469891251,-0.039006502722457856,0.9402821385075465,4.0,0.005356273332251258,0.04035777136894413,-0.0027090386997224857,-0.17066943808251658
pullback,1.0,2.0,14978,"{""family"": ""pullback"", ""min_ddv"": 10000000.0, ""min_price"": 5.0, ""regime"": ""spy200"", ""trend"": true, ""mom_min"": 0.15, ""rsi2_max"": 100.0, ""rsi14_max"": 100.0, ""ret21_max"": -0.05, ""dist_ema20_max"": 1.0, ""dist_ema50_min"": -1.0, ""dist_hh60_min"": -1.0, ""atr_ratio_max"": 10.0, ""vol_ratio_min"": 0.0, ""up_close"": true, ""strong_close"": true}",3879,553.7094251075479,0.3681361175560712,0.039084255800528066,1.0553398552911437,5.0,0.0,0.0314675684976623,0.00026461695196263444,0.013336694378916774,4699,1173.945927446954,0.31240689508406044,-0.1243851541500023,0.8335049445060482,5.0,0.0,0.04569243735191893,-0.00799091393834865,-0.40274206249277195,6161,1539.1957563312799,0.34101606881999674,-0.03248092254891701,0.9551865233431542,5.0,0.006979386463236488,0.04035777136894413,-0.0024656195051929175,-0.12426722306172304
pullback,1.0,3.0,14978,"{""family"": ""pullback"", ""min_ddv"": 10000000.0, ""min_price"": 5.0, ""regime"": ""spy200"", ""trend"": true, ""mom_min"": 0.15, ""rsi2_max"": 100.0, ""rsi14_max"": 100.0, ""ret21_max"": -0.05, ""dist_ema20_max"": 1.0, ""dist_ema50_min"": -1.0, ""dist_hh60_min"": -1.0, ""atr_ratio_max"": 10.0, ""vol_ratio_min"": 0.0, ""up_close"": true, ""strong_close"": true}",3879,553.7094251075479,0.28100025779840165,0.05745925064114106,1.0712399857052748,6.0,0.0,0.0314675684976623,0.0007441003011089303,0.03125221264657507,4699,1173.945927446954,0.24026388593317727,-0.10973451760047079,0.8677664542332894,6.0,0.0,0.04569243735191893,-0.008016830046783921,-0.3367068619649247,6161,1539.1957563312799,0.261645836714819,-0.021614883334661206,0.9735739625446667,6.0,0.009738678785911378,0.04035777136894413,-0.002377225592608885,-0.09984347488957317
pullback,1.5,0.5,14978,"{""family"": ""pullback"", ""min_ddv"": 10000000.0, ""min_price"": 5.0, ""regime"": ""spy200"", ""trend"": true, ""mom_min"": 0.15, ""rsi2_max"": 100.0, ""rsi14_max"": 100.0, ""ret21_max"": -0.05, ""dist_ema20_max"": 1.0, ""dist_ema50_min"": -1.0, ""dist_hh60_min"": -1.0, ""atr_ratio_max"": 10.0, ""vol_ratio_min"": 0.0, ""up_close"": true, ""strong_close"": true}",3837,547.7141181071568,0.692207453739901,-0.004175376547003399,0.9875897863572997,3.0,0.0,0.04683914355368464,-0.0003643198793332423,-0.03060286986399235,4301,1074.514031485284,0.6565914903510811,-0.04566358968607404,0.875520844341379,3.0,0.0,0.06443085001831525,-0.0028280324813254733,-0.23755472843133976,5872,1466.9952087611225,0.6822207084468664,-5.627939543057549e-05,0.9998336864740056,3.0,0.0028950953678474113,0.058901112344320536,-0.00016727953896547614,-0.014051481273099997
pullback,1.5,0.75,14978,"{""family"": ""pullback"", ""min_ddv"": 10000000.0, ""min_price"": 5.0, ""regime"": ""spy200"", ""trend"": true, ""mom_min"": 0.15, ""rsi2_max"": 100.0, ""rsi14_max"": 100.0, ""ret21_max"": -0.05, ""dist_ema20_max"": 1.0, ""dist_ema50_min"": -1.0, ""dist_hh60_min"": -1.0, ""atr_ratio_max"": 10.0, ""vol_ratio_min"": 0.0, ""up_close"": true, ""strong_close"": true}",3837,547.7141181071568,0.6038571800886109,0.017949376687356296,1.0412851167776132,4.0,0.0,0.04683914355368464,0.00041710441682641584,0.0262775782600642,4301,1074.514031485284,0.5628923506161357,-0.051400192779664684,0.8905331895484179,4.0,0.0,0.06443085001831525,-0.0032027635742833526,-0.20177410517985123,5872,1466.9952087611225,0.5882152588555858,0.0069701683192026015,1.0158473766537324,4.0,0.005619891008174387,0.058901112344320536,-0.00019107597582985423,-0.012037786477280816
pullback,1.5,1.0,14978,"{""family"": ""pullback"", ""min_ddv"": 10000000.0, ""min_price"": 5.0, ""regime"": ""spy200"", ""trend"": true, ""mom_min"": 0.15, ""rsi2_max"": 100.0, ""rsi14_max"": 100.0, ""ret21_max"": -0.05, ""dist_ema20_max"": 1.0, ""dist_ema50_min"": -1.0, ""dist_hh60_min"": -1.0, ""atr_ratio_max"": 10.0, ""vol_ratio_min"": 0.0, ""up_close"": true, ""strong_close"": true}",3837,547.7141181071568,0.5342715663278603,0.028452155988619023,1.0556169556780697,5.0,0.0,0.04683914355368464,0.0005800460579917779,0.029234321322785604,4301,1074.514031485284,0.4977912113461986,-0.04587325907911103,0.9149238794897567,6.0,0.0,0.06443085001831525,-0.003084638819287511,-0.12955483041007546,5872,1466.9952087611225,0.5170299727520435,0.00881158339781536,1.0169655833568532,5.0,0.007663487738419619,0.058901112344320536,-0.00028287106577410515,-0.0142567017150149
pullback,1.5,1.5,14978,"{""family"": ""pullback"", ""min_ddv"": 10000000.0, ""min_price"": 5.0, ""regime"": ""spy200"", ""trend"": true, ""mom_min"": 0.15, ""rsi2_max"": 100.0, ""rsi14_max"": 100.0, ""ret21_max"": -0.05, ""dist_ema20_max"": 1.0, ""dist_ema50_min"": -1.0, ""dist_hh60_min"": -1.0, ""atr_ratio_max"": 10.0, ""vol_ratio_min"": 0.0, ""up_close"": true, ""strong_close"": true}",3837,547.7141181071568,0.4412301277039354,0.05962988987181256,1.0972005535853449,7.0,0.0,0.04683914355368464,0.0024856785923456416,0.0894844293244431,4301,1074.514031485284,0.40641711229946526,-0.02954391699150286,0.953568976658797,8.0,0.0,0.06443085001831525,-0.002684332182910707,-0.08455646376168728,5872,1466.9952087611225,0.4276226158038147,0.039232962529335835,1.0633775531920218,7.0,0.011069482288828338,0.058901112344320536,0.0015198356930303384,0.05471408494909218
pullback,1.5,2.0,14978,"{""family"": ""pullback"", ""min_ddv"": 10000000.0, ""min_price"": 5.0, ""regime"": ""spy200"", ""trend"": true, ""mom_min"": 0.15, ""rsi2_max"": 100.0, ""rsi14_max"": 100.0, ""ret21_max"": -0.05, ""dist_ema20_max"": 1.0, ""dist_ema50_min"": -1.0, ""dist_hh60_min"": -1.0, ""atr_ratio_max"": 10.0, ""vol_ratio_min"": 0.0, ""up_close"": true, ""strong_close"": true}",3837,547.7141181071568,0.36877769090435236,0.062021398997831746,1.0896485574760504,9.0,0.0,0.04683914355368464,0.0018535518748364782,0.05189945249542139,4301,1074.514031485284,0.3457335503371309,-0.012427364896311159,0.9823593264161232,10.0,0.0,0.06443085001831525,-0.0021814415910467837,-0.05497232809437895,5872,1466.9952087611225,0.36154632152588556,0.045108800329027476,1.065083126182976,9.0,0.014475476839237058,0.058901112344320536,0.0015037216871480429,0.0421042072401452
pullback,1.5,3.0,14978,"{""family"": ""pullback"", ""min_ddv"": 10000000.0, ""min_price"": 5.0, ""regime"": ""spy200"", ""trend"": true, ""mom_min"": 0.15, ""rsi2_max"": 100.0, ""rsi14_max"": 100.0, ""ret21_max"": -0.05, ""dist_ema20_max"": 1.0, ""dist_ema50_min"": -1.0, ""dist_hh60_min"": -1.0, ""atr_ratio_max"": 10.0, ""vol_ratio_min"": 0.0, ""up_close"": true, ""strong_close"": true}",3837,547.7141181071568,0.2835548605681522,0.071361864772208,1.0903785553445084,12.0,0.0,0.04683914355368464,0.0013849608830477354,0.029084178544002443,4301,1074.514031485284,0.2755173215531272,0.051018368153596484,1.0651702768395408,12.0,0.0,0.06443085001831525,0.0031020455597464457,0.06514295675467537,5872,1466.9952087611225,0.2959809264305177,0.11485484897253678,1.1497681702499891,11.0,0.023841961852861037,0.058901112344320536,0.0057781061472115544,0.13237115900884652
pullback,2.0,0.5,14978,"{""family"": ""pullback"", ""min_ddv"": 10000000.0, ""min_price"": 5.0, ""regime"": ""spy200"", ""trend"": true, ""mom_min"": 0.15, ""rsi2_max"": 100.0, ""rsi14_max"": 100.0, ""ret21_max"": -0.05, ""dist_ema20_max"": 1.0, ""dist_ema50_min"": -1.0, ""dist_hh60_min"": -1.0, ""atr_ratio_max"": 10.0, ""vol_ratio_min"": 0.0, ""up_close"": true, ""strong_close"": true}",3739,533.7250684395776,0.7068734955870554,0.03249820306012828,1.1020046591733723,4.0,0.0,0.061470567041258195,0.002081934804356356,0.13116189267445041,3830,956.8446269678302,0.6804177545691906,-0.00416011041500864,0.9877751424784905,5.0,0.0,0.08047513548616222,0.0008428273381575129,0.04247849784313865,5470,1366.563997262149,0.6930530164533821,0.03223471418576962,1.10064784442949,5.0,0.007861060329067643,0.07568796383579177,0.0021555500807101187,0.10863972406778999
pullback,2.0,0.75,14978,"{""family"": ""pullback"", ""min_ddv"": 10000000.0, ""min_price"": 5.0, ""regime"": ""spy200"", ""trend"": true, ""mom_min"": 0.15, ""rsi2_max"": 100.0, ""rsi14_max"": 100.0, ""ret21_max"": -0.05, ""dist_ema20_max"": 1.0, ""dist_ema50_min"": -1.0, ""dist_hh60_min"": -1.0, ""atr_ratio_max"": 10.0, ""vol_ratio_min"": 0.0, ""up_close"": true, ""strong_close"": true}",3739,533.7250684395776,0.615405188553089,0.05109036372722971,1.1226151094102772,6.0,0.0,0.061470567041258195,0.0027412552476015948,0.11513272039926697,3830,956.8446269678302,0.5809399477806788,-0.013848813943563817,0.968928925198335,7.0,0.0,0.08047513548616222,-0.00048087326980160623,-0.017311437712857824,5470,1366.563997262149,0.6038391224862888,0.04805934155326726,1.1157210659710115,7.0,0.012614259597806215,0.07568796383579177,0.0032850581342561734,0.11826209283322224
pullback,2.0,1.0,14978,"{""family"": ""pullback"", ""min_ddv"": 10000000.0, ""min_price"": 5.0, ""regime"": ""spy200"", ""trend"": true, ""mom_min"": 0.15, ""rsi2_max"": 100.0, ""rsi14_max"": 100.0, ""ret21_max"": -0.05, ""dist_ema20_max"": 1.0, ""dist_ema50_min"": -1.0, ""dist_hh60_min"": -1.0, ""atr_ratio_max"": 10.0, ""vol_ratio_min"": 0.0, ""up_close"": true, ""strong_close"": true}",3739,533.7250684395776,0.5520192564856914,0.07605988752520906,1.1567838466042448,8.0,0.0,0.061470567041258195,0.004126227351520426,0.12997616157289343,3830,956.8446269678302,0.5140992167101828,-0.004390175458570431,0.9914893496640782,9.0,0.0,0.08047513548616222,-0.00023814265913104868,-0.006667994455669363,5470,1366.563997262149,0.5422303473491773,0.0738707348705286,1.1530900975240068,8.0,0.015539305301645339,0.07568796383579177,0.005240745033612925,0.16508346855880712
pullback,2.0,1.5,14978,"{""family"": ""pullback"", ""min_ddv"": 10000000.0, ""min_price"": 5.0, ""regime"": ""spy200"", ""trend"": true, ""mom_min"": 0.15, ""rsi2_max"": 100.0, ""rsi14_max"": 100.0, ""ret21_max"": -0.05, ""dist_ema20_max"": 1.0, ""dist_ema50_min"": -1.0, ""dist_hh60_min"": -1.0, ""atr_ratio_max"": 10.0, ""vol_ratio_min"": 0.0, ""up_close"": true, ""strong_close"": true}",3739,533.7250684395776,0.4453062316127307,0.08071190733899712,1.1343061186437553,12.0,0.0,0.061470567041258195,0.003957863247969449,0.08311512820735842,3830,956.8446269678302,0.4258485639686684,0.02938913691705941,1.048152694723454,13.0,0.0,0.08047513548616222,0.0016363821244440382,0.031720638104607506,5470,1366.563997262149,0.44954296160877516,0.10658439103387429,1.1829927964750238,12.0,0.0226691042047532,0.07568796383579177,0.0077526675249358495,0.16280601802365283
pullback,2.0,2.0,14978,"{""family"": ""pullback"", ""min_ddv"": 10000000.0, ""min_price"": 5.0, ""regime"": ""spy200"", ""trend"": true, ""mom_min"": 0.15, ""rsi2_max"": 100.0, ""rsi14_max"": 100.0, ""ret21_max"": -0.05, ""dist_ema20_max"": 1.0, ""dist_ema50_min"": -1.0, ""dist_hh60_min"": -1.0, ""atr_ratio_max"": 10.0, ""vol_ratio_min"": 0.0, ""up_close"": true, ""strong_close"": true}",3739,533.7250684395776,0.37576892217170366,0.08231368435742205,1.121040634779071,15.0,0.0,0.061470567041258195,0.0027513203315999517,0.04622218157087919,3830,956.8446269678302,0.3668407310704961,0.059747762690325903,1.088466611262873,16.0,0.0,0.08047513548616222,0.004557538640995858,0.07178123359568477,5470,1366.563997262149,0.3879341864716636,0.1259445027240289,1.1934876682508,14.0,0.03217550274223035,0.07568796383579177,0.009314820488797226,0.1676667687983501
pullback,2.0,3.0,14978,"{""family"": ""pullback"", ""min_ddv"": 10000000.0, ""min_price"": 5.0, ""regime"": ""spy200"", ""trend"": true, ""mom_min"": 0.15, ""rsi2_max"": 100.0, ""rsi14_max"": 100.0, ""ret21_max"": -0.05, ""dist_ema20_max"": 1.0, ""dist_ema50_min"": -1.0, ""dist_hh60_min"": -1.0, ""atr_ratio_max"": 10.0, ""vol_ratio_min"": 0.0, ""up_close"": true, ""strong_close"": true}",3739,533.7250684395776,0.30435945439957207,0.1649550771153862,1.2170797157709818,20.0,0.0,0.061470567041258195,0.008564751579460265,0.10791586990119935,3830,956.8446269678302,0.2885117493472585,0.11063317058801869,1.1458404502886166,20.0,0.0,0.08047513548616222,0.008210907571852978,0.10345743540534753,5470,1366.563997262149,0.310054844606947,0.14195008990414867,1.1909073526719383,18.0,0.04789762340036563,0.07568796383579177,0.012026329962628033,0.1683686194767925
pullback,3.0,0.5,14978,"{""family"": ""pullback"", ""min_ddv"": 10000000.0, ""min_price"": 5.0, ""regime"": ""spy200"", ""trend"": true, ""mom_min"": 0.15, ""rsi2_max"": 100.0, ""rsi14_max"": 100.0, ""ret21_max"": -0.05, ""dist_ema20_max"": 1.0, ""dist_ema50_min"": -1.0, ""dist_hh60_min"": -1.0, ""atr_ratio_max"": 10.0, ""vol_ratio_min"": 0.0, ""up_close"": true, ""strong_close"": true}",3294,470.2033633163864,0.7289010321797207,0.07867316893131547,1.270070067763074,8.0,0.0,0.0872168108079789,0.0068896977599271,0.21702547943770364,2666,666.043805612594,0.6789197299324832,-0.008527866890650364,0.9751081556878056,9.0,0.0,0.1022392862485457,-0.0013453432678560478,-0.03766961149996934,4068,1016.3039014373717,0.7293510324483776,0.08711002467608742,1.3090240990383684,8.0,0.011799410029498525,0.0984647918525052,0.008059500473158582,0.25387426490449533
pullback,3.0,0.75,14978,"{""family"": ""pullback"", ""min_ddv"": 10000000.0, ""min_price"": 5.0, ""regime"": ""spy200"", ""trend"": true, ""mom_min"": 0.15, ""rsi2_max"": 100.0, ""rsi14_max"": 100.0, ""ret21_max"": -0.05, ""dist_ema20_max"": 1.0, ""dist_ema50_min"": -1.0, ""dist_hh60_min"": -1.0, ""atr_ratio_max"": 10.0, ""vol_ratio_min"": 0.0, ""up_close"": true, ""strong_close"": true}",3294,470.2033633163864,0.6384335154826958,0.09861824181632584,1.2549411268836694,12.0,0.0,0.0872168108079789,0.008375749916706681,0.1758907482508403,2666,666.043805612594,0.6024006001500375,0.02584737138935788,1.0611933893826169,14.0,0.0,0.1022392862485457,0.0011544374518965713,0.020779874134138284,4068,1016.3039014373717,0.6487217305801377,0.12757040059753202,1.3471670096357298,13.0,0.017699115044247787,0.0984647918525052,0.012092748635271423,0.2344132812375691
pullback,3.0,1.0,14978,"{""family"": ""pullback"", ""min_ddv"": 10000000.0, ""min_price"": 5.0, ""regime"": ""spy200"", ""trend"": true, ""mom_min"": 0.15, ""rsi2_max"": 100.0, ""rsi14_max"": 100.0, ""ret21_max"": -0.05, ""dist_ema20_max"": 1.0, ""dist_ema50_min"": -1.0, ""dist_hh60_min"": -1.0, ""atr_ratio_max"": 10.0, ""vol_ratio_min"": 0.0, ""up_close"": true, ""strong_close"": true}",3294,470.2033633163864,0.5652701882210079,0.10678866405763593,1.2288702081522174,17.0,0.0,0.0872168108079789,0.008538759077706792,0.1265745463283595,2666,666.043805612594,0.5483870967741935,0.07009789582528075,1.1464626096654336,18.0,0.0,0.1022392862485457,0.005151023123569878,0.0721143237299783,4068,1016.3039014373717,0.5855457227138643,0.15653030171108492,1.3600124166143184,16.0,0.02384464110127827,0.0984647918525052,0.015070383950784695,0.23735854722485894
pullback,3.0,1.5,14978,"{""family"": ""pullback"", ""min_ddv"": 10000000.0, ""min_price"": 5.0, ""regime"": ""spy200"", ""trend"": true, ""mom_min"": 0.15, ""rsi2_max"": 100.0, ""rsi14_max"": 100.0, ""ret21_max"": -0.05, ""dist_ema20_max"": 1.0, ""dist_ema50_min"": -1.0, ""dist_hh60_min"": -1.0, ""atr_ratio_max"": 10.0, ""vol_ratio_min"": 0.0, ""up_close"": true, ""strong_close"": true}",3294,470.2033633163864,0.470856102003643,0.1440756558966869,1.2534027033772122,25.0,0.0,0.0872168108079789,0.011720452397596646,0.11814216016777418,2666,666.043805612594,0.46811702925731435,0.14336765340346927,1.2549435090424497,25.0,0.0,0.1022392862485457,0.012719490714465643,0.1282124664018137,4068,1016.3039014373717,0.4963126843657817,0.1974424668245267,1.3730760718927932,22.0,0.04424778761061947,0.0984647918525052,0.020288947279462927,0.23240066883748442
pullback,3.0,2.0,14978,"{""family"": ""pullback"", ""min_ddv"": 10000000.0, ""min_price"": 5.0, ""regime"": ""spy200"", ""trend"": true, ""mom_min"": 0.15, ""rsi2_max"": 100.0, ""rsi14_max"": 100.0, ""ret21_max"": -0.05, ""dist_ema20_max"": 1.0, ""dist_ema50_min"": -1.0, ""dist_hh60_min"": -1.0, ""atr_ratio_max"": 10.0, ""vol_ratio_min"": 0.0, ""up_close"": true, ""strong_close"": true}",3294,470.2033633163864,0.41621129326047357,0.20915878753828349,1.332067102715241,32.0,0.0,0.0872168108079789,0.017318480404182036,0.13638303318293354,2666,666.043805612594,0.400225056264066,0.17035224183883285,1.2690447502294322,31.0,0.0,0.1022392862485457,0.014716385912038788,0.1196299758010895,4068,1016.3039014373717,0.42649950835791545,0.19694566194420154,1.3258741655921402,28.0,0.061455260570304815,0.0984647918525052,0.02157964215345321,0.1942167793810789
pullback,3.0,3.0,14978,"{""family"": ""pullback"", ""min_ddv"": 10000000.0, ""min_price"": 5.0, ""regime"": ""spy200"", ""trend"": true, ""mom_min"": 0.15, ""rsi2_max"": 100.0, ""rsi14_max"": 100.0, ""ret21_max"": -0.05, ""dist_ema20_max"": 1.0, ""dist_ema50_min"": -1.0, ""dist_hh60_min"": -1.0, ""atr_ratio_max"": 10.0, ""vol_ratio_min"": 0.0, ""up_close"": true, ""strong_close"": true}",3294,470.2033633163864,0.3312082574377656,0.2721466152209743,1.376776330575091,44.0,0.0030358227079538553,0.0872168108079789,0.0211301630033197,0.12101820629174011,2666,666.043805612594,0.31057764441110275,0.20295668840849185,1.2786553950009136,43.0,0.0015003750937734434,0.1022392862485457,0.017935450743267193,0.1051100834256589,4068,1016.3039014373717,0.35496558505408066,0.2569778997627244,1.3766823226754559,36.0,0.08652900688298919,0.0984647918525052,0.0266686298096027,0.1866804086672189
breakout,1.0,0.5,90518,"{""family"": ""breakout"", ""min_ddv"": 10000000.0, ""min_price"": 5.0, ""regime"": ""spy200"", ""trend"": true, ""mom_min"": -1.0, ""rsi2_max"": 100.0, ""rsi14_max"": 100.0, ""ret21_max"": 1.0, ""dist_ema20_max"": 1.0, ""dist_ema50_min"": -1.0, ""dist_hh60_min"": -1.0, ""atr_ratio_max"": 10.0, ""vol_ratio_min"": 0.0, ""up_close"": false, ""strong_close"": false}",36775,5249.462260461478,0.6593609789259007,-0.1247776647703363,0.6819038074029388,2.0,0.0,0.017773132366466552,-0.002311395148707652,-0.29123578873716416,24075,6014.630390143737,0.6494704049844237,-0.11402768537356739,0.7096336279768153,1.0,0.0,0.023568661166226242,-0.0029854789054536085,-0.7523406841743093,29665,7411.173853524982,0.6543738412270352,-0.09876567484759295,0.7448609801538298,1.0,0.0007079049384796899,0.024436898628119093,-0.0026920534976838557,-0.6783974814163316
breakout,1.0,0.75,90518,"{""family"": ""breakout"", ""min_ddv"": 10000000.0, ""min_price"": 5.0, ""regime"": ""spy200"", ""trend"": true, ""mom_min"": -1.0, ""rsi2_max"": 100.0, ""rsi14_max"": 100.0, ""ret21_max"": 1.0, ""dist_ema20_max"": 1.0, ""dist_ema50_min"": -1.0, ""dist_hh60_min"": -1.0, ""atr_ratio_max"": 10.0, ""vol_ratio_min"": 0.0, ""up_close"": false, ""strong_close"": false}",36775,5249.462260461478,0.5711760707002039,-0.1150597016200512,0.7681995372351226,2.0,0.0,0.017773132366466552,-0.0021383663181939205,-0.269434156092434,24075,6014.630390143737,0.5643613707165109,-0.10017676454573335,0.7957336662638799,2.0,0.0,0.023568661166226242,-0.002668733637522547,-0.3362604383278409,29665,7411.173853524982,0.5648070116298668,-0.09555398405557029,0.8059986541484618,2.0,0.001247261082083263,0.024436898628119093,-0.002609795327172458,-0.3288342112237297
breakout,1.0,1.0,90518,"{""family"": ""breakout"", ""min_ddv"": 10000000.0, ""min_price"": 5.0, ""regime"": ""spy200"", ""trend"": true, ""mom_min"": -1.0, ""rsi2_max"": 100.0, ""rsi14_max"": 100.0, ""ret21_max"": 1.0, ""dist_ema20_max"": 1.0, ""dist_ema50_min"": -1.0, ""dist_hh60_min"": -1.0, ""atr_ratio_max"": 10.0, ""vol_ratio_min"": 0.0, ""up_close"": false, ""strong_close"": false}",36775,5249.462260461478,0.5048538409245411,-0.10640521641625077,0.8149723054408958,3.0,0.0,0.017773132366466552,-0.0019983512139562,-0.16786150197232083,24075,6014.630390143737,0.49669781931464174,-0.09678146870339936,0.8296925414919668,2.0,0.0,0.023568661166226242,-0.0025826146891045256,-0.3254094508271702,29665,7411.173853524982,0.4974886229563459,-0.09204284065846371,0.8388081624987741,2.0,0.0016854879487611663,0.024436898628119093,-0.002522072330389533,-0.3177811136290812
breakout,1.0,1.5,90518,"{""family"": ""breakout"", ""min_ddv"": 10000000.0, ""min_price"": 5.0, ""regime"": ""spy200"", ""trend"": true, ""mom_min"": -1.0, ""rsi2_max"": 100.0, ""rsi14_max"": 100.0, ""ret21_max"": 1.0, ""dist_ema20_max"": 1.0, ""dist_ema50_min"": -1.0, ""dist_hh60_min"": -1.0, ""atr_ratio_max"": 10.0, ""vol_ratio_min"": 0.0, ""up_close"": false, ""strong_close"": false}",36775,5249.462260461478,0.41288919102651256,-0.08729303390847902,0.8726699418800183,3.0,0.0,0.017773132366466552,-0.0016748583218833238,-0.1406880990381992,24075,6014.630390143737,0.4012045690550363,-0.0933473933865398,0.8627090856058846,3.0,0.0,0.023568661166226242,-0.002496347361511936,-0.20969317836700263,29665,7411.173853524982,0.4031350075846958,-0.08689600480995127,0.8728142391933639,3.0,0.0026293612000674194,0.024436898628119093,-0.002396355679777636,-0.2012938771013214
breakout,1.0,2.0,90518,"{""family"": ""breakout"", ""min_ddv"": 10000000.0, ""min_price"": 5.0, ""regime"": ""spy200"", ""trend"": true, ""mom_min"": -1.0, ""rsi2_max"": 100.0, ""rsi14_max"": 100.0, ""ret21_max"": 1.0, ""dist_ema20_max"": 1.0, ""dist_ema50_min"": -1.0, ""dist_hh60_min"": -1.0, ""atr_ratio_max"": 10.0, ""vol_ratio_min"": 0.0, ""up_close"": false, ""strong_close"": false}",36775,5249.462260461478,0.3489055064581917,-0.0773724168889344,0.8985603402356482,4.0,0.0,0.017773132366466552,-0.0015089561238397786,-0.09506423580190605,24075,6014.630390143737,0.3377777777777778,-0.08864690501254013,0.882504311899624,4.0,0.0,0.023568661166226242,-0.0024336663984196633,-0.1533209831004388,29665,7411.173853524982,0.34333389516264956,-0.07111331953215347,0.9058221768091297,4.0,0.003404685656497556,0.024436898628119093,-0.0020029263367709656,-0.12618435921657084
breakout,1.0,3.0,90518,"{""family"": ""breakout"", ""min_ddv"": 10000000.0, ""min_price"": 5.0, ""regime"": ""spy200"", ""trend"": true, ""mom_min"": -1.0, ""rsi2_max"": 100.0, ""rsi14_max"": 100.0, ""ret21_max"": 1.0, ""dist_ema20_max"": 1.0, ""dist_ema50_min"": -1.0, ""dist_hh60_min"": -1.0, ""atr_ratio_max"": 10.0, ""vol_ratio_min"": 0.0, ""up_close"": false, ""strong_close"": false}",36775,5249.462260461478,0.26806254248810335,-0.060049877230994954,0.9303190615049963,5.0,0.0,0.017773132366466552,-0.001221031012805394,-0.06153996304539185,24075,6014.630390143737,0.2564901349948079,-0.08687754160787933,0.8979800066025287,5.0,0.0,0.023568661166226242,-0.002262683288881701,-0.11403923775963772,29665,7411.173853524982,0.2677903252991741,-0.04448723936872037,0.9474408940671738,4.0,0.006135176133490646,0.024436898628119093,-0.0014111750360051498,-0.08890402726832444
breakout,1.5,0.5,90518,"{""family"": ""breakout"", ""min_ddv"": 10000000.0, ""min_price"": 5.0, ""regime"": ""spy200"", ""trend"": true, ""mom_min"": -1.0, ""rsi2_max"": 100.0, ""rsi14_max"": 100.0, ""ret21_max"": 1.0, ""dist_ema20_max"": 1.0, ""dist_ema50_min"": -1.0, ""dist_hh60_min"": -1.0, ""atr_ratio_max"": 10.0, ""vol_ratio_min"": 0.0, ""up_close"": false, ""strong_close"": false}",36775,5249.462260461478,0.6720326308633583,-0.06510391577574266,0.8227492149571364,3.0,0.0,0.026659698549699826,-0.0018392016609490042,-0.15449293951971635,24050,6008.384668035592,0.668024948024948,-0.05348605746536562,0.852674937552164,3.0,0.0,0.035334719851754647,-0.0020982993939392147,-0.17625714909089404,29629,7402.180013689253,0.6667454183401397,-0.05337019870703483,0.8550853275519101,2.0,0.0018562894461507306,0.03663702721328011,-0.0020420275383466655,-0.25729546983167983
breakout,1.5,0.75,90518,"{""family"": ""breakout"", ""min_ddv"": 10000000.0, ""min_price"": 5.0, ""regime"": ""spy200"", ""trend"": true, ""mom_min"": -1.0, ""rsi2_max"": 100.0, ""rsi14_max"": 100.0, ""ret21_max"": 1.0, ""dist_ema20_max"": 1.0, ""dist_ema50_min"": -1.0, ""dist_hh60_min"": -1.0, ""atr_ratio_max"": 10.0, ""vol_ratio_min"": 0.0, ""up_close"": false, ""strong_close"": false}",36775,5249.462260461478,0.584418762746431,-0.05084785396092121,0.8911373794760169,4.0,0.0,0.026659698549699826,-0.0014827134757604494,-0.0934109489729083,24050,6008.384668035592,0.5757172557172557,-0.05155869834839151,0.8893214685171459,4.0,0.0,0.035334719851754647,-0.002046982872577466,-0.12895992097238038,29629,7402.180013689253,0.57733976847008,-0.046355954537384836,0.9012085276687013,3.0,0.003071315265449391,0.03663702721328011,-0.0016967851700894704,-0.1425299542875155
breakout,1.5,1.0,90518,"{""family"": ""breakout"", ""min_ddv"": 10000000.0, ""min_price"": 5.0, ""regime"": ""spy200"", ""trend"": true, ""mom_min"": -1.0, ""rsi2_max"": 100.0, ""rsi14_max"": 100.0, ""ret21_max"": 1.0, ""dist_ema20_max"": 1.0, ""dist_ema50_min"": -1.0, ""dist_hh60_min"": -1.0, ""atr_ratio_max"": 10.0, ""vol_ratio_min"": 0.0, ""up_close"": false, ""strong_close"": false}",36775,5249.462260461478,0.5188579197824609,-0.03810231957628469,0.9296686331839833,5.0,0.0,0.026659698549699826,-0.0011292097149256098,-0.05691216963225073,24050,6008.384668035592,0.5071101871101871,-0.04686922381983554,0.9136075837727156,5.0,0.0,0.035334719851754647,-0.0017625410779678998,-0.08883207032958215,29629,7402.180013689253,0.510074589085018,-0.03932449497712341,0.9278288858644952,4.0,0.0045225961051672346,0.03663702721328011,-0.0014103394029944987,-0.08885138238865342
breakout,1.5,1.5,90518,"{""family"": ""breakout"", ""min_ddv"": 10000000.0, ""min_price"": 5.0, ""regime"": ""spy200"", ""trend"": true, ""mom_min"": -1.0, ""rsi2_max"": 100.0, ""rsi14_max"": 100.0, ""ret21_max"": 1.0, ""dist_ema20_max"": 1.0, ""dist_ema50_min"": -1.0, ""dist_hh60_min"": -1.0, ""atr_ratio_max"": 10.0, ""vol_ratio_min"": 0.0, ""up_close"": false, ""strong_close"": false}",36775,5249.462260461478,0.4234398368456832,-0.022409933402889704,0.965618575481238,7.0,0.0,0.026659698549699826,-0.000746537547380751,-0.026875351705707037,24050,6008.384668035592,0.4101039501039501,-0.040319885515182036,0.9380261768618673,6.0,0.0,0.035334719851754647,-0.001589498055811419,-0.0667589183440796,29629,7402.180013689253,0.42120895069020214,-0.014927951283604884,0.9768996468149499,6.0,0.007391407067400183,0.03663702721328011,-0.00040536817869453505,-0.017025463505170473
breakout,1.5,2.0,90518,"{""family"": ""breakout"", ""min_ddv"": 10000000.0, ""min_price"": 5.0, ""regime"": ""spy200"", ""trend"": true, ""mom_min"": -1.0, ""rsi2_max"": 100.0, ""rsi14_max"": 100.0, ""ret21_max"": 1.0, ""dist_ema20_max"": 1.0, ""dist_ema50_min"": -1.0, ""dist_hh60_min"": -1.0, ""atr_ratio_max"": 10.0, ""vol_ratio_min"": 0.0, ""up_close"": false, ""strong_close"": false}",36775,5249.462260461478,0.3582053025152957,-0.012743843111689381,0.9824955557731645,8.0,0.0,0.026659698549699826,-0.0005106932598652941,-0.016086837685756764,24050,6008.384668035592,0.34686070686070686,-0.031140903567173008,0.9568374981589236,8.0,0.0,0.035334719851754647,-0.0010965014610292173,-0.03453979602242035,29629,7402.180013689253,0.36234769988862264,0.00812036739601993,1.0113783624015098,7.0,0.011306490262918087,0.03663702721328011,0.0003883534966136211,0.013980725878090359
breakout,1.5,3.0,90518,"{""family"": ""breakout"", ""min_ddv"": 10000000.0, ""min_price"": 5.0, ""regime"": ""spy200"", ""trend"": true, ""mom_min"": -1.0, ""rsi2_max"": 100.0, ""rsi14_max"": 100.0, ""ret21_max"": 1.0, ""dist_ema20_max"": 1.0, ""dist_ema50_min"": -1.0, ""dist_hh60_min"": -1.0, ""atr_ratio_max"": 10.0, ""vol_ratio_min"": 0.0, ""up_close"": false, ""strong_close"": false}",36775,5249.462260461478,0.2801631543167913,0.025733695110645598,1.0314337184989544,11.0,0.0,0.026659698549699826,0.000525205069335692,0.012031970679326763,24050,6008.384668035592,0.2706029106029106,0.002865103814672732,1.0035476159428924,9.0,0.0,0.035334719851754647,0.0005033561243848961,0.014093971482777091,29629,7402.180013689253,0.2945087583111141,0.07192550331059262,1.0907182123502472,9.0,0.01886665091633197,0.03663702721328011,0.003004765086464059,0.08413342242099366
breakout,2.0,0.5,90518,"{""family"": ""breakout"", ""min_ddv"": 10000000.0, ""min_price"": 5.0, ""regime"": ""spy200"", ""trend"": true, ""mom_min"": -1.0, ""rsi2_max"": 100.0, ""rsi14_max"": 100.0, ""ret21_max"": 1.0, ""dist_ema20_max"": 1.0, ""dist_ema50_min"": -1.0, ""dist_hh60_min"": -1.0, ""atr_ratio_max"": 10.0, ""vol_ratio_min"": 0.0, ""up_close"": false, ""strong_close"": false}",36755,5246.607352366053,0.6815127193579105,-0.028792295680762775,0.9175974886515034,4.0,0.0,0.03553925282074809,-0.0010961325407012488,-0.06905635006417868,23833,5954.171800136893,0.6694918810053287,-0.037811467569455005,0.8940784397765332,4.0,0.0,0.0469247749156973,-0.002034406780189783,-0.12816762715195631,29313,7323.2340862423,0.6783338450516836,-0.019909774548539386,0.9431105865178169,4.0,0.00460546515198035,0.04857398821579143,-0.0008694951858159329,-0.05477819670640378
breakout,2.0,0.75,90518,"{""family"": ""breakout"", ""min_ddv"": 10000000.0, ""min_price"": 5.0, ""regime"": ""spy200"", ""trend"": true, ""mom_min"": -1.0, ""rsi2_max"": 100.0, ""rsi14_max"": 100.0, ""ret21_max"": 1.0, ""dist_ema20_max"": 1.0, ""dist_ema50_min"": -1.0, ""dist_hh60_min"": -1.0, ""atr_ratio_max"": 10.0, ""vol_ratio_min"": 0.0, ""up_close"": false, ""strong_close"": false}",36755,5246.607352366053,0.5961365800571351,-0.008800192372338294,0.9801820981367214,6.0,0.0,0.03553925282074809,-0.0003942327875269675,-0.016557777076132634,23833,5954.171800136893,0.5782318633827046,-0.03234394002729136,0.9291314958965364,6.0,0.0,0.0469247749156973,-0.0015926815483636068,-0.06689262503127148,29313,7323.2340862423,0.5903865179271995,-0.0070236057300219895,0.9842815732240475,5.0,0.007709889809981919,0.04857398821579143,-0.0001525510613860183,-0.007688573493855322
breakout,2.0,1.0,90518,"{""family"": ""breakout"", ""min_ddv"": 10000000.0, ""min_price"": 5.0, ""regime"": ""spy200"", ""trend"": true, ""mom_min"": -1.0, ""rsi2_max"": 100.0, ""rsi14_max"": 100.0, ""ret21_max"": 1.0, ""dist_ema20_max"": 1.0, ""dist_ema50_min"": -1.0, ""dist_hh60_min"": -1.0, ""atr_ratio_max"": 10.0, ""vol_ratio_min"": 0.0, ""up_close"": false, ""strong_close"": false}",36755,5246.607352366053,0.5292341178071011,0.0031746636557754312,1.0061148509142908,8.0,0.0,0.03553925282074809,4.564717915918284e-06,0.00014378861435142596,23833,5954.171800136893,0.5109302228003189,-0.025507889438418464,0.9518896268476168,7.0,0.0,0.0469247749156973,-0.0013538092488343727,-0.04873713295803742,29313,7323.2340862423,0.5275133899634974,0.011056907889564361,1.0214276171250238,7.0,0.010677856241258145,0.04857398821579143,0.0007478259583325274,0.026921734499970987
breakout,2.0,1.5,90518,"{""family"": ""breakout"", ""min_ddv"": 10000000.0, ""min_price"": 5.0, ""regime"": ""spy200"", ""trend"": true, ""mom_min"": -1.0, ""rsi2_max"": 100.0, ""rsi14_max"": 100.0, ""ret21_max"": 1.0, ""dist_ema20_max"": 1.0, ""dist_ema50_min"": -1.0, ""dist_hh60_min"": -1.0, ""atr_ratio_max"": 10.0, ""vol_ratio_min"": 0.0, ""up_close"": false, ""strong_close"": false}",36755,5246.607352366053,0.432512583321997,0.019412020967775993,1.030905548719286,11.0,0.0,0.03553925282074809,0.0005298045132467712,0.01213733975801694,23833,5954.171800136893,0.4189988671170226,-0.0043308609726615665,0.9931326400506961,10.0,0.0,0.0469247749156973,-0.00012055710141864444,-0.00303803895574984,29313,7323.2340862423,0.44035069764268414,0.045531288609396266,1.0743306807753292,10.0,0.01750076757752533,0.04857398821579143,0.0024727237495469987,0.06231263848858437
breakout,2.0,2.0,90518,"{""family"": ""breakout"", ""min_ddv"": 10000000.0, ""min_price"": 5.0, ""regime"": ""spy200"", ""trend"": true, ""mom_min"": -1.0, ""rsi2_max"": 100.0, ""rsi14_max"": 100.0, ""ret21_max"": 1.0, ""dist_ema20_max"": 1.0, ""dist_ema50_min"": -1.0, ""dist_hh60_min"": -1.0, ""atr_ratio_max"": 10.0, ""vol_ratio_min"": 0.0, ""up_close"": false, ""strong_close"": false}",36755,5246.607352366053,0.3733641681403891,0.05427265625966306,1.0781313364458607,14.0,0.0,0.03553925282074809,0.0018642760868252508,0.03355696956285451,23833,5954.171800136893,0.3602567868082071,0.023080331598185462,1.033189558232136,12.0,0.0,0.0469247749156973,0.001591848510344903,0.033428818717242965,29313,7323.2340862423,0.38470985569542526,0.08233661763270451,1.1219216258309481,12.0,0.02452836625388053,0.04857398821579143,0.004473098675596171,0.09393507218751958
breakout,2.0,3.0,90518,"{""family"": ""breakout"", ""min_ddv"": 10000000.0, ""min_price"": 5.0, ""regime"": ""spy200"", ""trend"": true, ""mom_min"": -1.0, ""rsi2_max"": 100.0, ""rsi14_max"": 100.0, ""ret21_max"": 1.0, ""dist_ema20_max"": 1.0, ""dist_ema50_min"": -1.0, ""dist_hh60_min"": -1.0, ""atr_ratio_max"": 10.0, ""vol_ratio_min"": 0.0, ""up_close"": false, ""strong_close"": false}",36755,5246.607352366053,0.2981091008026119,0.11767475788897502,1.15089752060282,18.0,0.0,0.03553925282074809,0.0042017139044937596,0.05882399466291263,23833,5954.171800136893,0.28196198548231444,0.06446532104784033,1.0824580999609483,15.0,0.0,0.0469247749156973,0.004485982960415003,0.07536451373497205,29313,7323.2340862423,0.3158666803124893,0.157647468757165,1.2098884824231335,15.0,0.0346603895882373,0.04857398821579143,0.008494212085061337,0.14270276302903048
breakout,3.0,0.5,90518,"{""family"": ""breakout"", ""min_ddv"": 10000000.0, ""min_price"": 5.0, ""regime"": ""spy200"", ""trend"": true, ""mom_min"": -1.0, ""rsi2_max"": 100.0, ""rsi14_max"": 100.0, ""ret21_max"": 1.0, ""dist_ema20_max"": 1.0, ""dist_ema50_min"": -1.0, ""dist_hh60_min"": -1.0, ""atr_ratio_max"": 10.0, ""vol_ratio_min"": 0.0, ""up_close"": false, ""strong_close"": false}",36370,5191.650371529136,0.6941435248831455,0.010074982355447652,1.0306640092726431,8.0,0.0,0.05307335368326023,0.0004772448415212684,0.015033212507919955,22448,5608.158795345654,0.6818870277975766,-0.004196344727710185,0.987546088363197,8.0,0.0,0.06817271712447018,-9.780215495925126e-05,-0.003080767881216415,27628,6902.27241615332,0.6885768061386999,0.015059436526678623,1.045867111535742,7.0,0.013102649486028666,0.0708992347102346,0.0012970033918024032,0.04669212210488651
breakout,3.0,0.75,90518,"{""family"": ""breakout"", ""min_ddv"": 10000000.0, ""min_price"": 5.0, ""regime"": ""spy200"", ""trend"": true, ""mom_min"": -1.0, ""rsi2_max"": 100.0, ""rsi14_max"": 100.0, ""ret21_max"": 1.0, ""dist_ema20_max"": 1.0, ""dist_ema50_min"": -1.0, ""dist_hh60_min"": -1.0, ""atr_ratio_max"": 10.0, ""vol_ratio_min"": 0.0, ""up_close"": false, ""strong_close"": false}",36370,5191.650371529136,0.6077811383007974,0.029481200373683944,1.0697320033145812,12.0,0.0,0.05307335368326023,0.001469971334304942,0.030869398020403782,22448,5608.158795345654,0.5953314326443335,0.013031073286040862,1.0303371025146932,11.0,0.0,0.06817271712447018,0.0011827047286558177,0.027094690147387822,27628,6902.27241615332,0.6073548573910525,0.04198017881759202,1.101243909086194,11.0,0.020052121036629508,0.0708992347102346,0.0032729868772441743,0.07498115391504835
breakout,3.0,1.0,90518,"{""family"": ""breakout"", ""min_ddv"": 10000000.0, ""min_price"": 5.0, ""regime"": ""spy200"", ""trend"": true, ""mom_min"": -1.0, ""rsi2_max"": 100.0, ""rsi14_max"": 100.0, ""ret21_max"": 1.0, ""dist_ema20_max"": 1.0, ""dist_ema50_min"": -1.0, ""dist_hh60_min"": -1.0, ""atr_ratio_max"": 10.0, ""vol_ratio_min"": 0.0, ""up_close"": false, ""strong_close"": false}",36370,5191.650371529136,0.5425350563651361,0.04891442848565706,1.0990642081141926,16.0,0.0,0.05307335368326023,0.0024950726875903515,0.039297394829548034,22448,5608.158795345654,0.5340787598004276,0.03727586203198847,1.075289389497179,15.0,0.0,0.06817271712447018,0.003065839014574662,0.05150609544485432,27628,6902.27241615332,0.5483205443752714,0.0691878913965511,1.1448184123229184,14.0,0.026820616765600117,0.0708992347102346,0.005371271924426999,0.09668289463968598
breakout,3.0,1.5,90518,"{""family"": ""breakout"", ""min_ddv"": 10000000.0, ""min_price"": 5.0, ""regime"": ""spy200"", ""trend"": true, ""mom_min"": -1.0, ""rsi2_max"": 100.0, ""rsi14_max"": 100.0, ""ret21_max"": 1.0, ""dist_ema20_max"": 1.0, ""dist_ema50_min"": -1.0, ""dist_hh60_min"": -1.0, ""atr_ratio_max"": 10.0, ""vol_ratio_min"": 0.0, ""up_close"": false, ""strong_close"": false}",36370,5191.650371529136,0.45754742919989,0.10300873005432055,1.1756736371000966,22.0,0.0,0.05307335368326023,0.005391076308193648,0.06175232862112725,22448,5608.158795345654,0.4442712045616536,0.07402928757171817,1.1252627689470152,20.0,0.0,0.06817271712447018,0.006080987877360708,0.07662044725474491,27628,6902.27241615332,0.4697408426234255,0.12851254046387195,1.2289563348144852,19.0,0.04053858404517156,0.0708992347102346,0.009970324362298557,0.13223798627890715
breakout,3.0,2.0,90518,"{""family"": ""breakout"", ""min_ddv"": 10000000.0, ""min_price"": 5.0, ""regime"": ""spy200"", ""trend"": true, ""mom_min"": -1.0, ""rsi2_max"": 100.0, ""rsi14_max"": 100.0, ""ret21_max"": 1.0, ""dist_ema20_max"": 1.0, ""dist_ema50_min"": -1.0, ""dist_hh60_min"": -1.0, ""atr_ratio_max"": 10.0, ""vol_ratio_min"": 0.0, ""up_close"": false, ""strong_close"": false}",36370,5191.650371529136,0.40222711025570523,0.16125944274956,1.2493879698274495,28.0,0.0,0.05307335368326023,0.00861232564460144,0.07751093080141296,22448,5608.158795345654,0.38208303635067714,0.10520628316648573,1.15998908487985,25.0,0.0,0.06817271712447018,0.00891683008254466,0.08988164723205017,27628,6902.27241615332,0.41819892862313596,0.1849619735927469,1.3004509574537495,23.0,0.050962791371072826,0.0708992347102346,0.01407336311372187,0.15419510889817006
breakout,3.0,3.0,90518,"{""family"": ""breakout"", ""min_ddv"": 10000000.0, ""min_price"": 5.0, ""regime"": ""spy200"", ""trend"": true, ""mom_min"": -1.0, ""rsi2_max"": 100.0, ""rsi14_max"": 100.0, ""ret21_max"": 1.0, ""dist_ema20_max"": 1.0, ""dist_ema50_min"": -1.0, ""dist_hh60_min"": -1.0, ""atr_ratio_max"": 10.0, ""vol_ratio_min"": 0.0, ""up_close"": false, ""strong_close"": false}",36370,5191.650371529136,0.3375859224635689,0.29785892742887254,1.415090358342189,36.0,0.0003024470717624416,0.05307335368326023,0.016238232463835767,0.11366762724685037,22448,5608.158795345654,0.2993585174625802,0.1467974398259576,1.1960301005026703,32.0,0.0006236635780470421,0.06817271712447018,0.012977501891115312,0.10219782739253308,27628,6902.27241615332,0.35547270884609816,0.2843553641582229,1.4166304134255983,29.0,0.07123208339365861,0.0708992347102346,0.020893989927702056,0.18156156764761786
breakout,1.0,0.5,87304,"{""family"": ""breakout"", ""min_ddv"": 10000000.0, ""min_price"": 5.0, ""regime"": ""spy200"", ""trend"": true, ""mom_min"": 0.0, ""rsi2_max"": 100.0, ""rsi14_max"": 100.0, ""ret21_max"": 1.0, ""dist_ema20_max"": 1.0, ""dist_ema50_min"": -1.0, ""dist_hh60_min"": -1.0, ""atr_ratio_max"": 10.0, ""vol_ratio_min"": 0.0, ""up_close"": false, ""strong_close"": false}",35509,5068.746578021119,0.6599172040891041,-0.12407512213973695,0.6832809633650723,2.0,0.0,0.01777455997558336,-0.002299008297980213,-0.2896750455455068,23084,5767.049965776865,0.6490209669034829,-0.1148458990975824,0.7079438531741865,1.0,0.0,0.023542543876234362,-0.002990267407661936,-0.7535473867308079,28708,7172.087611225188,0.6542775532952487,-0.09900237308678718,0.7443603260536923,1.0,0.0006966699177929497,0.024439025512236714,-0.0027000691906782824,-0.6804174360509272
breakout,1.0,0.75,87304,"{""family"": ""breakout"", ""min_ddv"": 10000000.0, ""min_price"": 5.0, ""regime"": ""spy200"", ""trend"": true, ""mom_min"": 0.0, ""rsi2_max"": 100.0, ""rsi14_max"": 100.0, ""ret21_max"": 1.0, ""dist_ema20_max"": 1.0, ""dist_ema50_min"": -1.0, ""dist_hh60_min"": -1.0, ""atr_ratio_max"": 10.0, ""vol_ratio_min"": 0.0, ""up_close"": false, ""strong_close"": false}",35509,5068.746578021119,0.5722211270382157,-0.1133907153382023,0.7711248203889496,2.0,0.0,0.01777455997558336,-0.0021134741716233073,-0.26629774562453673,23084,5767.049965776865,0.5638970715647201,-0.10135712676119082,0.7935429693114279,2.0,0.0,0.023542543876234362,-0.0026678646242448683,-0.3361509426548534,28708,7172.087611225188,0.5642329664205099,-0.096631054966136,0.8041753434609223,2.0,0.001219172356137662,0.024439025512236714,-0.0026355191496274925,-0.3320754128530641
breakout,1.0,1.0,87304,"{""family"": ""breakout"", ""min_ddv"": 10000000.0, ""min_price"": 5.0, ""regime"": ""spy200"", ""trend"": true, ""mom_min"": 0.0, ""rsi2_max"": 100.0, ""rsi14_max"": 100.0, ""ret21_max"": 1.0, ""dist_ema20_max"": 1.0, ""dist_ema50_min"": -1.0, ""dist_hh60_min"": -1.0, ""atr_ratio_max"": 10.0, ""vol_ratio_min"": 0.0, ""up_close"": false, ""strong_close"": false}",35509,5068.746578021119,0.5056746177025543,-0.10461017268422933,0.817793248204219,3.0,0.0,0.01777455997558336,-0.0019682564480766845,-0.1653335416384415,23084,5767.049965776865,0.49566799514815457,-0.09909327878987381,0.8259605809468613,2.0,0.0,0.023542543876234362,-0.0026151928643098144,-0.3295143009030366,28708,7172.087611225188,0.49669081789048347,-0.09383861991711016,0.8359760979665158,2.0,0.0016371743068134318,0.024439025512236714,-0.0025689445402861974,-0.3236870120760609
breakout,1.0,1.5,87304,"{""family"": ""breakout"", ""min_ddv"": 10000000.0, ""min_price"": 5.0, ""regime"": ""spy200"", ""trend"": true, ""mom_min"": 0.0, ""rsi2_max"": 100.0, ""rsi14_max"": 100.0, ""ret21_max"": 1.0, ""dist_ema20_max"": 1.0, ""dist_ema50_min"": -1.0, ""dist_hh60_min"": -1.0, ""atr_ratio_max"": 10.0, ""vol_ratio_min"": 0.0, ""up_close"": false, ""strong_close"": false}",35509,5068.746578021119,0.41335999324115014,-0.08598265537329468,0.8744811404167031,3.0,0.0,0.01777455997558336,-0.0016586538086657255,-0.13932691992792093,23084,5767.049965776865,0.40006064806792585,-0.0960616906449459,0.8589406408966993,3.0,0.0,0.023542543876234362,-0.002530178592639524,-0.21253500178172002,28708,7172.087611225188,0.40253587850076633,-0.08856611969996342,0.8705641696117667,3.0,0.0026125121917235615,0.024439025512236714,-0.002444651048209529,-0.20535068804960044
breakout,1.0,2.0,87304,"{""family"": ""breakout"", ""min_ddv"": 10000000.0, ""min_price"": 5.0, ""regime"": ""spy200"", ""trend"": true, ""mom_min"": 0.0, ""rsi2_max"": 100.0, ""rsi14_max"": 100.0, ""ret21_max"": 1.0, ""dist_ema20_max"": 1.0, ""dist_ema50_min"": -1.0, ""dist_hh60_min"": -1.0, ""atr_ratio_max"": 10.0, ""vol_ratio_min"": 0.0, ""up_close"": false, ""strong_close"": false}",35509,5068.746578021119,0.3490945957362922,-0.07658010328722945,0.8995656546549455,4.0,0.0,0.01777455997558336,-0.0015006185145416309,-0.09453896641612275,23084,5767.049965776865,0.33616357650320566,-0.09350533794989382,0.8763420581913092,4.0,0.0,0.023542543876234362,-0.0025383411976373053,-0.15991549545115025,28708,7172.087611225188,0.3426222655705727,-0.07349796771288349,0.9028223963360311,4.0,0.003378849101295806,0.024439025512236714,-0.0020785678221101355,-0.13094977279293854
breakout,1.0,3.0,87304,"{""family"": ""breakout"", ""min_ddv"": 10000000.0, ""min_price"": 5.0, ""regime"": ""spy200"", ""trend"": true, ""mom_min"": 0.0, ""rsi2_max"": 100.0, ""rsi14_max"": 100.0, ""ret21_max"": 1.0, ""dist_ema20_max"": 1.0, ""dist_ema50_min"": -1.0, ""dist_hh60_min"": -1.0, ""atr_ratio_max"": 10.0, ""vol_ratio_min"": 0.0, ""up_close"": false, ""strong_close"": false}",35509,5068.746578021119,0.2685516347968121,-0.05730545474854386,0.9334463692345819,5.0,0.0,0.01777455997558336,-0.0011747301163521782,-0.05920639786414979,23084,5767.049965776865,0.25489516548258534,-0.09336942686278654,0.8905755149584049,5.0,0.0,0.023542543876234362,-0.00240209252097198,-0.1210654630569878,28708,7172.087611225188,0.2666852445311411,-0.04902469301622385,0.9421798180435467,4.0,0.00609586178068831,0.024439025512236714,-0.0015441203360438522,-0.09727958117076269
breakout,1.5,0.5,87304,"{""family"": ""breakout"", ""min_ddv"": 10000000.0, ""min_price"": 5.0, ""regime"": ""spy200"", ""trend"": true, ""mom_min"": 0.0, ""rsi2_max"": 100.0, ""rsi14_max"": 100.0, ""ret21_max"": 1.0, ""dist_ema20_max"": 1.0, ""dist_ema50_min"": -1.0, ""dist_hh60_min"": -1.0, ""atr_ratio_max"": 10.0, ""vol_ratio_min"": 0.0, ""up_close"": false, ""strong_close"": false}",35509,5068.746578021119,0.6728435044636571,-0.06387185275429028,0.8257329019515597,3.0,0.0,0.02666183996337504,-0.0018195764272892657,-0.15284441989229833,23059,5760.80424366872,0.6677652977145583,-0.0543661504401633,0.8504296247629837,3.0,0.0,0.0352988691322668,-0.002092263421766385,-0.17575012742837634,28672,7163.093771389459,0.6667131696428571,-0.053513819739668636,0.8547939658886731,2.0,0.0018484933035714285,0.03663984092504644,-0.002046581643009944,-0.25786928701925294
breakout,1.5,0.75,87304,"{""family"": ""breakout"", ""min_ddv"": 10000000.0, ""min_price"": 5.0, ""regime"": ""spy200"", ""trend"": true, ""mom_min"": 0.0, ""rsi2_max"": 100.0, ""rsi14_max"": 100.0, ""ret21_max"": 1.0, ""dist_ema20_max"": 1.0, ""dist_ema50_min"": -1.0, ""dist_hh60_min"": -1.0, ""atr_ratio_max"": 10.0, ""vol_ratio_min"": 0.0, ""up_close"": false, ""strong_close"": false}",35509,5068.746578021119,0.5852319130361316,-0.0490304074651439,0.8948050073834898,4.0,0.0,0.02666183996337504,-0.0014325873255899776,-0.09025300151216858,23059,5760.80424366872,0.57417927924021,-0.054766527451771636,0.8828545464906072,4.0,0.0,0.0352988691322668,-0.002127150136375475,-0.13401045859165492,28672,7163.093771389459,0.5771135602678571,-0.046657536433672556,0.9006031733104484,3.0,0.0030691964285714285,0.03663984092504644,-0.0017129130954662882,-0.14388470001916823
breakout,1.5,1.0,87304,"{""family"": ""breakout"", ""min_ddv"": 10000000.0, ""min_price"": 5.0, ""regime"": ""spy200"", ""trend"": true, ""mom_min"": 0.0, ""rsi2_max"": 100.0, ""rsi14_max"": 100.0, ""ret21_max"": 1.0, ""dist_ema20_max"": 1.0, ""dist_ema50_min"": -1.0, ""dist_hh60_min"": -1.0, ""atr_ratio_max"": 10.0, ""vol_ratio_min"": 0.0, ""up_close"": false, ""strong_close"": false}",35509,5068.746578021119,0.5196429074319187,-0.036225483799026126,0.9330148456570525,5.0,0.0,0.02666183996337504,-0.0010857403254535111,-0.05472131240285696,23059,5760.80424366872,0.5054425603885685,-0.05034814363439358,0.9074781769153364,5.0,0.0,0.0352988691322668,-0.0018508547928437265,-0.09328308155932383,28672,7163.093771389459,0.5096609933035714,-0.03999182864471428,0.9266560924592727,4.0,0.004568917410714286,0.03663984092504644,-0.0014557428496040949,-0.09171179952505798
breakout,1.5,1.5,87304,"{""family"": ""breakout"", ""min_ddv"": 10000000.0, ""min_price"": 5.0, ""regime"": ""spy200"", ""trend"": true, ""mom_min"": 0.0, ""rsi2_max"": 100.0, ""rsi14_max"": 100.0, ""ret21_max"": 1.0, ""dist_ema20_max"": 1.0, ""dist_ema50_min"": -1.0, ""dist_hh60_min"": -1.0, ""atr_ratio_max"": 10.0, ""vol_ratio_min"": 0.0, ""up_close"": false, ""strong_close"": false}",35509,5068.746578021119,0.42394885803599086,-0.020623586876771783,0.9683206352169552,7.0,0.0,0.02666183996337504,-0.0007030813315629429,-0.025310927936265944,23059,5760.80424366872,0.40786677652977144,-0.046014252503698505,0.9295284275219349,6.0,0.0,0.0352988691322668,-0.0017625324779465795,-0.07402636407375633,28672,7163.093771389459,0.42061941964285715,-0.016229353807580144,0.9749068826467616,6.0,0.007393973214285714,0.03663984092504644,-0.0004794994239006627,-0.020138975803827834
breakout,1.5,2.0,87304,"{""family"": ""breakout"", ""min_ddv"": 10000000.0, ""min_price"": 5.0, ""regime"": ""spy200"", ""trend"": true, ""mom_min"": 0.0, ""rsi2_max"": 100.0, ""rsi14_max"": 100.0, ""ret21_max"": 1.0, ""dist_ema20_max"": 1.0, ""dist_ema50_min"": -1.0, ""dist_hh60_min"": -1.0, ""atr_ratio_max"": 10.0, ""vol_ratio_min"": 0.0, ""up_close"": false, ""strong_close"": false}",35509,5068.746578021119,0.35881044242304766,-0.010000270806193869,0.986242829192173,8.0,0.0,0.02666183996337504,-0.0004251497989536065,-0.013392218667038604,23059,5760.80424366872,0.344637668589271,-0.0377081453513625,0.9478824606371548,8.0,0.0,0.0352988691322668,-0.0013172450335160837,-0.041493218555756634,28672,7163.093771389459,0.36167689732142855,0.006444247411675541,1.009022301119735,7.0,0.011335100446428572,0.03663984092504644,0.0002980661765468151,0.010730382355685342
breakout,1.5,3.0,87304,"{""family"": ""breakout"", ""min_ddv"": 10000000.0, ""min_price"": 5.0, ""regime"": ""spy200"", ""trend"": true, ""mom_min"": 0.0, ""rsi2_max"": 100.0, ""rsi14_max"": 100.0, ""ret21_max"": 1.0, ""dist_ema20_max"": 1.0, ""dist_ema50_min"": -1.0, ""dist_hh60_min"": -1.0, ""atr_ratio_max"": 10.0, ""vol_ratio_min"": 0.0, ""up_close"": false, ""strong_close"": false}",35509,5068.746578021119,0.280238812695373,0.02696974356351078,1.0329604763874418,11.0,0.0,0.02666183996337504,0.0005884795252221773,0.013481530941453518,23059,5760.80424366872,0.2687453922546511,-0.004249540336738612,0.9947491537632448,9.0,0.0,0.0352988691322668,0.000343079547721738,0.009606227336208664,28672,7163.093771389459,0.2938755580357143,0.06966281301410253,1.0878045764050166,9.0,0.018938337053571428,0.03663984092504644,0.002873632365818731,0.08046170624292447
breakout,2.0,0.5,87304,"{""family"": ""breakout"", ""min_ddv"": 10000000.0, ""min_price"": 5.0, ""regime"": ""spy200"", ""trend"": true, ""mom_min"": 0.0, ""rsi2_max"": 100.0, ""rsi14_max"": 100.0, ""ret21_max"": 1.0, ""dist_ema20_max"": 1.0, ""dist_ema50_min"": -1.0, ""dist_hh60_min"": -1.0, ""atr_ratio_max"": 10.0, ""vol_ratio_min"": 0.0, ""up_close"": false, ""strong_close"": false}",35489,5065.891669925694,0.6824086336611345,-0.027259202109662827,0.9217569232830793,4.0,0.0,0.035542868948935095,-0.0010456259899645033,-0.0658744373677637,22850,5708.590006844627,0.6683150984682713,-0.0399796123066924,0.888418543093459,4.0,0.0,0.046873340962825194,-0.0021185635571831694,-0.13346950410253966,28364,7086.146475017112,0.678289380905373,-0.020038309904758623,0.9427670748660364,4.0,0.0046537864899167955,0.048577397754114286,-0.0008728158623598878,-0.05498739932867293
breakout,2.0,0.75,87304,"{""family"": ""breakout"", ""min_ddv"": 10000000.0, ""min_price"": 5.0, ""regime"": ""spy200"", ""trend"": true, ""mom_min"": 0.0, ""rsi2_max"": 100.0, ""rsi14_max"": 100.0, ""ret21_max"": 1.0, ""dist_ema20_max"": 1.0, ""dist_ema50_min"": -1.0, ""dist_hh60_min"": -1.0, ""atr_ratio_max"": 10.0, ""vol_ratio_min"": 0.0, ""up_close"": false, ""strong_close"": false}",35489,5065.891669925694,0.5971145988897968,-0.00686724589169875,0.9844951898683167,6.0,0.0,0.035542868948935095,-0.00032581131223804327,-0.013684075113997817,22850,5708.590006844627,0.5768490153172866,-0.0348372276498699,0.9238999217008694,6.0,0.0,0.046873340962825194,-0.0016688134077859603,-0.07009016312701033,28364,7086.146475017112,0.5905725567620927,-0.0065202650831325945,0.9853998381884577,5.0,0.007862078691298829,0.048577397754114286,-0.0001459344217917581,-0.007355094858304609
breakout,2.0,1.0,87304,"{""family"": ""breakout"", ""min_ddv"": 10000000.0, ""min_price"": 5.0, ""regime"": ""spy200"", ""trend"": true, ""mom_min"": 0.0, ""rsi2_max"": 100.0, ""rsi14_max"": 100.0, ""ret21_max"": 1.0, ""dist_ema20_max"": 1.0, ""dist_ema50_min"": -1.0, ""dist_hh60_min"": -1.0, ""atr_ratio_max"": 10.0, ""vol_ratio_min"": 0.0, ""up_close"": false, ""strong_close"": false}",35489,5065.891669925694,0.5297697878215785,0.0045853905132927485,1.008843821216893,8.0,0.0,0.035542868948935095,5.845663827467321e-05,0.0018413841056522061,22850,5708.590006844627,0.5092341356673961,-0.0288549641221171,0.9457488450739304,7.0,0.0,0.046873340962825194,-0.0014865510261412387,-0.05351583694108459,28364,7086.146475017112,0.5276054153151882,0.011406037871993893,1.022108620000938,7.0,0.010788323226625299,0.048577397754114286,0.0007373091123966407,0.026543128046279067
breakout,2.0,1.5,87304,"{""family"": ""breakout"", ""min_ddv"": 10000000.0, ""min_price"": 5.0, ""regime"": ""spy200"", ""trend"": true, ""mom_min"": 0.0, ""rsi2_max"": 100.0, ""rsi14_max"": 100.0, ""ret21_max"": 1.0, ""dist_ema20_max"": 1.0, ""dist_ema50_min"": -1.0, ""dist_hh60_min"": -1.0, ""atr_ratio_max"": 10.0, ""vol_ratio_min"": 0.0, ""up_close"": false, ""strong_close"": false}",35489,5065.891669925694,0.43314829947307615,0.02163460678620492,1.0344968332488746,11.0,0.0,0.035542868948935095,0.0006320871257047762,0.014480541425236691,22850,5708.590006844627,0.4171115973741794,-0.008949400297570737,0.985846158993093,10.0,0.0,0.046873340962825194,-0.00032412179596308344,-0.008167869258269702,28364,7086.146475017112,0.4401706388379636,0.04522749160711179,1.0738149881872792,10.0,0.017663235086729658,0.048577397754114286,0.0024328642351871266,0.06130817872671559
breakout,2.0,2.0,87304,"{""family"": ""breakout"", ""min_ddv"": 10000000.0, ""min_price"": 5.0, ""regime"": ""spy200"", ""trend"": true, ""mom_min"": 0.0, ""rsi2_max"": 100.0, ""rsi14_max"": 100.0, ""ret21_max"": 1.0, ""dist_ema20_max"": 1.0, ""dist_ema50_min"": -1.0, ""dist_hh60_min"": -1.0, ""atr_ratio_max"": 10.0, ""vol_ratio_min"": 0.0, ""up_close"": false, ""strong_close"": false}",35489,5065.891669925694,0.3736932570655696,0.055929167424454404,1.080578306474355,14.0,0.0,0.035542868948935095,0.001968828757311371,0.03543891763160468,22850,5708.590006844627,0.3585557986870897,0.018248415108420867,1.0261869308721876,12.0,0.0,0.046873340962825194,0.0014256688560834864,0.029939045977753213,28364,7086.146475017112,0.38432520095896205,0.08131928215536034,1.1203677841481738,12.0,0.02471442673811874,0.048577397754114286,0.004376161826268443,0.09189939835163731
breakout,2.0,3.0,87304,"{""family"": ""breakout"", ""min_ddv"": 10000000.0, ""min_price"": 5.0, ""regime"": ""spy200"", ""trend"": true, ""mom_min"": 0.0, ""rsi2_max"": 100.0, ""rsi14_max"": 100.0, ""ret21_max"": 1.0, ""dist_ema20_max"": 1.0, ""dist_ema50_min"": -1.0, ""dist_hh60_min"": -1.0, ""atr_ratio_max"": 10.0, ""vol_ratio_min"": 0.0, ""up_close"": false, ""strong_close"": false}",35489,5065.891669925694,0.2984586773366395,0.11962455482609316,1.1534972138086892,18.0,0.0,0.035542868948935095,0.0043670618514612845,0.06113886592045798,22850,5708.590006844627,0.28070021881838075,0.05951889513005582,1.0760354561273482,15.0,0.0,0.046873340962825194,0.004339825246550419,0.07290906414204705,28364,7086.146475017112,0.31508249894232127,0.15416291281517888,1.2050347935291414,15.0,0.035009166549146806,0.048577397754114286,0.00828810437356315,0.1392401534758609
breakout,3.0,0.5,87304,"{""family"": ""breakout"", ""min_ddv"": 10000000.0, ""min_price"": 5.0, ""regime"": ""spy200"", ""trend"": true, ""mom_min"": 0.0, ""rsi2_max"": 100.0, ""rsi14_max"": 100.0, ""ret21_max"": 1.0, ""dist_ema20_max"": 1.0, ""dist_ema50_min"": -1.0, ""dist_hh60_min"": -1.0, ""atr_ratio_max"": 10.0, ""vol_ratio_min"": 0.0, ""up_close"": false, ""strong_close"": false}",35126,5014.075087993742,0.6954392757501566,0.012241755973775685,1.0374310308169163,8.0,0.0,0.05308534178225186,0.0006086843257325477,0.01917355626057525,21532,5379.315537303217,0.6807077837637006,-0.005819930411412383,0.9827770135323504,8.0,0.0,0.06805096027027258,-0.00018848755482971823,-0.0059373579771361245,26720,6675.427789185489,0.6888098802395209,0.015753844805517118,1.048053369525023,7.0,0.013360778443113772,0.07088783454002023,0.0013239658073778053,0.047662769065601
breakout,3.0,0.75,87304,"{""family"": ""breakout"", ""min_ddv"": 10000000.0, ""min_price"": 5.0, ""regime"": ""spy200"", ""trend"": true, ""mom_min"": 0.0, ""rsi2_max"": 100.0, ""rsi14_max"": 100.0, ""ret21_max"": 1.0, ""dist_ema20_max"": 1.0, ""dist_ema50_min"": -1.0, ""dist_hh60_min"": -1.0, ""atr_ratio_max"": 10.0, ""vol_ratio_min"": 0.0, ""up_close"": false, ""strong_close"": false}",35126,5014.075087993742,0.6085805386323521,0.031177544948838492,1.0739267902604583,12.0,0.0,0.05308534178225186,0.0015811913775356126,0.03320501892824786,21532,5379.315537303217,0.5931172208805499,0.009304537228116555,1.0215593386197457,11.0,0.0,0.06805096027027258,0.0009570051990915756,0.02192411910646155,26720,6675.427789185489,0.6072979041916168,0.042102865996734684,1.1015752651335782,11.0,0.02035928143712575,0.07088783454002023,0.0032407601259080987,0.07424286833898554
breakout,3.0,1.0,87304,"{""family"": ""breakout"", ""min_ddv"": 10000000.0, ""min_price"": 5.0, ""regime"": ""spy200"", ""trend"": true, ""mom_min"": 0.0, ""rsi2_max"": 100.0, ""rsi14_max"": 100.0, ""ret21_max"": 1.0, ""dist_ema20_max"": 1.0, ""dist_ema50_min"": -1.0, ""dist_hh60_min"": -1.0, ""atr_ratio_max"": 10.0, ""vol_ratio_min"": 0.0, ""up_close"": false, ""strong_close"": false}",35126,5014.075087993742,0.5434720719694813,0.05129688891713244,1.1041535278370866,16.0,0.0,0.05308534178225186,0.002666773436896323,0.04200168163111708,21532,5379.315537303217,0.5322310979007988,0.03362813350056928,1.0677185533400688,15.0,0.0,0.06805096027027258,0.0028239359904623754,0.04744212463976791,26720,6675.427789185489,0.5481661676646706,0.06921816856593908,1.1449237941043011,14.0,0.027245508982035926,0.07088783454002023,0.005340671868436028,0.0961320936318485
breakout,3.0,1.5,87304,"{""family"": ""breakout"", ""min_ddv"": 10000000.0, ""min_price"": 5.0, ""regime"": ""spy200"", ""trend"": true, ""mom_min"": 0.0, ""rsi2_max"": 100.0, ""rsi14_max"": 100.0, ""ret21_max"": 1.0, ""dist_ema20_max"": 1.0, ""dist_ema50_min"": -1.0, ""dist_hh60_min"": -1.0, ""atr_ratio_max"": 10.0, ""vol_ratio_min"": 0.0, ""up_close"": false, ""strong_close"": false}",35126,5014.075087993742,0.45809371975175084,0.10507833241210945,1.1794545172056445,22.0,0.0,0.05308534178225186,0.005576100471008286,0.06387169630427673,21532,5379.315537303217,0.4427828348504551,0.07076453231427426,1.1195291685992361,20.0,0.0,0.06805096027027258,0.00587086102095024,0.07397284886397301,26720,6675.427789185489,0.4696482035928144,0.12833485073342213,1.2287359203997972,19.0,0.04116766467065868,0.07088783454002023,0.009926679666175494,0.1316591197829592
breakout,3.0,2.0,87304,"{""family"": ""breakout"", ""min_ddv"": 10000000.0, ""min_price"": 5.0, ""regime"": ""spy200"", ""trend"": true, ""mom_min"": 0.0, ""rsi2_max"": 100.0, ""rsi14_max"": 100.0, ""ret21_max"": 1.0, ""dist_ema20_max"": 1.0, ""dist_ema50_min"": -1.0, ""dist_hh60_min"": -1.0, ""atr_ratio_max"": 10.0, ""vol_ratio_min"": 0.0, ""up_close"": false, ""strong_close"": false}",35126,5014.075087993742,0.4028355064624495,0.1636802428445188,1.2534652300203908,28.0,0.0,0.05308534178225186,0.008880213346061715,0.07992192011455544,21532,5379.315537303217,0.38096786178710756,0.10221604817218154,1.1552946351387494,25.0,0.0,0.06805096027027258,0.008703043577857091,0.08772667926479948,26720,6675.427789185489,0.4175523952095808,0.18290093539434046,1.2969416277800516,23.0,0.05157185628742515,0.07088783454002023,0.013919060744497256,0.15250449163536126
breakout,3.0,3.0,87304,"{""family"": ""breakout"", ""min_ddv"": 10000000.0, ""min_price"": 5.0, ""regime"": ""spy200"", ""trend"": true, ""mom_min"": 0.0, ""rsi2_max"": 100.0, ""rsi14_max"": 100.0, ""ret21_max"": 1.0, ""dist_ema20_max"": 1.0, ""dist_ema50_min"": -1.0, ""dist_hh60_min"": -1.0, ""atr_ratio_max"": 10.0, ""vol_ratio_min"": 0.0, ""up_close"": false, ""strong_close"": false}",35126,5014.075087993742,0.33769857085919264,0.29887938311928297,1.416730161705055,36.0,0.00031315834424642717,0.05308534178225186,0.016459233987812794,0.11521463791468954,21532,5379.315537303217,0.29922905443061487,0.14699668291887602,1.196447908731785,31.0,0.0006501950585175553,0.06805096027027258,0.012988785611124676,0.10558625722591672,26720,6675.427789185489,0.3540793413173653,0.27849358819195325,1.4073644711731277,29.0,0.0719311377245509,0.07088783454002023,0.02046174571418866,0.17780551448191526
breakout,1.0,0.5,60737,"{""family"": ""breakout"", ""min_ddv"": 10000000.0, ""min_price"": 5.0, ""regime"": ""spy200"", ""trend"": true, ""mom_min"": 0.15, ""rsi2_max"": 100.0, ""rsi14_max"": 100.0, ""ret21_max"": 1.0, ""dist_ema20_max"": 1.0, ""dist_ema50_min"": -1.0, ""dist_hh60_min"": -1.0, ""atr_ratio_max"": 10.0, ""vol_ratio_min"": 0.0, ""up_close"": false, ""strong_close"": false}",22192,3167.8060226828316,0.651811463590483,-0.12736926661392897,0.6795024815321696,2.0,0.0,0.019200861989867424,-0.0025586068150682635,-0.3223844586986012,17219,4301.803559206023,0.6389453510656833,-0.12455567812344778,0.6901306967767293,1.0,0.0,0.02544553926469419,-0.003433717823677268,-0.8652968915666716,21323,5327.101300479124,0.6444684143882193,-0.1089986778068371,0.7250895251956827,1.0,0.0006565680251371758,0.026369015953272647,-0.003112486429713177,-0.7843465802877206
breakout,1.0,0.75,60737,"{""family"": ""breakout"", ""min_ddv"": 10000000.0, ""min_price"": 5.0, ""regime"": ""spy200"", ""trend"": true, ""mom_min"": 0.15, ""rsi2_max"": 100.0, ""rsi14_max"": 100.0, ""ret21_max"": 1.0, ""dist_ema20_max"": 1.0, ""dist_ema50_min"": -1.0, ""dist_hh60_min"": -1.0, ""atr_ratio_max"": 10.0, ""vol_ratio_min"": 0.0, ""up_close"": false, ""strong_close"": false}",22192,3167.8060226828316,0.5660147801009373,-0.11445549070694994,0.7700157848989364,2.0,0.0,0.019200861989867424,-0.002311224091734026,-0.29121423555848724,17219,4301.803559206023,0.55276148440676,-0.11502108176583718,0.7701634689871303,2.0,0.0,0.02544553926469419,-0.003152224367191861,-0.3971802702661745,21323,5327.101300479124,0.5534868451906392,-0.10893241905783133,0.7829292587121983,2.0,0.001219340618111898,0.026369015953272647,-0.0031050389911547183,-0.3912349128854945
breakout,1.0,1.0,60737,"{""family"": ""breakout"", ""min_ddv"": 10000000.0, ""min_price"": 5.0, ""regime"": ""spy200"", ""trend"": true, ""mom_min"": 0.15, ""rsi2_max"": 100.0, ""rsi14_max"": 100.0, ""ret21_max"": 1.0, ""dist_ema20_max"": 1.0, ""dist_ema50_min"": -1.0, ""dist_hh60_min"": -1.0, ""atr_ratio_max"": 10.0, ""vol_ratio_min"": 0.0, ""up_close"": false, ""strong_close"": false}",22192,3167.8060226828316,0.5004956741167988,-0.1048646091019315,0.8174279054372763,3.0,0.0,0.019200861989867424,-0.002127110057687409,-0.17867724484574235,17219,4301.803559206023,0.4827225739009234,-0.1179128715480186,0.7967630550565763,2.0,0.0,0.02544553926469419,-0.0031790445238790545,-0.4005596100087609,21323,5327.101300479124,0.4864700089105661,-0.10797076708661174,0.8139070040659214,2.0,0.0016883177789241664,0.026369015953272647,-0.003076097049422978,-0.3875882282272953
breakout,1.0,1.5,60737,"{""family"": ""breakout"", ""min_ddv"": 10000000.0, ""min_price"": 5.0, ""regime"": ""spy200"", ""trend"": true, ""mom_min"": 0.15, ""rsi2_max"": 100.0, ""rsi14_max"": 100.0, ""ret21_max"": 1.0, ""dist_ema20_max"": 1.0, ""dist_ema50_min"": -1.0, ""dist_hh60_min"": -1.0, ""atr_ratio_max"": 10.0, ""vol_ratio_min"": 0.0, ""up_close"": false, ""strong_close"": false}",22192,3167.8060226828316,0.40703857245854363,-0.09186391653124112,0.8657465985650725,3.0,0.0,0.019200861989867424,-0.0018446764597994422,-0.15495282262315316,17219,4301.803559206023,0.38695626923747023,-0.12179746692831592,0.8236302003658528,3.0,0.0,0.02544553926469419,-0.003190475761089366,-0.26799996393150677,21323,5327.101300479124,0.3920649064390564,-0.10800763084482784,0.8438319008451473,3.0,0.0025324766683862496,0.026369015953272647,-0.0030444054486414686,-0.25573005768588336
breakout,1.0,2.0,60737,"{""family"": ""breakout"", ""min_ddv"": 10000000.0, ""min_price"": 5.0, ""regime"": ""spy200"", ""trend"": true, ""mom_min"": 0.15, ""rsi2_max"": 100.0, ""rsi14_max"": 100.0, ""ret21_max"": 1.0, ""dist_ema20_max"": 1.0, ""dist_ema50_min"": -1.0, ""dist_hh60_min"": -1.0, ""atr_ratio_max"": 10.0, ""vol_ratio_min"": 0.0, ""up_close"": false, ""strong_close"": false}",22192,3167.8060226828316,0.3428713049747657,-0.08428161215357731,0.8892644724013625,4.0,0.0,0.019200861989867424,-0.0016913261927194335,-0.10655355014132431,17219,4301.803559206023,0.32237644462512344,-0.127585824780514,0.8334553493630746,4.0,0.0,0.02544553926469419,-0.0033638020983352765,-0.2119195321951224,21323,5327.101300479124,0.3319420344229236,-0.09845385011836541,0.8710599161538012,4.0,0.003376635557848333,0.026369015953272647,-0.0027654694529174284,-0.174224575533798
breakout,1.0,3.0,60737,"{""family"": ""breakout"", ""min_ddv"": 10000000.0, ""min_price"": 5.0, ""regime"": ""spy200"", ""trend"": true, ""mom_min"": 0.15, ""rsi2_max"": 100.0, ""rsi14_max"": 100.0, ""ret21_max"": 1.0, ""dist_ema20_max"": 1.0, ""dist_ema50_min"": -1.0, ""dist_hh60_min"": -1.0, ""atr_ratio_max"": 10.0, ""vol_ratio_min"": 0.0, ""up_close"": false, ""strong_close"": false}",22192,3167.8060226828316,0.261085075702956,-0.07559728361195955,0.9121648386924442,5.0,0.0,0.019200861989867424,-0.0014635624398661167,-0.07376354696925227,17219,4301.803559206023,0.24490388524304546,-0.12395480293465484,0.8552880747569162,4.0,0.0,0.02544553926469419,-0.0030858478887181456,-0.19440841698924316,21323,5327.101300479124,0.25624912066782346,-0.08441120445174445,0.901133851175857,4.0,0.0059091122262345825,0.026369015953272647,-0.002451768870029295,-0.1544614388118456
breakout,1.5,0.5,60737,"{""family"": ""breakout"", ""min_ddv"": 10000000.0, ""min_price"": 5.0, ""regime"": ""spy200"", ""trend"": true, ""mom_min"": 0.15, ""rsi2_max"": 100.0, ""rsi14_max"": 100.0, ""ret21_max"": 1.0, ""dist_ema20_max"": 1.0, ""dist_ema50_min"": -1.0, ""dist_hh60_min"": -1.0, ""atr_ratio_max"": 10.0, ""vol_ratio_min"": 0.0, ""up_close"": false, ""strong_close"": false}",22192,3167.8060226828316,0.6670872386445565,-0.0653115603386854,0.823323717285775,3.0,0.0,0.028801292984801136,-0.001998734269355686,-0.16789367862587765,17195,4295.807665982204,0.6590869438790345,-0.06329003980696958,0.8295995456431455,2.0,0.0,0.038143861603007014,-0.0024550135086497007,-0.30933170208986227,21288,5318.35728952772,0.6598083427282976,-0.05817452331564773,0.8441099242290672,2.0,0.0018789928598271326,0.039525822325682164,-0.0023472071825282512,-0.29574810499855964
breakout,1.5,0.75,60737,"{""family"": ""breakout"", ""min_ddv"": 10000000.0, ""min_price"": 5.0, ""regime"": ""spy200"", ""trend"": true, ""mom_min"": 0.15, ""rsi2_max"": 100.0, ""rsi14_max"": 100.0, ""ret21_max"": 1.0, ""dist_ema20_max"": 1.0, ""dist_ema50_min"": -1.0, ""dist_hh60_min"": -1.0, ""atr_ratio_max"": 10.0, ""vol_ratio_min"": 0.0, ""up_close"": false, ""strong_close"": false}",22192,3167.8060226828316,0.5794881038211969,-0.05235892732630283,0.8880784015688666,4.0,0.0,0.028801292984801136,-0.0016074637396433962,-0.10127021559753396,17195,4295.807665982204,0.5638266938063391,-0.06822000020241815,0.8569306578358767,4.0,0.0,0.038143861603007014,-0.0025866855035091936,-0.1629611867210792,21288,5318.35728952772,0.5706971063509959,-0.05201754142136956,0.89014468694355,3.0,0.0032412626832018037,0.039525822325682164,-0.0019982206718225496,-0.1678505364330942
breakout,1.5,1.0,60737,"{""family"": ""breakout"", ""min_ddv"": 10000000.0, ""min_price"": 5.0, ""regime"": ""spy200"", ""trend"": true, ""mom_min"": 0.15, ""rsi2_max"": 100.0, ""rsi14_max"": 100.0, ""ret21_max"": 1.0, ""dist_ema20_max"": 1.0, ""dist_ema50_min"": -1.0, ""dist_hh60_min"": -1.0, ""atr_ratio_max"": 10.0, ""vol_ratio_min"": 0.0, ""up_close"": false, ""strong_close"": false}",22192,3167.8060226828316,0.5127072819033887,-0.042426115248791196,0.9218905268154634,5.0,0.0,0.028801292984801136,-0.0012789196976898407,-0.06445755276356797,17195,4295.807665982204,0.49526025007269553,-0.066102142338424,0.8804375171997206,4.0,0.0,0.038143861603007014,-0.002299414806004124,-0.14486313277825982,21288,5318.35728952772,0.5019729425028185,-0.04961369507306801,0.9098603494846845,4.0,0.004556557685080797,0.039525822325682164,-0.0018680405236906979,-0.11768655299251396
breakout,1.5,1.5,60737,"{""family"": ""breakout"", ""min_ddv"": 10000000.0, ""min_price"": 5.0, ""regime"": ""spy200"", ""trend"": true, ""mom_min"": 0.15, ""rsi2_max"": 100.0, ""rsi14_max"": 100.0, ""ret21_max"": 1.0, ""dist_ema20_max"": 1.0, ""dist_ema50_min"": -1.0, ""dist_hh60_min"": -1.0, ""atr_ratio_max"": 10.0, ""vol_ratio_min"": 0.0, ""up_close"": false, ""strong_close"": false}",22192,3167.8060226828316,0.41415825522710886,-0.036393694733324516,0.9444556659386367,7.0,0.0,0.028801292984801136,-0.0010765691741997636,-0.03875649027119149,17195,4295.807665982204,0.39779005524861877,-0.06682417348014208,0.8989445065027282,6.0,0.0,0.038143861603007014,-0.0023205736188854423,-0.09746409199318858,21288,5318.35728952772,0.4118282600526118,-0.03208219362799907,0.950800341524794,6.0,0.007328072153325817,0.039525822325682164,-0.001009153776070244,-0.04238445859495024
breakout,1.5,2.0,60737,"{""family"": ""breakout"", ""min_ddv"": 10000000.0, ""min_price"": 5.0, ""regime"": ""spy200"", ""trend"": true, ""mom_min"": 0.15, ""rsi2_max"": 100.0, ""rsi14_max"": 100.0, ""ret21_max"": 1.0, ""dist_ema20_max"": 1.0, ""dist_ema50_min"": -1.0, ""dist_hh60_min"": -1.0, ""atr_ratio_max"": 10.0, ""vol_ratio_min"": 0.0, ""up_close"": false, ""strong_close"": false}",22192,3167.8060226828316,0.3485039653929344,-0.03197248100537039,0.9563033709739392,8.0,0.0,0.028801292984801136,-0.0008919252374477915,-0.02809564497960543,17195,4295.807665982204,0.33596975865077056,-0.058298368923659874,0.9200723557693299,7.0,0.0,0.038143861603007014,-0.0017568121038624607,-0.06324523573904858,21288,5318.35728952772,0.3531567080045096,-0.012979272790941528,0.9819365177754069,7.0,0.010851183765501692,0.039525822325682164,-0.0003080495334417571,-0.011089783203903256
breakout,1.5,3.0,60737,"{""family"": ""breakout"", ""min_ddv"": 10000000.0, ""min_price"": 5.0, ""regime"": ""spy200"", ""trend"": true, ""mom_min"": 0.15, ""rsi2_max"": 100.0, ""rsi14_max"": 100.0, ""ret21_max"": 1.0, ""dist_ema20_max"": 1.0, ""dist_ema50_min"": -1.0, ""dist_hh60_min"": -1.0, ""atr_ratio_max"": 10.0, ""vol_ratio_min"": 0.0, ""up_close"": false, ""strong_close"": false}",22192,3167.8060226828316,0.2681596971881759,-0.012442479363329156,0.9849016869981604,10.0,0.0,0.028801292984801136,-0.00024847777404366064,-0.006261639905900248,17195,4295.807665982204,0.26437917999418437,-0.01481021610713152,0.9816966457097067,9.0,0.0,0.038143861603007014,0.0005456114205671423,0.015277119775879984,21288,5318.35728952772,0.284902292371289,0.04158383310785385,1.0521214968742088,9.0,0.017709507703870725,0.039525822325682164,0.0020937024086685385,0.058623667442719074
breakout,2.0,0.5,60737,"{""family"": ""breakout"", ""min_ddv"": 10000000.0, ""min_price"": 5.0, ""regime"": ""spy200"", ""trend"": true, ""mom_min"": 0.15, ""rsi2_max"": 100.0, ""rsi14_max"": 100.0, ""ret21_max"": 1.0, ""dist_ema20_max"": 1.0, ""dist_ema50_min"": -1.0, ""dist_hh60_min"": -1.0, ""atr_ratio_max"": 10.0, ""vol_ratio_min"": 0.0, ""up_close"": false, ""strong_close"": false}",22173,3165.0938599921783,0.6766337437423894,-0.029881422551546244,0.9151526042832323,4.0,0.0,0.03839053258768066,-0.0011818713083922097,-0.0744578924287092,16989,4244.3429158110885,0.6597209959385485,-0.048985789974699455,0.8662493702434716,4.0,0.0,0.05052782528639298,-0.002556096556211233,-0.1610340830413077,20987,5243.158795345654,0.6724639062276647,-0.023728159574948712,0.9330394040771152,4.0,0.004812502978034021,0.052331321381366924,-0.0010846575138743185,-0.06833342337408206
breakout,2.0,0.75,60737,"{""family"": ""breakout"", ""min_ddv"": 10000000.0, ""min_price"": 5.0, ""regime"": ""spy200"", ""trend"": true, ""mom_min"": 0.15, ""rsi2_max"": 100.0, ""rsi14_max"": 100.0, ""ret21_max"": 1.0, ""dist_ema20_max"": 1.0, ""dist_ema50_min"": -1.0, ""dist_hh60_min"": -1.0, ""atr_ratio_max"": 10.0, ""vol_ratio_min"": 0.0, ""up_close"": false, ""strong_close"": false}",22173,3165.0938599921783,0.5895909439408289,-0.013590942673375756,0.9696392370238236,6.0,0.0,0.03839053258768066,-0.0005049218903228056,-0.021206719393557835,16989,4244.3429158110885,0.5671316734357525,-0.04793766109274117,0.8972158615184274,6.0,0.0,0.05052782528639298,-0.0021281711470590597,-0.0893831881764805,20987,5243.158795345654,0.5827893457854862,-0.015054977809772638,0.9667161177665717,5.0,0.008004955448611045,0.052331321381366924,-0.0004938238489128154,-0.024888721985205895
breakout,2.0,1.0,60737,"{""family"": ""breakout"", ""min_ddv"": 10000000.0, ""min_price"": 5.0, ""regime"": ""spy200"", ""trend"": true, ""mom_min"": 0.15, ""rsi2_max"": 100.0, ""rsi14_max"": 100.0, ""ret21_max"": 1.0, ""dist_ema20_max"": 1.0, ""dist_ema50_min"": -1.0, ""dist_hh60_min"": -1.0, ""atr_ratio_max"": 10.0, ""vol_ratio_min"": 0.0, ""up_close"": false, ""strong_close"": false}",22173,3165.0938599921783,0.5200018039958508,-0.007490065790440975,0.9857362582186252,8.0,0.0,0.03839053258768066,-0.0002418763960153547,-0.007619106474483673,16989,4244.3429158110885,0.4974395196892107,-0.04896996912752145,0.9097452476413075,7.0,0.0,0.05052782528639298,-0.002176933537451492,-0.07836960734825371,20987,5243.158795345654,0.5196550245390004,0.0005898072479854957,1.0011307132087999,7.0,0.010768571020155335,0.052331321381366924,0.0003357371379924555,0.012086536967728396
breakout,2.0,1.5,60737,"{""family"": ""breakout"", ""min_ddv"": 10000000.0, ""min_price"": 5.0, ""regime"": ""spy200"", ""trend"": true, ""mom_min"": 0.15, ""rsi2_max"": 100.0, ""rsi14_max"": 100.0, ""ret21_max"": 1.0, ""dist_ema20_max"": 1.0, ""dist_ema50_min"": -1.0, ""dist_hh60_min"": -1.0, ""atr_ratio_max"": 10.0, ""vol_ratio_min"": 0.0, ""up_close"": false, ""strong_close"": false}",22173,3165.0938599921783,0.4202859333423533,-0.003768988673058989,0.9940861028119099,11.0,0.0,0.03839053258768066,3.184555787320312e-07,7.29552780367926e-06,16989,4244.3429158110885,0.407734416387074,-0.028281728467039406,0.9557789133034753,10.0,0.0,0.05052782528639298,-0.0007704785396587236,-0.019416059199399836,20987,5243.158795345654,0.4316481631486158,0.029232048908444226,1.047268397298262,9.0,0.01681993615095059,0.052331321381366924,0.0019160913868703127,0.05365055883236876
breakout,2.0,2.0,60737,"{""family"": ""breakout"", ""min_ddv"": 10000000.0, ""min_price"": 5.0, ""regime"": ""spy200"", ""trend"": true, ""mom_min"": 0.15, ""rsi2_max"": 100.0, ""rsi14_max"": 100.0, ""ret21_max"": 1.0, ""dist_ema20_max"": 1.0, ""dist_ema50_min"": -1.0, ""dist_hh60_min"": -1.0, ""atr_ratio_max"": 10.0, ""vol_ratio_min"": 0.0, ""up_close"": false, ""strong_close"": false}",22173,3165.0938599921783,0.35904027420736934,0.019559708331227072,1.0277290134404655,13.0,0.0,0.03839053258768066,0.0010332263612427383,0.020028695617936156,16989,4244.3429158110885,0.35263994349284833,0.005205273336624454,1.0074382445702628,12.0,0.0,0.05052782528639298,0.0015381833220445861,0.03230184976293631,20987,5243.158795345654,0.3750893410206318,0.060907850801755335,1.0893001534582194,11.0,0.022918949826082814,0.052331321381366924,0.0037667204764540935,0.08629214182422106
breakout,2.0,3.0,60737,"{""family"": ""breakout"", ""min_ddv"": 10000000.0, ""min_price"": 5.0, ""regime"": ""spy200"", ""trend"": true, ""mom_min"": 0.15, ""rsi2_max"": 100.0, ""rsi14_max"": 100.0, ""ret21_max"": 1.0, ""dist_ema20_max"": 1.0, ""dist_ema50_min"": -1.0, ""dist_hh60_min"": -1.0, ""atr_ratio_max"": 10.0, ""vol_ratio_min"": 0.0, ""up_close"": false, ""strong_close"": false}",22173,3165.0938599921783,0.28354304785098994,0.06705656297370736,1.0848785469015154,17.0,0.0,0.03839053258768066,0.0031219959041202355,0.04627899810813525,16989,4244.3429158110885,0.28041674024368707,0.06500068738826871,1.0835018159182594,14.0,0.0,0.05052782528639298,0.005731460925073214,0.10316629665131785,20987,5243.158795345654,0.3067613284414161,0.13234722405228747,1.1747185213660507,14.0,0.03225806451612903,0.052331321381366924,0.00781691698262996,0.14070450568733928
breakout,3.0,0.5,60737,"{""family"": ""breakout"", ""min_ddv"": 10000000.0, ""min_price"": 5.0, ""regime"": ""spy200"", ""trend"": true, ""mom_min"": 0.15, ""rsi2_max"": 100.0, ""rsi14_max"": 100.0, ""ret21_max"": 1.0, ""dist_ema20_max"": 1.0, ""dist_ema50_min"": -1.0, ""dist_hh60_min"": -1.0, ""atr_ratio_max"": 10.0, ""vol_ratio_min"": 0.0, ""up_close"": false, ""strong_close"": false}",21827,3115.703949941337,0.6890090255188528,0.007031203382641925,1.0211779211643828,8.0,0.0,0.05720974030016778,0.0005032653339232322,0.015852858018581814,15740,3932.3066392881587,0.6722363405336722,-0.01654218540266024,0.9522175873686647,8.0,0.0,0.07266245227308374,-0.0005512481453649274,-0.017364316578995214,19407,4848.429158110883,0.6823311176379657,0.00916555901134995,1.027461468393655,7.0,0.013397227804400474,0.07556143200269937,0.0009926355249404147,0.03573487889785493
breakout,3.0,0.75,60737,"{""family"": ""breakout"", ""min_ddv"": 10000000.0, ""min_price"": 5.0, ""regime"": ""spy200"", ""trend"": true, ""mom_min"": 0.15, ""rsi2_max"": 100.0, ""rsi14_max"": 100.0, ""ret21_max"": 1.0, ""dist_ema20_max"": 1.0, ""dist_ema50_min"": -1.0, ""dist_hh60_min"": -1.0, ""atr_ratio_max"": 10.0, ""vol_ratio_min"": 0.0, ""up_close"": false, ""strong_close"": false}",21827,3115.703949941337,0.5972419480459981,0.01615173268062526,1.0374302931024342,12.0,0.0,0.05720974030016778,0.0010723418718147618,0.022519179308109996,15740,3932.3066392881587,0.5838627700127065,-0.0049387778367181315,0.9887860707375092,11.0,0.0,0.07266245227308374,0.0005155325044081306,0.011810381010077172,19407,4848.429158110883,0.5997835832431597,0.03196062262439484,1.0757806704172461,11.0,0.01968361931261916,0.07556143200269937,0.002818483912339163,0.0645689041735881
breakout,3.0,1.0,60737,"{""family"": ""breakout"", ""min_ddv"": 10000000.0, ""min_price"": 5.0, ""regime"": ""spy200"", ""trend"": true, ""mom_min"": 0.15, ""rsi2_max"": 100.0, ""rsi14_max"": 100.0, ""ret21_max"": 1.0, ""dist_ema20_max"": 1.0, ""dist_ema50_min"": -1.0, ""dist_hh60_min"": -1.0, ""atr_ratio_max"": 10.0, ""vol_ratio_min"": 0.0, ""up_close"": false, ""strong_close"": false}",21827,3115.703949941337,0.5306730196545563,0.030226018211456276,1.0599945665869115,15.0,0.0,0.05720974030016778,0.0019796764936055155,0.03325856509257266,15740,3932.3066392881587,0.5243964421855146,0.019829733141626695,1.0393666189646376,14.0,0.0,0.07266245227308374,0.002585700613382962,0.046542611040893314,19407,4848.429158110883,0.5413510588962746,0.05847311733659085,1.1207198140859616,14.0,0.025712371824599373,0.07556143200269937,0.0050521209685070794,0.09093817743312742
breakout,3.0,1.5,60737,"{""family"": ""breakout"", ""min_ddv"": 10000000.0, ""min_price"": 5.0, ""regime"": ""spy200"", ""trend"": true, ""mom_min"": 0.15, ""rsi2_max"": 100.0, ""rsi14_max"": 100.0, ""ret21_max"": 1.0, ""dist_ema20_max"": 1.0, ""dist_ema50_min"": -1.0, ""dist_hh60_min"": -1.0, ""atr_ratio_max"": 10.0, ""vol_ratio_min"": 0.0, ""up_close"": false, ""strong_close"": false}",21827,3115.703949941337,0.44197553488798275,0.06917928424968088,1.1153714121358609,22.0,0.0,0.05720974030016778,0.0042705480615112075,0.0489171868864011,15740,3932.3066392881587,0.44021601016518425,0.06697779464273462,1.1129044329783992,20.0,0.0,0.07266245227308374,0.006645629886359511,0.08373493656812983,19407,4848.429158110883,0.46137991446385324,0.11225438241600803,1.1969973194636603,18.0,0.03807904364404596,0.07556143200269937,0.00952914601168447,0.1334080441635826
breakout,3.0,2.0,60737,"{""family"": ""breakout"", ""min_ddv"": 10000000.0, ""min_price"": 5.0, ""regime"": ""spy200"", ""trend"": true, ""mom_min"": 0.15, ""rsi2_max"": 100.0, ""rsi14_max"": 100.0, ""ret21_max"": 1.0, ""dist_ema20_max"": 1.0, ""dist_ema50_min"": -1.0, ""dist_hh60_min"": -1.0, ""atr_ratio_max"": 10.0, ""vol_ratio_min"": 0.0, ""up_close"": false, ""strong_close"": false}",21827,3115.703949941337,0.3854858661291062,0.11617333936986442,1.175884329402017,27.0,0.0,0.05720974030016778,0.007209609136320935,0.06728968527232872,15740,3932.3066392881587,0.38392630241423126,0.11410237228193652,1.1746708131969759,25.0,0.0,0.07266245227308374,0.01095561702813115,0.11043261964356198,19407,4848.429158110883,0.4091307260266914,0.16541949945268536,1.264891293190013,22.0,0.047714742103364766,0.07556143200269937,0.01367415019098488,0.15663117491491774
breakout,3.0,3.0,60737,"{""family"": ""breakout"", ""min_ddv"": 10000000.0, ""min_price"": 5.0, ""regime"": ""spy200"", ""trend"": true, ""mom_min"": 0.15, ""rsi2_max"": 100.0, ""rsi14_max"": 100.0, ""ret21_max"": 1.0, ""dist_ema20_max"": 1.0, ""dist_ema50_min"": -1.0, ""dist_hh60_min"": -1.0, ""atr_ratio_max"": 10.0, ""vol_ratio_min"": 0.0, ""up_close"": false, ""strong_close"": false}",21827,3115.703949941337,0.3224446786090622,0.2415357434617953,1.3311718718629464,34.0,0.00041233334860493883,0.05720974030016778,0.014579919708442432,0.10806293430963214,15740,3932.3066392881587,0.3067979669631512,0.18163084118128023,1.246289720432867,31.0,0.0006353240152477764,0.07266245227308374,0.017114895503114385,0.13912753763822017,19407,4848.429158110883,0.3444633379708353,0.2527669797729998,1.3646658986768327,28.0,0.06693461122275468,0.07556143200269937,0.020042950531369196,0.18038655478232274
breakout,1.0,0.5,20597,"{""family"": ""breakout"", ""min_ddv"": 10000000.0, ""min_price"": 5.0, ""regime"": ""spy200"", ""trend"": true, ""mom_min"": -1.0, ""rsi2_max"": 100.0, ""rsi14_max"": 100.0, ""ret21_max"": 1.0, ""dist_ema20_max"": 1.0, ""dist_ema50_min"": -1.0, ""dist_hh60_min"": -1.0, ""atr_ratio_max"": 10.0, ""vol_ratio_min"": 1.3, ""up_close"": false, ""strong_close"": false}",7965,1136.9671490027376,0.6477087256748274,-0.12729518137677906,0.6800050773928087,1.0,0.0,0.020585745998725487,-0.0028296961649405426,-0.7130834335650167,5035,1257.8884325804243,0.6242303872889772,-0.14266676557233826,0.656368588464981,1.0,0.0,0.028344385363201635,-0.004443696291544067,-1.119811465469105,7595,1897.4503764544831,0.6491112574061882,-0.10123203804071867,0.7390466582975079,1.0,0.0009216589861751152,0.028192143586595452,-0.003220275285845,-0.8115093720329399
breakout,1.0,0.75,20597,"{""family"": ""breakout"", ""min_ddv"": 10000000.0, ""min_price"": 5.0, ""regime"": ""spy200"", ""trend"": true, ""mom_min"": -1.0, ""rsi2_max"": 100.0, ""rsi14_max"": 100.0, ""ret21_max"": 1.0, ""dist_ema20_max"": 1.0, ""dist_ema50_min"": -1.0, ""dist_hh60_min"": -1.0, ""atr_ratio_max"": 10.0, ""vol_ratio_min"": 1.3, ""up_close"": false, ""strong_close"": false}",7965,1136.9671490027376,0.5673571876961707,-0.10668345239486218,0.7826767897222333,2.0,0.0,0.020585745998725487,-0.0023952962067748836,-0.3018073220536353,5035,1257.8884325804243,0.5463753723932473,-0.1217668105305068,0.7579060541588544,2.0,0.0,0.028344385363201635,-0.0037467548022451684,-0.4720911050828912,7595,1897.4503764544831,0.5661619486504279,-0.08570278393528413,0.8234447084755999,2.0,0.0013166556945358788,0.028192143586595452,-0.002791442553249031,-0.3517217617093779
breakout,1.0,1.0,20597,"{""family"": ""breakout"", ""min_ddv"": 10000000.0, ""min_price"": 5.0, ""regime"": ""spy200"", ""trend"": true, ""mom_min"": -1.0, ""rsi2_max"": 100.0, ""rsi14_max"": 100.0, ""ret21_max"": 1.0, ""dist_ema20_max"": 1.0, ""dist_ema50_min"": -1.0, ""dist_hh60_min"": -1.0, ""atr_ratio_max"": 10.0, ""vol_ratio_min"": 1.3, ""up_close"": false, ""strong_close"": false}",7965,1136.9671490027376,0.5024482109227872,-0.09684075417691429,0.8288302821098896,2.0,0.0,0.020585745998725487,-0.0021760315856915106,-0.2741799797971303,5035,1257.8884325804243,0.48103277060575966,-0.11585180898419571,0.7988733272162981,2.0,0.0,0.028344385363201635,-0.0035511583973912224,-0.447445958071294,7595,1897.4503764544831,0.49953917050691243,-0.08057070182363796,0.8570948362418268,2.0,0.0018433179723502304,0.028192143586595452,-0.0026060122298830024,-0.3283575409652583
breakout,1.0,1.5,20597,"{""family"": ""breakout"", ""min_ddv"": 10000000.0, ""min_price"": 5.0, ""regime"": ""spy200"", ""trend"": true, ""mom_min"": -1.0, ""rsi2_max"": 100.0, ""rsi14_max"": 100.0, ""ret21_max"": 1.0, ""dist_ema20_max"": 1.0, ""dist_ema50_min"": -1.0, ""dist_hh60_min"": -1.0, ""atr_ratio_max"": 10.0, ""vol_ratio_min"": 1.3, ""up_close"": false, ""strong_close"": false}",7965,1136.9671490027376,0.4138104205900816,-0.06155052443242761,0.9080917728790978,3.0,0.0,0.020585745998725487,-0.0014100728617102796,-0.11844612038366348,5035,1257.8884325804243,0.3906653426017875,-0.10922458159918134,0.8395304132222723,3.0,0.0,0.028344385363201635,-0.003225916668773828,-0.27097700017700155,7595,1897.4503764544831,0.3997366688610928,-0.08465885869640685,0.875105288234836,3.0,0.002238314680710994,0.028192143586595452,-0.0028687642511788557,-0.24097619709902388
breakout,1.0,2.0,20597,"{""family"": ""breakout"", ""min_ddv"": 10000000.0, ""min_price"": 5.0, ""regime"": ""spy200"", ""trend"": true, ""mom_min"": -1.0, ""rsi2_max"": 100.0, ""rsi14_max"": 100.0, ""ret21_max"": 1.0, ""dist_ema20_max"": 1.0, ""dist_ema50_min"": -1.0, ""dist_hh60_min"": -1.0, ""atr_ratio_max"": 10.0, ""vol_ratio_min"": 1.3, ""up_close"": false, ""strong_close"": false}",7965,1136.9671490027376,0.35655994978028877,-0.02939429672298335,0.9600110124117779,4.0,0.0,0.020585745998725487,-0.0007264982759066585,-0.04576939138211949,5035,1257.8884325804243,0.32452830188679244,-0.1167430742618376,0.8455105015051806,3.0,0.0,0.028344385363201635,-0.00363783091783206,-0.305577797097893,7595,1897.4503764544831,0.33653719552337064,-0.07851330247429993,0.8955822386293955,3.0,0.0028966425279789336,0.028192143586595452,-0.0028146513276402978,-0.236430711521785
breakout,1.0,3.0,20597,"{""family"": ""breakout"", ""min_ddv"": 10000000.0, ""min_price"": 5.0, ""regime"": ""spy200"", ""trend"": true, ""mom_min"": -1.0, ""rsi2_max"": 100.0, ""rsi14_max"": 100.0, ""ret21_max"": 1.0, ""dist_ema20_max"": 1.0, ""dist_ema50_min"": -1.0, ""dist_hh60_min"": -1.0, ""atr_ratio_max"": 10.0, ""vol_ratio_min"": 1.3, ""up_close"": false, ""strong_close"": false}",7965,1136.9671490027376,0.28047708725674825,0.0157063899279867,1.019046654128655,5.0,0.0,0.020585745998725487,0.00020065445275371932,0.010112984418787453,5035,1257.8884325804243,0.25302879841112214,-0.08183650335799315,0.9023634449692801,4.0,0.0,0.028344385363201635,-0.0023191207813647845,-0.14610460922598142,7595,1897.4503764544831,0.2572745227123107,-0.07404540982545839,0.9121467896093237,4.0,0.00500329163923634,0.028192143586595452,-0.002918821957241325,-0.18388578330620348
breakout,1.5,0.5,20597,"{""family"": ""breakout"", ""min_ddv"": 10000000.0, ""min_price"": 5.0, ""regime"": ""spy200"", ""trend"": true, ""mom_min"": -1.0, ""rsi2_max"": 100.0, ""rsi14_max"": 100.0, ""ret21_max"": 1.0, ""dist_ema20_max"": 1.0, ""dist_ema50_min"": -1.0, ""dist_hh60_min"": -1.0, ""atr_ratio_max"": 10.0, ""vol_ratio_min"": 1.3, ""up_close"": false, ""strong_close"": false}",7965,1136.9671490027376,0.6713119899560578,-0.05804806006043177,0.8405565525969563,2.0,0.0,0.03087861899808813,-0.0017990680368292237,-0.2266825726404822,5020,1254.1409993155373,0.6523904382470119,-0.07304909414924224,0.8068283484674421,2.0,0.0,0.04244947731002355,-0.003266702771246815,-0.41160454917709866,7571,1891.454483230664,0.6699247127195879,-0.044097044209867715,0.8776135782169746,2.0,0.001981244221371021,0.04220629566709041,-0.002073010265939801,-0.2611992935084149
breakout,1.5,0.75,20597,"{""family"": ""breakout"", ""min_ddv"": 10000000.0, ""min_price"": 5.0, ""regime"": ""spy200"", ""trend"": true, ""mom_min"": -1.0, ""rsi2_max"": 100.0, ""rsi14_max"": 100.0, ""ret21_max"": 1.0, ""dist_ema20_max"": 1.0, ""dist_ema50_min"": -1.0, ""dist_hh60_min"": -1.0, ""atr_ratio_max"": 10.0, ""vol_ratio_min"": 1.3, ""up_close"": false, ""strong_close"": false}",7965,1136.9671490027376,0.5869428750784683,-0.034094376624885535,0.9255890952332013,4.0,0.0,0.03087861899808813,-0.001042645916805431,-0.06568669275874216,5020,1254.1409993155373,0.5621513944223108,-0.07006002771510725,0.8530883659619293,3.0,0.0,0.04244947731002355,-0.00326506277252014,-0.2742652728916917,7571,1891.454483230664,0.582749966979263,-0.029563192978616534,0.9353609158895309,3.0,0.0027737419099194294,0.04220629566709041,-0.00136707724448143,-0.11483448853644013
breakout,1.5,1.0,20597,"{""family"": ""breakout"", ""min_ddv"": 10000000.0, ""min_price"": 5.0, ""regime"": ""spy200"", ""trend"": true, ""mom_min"": -1.0, ""rsi2_max"": 100.0, ""rsi14_max"": 100.0, ""ret21_max"": 1.0, ""dist_ema20_max"": 1.0, ""dist_ema50_min"": -1.0, ""dist_hh60_min"": -1.0, ""atr_ratio_max"": 10.0, ""vol_ratio_min"": 1.3, ""up_close"": false, ""strong_close"": false}",7965,1136.9671490027376,0.5252981795354676,-0.011993522095183127,0.9772711381847383,5.0,0.0,0.03087861899808813,-0.0003041046295112789,-0.015326873327368457,5020,1254.1409993155373,0.49721115537848604,-0.06187884403367632,0.8872471675758117,4.0,0.0,0.04244947731002355,-0.002723889689535771,-0.17160505044075358,7571,1891.454483230664,0.5124818385946375,-0.024577850031267848,0.9540398200908734,4.0,0.004094571390833444,0.04220629566709041,-0.0011926158077735644,-0.07513479588973455
breakout,1.5,1.5,20597,"{""family"": ""breakout"", ""min_ddv"": 10000000.0, ""min_price"": 5.0, ""regime"": ""spy200"", ""trend"": true, ""mom_min"": -1.0, ""rsi2_max"": 100.0, ""rsi14_max"": 100.0, ""ret21_max"": 1.0, ""dist_ema20_max"": 1.0, ""dist_ema50_min"": -1.0, ""dist_hh60_min"": -1.0, ""atr_ratio_max"": 10.0, ""vol_ratio_min"": 1.3, ""up_close"": false, ""strong_close"": false}",7965,1136.9671490027376,0.43578154425612053,0.022600344005310358,1.0359965152955966,7.0,0.0,0.03087861899808813,0.0006858813603259745,0.02469172897173508,5020,1254.1409993155373,0.39681274900398406,-0.06629250903474387,0.8994919060849399,5.0,0.0,0.04244947731002355,-0.003179983597991932,-0.16027117333879337,7571,1891.454483230664,0.4229295997886673,0.00048401360705552124,1.0007642460782822,6.0,0.006736230352661471,0.04220629566709041,-0.000325087426089372,-0.013653671895753625
breakout,1.5,2.0,20597,"{""family"": ""breakout"", ""min_ddv"": 10000000.0, ""min_price"": 5.0, ""regime"": ""spy200"", ""trend"": true, ""mom_min"": -1.0, ""rsi2_max"": 100.0, ""rsi14_max"": 100.0, ""ret21_max"": 1.0, ""dist_ema20_max"": 1.0, ""dist_ema50_min"": -1.0, ""dist_hh60_min"": -1.0, ""atr_ratio_max"": 10.0, ""vol_ratio_min"": 1.3, ""up_close"": false, ""strong_close"": false}",7965,1136.9671490027376,0.3756434400502197,0.05244293138546474,1.0752397537004539,9.0,0.0,0.03087861899808813,0.00168400587750238,0.047152164570066636,5020,1254.1409993155373,0.3404382470119522,-0.04194121981085976,0.9418315334367456,7.0,0.0,0.04244947731002355,-0.0017171571921501976,-0.06181765891740711,7571,1891.454483230664,0.3582089552238806,0.00629293625447104,1.008928806539328,7.0,0.010170387003037908,0.04220629566709041,-0.0002733691754246784,-0.009841290315288423
breakout,1.5,3.0,20597,"{""family"": ""breakout"", ""min_ddv"": 10000000.0, ""min_price"": 5.0, ""regime"": ""spy200"", ""trend"": true, ""mom_min"": -1.0, ""rsi2_max"": 100.0, ""rsi14_max"": 100.0, ""ret21_max"": 1.0, ""dist_ema20_max"": 1.0, ""dist_ema50_min"": -1.0, ""dist_hh60_min"": -1.0, ""atr_ratio_max"": 10.0, ""vol_ratio_min"": 1.3, ""up_close"": false, ""strong_close"": false}",7965,1136.9671490027376,0.29968612680477086,0.11907845962074141,1.1520667208942037,11.0,0.0,0.03087861899808813,0.003539884528227004,0.08109553646483682,5020,1254.1409993155373,0.2689243027888446,0.009598787846337707,1.0120004553162545,8.0,0.0,0.04244947731002355,0.001493217275907928,0.047036344191099734,7571,1891.454483230664,0.2911108175934487,0.07319416857707,1.093949700541778,9.0,0.017699115044247787,0.04220629566709041,0.002843567633405504,0.07961989373535411
breakout,2.0,0.5,20597,"{""family"": ""breakout"", ""min_ddv"": 10000000.0, ""min_price"": 5.0, ""regime"": ""spy200"", ""trend"": true, ""mom_min"": -1.0, ""rsi2_max"": 100.0, ""rsi14_max"": 100.0, ""ret21_max"": 1.0, ""dist_ema20_max"": 1.0, ""dist_ema50_min"": -1.0, ""dist_hh60_min"": -1.0, ""atr_ratio_max"": 10.0, ""vol_ratio_min"": 1.3, ""up_close"": false, ""strong_close"": false}",7953,1135.2542041454828,0.6880422482082234,-0.012161720277213761,0.9641256226830309,4.0,0.0,0.041144903077999076,-0.00046716510212627734,-0.02943140143395547,4914,1227.659137577002,0.6556776556776557,-0.05442653525403913,0.8526739235018551,3.0,0.0,0.05604827418323595,-0.003653793719339897,-0.30691867242455134,7396,1847.7344284736482,0.6832071389940508,-0.0072186101291402014,0.9788277486255528,3.0,0.0044618712817739315,0.05567095102001061,-0.00046567552316422237,-0.03911674394579468
breakout,2.0,0.75,20597,"{""family"": ""breakout"", ""min_ddv"": 10000000.0, ""min_price"": 5.0, ""regime"": ""spy200"", ""trend"": true, ""mom_min"": -1.0, ""rsi2_max"": 100.0, ""rsi14_max"": 100.0, ""ret21_max"": 1.0, ""dist_ema20_max"": 1.0, ""dist_ema50_min"": -1.0, ""dist_hh60_min"": -1.0, ""atr_ratio_max"": 10.0, ""vol_ratio_min"": 1.3, ""up_close"": false, ""strong_close"": false}",7953,1135.2542041454828,0.6092040739343644,0.02355268270172129,1.0553548201991785,6.0,0.0,0.041144903077999076,0.0010317549003130472,0.04333370581314799,4914,1227.659137577002,0.5685795685795686,-0.04438501737102547,0.9041652263343638,5.0,0.0,0.05604827418323595,-0.0028927901480771618,-0.14579662346308894,7396,1847.7344284736482,0.5943753380205516,0.009097995150115732,1.0208743783852658,5.0,0.00662520281233099,0.05567095102001061,0.000327034775205066,0.016482552670335326
breakout,2.0,1.0,20597,"{""family"": ""breakout"", ""min_ddv"": 10000000.0, ""min_price"": 5.0, ""regime"": ""spy200"", ""trend"": true, ""mom_min"": -1.0, ""rsi2_max"": 100.0, ""rsi14_max"": 100.0, ""ret21_max"": 1.0, ""dist_ema20_max"": 1.0, ""dist_ema50_min"": -1.0, ""dist_hh60_min"": -1.0, ""atr_ratio_max"": 10.0, ""vol_ratio_min"": 1.3, ""up_close"": false, ""strong_close"": false}",7953,1135.2542041454828,0.5494781843329561,0.053378674412332176,1.1087201343152344,8.0,0.0,0.041144903077999076,0.002300016318738633,0.07245051404026694,4914,1227.659137577002,0.4938949938949939,-0.05661863510966491,0.8960527316057377,7.0,0.0,0.05604827418323595,-0.003959158654053873,-0.1425297115459394,7396,1847.7344284736482,0.5290697674418605,0.022912086847618703,1.0452887829046822,7.0,0.009599783666846945,0.05567095102001061,0.0008242638580518859,0.029673498889867894
breakout,2.0,1.5,20597,"{""family"": ""breakout"", ""min_ddv"": 10000000.0, ""min_price"": 5.0, ""regime"": ""spy200"", ""trend"": true, ""mom_min"": -1.0, ""rsi2_max"": 100.0, ""rsi14_max"": 100.0, ""ret21_max"": 1.0, ""dist_ema20_max"": 1.0, ""dist_ema50_min"": -1.0, ""dist_hh60_min"": -1.0, ""atr_ratio_max"": 10.0, ""vol_ratio_min"": 1.3, ""up_close"": false, ""strong_close"": false}",7953,1135.2542041454828,0.45328806739595123,0.08156265812693168,1.1365121234244924,12.0,0.0,0.041144903077999076,0.0034104832974501393,0.07162014924645292,4914,1227.659137577002,0.4076109076109076,-0.02769633403834287,0.9565075837817175,9.0,0.0,0.05604827418323595,-0.002126396173516865,-0.05953909285847222,7396,1847.7344284736482,0.438209843158464,0.047289014629852195,1.0782653292245792,10.0,0.0159545700378583,0.05567095102001061,0.002149504595956376,0.05416751581810068
breakout,2.0,2.0,20597,"{""family"": ""breakout"", ""min_ddv"": 10000000.0, ""min_price"": 5.0, ""regime"": ""spy200"", ""trend"": true, ""mom_min"": -1.0, ""rsi2_max"": 100.0, ""rsi14_max"": 100.0, ""ret21_max"": 1.0, ""dist_ema20_max"": 1.0, ""dist_ema50_min"": -1.0, ""dist_hh60_min"": -1.0, ""atr_ratio_max"": 10.0, ""vol_ratio_min"": 1.3, ""up_close"": false, ""strong_close"": false}",7953,1135.2542041454828,0.39280774550484093,0.12426404338720723,1.187039388893868,15.0,0.0,0.041144903077999076,0.0052554548977568945,0.08829164228231583,4914,1227.659137577002,0.35124135124135125,0.0032639308349073554,1.0046702955229543,11.0,0.0,0.05604827418323595,0.0002644084956959875,0.00605735826503535,7396,1847.7344284736482,0.38142239048134124,0.08260908999457037,1.1239524669939591,12.0,0.022714981070849107,0.05567095102001061,0.004025381915991048,0.08453302023581201
breakout,2.0,3.0,20597,"{""family"": ""breakout"", ""min_ddv"": 10000000.0, ""min_price"": 5.0, ""regime"": ""spy200"", ""trend"": true, ""mom_min"": -1.0, ""rsi2_max"": 100.0, ""rsi14_max"": 100.0, ""ret21_max"": 1.0, ""dist_ema20_max"": 1.0, ""dist_ema50_min"": -1.0, ""dist_hh60_min"": -1.0, ""atr_ratio_max"": 10.0, ""vol_ratio_min"": 1.3, ""up_close"": false, ""strong_close"": false}",7953,1135.2542041454828,0.3217653715579027,0.21921245478112672,1.2934225681194624,20.0,0.0,0.041144903077999076,0.00922449911813987,0.11622868888856237,4914,1227.659137577002,0.27146927146927147,0.03352793785194559,1.0426854110484622,14.0,0.0,0.05604827418323595,0.002860183858416767,0.051483309451501806,7396,1847.7344284736482,0.3086803677663602,0.13951473898468789,1.1870756644210976,16.0,0.03393726338561385,0.05567095102001061,0.007260366789927459,0.11435077694135748
breakout,3.0,0.5,20597,"{""family"": ""breakout"", ""min_ddv"": 10000000.0, ""min_price"": 5.0, ""regime"": ""spy200"", ""trend"": true, ""mom_min"": -1.0, ""rsi2_max"": 100.0, ""rsi14_max"": 100.0, ""ret21_max"": 1.0, ""dist_ema20_max"": 1.0, ""dist_ema50_min"": -1.0, ""dist_hh60_min"": -1.0, ""atr_ratio_max"": 10.0, ""vol_ratio_min"": 1.3, ""up_close"": false, ""strong_close"": false}",7762,1107.9898318341807,0.7101262561195568,0.03815405336401302,1.123262184453692,8.0,0.0,0.0610859857720774,0.002407064770759412,0.07582254027892148,4358,1088.7542778918548,0.6771454795777879,-0.009176001219370785,0.9729282488247469,7.0,0.0,0.07879372333010842,-0.000647265874249827,-0.023301571472993773,6665,1665.1095140314853,0.6900225056264067,0.02225330115598996,1.0691021959039657,7.0,0.011552888222055514,0.07890156686902428,0.0012594613618474614,0.04534060902650861
breakout,3.0,0.75,20597,"{""family"": ""breakout"", ""min_ddv"": 10000000.0, ""min_price"": 5.0, ""regime"": ""spy200"", ""trend"": true, ""mom_min"": -1.0, ""rsi2_max"": 100.0, ""rsi14_max"": 100.0, ""ret21_max"": 1.0, ""dist_ema20_max"": 1.0, ""dist_ema50_min"": -1.0, ""dist_hh60_min"": -1.0, ""atr_ratio_max"": 10.0, ""vol_ratio_min"": 1.3, ""up_close"": false, ""strong_close"": false}",7762,1107.9898318341807,0.6254831229064675,0.06440780041228289,1.1603530750620497,13.0,0.0,0.0610859857720774,0.004073055424425163,0.07895461284270316,4358,1088.7542778918548,0.5846718678292795,-0.005150685329893349,0.9882435789645749,11.0,0.0,0.07879372333010842,-0.0005570065656059129,-0.012760514048426368,6665,1665.1095140314853,0.6111027756939235,0.05300705509568102,1.130914125083348,11.0,0.01695423855963991,0.07890156686902428,0.0034936570741951277,0.08003650751792474
breakout,3.0,1.0,20597,"{""family"": ""breakout"", ""min_ddv"": 10000000.0, ""min_price"": 5.0, ""regime"": ""spy200"", ""trend"": true, ""mom_min"": -1.0, ""rsi2_max"": 100.0, ""rsi14_max"": 100.0, ""ret21_max"": 1.0, ""dist_ema20_max"": 1.0, ""dist_ema50_min"": -1.0, ""dist_hh60_min"": -1.0, ""atr_ratio_max"": 10.0, ""vol_ratio_min"": 1.3, ""up_close"": false, ""strong_close"": false}",7762,1107.9898318341807,0.5636433908786396,0.0941555241688082,1.2009122966898536,17.0,0.0,0.0610859857720774,0.005924274488871351,0.0878186571291518,4358,1088.7542778918548,0.5273061037173015,0.023683187233004874,1.047497854777752,15.0,0.0,0.07879372333010842,0.0018697609306875804,0.03141198363555135,6665,1665.1095140314853,0.5467366841710427,0.06975202396233714,1.1475194052394297,15.0,0.022955738934733683,0.07890156686902428,0.0048508053612506775,0.08149353006901139
breakout,3.0,1.5,20597,"{""family"": ""breakout"", ""min_ddv"": 10000000.0, ""min_price"": 5.0, ""regime"": ""spy200"", ""trend"": true, ""mom_min"": -1.0, ""rsi2_max"": 100.0, ""rsi14_max"": 100.0, ""ret21_max"": 1.0, ""dist_ema20_max"": 1.0, ""dist_ema50_min"": -1.0, ""dist_hh60_min"": -1.0, ""atr_ratio_max"": 10.0, ""vol_ratio_min"": 1.3, ""up_close"": false, ""strong_close"": false}",7762,1107.9898318341807,0.47822726101520224,0.15665295897671114,1.2788230913281384,26.0,0.0,0.0610859857720774,0.009662089955483531,0.09364794879930191,4358,1088.7542778918548,0.4385039008719596,0.06425699106380028,1.1083231528342188,22.0,0.0,0.07879372333010842,0.005722412525388976,0.06554763438172827,6665,1665.1095140314853,0.46751687921980495,0.12969339687951165,1.2332518014680218,20.0,0.035258814703675916,0.07890156686902428,0.009343299626228959,0.11772557529048489
breakout,3.0,2.0,20597,"{""family"": ""breakout"", ""min_ddv"": 10000000.0, ""min_price"": 5.0, ""regime"": ""spy200"", ""trend"": true, ""mom_min"": -1.0, ""rsi2_max"": 100.0, ""rsi14_max"": 100.0, ""ret21_max"": 1.0, ""dist_ema20_max"": 1.0, ""dist_ema50_min"": -1.0, ""dist_hh60_min"": -1.0, ""atr_ratio_max"": 10.0, ""vol_ratio_min"": 1.3, ""up_close"": false, ""strong_close"": false}",7762,1107.9898318341807,0.4239886627157949,0.2270579372827968,1.3652976970232975,32.0,0.0,0.0610859857720774,0.014241224424982605,0.11214964234673801,4358,1088.7542778918548,0.3728774667278568,0.08273367380877823,1.1246811233366236,27.0,0.0,0.07879372333010842,0.007699023175379531,0.07185754963687563,6665,1665.1095140314853,0.4067516879219805,0.1597905035845363,1.2575379729525191,25.0,0.04606151537884471,0.07890156686902428,0.011594897231940113,0.11687656409795634
breakout,3.0,3.0,20597,"{""family"": ""breakout"", ""min_ddv"": 10000000.0, ""min_price"": 5.0, ""regime"": ""spy200"", ""trend"": true, ""mom_min"": -1.0, ""rsi2_max"": 100.0, ""rsi14_max"": 100.0, ""ret21_max"": 1.0, ""dist_ema20_max"": 1.0, ""dist_ema50_min"": -1.0, ""dist_hh60_min"": -1.0, ""atr_ratio_max"": 10.0, ""vol_ratio_min"": 1.3, ""up_close"": false, ""strong_close"": false}",7762,1107.9898318341807,0.35892811131151764,0.3879816080366157,1.5605517884166649,44.0,0.0,0.0610859857720774,0.024314692482399126,0.13925687512646773,4358,1088.7542778918548,0.28591096833409824,0.09754871581863393,1.12807328886187,34.0,0.0002294630564479119,0.07879372333010842,0.010739067100025314,0.07959543850606997,6665,1665.1095140314853,0.34658664666166544,0.261835011506028,1.3828139103868786,31.0,0.06691672918229558,0.07890156686902428,0.019307369296419324,0.15695022782895707
breakout,1.0,0.5,20047,"{""family"": ""breakout"", ""min_ddv"": 10000000.0, ""min_price"": 5.0, ""regime"": ""spy200"", ""trend"": true, ""mom_min"": 0.0, ""rsi2_max"": 100.0, ""rsi14_max"": 100.0, ""ret21_max"": 1.0, ""dist_ema20_max"": 1.0, ""dist_ema50_min"": -1.0, ""dist_hh60_min"": -1.0, ""atr_ratio_max"": 10.0, ""vol_ratio_min"": 1.3, ""up_close"": false, ""strong_close"": false}",7762,1107.9898318341807,0.647900025766555,-0.1267444136919008,0.681263954322515,1.0,0.0,0.020601090870143814,-0.002809508439137139,-0.7079961266625591,4885,1220.4140999315537,0.6266120777891505,-0.1393700219092597,0.662503623370984,1.0,0.0,0.02833839449611714,-0.004332021404483649,-1.0916693939298796,7398,1848.2340862422998,0.6492295214922952,-0.1016909641894724,0.7379347160833725,1.0,0.0009462016761286835,0.028176352393296786,-0.003221740772086707,-0.8118786745658502
breakout,1.0,0.75,20047,"{""family"": ""breakout"", ""min_ddv"": 10000000.0, ""min_price"": 5.0, ""regime"": ""spy200"", ""trend"": true, ""mom_min"": 0.0, ""rsi2_max"": 100.0, ""rsi14_max"": 100.0, ""ret21_max"": 1.0, ""dist_ema20_max"": 1.0, ""dist_ema50_min"": -1.0, ""dist_hh60_min"": -1.0, ""atr_ratio_max"": 10.0, ""vol_ratio_min"": 1.3, ""up_close"": false, ""strong_close"": false}",7762,1107.9898318341807,0.5678948724555527,-0.10559275750181232,0.7847086930001456,2.0,0.0,0.020601090870143814,-0.0023717723494735437,-0.2988433160336665,4885,1220.4140999315537,0.5492323439099284,-0.11705101644500296,0.7660111237914493,2.0,0.0,0.02833839449611714,-0.0035702377035187025,-0.44984995064335653,7398,1848.2340862422998,0.5654230873208975,-0.08751807636295483,0.8201706437967343,2.0,0.0013517166801838335,0.028176352393296786,-0.00282029313162376,-0.3553569345845937
breakout,1.0,1.0,20047,"{""family"": ""breakout"", ""min_ddv"": 10000000.0, ""min_price"": 5.0, ""regime"": ""spy200"", ""trend"": true, ""mom_min"": 0.0, ""rsi2_max"": 100.0, ""rsi14_max"": 100.0, ""ret21_max"": 1.0, ""dist_ema20_max"": 1.0, ""dist_ema50_min"": -1.0, ""dist_hh60_min"": -1.0, ""atr_ratio_max"": 10.0, ""vol_ratio_min"": 1.3, ""up_close"": false, ""strong_close"": false}",7762,1107.9898318341807,0.5034784849265653,-0.09419693019833793,0.8331197856523548,2.0,0.0,0.020601090870143814,-0.002124717585951685,-0.26771441582991234,4885,1220.4140999315537,0.48372569089048106,-0.11064767653112001,0.8070814827536347,2.0,0.0,0.02833839449611714,-0.003364146544591889,-0.42388246461857804,7398,1848.2340862422998,0.49864828331981614,-0.08278114650390361,0.853518997543482,2.0,0.001892403352257367,0.028176352393296786,-0.0026261117720031905,-0.330890083272402
breakout,1.0,1.5,20047,"{""family"": ""breakout"", ""min_ddv"": 10000000.0, ""min_price"": 5.0, ""regime"": ""spy200"", ""trend"": true, ""mom_min"": 0.0, ""rsi2_max"": 100.0, ""rsi14_max"": 100.0, ""ret21_max"": 1.0, ""dist_ema20_max"": 1.0, ""dist_ema50_min"": -1.0, ""dist_hh60_min"": -1.0, ""atr_ratio_max"": 10.0, ""vol_ratio_min"": 1.3, ""up_close"": false, ""strong_close"": false}",7762,1107.9898318341807,0.41445503736150474,-0.05904413489814132,0.911711331377156,3.0,0.0,0.020601090870143814,-0.0013898506935883454,-0.11674745826142101,4885,1220.4140999315537,0.3932446264073695,-0.10354318687670075,0.8473930817699443,3.0,0.0,0.02833839449611714,-0.0030386365913257067,-0.25524547367135936,7398,1848.2340862422998,0.3986212489862125,-0.08788968482830149,0.8706704135808865,3.0,0.0022979183563125167,0.028176352393296786,-0.0029334797586087827,-0.24641229972313775
breakout,1.0,2.0,20047,"{""family"": ""breakout"", ""min_ddv"": 10000000.0, ""min_price"": 5.0, ""regime"": ""spy200"", ""trend"": true, ""mom_min"": 0.0, ""rsi2_max"": 100.0, ""rsi14_max"": 100.0, ""ret21_max"": 1.0, ""dist_ema20_max"": 1.0, ""dist_ema50_min"": -1.0, ""dist_hh60_min"": -1.0, ""atr_ratio_max"": 10.0, ""vol_ratio_min"": 1.3, ""up_close"": false, ""strong_close"": false}",7762,1107.9898318341807,0.356995619685648,-0.027328214679084573,0.9627885145911357,4.0,0.0,0.020601090870143814,-0.0007283290998082425,-0.045884733287919276,4885,1220.4140999315537,0.3258955987717503,-0.11327137707875287,0.8499619354024888,3.0,0.0,0.02833839449611714,-0.0035183123313566396,-0.2955382358339577,7398,1848.2340862422998,0.3357664233576642,-0.08121632313109745,0.8921566519204746,3.0,0.0029737766964044337,0.028176352393296786,-0.0028782830784449772,-0.24177577858937807
breakout,1.0,3.0,20047,"{""family"": ""breakout"", ""min_ddv"": 10000000.0, ""min_price"": 5.0, ""regime"": ""spy200"", ""trend"": true, ""mom_min"": 0.0, ""rsi2_max"": 100.0, ""rsi14_max"": 100.0, ""ret21_max"": 1.0, ""dist_ema20_max"": 1.0, ""dist_ema50_min"": -1.0, ""dist_hh60_min"": -1.0, ""atr_ratio_max"": 10.0, ""vol_ratio_min"": 1.3, ""up_close"": false, ""strong_close"": false}",7762,1107.9898318341807,0.2809842824014429,0.018444984407177827,1.0223832506006676,5.0,0.0,0.020601090870143814,0.00019661665491786808,0.009909479407860551,4885,1220.4140999315537,0.2548618219037871,-0.07486797416338085,0.9105598058942821,4.0,0.0,0.02833839449611714,-0.0020652101650479497,-0.13010824039802082,7398,1848.2340862422998,0.25601513922681807,-0.07978090559859723,0.9055278653900507,4.0,0.004866180048661801,0.028176352393296786,-0.0030664018080473724,-0.19318331390698446
breakout,1.5,0.5,20047,"{""family"": ""breakout"", ""min_ddv"": 10000000.0, ""min_price"": 5.0, ""regime"": ""spy200"", ""trend"": true, ""mom_min"": 0.0, ""rsi2_max"": 100.0, ""rsi14_max"": 100.0, ""ret21_max"": 1.0, ""dist_ema20_max"": 1.0, ""dist_ema50_min"": -1.0, ""dist_hh60_min"": -1.0, ""atr_ratio_max"": 10.0, ""vol_ratio_min"": 1.3, ""up_close"": false, ""strong_close"": false}",7762,1107.9898318341807,0.6716052563772223,-0.05747892357111421,0.8420469378841573,2.0,0.0,0.03090163630521575,-0.0018020153254544398,-0.2270539310072594,4870,1216.6666666666667,0.6560574948665298,-0.06774711046557191,0.819149167990974,2.0,0.0,0.042414552982472244,-0.0029282659428449664,-0.3689615087984658,7374,1842.2381930184804,0.6692432872253865,-0.04539853296156024,0.8743480896238087,2.0,0.0020341741253051262,0.04217112034886173,-0.002118188764718999,-0.2668917843545939
breakout,1.5,0.75,20047,"{""family"": ""breakout"", ""min_ddv"": 10000000.0, ""min_price"": 5.0, ""regime"": ""spy200"", ""trend"": true, ""mom_min"": 0.0, ""rsi2_max"": 100.0, ""rsi14_max"": 100.0, ""ret21_max"": 1.0, ""dist_ema20_max"": 1.0, ""dist_ema50_min"": -1.0, ""dist_hh60_min"": -1.0, ""atr_ratio_max"": 10.0, ""vol_ratio_min"": 1.3, ""up_close"": false, ""strong_close"": false}",7762,1107.9898318341807,0.5873486214893069,-0.03284312606651791,0.9282562192296199,4.0,0.0,0.03090163630521575,-0.0010138928722706615,-0.06387525095305167,4870,1216.6666666666667,0.5657084188911704,-0.06367770689266763,0.8654191064975465,3.0,0.0,0.042414552982472244,-0.002871706791093079,-0.24122337045181863,7374,1842.2381930184804,0.5820450230539734,-0.031038384316671306,0.9322804745506414,3.0,0.0028478437754271765,0.04217112034886173,-0.001410118527278211,-0.11844995629136973
breakout,1.5,1.0,20047,"{""family"": ""breakout"", ""min_ddv"": 10000000.0, ""min_price"": 5.0, ""regime"": ""spy200"", ""trend"": true, ""mom_min"": 0.0, ""rsi2_max"": 100.0, ""rsi14_max"": 100.0, ""ret21_max"": 1.0, ""dist_ema20_max"": 1.0, ""dist_ema50_min"": -1.0, ""dist_hh60_min"": -1.0, ""atr_ratio_max"": 10.0, ""vol_ratio_min"": 1.3, ""up_close"": false, ""strong_close"": false}",7762,1107.9898318341807,0.5258953877866529,-0.010302818300378217,0.9804553171677325,5.0,0.0,0.03090163630521575,-0.0002780074315880159,-0.014011574552036003,4870,1216.6666666666667,0.49917864476386037,-0.05807317851989189,0.8938028133445048,4.0,0.0,0.042414552982472244,-0.0024689622387929423,-0.15554462104395536,7374,1842.2381930184804,0.5116625983184161,-0.02622749506293426,0.9510452573844437,4.0,0.004203959858963927,0.04217112034886173,-0.0012600641014938068,-0.07938403839410983
breakout,1.5,1.5,20047,"{""family"": ""breakout"", ""min_ddv"": 10000000.0, ""min_price"": 5.0, ""regime"": ""spy200"", ""trend"": true, ""mom_min"": 0.0, ""rsi2_max"": 100.0, ""rsi14_max"": 100.0, ""ret21_max"": 1.0, ""dist_ema20_max"": 1.0, ""dist_ema50_min"": -1.0, ""dist_hh60_min"": -1.0, ""atr_ratio_max"": 10.0, ""vol_ratio_min"": 1.3, ""up_close"": false, ""strong_close"": false}",7762,1107.9898318341807,0.4355836124710126,0.02296652645554544,1.0366054071634727,7.0,0.0,0.03090163630521575,0.0006617198342517466,0.02382191403306288,4870,1216.6666666666667,0.397741273100616,-0.0638295629693855,0.9031240510964093,5.0,0.0,0.042414552982472244,-0.002956601176429205,-0.14901269929203192,7374,1842.2381930184804,0.42175210197992946,-0.0027589585378674695,0.9956524900606127,6.0,0.0067805804176837535,0.04217112034886173,-0.00046325811072482056,-0.019456840650442463
breakout,1.5,2.0,20047,"{""family"": ""breakout"", ""min_ddv"": 10000000.0, ""min_price"": 5.0, ""regime"": ""spy200"", ""trend"": true, ""mom_min"": 0.0, ""rsi2_max"": 100.0, ""rsi14_max"": 100.0, ""ret21_max"": 1.0, ""dist_ema20_max"": 1.0, ""dist_ema50_min"": -1.0, ""dist_hh60_min"": -1.0, ""atr_ratio_max"": 10.0, ""vol_ratio_min"": 1.3, ""up_close"": false, ""strong_close"": false}",7762,1107.9898318341807,0.37567637206905435,0.05407179732062678,1.0777110872839462,9.0,0.0,0.03090163630521575,0.0016894733504766307,0.04730525381334566,4870,1216.6666666666667,0.34147843942505135,-0.0386602208330539,0.9463249877653352,7.0,0.0,0.042414552982472244,-0.0014534888356292964,-0.052325598082654676,7374,1842.2381930184804,0.3573365880119338,0.0033774553201617675,1.0047857367297317,7.0,0.01017087062652563,0.04217112034886173,-0.0003812070521819578,-0.01372345387855048
breakout,1.5,3.0,20047,"{""family"": ""breakout"", ""min_ddv"": 10000000.0, ""min_price"": 5.0, ""regime"": ""spy200"", ""trend"": true, ""mom_min"": 0.0, ""rsi2_max"": 100.0, ""rsi14_max"": 100.0, ""ret21_max"": 1.0, ""dist_ema20_max"": 1.0, ""dist_ema50_min"": -1.0, ""dist_hh60_min"": -1.0, ""atr_ratio_max"": 10.0, ""vol_ratio_min"": 1.3, ""up_close"": false, ""strong_close"": false}",7762,1107.9898318341807,0.2997938675599072,0.12097379535037642,1.1547129087116006,11.0,0.0,0.03090163630521575,0.003568030734704038,0.08174034046776522,4870,1216.6666666666667,0.2706365503080082,0.015809325111121264,1.019802061015538,8.0,0.0,0.042414552982472244,0.002041266951316933,0.0642999089664834,7374,1842.2381930184804,0.290073230268511,0.06899483423724945,1.0884399323902285,9.0,0.01762950908597776,0.04217112034886173,0.0026904020267643864,0.07533125674940283
breakout,2.0,0.5,20047,"{""family"": ""breakout"", ""min_ddv"": 10000000.0, ""min_price"": 5.0, ""regime"": ""spy200"", ""trend"": true, ""mom_min"": 0.0, ""rsi2_max"": 100.0, ""rsi14_max"": 100.0, ""ret21_max"": 1.0, ""dist_ema20_max"": 1.0, ""dist_ema50_min"": -1.0, ""dist_hh60_min"": -1.0, ""atr_ratio_max"": 10.0, ""vol_ratio_min"": 1.3, ""up_close"": false, ""strong_close"": false}",7750,1106.276886976926,0.6895483870967742,-0.009538638807673108,0.9717327852889981,4.0,0.0,0.04118608574636934,-0.00035541263137792893,-0.022390995776809523,4767,1190.9342915811087,0.6584854205999581,-0.049923491488192064,0.863764061040912,3.0,0.0,0.05604122578287829,-0.0032899738355654114,-0.27635780218749456,7204,1799.7672826830938,0.6829539144919489,-0.00772844873140902,0.9773604612307466,3.0,0.004580788450860633,0.055645211239488304,-0.0004520907635165627,-0.03797562413539127
breakout,2.0,0.75,20047,"{""family"": ""breakout"", ""min_ddv"": 10000000.0, ""min_price"": 5.0, ""regime"": ""spy200"", ""trend"": true, ""mom_min"": 0.0, ""rsi2_max"": 100.0, ""rsi14_max"": 100.0, ""ret21_max"": 1.0, ""dist_ema20_max"": 1.0, ""dist_ema50_min"": -1.0, ""dist_hh60_min"": -1.0, ""atr_ratio_max"": 10.0, ""vol_ratio_min"": 1.3, ""up_close"": false, ""strong_close"": false}",7750,1106.276886976926,0.6108387096774194,0.027102238390448733,1.0639764905441973,6.0,0.0,0.04118608574636934,0.0011723488076254662,0.04923864992026958,4767,1190.9342915811087,0.5707992448080553,-0.04014407888647807,0.912835914792553,5.0,0.0,0.05604122578287829,-0.0025251862859778378,-0.12726938881328304,7204,1799.7672826830938,0.5941143808995003,0.008715496113371324,1.0199794294418698,5.0,0.006801776790671849,0.055645211239488304,0.0003342934654999975,0.01684839066119987
breakout,2.0,1.0,20047,"{""family"": ""breakout"", ""min_ddv"": 10000000.0, ""min_price"": 5.0, ""regime"": ""spy200"", ""trend"": true, ""mom_min"": 0.0, ""rsi2_max"": 100.0, ""rsi14_max"": 100.0, ""ret21_max"": 1.0, ""dist_ema20_max"": 1.0, ""dist_ema50_min"": -1.0, ""dist_hh60_min"": -1.0, ""atr_ratio_max"": 10.0, ""vol_ratio_min"": 1.3, ""up_close"": false, ""strong_close"": false}",7750,1106.276886976926,0.5507096774193548,0.05672074001256609,1.1159218006164966,8.0,0.0,0.04118608574636934,0.002412965296346501,0.07600840683491479,4767,1190.9342915811087,0.4950702748059576,-0.05346273727979822,0.9015258331910501,7.0,0.0,0.05604122578287829,-0.003646545014101969,-0.1312756205076709,7204,1799.7672826830938,0.5288728484175458,0.022545506381685496,1.0445386648487975,7.0,0.009855635757912271,0.055645211239488304,0.0008307026390381419,0.029905295005373107
breakout,2.0,1.5,20047,"{""family"": ""breakout"", ""min_ddv"": 10000000.0, ""min_price"": 5.0, ""regime"": ""spy200"", ""trend"": true, ""mom_min"": 0.0, ""rsi2_max"": 100.0, ""rsi14_max"": 100.0, ""ret21_max"": 1.0, ""dist_ema20_max"": 1.0, ""dist_ema50_min"": -1.0, ""dist_hh60_min"": -1.0, ""atr_ratio_max"": 10.0, ""vol_ratio_min"": 1.3, ""up_close"": false, ""strong_close"": false}",7750,1106.276886976926,0.4543225806451613,0.08548539817820278,1.1435679200585815,12.0,0.0,0.04118608574636934,0.0035380093123406216,0.07429819555915305,4767,1190.9342915811087,0.40969162995594716,-0.021544227668347626,0.9660247460025962,9.0,0.0,0.05604122578287829,-0.0016478792561371565,-0.04614061917184038,7204,1799.7672826830938,0.43808995002776235,0.046660403418334974,1.077189031396916,10.0,0.016102165463631316,0.055645211239488304,0.0021642413798492696,0.05453888277220159
breakout,2.0,2.0,20047,"{""family"": ""breakout"", ""min_ddv"": 10000000.0, ""min_price"": 5.0, ""regime"": ""spy200"", ""trend"": true, ""mom_min"": 0.0, ""rsi2_max"": 100.0, ""rsi14_max"": 100.0, ""ret21_max"": 1.0, ""dist_ema20_max"": 1.0, ""dist_ema50_min"": -1.0, ""dist_hh60_min"": -1.0, ""atr_ratio_max"": 10.0, ""vol_ratio_min"": 1.3, ""up_close"": false, ""strong_close"": false}",7750,1106.276886976926,0.39406451612903226,0.1293452966667589,1.1953275895715056,15.0,0.0,0.04118608574636934,0.0054535458140497345,0.09161956967603554,4767,1190.9342915811087,0.35347178518984684,0.010608844199638246,1.0152411898405356,11.0,0.0,0.05604122578287829,0.0008966479602921789,0.02054138963578446,7204,1799.7672826830938,0.38117712382009994,0.08169849965994555,1.1225270326892791,12.0,0.022765130483064965,0.055645211239488304,0.004000628710825617,0.08401320292733795
breakout,2.0,3.0,20047,"{""family"": ""breakout"", ""min_ddv"": 10000000.0, ""min_price"": 5.0, ""regime"": ""spy200"", ""trend"": true, ""mom_min"": 0.0, ""rsi2_max"": 100.0, ""rsi14_max"": 100.0, ""ret21_max"": 1.0, ""dist_ema20_max"": 1.0, ""dist_ema50_min"": -1.0, ""dist_hh60_min"": -1.0, ""atr_ratio_max"": 10.0, ""vol_ratio_min"": 1.3, ""up_close"": false, ""strong_close"": false}",7750,1106.276886976926,0.3229677419354839,0.2252034704053316,1.3023042811992862,21.0,0.0,0.04118608574636934,0.009513194841835437,0.11415833810202525,4767,1190.9342915811087,0.27333752884413676,0.04171966616165458,1.0532837031575335,14.0,0.0,0.05604122578287829,0.0036562297173802502,0.0658121349128445,7204,1799.7672826830938,0.3081621321488062,0.13722367728592721,1.1838361456439426,16.0,0.03414769572459744,0.055645211239488304,0.007220393732971978,0.11372120129430865
breakout,3.0,0.5,20047,"{""family"": ""breakout"", ""min_ddv"": 10000000.0, ""min_price"": 5.0, ""regime"": ""spy200"", ""trend"": true, ""mom_min"": 0.0, ""rsi2_max"": 100.0, ""rsi14_max"": 100.0, ""ret21_max"": 1.0, ""dist_ema20_max"": 1.0, ""dist_ema50_min"": -1.0, ""dist_hh60_min"": -1.0, ""atr_ratio_max"": 10.0, ""vol_ratio_min"": 1.3, ""up_close"": false, ""strong_close"": false}",7568,1080.2972233085648,0.7120771670190275,0.04139075742419889,1.134581908359352,8.0,0.0,0.061132107702958,0.0026315073824627493,0.0828924825475766,4235,1058.025325119781,0.6788665879574971,-0.006269522663866649,0.9813868182632626,7.0,0.0,0.07898716764110522,-0.0004185814521769041,-0.015068932278368547,6491,1621.6392881587954,0.6898782930211061,0.022271553802382223,1.0691364412745095,7.0,0.011862578955476814,0.0787827061716512,0.0012838520264833357,0.04621867295340009
breakout,3.0,0.75,20047,"{""family"": ""breakout"", ""min_ddv"": 10000000.0, ""min_price"": 5.0, ""regime"": ""spy200"", ""trend"": true, ""mom_min"": 0.0, ""rsi2_max"": 100.0, ""rsi14_max"": 100.0, ""ret21_max"": 1.0, ""dist_ema20_max"": 1.0, ""dist_ema50_min"": -1.0, ""dist_hh60_min"": -1.0, ""atr_ratio_max"": 10.0, ""vol_ratio_min"": 1.3, ""up_close"": false, ""strong_close"": false}",7568,1080.2972233085648,0.6267177589852009,0.06690248892938129,1.1671639927696116,13.0,0.0,0.061132107702958,0.004256403921622192,0.08250875294221481,4235,1058.025325119781,0.5855962219598583,-0.0029083409961301915,0.993340391760939,11.0,0.0,0.07898716764110522,-0.00032955969807564286,-0.007549913083187454,6491,1621.6392881587954,0.6108457864735788,0.05242618074413218,1.1293935575129679,11.0,0.01740871976582961,0.0787827061716512,0.0034267777219633253,0.07850436235770528
breakout,3.0,1.0,20047,"{""family"": ""breakout"", ""min_ddv"": 10000000.0, ""min_price"": 5.0, ""regime"": ""spy200"", ""trend"": true, ""mom_min"": 0.0, ""rsi2_max"": 100.0, ""rsi14_max"": 100.0, ""ret21_max"": 1.0, ""dist_ema20_max"": 1.0, ""dist_ema50_min"": -1.0, ""dist_hh60_min"": -1.0, ""atr_ratio_max"": 10.0, ""vol_ratio_min"": 1.3, ""up_close"": false, ""strong_close"": false}",7568,1080.2972233085648,0.5655391120507399,0.09874569490521164,1.2117951781372118,18.0,0.0,0.061132107702958,0.006246919546096308,0.08745687364534832,4235,1058.025325119781,0.5291617473435656,0.02858396540369157,1.0576717776647193,15.0,0.0,0.07898716764110522,0.002316067807027761,0.038909939158066384,6491,1621.6392881587954,0.5464489292867046,0.06889302817022604,1.145596772556916,15.0,0.02341703897704514,0.0787827061716512,0.004779473155654342,0.08029514901499295
breakout,3.0,1.5,20047,"{""family"": ""breakout"", ""min_ddv"": 10000000.0, ""min_price"": 5.0, ""regime"": ""spy200"", ""trend"": true, ""mom_min"": 0.0, ""rsi2_max"": 100.0, ""rsi14_max"": 100.0, ""ret21_max"": 1.0, ""dist_ema20_max"": 1.0, ""dist_ema50_min"": -1.0, ""dist_hh60_min"": -1.0, ""atr_ratio_max"": 10.0, ""vol_ratio_min"": 1.3, ""up_close"": false, ""strong_close"": false}",7568,1080.2972233085648,0.47951902748414377,0.16058827583978907,1.2866803231240465,26.0,0.0,0.061132107702958,0.009955780764375265,0.09649449048548334,4235,1058.025325119781,0.4406139315230224,0.0703194559848883,1.1191898945918834,22.0,0.0,0.07898716764110522,0.006189481059978331,0.07089769214156996,6491,1621.6392881587954,0.4666461254044061,0.12723022578708595,1.2284263148610142,20.0,0.03574179633338469,0.0787827061716512,0.009171189290357394,0.11555698505850316
breakout,3.0,2.0,20047,"{""family"": ""breakout"", ""min_ddv"": 10000000.0, ""min_price"": 5.0, ""regime"": ""spy200"", ""trend"": true, ""mom_min"": 0.0, ""rsi2_max"": 100.0, ""rsi14_max"": 100.0, ""ret21_max"": 1.0, ""dist_ema20_max"": 1.0, ""dist_ema50_min"": -1.0, ""dist_hh60_min"": -1.0, ""atr_ratio_max"": 10.0, ""vol_ratio_min"": 1.3, ""up_close"": false, ""strong_close"": false}",7568,1080.2972233085648,0.42507928118393234,0.2308126724043444,1.372187128616611,33.0,0.0,0.061132107702958,0.014573127487624859,0.11128570081458983,4235,1058.025325119781,0.3742621015348288,0.08787968585357452,1.132913430116037,27.0,0.0,0.07898716764110522,0.008155862181485255,0.07612138036052905,6491,1621.6392881587954,0.4054845170235711,0.15582562137637934,1.2505963518362435,25.0,0.04652595902018179,0.0787827061716512,0.01133646644736256,0.11427158178941461
breakout,3.0,3.0,20047,"{""family"": ""breakout"", ""min_ddv"": 10000000.0, ""min_price"": 5.0, ""regime"": ""spy200"", ""trend"": true, ""mom_min"": 0.0, ""rsi2_max"": 100.0, ""rsi14_max"": 100.0, ""ret21_max"": 1.0, ""dist_ema20_max"": 1.0, ""dist_ema50_min"": -1.0, ""dist_hh60_min"": -1.0, ""atr_ratio_max"": 10.0, ""vol_ratio_min"": 1.3, ""up_close"": false, ""strong_close"": false}",7568,1080.2972233085648,0.36033298097251587,0.39441486576193,1.5714778984542195,44.0,0.0,0.061132107702958,0.02480863681436003,0.14208582902769834,4235,1058.025325119781,0.2871310507674144,0.10346212568788787,1.1362067108293579,34.0,0.0002361275088547816,0.07898716764110522,0.011290305351568915,0.08368108672339314,6491,1621.6392881587954,0.3449391465105531,0.25446083520884816,1.3710828078852988,31.0,0.06747804652595903,0.0787827061716512,0.018769211349835536,0.15257552452124373
breakout,1.0,0.5,15135,"{""family"": ""breakout"", ""min_ddv"": 10000000.0, ""min_price"": 5.0, ""regime"": ""spy200"", ""trend"": true, ""mom_min"": 0.15, ""rsi2_max"": 100.0, ""rsi14_max"": 100.0, ""ret21_max"": 1.0, ""dist_ema20_max"": 1.0, ""dist_ema50_min"": -1.0, ""dist_hh60_min"": -1.0, ""atr_ratio_max"": 10.0, ""vol_ratio_min"": 1.3, ""up_close"": false, ""strong_close"": false}",5318,759.1200625733281,0.6395261376457315,-0.1308730799004188,0.6757514602170797,1.0,0.0,0.022361498859474256,-0.0031339607993879,-0.7897581214457507,3952,987.3237508555784,0.6222165991902834,-0.14213810184182862,0.6590333989182765,1.0,0.0,0.03103427732590986,-0.004754376433192714,-1.1981028611645639,5863,1464.7467488021903,0.6416510318949343,-0.10651640165045614,0.7285355280915576,1.0,0.0006822445846836091,0.030301144674376442,-0.0035457453891153032,-0.8935278380570564
breakout,1.0,0.75,15135,"{""family"": ""breakout"", ""min_ddv"": 10000000.0, ""min_price"": 5.0, ""regime"": ""spy200"", ""trend"": true, ""mom_min"": 0.15, ""rsi2_max"": 100.0, ""rsi14_max"": 100.0, ""ret21_max"": 1.0, ""dist_ema20_max"": 1.0, ""dist_ema50_min"": -1.0, ""dist_hh60_min"": -1.0, ""atr_ratio_max"": 10.0, ""vol_ratio_min"": 1.3, ""up_close"": false, ""strong_close"": false}",5318,759.1200625733281,0.5652500940203083,-0.10140437959430872,0.7925938461283776,2.0,0.0,0.022361498859474256,-0.0025021538572729428,-0.31527138601639076,3952,987.3237508555784,0.5440283400809717,-0.12248638409953301,0.7574001363824321,2.0,0.0,0.03103427732590986,-0.00403432088939878,-0.5083244320642464,5863,1464.7467488021903,0.5558587753709705,-0.09654172504407776,0.8036726416790566,2.0,0.0010233668770254136,0.030301144674376442,-0.0032307266479909566,-0.40707155764686054
breakout,1.0,1.0,15135,"{""family"": ""breakout"", ""min_ddv"": 10000000.0, ""min_price"": 5.0, ""regime"": ""spy200"", ""trend"": true, ""mom_min"": 0.15, ""rsi2_max"": 100.0, ""rsi14_max"": 100.0, ""ret21_max"": 1.0, ""dist_ema20_max"": 1.0, ""dist_ema50_min"": -1.0, ""dist_hh60_min"": -1.0, ""atr_ratio_max"": 10.0, ""vol_ratio_min"": 1.3, ""up_close"": false, ""strong_close"": false}",5318,759.1200625733281,0.5005641218503196,-0.0910422969639598,0.8378269112184037,2.0,0.0,0.022361498859474256,-0.002265205663957305,-0.28541591365862046,3952,987.3237508555784,0.4769736842105263,-0.1195696736897302,0.7937998036896075,2.0,0.0,0.03103427732590986,-0.0037875876652788197,-0.4772360458251313,5863,1464.7467488021903,0.4893399283643186,-0.0943166646185924,0.834615591915994,2.0,0.0017056114617090227,0.030301144674376442,-0.0031011328839959215,-0.39074274338348614
breakout,1.0,1.5,15135,"{""family"": ""breakout"", ""min_ddv"": 10000000.0, ""min_price"": 5.0, ""regime"": ""spy200"", ""trend"": true, ""mom_min"": 0.15, ""rsi2_max"": 100.0, ""rsi14_max"": 100.0, ""ret21_max"": 1.0, ""dist_ema20_max"": 1.0, ""dist_ema50_min"": -1.0, ""dist_hh60_min"": -1.0, ""atr_ratio_max"": 10.0, ""vol_ratio_min"": 1.3, ""up_close"": false, ""strong_close"": false}",5318,759.1200625733281,0.4101165851823994,-0.06525958867685956,0.9019094870231168,3.0,0.0,0.022361498859474256,-0.0015712294321375692,-0.1319832722995558,3952,987.3237508555784,0.3881578947368421,-0.11119373339807394,0.8368494850432082,3.0,0.0,0.03103427732590986,-0.00327294353082916,-0.27492725658964945,5863,1464.7467488021903,0.38956165785434077,-0.10229649928318343,0.8503911080566163,3.0,0.0020467337540508272,0.030301144674376442,-0.003443728436611878,-0.28927318867539775
breakout,1.0,2.0,15135,"{""family"": ""breakout"", ""min_ddv"": 10000000.0, ""min_price"": 5.0, ""regime"": ""spy200"", ""trend"": true, ""mom_min"": 0.15, ""rsi2_max"": 100.0, ""rsi14_max"": 100.0, ""ret21_max"": 1.0, ""dist_ema20_max"": 1.0, ""dist_ema50_min"": -1.0, ""dist_hh60_min"": -1.0, ""atr_ratio_max"": 10.0, ""vol_ratio_min"": 1.3, ""up_close"": false, ""strong_close"": false}",5318,759.1200625733281,0.35614892816848437,-0.022986584338192357,0.9683476804060221,4.0,0.0,0.022361498859474256,-0.0006718140591312111,-0.042324285725266295,3952,987.3237508555784,0.3183198380566802,-0.1313249761553686,0.8273262832209635,3.0,0.0,0.03103427732590986,-0.0040029827072319115,-0.33625054740748056,5863,1464.7467488021903,0.32713627835579057,-0.09953288357420524,0.8685913504400679,3.0,0.0027289783387344363,0.030301144674376442,-0.0035017132770488965,-0.2941439152721073
breakout,1.0,3.0,15135,"{""family"": ""breakout"", ""min_ddv"": 10000000.0, ""min_price"": 5.0, ""regime"": ""spy200"", ""trend"": true, ""mom_min"": 0.15, ""rsi2_max"": 100.0, ""rsi14_max"": 100.0, ""ret21_max"": 1.0, ""dist_ema20_max"": 1.0, ""dist_ema50_min"": -1.0, ""dist_hh60_min"": -1.0, ""atr_ratio_max"": 10.0, ""vol_ratio_min"": 1.3, ""up_close"": false, ""strong_close"": false}",5318,759.1200625733281,0.2794283565250094,0.019609480337164188,1.0240460493012697,5.0,0.0,0.022361498859474256,0.0003246724332337869,0.01636349063498286,3952,987.3237508555784,0.2487348178137652,-0.0935642525557098,0.8885382502605671,4.0,0.0,0.03103427732590986,-0.002349794105366658,-0.14803702863809948,5863,1464.7467488021903,0.2479959065324919,-0.10541871093442595,0.8756265701404731,4.0,0.0047757120927852635,0.030301144674376442,-0.003931119821707011,-0.24766054876754168
breakout,1.5,0.5,15135,"{""family"": ""breakout"", ""min_ddv"": 10000000.0, ""min_price"": 5.0, ""regime"": ""spy200"", ""trend"": true, ""mom_min"": 0.15, ""rsi2_max"": 100.0, ""rsi14_max"": 100.0, ""ret21_max"": 1.0, ""dist_ema20_max"": 1.0, ""dist_ema50_min"": -1.0, ""dist_hh60_min"": -1.0, ""atr_ratio_max"": 10.0, ""vol_ratio_min"": 1.3, ""up_close"": false, ""strong_close"": false}",5318,759.1200625733281,0.6690485144791275,-0.053200748547510876,0.8530126062302078,2.0,0.0,0.03354224828921136,-0.001861958559605225,-0.23460677851025835,3937,983.5763175906912,0.6525273050546101,-0.0692725127501424,0.8163270689736647,2.0,0.0,0.04640873011923209,-0.003168590510204602,-0.39924240428577984,5840,1459.0006844626967,0.6613013698630137,-0.05238640299170722,0.8572901903664836,2.0,0.0017123287671232876,0.04530169565381549,-0.0024939459058376393,-0.3142371841355425
breakout,1.5,0.75,15135,"{""family"": ""breakout"", ""min_ddv"": 10000000.0, ""min_price"": 5.0, ""regime"": ""spy200"", ""trend"": true, ""mom_min"": 0.15, ""rsi2_max"": 100.0, ""rsi14_max"": 100.0, ""ret21_max"": 1.0, ""dist_ema20_max"": 1.0, ""dist_ema50_min"": -1.0, ""dist_hh60_min"": -1.0, ""atr_ratio_max"": 10.0, ""vol_ratio_min"": 1.3, ""up_close"": false, ""strong_close"": false}",5318,759.1200625733281,0.5825498307634449,-0.03671392643643478,0.919661813449358,3.0,0.0,0.03354224828921136,-0.0012067667092271854,-0.10136840357508357,3937,983.5763175906912,0.5603251206502413,-0.0691507087040944,0.8553004621733284,3.0,0.0,0.04640873011923209,-0.0031057687736501197,-0.26088457698661005,5840,1459.0006844626967,0.5739726027397261,-0.03999855654105421,0.9138747786782103,3.0,0.0025684931506849314,0.04530169565381549,-0.0018456279252230968,-0.15503274571874012
breakout,1.5,1.0,15135,"{""family"": ""breakout"", ""min_ddv"": 10000000.0, ""min_price"": 5.0, ""regime"": ""spy200"", ""trend"": true, ""mom_min"": 0.15, ""rsi2_max"": 100.0, ""rsi14_max"": 100.0, ""ret21_max"": 1.0, ""dist_ema20_max"": 1.0, ""dist_ema50_min"": -1.0, ""dist_hh60_min"": -1.0, ""atr_ratio_max"": 10.0, ""vol_ratio_min"": 1.3, ""up_close"": false, ""strong_close"": false}",5318,759.1200625733281,0.5188040616773223,-0.019785866108648072,0.9625408068228781,5.0,0.0,0.03354224828921136,-0.0005570505761277146,-0.028075349036836818,3937,983.5763175906912,0.4953009906019812,-0.06096311841477385,0.8889669524589895,4.0,0.0,0.04640873011923209,-0.0024406895561798372,-0.15376344203932973,5840,1459.0006844626967,0.5029109589041096,-0.03820945899802198,0.9295380907261578,4.0,0.00410958904109589,0.04530169565381549,-0.0018216193926708817,-0.11476202173826555
breakout,1.5,1.5,15135,"{""family"": ""breakout"", ""min_ddv"": 10000000.0, ""min_price"": 5.0, ""regime"": ""spy200"", ""trend"": true, ""mom_min"": 0.15, ""rsi2_max"": 100.0, ""rsi14_max"": 100.0, ""ret21_max"": 1.0, ""dist_ema20_max"": 1.0, ""dist_ema50_min"": -1.0, ""dist_hh60_min"": -1.0, ""atr_ratio_max"": 10.0, ""vol_ratio_min"": 1.3, ""up_close"": false, ""strong_close"": false}",5318,759.1200625733281,0.43023693117713424,0.017326505799909506,1.0277075664285322,7.0,0.0,0.03354224828921136,0.0005359585976270429,0.019294509514573545,3937,983.5763175906912,0.39090678181356364,-0.07679755381605956,0.8843679278823052,5.0,0.0,0.04640873011923209,-0.00332254164255356,-0.16745609878469941,5840,1459.0006844626967,0.4125,-0.02045147665407251,0.9681341420931016,6.0,0.006335616438356164,0.04530169565381549,-0.001194929346979715,-0.05018703257314803
breakout,1.5,2.0,15135,"{""family"": ""breakout"", ""min_ddv"": 10000000.0, ""min_price"": 5.0, ""regime"": ""spy200"", ""trend"": true, ""mom_min"": 0.15, ""rsi2_max"": 100.0, ""rsi14_max"": 100.0, ""ret21_max"": 1.0, ""dist_ema20_max"": 1.0, ""dist_ema50_min"": -1.0, ""dist_hh60_min"": -1.0, ""atr_ratio_max"": 10.0, ""vol_ratio_min"": 1.3, ""up_close"": false, ""strong_close"": false}",5318,759.1200625733281,0.3702519744264761,0.045827964497746676,1.0661278470255284,8.0,0.0,0.03354224828921136,0.0016272732818702436,0.05125910837891267,3937,983.5763175906912,0.3350266700533401,-0.054133924156225886,0.925311736690169,6.0,0.0,0.04640873011923209,-0.0016494089943239613,-0.06927517776160637,5840,1459.0006844626967,0.34965753424657536,-0.014161366877383962,0.9800717755626095,7.0,0.009417808219178082,0.04530169565381549,-0.0011198110877193171,-0.04031319915789542
breakout,1.5,3.0,15135,"{""family"": ""breakout"", ""min_ddv"": 10000000.0, ""min_price"": 5.0, ""regime"": ""spy200"", ""trend"": true, ""mom_min"": 0.15, ""rsi2_max"": 100.0, ""rsi14_max"": 100.0, ""ret21_max"": 1.0, ""dist_ema20_max"": 1.0, ""dist_ema50_min"": -1.0, ""dist_hh60_min"": -1.0, ""atr_ratio_max"": 10.0, ""vol_ratio_min"": 1.3, ""up_close"": false, ""strong_close"": false}",5318,759.1200625733281,0.2916509966152689,0.09623079184839807,1.1232382806773096,11.0,0.0,0.03354224828921136,0.0029126539927072687,0.06672625510565743,3937,983.5763175906912,0.2677165354330709,0.011327014185171314,1.0142083699100644,8.0,0.0,0.04640873011923209,0.0026672601225519697,0.08401869386038704,5840,1459.0006844626967,0.2815068493150685,0.04144526155027855,1.0527729717954257,9.0,0.016095890410958904,0.04530169565381549,0.0016989412507277572,0.0475703550203772
breakout,2.0,0.5,15135,"{""family"": ""breakout"", ""min_ddv"": 10000000.0, ""min_price"": 5.0, ""regime"": ""spy200"", ""trend"": true, ""mom_min"": 0.15, ""rsi2_max"": 100.0, ""rsi14_max"": 100.0, ""ret21_max"": 1.0, ""dist_ema20_max"": 1.0, ""dist_ema50_min"": -1.0, ""dist_hh60_min"": -1.0, ""atr_ratio_max"": 10.0, ""vol_ratio_min"": 1.3, ""up_close"": false, ""strong_close"": false}",5307,757.5498631208447,0.6840022611644997,-0.011426469129862187,0.9663589475191423,4.0,0.0,0.0447051931645077,-0.000575230582863005,-0.036239526720369314,3835,958.0937713894592,0.6537157757496741,-0.05378884679556949,0.8550701483244798,3.0,0.0,0.060747124654921165,-0.003557738880785632,-0.29885006598599306,5672,1417.0294318959616,0.6743653032440057,-0.016591490964238332,0.9524327307479877,3.0,0.004231311706629055,0.05940997730737997,-0.0008779637236827546,-0.07374895278935138
breakout,2.0,0.75,15135,"{""family"": ""breakout"", ""min_ddv"": 10000000.0, ""min_price"": 5.0, ""regime"": ""spy200"", ""trend"": true, ""mom_min"": 0.15, ""rsi2_max"": 100.0, ""rsi14_max"": 100.0, ""ret21_max"": 1.0, ""dist_ema20_max"": 1.0, ""dist_ema50_min"": -1.0, ""dist_hh60_min"": -1.0, ""atr_ratio_max"": 10.0, ""vol_ratio_min"": 1.3, ""up_close"": false, ""strong_close"": false}",5307,757.5498631208447,0.6010928961748634,0.013680659866498135,1.0318340661293406,6.0,0.0,0.0447051931645077,0.0006789143559173787,0.0285144029485299,3835,958.0937713894592,0.5647979139504563,-0.04733182979216458,0.8984306649177562,5.0,0.0,0.060747124654921165,-0.0027540570582818614,-0.1388044757374058,5672,1417.0294318959616,0.5830394922425952,-0.005882167093459805,0.9868096847879816,5.0,0.006699576868829337,0.05940997730737997,-0.00033653599389910446,-0.016961414092514865
breakout,2.0,1.0,15135,"{""family"": ""breakout"", ""min_ddv"": 10000000.0, ""min_price"": 5.0, ""regime"": ""spy200"", ""trend"": true, ""mom_min"": 0.15, ""rsi2_max"": 100.0, ""rsi14_max"": 100.0, ""ret21_max"": 1.0, ""dist_ema20_max"": 1.0, ""dist_ema50_min"": -1.0, ""dist_hh60_min"": -1.0, ""atr_ratio_max"": 10.0, ""vol_ratio_min"": 1.3, ""up_close"": false, ""strong_close"": false}",5307,757.5498631208447,0.5423026191822121,0.04620515449917756,1.093757139168401,8.0,0.0,0.0447051931645077,0.0020969688126294406,0.06605451759782738,3835,958.0937713894592,0.4876140808344198,-0.06556865273675327,0.8807412998507302,7.0,0.0,0.060747124654921165,-0.004138288596634324,-0.14897838947883565,5672,1417.0294318959616,0.5197461212976022,0.00862529534148511,1.0167737383741828,7.0,0.008991537376586742,0.05940997730737997,0.0002317075222246942,0.008341470800088992
breakout,2.0,1.5,15135,"{""family"": ""breakout"", ""min_ddv"": 10000000.0, ""min_price"": 5.0, ""regime"": ""spy200"", ""trend"": true, ""mom_min"": 0.15, ""rsi2_max"": 100.0, ""rsi14_max"": 100.0, ""ret21_max"": 1.0, ""dist_ema20_max"": 1.0, ""dist_ema50_min"": -1.0, ""dist_hh60_min"": -1.0, ""atr_ratio_max"": 10.0, ""vol_ratio_min"": 1.3, ""up_close"": false, ""strong_close"": false}",5307,757.5498631208447,0.44394196344450726,0.06553043965133108,1.1090550976767874,12.0,0.0,0.0447051931645077,0.0030186102773170974,0.06339081582365905,3835,958.0937713894592,0.4018252933507171,-0.038481470537998136,0.9399830423409201,9.0,0.0,0.060747124654921165,-0.0020176831892520074,-0.056495129299056215,5672,1417.0294318959616,0.4294781382228491,0.029531120861466174,1.0482978448455442,10.0,0.014985895627644569,0.05940997730737997,0.0014824929157477996,0.03735882147684455
breakout,2.0,2.0,15135,"{""family"": ""breakout"", ""min_ddv"": 10000000.0, ""min_price"": 5.0, ""regime"": ""spy200"", ""trend"": true, ""mom_min"": 0.15, ""rsi2_max"": 100.0, ""rsi14_max"": 100.0, ""ret21_max"": 1.0, ""dist_ema20_max"": 1.0, ""dist_ema50_min"": -1.0, ""dist_hh60_min"": -1.0, ""atr_ratio_max"": 10.0, ""vol_ratio_min"": 1.3, ""up_close"": false, ""strong_close"": false}",5307,757.5498631208447,0.3811946485773507,0.09650310603067275,1.144262135280075,15.0,0.0,0.0447051931645077,0.004403086675326236,0.07397185614548077,3835,958.0937713894592,0.3499348109517601,0.004061193322071445,1.00582037921343,11.0,0.0,0.060747124654921165,0.0012594770095566952,0.02885347330984429,5672,1417.0294318959616,0.3709449929478138,0.05618691932869397,1.083208452448007,12.0,0.020627644569816642,0.05940997730737997,0.0029300152605777844,0.06153032047213347
breakout,2.0,3.0,15135,"{""family"": ""breakout"", ""min_ddv"": 10000000.0, ""min_price"": 5.0, ""regime"": ""spy200"", ""trend"": true, ""mom_min"": 0.15, ""rsi2_max"": 100.0, ""rsi14_max"": 100.0, ""ret21_max"": 1.0, ""dist_ema20_max"": 1.0, ""dist_ema50_min"": -1.0, ""dist_hh60_min"": -1.0, ""atr_ratio_max"": 10.0, ""vol_ratio_min"": 1.3, ""up_close"": false, ""strong_close"": false}",5307,757.5498631208447,0.3103448275862069,0.183466720995139,1.2450035804893322,19.0,0.0,0.0447051931645077,0.00857066086812809,0.11367402835622518,3835,958.0937713894592,0.2730117340286832,0.04685795792270163,1.0600759183851203,13.0,0.0,0.060747124654921165,0.0048088051069801645,0.09321683745838473,5672,1417.0294318959616,0.30024682651622003,0.11588627921973672,1.154190024607555,15.0,0.030500705218617773,0.05940997730737997,0.006421768613745348,0.10788571271092186
breakout,3.0,0.5,15135,"{""family"": ""breakout"", ""min_ddv"": 10000000.0, ""min_price"": 5.0, ""regime"": ""spy200"", ""trend"": true, ""mom_min"": 0.15, ""rsi2_max"": 100.0, ""rsi14_max"": 100.0, ""ret21_max"": 1.0, ""dist_ema20_max"": 1.0, ""dist_ema50_min"": -1.0, ""dist_hh60_min"": -1.0, ""atr_ratio_max"": 10.0, ""vol_ratio_min"": 1.3, ""up_close"": false, ""strong_close"": false}",5131,732.4266718811107,0.7062950691872929,0.03486824771064768,1.1119919325384864,8.0,0.0,0.0661430302951721,0.0024025402474913806,0.0756800177959785,3333,832.6796714579056,0.6765676567656765,-0.0077659598583629625,0.977059080639915,7.0,0.0,0.08329071845537214,-6.826932181065696e-05,-0.0024576955851836504,4984,1245.1471594798084,0.6801765650080257,0.010741838345112905,1.0324001459396637,7.0,0.012038523274478331,0.08401032079135226,0.00037357480874133144,0.013448693114687932
breakout,3.0,0.75,15135,"{""family"": ""breakout"", ""min_ddv"": 10000000.0, ""min_price"": 5.0, ""regime"": ""spy200"", ""trend"": true, ""mom_min"": 0.15, ""rsi2_max"": 100.0, ""rsi14_max"": 100.0, ""ret21_max"": 1.0, ""dist_ema20_max"": 1.0, ""dist_ema50_min"": -1.0, ""dist_hh60_min"": -1.0, ""atr_ratio_max"": 10.0, ""vol_ratio_min"": 1.3, ""up_close"": false, ""strong_close"": false}",5131,732.4266718811107,0.6182030793217697,0.0558177156886425,1.137395070265566,13.0,0.0,0.0661430302951721,0.003842900796007111,0.07449315389183016,3333,832.6796714579056,0.5808580858085809,-0.009225446149924052,0.9790468381729326,11.0,0.0,0.08329071845537214,-0.00018060091878366961,-0.004137402866680431,4984,1245.1471594798084,0.6023274478330658,0.04024804731601178,1.0972940050694027,11.0,0.017054574638844303,0.08401032079135226,0.0026263268699256055,0.06016676102011387
breakout,3.0,1.0,15135,"{""family"": ""breakout"", ""min_ddv"": 10000000.0, ""min_price"": 5.0, ""regime"": ""spy200"", ""trend"": true, ""mom_min"": 0.15, ""rsi2_max"": 100.0, ""rsi14_max"": 100.0, ""ret21_max"": 1.0, ""dist_ema20_max"": 1.0, ""dist_ema50_min"": -1.0, ""dist_hh60_min"": -1.0, ""atr_ratio_max"": 10.0, ""vol_ratio_min"": 1.3, ""up_close"": false, ""strong_close"": false}",5131,732.4266718811107,0.5558370687975054,0.08442619884888065,1.1787522980389673,17.0,0.0,0.0661430302951721,0.005760172696509412,0.08538608938355129,3333,832.6796714579056,0.5256525652565257,0.023025279831560427,1.0462624640552483,15.0,0.0,0.08329071845537214,0.0026754695859646715,0.04494788904420648,4984,1245.1471594798084,0.5409309791332263,0.060306345351522274,1.1259891703546487,15.0,0.02267255216693419,0.08401032079135226,0.004314316794346408,0.07248052214501967
breakout,3.0,1.5,15135,"{""family"": ""breakout"", ""min_ddv"": 10000000.0, ""min_price"": 5.0, ""regime"": ""spy200"", ""trend"": true, ""mom_min"": 0.15, ""rsi2_max"": 100.0, ""rsi14_max"": 100.0, ""ret21_max"": 1.0, ""dist_ema20_max"": 1.0, ""dist_ema50_min"": -1.0, ""dist_hh60_min"": -1.0, ""atr_ratio_max"": 10.0, ""vol_ratio_min"": 1.3, ""up_close"": false, ""strong_close"": false}",5131,732.4266718811107,0.4679399727148704,0.13702242457567496,1.2416912111782807,25.0,0.0,0.0661430302951721,0.00891398044034897,0.08985292283871761,3333,832.6796714579056,0.44194419441944194,0.07746733476626011,1.1320414852230485,22.0,0.0,0.08329071845537214,0.007790862851486022,0.08924079266247625,4984,1245.1471594798084,0.4590690208667737,0.11215284237227306,1.198679989563224,20.0,0.03330658105939005,0.08401032079135226,0.008346107535244153,0.10516095494407633
breakout,3.0,2.0,15135,"{""family"": ""breakout"", ""min_ddv"": 10000000.0, ""min_price"": 5.0, ""regime"": ""spy200"", ""trend"": true, ""mom_min"": 0.15, ""rsi2_max"": 100.0, ""rsi14_max"": 100.0, ""ret21_max"": 1.0, ""dist_ema20_max"": 1.0, ""dist_ema50_min"": -1.0, ""dist_hh60_min"": -1.0, ""atr_ratio_max"": 10.0, ""vol_ratio_min"": 1.3, ""up_close"": false, ""strong_close"": false}",5131,732.4266718811107,0.41453907620346914,0.20599877498284327,1.3298516448910072,32.0,0.0,0.0661430302951721,0.013843723695593727,0.1090193241028006,3333,832.6796714579056,0.38043804380438045,0.11065054843674525,1.1695461468394825,27.0,0.0,0.08329071845537214,0.01116450786171258,0.10420207337598407,4984,1245.1471594798084,0.4002808988764045,0.14716665273430063,1.2350804691343822,25.0,0.042736757624398075,0.08401032079135226,0.010987644224769295,0.11075545378567449
breakout,3.0,3.0,15135,"{""family"": ""breakout"", ""min_ddv"": 10000000.0, ""min_price"": 5.0, ""regime"": ""spy200"", ""trend"": true, ""mom_min"": 0.15, ""rsi2_max"": 100.0, ""rsi14_max"": 100.0, ""ret21_max"": 1.0, ""dist_ema20_max"": 1.0, ""dist_ema50_min"": -1.0, ""dist_hh60_min"": -1.0, ""atr_ratio_max"": 10.0, ""vol_ratio_min"": 1.3, ""up_close"": false, ""strong_close"": false}",5131,732.4266718811107,0.35236795946209315,0.3698490587920877,1.534388773576747,42.0,0.0,0.0661430302951721,0.02446495324757886,0.14678971948547317,3333,832.6796714579056,0.30063006300630063,0.16421137258195934,1.2216097937973478,33.0,0.00030003000300030005,0.08329071845537214,0.016922053037642267,0.12922295046926824,4984,1245.1471594798084,0.3398876404494382,0.246603864301424,1.3575567586314903,31.0,0.06360353130016051,0.08401032079135226,0.01891902909518311,0.15379339780600462
breakout,1.0,0.5,3483,"{""family"": ""breakout"", ""min_ddv"": 10000000.0, ""min_price"": 5.0, ""regime"": ""spy200"", ""trend"": true, ""mom_min"": -1.0, ""rsi2_max"": 100.0, ""rsi14_max"": 100.0, ""ret21_max"": 1.0, ""dist_ema20_max"": 1.0, ""dist_ema50_min"": -1.0, ""dist_hh60_min"": -1.0, ""atr_ratio_max"": 0.85, ""vol_ratio_min"": 0.0, ""up_close"": false, ""strong_close"": false}",1144,163.3007430582714,0.6354895104895105,-0.19242438416418314,0.5491723732970082,1.0,0.0,0.014122609826017443,-0.002816257047320773,-0.7096967759248348,1664,415.7152635181383,0.6424278846153846,-0.1446384476675892,0.6461349097267867,1.0,0.0,0.018398175611718817,-0.0027599377132522325,-0.6955043037395626,675,168.63449691991786,0.6874074074074074,-0.06913941544578771,0.8070814181945276,2.0,0.0044444444444444444,0.019915242816675435,-0.001854319816904821,-0.23364429693000746
breakout,1.0,0.75,3483,"{""family"": ""breakout"", ""min_ddv"": 10000000.0, ""min_price"": 5.0, ""regime"": ""spy200"", ""trend"": true, ""mom_min"": -1.0, ""rsi2_max"": 100.0, ""rsi14_max"": 100.0, ""ret21_max"": 1.0, ""dist_ema20_max"": 1.0, ""dist_ema50_min"": -1.0, ""dist_hh60_min"": -1.0, ""atr_ratio_max"": 0.85, ""vol_ratio_min"": 0.0, ""up_close"": false, ""strong_close"": false}",1144,163.3007430582714,0.5332167832167832,-0.2166371028630778,0.6096776390250797,2.0,0.0,0.014122609826017443,-0.0029749239549393463,-0.37484041832235765,1664,415.7152635181383,0.5697115384615384,-0.11458335544839941,0.7686358806703141,2.0,0.0,0.018398175611718817,-0.001896759908675563,-0.23899174849312094,675,168.63449691991786,0.597037037037037,-0.05825973586802825,0.8743754421952202,2.0,0.0044444444444444444,0.019915242816675435,-0.0013570313701739753,-0.1709859526419209
breakout,1.0,1.0,3483,"{""family"": ""breakout"", ""min_ddv"": 10000000.0, ""min_price"": 5.0, ""regime"": ""spy200"", ""trend"": true, ""mom_min"": -1.0, ""rsi2_max"": 100.0, ""rsi14_max"": 100.0, ""ret21_max"": 1.0, ""dist_ema20_max"": 1.0, ""dist_ema50_min"": -1.0, ""dist_hh60_min"": -1.0, ""atr_ratio_max"": 0.85, ""vol_ratio_min"": 0.0, ""up_close"": false, ""strong_close"": false}",1144,163.3007430582714,0.46503496503496505,-0.21958941156731868,0.657469086397653,2.0,0.0,0.014122609826017443,-0.0030742377333718694,-0.38735395440485554,1664,415.7152635181383,0.5030048076923077,-0.11476080451415942,0.8017267808178256,2.0,0.0,0.018398175611718817,-0.0016128369121496133,-0.20321745093085128,675,168.63449691991786,0.5333333333333333,-0.0410827426242538,0.9236009135549672,2.0,0.0044444444444444444,0.019915242816675435,-0.0007758189134198655,-0.09775318309090306
breakout,1.0,1.5,3483,"{""family"": ""breakout"", ""min_ddv"": 10000000.0, ""min_price"": 5.0, ""regime"": ""spy200"", ""trend"": true, ""mom_min"": -1.0, ""rsi2_max"": 100.0, ""rsi14_max"": 100.0, ""ret21_max"": 1.0, ""dist_ema20_max"": 1.0, ""dist_ema50_min"": -1.0, ""dist_hh60_min"": -1.0, ""atr_ratio_max"": 0.85, ""vol_ratio_min"": 0.0, ""up_close"": false, ""strong_close"": false}",1144,163.3007430582714,0.375,-0.22339124713092992,0.7042002716795479,3.0,0.0,0.014122609826017443,-0.003087558640140996,-0.25935492577184366,1664,415.7152635181383,0.39903846153846156,-0.1328876817072642,0.8140460802713809,3.0,0.0,0.018398175611718817,-0.0014536250992823957,-0.12210450833972124,675,168.63449691991786,0.45185185185185184,0.011378857102800089,1.0176547459622036,3.0,0.005925925925925926,0.019915242816675435,0.0008716304912911883,0.07321696126845982
breakout,1.0,2.0,3483,"{""family"": ""breakout"", ""min_ddv"": 10000000.0, ""min_price"": 5.0, ""regime"": ""spy200"", ""trend"": true, ""mom_min"": -1.0, ""rsi2_max"": 100.0, ""rsi14_max"": 100.0, ""ret21_max"": 1.0, ""dist_ema20_max"": 1.0, ""dist_ema50_min"": -1.0, ""dist_hh60_min"": -1.0, ""atr_ratio_max"": 0.85, ""vol_ratio_min"": 0.0, ""up_close"": false, ""strong_close"": false}",1144,163.3007430582714,0.29632867132867136,-0.26860516488156083,0.6844938780807435,4.0,0.0,0.014122609826017443,-0.0036657595144480096,-0.2309428494102246,1664,415.7152635181383,0.33533653846153844,-0.1322215459136786,0.8334328920311969,4.0,0.0,0.018398175611718817,-0.0012335297521362293,-0.07771237438458245,675,168.63449691991786,0.4074074074074074,0.11132217619933685,1.1591097329633693,4.0,0.005925925925925926,0.019915242816675435,0.004008256141600162,0.2525201369208102
breakout,1.0,3.0,3483,"{""family"": ""breakout"", ""min_ddv"": 10000000.0, ""min_price"": 5.0, ""regime"": ""spy200"", ""trend"": true, ""mom_min"": -1.0, ""rsi2_max"": 100.0, ""rsi14_max"": 100.0, ""ret21_max"": 1.0, ""dist_ema20_max"": 1.0, ""dist_ema50_min"": -1.0, ""dist_hh60_min"": -1.0, ""atr_ratio_max"": 0.85, ""vol_ratio_min"": 0.0, ""up_close"": false, ""strong_close"": false}",1144,163.3007430582714,0.21853146853146854,-0.2915446914717781,0.694205178243311,4.0,0.0,0.014122609826017443,-0.004369141645501629,-0.2752559236666026,1664,415.7152635181383,0.25600961538461536,-0.13045024088402238,0.8539224215381013,4.0,0.0,0.018398175611718817,-0.0013592188889036021,-0.08563079000092694,675,168.63449691991786,0.32592592592592595,0.16773403407991236,1.2103448625838527,5.0,0.01037037037037037,0.019915242816675435,0.00529991248846385,0.26711558941857805
breakout,1.5,0.5,3483,"{""family"": ""breakout"", ""min_ddv"": 10000000.0, ""min_price"": 5.0, ""regime"": ""spy200"", ""trend"": true, ""mom_min"": -1.0, ""rsi2_max"": 100.0, ""rsi14_max"": 100.0, ""ret21_max"": 1.0, ""dist_ema20_max"": 1.0, ""dist_ema50_min"": -1.0, ""dist_hh60_min"": -1.0, ""atr_ratio_max"": 0.85, ""vol_ratio_min"": 0.0, ""up_close"": false, ""strong_close"": false}",1144,163.3007430582714,0.6486013986013986,-0.12172238634545411,0.6954013791757564,2.0,0.0,0.021183914739026127,-0.0024224129149357804,-0.30522402728190834,1664,415.7152635181383,0.6688701923076923,-0.0662446082862326,0.8190680547256173,2.0,0.0,0.027597263417578177,-0.0014878560916340607,-0.18746986754589165,675,168.63449691991786,0.6844444444444444,-0.06531462675488196,0.8293609249488859,3.0,0.0044444444444444444,0.02987286422501308,-0.001060639497630592,-0.08909371780096974
breakout,1.5,0.75,3483,"{""family"": ""breakout"", ""min_ddv"": 10000000.0, ""min_price"": 5.0, ""regime"": ""spy200"", ""trend"": true, ""mom_min"": -1.0, ""rsi2_max"": 100.0, ""rsi14_max"": 100.0, ""ret21_max"": 1.0, ""dist_ema20_max"": 1.0, ""dist_ema50_min"": -1.0, ""dist_hh60_min"": -1.0, ""atr_ratio_max"": 0.85, ""vol_ratio_min"": 0.0, ""up_close"": false, ""strong_close"": false}",1144,163.3007430582714,0.5550699300699301,-0.12311828415025516,0.7573495595589633,3.0,0.0,0.021183914739026127,-0.002622964767027367,-0.22032904043029886,1664,415.7152635181383,0.5691105769230769,-0.0826491894884285,0.830325378560819,3.0,0.0,0.027597263417578177,-0.0017007990448427708,-0.14286711976679276,675,168.63449691991786,0.6088888888888889,-0.0297752598730037,0.9363462634993749,3.0,0.008888888888888889,0.02987286422501308,0.0005909489286633678,0.04963971000772289
breakout,1.5,1.0,3483,"{""family"": ""breakout"", ""min_ddv"": 10000000.0, ""min_price"": 5.0, ""regime"": ""spy200"", ""trend"": true, ""mom_min"": -1.0, ""rsi2_max"": 100.0, ""rsi14_max"": 100.0, ""ret21_max"": 1.0, ""dist_ema20_max"": 1.0, ""dist_ema50_min"": -1.0, ""dist_hh60_min"": -1.0, ""atr_ratio_max"": 0.85, ""vol_ratio_min"": 0.0, ""up_close"": false, ""strong_close"": false}",1144,163.3007430582714,0.48426573426573427,-0.13028111496838907,0.7793260426200799,4.0,0.0,0.021183914739026127,-0.0026038232391297853,-0.16404086406517648,1664,415.7152635181383,0.4957932692307692,-0.09149697783609034,0.8404987957308151,4.0,0.0,0.027597263417578177,-0.001756766139138013,-0.11067626676569482,675,168.63449691991786,0.5496296296296296,-0.0014366990061887254,0.9973269178898443,4.0,0.01037037037037037,0.02987286422501308,0.0020794002781182484,0.13100221752144964
breakout,1.5,1.5,3483,"{""family"": ""breakout"", ""min_ddv"": 10000000.0, ""min_price"": 5.0, ""regime"": ""spy200"", ""trend"": true, ""mom_min"": -1.0, ""rsi2_max"": 100.0, ""rsi14_max"": 100.0, ""ret21_max"": 1.0, ""dist_ema20_max"": 1.0, ""dist_ema50_min"": -1.0, ""dist_hh60_min"": -1.0, ""atr_ratio_max"": 0.85, ""vol_ratio_min"": 0.0, ""up_close"": false, ""strong_close"": false}",1144,163.3007430582714,0.368006993006993,-0.17359457078002527,0.7609824957401647,5.0,0.0,0.021183914739026127,-0.00388539933792318,-0.19582412663132828,1664,415.7152635181383,0.39783653846153844,-0.09246171074860844,0.8650223611294426,6.0,0.0,0.027597263417578177,-0.002169160852597343,-0.0911047558090884,675,168.63449691991786,0.482962962962963,0.103716423110644,1.1694206713734916,6.0,0.013333333333333334,0.02987286422501308,0.006786890735902073,0.2850494109078871
breakout,1.5,2.0,3483,"{""family"": ""breakout"", ""min_ddv"": 10000000.0, ""min_price"": 5.0, ""regime"": ""spy200"", ""trend"": true, ""mom_min"": -1.0, ""rsi2_max"": 100.0, ""rsi14_max"": 100.0, ""ret21_max"": 1.0, ""dist_ema20_max"": 1.0, ""dist_ema50_min"": -1.0, ""dist_hh60_min"": -1.0, ""atr_ratio_max"": 0.85, ""vol_ratio_min"": 0.0, ""up_close"": false, ""strong_close"": false}",1144,163.3007430582714,0.30594405594405594,-0.18514682621952624,0.7685985505281777,7.0,0.0,0.021183914739026127,-0.004617748854876727,-0.1662389587755622,1664,415.7152635181383,0.3395432692307692,-0.0760865354033773,0.8988113768799806,7.0,0.0,0.027597263417578177,-0.0018999601607378662,-0.06839856578656318,675,168.63449691991786,0.4103703703703704,0.11561166887448217,1.165528432258932,8.0,0.017777777777777778,0.02987286422501308,0.007210517886688813,0.22713131343069762
breakout,1.5,3.0,3483,"{""family"": ""breakout"", ""min_ddv"": 10000000.0, ""min_price"": 5.0, ""regime"": ""spy200"", ""trend"": true, ""mom_min"": -1.0, ""rsi2_max"": 100.0, ""rsi14_max"": 100.0, ""ret21_max"": 1.0, ""dist_ema20_max"": 1.0, ""dist_ema50_min"": -1.0, ""dist_hh60_min"": -1.0, ""atr_ratio_max"": 0.85, ""vol_ratio_min"": 0.0, ""up_close"": false, ""strong_close"": false}",1144,163.3007430582714,0.21765734265734266,-0.23936148434760107,0.7347609230206145,8.0,0.0,0.021183914739026127,-0.0057900356442155704,-0.18238612279279046,1664,415.7152635181383,0.27584134615384615,0.0027629934215139904,1.0033477188792361,8.0,0.0,0.027597263417578177,0.0006291069836438967,0.019816869984782746,675,168.63449691991786,0.3451851851851852,0.2400397719611535,1.3094565852734,9.0,0.025185185185185185,0.02987286422501308,0.013351259184681857,0.373835257171092
breakout,2.0,0.5,3483,"{""family"": ""breakout"", ""min_ddv"": 10000000.0, ""min_price"": 5.0, ""regime"": ""spy200"", ""trend"": true, ""mom_min"": -1.0, ""rsi2_max"": 100.0, ""rsi14_max"": 100.0, ""ret21_max"": 1.0, ""dist_ema20_max"": 1.0, ""dist_ema50_min"": -1.0, ""dist_hh60_min"": -1.0, ""atr_ratio_max"": 0.85, ""vol_ratio_min"": 0.0, ""up_close"": false, ""strong_close"": false}",1143,163.1579976535002,0.6377952755905512,-0.10856113002007696,0.7309860730017185,4.0,0.0,0.028239906087804294,-0.003211009294810433,-0.20229358557305727,1651,412.4674880219028,0.6711084191399153,-0.049241241934537563,0.8643210754348691,4.0,0.0,0.03662426767606984,-0.0010984524089119997,-0.06920250176145598,666,166.38603696098562,0.6756756756756757,-0.05630951735956178,0.850736662853725,3.0,0.010510510510510511,0.03968993523237302,-0.0013722039684734367,-0.11526513335176868
breakout,2.0,0.75,3483,"{""family"": ""breakout"", ""min_ddv"": 10000000.0, ""min_price"": 5.0, ""regime"": ""spy200"", ""trend"": true, ""mom_min"": -1.0, ""rsi2_max"": 100.0, ""rsi14_max"": 100.0, ""ret21_max"": 1.0, ""dist_ema20_max"": 1.0, ""dist_ema50_min"": -1.0, ""dist_hh60_min"": -1.0, ""atr_ratio_max"": 0.85, ""vol_ratio_min"": 0.0, ""up_close"": false, ""strong_close"": false}",1143,163.1579976535002,0.5441819772528433,-0.11543583202648453,0.7722608483576555,5.0,0.0,0.028239906087804294,-0.0034320667382559365,-0.1729761636080992,1651,412.4674880219028,0.5748031496062992,-0.05389975643687819,0.8862201500918951,5.0,0.0,0.03662426767606984,-0.001041135123265423,-0.052473210212577316,666,166.38603696098562,0.6081081081081081,-0.0121810986881149,0.9733203948325766,5.0,0.012012012012012012,0.03968993523237302,0.000780215162879239,0.039322844209113646
breakout,2.0,1.0,3483,"{""family"": ""breakout"", ""min_ddv"": 10000000.0, ""min_price"": 5.0, ""regime"": ""spy200"", ""trend"": true, ""mom_min"": -1.0, ""rsi2_max"": 100.0, ""rsi14_max"": 100.0, ""ret21_max"": 1.0, ""dist_ema20_max"": 1.0, ""dist_ema50_min"": -1.0, ""dist_hh60_min"": -1.0, ""atr_ratio_max"": 0.85, ""vol_ratio_min"": 0.0, ""up_close"": false, ""strong_close"": false}",1143,163.1579976535002,0.4663167104111986,-0.1357639654798567,0.7723627576342147,6.0,0.0,0.028239906087804294,-0.004141030485226175,-0.17392328037949933,1651,412.4674880219028,0.5063597819503332,-0.04504891935098382,0.9180659490720909,7.0,0.0,0.03662426767606984,-0.0011079366971138592,-0.03988572109609893,666,166.38603696098562,0.5615615615615616,0.04892845845977914,1.096137098704011,6.0,0.015015015015015015,0.03968993523237302,0.004587490640904423,0.19267460691798577
breakout,2.0,1.5,3483,"{""family"": ""breakout"", ""min_ddv"": 10000000.0, ""min_price"": 5.0, ""regime"": ""spy200"", ""trend"": true, ""mom_min"": -1.0, ""rsi2_max"": 100.0, ""rsi14_max"": 100.0, ""ret21_max"": 1.0, ""dist_ema20_max"": 1.0, ""dist_ema50_min"": -1.0, ""dist_hh60_min"": -1.0, ""atr_ratio_max"": 0.85, ""vol_ratio_min"": 0.0, ""up_close"": false, ""strong_close"": false}",1143,163.1579976535002,0.36832895888014,-0.1571739277050787,0.7795051503045878,9.0,0.0,0.028239906087804294,-0.005212849518345343,-0.1459597865136696,1651,412.4674880219028,0.42216838279830404,-0.007176700354581622,0.9888257968834488,9.0,0.0,0.03662426767606984,0.0005289158174882804,0.014809642889671851,666,166.38603696098562,0.481981981981982,0.12708266356672063,1.212459663147617,9.0,0.021021021021021023,0.03968993523237302,0.008233377330824286,0.23053456526308003
breakout,2.0,2.0,3483,"{""family"": ""breakout"", ""min_ddv"": 10000000.0, ""min_price"": 5.0, ""regime"": ""spy200"", ""trend"": true, ""mom_min"": -1.0, ""rsi2_max"": 100.0, ""rsi14_max"": 100.0, ""ret21_max"": 1.0, ""dist_ema20_max"": 1.0, ""dist_ema50_min"": -1.0, ""dist_hh60_min"": -1.0, ""atr_ratio_max"": 0.85, ""vol_ratio_min"": 0.0, ""up_close"": false, ""strong_close"": false}",1143,163.1579976535002,0.3123359580052493,-0.14057088630383693,0.8185101106688741,11.0,0.0,0.028239906087804294,-0.0047455104339109554,-0.10871532994050552,1651,412.4674880219028,0.36947304663840097,0.035289551003048855,1.0502419264688527,11.0,0.0,0.03662426767606984,0.0017098218307711607,0.03917046375948477,666,166.38603696098562,0.43543543543543545,0.21273698798371102,1.3263967449346432,10.5,0.02702702702702703,0.03968993523237302,0.013098920254246303,0.31437408610191125
breakout,2.0,3.0,3483,"{""family"": ""breakout"", ""min_ddv"": 10000000.0, ""min_price"": 5.0, ""regime"": ""spy200"", ""trend"": true, ""mom_min"": -1.0, ""rsi2_max"": 100.0, ""rsi14_max"": 100.0, ""ret21_max"": 1.0, ""dist_ema20_max"": 1.0, ""dist_ema50_min"": -1.0, ""dist_hh60_min"": -1.0, ""atr_ratio_max"": 0.85, ""vol_ratio_min"": 0.0, ""up_close"": false, ""strong_close"": false}",1143,163.1579976535002,0.23097112860892388,-0.16828059218609817,0.8053669051693911,13.0,0.0,0.028239906087804294,-0.006261978726880355,-0.12138604916721919,1651,412.4674880219028,0.3076923076923077,0.15131509453631786,1.195899076768742,14.0,0.0,0.03662426767606984,0.006037334348947016,0.10867201828104629,666,166.38603696098562,0.3708708708708709,0.3731227017205855,1.5117906809046473,15.0,0.03003003003003003,0.03968993523237302,0.022201761404883485,0.37298959160204254
breakout,3.0,0.5,3483,"{""family"": ""breakout"", ""min_ddv"": 10000000.0, ""min_price"": 5.0, ""regime"": ""spy200"", ""trend"": true, ""mom_min"": -1.0, ""rsi2_max"": 100.0, ""rsi14_max"": 100.0, ""ret21_max"": 1.0, ""dist_ema20_max"": 1.0, ""dist_ema50_min"": -1.0, ""dist_hh60_min"": -1.0, ""atr_ratio_max"": 0.85, ""vol_ratio_min"": 0.0, ""up_close"": false, ""strong_close"": false}",1133,161.73054360578803,0.6443071491615181,-0.07213986808749319,0.8117226882717455,7.0,0.0,0.0422174783119162,-0.0032585263131123276,-0.1173069472720438,1599,399.476386036961,0.6797998749218261,-0.019668955709531484,0.9436276783090091,7.0,0.0,0.05377137811601704,-0.0004249741586938478,-0.01529906971297852,637,159.1409993155373,0.6938775510204082,-0.005308954528456465,0.9845985942784171,6.0,0.01098901098901099,0.05869735379717307,0.001546608826100534,0.06495757069622242
breakout,3.0,0.75,3483,"{""family"": ""breakout"", ""min_ddv"": 10000000.0, ""min_price"": 5.0, ""regime"": ""spy200"", ""trend"": true, ""mom_min"": -1.0, ""rsi2_max"": 100.0, ""rsi14_max"": 100.0, ""ret21_max"": 1.0, ""dist_ema20_max"": 1.0, ""dist_ema50_min"": -1.0, ""dist_hh60_min"": -1.0, ""atr_ratio_max"": 0.85, ""vol_ratio_min"": 0.0, ""up_close"": false, ""strong_close"": false}",1133,161.73054360578803,0.5498676081200353,-0.0727108940092098,0.8508142194050315,10.0,0.0,0.0422174783119162,-0.0032060619262250603,-0.08079276054087152,1599,399.476386036961,0.6016260162601627,0.01662472329003672,1.038401174141055,10.0,0.0,0.05377137811601704,0.0017632554876243253,0.044434038288133,637,159.1409993155373,0.640502354788069,0.08226260274736845,1.2041072791170535,9.0,0.015698587127158554,0.05869735379717307,0.008670384299606496,0.24277076038898185
breakout,3.0,1.0,3483,"{""family"": ""breakout"", ""min_ddv"": 10000000.0, ""min_price"": 5.0, ""regime"": ""spy200"", ""trend"": true, ""mom_min"": -1.0, ""rsi2_max"": 100.0, ""rsi14_max"": 100.0, ""ret21_max"": 1.0, ""dist_ema20_max"": 1.0, ""dist_ema50_min"": -1.0, ""dist_hh60_min"": -1.0, ""atr_ratio_max"": 0.85, ""vol_ratio_min"": 0.0, ""up_close"": false, ""strong_close"": false}",1133,161.73054360578803,0.48102383053839365,-0.07939555299653285,0.8594198357910982,12.0,0.0,0.0422174783119162,-0.003490620327668682,-0.07330302688104233,1599,399.476386036961,0.5484677923702314,0.05360665130394205,1.1081069805545793,13.0,0.0,0.05377137811601704,0.004276739730175176,0.08290295476954958,637,159.1409993155373,0.5871271585557299,0.13261369773771084,1.288870827145984,12.0,0.02040816326530612,0.05869735379717307,0.012248581741868382,0.25722021657923605
breakout,3.0,1.5,3483,"{""family"": ""breakout"", ""min_ddv"": 10000000.0, ""min_price"": 5.0, ""regime"": ""spy200"", ""trend"": true, ""mom_min"": -1.0, ""rsi2_max"": 100.0, ""rsi14_max"": 100.0, ""ret21_max"": 1.0, ""dist_ema20_max"": 1.0, ""dist_ema50_min"": -1.0, ""dist_hh60_min"": -1.0, ""atr_ratio_max"": 0.85, ""vol_ratio_min"": 0.0, ""up_close"": false, ""strong_close"": false}",1133,161.73054360578803,0.4007060900264784,-0.05312403846876819,0.9188184124274748,17.0,0.0,0.0422174783119162,-0.0020930811474211253,-0.03102684995000727,1599,399.476386036961,0.46716697936210133,0.11551223968030364,1.1972160260025388,17.0,0.0,0.05377137811601704,0.0079562553437211,0.11793978509515984,637,159.1409993155373,0.5086342229199372,0.23871186846087228,1.4394304025381586,17.0,0.0282574568288854,0.05869735379717307,0.020716946179332823,0.30709826101128657
breakout,3.0,2.0,3483,"{""family"": ""breakout"", ""min_ddv"": 10000000.0, ""min_price"": 5.0, ""regime"": ""spy200"", ""trend"": true, ""mom_min"": -1.0, ""rsi2_max"": 100.0, ""rsi14_max"": 100.0, ""ret21_max"": 1.0, ""dist_ema20_max"": 1.0, ""dist_ema50_min"": -1.0, ""dist_hh60_min"": -1.0, ""atr_ratio_max"": 0.85, ""vol_ratio_min"": 0.0, ""up_close"": false, ""strong_close"": false}",1133,161.73054360578803,0.33715798764342453,-0.041514702250570176,0.9424269191999977,21.0,0.0,0.0422174783119162,-0.0026159498455037514,-0.03139139814604502,1599,399.476386036961,0.42276422764227645,0.21102387558127975,1.3328168998950436,22.0,0.0,0.05377137811601704,0.013693734567649506,0.1568555050476216,637,159.1409993155373,0.46153846153846156,0.337362086560854,1.5670218883576998,21.0,0.03139717425431711,0.05869735379717307,0.027432910068926408,0.3291949208271169
breakout,3.0,3.0,3483,"{""family"": ""breakout"", ""min_ddv"": 10000000.0, ""min_price"": 5.0, ""regime"": ""spy200"", ""trend"": true, ""mom_min"": -1.0, ""rsi2_max"": 100.0, ""rsi14_max"": 100.0, ""ret21_max"": 1.0, ""dist_ema20_max"": 1.0, ""dist_ema50_min"": -1.0, ""dist_hh60_min"": -1.0, ""atr_ratio_max"": 0.85, ""vol_ratio_min"": 0.0, ""up_close"": false, ""strong_close"": false}",1133,161.73054360578803,0.29302736098852605,0.11575723738799344,1.1505554237411895,24.0,0.0,0.0422174783119162,0.004622597312668174,0.04853727178301583,1599,399.476386036961,0.35709818636647905,0.364037925971558,1.5162573819195868,30.0,0.0,0.05377137811601704,0.02143633135531562,0.18006518338465122,637,159.1409993155373,0.38618524332810045,0.44106460463332825,1.6515147017353533,26.0,0.03296703296703297,0.05869735379717307,0.033920923475594285,0.32877202753268303
breakout,1.0,0.5,3016,"{""family"": ""breakout"", ""min_ddv"": 10000000.0, ""min_price"": 5.0, ""regime"": ""spy200"", ""trend"": true, ""mom_min"": 0.0, ""rsi2_max"": 100.0, ""rsi14_max"": 100.0, ""ret21_max"": 1.0, ""dist_ema20_max"": 1.0, ""dist_ema50_min"": -1.0, ""dist_hh60_min"": -1.0, ""atr_ratio_max"": 0.85, ""vol_ratio_min"": 0.0, ""up_close"": false, ""strong_close"": false}",1018,145.31482205709816,0.630648330058939,-0.20140080328281856,0.535307156895292,1.0,0.0,0.013883307584270626,-0.0028789839395038,-0.7255039527549576,1430,357.25530458590003,0.6447552447552447,-0.14470779443257176,0.645267326546583,1.0,0.0,0.017450382973420032,-0.0025094548394886253,-0.6323826195511336,568,141.9028062970568,0.6954225352112676,-0.05311170274531955,0.846354443844281,1.0,0.00528169014084507,0.01957305544227822,-0.001851238821569916,-0.46651218303561887
breakout,1.0,0.75,3016,"{""family"": ""breakout"", ""min_ddv"": 10000000.0, ""min_price"": 5.0, ""regime"": ""spy200"", ""trend"": true, ""mom_min"": 0.0, ""rsi2_max"": 100.0, ""rsi14_max"": 100.0, ""ret21_max"": 1.0, ""dist_ema20_max"": 1.0, ""dist_ema50_min"": -1.0, ""dist_hh60_min"": -1.0, ""atr_ratio_max"": 0.85, ""vol_ratio_min"": 0.0, ""up_close"": false, ""strong_close"": false}",1018,145.31482205709816,0.5265225933202358,-0.22929393897714803,0.5929424573238328,2.0,0.0,0.013883307584270626,-0.0031055542908909055,-0.3912998406522541,1430,357.25530458590003,0.5692307692307692,-0.11928271412392454,0.759948694158078,2.0,0.0,0.017450382973420032,-0.001785237284872229,-0.22493989789390084,568,141.9028062970568,0.5933098591549296,-0.062281313788949376,0.866101899233994,2.0,0.00528169014084507,0.01957305544227822,-0.0019130104724251024,-0.2410393195255629
breakout,1.0,1.0,3016,"{""family"": ""breakout"", ""min_ddv"": 10000000.0, ""min_price"": 5.0, ""regime"": ""spy200"", ""trend"": true, ""mom_min"": 0.0, ""rsi2_max"": 100.0, ""rsi14_max"": 100.0, ""ret21_max"": 1.0, ""dist_ema20_max"": 1.0, ""dist_ema50_min"": -1.0, ""dist_hh60_min"": -1.0, ""atr_ratio_max"": 0.85, ""vol_ratio_min"": 0.0, ""up_close"": false, ""strong_close"": false}",1018,145.31482205709816,0.4538310412573674,-0.24253601585212162,0.630016905830453,2.0,0.0,0.013883307584270626,-0.003414922692011837,-0.4302802591934915,1430,357.25530458590003,0.5034965034965035,-0.11598669850589298,0.7996034048894652,2.0,0.0,0.017450382973420032,-0.0014550594292637785,-0.1833374880872361,568,141.9028062970568,0.5264084507042254,-0.05567663588986829,0.8968767620932363,2.0,0.00528169014084507,0.01957305544227822,-0.001666550817137883,-0.20998540295937324
breakout,1.0,1.5,3016,"{""family"": ""breakout"", ""min_ddv"": 10000000.0, ""min_price"": 5.0, ""regime"": ""spy200"", ""trend"": true, ""mom_min"": 0.0, ""rsi2_max"": 100.0, ""rsi14_max"": 100.0, ""ret21_max"": 1.0, ""dist_ema20_max"": 1.0, ""dist_ema50_min"": -1.0, ""dist_hh60_min"": -1.0, ""atr_ratio_max"": 0.85, ""vol_ratio_min"": 0.0, ""up_close"": false, ""strong_close"": false}",1018,145.31482205709816,0.3644400785854617,-0.25163592582985217,0.6726579480335766,3.0,0.0,0.013883307584270626,-0.003525814749556058,-0.2961684389627089,1430,357.25530458590003,0.4013986013986014,-0.125140643200589,0.8240007316140557,3.0,0.0,0.017450382973420032,-0.0011078997480717427,-0.09306357883802639,568,141.9028062970568,0.45422535211267606,0.018128168320631084,1.0285269089791518,3.0,0.007042253521126761,0.01957305544227822,0.0006058701167807377,0.050893089809581966
breakout,1.0,2.0,3016,"{""family"": ""breakout"", ""min_ddv"": 10000000.0, ""min_price"": 5.0, ""regime"": ""spy200"", ""trend"": true, ""mom_min"": 0.0, ""rsi2_max"": 100.0, ""rsi14_max"": 100.0, ""ret21_max"": 1.0, ""dist_ema20_max"": 1.0, ""dist_ema50_min"": -1.0, ""dist_hh60_min"": -1.0, ""atr_ratio_max"": 0.85, ""vol_ratio_min"": 0.0, ""up_close"": false, ""strong_close"": false}",1018,145.31482205709816,0.28487229862475444,-0.3060831754100432,0.6468833861835098,4.0,0.0,0.013883307584270626,-0.004304184116651402,-0.27116359934903833,1430,357.25530458590003,0.3356643356643357,-0.13310987803727853,0.8323423189023388,4.0,0.0,0.017450382973420032,-0.0011818555733267276,-0.07445690111958383,568,141.9028062970568,0.4084507042253521,0.12018731128882115,1.1733668619301751,4.0,0.007042253521126761,0.01957305544227822,0.003808879016267304,0.23995937802484016
breakout,1.0,3.0,3016,"{""family"": ""breakout"", ""min_ddv"": 10000000.0, ""min_price"": 5.0, ""regime"": ""spy200"", ""trend"": true, ""mom_min"": 0.0, ""rsi2_max"": 100.0, ""rsi14_max"": 100.0, ""ret21_max"": 1.0, ""dist_ema20_max"": 1.0, ""dist_ema50_min"": -1.0, ""dist_hh60_min"": -1.0, ""atr_ratio_max"": 0.85, ""vol_ratio_min"": 0.0, ""up_close"": false, ""strong_close"": false}",1018,145.31482205709816,0.2111984282907662,-0.320531634524783,0.6674094695950252,4.0,0.0,0.013883307584270626,-0.004804591405426128,-0.3026892585418461,1430,357.25530458590003,0.25944055944055944,-0.11964591000265845,0.8655468372523628,4.0,0.0,0.017450382973420032,-0.0011379149793893676,-0.07168864370153016,568,141.9028062970568,0.3204225352112676,0.14366968629353516,1.1802505916269543,5.0,0.01232394366197183,0.01957305544227822,0.0042933350133281525,0.21638408467173892
breakout,1.5,0.5,3016,"{""family"": ""breakout"", ""min_ddv"": 10000000.0, ""min_price"": 5.0, ""regime"": ""spy200"", ""trend"": true, ""mom_min"": 0.0, ""rsi2_max"": 100.0, ""rsi14_max"": 100.0, ""ret21_max"": 1.0, ""dist_ema20_max"": 1.0, ""dist_ema50_min"": -1.0, ""dist_hh60_min"": -1.0, ""atr_ratio_max"": 0.85, ""vol_ratio_min"": 0.0, ""up_close"": false, ""strong_close"": false}",1018,145.31482205709816,0.6453831041257367,-0.1271394674464066,0.6853476951872491,3.0,0.0,0.020824961376405802,-0.002527046499988776,-0.21227190599905718,1430,357.25530458590003,0.6734265734265734,-0.061741621471223536,0.8295161045334369,2.0,0.0,0.026175574460130083,-0.0011236204976822072,-0.1415761827079581,568,141.9028062970568,0.6848591549295775,-0.06983828089648589,0.8203810119849101,3.0,0.00528169014084507,0.029359583163417403,-0.0014998907206776586,-0.12599082053692331
breakout,1.5,0.75,3016,"{""family"": ""breakout"", ""min_ddv"": 10000000.0, ""min_price"": 5.0, ""regime"": ""spy200"", ""trend"": true, ""mom_min"": 0.0, ""rsi2_max"": 100.0, ""rsi14_max"": 100.0, ""ret21_max"": 1.0, ""dist_ema20_max"": 1.0, ""dist_ema50_min"": -1.0, ""dist_hh60_min"": -1.0, ""atr_ratio_max"": 0.85, ""vol_ratio_min"": 0.0, ""up_close"": false, ""strong_close"": false}",1018,145.31482205709816,0.5451866404715128,-0.14058721579577338,0.7295196445626984,3.0,0.0,0.020824961376405802,-0.0030776780579090915,-0.25852495686436366,1430,357.25530458590003,0.5692307692307692,-0.08403263420095382,0.8274561235419854,3.0,0.0,0.026175574460130083,-0.0015012384278309807,-0.12610402793780237,568,141.9028062970568,0.6109154929577465,-0.03347892914159207,0.9287194733891597,3.0,0.01056338028169014,0.029359583163417403,9.688085873551901e-05,0.008137992133783597
breakout,1.5,1.0,3016,"{""family"": ""breakout"", ""min_ddv"": 10000000.0, ""min_price"": 5.0, ""regime"": ""spy200"", ""trend"": true, ""mom_min"": 0.0, ""rsi2_max"": 100.0, ""rsi14_max"": 100.0, ""ret21_max"": 1.0, ""dist_ema20_max"": 1.0, ""dist_ema50_min"": -1.0, ""dist_hh60_min"": -1.0, ""atr_ratio_max"": 0.85, ""vol_ratio_min"": 0.0, ""up_close"": false, ""strong_close"": false}",1018,145.31482205709816,0.4764243614931238,-0.14734771258548135,0.7547274547520609,4.0,0.0,0.020824961376405802,-0.003076426458363508,-0.193814866876901,1430,357.25530458590003,0.4965034965034965,-0.08990258636272448,0.8428645252881156,4.0,0.0,0.026175574460130083,-0.0015609214359197257,-0.09833805046294272,568,141.9028062970568,0.5545774647887324,0.0007627829288910753,1.0014196811114207,4.0,0.01232394366197183,0.029359583163417403,0.0017256511076192687,0.10871601978001393
breakout,1.5,1.5,3016,"{""family"": ""breakout"", ""min_ddv"": 10000000.0, ""min_price"": 5.0, ""regime"": ""spy200"", ""trend"": true, ""mom_min"": 0.0, ""rsi2_max"": 100.0, ""rsi14_max"": 100.0, ""ret21_max"": 1.0, ""dist_ema20_max"": 1.0, ""dist_ema50_min"": -1.0, ""dist_hh60_min"": -1.0, ""atr_ratio_max"": 0.85, ""vol_ratio_min"": 0.0, ""up_close"": false, ""strong_close"": false}",1018,145.31482205709816,0.36345776031434185,-0.1887817661235359,0.7429067107273863,5.0,0.0,0.020824961376405802,-0.004240520164667069,-0.21372221629922028,1430,357.25530458590003,0.3958041958041958,-0.09883678665455668,0.856241262305942,6.0,0.0,0.026175574460130083,-0.002412646747631064,-0.10133116340050469,568,141.9028062970568,0.4823943661971831,0.09826036771366449,1.1588508100817085,6.0,0.01232394366197183,0.029359583163417403,0.0060328194156350256,0.25337841545667106
breakout,1.5,2.0,3016,"{""family"": ""breakout"", ""min_ddv"": 10000000.0, ""min_price"": 5.0, ""regime"": ""spy200"", ""trend"": true, ""mom_min"": 0.0, ""rsi2_max"": 100.0, ""rsi14_max"": 100.0, ""ret21_max"": 1.0, ""dist_ema20_max"": 1.0, ""dist_ema50_min"": -1.0, ""dist_hh60_min"": -1.0, ""atr_ratio_max"": 0.85, ""vol_ratio_min"": 0.0, ""up_close"": false, ""strong_close"": false}",1018,145.31482205709816,0.3005893909626719,-0.20182210913351084,0.7500277134561499,7.0,0.0,0.020824961376405802,-0.004870345810526708,-0.17533244917896149,1430,357.25530458590003,0.33916083916083917,-0.07960913195981006,0.8942232716809001,6.0,0.0,0.026175574460130083,-0.002216122568616248,-0.09307714788188241,568,141.9028062970568,0.40669014084507044,0.09610837303256883,1.135552376777896,8.0,0.017605633802816902,0.029359583163417403,0.006063074153301934,0.19098683582901094
breakout,1.5,3.0,3016,"{""family"": ""breakout"", ""min_ddv"": 10000000.0, ""min_price"": 5.0, ""regime"": ""spy200"", ""trend"": true, ""mom_min"": 0.0, ""rsi2_max"": 100.0, ""rsi14_max"": 100.0, ""ret21_max"": 1.0, ""dist_ema20_max"": 1.0, ""dist_ema50_min"": -1.0, ""dist_hh60_min"": -1.0, ""atr_ratio_max"": 0.85, ""vol_ratio_min"": 0.0, ""up_close"": false, ""strong_close"": false}",1018,145.31482205709816,0.2082514734774067,-0.27589138773302796,0.6984835449633148,8.0,0.0,0.020824961376405802,-0.006389986011162538,-0.20128455935161996,1430,357.25530458590003,0.2762237762237762,0.002070193404250184,1.0025069244514966,8.0,0.0,0.026175574460130083,0.0004117839149884435,0.01297119332213597,568,141.9028062970568,0.3397887323943662,0.2109665517470578,1.2671870024194902,9.0,0.02640845070422535,0.029359583163417403,0.011770421439088855,0.3295718002944879
breakout,2.0,0.5,3016,"{""family"": ""breakout"", ""min_ddv"": 10000000.0, ""min_price"": 5.0, ""regime"": ""spy200"", ""trend"": true, ""mom_min"": 0.0, ""rsi2_max"": 100.0, ""rsi14_max"": 100.0, ""ret21_max"": 1.0, ""dist_ema20_max"": 1.0, ""dist_ema50_min"": -1.0, ""dist_hh60_min"": -1.0, ""atr_ratio_max"": 0.85, ""vol_ratio_min"": 0.0, ""up_close"": false, ""strong_close"": false}",1017,145.17207665232695,0.6302851524090463,-0.11977485878943957,0.7101566791615199,4.0,0.0,0.027758414156489396,-0.0036048854274861107,-0.22710778193162498,1417,354.0075290896646,0.671136203246295,-0.05105067209323366,0.8595126181066709,4.0,0.0,0.03477116958200519,-0.0010253671942181694,-0.06459813323574468,559,139.65434633812458,0.6797853309481217,-0.056804533230312364,0.8497003667735735,3.0,0.012522361359570662,0.038906530466518485,-0.0016298359888221126,-0.13690622306105746
breakout,2.0,0.75,3016,"{""family"": ""breakout"", ""min_ddv"": 10000000.0, ""min_price"": 5.0, ""regime"": ""spy200"", ""trend"": true, ""mom_min"": 0.0, ""rsi2_max"": 100.0, ""rsi14_max"": 100.0, ""ret21_max"": 1.0, ""dist_ema20_max"": 1.0, ""dist_ema50_min"": -1.0, ""dist_hh60_min"": -1.0, ""atr_ratio_max"": 0.85, ""vol_ratio_min"": 0.0, ""up_close"": false, ""strong_close"": false}",1017,145.17207665232695,0.5378564405113078,-0.12753312426743008,0.7527008962820961,5.0,0.0,0.027758414156489396,-0.0038422576040809072,-0.19364978324567772,1417,354.0075290896646,0.5765702187720536,-0.05081984512478845,0.8922776737803516,5.0,0.0,0.03477116958200519,-0.0007701398741993974,-0.03881504965964963,559,139.65434633812458,0.6189624329159212,0.00038587905338443993,1.0008576606701753,5.0,0.014311270125223614,0.038906530466518485,0.0008857682182682593,0.044642718200720265
breakout,2.0,1.0,3016,"{""family"": ""breakout"", ""min_ddv"": 10000000.0, ""min_price"": 5.0, ""regime"": ""spy200"", ""trend"": true, ""mom_min"": 0.0, ""rsi2_max"": 100.0, ""rsi14_max"": 100.0, ""ret21_max"": 1.0, ""dist_ema20_max"": 1.0, ""dist_ema50_min"": -1.0, ""dist_hh60_min"": -1.0, ""atr_ratio_max"": 0.85, ""vol_ratio_min"": 0.0, ""up_close"": false, ""strong_close"": false}",1017,145.17207665232695,0.46017699115044247,-0.15043668916757685,0.7517297611239782,6.0,0.0,0.027758414156489396,-0.004519591064736606,-0.18982282471893744,1417,354.0075290896646,0.5067043048694425,-0.044767109692390256,0.9186109272182144,7.0,0.0,0.03477116958200519,-0.0011813873057676437,-0.04252994300763518,559,139.65434633812458,0.5670840787119857,0.05348621805720345,1.1051739259663471,6.0,0.014311270125223614,0.038906530466518485,0.0043482548323352955,0.1826267029580824
breakout,2.0,1.5,3016,"{""family"": ""breakout"", ""min_ddv"": 10000000.0, ""min_price"": 5.0, ""regime"": ""spy200"", ""trend"": true, ""mom_min"": 0.0, ""rsi2_max"": 100.0, ""rsi14_max"": 100.0, ""ret21_max"": 1.0, ""dist_ema20_max"": 1.0, ""dist_ema50_min"": -1.0, ""dist_hh60_min"": -1.0, ""atr_ratio_max"": 0.85, ""vol_ratio_min"": 0.0, ""up_close"": false, ""strong_close"": false}",1017,145.17207665232695,0.3608652900688299,-0.1777563051024672,0.7544660884476586,8.0,0.0,0.027758414156489396,-0.005618800500963318,-0.17699221578034452,1417,354.0075290896646,0.42484121383203954,-0.0041693536817625386,0.9934877497966561,9.0,0.0,0.03477116958200519,0.0003330470960395306,0.009325318689106857,559,139.65434633812458,0.48300536672629696,0.12226827296369687,1.2026268531584963,9.0,0.02146690518783542,0.038906530466518485,0.007614569672575898,0.21320795083212513
breakout,2.0,2.0,3016,"{""family"": ""breakout"", ""min_ddv"": 10000000.0, ""min_price"": 5.0, ""regime"": ""spy200"", ""trend"": true, ""mom_min"": 0.0, ""rsi2_max"": 100.0, ""rsi14_max"": 100.0, ""ret21_max"": 1.0, ""dist_ema20_max"": 1.0, ""dist_ema50_min"": -1.0, ""dist_hh60_min"": -1.0, ""atr_ratio_max"": 0.85, ""vol_ratio_min"": 0.0, ""up_close"": false, ""strong_close"": false}",1017,145.17207665232695,0.30383480825958703,-0.16629333051178347,0.7887018335762076,11.0,0.0,0.027758414156489396,-0.005301068735148133,-0.12144266556884814,1417,354.0075290896646,0.3726182074805928,0.04113518268150905,1.0587251991546045,11.0,0.0,0.03477116958200519,0.0018458294362310563,0.04228627435729329,559,139.65434633812458,0.4329159212880143,0.1994982158134962,1.3015228064212043,10.0,0.028622540250447227,0.038906530466518485,0.011852807172921313,0.29869074075761703
breakout,2.0,3.0,3016,"{""family"": ""breakout"", ""min_ddv"": 10000000.0, ""min_price"": 5.0, ""regime"": ""spy200"", ""trend"": true, ""mom_min"": 0.0, ""rsi2_max"": 100.0, ""rsi14_max"": 100.0, ""ret21_max"": 1.0, ""dist_ema20_max"": 1.0, ""dist_ema50_min"": -1.0, ""dist_hh60_min"": -1.0, ""atr_ratio_max"": 0.85, ""vol_ratio_min"": 0.0, ""up_close"": false, ""strong_close"": false}",1017,145.17207665232695,0.22615535889872174,-0.18908370329110769,0.7835989349210959,13.0,0.0,0.027758414156489396,-0.006080993843519672,-0.11787772681284288,1417,354.0075290896646,0.31333803810868033,0.16675016222751157,1.216978403120235,14.0,0.0,0.03477116958200519,0.006121660865700623,0.1101898955826112,559,139.65434633812458,0.3631484794275492,0.3264716455470721,1.4374752667550266,15.0,0.03220035778175313,0.038906530466518485,0.01919700323807089,0.32250965439959095
breakout,3.0,0.5,3016,"{""family"": ""breakout"", ""min_ddv"": 10000000.0, ""min_price"": 5.0, ""regime"": ""spy200"", ""trend"": true, ""mom_min"": 0.0, ""rsi2_max"": 100.0, ""rsi14_max"": 100.0, ""ret21_max"": 1.0, ""dist_ema20_max"": 1.0, ""dist_ema50_min"": -1.0, ""dist_hh60_min"": -1.0, ""atr_ratio_max"": 0.85, ""vol_ratio_min"": 0.0, ""up_close"": false, ""strong_close"": false}",1008,143.887368009386,0.6378968253968254,-0.08173788576683015,0.7907421715401398,7.0,0.0,0.04147042269248393,-0.003689764536192331,-0.13283152330292392,1378,344.26420260095824,0.6828737300435413,-0.014068652765787004,0.9591902843432661,7.0,0.0,0.05144780981142972,0.00016556116890787496,0.0059602020806834985,535,133.65845311430527,0.7065420560747664,0.01251518137899671,1.037669722031783,6.0,0.013084112149532711,0.05748724554058279,0.0023867964324594242,0.10024545016329582
breakout,3.0,0.75,3016,"{""family"": ""breakout"", ""min_ddv"": 10000000.0, ""min_price"": 5.0, ""regime"": ""spy200"", ""trend"": true, ""mom_min"": 0.0, ""rsi2_max"": 100.0, ""rsi14_max"": 100.0, ""ret21_max"": 1.0, ""dist_ema20_max"": 1.0, ""dist_ema50_min"": -1.0, ""dist_hh60_min"": -1.0, ""atr_ratio_max"": 0.85, ""vol_ratio_min"": 0.0, ""up_close"": false, ""strong_close"": false}",1008,143.887368009386,0.5446428571428571,-0.08374939902616722,0.8304871169078923,10.0,0.0,0.04147042269248393,-0.0038056067953212524,-0.09590129124209557,1378,344.26420260095824,0.6030478955007257,0.020131353257622563,1.0467560538026945,10.0,0.0,0.05144780981142972,0.0023394345152881932,0.058953749785262466,535,133.65845311430527,0.6467289719626168,0.0910090189495007,1.2287732636123068,9.0,0.014953271028037384,0.05748724554058279,0.00875114545994956,0.24503207287858764
breakout,3.0,1.0,3016,"{""family"": ""breakout"", ""min_ddv"": 10000000.0, ""min_price"": 5.0, ""regime"": ""spy200"", ""trend"": true, ""mom_min"": 0.0, ""rsi2_max"": 100.0, ""rsi14_max"": 100.0, ""ret21_max"": 1.0, ""dist_ema20_max"": 1.0, ""dist_ema50_min"": -1.0, ""dist_hh60_min"": -1.0, ""atr_ratio_max"": 0.85, ""vol_ratio_min"": 0.0, ""up_close"": false, ""strong_close"": false}",1008,143.887368009386,0.47619047619047616,-0.08981032076861577,0.8428170527949187,12.0,0.0,0.04147042269248393,-0.00382359961023909,-0.0802955918150209,1378,344.26420260095824,0.5515239477503628,0.05923657978881256,1.120557349691231,12.0,0.0,0.05144780981142972,0.004690017088043597,0.09849035884891554,535,133.65845311430527,0.5925233644859813,0.14050211663817727,1.308823818355492,12.0,0.020560747663551402,0.05748724554058279,0.012330404378187707,0.25893849194194185
breakout,3.0,1.5,3016,"{""family"": ""breakout"", ""min_ddv"": 10000000.0, ""min_price"": 5.0, ""regime"": ""spy200"", ""trend"": true, ""mom_min"": 0.0, ""rsi2_max"": 100.0, ""rsi14_max"": 100.0, ""ret21_max"": 1.0, ""dist_ema20_max"": 1.0, ""dist_ema50_min"": -1.0, ""dist_hh60_min"": -1.0, ""atr_ratio_max"": 0.85, ""vol_ratio_min"": 0.0, ""up_close"": false, ""strong_close"": false}",1008,143.887368009386,0.3948412698412698,-0.065158073852413,0.9012281862862167,17.0,0.0,0.04147042269248393,-0.0023790829651666287,-0.03526640630717591,1378,344.26420260095824,0.4695210449927431,0.12099868997463012,1.2077143874023708,17.0,0.0,0.05144780981142972,0.008211429598894988,0.12172236817185512,535,133.65845311430527,0.5102803738317757,0.23982104740381455,1.4413565306320106,17.0,0.029906542056074768,0.05748724554058279,0.02012456063046756,0.2983170164045779
breakout,3.0,2.0,3016,"{""family"": ""breakout"", ""min_ddv"": 10000000.0, ""min_price"": 5.0, ""regime"": ""spy200"", ""trend"": true, ""mom_min"": 0.0, ""rsi2_max"": 100.0, ""rsi14_max"": 100.0, ""ret21_max"": 1.0, ""dist_ema20_max"": 1.0, ""dist_ema50_min"": -1.0, ""dist_hh60_min"": -1.0, ""atr_ratio_max"": 0.85, ""vol_ratio_min"": 0.0, ""up_close"": false, ""strong_close"": false}",1008,143.887368009386,0.33630952380952384,-0.04082566251505184,0.9434018431934901,20.0,0.0,0.04147042269248393,-0.0015848047891273522,-0.01996854034300464,1378,344.26420260095824,0.42670537010159654,0.22078277632847124,1.3510082732206603,21.0,0.0,0.05144780981142972,0.013839863747530608,0.1660783649703673,535,133.65845311430527,0.45794392523364486,0.3211117423338672,1.5341651878815477,21.0,0.03364485981308411,0.05748724554058279,0.025475723951728188,0.30570868742073826
breakout,3.0,3.0,3016,"{""family"": ""breakout"", ""min_ddv"": 10000000.0, ""min_price"": 5.0, ""regime"": ""spy200"", ""trend"": true, ""mom_min"": 0.0, ""rsi2_max"": 100.0, ""rsi14_max"": 100.0, ""ret21_max"": 1.0, ""dist_ema20_max"": 1.0, ""dist_ema50_min"": -1.0, ""dist_hh60_min"": -1.0, ""atr_ratio_max"": 0.85, ""vol_ratio_min"": 0.0, ""up_close"": false, ""strong_close"": false}",1008,143.887368009386,0.29563492063492064,0.1288302804116645,1.1682658952600204,24.0,0.0,0.04147042269248393,0.006231171499554771,0.06542730074532509,1378,344.26420260095824,0.3635703918722787,0.38970529302761686,1.558549574741665,29.5,0.0,0.05144780981142972,0.022226979987610345,0.18987115108060365,535,133.65845311430527,0.37383177570093457,0.3861051382022101,1.5571136821937392,27.0,0.03551401869158879,0.05748724554058279,0.028929409980312935,0.2700078264829207
breakout,1.0,0.5,1306,"{""family"": ""breakout"", ""min_ddv"": 10000000.0, ""min_price"": 5.0, ""regime"": ""spy200"", ""trend"": true, ""mom_min"": 0.15, ""rsi2_max"": 100.0, ""rsi14_max"": 100.0, ""ret21_max"": 1.0, ""dist_ema20_max"": 1.0, ""dist_ema50_min"": -1.0, ""dist_hh60_min"": -1.0, ""atr_ratio_max"": 0.85, ""vol_ratio_min"": 0.0, ""up_close"": false, ""strong_close"": false}",408,58.24012514665623,0.6642156862745098,-0.13428339105973514,0.6549007634896431,1.0,0.0,0.014619312813975285,-0.00238689331102968,-0.6014971143794794,644,160.88980150581793,0.6335403726708074,-0.15267718856981927,0.6330225999996418,1.0,0.0,0.018257698491194917,-0.0026433413240242263,-0.6661220136541051,254,63.45653661875428,0.6850393700787402,-0.03880987586699708,0.8864273856202016,1.0,0.007874015748031496,0.01989253480511481,-0.002539219759605553,-0.6398833794205994
breakout,1.0,0.75,1306,"{""family"": ""breakout"", ""min_ddv"": 10000000.0, ""min_price"": 5.0, ""regime"": ""spy200"", ""trend"": true, ""mom_min"": 0.15, ""rsi2_max"": 100.0, ""rsi14_max"": 100.0, ""ret21_max"": 1.0, ""dist_ema20_max"": 1.0, ""dist_ema50_min"": -1.0, ""dist_hh60_min"": -1.0, ""atr_ratio_max"": 0.85, ""vol_ratio_min"": 0.0, ""up_close"": false, ""strong_close"": false}",408,58.24012514665623,0.5514705882352942,-0.15676621858060424,0.7000565347811141,2.0,0.0,0.014619312813975285,-0.002686878323221843,-0.33854666872595224,644,160.88980150581793,0.5527950310559007,-0.1381562569502761,0.7294687971232927,2.0,0.0,0.018257698491194917,-0.0017887406716898609,-0.22538132463292246,254,63.45653661875428,0.5748031496062992,-0.06297780341699778,0.8646289711967847,2.0,0.007874015748031496,0.01989253480511481,-0.002981405542088538,-0.3756570983031558
breakout,1.0,1.0,1306,"{""family"": ""breakout"", ""min_ddv"": 10000000.0, ""min_price"": 5.0, ""regime"": ""spy200"", ""trend"": true, ""mom_min"": 0.15, ""rsi2_max"": 100.0, ""rsi14_max"": 100.0, ""ret21_max"": 1.0, ""dist_ema20_max"": 1.0, ""dist_ema50_min"": -1.0, ""dist_hh60_min"": -1.0, ""atr_ratio_max"": 0.85, ""vol_ratio_min"": 0.0, ""up_close"": false, ""strong_close"": false}",408,58.24012514665623,0.4681372549019608,-0.1763334705005722,0.7174980160916364,2.0,0.0,0.014619312813975285,-0.003183324583921746,-0.40109889757413997,644,160.88980150581793,0.48757763975155277,-0.14117724054765995,0.762413695893756,2.0,0.0,0.018257698491194917,-0.0014271891425919501,-0.17982583196658572,254,63.45653661875428,0.5196850393700787,-0.0362024664313496,0.9312431891346307,2.0,0.007874015748031496,0.01989253480511481,-0.002522048805144217,-0.31777814944817134
breakout,1.0,1.5,1306,"{""family"": ""breakout"", ""min_ddv"": 10000000.0, ""min_price"": 5.0, ""regime"": ""spy200"", ""trend"": true, ""mom_min"": 0.15, ""rsi2_max"": 100.0, ""rsi14_max"": 100.0, ""ret21_max"": 1.0, ""dist_ema20_max"": 1.0, ""dist_ema50_min"": -1.0, ""dist_hh60_min"": -1.0, ""atr_ratio_max"": 0.85, ""vol_ratio_min"": 0.0, ""up_close"": false, ""strong_close"": false}",408,58.24012514665623,0.38480392156862747,-0.16510996968390276,0.7738628878032219,3.0,0.0,0.014619312813975285,-0.0033629149208884612,-0.28248485335463075,644,160.88980150581793,0.40062111801242234,-0.11118858637143228,0.8405101122434385,3.0,0.0,0.018257698491194917,-6.962271594828033e-05,-0.005848308139655548,254,63.45653661875428,0.43700787401574803,0.018762032413709055,1.0300055383476274,3.0,0.007874015748031496,0.01989253480511481,-4.30397200197483e-05,-0.003615336481658857
breakout,1.0,2.0,1306,"{""family"": ""breakout"", ""min_ddv"": 10000000.0, ""min_price"": 5.0, ""regime"": ""spy200"", ""trend"": true, ""mom_min"": 0.15, ""rsi2_max"": 100.0, ""rsi14_max"": 100.0, ""ret21_max"": 1.0, ""dist_ema20_max"": 1.0, ""dist_ema50_min"": -1.0, ""dist_hh60_min"": -1.0, ""atr_ratio_max"": 0.85, ""vol_ratio_min"": 0.0, ""up_close"": false, ""strong_close"": false}",408,58.24012514665623,0.30637254901960786,-0.20064181680948812,0.7594730888787811,4.0,0.0,0.014619312813975285,-0.004056381625680438,-0.2555520424178676,644,160.88980150581793,0.33229813664596275,-0.1304796090256738,0.8351155005187786,3.0,0.0,0.018257698491194917,-0.0003032838664227114,-0.025475844779507758,254,63.45653661875428,0.3858267716535433,0.12120628545028841,1.176597044742317,4.0,0.007874015748031496,0.01989253480511481,0.004183543083000067,0.26356321422900425
breakout,1.0,3.0,1306,"{""family"": ""breakout"", ""min_ddv"": 10000000.0, ""min_price"": 5.0, ""regime"": ""spy200"", ""trend"": true, ""mom_min"": 0.15, ""rsi2_max"": 100.0, ""rsi14_max"": 100.0, ""ret21_max"": 1.0, ""dist_ema20_max"": 1.0, ""dist_ema50_min"": -1.0, ""dist_hh60_min"": -1.0, ""atr_ratio_max"": 0.85, ""vol_ratio_min"": 0.0, ""up_close"": false, ""strong_close"": false}",408,58.24012514665623,0.24019607843137256,-0.17502968894337861,0.8081602416791686,4.0,0.0,0.014619312813975285,-0.0035005618486886473,-0.22053539646738476,644,160.88980150581793,0.2515527950310559,-0.1333966249550078,0.8500011559996065,4.0,0.0,0.018257698491194917,-0.0010103026669453822,-0.06364906801755908,254,63.45653661875428,0.2992125984251969,0.10658094970189619,1.1359636367417116,5.0,0.01968503937007874,0.01989253480511481,0.004303750025642157,0.21690900129236473
breakout,1.5,0.5,1306,"{""family"": ""breakout"", ""min_ddv"": 10000000.0, ""min_price"": 5.0, ""regime"": ""spy200"", ""trend"": true, ""mom_min"": 0.15, ""rsi2_max"": 100.0, ""rsi14_max"": 100.0, ""ret21_max"": 1.0, ""dist_ema20_max"": 1.0, ""dist_ema50_min"": -1.0, ""dist_hh60_min"": -1.0, ""atr_ratio_max"": 0.85, ""vol_ratio_min"": 0.0, ""up_close"": false, ""strong_close"": false}",408,58.24012514665623,0.6813725490196079,-0.060875002846581296,0.8309399878388486,3.0,0.0,0.021928969220962907,-0.0013939389066780206,-0.11709086816095372,644,160.88980150581793,0.6444099378881988,-0.10386829645504822,0.7362099091592672,2.0,0.0,0.027386547736792343,-0.002397593246736707,-0.30209674908882506,254,63.45653661875428,0.6811023622047244,0.0026018576117812866,1.007777117821699,2.5,0.007874015748031496,0.029838802207672214,-0.0014435915150101317,-0.14551402471302127
breakout,1.5,0.75,1306,"{""family"": ""breakout"", ""min_ddv"": 10000000.0, ""min_price"": 5.0, ""regime"": ""spy200"", ""trend"": true, ""mom_min"": 0.15, ""rsi2_max"": 100.0, ""rsi14_max"": 100.0, ""ret21_max"": 1.0, ""dist_ema20_max"": 1.0, ""dist_ema50_min"": -1.0, ""dist_hh60_min"": -1.0, ""atr_ratio_max"": 0.85, ""vol_ratio_min"": 0.0, ""up_close"": false, ""strong_close"": false}",408,58.24012514665623,0.553921568627451,-0.10861746915486645,0.783692140691735,4.0,0.0,0.021928969220962907,-0.002813448635084912,-0.17724726401034943,644,160.88980150581793,0.5496894409937888,-0.11757272009555407,0.7697081325032774,3.0,0.0,0.027386547736792343,-0.002179754423269518,-0.1830993715546395,254,63.45653661875428,0.6062992125984252,0.033723959863731785,1.081704482294599,3.0,0.01968503937007874,0.029838802207672214,-0.00012442482725094322,-0.01045168548907923
breakout,1.5,1.0,1306,"{""family"": ""breakout"", ""min_ddv"": 10000000.0, ""min_price"": 5.0, ""regime"": ""spy200"", ""trend"": true, ""mom_min"": 0.15, ""rsi2_max"": 100.0, ""rsi14_max"": 100.0, ""ret21_max"": 1.0, ""dist_ema20_max"": 1.0, ""dist_ema50_min"": -1.0, ""dist_hh60_min"": -1.0, ""atr_ratio_max"": 0.85, ""vol_ratio_min"": 0.0, ""up_close"": false, ""strong_close"": false}",408,58.24012514665623,0.5024509803921569,-0.07744869838896544,0.8629725250659175,4.0,0.0,0.021928969220962907,-0.002070880639757753,-0.13046548030473845,644,160.88980150581793,0.4829192546583851,-0.11644145443107647,0.8018299426782427,4.0,0.0,0.027386547736792343,-0.0020658598738565585,-0.1301491720529632,254,63.45653661875428,0.5433070866141733,0.05624853180002162,1.1162361689127254,4.0,0.01968503937007874,0.029838802207672214,0.0015888852233493682,0.1000997690710102
breakout,1.5,1.5,1306,"{""family"": ""breakout"", ""min_ddv"": 10000000.0, ""min_price"": 5.0, ""regime"": ""spy200"", ""trend"": true, ""mom_min"": 0.15, ""rsi2_max"": 100.0, ""rsi14_max"": 100.0, ""ret21_max"": 1.0, ""dist_ema20_max"": 1.0, ""dist_ema50_min"": -1.0, ""dist_hh60_min"": -1.0, ""atr_ratio_max"": 0.85, ""vol_ratio_min"": 0.0, ""up_close"": false, ""strong_close"": false}",408,58.24012514665623,0.3872549019607843,-0.09848842199719104,0.8598662648587011,6.0,0.0,0.021928969220962907,-0.0030975781479410836,-0.1300982822135255,644,160.88980150581793,0.38198757763975155,-0.13268030067862646,0.8127954037900402,5.0,0.0,0.027386547736792343,-0.0032610572589524558,-0.16435728585120377,254,63.45653661875428,0.44881889763779526,0.10361312859858623,1.1760515819217428,6.0,0.01968503937007874,0.029838802207672214,0.005368948946024122,0.22549585573301312
breakout,1.5,2.0,1306,"{""family"": ""breakout"", ""min_ddv"": 10000000.0, ""min_price"": 5.0, ""regime"": ""spy200"", ""trend"": true, ""mom_min"": 0.15, ""rsi2_max"": 100.0, ""rsi14_max"": 100.0, ""ret21_max"": 1.0, ""dist_ema20_max"": 1.0, ""dist_ema50_min"": -1.0, ""dist_hh60_min"": -1.0, ""atr_ratio_max"": 0.85, ""vol_ratio_min"": 0.0, ""up_close"": false, ""strong_close"": false}",408,58.24012514665623,0.3333333333333333,-0.08695959381425684,0.8859091715589039,7.0,0.0,0.021928969220962907,-0.002935933473685121,-0.10569360505266436,644,160.88980150581793,0.32298136645962733,-0.12298085513198644,0.8409275598209836,6.0,0.0,0.027386547736792343,-0.003739364281907628,-0.15705329984012037,254,63.45653661875428,0.38188976377952755,0.10693476245609862,1.1617317398649396,8.0,0.031496062992125984,0.029838802207672214,0.00593812299965043,0.18705087448898855
breakout,1.5,3.0,1306,"{""family"": ""breakout"", ""min_ddv"": 10000000.0, ""min_price"": 5.0, ""regime"": ""spy200"", ""trend"": true, ""mom_min"": 0.15, ""rsi2_max"": 100.0, ""rsi14_max"": 100.0, ""ret21_max"": 1.0, ""dist_ema20_max"": 1.0, ""dist_ema50_min"": -1.0, ""dist_hh60_min"": -1.0, ""atr_ratio_max"": 0.85, ""vol_ratio_min"": 0.0, ""up_close"": false, ""strong_close"": false}",408,58.24012514665623,0.22794117647058823,-0.19794106243836782,0.7781337003161398,8.0,0.0,0.021928969220962907,-0.005234438030893411,-0.16488479797314246,644,160.88980150581793,0.26242236024844723,-0.05007255904515091,0.9403156989324827,7.0,0.0,0.027386547736792343,-0.0007372895672431446,-0.02654242442075321,254,63.45653661875428,0.3425196850393701,0.2888471648433735,1.4064705641748563,9.0,0.031496062992125984,0.029838802207672214,0.01517464214859417,0.4248899801606367
breakout,2.0,0.5,1306,"{""family"": ""breakout"", ""min_ddv"": 10000000.0, ""min_price"": 5.0, ""regime"": ""spy200"", ""trend"": true, ""mom_min"": 0.15, ""rsi2_max"": 100.0, ""rsi14_max"": 100.0, ""ret21_max"": 1.0, ""dist_ema20_max"": 1.0, ""dist_ema50_min"": -1.0, ""dist_hh60_min"": -1.0, ""atr_ratio_max"": 0.85, ""vol_ratio_min"": 0.0, ""up_close"": false, ""strong_close"": false}",407,58.09737974188502,0.6461916461916462,-0.08219344923101883,0.7941276334949197,4.0,0.0,0.029222788502168626,-0.0028717032370330106,-0.18091730393307967,632,157.8918548939083,0.6471518987341772,-0.08597045938069978,0.7805085698679493,3.0,0.0,0.03587890884279409,-0.0017671970342144853,-0.14844455087401676,245,61.20807665982204,0.6693877551020408,-0.014868506736329301,0.9564216608712443,4.0,0.024489795918367346,0.038988305049002726,-0.0023986094923213004,-0.15111239801624193
breakout,2.0,0.75,1306,"{""family"": ""breakout"", ""min_ddv"": 10000000.0, ""min_price"": 5.0, ""regime"": ""spy200"", ""trend"": true, ""mom_min"": 0.15, ""rsi2_max"": 100.0, ""rsi14_max"": 100.0, ""ret21_max"": 1.0, ""dist_ema20_max"": 1.0, ""dist_ema50_min"": -1.0, ""dist_hh60_min"": -1.0, ""atr_ratio_max"": 0.85, ""vol_ratio_min"": 0.0, ""up_close"": false, ""strong_close"": false}",407,58.09737974188502,0.5626535626535627,-0.07249901702134853,0.8529517489232797,5.0,0.0,0.029222788502168626,-0.002943468337094636,-0.14835080418956964,632,157.8918548939083,0.5474683544303798,-0.09792642754109493,0.805445193880592,5.0,0.0,0.03587890884279409,-0.001676125039711057,-0.08447670200143728,245,61.20807665982204,0.6081632653061224,0.0393776017066563,1.0952117380767097,5.0,0.024489795918367346,0.038988305049002726,0.0002347053168958363,0.01182914797155015
breakout,2.0,1.0,1306,"{""family"": ""breakout"", ""min_ddv"": 10000000.0, ""min_price"": 5.0, ""regime"": ""spy200"", ""trend"": true, ""mom_min"": 0.15, ""rsi2_max"": 100.0, ""rsi14_max"": 100.0, ""ret21_max"": 1.0, ""dist_ema20_max"": 1.0, ""dist_ema50_min"": -1.0, ""dist_hh60_min"": -1.0, ""atr_ratio_max"": 0.85, ""vol_ratio_min"": 0.0, ""up_close"": false, ""strong_close"": false}",407,58.09737974188502,0.4963144963144963,-0.055899797122989946,0.9020528000382106,7.0,0.0,0.029222788502168626,-0.0026184532959312216,-0.09426431865352398,632,157.8918548939083,0.4810126582278481,-0.09416140924998037,0.8378530038940593,6.0,0.0,0.03587890884279409,-0.0024368332890016098,-0.10234699813806762,245,61.20807665982204,0.5387755102040817,0.06634257264741543,1.13481741416737,7.0,0.024489795918367346,0.038988305049002726,0.003739037253721332,0.13460534113396797
breakout,2.0,1.5,1306,"{""family"": ""breakout"", ""min_ddv"": 10000000.0, ""min_price"": 5.0, ""regime"": ""spy200"", ""trend"": true, ""mom_min"": 0.15, ""rsi2_max"": 100.0, ""rsi14_max"": 100.0, ""ret21_max"": 1.0, ""dist_ema20_max"": 1.0, ""dist_ema50_min"": -1.0, ""dist_hh60_min"": -1.0, ""atr_ratio_max"": 0.85, ""vol_ratio_min"": 0.0, ""up_close"": false, ""strong_close"": false}",407,58.09737974188502,0.40540540540540543,-0.06303134337172027,0.9081695660569363,9.0,0.0,0.029222788502168626,-0.002394668637159666,-0.06705072184047065,632,157.8918548939083,0.40031645569620256,-0.06425950586703442,0.9038439983346916,8.0,0.0,0.03587890884279409,-0.0009667083028052563,-0.030451311538365573,245,61.20807665982204,0.46122448979591835,0.13531603086118282,1.2355663784090198,10.0,0.036734693877551024,0.038988305049002726,0.00705340804772155,0.17774588280258308
breakout,2.0,2.0,1306,"{""family"": ""breakout"", ""min_ddv"": 10000000.0, ""min_price"": 5.0, ""regime"": ""spy200"", ""trend"": true, ""mom_min"": 0.15, ""rsi2_max"": 100.0, ""rsi14_max"": 100.0, ""ret21_max"": 1.0, ""dist_ema20_max"": 1.0, ""dist_ema50_min"": -1.0, ""dist_hh60_min"": -1.0, ""atr_ratio_max"": 0.85, ""vol_ratio_min"": 0.0, ""up_close"": false, ""strong_close"": false}",407,58.09737974188502,0.3316953316953317,-0.09228645600413377,0.8800374219761997,11.0,0.0,0.029222788502168626,-0.003178964554086852,-0.07282718796635335,632,157.8918548939083,0.35443037974683544,-0.007721491769118672,0.9892277428193117,10.0,0.0,0.03587890884279409,0.0013110458854311035,0.03303835631286381,245,61.20807665982204,0.42448979591836733,0.22557814747198465,1.3615481435522565,11.0,0.036734693877551024,0.038988305049002726,0.012587168863676234,0.28836059578603734
breakout,2.0,3.0,1306,"{""family"": ""breakout"", ""min_ddv"": 10000000.0, ""min_price"": 5.0, ""regime"": ""spy200"", ""trend"": true, ""mom_min"": 0.15, ""rsi2_max"": 100.0, ""rsi14_max"": 100.0, ""ret21_max"": 1.0, ""dist_ema20_max"": 1.0, ""dist_ema50_min"": -1.0, ""dist_hh60_min"": -1.0, ""atr_ratio_max"": 0.85, ""vol_ratio_min"": 0.0, ""up_close"": false, ""strong_close"": false}",407,58.09737974188502,0.25061425061425063,-0.10205010019721586,0.881871562006396,14.0,0.0,0.029222788502168626,-0.0036672382440474023,-0.06601028839285324,632,157.8918548939083,0.3037974683544304,0.13028137967475867,1.1679838492421615,12.0,0.0,0.03587890884279409,0.007219868419063141,0.15161723680032596,245,61.20807665982204,0.363265306122449,0.3682455119752578,1.5200288465703868,14.0,0.036734693877551024,0.038988305049002726,0.020705145521812227,0.3726926193926201
breakout,3.0,0.5,1306,"{""family"": ""breakout"", ""min_ddv"": 10000000.0, ""min_price"": 5.0, ""regime"": ""spy200"", ""trend"": true, ""mom_min"": 0.15, ""rsi2_max"": 100.0, ""rsi14_max"": 100.0, ""ret21_max"": 1.0, ""dist_ema20_max"": 1.0, ""dist_ema50_min"": -1.0, ""dist_hh60_min"": -1.0, ""atr_ratio_max"": 0.85, ""vol_ratio_min"": 0.0, ""up_close"": false, ""strong_close"": false}",401,57.24090731325772,0.6807980049875312,-0.004970190140885174,0.9856110914788283,7.0,0.0,0.04356179003657563,-0.00028680353763898343,-0.010324927355003403,600,149.89733059548254,0.65,-0.07099609123075686,0.8166050466868403,6.0,0.0,0.05248038235461523,-0.0025125678971560216,-0.10552785168055291,224,55.96167008898015,0.6964285714285714,0.03257446380378435,1.1045624305932502,7.0,0.022321428571428572,0.057307333729573126,0.00043349556469610405,0.015605840329059746
breakout,3.0,0.75,1306,"{""family"": ""breakout"", ""min_ddv"": 10000000.0, ""min_price"": 5.0, ""regime"": ""spy200"", ""trend"": true, ""mom_min"": 0.15, ""rsi2_max"": 100.0, ""rsi14_max"": 100.0, ""ret21_max"": 1.0, ""dist_ema20_max"": 1.0, ""dist_ema50_min"": -1.0, ""dist_hh60_min"": -1.0, ""atr_ratio_max"": 0.85, ""vol_ratio_min"": 0.0, ""up_close"": false, ""strong_close"": false}",401,57.24090731325772,0.5960099750623441,0.02841910634758413,1.064878819624644,10.0,0.0,0.04356179003657563,0.001245496080349245,0.03138650122480098,600,149.89733059548254,0.5733333333333334,-0.03855136748160525,0.918005257703901,9.0,0.0,0.05248038235461523,0.0001786119684391104,0.005001135116295091,224,55.96167008898015,0.6160714285714286,0.07759793909406969,1.1931924403779899,10.0,0.022321428571428572,0.057307333729573126,0.005809207389007648,0.14639202620299274
breakout,3.0,1.0,1306,"{""family"": ""breakout"", ""min_ddv"": 10000000.0, ""min_price"": 5.0, ""regime"": ""spy200"", ""trend"": true, ""mom_min"": 0.15, ""rsi2_max"": 100.0, ""rsi14_max"": 100.0, ""ret21_max"": 1.0, ""dist_ema20_max"": 1.0, ""dist_ema50_min"": -1.0, ""dist_hh60_min"": -1.0, ""atr_ratio_max"": 0.85, ""vol_ratio_min"": 0.0, ""up_close"": false, ""strong_close"": false}",401,57.24090731325772,0.5261845386533666,0.02542632112615414,1.0491012986874424,12.0,0.0,0.04356179003657563,0.0015479048103172472,0.03250600101666219,600,149.89733059548254,0.5266666666666666,-0.001968611749719389,0.9962852235640577,11.0,0.0,0.05248038235461523,0.002283183489777496,0.052305658129448096,224,55.96167008898015,0.5669642857142857,0.12980798583186007,1.2864309221268686,13.0,0.03571428571428571,0.057307333729573126,0.009710047865508083,0.18822554323907975
breakout,3.0,1.5,1306,"{""family"": ""breakout"", ""min_ddv"": 10000000.0, ""min_price"": 5.0, ""regime"": ""spy200"", ""trend"": true, ""mom_min"": 0.15, ""rsi2_max"": 100.0, ""rsi14_max"": 100.0, ""ret21_max"": 1.0, ""dist_ema20_max"": 1.0, ""dist_ema50_min"": -1.0, ""dist_hh60_min"": -1.0, ""atr_ratio_max"": 0.85, ""vol_ratio_min"": 0.0, ""up_close"": false, ""strong_close"": false}",401,57.24090731325772,0.44139650872817954,0.054960016888729056,1.0899730446357438,18.0,0.0,0.04356179003657563,0.0039506132999624485,0.055308586199474284,600,149.89733059548254,0.455,0.07185746753321458,1.1180335719643886,15.0,0.0,0.05248038235461523,0.007461352545663005,0.1253507227671385,224,55.96167008898015,0.5223214285714286,0.3140517061297789,1.62130215057863,18.0,0.03571428571428571,0.057307333729573126,0.023219940355335932,0.32507916497470307
breakout,3.0,2.0,1306,"{""family"": ""breakout"", ""min_ddv"": 10000000.0, ""min_price"": 5.0, ""regime"": ""spy200"", ""trend"": true, ""mom_min"": 0.15, ""rsi2_max"": 100.0, ""rsi14_max"": 100.0, ""ret21_max"": 1.0, ""dist_ema20_max"": 1.0, ""dist_ema50_min"": -1.0, ""dist_hh60_min"": -1.0, ""atr_ratio_max"": 0.85, ""vol_ratio_min"": 0.0, ""up_close"": false, ""strong_close"": false}",401,57.24090731325772,0.36658354114713215,0.05752641184414086,1.0834021665733864,22.0,0.0,0.04356179003657563,0.0030913542836381344,0.035410058158036814,600,149.89733059548254,0.4166666666666667,0.17359007166817975,1.2658894114285528,18.0,0.0,0.05248038235461523,0.013505429598626148,0.18907601438076607,224,55.96167008898015,0.46875,0.39812257772501053,1.698846342739894,21.0,0.03571428571428571,0.057307333729573126,0.028491261752199102,0.34189514102638924
breakout,3.0,3.0,1306,"{""family"": ""breakout"", ""min_ddv"": 10000000.0, ""min_price"": 5.0, ""regime"": ""spy200"", ""trend"": true, ""mom_min"": 0.15, ""rsi2_max"": 100.0, ""rsi14_max"": 100.0, ""ret21_max"": 1.0, ""dist_ema20_max"": 1.0, ""dist_ema50_min"": -1.0, ""dist_hh60_min"": -1.0, ""atr_ratio_max"": 0.85, ""vol_ratio_min"": 0.0, ""up_close"": false, ""strong_close"": false}",401,57.24090731325772,0.3491271820448878,0.35467090169240884,1.501009478790489,26.0,0.0,0.04356179003657563,0.01739523132948299,0.16859993442421975,600,149.89733059548254,0.34,0.27980524196979817,1.3804397799612458,24.0,0.0,0.05248038235461523,0.017158719794344805,0.18016655784062044,224,55.96167008898015,0.3794642857142857,0.45770599331561473,1.67988455502691,28.0,0.03571428571428571,0.057307333729573126,0.03142975430152704,0.28286778871374335
meanrev,1.0,0.5,24866,"{""family"": ""meanrev"", ""min_ddv"": 10000000.0, ""min_price"": 5.0, ""regime"": ""spy200"", ""trend"": true, ""mom_min"": 0.15, ""rsi2_max"": 100.0, ""rsi14_max"": 100.0, ""ret21_max"": 1.0, ""dist_ema20_max"": 0.0, ""dist_ema50_min"": -1.0, ""dist_hh60_min"": -0.1, ""atr_ratio_max"": 10.0, ""vol_ratio_min"": 0.0, ""up_close"": true, ""strong_close"": false}",10547,1505.535784122018,0.6863563098511425,-0.0690066758065221,0.8075730846570982,2.0,0.0,0.020580300308937635,-0.0013505317788449734,-0.17016700413446664,6393,1597.1560574948664,0.6666666666666666,-0.08611032176154683,0.7712485388607083,2.0,0.0,0.02432967650483191,-0.0019171237616336123,-0.24155759396583515,7926,1980.1437371663244,0.6627554882664648,-0.08839758204011668,0.7683226425546142,2.0,0.000757002271006813,0.023746827831949414,-0.0020963716948312894,-0.26414283354874246
meanrev,1.0,0.75,24866,"{""family"": ""meanrev"", ""min_ddv"": 10000000.0, ""min_price"": 5.0, ""regime"": ""spy200"", ""trend"": true, ""mom_min"": 0.15, ""rsi2_max"": 100.0, ""rsi14_max"": 100.0, ""ret21_max"": 1.0, ""dist_ema20_max"": 0.0, ""dist_ema50_min"": -1.0, ""dist_hh60_min"": -0.1, ""atr_ratio_max"": 10.0, ""vol_ratio_min"": 0.0, ""up_close"": true, ""strong_close"": false}",10547,1505.535784122018,0.6020669384659145,-0.04555242190253778,0.9004270146336872,2.0,0.0,0.020580300308937635,-0.0008142362166246221,-0.10259376329470238,6393,1597.1560574948664,0.5815735961207571,-0.07017759093225061,0.8521640964828484,2.0,0.0,0.02432967650483191,-0.0014888867213956579,-0.1875997268958529,7926,1980.1437371663244,0.5759525611910169,-0.06889471493928469,0.8565099119496308,2.0,0.0012616704516780217,0.023746827831949414,-0.0016681840327267543,-0.21019118812357104
meanrev,1.0,1.0,24866,"{""family"": ""meanrev"", ""min_ddv"": 10000000.0, ""min_price"": 5.0, ""regime"": ""spy200"", ""trend"": true, ""mom_min"": 0.15, ""rsi2_max"": 100.0, ""rsi14_max"": 100.0, ""ret21_max"": 1.0, ""dist_ema20_max"": 0.0, ""dist_ema50_min"": -1.0, ""dist_hh60_min"": -0.1, ""atr_ratio_max"": 10.0, ""vol_ratio_min"": 0.0, ""up_close"": true, ""strong_close"": false}",10547,1505.535784122018,0.541291362472741,-0.012967845172646144,0.9754189944094558,3.0,0.0,0.020580300308937635,-0.0001254959701873267,-0.010541661495735445,6393,1597.1560574948664,0.5124354763022055,-0.06639329311431362,0.8804223022618083,3.0,0.0,0.02432967650483191,-0.0012643440232028868,-0.10620489794904249,7926,1980.1437371663244,0.5064345193035579,-0.06618804100384008,0.8823440136946611,2.0,0.0020186727226848347,0.023746827831949414,-0.001602323626942168,-0.20189277699471317
meanrev,1.0,1.5,24866,"{""family"": ""meanrev"", ""min_ddv"": 10000000.0, ""min_price"": 5.0, ""regime"": ""spy200"", ""trend"": true, ""mom_min"": 0.15, ""rsi2_max"": 100.0, ""rsi14_max"": 100.0, ""ret21_max"": 1.0, ""dist_ema20_max"": 0.0, ""dist_ema50_min"": -1.0, ""dist_hh60_min"": -0.1, ""atr_ratio_max"": 10.0, ""vol_ratio_min"": 0.0, ""up_close"": true, ""strong_close"": false}",10547,1505.535784122018,0.44467621124490375,0.017178641194821334,1.026851820408527,4.0,0.0,0.020580300308937635,0.0005330606931884011,0.03358282367086927,6393,1597.1560574948664,0.4159236665102456,-0.05417197527435054,0.9187119488968791,3.0,0.0,0.02432967650483191,-0.000972899027534542,-0.08172351831290152,7926,1980.1437371663244,0.4119354024728741,-0.05463823627119634,0.9190058755635082,3.0,0.0025233409033560434,0.023746827831949414,-0.0012326206648789612,-0.10354013584983274
meanrev,1.0,2.0,24866,"{""family"": ""meanrev"", ""min_ddv"": 10000000.0, ""min_price"": 5.0, ""regime"": ""spy200"", ""trend"": true, ""mom_min"": 0.15, ""rsi2_max"": 100.0, ""rsi14_max"": 100.0, ""ret21_max"": 1.0, ""dist_ema20_max"": 0.0, ""dist_ema50_min"": -1.0, ""dist_hh60_min"": -0.1, ""atr_ratio_max"": 10.0, ""vol_ratio_min"": 0.0, ""up_close"": true, ""strong_close"": false}",10547,1505.535784122018,0.3779273727126197,0.035174252391942544,1.0490499546195893,4.0,0.0,0.020580300308937635,0.001005640490086649,0.06335535087545888,6393,1597.1560574948664,0.3580478648521821,-0.027703430351204483,0.9621915309237653,4.0,0.0,0.02432967650483191,-5.353336956623234e-05,-0.0033726022826726376,7926,1980.1437371663244,0.35541256623769873,-0.02565597073677582,0.9655243116993353,4.0,0.003658844309866263,0.023746827831949414,-0.0004091092724702069,-0.025773884165623033
meanrev,1.0,3.0,24866,"{""family"": ""meanrev"", ""min_ddv"": 10000000.0, ""min_price"": 5.0, ""regime"": ""spy200"", ""trend"": true, ""mom_min"": 0.15, ""rsi2_max"": 100.0, ""rsi14_max"": 100.0, ""ret21_max"": 1.0, ""dist_ema20_max"": 0.0, ""dist_ema50_min"": -1.0, ""dist_hh60_min"": -0.1, ""atr_ratio_max"": 10.0, ""vol_ratio_min"": 0.0, ""up_close"": true, ""strong_close"": false}",10547,1505.535784122018,0.29240542334313074,0.05808827431981152,1.0709700022056674,6.0,0.0,0.020580300308937635,0.0015269202324658452,0.0641306497635655,6393,1597.1560574948664,0.2828093226966995,0.018382533173027186,1.022344423544858,5.0,0.0,0.02432967650483191,0.0012209456570645692,0.06153566111605428,7926,1980.1437371663244,0.27617966187231896,-0.0014613036184803517,0.9982647929943361,5.0,0.005172848851879889,0.023746827831949414,0.00025361443204276516,0.012782167374955364
meanrev,1.5,0.5,24866,"{""family"": ""meanrev"", ""min_ddv"": 10000000.0, ""min_price"": 5.0, ""regime"": ""spy200"", ""trend"": true, ""mom_min"": 0.15, ""rsi2_max"": 100.0, ""rsi14_max"": 100.0, ""ret21_max"": 1.0, ""dist_ema20_max"": 0.0, ""dist_ema50_min"": -1.0, ""dist_hh60_min"": -0.1, ""atr_ratio_max"": 10.0, ""vol_ratio_min"": 0.0, ""up_close"": true, ""strong_close"": false}",10547,1505.535784122018,0.6989665307670427,-0.012469978435305758,0.9626643443086842,3.0,0.0,0.030870450463406536,-0.00024209954486412361,-0.020336361768586383,6393,1597.1560574948664,0.6810574065384014,-0.03495587795234303,0.9004906170274857,3.0,0.0,0.036494514757247784,-0.0010418947887859806,-0.08751916225802236,7926,1980.1437371663244,0.6689376734796871,-0.04288101968724934,0.8827361565709264,3.0,0.0018925056775170325,0.03562024174792419,-0.001548914468215751,-0.13010881533012308
meanrev,1.5,0.75,24866,"{""family"": ""meanrev"", ""min_ddv"": 10000000.0, ""min_price"": 5.0, ""regime"": ""spy200"", ""trend"": true, ""mom_min"": 0.15, ""rsi2_max"": 100.0, ""rsi14_max"": 100.0, ""ret21_max"": 1.0, ""dist_ema20_max"": 0.0, ""dist_ema50_min"": -1.0, ""dist_hh60_min"": -0.1, ""atr_ratio_max"": 10.0, ""vol_ratio_min"": 0.0, ""up_close"": true, ""strong_close"": false}",10547,1505.535784122018,0.6177111974969186,0.022900739101770373,1.0539551603034694,4.0,0.0,0.030870450463406536,0.0008803577663809542,0.05546253928200011,6393,1597.1560574948664,0.5847020178320037,-0.036636589350352515,0.9201522767035241,4.0,0.0,0.036494514757247784,-0.000997628547392058,-0.06285059848569965,7926,1980.1437371663244,0.5788544032298764,-0.035350164569100576,0.9244796165413303,4.0,0.0040373454453696694,0.03562024174792419,-0.001317056288928979,-0.08297454620252569
meanrev,1.5,1.0,24866,"{""family"": ""meanrev"", ""min_ddv"": 10000000.0, ""min_price"": 5.0, ""regime"": ""spy200"", ""trend"": true, ""mom_min"": 0.15, ""rsi2_max"": 100.0, ""rsi14_max"": 100.0, ""ret21_max"": 1.0, ""dist_ema20_max"": 0.0, ""dist_ema50_min"": -1.0, ""dist_hh60_min"": -0.1, ""atr_ratio_max"": 10.0, ""vol_ratio_min"": 0.0, ""up_close"": true, ""strong_close"": false}",10547,1505.535784122018,0.5456527922632028,0.03274871477536173,1.0649078863625978,5.0,0.0,0.030870450463406536,0.0012339040942204078,0.062188766348708555,6393,1597.1560574948664,0.5249491631471922,-0.012149167290110183,0.9768850611947474,4.0,0.0,0.036494514757247784,-0.0001258140420467726,-0.007926284648946675,7926,1980.1437371663244,0.5119858692909413,-0.025431618264790384,0.9531809239026817,5.0,0.005046681806712087,0.03562024174792419,-0.0008925415267619816,-0.04498409294880387
meanrev,1.5,1.5,24866,"{""family"": ""meanrev"", ""min_ddv"": 10000000.0, ""min_price"": 5.0, ""regime"": ""spy200"", ""trend"": true, ""mom_min"": 0.15, ""rsi2_max"": 100.0, ""rsi14_max"": 100.0, ""ret21_max"": 1.0, ""dist_ema20_max"": 0.0, ""dist_ema50_min"": -1.0, ""dist_hh60_min"": -0.1, ""atr_ratio_max"": 10.0, ""vol_ratio_min"": 0.0, ""up_close"": true, ""strong_close"": false}",10547,1505.535784122018,0.4455295344647767,0.049567788337868283,1.0805371917084459,7.0,0.0,0.030870450463406536,0.0018924992724769524,0.06812997380917028,6393,1597.1560574948664,0.43938682934459566,0.02950531315475671,1.047444528638443,6.0,0.0,0.036494514757247784,0.0016547804151161162,0.06950077743487688,7926,1980.1437371663244,0.4302296240222054,0.017531401241728143,1.027445502954842,6.0,0.007696189755235933,0.03562024174792419,0.000934593272912081,0.039252917462307406
meanrev,1.5,2.0,24866,"{""family"": ""meanrev"", ""min_ddv"": 10000000.0, ""min_price"": 5.0, ""regime"": ""spy200"", ""trend"": true, ""mom_min"": 0.15, ""rsi2_max"": 100.0, ""rsi14_max"": 100.0, ""ret21_max"": 1.0, ""dist_ema20_max"": 0.0, ""dist_ema50_min"": -1.0, ""dist_hh60_min"": -0.1, ""atr_ratio_max"": 10.0, ""vol_ratio_min"": 0.0, ""up_close"": true, ""strong_close"": false}",10547,1505.535784122018,0.3800132739167536,0.06873691584714736,1.0996536576272482,8.0,0.0,0.030870450463406536,0.002505881777263853,0.07893527598381136,6393,1597.1560574948664,0.37650555294853744,0.05380178727047004,1.0776769997383793,8.0,0.0,0.036494514757247784,0.002726740195656638,0.0858923161631841,7926,1980.1437371663244,0.3663890991672975,0.03091677139920697,1.0434422536959878,7.0,0.009588695432752965,0.03562024174792419,0.001464598833804604,0.05272555801696575
meanrev,1.5,3.0,24866,"{""family"": ""meanrev"", ""min_ddv"": 10000000.0, ""min_price"": 5.0, ""regime"": ""spy200"", ""trend"": true, ""mom_min"": 0.15, ""rsi2_max"": 100.0, ""rsi14_max"": 100.0, ""ret21_max"": 1.0, ""dist_ema20_max"": 0.0, ""dist_ema50_min"": -1.0, ""dist_hh60_min"": -0.1, ""atr_ratio_max"": 10.0, ""vol_ratio_min"": 0.0, ""up_close"": true, ""strong_close"": false}",10547,1505.535784122018,0.3001801460130843,0.12335144899118841,1.157775335730842,11.0,0.0,0.030870450463406536,0.004289305135474665,0.0982640812854196,6393,1597.1560574948664,0.30298764273424056,0.1313263756058112,1.1696022457276913,10.0,0.0,0.036494514757247784,0.0061116592941631385,0.1540138142129111,7926,1980.1437371663244,0.3000252334090336,0.10030474844995631,1.1265321919162146,9.0,0.01640171587181428,0.03562024174792419,0.004196079659464384,0.11749023046500276
meanrev,2.0,0.5,24866,"{""family"": ""meanrev"", ""min_ddv"": 10000000.0, ""min_price"": 5.0, ""regime"": ""spy200"", ""trend"": true, ""mom_min"": 0.15, ""rsi2_max"": 100.0, ""rsi14_max"": 100.0, ""ret21_max"": 1.0, ""dist_ema20_max"": 0.0, ""dist_ema50_min"": -1.0, ""dist_hh60_min"": -0.1, ""atr_ratio_max"": 10.0, ""vol_ratio_min"": 0.0, ""up_close"": true, ""strong_close"": false}",10547,1505.535784122018,0.7125248885939129,0.029000500220097328,1.0926165502503804,4.0,0.0,0.04116060061787527,0.0013666968067721948,0.08610189882664827,6393,1597.1560574948664,0.6877835132175817,-0.009667825413514271,0.9714580894764979,4.0,0.0,0.04865935300966382,-0.00019032302015082177,-0.011990350269501772,7926,1980.1437371663244,0.6729750189250567,-0.020805928930255086,0.941395283238325,4.0,0.005425182942215494,0.04749365566389897,-0.0008874312992540141,-0.05590817185300289
meanrev,2.0,0.75,24866,"{""family"": ""meanrev"", ""min_ddv"": 10000000.0, ""min_price"": 5.0, ""regime"": ""spy200"", ""trend"": true, ""mom_min"": 0.15, ""rsi2_max"": 100.0, ""rsi14_max"": 100.0, ""ret21_max"": 1.0, ""dist_ema20_max"": 0.0, ""dist_ema50_min"": -1.0, ""dist_hh60_min"": -0.1, ""atr_ratio_max"": 10.0, ""vol_ratio_min"": 0.0, ""up_close"": true, ""strong_close"": false}",10547,1505.535784122018,0.6218829999051864,0.04841180124344447,1.1174413585076444,6.0,0.0,0.04116060061787527,0.002260053508994315,0.09492224737776124,6393,1597.1560574948664,0.6023776005005474,0.010216751019965204,1.0236526022096406,5.0,0.0,0.04865935300966382,0.0007658606881740462,0.03859937868397193,7926,1980.1437371663244,0.5899571032046429,0.0017809166052375914,1.0039883350271237,6.0,0.0074438556649003285,0.04749365566389897,0.00028768733120146915,0.012082867910461703
meanrev,2.0,1.0,24866,"{""family"": ""meanrev"", ""min_ddv"": 10000000.0, ""min_price"": 5.0, ""regime"": ""spy200"", ""trend"": true, ""mom_min"": 0.15, ""rsi2_max"": 100.0, ""rsi14_max"": 100.0, ""ret21_max"": 1.0, ""dist_ema20_max"": 0.0, ""dist_ema50_min"": -1.0, ""dist_hh60_min"": -0.1, ""atr_ratio_max"": 10.0, ""vol_ratio_min"": 0.0, ""up_close"": true, ""strong_close"": false}",10547,1505.535784122018,0.5520053095667015,0.06209932412812897,1.1271299896931608,7.0,0.0,0.04116060061787527,0.0029387334215955066,0.10579440317743824,6393,1597.1560574948664,0.5419990614734866,0.03602313058836855,1.072433185402425,7.0,0.0,0.04865935300966382,0.0023407264987848624,0.08426615395625504,7926,1980.1437371663244,0.5328034317436285,0.030752598337983116,1.0603020180951859,7.0,0.009967196568256372,0.04749365566389897,0.0019498730955962067,0.07019543144146344
meanrev,2.0,1.5,24866,"{""family"": ""meanrev"", ""min_ddv"": 10000000.0, ""min_price"": 5.0, ""regime"": ""spy200"", ""trend"": true, ""mom_min"": 0.15, ""rsi2_max"": 100.0, ""rsi14_max"": 100.0, ""ret21_max"": 1.0, ""dist_ema20_max"": 0.0, ""dist_ema50_min"": -1.0, ""dist_hh60_min"": -0.1, ""atr_ratio_max"": 10.0, ""vol_ratio_min"": 0.0, ""up_close"": true, ""strong_close"": false}",10547,1505.535784122018,0.457191618469707,0.09172083875764112,1.1547549469339058,11.0,0.0,0.04116060061787527,0.004238698410893119,0.09710472723136963,6393,1597.1560574948664,0.45377756921633033,0.07988404263034368,1.1344112322648645,10.0,0.0,0.04865935300966382,0.004645655794186092,0.11707052601348952,7926,1980.1437371663244,0.44398183194549584,0.06440764192713098,1.1058595562582134,10.0,0.013499873832954833,0.04749365566389897,0.0037365995584318374,0.09416230887248231
meanrev,2.0,2.0,24866,"{""family"": ""meanrev"", ""min_ddv"": 10000000.0, ""min_price"": 5.0, ""regime"": ""spy200"", ""trend"": true, ""mom_min"": 0.15, ""rsi2_max"": 100.0, ""rsi14_max"": 100.0, ""ret21_max"": 1.0, ""dist_ema20_max"": 0.0, ""dist_ema50_min"": -1.0, ""dist_hh60_min"": -0.1, ""atr_ratio_max"": 10.0, ""vol_ratio_min"": 0.0, ""up_close"": true, ""strong_close"": false}",10547,1505.535784122018,0.39594197402104864,0.13236191621560187,1.2002392979381045,13.0,0.0,0.04116060061787527,0.0058954659768300395,0.11428134047393615,6393,1597.1560574948664,0.39730955732832784,0.13385056396910897,1.2040145999263796,13.0,0.0,0.04865935300966382,0.00760107005991757,0.1473438196230175,7926,1980.1437371663244,0.3918748422911935,0.11138294107741128,1.16678214713064,12.0,0.020691395407519558,0.04749365566389897,0.006292036661938891,0.1321327699007167
meanrev,2.0,3.0,24866,"{""family"": ""meanrev"", ""min_ddv"": 10000000.0, ""min_price"": 5.0, ""regime"": ""spy200"", ""trend"": true, ""mom_min"": 0.15, ""rsi2_max"": 100.0, ""rsi14_max"": 100.0, ""ret21_max"": 1.0, ""dist_ema20_max"": 0.0, ""dist_ema50_min"": -1.0, ""dist_hh60_min"": -0.1, ""atr_ratio_max"": 10.0, ""vol_ratio_min"": 0.0, ""up_close"": true, ""strong_close"": false}",10547,1505.535784122018,0.31762586517493124,0.21037477332178847,1.2809566429548291,18.0,0.0,0.04116060061787527,0.009589027917599097,0.13424639084638737,6393,1597.1560574948664,0.3222274362584076,0.2275826663805725,1.3081140009579564,18.0,0.0,0.04865935300966382,0.012790150519748796,0.17906210727648317,7926,1980.1437371663244,0.3285389856169568,0.21152400231144666,1.2852926275839207,15.0,0.02851375220792329,0.04749365566389897,0.010980132436723472,0.18446622493695433
meanrev,3.0,0.5,24866,"{""family"": ""meanrev"", ""min_ddv"": 10000000.0, ""min_price"": 5.0, ""regime"": ""spy200"", ""trend"": true, ""mom_min"": 0.15, ""rsi2_max"": 100.0, ""rsi14_max"": 100.0, ""ret21_max"": 1.0, ""dist_ema20_max"": 0.0, ""dist_ema50_min"": -1.0, ""dist_hh60_min"": -0.1, ""atr_ratio_max"": 10.0, ""vol_ratio_min"": 0.0, ""up_close"": true, ""strong_close"": false}",10543,1504.964802502933,0.7191501470169781,0.055968792589078574,1.185626811314935,7.0,0.0,0.06173988241472634,0.0038323022437654983,0.13796288077555793,6342,1584.4147843942505,0.7029328287606433,0.029584532681819643,1.0937590889759556,7.0,0.0,0.07276423215155635,0.002355660636490929,0.08480378291367344,7892,1971.649555099247,0.6988089204257476,0.0355263575037342,1.1115448056311692,7.0,0.010643689812468323,0.0711595418524436,0.0028593874877717957,0.10293794955978465
meanrev,3.0,0.75,24866,"{""family"": ""meanrev"", ""min_ddv"": 10000000.0, ""min_price"": 5.0, ""regime"": ""spy200"", ""trend"": true, ""mom_min"": 0.15, ""rsi2_max"": 100.0, ""rsi14_max"": 100.0, ""ret21_max"": 1.0, ""dist_ema20_max"": 0.0, ""dist_ema50_min"": -1.0, ""dist_hh60_min"": -0.1, ""atr_ratio_max"": 10.0, ""vol_ratio_min"": 0.0, ""up_close"": true, ""strong_close"": false}",10543,1504.964802502933,0.6291378165607512,0.07653799261903735,1.1925003254866973,11.0,0.0,0.06173988241472634,0.00526838390650746,0.1206938858581709,6342,1584.4147843942505,0.629454430778934,0.07363015009501739,1.187022376933603,11.0,0.0,0.07276423215155635,0.005691815554233761,0.13039431996971887,7892,1971.649555099247,0.6269640141915864,0.08183810737975404,1.2073879856299898,11.0,0.015331981753674607,0.0711595418524436,0.006520013093085737,0.14936757267796416
meanrev,3.0,1.0,24866,"{""family"": ""meanrev"", ""min_ddv"": 10000000.0, ""min_price"": 5.0, ""regime"": ""spy200"", ""trend"": true, ""mom_min"": 0.15, ""rsi2_max"": 100.0, ""rsi14_max"": 100.0, ""ret21_max"": 1.0, ""dist_ema20_max"": 0.0, ""dist_ema50_min"": -1.0, ""dist_hh60_min"": -0.1, ""atr_ratio_max"": 10.0, ""vol_ratio_min"": 0.0, ""up_close"": true, ""strong_close"": false}",10543,1504.964802502933,0.5694773783553069,0.10864453746508854,1.2354051045739902,15.0,0.0,0.06173988241472634,0.007395050869308611,0.12423685460438466,6342,1584.4147843942505,0.5725323241879533,0.1128024109773362,1.2480878117304737,15.0,0.0,0.07276423215155635,0.008695878023374055,0.14609075079268413,7892,1971.649555099247,0.5661429295489103,0.10984499498928747,1.2392905633536297,14.0,0.020527116066903193,0.0711595418524436,0.008481399359276312,0.15266518846697363
meanrev,3.0,1.5,24866,"{""family"": ""meanrev"", ""min_ddv"": 10000000.0, ""min_price"": 5.0, ""regime"": ""spy200"", ""trend"": true, ""mom_min"": 0.15, ""rsi2_max"": 100.0, ""rsi14_max"": 100.0, ""ret21_max"": 1.0, ""dist_ema20_max"": 0.0, ""dist_ema50_min"": -1.0, ""dist_hh60_min"": -0.1, ""atr_ratio_max"": 10.0, ""vol_ratio_min"": 0.0, ""up_close"": true, ""strong_close"": false}",10543,1504.964802502933,0.48174143981788864,0.17061105231321083,1.306772448613318,22.0,0.0,0.06173988241472634,0.011158477463575447,0.12781528731004602,6342,1584.4147843942505,0.4924314096499527,0.1965899079074977,1.3644530060869533,22.0,0.0,0.07276423215155635,0.015344373150705477,0.17576281972626273,7892,1971.649555099247,0.4863152559553979,0.17083527095576964,1.3125371252080842,19.0,0.031424227065382664,0.0711595418524436,0.013279228495969611,0.17612450426233378
meanrev,3.0,2.0,24866,"{""family"": ""meanrev"", ""min_ddv"": 10000000.0, ""min_price"": 5.0, ""regime"": ""spy200"", ""trend"": true, ""mom_min"": 0.15, ""rsi2_max"": 100.0, ""rsi14_max"": 100.0, ""ret21_max"": 1.0, ""dist_ema20_max"": 0.0, ""dist_ema50_min"": -1.0, ""dist_hh60_min"": -0.1, ""atr_ratio_max"": 10.0, ""vol_ratio_min"": 0.0, ""up_close"": true, ""strong_close"": false}",10543,1504.964802502933,0.4236934458882671,0.23258227102221096,1.3760375692048792,28.0,0.00018969932656739068,0.06173988241472634,0.015223543190675017,0.13701188871607514,6342,1584.4147843942505,0.434878587196468,0.267507469656218,1.4444882099077334,29.0,0.0,0.07276423215155635,0.0208593164924712,0.18126026745181867,7892,1971.649555099247,0.4375316776482514,0.24457654442624216,1.408649258744734,24.0,0.04042067916877851,0.0711595418524436,0.018538473398502356,0.19465397068427473
meanrev,3.0,3.0,24866,"{""family"": ""meanrev"", ""min_ddv"": 10000000.0, ""min_price"": 5.0, ""regime"": ""spy200"", ""trend"": true, ""mom_min"": 0.15, ""rsi2_max"": 100.0, ""rsi14_max"": 100.0, ""ret21_max"": 1.0, ""dist_ema20_max"": 0.0, ""dist_ema50_min"": -1.0, ""dist_hh60_min"": -0.1, ""atr_ratio_max"": 10.0, ""vol_ratio_min"": 0.0, ""up_close"": true, ""strong_close"": false}",10543,1504.964802502933,0.351797401119226,0.3587712580907074,1.5146553409302368,40.0,0.0010433462961206487,0.06173988241472634,0.022596311217586734,0.14235676067079645,6342,1584.4147843942505,0.3491012298959319,0.34741629030917703,1.4985346334566547,40.0,0.001261431725007884,0.07276423215155635,0.027087382121299325,0.17065050736418574,7892,1971.649555099247,0.3682209832742017,0.34956228479123147,1.5175407163291177,33.0,0.054485554992397364,0.0711595418524436,0.02591177584606613,0.19787174282450498
meanrev,1.0,0.5,19316,"{""family"": ""meanrev"", ""min_ddv"": 10000000.0, ""min_price"": 5.0, ""regime"": ""spy200"", ""trend"": true, ""mom_min"": 0.15, ""rsi2_max"": 100.0, ""rsi14_max"": 50.0, ""ret21_max"": 1.0, ""dist_ema20_max"": 0.0, ""dist_ema50_min"": -1.0, ""dist_hh60_min"": -0.1, ""atr_ratio_max"": 10.0, ""vol_ratio_min"": 0.0, ""up_close"": true, ""strong_close"": false}",8295,1184.073132577239,0.6888487040385775,-0.06563776866482832,0.8161085301829619,2.0,0.0,0.02065856432983152,-0.001269125382190171,-0.15990979815596157,4912,1227.1594798083504,0.6624592833876222,-0.09416881126509896,0.7539560250046037,2.0,0.0,0.02389471414185847,-0.002079378470650717,-0.26200168730199036,6109,1526.204654346338,0.6663938451465051,-0.08315829260202579,0.7799047465843565,2.0,0.0004910787362907187,0.02341068649899073,-0.0018735193455041294,-0.2360634375335203
meanrev,1.0,0.75,19316,"{""family"": ""meanrev"", ""min_ddv"": 10000000.0, ""min_price"": 5.0, ""regime"": ""spy200"", ""trend"": true, ""mom_min"": 0.15, ""rsi2_max"": 100.0, ""rsi14_max"": 50.0, ""ret21_max"": 1.0, ""dist_ema20_max"": 0.0, ""dist_ema50_min"": -1.0, ""dist_hh60_min"": -0.1, ""atr_ratio_max"": 10.0, ""vol_ratio_min"": 0.0, ""up_close"": true, ""strong_close"": false}",8295,1184.073132577239,0.6039783001808319,-0.042090684424270025,0.9079554145877373,2.0,0.0,0.02065856432983152,-0.0007530482994048273,-0.09488408572500824,4912,1227.1594798083504,0.5771579804560261,-0.0768813293380559,0.839640370201365,2.0,0.0,0.02389471414185847,-0.0016450081351506963,-0.20727102502898773,6109,1526.204654346338,0.5778359797020789,-0.06598819785233619,0.8622593119710167,2.0,0.000818464560484531,0.02341068649899073,-0.0015083328401988524,-0.1900499378650554
meanrev,1.0,1.0,19316,"{""family"": ""meanrev"", ""min_ddv"": 10000000.0, ""min_price"": 5.0, ""regime"": ""spy200"", ""trend"": true, ""mom_min"": 0.15, ""rsi2_max"": 100.0, ""rsi14_max"": 50.0, ""ret21_max"": 1.0, ""dist_ema20_max"": 0.0, ""dist_ema50_min"": -1.0, ""dist_hh60_min"": -0.1, ""atr_ratio_max"": 10.0, ""vol_ratio_min"": 0.0, ""up_close"": true, ""strong_close"": false}",8295,1184.073132577239,0.544544906570223,-0.0046763902015460965,0.9911117074931769,3.0,0.0,0.02065856432983152,7.107594321234566e-05,0.005970379229837036,4912,1227.1594798083504,0.5087540716612378,-0.07367065194386917,0.8682579052059558,3.0,0.0,0.02389471414185847,-0.0015149314285390911,-0.12725423999728366,6109,1526.204654346338,0.5066295629399247,-0.06579515781034512,0.883377793523993,3.0,0.001636929120969062,0.02341068649899073,-0.0014822371279756617,-0.12450791874995559
meanrev,1.0,1.5,19316,"{""family"": ""meanrev"", ""min_ddv"": 10000000.0, ""min_price"": 5.0, ""regime"": ""spy200"", ""trend"": true, ""mom_min"": 0.15, ""rsi2_max"": 100.0, ""rsi14_max"": 50.0, ""ret21_max"": 1.0, ""dist_ema20_max"": 0.0, ""dist_ema50_min"": -1.0, ""dist_hh60_min"": -0.1, ""atr_ratio_max"": 10.0, ""vol_ratio_min"": 0.0, ""up_close"": true, ""strong_close"": false}",8295,1184.073132577239,0.4493068113321278,0.030198733244605407,1.0474832167297847,3.0,0.0,0.02065856432983152,0.0008460599834929705,0.07106903861340952,4912,1227.1594798083504,0.4138843648208469,-0.05798745060976515,0.9133255067584013,3.0,0.0,0.02389471414185847,-0.001174268093443219,-0.0986385198492304,6109,1526.204654346338,0.40939597315436244,-0.06229160190335039,0.9084435893103476,3.0,0.0022917007693566867,0.02341068649899073,-0.0013018101520911223,-0.10935205277565428
meanrev,1.0,2.0,19316,"{""family"": ""meanrev"", ""min_ddv"": 10000000.0, ""min_price"": 5.0, ""regime"": ""spy200"", ""trend"": true, ""mom_min"": 0.15, ""rsi2_max"": 100.0, ""rsi14_max"": 50.0, ""ret21_max"": 1.0, ""dist_ema20_max"": 0.0, ""dist_ema50_min"": -1.0, ""dist_hh60_min"": -0.1, ""atr_ratio_max"": 10.0, ""vol_ratio_min"": 0.0, ""up_close"": true, ""strong_close"": false}",8295,1184.073132577239,0.3844484629294756,0.05532894818559113,1.0777880330118665,4.0,0.0,0.02065856432983152,0.0014707301752779757,0.09265600104251247,4912,1227.1594798083504,0.3540309446254072,-0.03964242896498603,0.9462152026524404,4.0,0.0,0.02389471414185847,-0.0006400618477917293,-0.04032389641087895,6109,1526.204654346338,0.34981175315108853,-0.04796061745498438,0.9364012879196052,4.0,0.003110165329841218,0.02341068649899073,-0.0008753505277245363,-0.05514708324664579
meanrev,1.0,3.0,19316,"{""family"": ""meanrev"", ""min_ddv"": 10000000.0, ""min_price"": 5.0, ""regime"": ""spy200"", ""trend"": true, ""mom_min"": 0.15, ""rsi2_max"": 100.0, ""rsi14_max"": 50.0, ""ret21_max"": 1.0, ""dist_ema20_max"": 0.0, ""dist_ema50_min"": -1.0, ""dist_hh60_min"": -0.1, ""atr_ratio_max"": 10.0, ""vol_ratio_min"": 0.0, ""up_close"": true, ""strong_close"": false}",8295,1184.073132577239,0.2976491862567812,0.07961910079249396,1.0978293003814608,6.0,0.0,0.02065856432983152,0.0021060369092492344,0.08845355018846784,4912,1227.1594798083504,0.27870521172638435,0.0009589072674504492,1.0011586597053552,5.0,0.0,0.02389471414185847,0.0003725739381039628,0.018777726480439724,6109,1526.204654346338,0.2720576199050581,-0.02767682726066382,0.9674600327144759,5.0,0.00474709445081028,0.02341068649899073,-0.00039980413150187576,-0.02015012822769454
meanrev,1.5,0.5,19316,"{""family"": ""meanrev"", ""min_ddv"": 10000000.0, ""min_price"": 5.0, ""regime"": ""spy200"", ""trend"": true, ""mom_min"": 0.15, ""rsi2_max"": 100.0, ""rsi14_max"": 50.0, ""ret21_max"": 1.0, ""dist_ema20_max"": 0.0, ""dist_ema50_min"": -1.0, ""dist_hh60_min"": -0.1, ""atr_ratio_max"": 10.0, ""vol_ratio_min"": 0.0, ""up_close"": true, ""strong_close"": false}",8295,1184.073132577239,0.6996986136226643,-0.01021662349468399,0.9693845779815906,3.0,0.0,0.030987846494747215,-0.00017356957477075672,-0.014579844280743564,4912,1227.1594798083504,0.6748778501628665,-0.044477101138419864,0.8759470149908418,3.0,0.0,0.03584207121278768,-0.0014332788365143722,-0.12039542226720727,6109,1526.204654346338,0.670322475036831,-0.04180459775376467,0.8854324016927582,3.0,0.001636929120969062,0.03511602974848628,-0.0014210256098751747,-0.11936615122951467
meanrev,1.5,0.75,19316,"{""family"": ""meanrev"", ""min_ddv"": 10000000.0, ""min_price"": 5.0, ""regime"": ""spy200"", ""trend"": true, ""mom_min"": 0.15, ""rsi2_max"": 100.0, ""rsi14_max"": 50.0, ""ret21_max"": 1.0, ""dist_ema20_max"": 0.0, ""dist_ema50_min"": -1.0, ""dist_hh60_min"": -0.1, ""atr_ratio_max"": 10.0, ""vol_ratio_min"": 0.0, ""up_close"": true, ""strong_close"": false}",8295,1184.073132577239,0.6203737191078963,0.030771094158688013,1.0730380947335556,4.0,0.0,0.030987846494747215,0.001134932946818827,0.07150077564958611,4912,1227.1594798083504,0.5761400651465798,-0.05280301041812861,0.8873992474315304,4.0,0.0,0.03584207121278768,-0.0017029256621738514,-0.10728431671695264,6109,1526.204654346338,0.5770175151415944,-0.0397772547606475,0.9156167803182557,4.0,0.004092322802422655,0.03511602974848628,-0.0013984543701145644,-0.08810262531721755
meanrev,1.5,1.0,19316,"{""family"": ""meanrev"", ""min_ddv"": 10000000.0, ""min_price"": 5.0, ""regime"": ""spy200"", ""trend"": true, ""mom_min"": 0.15, ""rsi2_max"": 100.0, ""rsi14_max"": 50.0, ""ret21_max"": 1.0, ""dist_ema20_max"": 0.0, ""dist_ema50_min"": -1.0, ""dist_hh60_min"": -0.1, ""atr_ratio_max"": 10.0, ""vol_ratio_min"": 0.0, ""up_close"": true, ""strong_close"": false}",8295,1184.073132577239,0.5479204339963833,0.03922986034244909,1.0780789350859603,5.0,0.0,0.030987846494747215,0.0014874130287969988,0.07496561665136874,4912,1227.1594798083504,0.5168973941368078,-0.028317562147180172,0.947085398291679,5.0,0.0,0.03584207121278768,-0.0008824777938569218,-0.04447688081038886,6109,1526.204654346338,0.5092486495334752,-0.0335192263999446,0.9388243083216079,5.0,0.005238173187100998,0.03511602974848628,-0.0010570156795129942,-0.053273590247454906
meanrev,1.5,1.5,19316,"{""family"": ""meanrev"", ""min_ddv"": 10000000.0, ""min_price"": 5.0, ""regime"": ""spy200"", ""trend"": true, ""mom_min"": 0.15, ""rsi2_max"": 100.0, ""rsi14_max"": 50.0, ""ret21_max"": 1.0, ""dist_ema20_max"": 0.0, ""dist_ema50_min"": -1.0, ""dist_hh60_min"": -0.1, ""atr_ratio_max"": 10.0, ""vol_ratio_min"": 0.0, ""up_close"": true, ""strong_close"": false}",8295,1184.073132577239,0.44761904761904764,0.05604824933508044,1.0913555072712722,7.0,0.0,0.030987846494747215,0.002150984626916751,0.07743544656900303,4912,1227.1594798083504,0.42996742671009774,0.0050552694241842045,1.0079817787172856,6.0,0.0,0.03584207121278768,0.0003505347698712642,0.014722460334593096,6109,1526.204654346338,0.42494679980356853,-0.0023536170696622683,0.9963613446247878,6.0,0.006875102308070061,0.03511602974848628,0.000209616510272851,0.008803893431459741
meanrev,1.5,2.0,19316,"{""family"": ""meanrev"", ""min_ddv"": 10000000.0, ""min_price"": 5.0, ""regime"": ""spy200"", ""trend"": true, ""mom_min"": 0.15, ""rsi2_max"": 100.0, ""rsi14_max"": 50.0, ""ret21_max"": 1.0, ""dist_ema20_max"": 0.0, ""dist_ema50_min"": -1.0, ""dist_hh60_min"": -0.1, ""atr_ratio_max"": 10.0, ""vol_ratio_min"": 0.0, ""up_close"": true, ""strong_close"": false}",8295,1184.073132577239,0.383001808318264,0.07848721230637395,1.1142495801934973,8.0,0.0,0.030987846494747215,0.0029335146910114177,0.09240571276685966,4912,1227.1594798083504,0.36991042345276876,0.032486956259037865,1.0463245654548137,8.0,0.0,0.03584207121278768,0.0014979499078286436,0.04718542209660227,6109,1526.204654346338,0.3622524144704534,0.011957063876844597,1.0166549321766158,7.0,0.008675724341136028,0.03511602974848628,0.0007955882281924071,0.028641176214926654
meanrev,1.5,3.0,19316,"{""family"": ""meanrev"", ""min_ddv"": 10000000.0, ""min_price"": 5.0, ""regime"": ""spy200"", ""trend"": true, ""mom_min"": 0.15, ""rsi2_max"": 100.0, ""rsi14_max"": 50.0, ""ret21_max"": 1.0, ""dist_ema20_max"": 0.0, ""dist_ema50_min"": -1.0, ""dist_hh60_min"": -0.1, ""atr_ratio_max"": 10.0, ""vol_ratio_min"": 0.0, ""up_close"": true, ""strong_close"": false}",8295,1184.073132577239,0.3047619047619048,0.14232802817063658,1.1832978235015639,11.0,0.0,0.030987846494747215,0.004987509491393772,0.11425930834829369,4912,1227.1594798083504,0.30069218241042345,0.11945431967410569,1.1532883850656868,10.0,0.0,0.03584207121278768,0.005048227106774977,0.12721532309072942,6109,1526.204654346338,0.2985758716647569,0.08773807897374966,1.1100875358451592,9.0,0.016041905385496807,0.03511602974848628,0.00383518954609921,0.10738530729077787
meanrev,2.0,0.5,19316,"{""family"": ""meanrev"", ""min_ddv"": 10000000.0, ""min_price"": 5.0, ""regime"": ""spy200"", ""trend"": true, ""mom_min"": 0.15, ""rsi2_max"": 100.0, ""rsi14_max"": 50.0, ""ret21_max"": 1.0, ""dist_ema20_max"": 0.0, ""dist_ema50_min"": -1.0, ""dist_hh60_min"": -0.1, ""atr_ratio_max"": 10.0, ""vol_ratio_min"": 0.0, ""up_close"": true, ""strong_close"": false}",8295,1184.073132577239,0.7136829415310428,0.033197551653131145,1.1063872643792547,4.0,0.0,0.041317128659662916,0.001601434386218368,0.10089036633175719,4912,1227.1594798083504,0.6773208469055375,-0.026585354690236537,0.9241970614339612,4.0,0.0,0.047789428283716885,-0.0011674720540962107,-0.07355073940806127,6109,1526.204654346338,0.6734326403666722,-0.02075967564838166,0.9415721258291827,4.0,0.005565559011294811,0.04682137299798164,-0.0007305469659290301,-0.0460244588535289
meanrev,2.0,0.75,19316,"{""family"": ""meanrev"", ""min_ddv"": 10000000.0, ""min_price"": 5.0, ""regime"": ""spy200"", ""trend"": true, ""mom_min"": 0.15, ""rsi2_max"": 100.0, ""rsi14_max"": 50.0, ""ret21_max"": 1.0, ""dist_ema20_max"": 0.0, ""dist_ema50_min"": -1.0, ""dist_hh60_min"": -0.1, ""atr_ratio_max"": 10.0, ""vol_ratio_min"": 0.0, ""up_close"": true, ""strong_close"": false}",8295,1184.073132577239,0.6241109101868596,0.05480067497695084,1.1338376102929728,6.0,0.0,0.041317128659662916,0.002593365733457447,0.10892136080521277,4912,1227.1594798083504,0.5922231270358306,-0.00799311249159356,0.9819880370690413,5.0,0.0,0.047789428283716885,-0.00036651811054192547,-0.018472512771313045,6109,1526.204654346338,0.5892944835488624,-0.0002946053830693177,0.9993418231351473,6.0,0.007857259780651498,0.04682137299798164,0.00035608036217465994,0.014955375211335718
meanrev,2.0,1.0,19316,"{""family"": ""meanrev"", ""min_ddv"": 10000000.0, ""min_price"": 5.0, ""regime"": ""spy200"", ""trend"": true, ""mom_min"": 0.15, ""rsi2_max"": 100.0, ""rsi14_max"": 50.0, ""ret21_max"": 1.0, ""dist_ema20_max"": 0.0, ""dist_ema50_min"": -1.0, ""dist_hh60_min"": -0.1, ""atr_ratio_max"": 10.0, ""vol_ratio_min"": 0.0, ""up_close"": true, ""strong_close"": false}",8295,1184.073132577239,0.5544303797468354,0.06898860808635797,1.1420851570127049,7.0,0.0,0.041317128659662916,0.0032811895296096195,0.1181228230659463,4912,1227.1594798083504,0.5333876221498371,0.01775039780248805,1.0349770354406675,7.0,0.0,0.047789428283716885,0.0009868749411163676,0.03552749788018923,6109,1526.204654346338,0.5280733344246195,0.018713321142829493,1.0363057653965209,7.0,0.009330495989523653,0.04682137299798164,0.0014212211124528544,0.05116396004830276
meanrev,2.0,1.5,19316,"{""family"": ""meanrev"", ""min_ddv"": 10000000.0, ""min_price"": 5.0, ""regime"": ""spy200"", ""trend"": true, ""mom_min"": 0.15, ""rsi2_max"": 100.0, ""rsi14_max"": 50.0, ""ret21_max"": 1.0, ""dist_ema20_max"": 0.0, ""dist_ema50_min"": -1.0, ""dist_hh60_min"": -0.1, ""atr_ratio_max"": 10.0, ""vol_ratio_min"": 0.0, ""up_close"": true, ""strong_close"": false}",8295,1184.073132577239,0.4594333936106088,0.09900135495711233,1.167780643219636,11.0,0.0,0.041317128659662916,0.004709995822557042,0.1079017224803977,4912,1227.1594798083504,0.44706840390879476,0.06133043835826979,1.1017180110334912,10.0,0.0,0.047789428283716885,0.0031296651382271405,0.07886756148332394,6109,1526.204654346338,0.4401702406285808,0.05136916749284374,1.0839041425741032,10.0,0.012604354231461778,0.04682137299798164,0.0031361240657375475,0.0790303264565862
meanrev,2.0,2.0,19316,"{""family"": ""meanrev"", ""min_ddv"": 10000000.0, ""min_price"": 5.0, ""regime"": ""spy200"", ""trend"": true, ""mom_min"": 0.15, ""rsi2_max"": 100.0, ""rsi14_max"": 50.0, ""ret21_max"": 1.0, ""dist_ema20_max"": 0.0, ""dist_ema50_min"": -1.0, ""dist_hh60_min"": -0.1, ""atr_ratio_max"": 10.0, ""vol_ratio_min"": 0.0, ""up_close"": true, ""strong_close"": false}",8295,1184.073132577239,0.39987944544906573,0.14535141543608826,1.2216918086314912,13.0,0.0,0.041317128659662916,0.0066695190536476285,0.12928606165532325,4912,1227.1594798083504,0.3933224755700326,0.11932096126121726,1.1802602063486598,13.0,0.0,0.047789428283716885,0.006132855452063047,0.11888304414768368,6109,1526.204654346338,0.39008020952692746,0.10355386990106658,1.154599818317559,12.0,0.019970535275822557,0.04682137299798164,0.005904591676253679,0.12399642520132725
meanrev,2.0,3.0,19316,"{""family"": ""meanrev"", ""min_ddv"": 10000000.0, ""min_price"": 5.0, ""regime"": ""spy200"", ""trend"": true, ""mom_min"": 0.15, ""rsi2_max"": 100.0, ""rsi14_max"": 50.0, ""ret21_max"": 1.0, ""dist_ema20_max"": 0.0, ""dist_ema50_min"": -1.0, ""dist_hh60_min"": -0.1, ""atr_ratio_max"": 10.0, ""vol_ratio_min"": 0.0, ""up_close"": true, ""strong_close"": false}",8295,1184.073132577239,0.32176009644364073,0.22690673773975287,1.3053116806367553,18.0,0.0,0.041317128659662916,0.010457019829094295,0.14639827760732013,4912,1227.1594798083504,0.31901465798045603,0.21267421935828848,1.2859662269380616,18.0,0.0,0.047789428283716885,0.011281456165674187,0.1579403863194386,6109,1526.204654346338,0.3273858241938124,0.20189379811877306,1.271140044450018,15.0,0.027827795056474054,0.04682137299798164,0.01059747974905605,0.17803765978414166
meanrev,3.0,0.5,19316,"{""family"": ""meanrev"", ""min_ddv"": 10000000.0, ""min_price"": 5.0, ""regime"": ""spy200"", ""trend"": true, ""mom_min"": 0.15, ""rsi2_max"": 100.0, ""rsi14_max"": 50.0, ""ret21_max"": 1.0, ""dist_ema20_max"": 0.0, ""dist_ema50_min"": -1.0, ""dist_hh60_min"": -0.1, ""atr_ratio_max"": 10.0, ""vol_ratio_min"": 0.0, ""up_close"": true, ""strong_close"": false}",8294,1183.9303871724676,0.7222088256571015,0.06190758880828529,1.2073601856151077,7.0,0.0,0.061975523245791544,0.00428401871426886,0.15422467371367896,4895,1222.9123887748117,0.693564862104188,0.01535242086270757,1.0471048122579467,7.0,0.0,0.07158325290740515,0.0009763827030358675,0.03514977730929123,6094,1522.457221081451,0.7011814899901543,0.03849448804276383,1.1217377867481002,7.0,0.010338037413849688,0.07017961016253223,0.003209727376984675,0.11555018557144832
meanrev,3.0,0.75,19316,"{""family"": ""meanrev"", ""min_ddv"": 10000000.0, ""min_price"": 5.0, ""regime"": ""spy200"", ""trend"": true, ""mom_min"": 0.15, ""rsi2_max"": 100.0, ""rsi14_max"": 50.0, ""ret21_max"": 1.0, ""dist_ema20_max"": 0.0, ""dist_ema50_min"": -1.0, ""dist_hh60_min"": -0.1, ""atr_ratio_max"": 10.0, ""vol_ratio_min"": 0.0, ""up_close"": true, ""strong_close"": false}",8294,1183.9303871724676,0.6329877019532192,0.08440800272789199,1.2143664657733084,11.0,0.0,0.061975523245791544,0.00585974425742591,0.13424141389739355,4895,1222.9123887748117,0.6208375893769152,0.05787486292803529,1.143404852047544,12.0,0.0,0.07158325290740515,0.0038894375454804563,0.08167818845508958,6094,1522.457221081451,0.6279947489333771,0.08153610003093782,1.2070945424110133,11.0,0.013619954053167049,0.07017961016253223,0.006567974723952542,0.15046633003964005
meanrev,3.0,1.0,19316,"{""family"": ""meanrev"", ""min_ddv"": 10000000.0, ""min_price"": 5.0, ""regime"": ""spy200"", ""trend"": true, ""mom_min"": 0.15, ""rsi2_max"": 100.0, ""rsi14_max"": 50.0, ""ret21_max"": 1.0, ""dist_ema20_max"": 0.0, ""dist_ema50_min"": -1.0, ""dist_hh60_min"": -0.1, ""atr_ratio_max"": 10.0, ""vol_ratio_min"": 0.0, ""up_close"": true, ""strong_close"": false}",8294,1183.9303871724676,0.5722208825657101,0.11520879347900874,1.251053753763358,15.0,0.0,0.061975523245791544,0.008024278226518874,0.1348078742055171,4895,1222.9123887748117,0.5664964249233913,0.0999069529643372,1.2164216116193012,15.0,0.0,0.07158325290740515,0.007023907186733066,0.11800164073711551,6094,1522.457221081451,0.5669510994420742,0.10972203746106303,1.2394785663174208,14.0,0.018542829012143092,0.07017961016253223,0.008600098653623826,0.15480177576522886
meanrev,3.0,1.5,19316,"{""family"": ""meanrev"", ""min_ddv"": 10000000.0, ""min_price"": 5.0, ""regime"": ""spy200"", ""trend"": true, ""mom_min"": 0.15, ""rsi2_max"": 100.0, ""rsi14_max"": 50.0, ""ret21_max"": 1.0, ""dist_ema20_max"": 0.0, ""dist_ema50_min"": -1.0, ""dist_hh60_min"": -0.1, ""atr_ratio_max"": 10.0, ""vol_ratio_min"": 0.0, ""up_close"": true, ""strong_close"": false}",8294,1183.9303871724676,0.48589341692789967,0.1812927986588284,1.3286428181828487,22.0,0.0,0.061975523245791544,0.012018713261101958,0.13766889735444063,4895,1222.9123887748117,0.48927477017364657,0.1880023072365749,1.3461467387690327,22.0,0.0,0.07158325290740515,0.013661066990808659,0.15648131280380825,6094,1522.457221081451,0.48802100426649164,0.17392846434026712,1.3186128599646125,19.0,0.029209058089924515,0.07017961016253223,0.013533214582402264,0.17949316182975633
meanrev,3.0,2.0,19316,"{""family"": ""meanrev"", ""min_ddv"": 10000000.0, ""min_price"": 5.0, ""regime"": ""spy200"", ""trend"": true, ""mom_min"": 0.15, ""rsi2_max"": 100.0, ""rsi14_max"": 50.0, ""ret21_max"": 1.0, ""dist_ema20_max"": 0.0, ""dist_ema50_min"": -1.0, ""dist_hh60_min"": -0.1, ""atr_ratio_max"": 10.0, ""vol_ratio_min"": 0.0, ""up_close"": true, ""strong_close"": false}",8294,1183.9303871724676,0.42826139377863515,0.24610423978928073,1.4012279479119276,28.0,0.00024113817217265494,0.061975523245791544,0.016290916854067843,0.14661825168661058,4895,1222.9123887748117,0.43227783452502555,0.2595997898590352,1.4290779984187327,30.0,0.0,0.07158325290740515,0.019126927337464097,0.16066618963469842,6094,1522.457221081451,0.43912044634066294,0.24654855097157063,1.4119935920802738,25.0,0.03889071217591073,0.07017961016253223,0.01875328377016189,0.18903310040323187
meanrev,3.0,3.0,19316,"{""family"": ""meanrev"", ""min_ddv"": 10000000.0, ""min_price"": 5.0, ""regime"": ""spy200"", ""trend"": true, ""mom_min"": 0.15, ""rsi2_max"": 100.0, ""rsi14_max"": 50.0, ""ret21_max"": 1.0, ""dist_ema20_max"": 0.0, ""dist_ema50_min"": -1.0, ""dist_hh60_min"": -0.1, ""atr_ratio_max"": 10.0, ""vol_ratio_min"": 0.0, ""up_close"": true, ""strong_close"": false}",8294,1183.9303871724676,0.3550759585242344,0.3701211590587576,1.5335306592300062,41.0,0.001326259946949602,0.061975523245791544,0.02337708182141183,0.14368352729258002,4895,1222.9123887748117,0.3452502553626149,0.3313969610780846,1.4720546471714189,40.0,0.0012257405515832482,0.07158325290740515,0.0246784815649037,0.1554744338588933,6094,1522.457221081451,0.37282573022645227,0.370732908719765,1.5518454266706851,34.0,0.05365933705283886,0.07017961016253223,0.027716918383414325,0.20543127743001205
meanrev,1.0,0.5,5355,"{""family"": ""meanrev"", ""min_ddv"": 10000000.0, ""min_price"": 5.0, ""regime"": ""spy200"", ""trend"": true, ""mom_min"": 0.15, ""rsi2_max"": 100.0, ""rsi14_max"": 100.0, ""ret21_max"": 1.0, ""dist_ema20_max"": 0.0, ""dist_ema50_min"": -1.0, ""dist_hh60_min"": -0.05, ""atr_ratio_max"": 10.0, ""vol_ratio_min"": 0.0, ""up_close"": true, ""strong_close"": false}",2995,427.5224872897927,0.6931552587646077,-0.08035023056293476,0.7751884644263719,1.0,0.0,0.01638615841737636,-0.001255822520989004,-0.316467275289229,1159,289.5516769336071,0.6729939603106126,-0.1058697331593301,0.7186781095575561,1.0,0.0,0.017836259159857076,-0.0019238792745564532,-0.4848175771882262,1201,300.04449007529087,0.6711074104912573,-0.09365678679774712,0.7489357952774968,1.0,0.0008326394671107411,0.01824527862013262,-0.001658695147672484,-0.41799117721346596
meanrev,1.0,0.75,5355,"{""family"": ""meanrev"", ""min_ddv"": 10000000.0, ""min_price"": 5.0, ""regime"": ""spy200"", ""trend"": true, ""mom_min"": 0.15, ""rsi2_max"": 100.0, ""rsi14_max"": 100.0, ""ret21_max"": 1.0, ""dist_ema20_max"": 0.0, ""dist_ema50_min"": -1.0, ""dist_hh60_min"": -0.05, ""atr_ratio_max"": 10.0, ""vol_ratio_min"": 0.0, ""up_close"": true, ""strong_close"": false}",2995,427.5224872897927,0.6100166944908181,-0.05526219854136373,0.8786358638059176,2.0,0.0,0.01638615841737636,-0.0007926534877284948,-0.09987433945379035,1159,289.5516769336071,0.5875754961173425,-0.08937442919572548,0.8142094535937103,2.0,0.0,0.017836259159857076,-0.0016339146184755802,-0.2058732419279231,1201,300.04449007529087,0.5895087427144047,-0.053193039539489534,0.8863610135518663,2.0,0.0016652789342214821,0.01824527862013262,-0.000889857482409313,-0.11212204278357343
meanrev,1.0,1.0,5355,"{""family"": ""meanrev"", ""min_ddv"": 10000000.0, ""min_price"": 5.0, ""regime"": ""spy200"", ""trend"": true, ""mom_min"": 0.15, ""rsi2_max"": 100.0, ""rsi14_max"": 100.0, ""ret21_max"": 1.0, ""dist_ema20_max"": 0.0, ""dist_ema50_min"": -1.0, ""dist_hh60_min"": -0.05, ""atr_ratio_max"": 10.0, ""vol_ratio_min"": 0.0, ""up_close"": true, ""strong_close"": false}",2995,427.5224872897927,0.547245409015025,-0.027616934626352296,0.9478726909513411,2.0,0.0,0.01638615841737636,-0.0003177156181196085,-0.04003216788307067,1159,289.5516769336071,0.5090595340811044,-0.10139128143619677,0.8239818369231529,2.0,0.0,0.017836259159857076,-0.00182894889309854,-0.23044756053041604,1201,300.04449007529087,0.5220649458784347,-0.0387581302504151,0.9294309847446686,2.0,0.0016652789342214821,0.01824527862013262,-0.000649664178716089,-0.08185768651822721
meanrev,1.0,1.5,5355,"{""family"": ""meanrev"", ""min_ddv"": 10000000.0, ""min_price"": 5.0, ""regime"": ""spy200"", ""trend"": true, ""mom_min"": 0.15, ""rsi2_max"": 100.0, ""rsi14_max"": 100.0, ""ret21_max"": 1.0, ""dist_ema20_max"": 0.0, ""dist_ema50_min"": -1.0, ""dist_hh60_min"": -0.05, ""atr_ratio_max"": 10.0, ""vol_ratio_min"": 0.0, ""up_close"": true, ""strong_close"": false}",2995,427.5224872897927,0.44908180300500833,0.00025766704572818973,1.0003960313622653,3.0,0.0,0.01638615841737636,0.00020949903215008176,0.017597918700606868,1159,289.5516769336071,0.4288179465056083,-0.055609937316056735,0.9172516763860188,3.0,0.0,0.017836259159857076,-0.0010362233512192737,-0.08704276150241898,1201,300.04449007529087,0.43130724396336384,-0.019332005893308156,0.970739794556479,3.0,0.0016652789342214821,0.01824527862013262,-0.0002539216653629628,-0.021329419890488876
meanrev,1.0,2.0,5355,"{""family"": ""meanrev"", ""min_ddv"": 10000000.0, ""min_price"": 5.0, ""regime"": ""spy200"", ""trend"": true, ""mom_min"": 0.15, ""rsi2_max"": 100.0, ""rsi14_max"": 100.0, ""ret21_max"": 1.0, ""dist_ema20_max"": 0.0, ""dist_ema50_min"": -1.0, ""dist_hh60_min"": -0.05, ""atr_ratio_max"": 10.0, ""vol_ratio_min"": 0.0, ""up_close"": true, ""strong_close"": false}",2995,427.5224872897927,0.38196994991652755,0.013018565626276778,1.017804429307929,4.0,0.0,0.01638615841737636,0.0005081199170551695,0.032011554774475676,1159,289.5516769336071,0.35634167385677307,-0.07024871313331338,0.9074579644034059,4.0,0.0,0.017836259159857076,-0.001090281539713181,-0.06868773700193041,1201,300.04449007529087,0.3771856786011657,0.0250565135684856,1.0344528334085603,3.0,0.002497918401332223,0.01824527862013262,0.0006487148905171303,0.05449205080343895
meanrev,1.0,3.0,5355,"{""family"": ""meanrev"", ""min_ddv"": 10000000.0, ""min_price"": 5.0, ""regime"": ""spy200"", ""trend"": true, ""mom_min"": 0.15, ""rsi2_max"": 100.0, ""rsi14_max"": 100.0, ""ret21_max"": 1.0, ""dist_ema20_max"": 0.0, ""dist_ema50_min"": -1.0, ""dist_hh60_min"": -0.05, ""atr_ratio_max"": 10.0, ""vol_ratio_min"": 0.0, ""up_close"": true, ""strong_close"": false}",2995,427.5224872897927,0.30317195325542573,0.07016431497910569,1.0850915653690596,5.0,0.0,0.01638615841737636,0.0014103095464362907,0.07107960114038905,1159,289.5516769336071,0.274374460742019,-0.06426125279921008,0.9256120616863918,5.0,0.0,0.017836259159857076,-0.000987356516585967,-0.04976276843593273,1201,300.04449007529087,0.29059117402164863,0.024030409814412047,1.028251714711886,5.0,0.002497918401332223,0.01824527862013262,0.0006657735033256701,0.03355498456761378
meanrev,1.5,0.5,5355,"{""family"": ""meanrev"", ""min_ddv"": 10000000.0, ""min_price"": 5.0, ""regime"": ""spy200"", ""trend"": true, ""mom_min"": 0.15, ""rsi2_max"": 100.0, ""rsi14_max"": 100.0, ""ret21_max"": 1.0, ""dist_ema20_max"": 0.0, ""dist_ema50_min"": -1.0, ""dist_hh60_min"": -0.05, ""atr_ratio_max"": 10.0, ""vol_ratio_min"": 0.0, ""up_close"": true, ""strong_close"": false}",2995,427.5224872897927,0.7061769616026711,-0.01977886732732344,0.9402635990369067,2.0,0.0,0.024579237626064475,-0.0003811231315118017,-0.04802151457048701,1159,289.5516769336071,0.6954270923209663,-0.03326072143727528,0.903224554067182,2.0,0.0,0.02675438873978561,-0.0009175514725949819,-0.11561148554696772,1201,300.04449007529087,0.678601165695254,-0.04100324746076399,0.8857683520386056,2.0,0.0016652789342214821,0.027367917930198927,-0.0012037851445080216,-0.15167692820801074
meanrev,1.5,0.75,5355,"{""family"": ""meanrev"", ""min_ddv"": 10000000.0, ""min_price"": 5.0, ""regime"": ""spy200"", ""trend"": true, ""mom_min"": 0.15, ""rsi2_max"": 100.0, ""rsi14_max"": 100.0, ""ret21_max"": 1.0, ""dist_ema20_max"": 0.0, ""dist_ema50_min"": -1.0, ""dist_hh60_min"": -0.05, ""atr_ratio_max"": 10.0, ""vol_ratio_min"": 0.0, ""up_close"": true, ""strong_close"": false}",2995,427.5224872897927,0.6213689482470784,0.005761077845768292,1.0134130852224705,3.0,0.0,0.024579237626064475,0.00029426054136400817,0.02471788547457669,1159,289.5516769336071,0.6048317515099223,-0.021257243398876774,0.9525897676424058,3.0,0.0,0.02675438873978561,-0.0005777034596990209,-0.04852709061471775,1201,300.04449007529087,0.5995004163197336,-0.008475999364372513,0.9811236626755584,3.0,0.0016652789342214821,0.027367917930198927,-0.0001977077477749017,-0.016607450813091743
meanrev,1.5,1.0,5355,"{""family"": ""meanrev"", ""min_ddv"": 10000000.0, ""min_price"": 5.0, ""regime"": ""spy200"", ""trend"": true, ""mom_min"": 0.15, ""rsi2_max"": 100.0, ""rsi14_max"": 100.0, ""ret21_max"": 1.0, ""dist_ema20_max"": 0.0, ""dist_ema50_min"": -1.0, ""dist_hh60_min"": -0.05, ""atr_ratio_max"": 10.0, ""vol_ratio_min"": 0.0, ""up_close"": true, ""strong_close"": false}",2995,427.5224872897927,0.5509181969949917,0.022445326571378554,1.0440138131991379,4.0,0.0,0.024579237626064475,0.0008311388893271239,0.05236175002760881,1159,289.5516769336071,0.547886108714409,0.006731081453245007,1.0130048621889756,4.0,0.0,0.02675438873978561,0.00013034957327414672,0.008212023116271243,1201,300.04449007529087,0.5312239800166528,-0.0010109123918211013,0.9980823943185307,4.0,0.0016652789342214821,0.027367917930198927,4.5422417161041096e-05,0.002861612281145589
meanrev,1.5,1.5,5355,"{""family"": ""meanrev"", ""min_ddv"": 10000000.0, ""min_price"": 5.0, ""regime"": ""spy200"", ""trend"": true, ""mom_min"": 0.15, ""rsi2_max"": 100.0, ""rsi14_max"": 100.0, ""ret21_max"": 1.0, ""dist_ema20_max"": 0.0, ""dist_ema50_min"": -1.0, ""dist_hh60_min"": -0.05, ""atr_ratio_max"": 10.0, ""vol_ratio_min"": 0.0, ""up_close"": true, ""strong_close"": false}",2995,427.5224872897927,0.45375626043405676,0.04604489330307907,1.0742399741696216,6.0,0.0,0.024579237626064475,0.001562342256490063,0.06561837477258264,1159,289.5516769336071,0.4452113891285591,0.0066667259507364645,1.0104482750877353,6.0,0.0,0.02675438873978561,0.0003299383657360841,0.013857411360915532,1201,300.04449007529087,0.440466278101582,0.01651584535821392,1.0257088250726043,5.0,0.004163197335553705,0.027367917930198927,0.00036242048123326994,0.018265992254156805
meanrev,1.5,2.0,5355,"{""family"": ""meanrev"", ""min_ddv"": 10000000.0, ""min_price"": 5.0, ""regime"": ""spy200"", ""trend"": true, ""mom_min"": 0.15, ""rsi2_max"": 100.0, ""rsi14_max"": 100.0, ""ret21_max"": 1.0, ""dist_ema20_max"": 0.0, ""dist_ema50_min"": -1.0, ""dist_hh60_min"": -0.05, ""atr_ratio_max"": 10.0, ""vol_ratio_min"": 0.0, ""up_close"": true, ""strong_close"": false}",2995,427.5224872897927,0.3926544240400668,0.08330206355384347,1.1209360377352047,8.0,0.0,0.024579237626064475,0.0024980065285902164,0.07868720565059181,1159,289.5516769336071,0.3805004314063848,0.027363226913545823,1.038442112215539,8.0,0.0,0.02675438873978561,0.0009435562845419808,0.029722022963072397,1201,300.04449007529087,0.38051623646960864,0.045096312520899295,1.0628612201126353,7.0,0.004163197335553705,0.027367917930198927,0.001234141768146238,0.04442910365326457
meanrev,1.5,3.0,5355,"{""family"": ""meanrev"", ""min_ddv"": 10000000.0, ""min_price"": 5.0, ""regime"": ""spy200"", ""trend"": true, ""mom_min"": 0.15, ""rsi2_max"": 100.0, ""rsi14_max"": 100.0, ""ret21_max"": 1.0, ""dist_ema20_max"": 0.0, ""dist_ema50_min"": -1.0, ""dist_hh60_min"": -0.05, ""atr_ratio_max"": 10.0, ""vol_ratio_min"": 0.0, ""up_close"": true, ""strong_close"": false}",2995,427.5224872897927,0.3055091819699499,0.12340906486154424,1.15566058725732,10.0,0.0,0.024579237626064475,0.0036038599649824495,0.09081727111755773,1159,289.5516769336071,0.28559102674719583,0.02630322548533884,1.0321661438710852,10.0,0.0,0.02675438873978561,0.0006249171866973919,0.01574791310477428,1201,300.04449007529087,0.3080766028309742,0.11530250746963293,1.1432891922559596,9.0,0.010824313072439634,0.027367917930198927,0.0031234154842755516,0.08745563355971545
meanrev,2.0,0.5,5355,"{""family"": ""meanrev"", ""min_ddv"": 10000000.0, ""min_price"": 5.0, ""regime"": ""spy200"", ""trend"": true, ""mom_min"": 0.15, ""rsi2_max"": 100.0, ""rsi14_max"": 100.0, ""ret21_max"": 1.0, ""dist_ema20_max"": 0.0, ""dist_ema50_min"": -1.0, ""dist_hh60_min"": -0.05, ""atr_ratio_max"": 10.0, ""vol_ratio_min"": 0.0, ""up_close"": true, ""strong_close"": false}",2995,427.5224872897927,0.7195325542570952,0.024195622191201263,1.0783658257412527,4.0,0.0,0.03277231683475259,0.000988659872861858,0.06228557199029705,1159,289.5516769336071,0.6919758412424504,-0.011864510827983761,0.9650116945518554,3.0,0.0,0.03567251831971415,-0.000675051983635049,-0.056704366625344116,1201,300.04449007529087,0.6902581182348043,0.00029081920255817883,1.000862650841562,4.0,0.0016652789342214821,0.03649055724026543,6.572225050960353e-05,0.004140501782105023
meanrev,2.0,0.75,5355,"{""family"": ""meanrev"", ""min_ddv"": 10000000.0, ""min_price"": 5.0, ""regime"": ""spy200"", ""trend"": true, ""mom_min"": 0.15, ""rsi2_max"": 100.0, ""rsi14_max"": 100.0, ""ret21_max"": 1.0, ""dist_ema20_max"": 0.0, ""dist_ema50_min"": -1.0, ""dist_hh60_min"": -0.05, ""atr_ratio_max"": 10.0, ""vol_ratio_min"": 0.0, ""up_close"": true, ""strong_close"": false}",2995,427.5224872897927,0.6260434056761269,0.03954532782466708,1.095442913650645,5.0,0.0,0.03277231683475259,0.001609419786486935,0.08111475723894153,1159,289.5516769336071,0.6212251941328731,0.029378354003000963,1.0700574125343059,5.0,0.0,0.03567251831971415,0.0007608426387953741,0.038346468995286855,1201,300.04449007529087,0.5978351373855121,0.006317312657381457,1.0143748805971942,5.0,0.0016652789342214821,0.03649055724026543,0.000319108219197791,0.016083054247568666
meanrev,2.0,1.0,5355,"{""family"": ""meanrev"", ""min_ddv"": 10000000.0, ""min_price"": 5.0, ""regime"": ""spy200"", ""trend"": true, ""mom_min"": 0.15, ""rsi2_max"": 100.0, ""rsi14_max"": 100.0, ""ret21_max"": 1.0, ""dist_ema20_max"": 0.0, ""dist_ema50_min"": -1.0, ""dist_hh60_min"": -0.05, ""atr_ratio_max"": 10.0, ""vol_ratio_min"": 0.0, ""up_close"": true, ""strong_close"": false}",2995,427.5224872897927,0.55559265442404,0.05088126409677709,1.103453296200676,7.0,0.0,0.03277231683475259,0.0021087832976403606,0.07591619871505298,1159,289.5516769336071,0.5418464193270061,0.01700389092419121,1.0335181657594588,7.0,0.0,0.03567251831971415,0.0005338512168490133,0.01921864380656448,1201,300.04449007529087,0.5303913405495421,0.016206127218459265,1.0314958083689674,6.0,0.004163197335553705,0.03649055724026543,0.0005494807258927108,0.023078190487493853
meanrev,2.0,1.5,5355,"{""family"": ""meanrev"", ""min_ddv"": 10000000.0, ""min_price"": 5.0, ""regime"": ""spy200"", ""trend"": true, ""mom_min"": 0.15, ""rsi2_max"": 100.0, ""rsi14_max"": 100.0, ""ret21_max"": 1.0, ""dist_ema20_max"": 0.0, ""dist_ema50_min"": -1.0, ""dist_hh60_min"": -0.05, ""atr_ratio_max"": 10.0, ""vol_ratio_min"": 0.0, ""up_close"": true, ""strong_close"": false}",2995,427.5224872897927,0.4651085141903172,0.09388329301128642,1.158695364639839,10.0,0.0,0.03277231683475259,0.003616259162190843,0.09112973088720924,1159,289.5516769336071,0.45211389128559104,0.05092296402291483,1.0837302082938385,9.0,0.0,0.03567251831971415,0.0017426700377473694,0.048794761056926345,1201,300.04449007529087,0.4421315570358035,0.042111789770179237,1.0674655854334647,9.0,0.004163197335553705,0.03649055724026543,0.0016347408897358323,0.0457727449126033
meanrev,2.0,2.0,5355,"{""family"": ""meanrev"", ""min_ddv"": 10000000.0, ""min_price"": 5.0, ""regime"": ""spy200"", ""trend"": true, ""mom_min"": 0.15, ""rsi2_max"": 100.0, ""rsi14_max"": 100.0, ""ret21_max"": 1.0, ""dist_ema20_max"": 0.0, ""dist_ema50_min"": -1.0, ""dist_hh60_min"": -0.05, ""atr_ratio_max"": 10.0, ""vol_ratio_min"": 0.0, ""up_close"": true, ""strong_close"": false}",2995,427.5224872897927,0.3979966611018364,0.12272770512544494,1.183440038093876,12.0,0.0,0.03277231683475259,0.00463582488889218,0.09735232266673577,1159,289.5516769336071,0.38912855910267474,0.0884696698181322,1.1309105467355376,12.0,0.0,0.03567251831971415,0.0026870086550616705,0.05642718175629508,1201,300.04449007529087,0.38800999167360534,0.09072327196739857,1.1326127939837936,10.0,0.010824313072439634,0.03649055724026543,0.0035244807820866584,0.08881691570858379
meanrev,2.0,3.0,5355,"{""family"": ""meanrev"", ""min_ddv"": 10000000.0, ""min_price"": 5.0, ""regime"": ""spy200"", ""trend"": true, ""mom_min"": 0.15, ""rsi2_max"": 100.0, ""rsi14_max"": 100.0, ""ret21_max"": 1.0, ""dist_ema20_max"": 0.0, ""dist_ema50_min"": -1.0, ""dist_hh60_min"": -0.05, ""atr_ratio_max"": 10.0, ""vol_ratio_min"": 0.0, ""up_close"": true, ""strong_close"": false}",2995,427.5224872897927,0.3081803005008347,0.15654140056424967,1.2030047638715828,17.0,0.0,0.03277231683475259,0.005716457604003923,0.08473807742405814,1159,289.5516769336071,0.3166522864538395,0.18767737132622245,1.2490218376627158,16.0,0.0,0.03567251831971415,0.0066564389927637755,0.10483891413602946,1201,300.04449007529087,0.33388842631140714,0.2397309618818843,1.3219524480365294,13.0,0.014154870940882597,0.03649055724026543,0.009118753884887363,0.17676353684550888
meanrev,3.0,0.5,5355,"{""family"": ""meanrev"", ""min_ddv"": 10000000.0, ""min_price"": 5.0, ""regime"": ""spy200"", ""trend"": true, ""mom_min"": 0.15, ""rsi2_max"": 100.0, ""rsi14_max"": 100.0, ""ret21_max"": 1.0, ""dist_ema20_max"": 0.0, ""dist_ema50_min"": -1.0, ""dist_hh60_min"": -0.05, ""atr_ratio_max"": 10.0, ""vol_ratio_min"": 0.0, ""up_close"": true, ""strong_close"": false}",2995,427.5224872897927,0.7202003338898164,0.04689737125098837,1.154643488346761,7.0,0.0,0.04915847525212895,0.0025655862869649725,0.09236110633073902,1159,289.5516769336071,0.6997411561691113,0.01598152186917633,1.0497405075628599,6.0,0.0,0.05350877747957122,0.0002576612087128658,0.010821770765940363,1201,300.04449007529087,0.6885928393005828,0.011556196315505076,1.0349694131421991,6.0,0.004995836802664446,0.054735835860398055,0.0008461794039200757,0.03553953496464318
meanrev,3.0,0.75,5355,"{""family"": ""meanrev"", ""min_ddv"": 10000000.0, ""min_price"": 5.0, ""regime"": ""spy200"", ""trend"": true, ""mom_min"": 0.15, ""rsi2_max"": 100.0, ""rsi14_max"": 100.0, ""ret21_max"": 1.0, ""dist_ema20_max"": 0.0, ""dist_ema50_min"": -1.0, ""dist_hh60_min"": -0.05, ""atr_ratio_max"": 10.0, ""vol_ratio_min"": 0.0, ""up_close"": true, ""strong_close"": false}",2995,427.5224872897927,0.6260434056761269,0.059500474944082594,1.1470838329387247,10.0,0.0,0.04915847525212895,0.003433986211703291,0.08653645253492294,1159,289.5516769336071,0.6177739430543572,0.038844614547708996,1.094792365596609,10.0,0.0,0.05350877747957122,0.0017141329685904027,0.04319615080847815,1201,300.04449007529087,0.6019983347210658,0.02179098679084571,1.051084016484647,9.0,0.00832639467110741,0.054735835860398055,0.0010847785581493917,0.030373799628182967
meanrev,3.0,1.0,5355,"{""family"": ""meanrev"", ""min_ddv"": 10000000.0, ""min_price"": 5.0, ""regime"": ""spy200"", ""trend"": true, ""mom_min"": 0.15, ""rsi2_max"": 100.0, ""rsi14_max"": 100.0, ""ret21_max"": 1.0, ""dist_ema20_max"": 0.0, ""dist_ema50_min"": -1.0, ""dist_hh60_min"": -0.05, ""atr_ratio_max"": 10.0, ""vol_ratio_min"": 0.0, ""up_close"": true, ""strong_close"": false}",2995,427.5224872897927,0.5722871452420701,0.10147731262625065,1.2192634392131647,13.0,0.0,0.04915847525212895,0.005682899813762724,0.1101608271590928,1159,289.5516769336071,0.5677308024158757,0.0889906707930781,1.1921263021208983,13.0,0.0,0.05350877747957122,0.004260478199828711,0.08258773125821808,1201,300.04449007529087,0.5545378850957535,0.07430294346163058,1.154951372788368,12.0,0.009159034138218152,0.054735835860398055,0.004250770441732583,0.08926617927638424
meanrev,3.0,1.5,5355,"{""family"": ""meanrev"", ""min_ddv"": 10000000.0, ""min_price"": 5.0, ""regime"": ""spy200"", ""trend"": true, ""mom_min"": 0.15, ""rsi2_max"": 100.0, ""rsi14_max"": 100.0, ""ret21_max"": 1.0, ""dist_ema20_max"": 0.0, ""dist_ema50_min"": -1.0, ""dist_hh60_min"": -0.05, ""atr_ratio_max"": 10.0, ""vol_ratio_min"": 0.0, ""up_close"": true, ""strong_close"": false}",2995,427.5224872897927,0.47879799666110184,0.15229668801812712,1.2696091130542984,20.0,0.0,0.04915847525212895,0.008205684043179536,0.10339161894406215,1159,289.5516769336071,0.47368421052631576,0.14058315490274262,1.2497436811914757,20.0,0.0,0.05350877747957122,0.006403392950203086,0.08068275117255888,1201,300.04449007529087,0.4704412989175687,0.12896868358282895,1.2263452343075183,17.0,0.01665278934221482,0.054735835860398055,0.0074681706916265795,0.11070464789940576
meanrev,3.0,2.0,5355,"{""family"": ""meanrev"", ""min_ddv"": 10000000.0, ""min_price"": 5.0, ""regime"": ""spy200"", ""trend"": true, ""mom_min"": 0.15, ""rsi2_max"": 100.0, ""rsi14_max"": 100.0, ""ret21_max"": 1.0, ""dist_ema20_max"": 0.0, ""dist_ema50_min"": -1.0, ""dist_hh60_min"": -0.05, ""atr_ratio_max"": 10.0, ""vol_ratio_min"": 0.0, ""up_close"": true, ""strong_close"": false}",2995,427.5224872897927,0.41335559265442406,0.19040881174490054,1.2996923425300646,26.0,0.0,0.04915847525212895,0.009950273132571295,0.09644110882338333,1159,289.5516769336071,0.42105263157894735,0.2161247443254578,1.348509340447613,26.0,0.0,0.05350877747957122,0.010746526135040506,0.10415863792423875,1201,300.04449007529087,0.42714404662781014,0.219704766431469,1.3556407001007333,20.0,0.019983347210657785,0.054735835860398055,0.012530986197253914,0.15789042608539933
meanrev,3.0,3.0,5355,"{""family"": ""meanrev"", ""min_ddv"": 10000000.0, ""min_price"": 5.0, ""regime"": ""spy200"", ""trend"": true, ""mom_min"": 0.15, ""rsi2_max"": 100.0, ""rsi14_max"": 100.0, ""ret21_max"": 1.0, ""dist_ema20_max"": 0.0, ""dist_ema50_min"": -1.0, ""dist_hh60_min"": -0.05, ""atr_ratio_max"": 10.0, ""vol_ratio_min"": 0.0, ""up_close"": true, ""strong_close"": false}",2995,427.5224872897927,0.3469115191986644,0.3292129907150903,1.4647155612984122,36.0,0.0,0.04915847525212895,0.016808569682851424,0.11765998777995995,1159,289.5516769336071,0.33908541846419327,0.29667618423901826,1.4153169034932147,34.0,0.0008628127696289905,0.05350877747957122,0.015204541881732028,0.1126924868881315,1201,300.04449007529087,0.3646960865945046,0.35154209655743723,1.5080300339684858,27.0,0.03330557868442964,0.054735835860398055,0.020531292758889697,0.19162539908297052
meanrev,1.0,0.5,3038,"{""family"": ""meanrev"", ""min_ddv"": 10000000.0, ""min_price"": 5.0, ""regime"": ""spy200"", ""trend"": true, ""mom_min"": 0.15, ""rsi2_max"": 100.0, ""rsi14_max"": 50.0, ""ret21_max"": 1.0, ""dist_ema20_max"": 0.0, ""dist_ema50_min"": -1.0, ""dist_hh60_min"": -0.05, ""atr_ratio_max"": 10.0, ""vol_ratio_min"": 0.0, ""up_close"": true, ""strong_close"": false}",1742,248.66249511145872,0.6963260619977037,-0.07720805935082546,0.7834919044997732,1.0,0.0,0.01604210624071893,-0.0011819814313446726,-0.2978593206988575,654,163.38809034907598,0.6605504587155964,-0.1267155471562256,0.677419660950342,1.0,0.0,0.01734746277521778,-0.0023099019278190105,-0.5820952858103906,642,160.3901437371663,0.6573208722741433,-0.12489796700682429,0.6819696607388234,1.0,0.001557632398753894,0.017345441969257275,-0.0021411330736070626,-0.5395655345489798
meanrev,1.0,0.75,3038,"{""family"": ""meanrev"", ""min_ddv"": 10000000.0, ""min_price"": 5.0, ""regime"": ""spy200"", ""trend"": true, ""mom_min"": 0.15, ""rsi2_max"": 100.0, ""rsi14_max"": 50.0, ""ret21_max"": 1.0, ""dist_ema20_max"": 0.0, ""dist_ema50_min"": -1.0, ""dist_hh60_min"": -0.05, ""atr_ratio_max"": 10.0, ""vol_ratio_min"": 0.0, ""up_close"": true, ""strong_close"": false}",1742,248.66249511145872,0.6171067738231917,-0.04306330148002389,0.904437036818791,2.0,0.0,0.01604210624071893,-0.0005673997247427173,-0.07149236531758238,654,163.38809034907598,0.5703363914373089,-0.11610714953493252,0.7671523268541351,2.0,0.0,0.01734746277521778,-0.0021169414662397974,-0.26673462474621445,642,160.3901437371663,0.5700934579439252,-0.09267334282237386,0.8132018917482864,2.0,0.001557632398753894,0.017345441969257275,-0.001627269403544684,-0.20503594484663018
meanrev,1.0,1.0,3038,"{""family"": ""meanrev"", ""min_ddv"": 10000000.0, ""min_price"": 5.0, ""regime"": ""spy200"", ""trend"": true, ""mom_min"": 0.15, ""rsi2_max"": 100.0, ""rsi14_max"": 50.0, ""ret21_max"": 1.0, ""dist_ema20_max"": 0.0, ""dist_ema50_min"": -1.0, ""dist_hh60_min"": -0.05, ""atr_ratio_max"": 10.0, ""vol_ratio_min"": 0.0, ""up_close"": true, ""strong_close"": false}",1742,248.66249511145872,0.5510907003444316,-0.018089897946803105,0.9658091931025726,2.0,0.0,0.01604210624071893,-0.0001411956196505885,-0.017790648075974153,654,163.38809034907598,0.4954128440366973,-0.12640513482260604,0.7860998749660262,2.0,0.0,0.01734746277521778,-0.0023370578385650256,-0.2944692876591932,642,160.3901437371663,0.4984423676012461,-0.09159673587976705,0.8431393850129872,2.0,0.001557632398753894,0.017345441969257275,-0.0015988425880654055,-0.2014541660962411
meanrev,1.0,1.5,3038,"{""family"": ""meanrev"", ""min_ddv"": 10000000.0, ""min_price"": 5.0, ""regime"": ""spy200"", ""trend"": true, ""mom_min"": 0.15, ""rsi2_max"": 100.0, ""rsi14_max"": 50.0, ""ret21_max"": 1.0, ""dist_ema20_max"": 0.0, ""dist_ema50_min"": -1.0, ""dist_hh60_min"": -0.05, ""atr_ratio_max"": 10.0, ""vol_ratio_min"": 0.0, ""up_close"": true, ""strong_close"": false}",1742,248.66249511145872,0.45407577497129736,0.012119571304393277,1.0187719985802746,3.0,0.0,0.01604210624071893,0.000412165981263409,0.03462194242612635,654,163.38809034907598,0.42660550458715596,-0.058934820519118566,0.9125593371546856,3.0,0.0,0.01734746277521778,-0.0012368922620753216,-0.10389895001432702,642,160.3901437371663,0.40654205607476634,-0.10034391685511451,0.8575165708381329,3.0,0.001557632398753894,0.017345441969257275,-0.0016269228002772926,-0.1366615152232926
meanrev,1.0,2.0,3038,"{""family"": ""meanrev"", ""min_ddv"": 10000000.0, ""min_price"": 5.0, ""regime"": ""spy200"", ""trend"": true, ""mom_min"": 0.15, ""rsi2_max"": 100.0, ""rsi14_max"": 50.0, ""ret21_max"": 1.0, ""dist_ema20_max"": 0.0, ""dist_ema50_min"": -1.0, ""dist_hh60_min"": -0.05, ""atr_ratio_max"": 10.0, ""vol_ratio_min"": 0.0, ""up_close"": true, ""strong_close"": false}",1742,248.66249511145872,0.38748564867967855,0.02662523291681385,1.0367209616612085,4.0,0.0,0.01604210624071893,0.0006996065382066733,0.04407521190702042,654,163.38809034907598,0.3547400611620795,-0.07657852367570811,0.89902700452316,4.0,0.0,0.01734746277521778,-0.0014921265942059263,-0.09400397543497335,642,160.3901437371663,0.35669781931464173,-0.04961706035880396,0.9351065896077622,3.0,0.001557632398753894,0.017345441969257275,-0.0007726339228971323,-0.06490124952335911
meanrev,1.0,3.0,3038,"{""family"": ""meanrev"", ""min_ddv"": 10000000.0, ""min_price"": 5.0, ""regime"": ""spy200"", ""trend"": true, ""mom_min"": 0.15, ""rsi2_max"": 100.0, ""rsi14_max"": 50.0, ""ret21_max"": 1.0, ""dist_ema20_max"": 0.0, ""dist_ema50_min"": -1.0, ""dist_hh60_min"": -0.05, ""atr_ratio_max"": 10.0, ""vol_ratio_min"": 0.0, ""up_close"": true, ""strong_close"": false}",1742,248.66249511145872,0.3065442020665901,0.0787327655998092,1.0958661289429243,5.0,0.0,0.01604210624071893,0.0015959666231128884,0.08043671780488958,654,163.38809034907598,0.27522935779816515,-0.06363799282695276,0.9262997679263362,5.0,0.0,0.01734746277521778,-0.0011987091070650613,-0.060414938996079096,642,160.3901437371663,0.2850467289719626,-0.02915169333007823,0.9667529435529896,4.0,0.001557632398753894,0.017345441969257275,-0.0005881649755256425,-0.03705439345811548
meanrev,1.5,0.5,3038,"{""family"": ""meanrev"", ""min_ddv"": 10000000.0, ""min_price"": 5.0, ""regime"": ""spy200"", ""trend"": true, ""mom_min"": 0.15, ""rsi2_max"": 100.0, ""rsi14_max"": 50.0, ""ret21_max"": 1.0, ""dist_ema20_max"": 0.0, ""dist_ema50_min"": -1.0, ""dist_hh60_min"": -0.05, ""atr_ratio_max"": 10.0, ""vol_ratio_min"": 0.0, ""up_close"": true, ""strong_close"": false}",1742,248.66249511145872,0.7101033295063146,-0.011723806963158126,0.9639866111341969,2.0,0.0,0.024063159361078494,-0.00014363181228028358,-0.018097608347315733,654,163.38809034907598,0.6896024464831805,-0.03910546432380444,0.8883503424801285,2.0,0.0,0.02602119416282673,-0.0010801823784951058,-0.13610297969038332,642,160.3901437371663,0.6666666666666666,-0.05419983335189166,0.8528583354576299,2.0,0.001557632398753894,0.026018162953885874,-0.001648993338723376,-0.2077731606791454
meanrev,1.5,0.75,3038,"{""family"": ""meanrev"", ""min_ddv"": 10000000.0, ""min_price"": 5.0, ""regime"": ""spy200"", ""trend"": true, ""mom_min"": 0.15, ""rsi2_max"": 100.0, ""rsi14_max"": 50.0, ""ret21_max"": 1.0, ""dist_ema20_max"": 0.0, ""dist_ema50_min"": -1.0, ""dist_hh60_min"": -0.05, ""atr_ratio_max"": 10.0, ""vol_ratio_min"": 0.0, ""up_close"": true, ""strong_close"": false}",1742,248.66249511145872,0.6205510907003444,0.010867647111574346,1.0255139479137727,3.0,0.0,0.024063159361078494,0.00048766883770114735,0.040964182366896376,654,163.38809034907598,0.599388379204893,-0.02984358889629333,0.9345334252780537,3.0,0.0,0.02602119416282673,-0.0009532457910443363,-0.08007264644772424,642,160.3901437371663,0.5841121495327103,-0.034153573368704254,0.9264241916102299,3.0,0.001557632398753894,0.026018162953885874,-0.001033018623917585,-0.08677356440907714
meanrev,1.5,1.0,3038,"{""family"": ""meanrev"", ""min_ddv"": 10000000.0, ""min_price"": 5.0, ""regime"": ""spy200"", ""trend"": true, ""mom_min"": 0.15, ""rsi2_max"": 100.0, ""rsi14_max"": 50.0, ""ret21_max"": 1.0, ""dist_ema20_max"": 0.0, ""dist_ema50_min"": -1.0, ""dist_hh60_min"": -0.05, ""atr_ratio_max"": 10.0, ""vol_ratio_min"": 0.0, ""up_close"": true, ""strong_close"": false}",1742,248.66249511145872,0.5499425947187141,0.023460780476181824,1.0461389268284458,4.0,0.0,0.024063159361078494,0.0009075021782635572,0.057172637230604104,654,163.38809034907598,0.536697247706422,-0.017160086772853474,0.9678526604310411,4.0,0.0,0.02602119416282673,-0.000742661061276177,-0.04678764686039915,642,160.3901437371663,0.5031152647975078,-0.06338956574166786,0.8867861495764426,4.0,0.001557632398753894,0.026018162953885874,-0.001728022169479199,-0.10886539667718953
meanrev,1.5,1.5,3038,"{""family"": ""meanrev"", ""min_ddv"": 10000000.0, ""min_price"": 5.0, ""regime"": ""spy200"", ""trend"": true, ""mom_min"": 0.15, ""rsi2_max"": 100.0, ""rsi14_max"": 50.0, ""ret21_max"": 1.0, ""dist_ema20_max"": 0.0, ""dist_ema50_min"": -1.0, ""dist_hh60_min"": -0.05, ""atr_ratio_max"": 10.0, ""vol_ratio_min"": 0.0, ""up_close"": true, ""strong_close"": false}",1742,248.66249511145872,0.4517795637198622,0.04261099521079425,1.0687408682703325,6.0,0.0,0.024063159361078494,0.0015289837901107323,0.06421731918465075,654,163.38809034907598,0.43425076452599387,-0.02626619148147975,0.9598437896857263,6.0,0.0,0.02602119416282673,-0.0010079202321603455,-0.04233264975073451,642,160.3901437371663,0.4205607476635514,-0.031504795825340305,0.9528991816976472,5.0,0.003115264797507788,0.026018162953885874,-0.0013576969899608332,-0.068427928294026
meanrev,1.5,2.0,3038,"{""family"": ""meanrev"", ""min_ddv"": 10000000.0, ""min_price"": 5.0, ""regime"": ""spy200"", ""trend"": true, ""mom_min"": 0.15, ""rsi2_max"": 100.0, ""rsi14_max"": 50.0, ""ret21_max"": 1.0, ""dist_ema20_max"": 0.0, ""dist_ema50_min"": -1.0, ""dist_hh60_min"": -0.05, ""atr_ratio_max"": 10.0, ""vol_ratio_min"": 0.0, ""up_close"": true, ""strong_close"": false}",1742,248.66249511145872,0.3932261768082664,0.08547907673085178,1.1247366870225526,8.0,0.0,0.024063159361078494,0.0026727508551100095,0.0841916519359653,654,163.38809034907598,0.37767584097859325,0.013070886415558397,1.0182104959382001,7.0,0.0,0.02602119416282673,0.00024099916810489796,0.008675970051776326,642,160.3901437371663,0.3691588785046729,0.005949325501467034,1.0081556866763288,6.0,0.003115264797507788,0.026018162953885874,-0.0004593220077992633,-0.01929152432756906
meanrev,1.5,3.0,3038,"{""family"": ""meanrev"", ""min_ddv"": 10000000.0, ""min_price"": 5.0, ""regime"": ""spy200"", ""trend"": true, ""mom_min"": 0.15, ""rsi2_max"": 100.0, ""rsi14_max"": 50.0, ""ret21_max"": 1.0, ""dist_ema20_max"": 0.0, ""dist_ema50_min"": -1.0, ""dist_hh60_min"": -0.05, ""atr_ratio_max"": 10.0, ""vol_ratio_min"": 0.0, ""up_close"": true, ""strong_close"": false}",1742,248.66249511145872,0.3082663605051665,0.14000121295197135,1.1787232747000909,10.0,0.0,0.024063159361078494,0.00407946052835323,0.1028024053145014,654,163.38809034907598,0.290519877675841,0.0394654280575954,1.0483182262397144,10.0,0.0,0.02602119416282673,0.0005464956175880969,0.01377168956322004,642,160.3901437371663,0.2850467289719626,0.014662136602013296,1.0175826051150438,8.0,0.009345794392523364,0.026018162953885874,-0.00048437657639799,-0.015257862156536685
meanrev,2.0,0.5,3038,"{""family"": ""meanrev"", ""min_ddv"": 10000000.0, ""min_price"": 5.0, ""regime"": ""spy200"", ""trend"": true, ""mom_min"": 0.15, ""rsi2_max"": 100.0, ""rsi14_max"": 50.0, ""ret21_max"": 1.0, ""dist_ema20_max"": 0.0, ""dist_ema50_min"": -1.0, ""dist_hh60_min"": -0.05, ""atr_ratio_max"": 10.0, ""vol_ratio_min"": 0.0, ""up_close"": true, ""strong_close"": false}",1742,248.66249511145872,0.71699196326062,0.02426776698914704,1.078439181830382,3.0,0.0,0.03208421248143789,0.0009904812807146153,0.08320042758002769,654,163.38809034907598,0.6788990825688074,-0.027880118351109668,0.9214315736162728,3.0,0.0,0.034694925550435615,-0.0012084703338567809,-0.10151150804396959,642,160.3901437371663,0.6697819314641744,-0.032802121000801196,0.9085327572614148,4.0,0.001557632398753894,0.03469088393851455,-0.001179715189188871,-0.07432205691889887
meanrev,2.0,0.75,3038,"{""family"": ""meanrev"", ""min_ddv"": 10000000.0, ""min_price"": 5.0, ""regime"": ""spy200"", ""trend"": true, ""mom_min"": 0.15, ""rsi2_max"": 100.0, ""rsi14_max"": 50.0, ""ret21_max"": 1.0, ""dist_ema20_max"": 0.0, ""dist_ema50_min"": -1.0, ""dist_hh60_min"": -0.05, ""atr_ratio_max"": 10.0, ""vol_ratio_min"": 0.0, ""up_close"": true, ""strong_close"": false}",1742,248.66249511145872,0.6268656716417911,0.046194183693869253,1.113078438691782,5.0,0.0,0.03208421248143789,0.001758937513213701,0.08865045066597053,654,163.38809034907598,0.6055045871559633,0.002609166154815572,1.0059215189212802,5.0,0.0,0.034694925550435615,-0.0002986920655629445,-0.015054080104372402,642,160.3901437371663,0.5685358255451713,-0.050384781238951966,0.8928579080039349,5.0,0.001557632398753894,0.03469088393851455,-0.0016198672252619424,-0.08164130815320189
meanrev,2.0,1.0,3038,"{""family"": ""meanrev"", ""min_ddv"": 10000000.0, ""min_price"": 5.0, ""regime"": ""spy200"", ""trend"": true, ""mom_min"": 0.15, ""rsi2_max"": 100.0, ""rsi14_max"": 50.0, ""ret21_max"": 1.0, ""dist_ema20_max"": 0.0, ""dist_ema50_min"": -1.0, ""dist_hh60_min"": -0.05, ""atr_ratio_max"": 10.0, ""vol_ratio_min"": 0.0, ""up_close"": true, ""strong_close"": false}",1742,248.66249511145872,0.5510907003444316,0.047411495982284634,1.0965102623574854,7.0,0.0,0.03208421248143789,0.0018029798503457109,0.0649072746124456,654,163.38809034907598,0.5321100917431193,-0.005463555564643857,0.9895327702321632,6.0,0.0,0.034694925550435615,-0.0005909744894181802,-0.02482092855556357,642,160.3901437371663,0.5,-0.040891616610506304,0.9248724318284233,6.0,0.003115264797507788,0.03469088393851455,-0.0015819195337305866,-0.06644062041668464
meanrev,2.0,1.5,3038,"{""family"": ""meanrev"", ""min_ddv"": 10000000.0, ""min_price"": 5.0, ""regime"": ""spy200"", ""trend"": true, ""mom_min"": 0.15, ""rsi2_max"": 100.0, ""rsi14_max"": 50.0, ""ret21_max"": 1.0, ""dist_ema20_max"": 0.0, ""dist_ema50_min"": -1.0, ""dist_hh60_min"": -0.05, ""atr_ratio_max"": 10.0, ""vol_ratio_min"": 0.0, ""up_close"": true, ""strong_close"": false}",1742,248.66249511145872,0.4626865671641791,0.09209640956171611,1.1563538586223128,10.0,0.0,0.03208421248143789,0.003516521202422244,0.08861633430104056,654,163.38809034907598,0.4510703363914373,0.04294777099573595,1.0700255267357612,9.0,0.0,0.034694925550435615,0.00125462676212844,0.03512954933959632,642,160.3901437371663,0.4221183800623053,-0.010534676110792927,0.9835531838029987,8.0,0.003115264797507788,0.03469088393851455,-0.0008424001106598867,-0.026535603485786433
meanrev,2.0,2.0,3038,"{""family"": ""meanrev"", ""min_ddv"": 10000000.0, ""min_price"": 5.0, ""regime"": ""spy200"", ""trend"": true, ""mom_min"": 0.15, ""rsi2_max"": 100.0, ""rsi14_max"": 50.0, ""ret21_max"": 1.0, ""dist_ema20_max"": 0.0, ""dist_ema50_min"": -1.0, ""dist_hh60_min"": -0.05, ""atr_ratio_max"": 10.0, ""vol_ratio_min"": 0.0, ""up_close"": true, ""strong_close"": false}",1742,248.66249511145872,0.3960964408725603,0.12314527916886787,1.185237558640682,12.0,0.0,0.03208421248143789,0.004667182352293003,0.09801082939815305,654,163.38809034907598,0.3944954128440367,0.09475098880452049,1.140364862286703,12.0,0.0,0.034694925550435615,0.0025667955748029984,0.05390270707086297,642,160.3901437371663,0.3582554517133956,-0.0006258141910599613,0.9991202490340957,9.0,0.009345794392523364,0.03469088393851455,-0.0009928199347669902,-0.027798958173475725
meanrev,2.0,3.0,3038,"{""family"": ""meanrev"", ""min_ddv"": 10000000.0, ""min_price"": 5.0, ""regime"": ""spy200"", ""trend"": true, ""mom_min"": 0.15, ""rsi2_max"": 100.0, ""rsi14_max"": 50.0, ""ret21_max"": 1.0, ""dist_ema20_max"": 0.0, ""dist_ema50_min"": -1.0, ""dist_hh60_min"": -0.05, ""atr_ratio_max"": 10.0, ""vol_ratio_min"": 0.0, ""up_close"": true, ""strong_close"": false}",1742,248.66249511145872,0.3065442020665901,0.14909031151458885,1.1942048311868638,17.0,0.0,0.03208421248143789,0.0052704240765120355,0.078126286310649,654,163.38809034907598,0.31345565749235477,0.16563064241323552,1.217337710838579,16.0,0.0,0.034694925550435615,0.005261375236125275,0.08286665996897308,642,160.3901437371663,0.308411214953271,0.13185383327579242,1.171009770710215,12.0,0.012461059190031152,0.03469088393851455,0.0036428322934213327,0.07649947816184799
meanrev,3.0,0.5,3038,"{""family"": ""meanrev"", ""min_ddv"": 10000000.0, ""min_price"": 5.0, ""regime"": ""spy200"", ""trend"": true, ""mom_min"": 0.15, ""rsi2_max"": 100.0, ""rsi14_max"": 50.0, ""ret21_max"": 1.0, ""dist_ema20_max"": 0.0, ""dist_ema50_min"": -1.0, ""dist_hh60_min"": -0.05, ""atr_ratio_max"": 10.0, ""vol_ratio_min"": 0.0, ""up_close"": true, ""strong_close"": false}",1742,248.66249511145872,0.722158438576349,0.05333206324700383,1.178037611439503,7.0,0.0,0.04812631872215682,0.0028585266254990116,0.10290695851796441,654,163.38809034907598,0.6850152905198776,-0.004266336191304403,0.9874096042775454,6.0,0.0,0.0520423883256533,-0.0010236864989475254,-0.042994832955796064,642,160.3901437371663,0.6635514018691588,-0.029552716122267925,0.917159002013952,7.0,0.004672897196261682,0.05203632590777175,-0.0013666150757660708,-0.049198142727578546
meanrev,3.0,0.75,3038,"{""family"": ""meanrev"", ""min_ddv"": 10000000.0, ""min_price"": 5.0, ""regime"": ""spy200"", ""trend"": true, ""mom_min"": 0.15, ""rsi2_max"": 100.0, ""rsi14_max"": 50.0, ""ret21_max"": 1.0, ""dist_ema20_max"": 0.0, ""dist_ema50_min"": -1.0, ""dist_hh60_min"": -0.05, ""atr_ratio_max"": 10.0, ""vol_ratio_min"": 0.0, ""up_close"": true, ""strong_close"": false}",1742,248.66249511145872,0.6245694603903559,0.06100403256470424,1.1512823385406488,10.0,0.0,0.04812631872215682,0.0034241787611510263,0.08628930478100585,654,163.38809034907598,0.6039755351681957,0.01253137716930398,1.0293342644794463,10.0,0.0,0.0520423883256533,-0.00029663974276412594,-0.007475321517655974,642,160.3901437371663,0.5794392523364486,-0.015505403710152866,0.9656265446945964,9.0,0.006230529595015576,0.05203632590777175,-0.0012487346383805225,-0.034964569874654634
meanrev,3.0,1.0,3038,"{""family"": ""meanrev"", ""min_ddv"": 10000000.0, ""min_price"": 5.0, ""regime"": ""spy200"", ""trend"": true, ""mom_min"": 0.15, ""rsi2_max"": 100.0, ""rsi14_max"": 50.0, ""ret21_max"": 1.0, ""dist_ema20_max"": 0.0, ""dist_ema50_min"": -1.0, ""dist_hh60_min"": -0.05, ""atr_ratio_max"": 10.0, ""vol_ratio_min"": 0.0, ""up_close"": true, ""strong_close"": false}",1742,248.66249511145872,0.5700344431687715,0.09984405312247303,1.2158830036401158,13.0,0.0,0.04812631872215682,0.005562808224359341,0.10783289788758108,654,163.38809034907598,0.5642201834862385,0.07780333509796294,1.165634475047775,13.0,0.0,0.0520423883256533,0.003238655038831011,0.06278008229118576,642,160.3901437371663,0.5327102803738317,0.029674182826657087,1.0592913833793145,11.0,0.006230529595015576,0.05203632590777175,0.0010879799626765602,0.02492463187222665
meanrev,3.0,1.5,3038,"{""family"": ""meanrev"", ""min_ddv"": 10000000.0, ""min_price"": 5.0, ""regime"": ""spy200"", ""trend"": true, ""mom_min"": 0.15, ""rsi2_max"": 100.0, ""rsi14_max"": 50.0, ""ret21_max"": 1.0, ""dist_ema20_max"": 0.0, ""dist_ema50_min"": -1.0, ""dist_hh60_min"": -0.05, ""atr_ratio_max"": 10.0, ""vol_ratio_min"": 0.0, ""up_close"": true, ""strong_close"": false}",1742,248.66249511145872,0.4770378874856487,0.1515773781417899,1.2694216755503798,20.0,0.0,0.04812631872215682,0.00808610112178767,0.10188487413452466,654,163.38809034907598,0.481651376146789,0.15696724780918547,1.2820553419918403,21.0,0.0,0.0520423883256533,0.006630817490633637,0.07956980988760363,642,160.3901437371663,0.4485981308411215,0.07618308330018055,1.1288808732877995,17.0,0.012461059190031152,0.05203632590777175,0.0032176041100189933,0.04769624916028154
meanrev,3.0,2.0,3038,"{""family"": ""meanrev"", ""min_ddv"": 10000000.0, ""min_price"": 5.0, ""regime"": ""spy200"", ""trend"": true, ""mom_min"": 0.15, ""rsi2_max"": 100.0, ""rsi14_max"": 50.0, ""ret21_max"": 1.0, ""dist_ema20_max"": 0.0, ""dist_ema50_min"": -1.0, ""dist_hh60_min"": -0.05, ""atr_ratio_max"": 10.0, ""vol_ratio_min"": 0.0, ""up_close"": true, ""strong_close"": false}",1742,248.66249511145872,0.4087256027554535,0.17510668206942276,1.2747553154569928,27.0,0.0,0.04812631872215682,0.00883573585181158,0.08246686795024141,654,163.38809034907598,0.41896024464831805,0.20746307345328074,1.332344521865106,26.5,0.0,0.0520423883256533,0.009284728604849782,0.08829251352536398,642,160.3901437371663,0.40809968847352024,0.15969981497267244,1.2493561689828072,19.0,0.01557632398753894,0.05203632590777175,0.007438187664998259,0.09865385745155586
meanrev,3.0,3.0,3038,"{""family"": ""meanrev"", ""min_ddv"": 10000000.0, ""min_price"": 5.0, ""regime"": ""spy200"", ""trend"": true, ""mom_min"": 0.15, ""rsi2_max"": 100.0, ""rsi14_max"": 50.0, ""ret21_max"": 1.0, ""dist_ema20_max"": 0.0, ""dist_ema50_min"": -1.0, ""dist_hh60_min"": -0.05, ""atr_ratio_max"": 10.0, ""vol_ratio_min"": 0.0, ""up_close"": true, ""strong_close"": false}",1742,248.66249511145872,0.3421354764638347,0.30890499236254193,1.4342739452322555,36.5,0.0,0.04812631872215682,0.015279118893482484,0.1054887112645914,654,163.38809034907598,0.3318042813455658,0.2588925556803424,1.356102254812266,36.0,0.0015290519877675841,0.0520423883256533,0.012016793110354891,0.08411755177248424,642,160.3901437371663,0.35358255451713394,0.30505546636678493,1.4289951703234667,25.0,0.03426791277258567,0.05203632590777175,0.016246268983635324,0.16376239135504406
