family,sl_atr,rr,signals,rule,train_n,train_per_year,train_win,train_avg_r,train_pf,train_bars,train_unres,train_r_per_bar,valid_n,valid_per_year,valid_win,valid_avg_r,valid_pf,valid_bars,valid_unres,valid_r_per_bar,hold_n,hold_per_year,hold_win,hold_avg_r,hold_pf,hold_bars,hold_unres,hold_r_per_bar
meanrev,1.0,0.5,11256,"{""family"": ""meanrev"", ""min_ddv"": 10000000.0, ""min_price"": 5.0, ""regime"": ""none"", ""trend"": true, ""mom_min"": 0.0, ""rsi2_max"": 5.0, ""rsi14_max"": 100.0, ""ret21_max"": 1.0, ""dist_ema20_max"": 0.0, ""dist_ema50_min"": -1.0, ""dist_hh60_min"": -1.0, ""atr_ratio_max"": 10.0, ""vol_ratio_min"": 0.0, ""up_close"": false, ""strong_close"": false}",3879,553.7094251075479,0.6890951276102089,-0.05761074362932059,0.8349268545536329,1.0,0.0,-0.05761074362932059,3338,833.9288158795346,0.6728579988016776,-0.060850123945415065,0.8338622996048538,1.0,0.0,-0.060850123945415065,3915,978.0800821355236,0.6937420178799489,-0.021934697726437392,0.9352613964724774,2.0,0.0015325670498084292,-0.010967348863218696
meanrev,1.0,0.75,11256,"{""family"": ""meanrev"", ""min_ddv"": 10000000.0, ""min_price"": 5.0, ""regime"": ""none"", ""trend"": true, ""mom_min"": 0.0, ""rsi2_max"": 5.0, ""rsi14_max"": 100.0, ""ret21_max"": 1.0, ""dist_ema20_max"": 0.0, ""dist_ema50_min"": -1.0, ""dist_hh60_min"": -1.0, ""atr_ratio_max"": 10.0, ""vol_ratio_min"": 0.0, ""up_close"": false, ""strong_close"": false}",3879,553.7094251075479,0.6081464294921372,-0.0251092312818082,0.9431214258504731,2.0,0.0,-0.0125546156409041,3338,833.9288158795346,0.5883762732174955,-0.04013587441295934,0.9129031668824767,2.0,0.0,-0.02006793720647967,3915,978.0800821355236,0.6086845466155811,0.009947868757428873,1.022999566527614,2.0,0.002554278416347382,0.004973934378714437
meanrev,1.0,1.0,11256,"{""family"": ""meanrev"", ""min_ddv"": 10000000.0, ""min_price"": 5.0, ""regime"": ""none"", ""trend"": true, ""mom_min"": 0.0, ""rsi2_max"": 5.0, ""rsi14_max"": 100.0, ""ret21_max"": 1.0, ""dist_ema20_max"": 0.0, ""dist_ema50_min"": -1.0, ""dist_hh60_min"": -1.0, ""atr_ratio_max"": 10.0, ""vol_ratio_min"": 0.0, ""up_close"": false, ""strong_close"": false}",3879,553.7094251075479,0.5465326114978087,0.0048047889187100585,1.0093425699166914,2.0,0.0,0.0024023944593550292,3338,833.9288158795346,0.5296584781306172,-0.00994528284873566,0.9811439244579185,2.0,0.0,-0.00497264142436783,3915,978.0800821355236,0.5386973180076629,0.02233564854909846,1.0436841785616877,3.0,0.0033205619412515963,0.00744521618303282
meanrev,1.0,1.5,11256,"{""family"": ""meanrev"", ""min_ddv"": 10000000.0, ""min_price"": 5.0, ""regime"": ""none"", ""trend"": true, ""mom_min"": 0.0, ""rsi2_max"": 5.0, ""rsi14_max"": 100.0, ""ret21_max"": 1.0, ""dist_ema20_max"": 0.0, ""dist_ema50_min"": -1.0, ""dist_hh60_min"": -1.0, ""atr_ratio_max"": 10.0, ""vol_ratio_min"": 0.0, ""up_close"": false, ""strong_close"": false}",3879,553.7094251075479,0.44960041247744265,0.03186760502809873,1.0509380707585558,3.0,0.0,0.010622535009366245,3338,833.9288158795346,0.4310964649490713,-0.004790180790872417,0.9925608527641182,3.0,0.0,-0.0015967269302908057,3915,978.0800821355236,0.44853128991060026,0.060252981923265454,1.0978765902793752,4.0,0.004853128991060026,0.015063245480816364
meanrev,1.0,2.0,11256,"{""family"": ""meanrev"", ""min_ddv"": 10000000.0, ""min_price"": 5.0, ""regime"": ""none"", ""trend"": true, ""mom_min"": 0.0, ""rsi2_max"": 5.0, ""rsi14_max"": 100.0, ""ret21_max"": 1.0, ""dist_ema20_max"": 0.0, ""dist_ema50_min"": -1.0, ""dist_hh60_min"": -1.0, ""atr_ratio_max"": 10.0, ""vol_ratio_min"": 0.0, ""up_close"": false, ""strong_close"": false}",3879,553.7094251075479,0.37947924722866716,0.04301140234091489,1.060966677536348,4.0,0.0,0.010752850585228723,3338,833.9288158795346,0.3588975434391851,-0.016089482782501236,0.9778513811166806,4.0,0.0,-0.004022370695625309,3915,978.0800821355236,0.38084291187739466,0.07050520026161779,1.101963917981277,4.0,0.0066411238825031926,0.017626300065404447
meanrev,1.0,3.0,11256,"{""family"": ""meanrev"", ""min_ddv"": 10000000.0, ""min_price"": 5.0, ""regime"": ""none"", ""trend"": true, ""mom_min"": 0.0, ""rsi2_max"": 5.0, ""rsi14_max"": 100.0, ""ret21_max"": 1.0, ""dist_ema20_max"": 0.0, ""dist_ema50_min"": -1.0, ""dist_hh60_min"": -1.0, ""atr_ratio_max"": 10.0, ""vol_ratio_min"": 0.0, ""up_close"": false, ""strong_close"": false}",3879,553.7094251075479,0.2900232018561485,0.05513700745282009,1.0677981055314891,5.0,0.0,0.011027401490564017,3338,833.9288158795346,0.2708208508088676,-0.01501293162145721,0.9817975828454303,5.0,0.0,-0.003002586324291442,3915,978.0800821355236,0.30676883780332054,0.14058026023895864,1.1804615747747373,6.0,0.00842911877394636,0.023430043373159775
meanrev,1.5,0.5,11256,"{""family"": ""meanrev"", ""min_ddv"": 10000000.0, ""min_price"": 5.0, ""regime"": ""none"", ""trend"": true, ""mom_min"": 0.0, ""rsi2_max"": 5.0, ""rsi14_max"": 100.0, ""ret21_max"": 1.0, ""dist_ema20_max"": 0.0, ""dist_ema50_min"": -1.0, ""dist_hh60_min"": -1.0, ""atr_ratio_max"": 10.0, ""vol_ratio_min"": 0.0, ""up_close"": false, ""strong_close"": false}",3847,549.141572154869,0.7060046789706265,-0.0004870506976407993,0.9984941160084833,2.0,0.0,-0.00024352534882039965,3223,805.1984941820671,0.6860068259385665,-0.016395085233094055,0.9522277717084928,2.0,0.0,-0.008197542616547027,3773,942.6043805612594,0.6970580439968195,0.012289003234413967,1.0376414959191909,3.0,0.0031804929764113437,0.004096334411471322
meanrev,1.5,0.75,11256,"{""family"": ""meanrev"", ""min_ddv"": 10000000.0, ""min_price"": 5.0, ""regime"": ""none"", ""trend"": true, ""mom_min"": 0.0, ""rsi2_max"": 5.0, ""rsi14_max"": 100.0, ""ret21_max"": 1.0, ""dist_ema20_max"": 0.0, ""dist_ema50_min"": -1.0, ""dist_hh60_min"": -1.0, ""atr_ratio_max"": 10.0, ""vol_ratio_min"": 0.0, ""up_close"": false, ""strong_close"": false}",3847,549.141572154869,0.6189238367559137,0.024895882955958872,1.0590317331628727,3.0,0.0,0.00829862765198629,3223,805.1984941820671,0.6065777226186783,0.013512858771186572,1.0313573258945437,3.0,0.0,0.004504286257062191,3773,942.6043805612594,0.6034985422740525,0.02451206011183113,1.0570022430746961,4.0,0.004240657301881791,0.0061280150279577825
meanrev,1.5,1.0,11256,"{""family"": ""meanrev"", ""min_ddv"": 10000000.0, ""min_price"": 5.0, ""regime"": ""none"", ""trend"": true, ""mom_min"": 0.0, ""rsi2_max"": 5.0, ""rsi14_max"": 100.0, ""ret21_max"": 1.0, ""dist_ema20_max"": 0.0, ""dist_ema50_min"": -1.0, ""dist_hh60_min"": -1.0, ""atr_ratio_max"": 10.0, ""vol_ratio_min"": 0.0, ""up_close"": false, ""strong_close"": false}",3847,549.141572154869,0.5500389914218872,0.03996407866593484,1.0802868099177863,4.0,0.0,0.00999101966648371,3223,805.1984941820671,0.5342848278001862,0.014092718035857417,1.0274810631253024,4.0,0.0,0.003523179508964354,3773,942.6043805612594,0.5412138881526637,0.04704127829602483,1.0943724572267572,5.0,0.005035780545984627,0.009408255659204966
meanrev,1.5,1.5,11256,"{""family"": ""meanrev"", ""min_ddv"": 10000000.0, ""min_price"": 5.0, ""regime"": ""none"", ""trend"": true, ""mom_min"": 0.0, ""rsi2_max"": 5.0, ""rsi14_max"": 100.0, ""ret21_max"": 1.0, ""dist_ema20_max"": 0.0, ""dist_ema50_min"": -1.0, ""dist_hh60_min"": -1.0, ""atr_ratio_max"": 10.0, ""vol_ratio_min"": 0.0, ""up_close"": false, ""strong_close"": false}",3847,549.141572154869,0.4473615804523005,0.053386986653059604,1.0872723156894513,6.0,0.0,0.008897831108843268,3223,805.1984941820671,0.4291033198883028,0.009842946573372126,1.0156694355905536,6.0,0.0,0.001640491095562021,3773,942.6043805612594,0.4487145507553671,0.07543401113733705,1.1255561105954057,7.0,0.007686191359660748,0.010776287305333865
meanrev,1.5,2.0,11256,"{""family"": ""meanrev"", ""min_ddv"": 10000000.0, ""min_price"": 5.0, ""regime"": ""none"", ""trend"": true, ""mom_min"": 0.0, ""rsi2_max"": 5.0, ""rsi14_max"": 100.0, ""ret21_max"": 1.0, ""dist_ema20_max"": 0.0, ""dist_ema50_min"": -1.0, ""dist_hh60_min"": -1.0, ""atr_ratio_max"": 10.0, ""vol_ratio_min"": 0.0, ""up_close"": false, ""strong_close"": false}",3847,549.141572154869,0.3813361060566675,0.07443363681091753,1.1082834405516437,8.0,0.0,0.00930420460136469,3223,805.1984941820671,0.35960285448340057,0.012631510046326943,1.017922118263895,8.0,0.0,0.0015789387557908678,3773,942.6043805612594,0.3912006360985953,0.11940358876611673,1.1799319533782326,8.0,0.009806520010601644,0.014925448595764591
meanrev,1.5,3.0,11256,"{""family"": ""meanrev"", ""min_ddv"": 10000000.0, ""min_price"": 5.0, ""regime"": ""none"", ""trend"": true, ""mom_min"": 0.0, ""rsi2_max"": 5.0, ""rsi14_max"": 100.0, ""ret21_max"": 1.0, ""dist_ema20_max"": 0.0, ""dist_ema50_min"": -1.0, ""dist_hh60_min"": -1.0, ""atr_ratio_max"": 10.0, ""vol_ratio_min"": 0.0, ""up_close"": false, ""strong_close"": false}",3847,549.141572154869,0.30777229009617885,0.1548532034634731,1.200625393732909,10.0,0.0,0.015485320346347309,3223,805.1984941820671,0.27800186161960905,0.04173841321485543,1.0524337703038873,11.0,0.0,0.0037944012013504933,3773,942.6043805612594,0.3138086403392526,0.17826380828333963,1.23763628764827,11.0,0.017757752451630002,0.016205800753030877
meanrev,2.0,0.5,11256,"{""family"": ""meanrev"", ""min_ddv"": 10000000.0, ""min_price"": 5.0, ""regime"": ""none"", ""trend"": true, ""mom_min"": 0.0, ""rsi2_max"": 5.0, ""rsi14_max"": 100.0, ""ret21_max"": 1.0, ""dist_ema20_max"": 0.0, ""dist_ema50_min"": -1.0, ""dist_hh60_min"": -1.0, ""atr_ratio_max"": 10.0, ""vol_ratio_min"": 0.0, ""up_close"": false, ""strong_close"": false}",3817,544.8592100117324,0.7160073356038774,0.03221975820775189,1.1041635859915757,3.0,0.0,0.010739919402583965,3082,769.9726214921286,0.6963011031797534,0.005417065186328504,1.01632388706276,3.0,0.0,0.0018056883954428347,3624,905.3798767967146,0.7047461368653422,0.03382837417117821,1.107204461044715,4.0,0.0041390728476821195,0.008457093542794553
meanrev,2.0,0.75,11256,"{""family"": ""meanrev"", ""min_ddv"": 10000000.0, ""min_price"": 5.0, ""regime"": ""none"", ""trend"": true, ""mom_min"": 0.0, ""rsi2_max"": 5.0, ""rsi14_max"": 100.0, ""ret21_max"": 1.0, ""dist_ema20_max"": 0.0, ""dist_ema50_min"": -1.0, ""dist_hh60_min"": -1.0, ""atr_ratio_max"": 10.0, ""vol_ratio_min"": 0.0, ""up_close"": false, ""strong_close"": false}",3817,544.8592100117324,0.6287660466334818,0.05786295198667661,1.1433720435785346,5.0,0.0,0.011572590397335322,3082,769.9726214921286,0.6022063595068138,0.008501682320177867,1.0195197590436829,5.0,0.0,0.0017003364640355734,3624,905.3798767967146,0.6167218543046358,0.054109784492777216,1.1316413858667973,6.0,0.005794701986754967,0.009018297415462869
meanrev,2.0,1.0,11256,"{""family"": ""meanrev"", ""min_ddv"": 10000000.0, ""min_price"": 5.0, ""regime"": ""none"", ""trend"": true, ""mom_min"": 0.0, ""rsi2_max"": 5.0, ""rsi14_max"": 100.0, ""ret21_max"": 1.0, ""dist_ema20_max"": 0.0, ""dist_ema50_min"": -1.0, ""dist_hh60_min"": -1.0, ""atr_ratio_max"": 10.0, ""vol_ratio_min"": 0.0, ""up_close"": false, ""strong_close"": false}",3817,544.8592100117324,0.5577678805344511,0.07139853007315203,1.1483501961320455,7.0,0.0,0.01019979001045029,3082,769.9726214921286,0.5311486048020766,0.014272396520455907,1.027891513213293,7.0,0.0,0.0020389137886365582,3624,905.3798767967146,0.5488410596026491,0.06651857577807326,1.1376101658662954,8.0,0.008554083885209713,0.008314821972259157
meanrev,2.0,1.5,11256,"{""family"": ""meanrev"", ""min_ddv"": 10000000.0, ""min_price"": 5.0, ""regime"": ""none"", ""trend"": true, ""mom_min"": 0.0, ""rsi2_max"": 5.0, ""rsi14_max"": 100.0, ""ret21_max"": 1.0, ""dist_ema20_max"": 0.0, ""dist_ema50_min"": -1.0, ""dist_hh60_min"": -1.0, ""atr_ratio_max"": 10.0, ""vol_ratio_min"": 0.0, ""up_close"": false, ""strong_close"": false}",3817,544.8592100117324,0.46423893109772074,0.11228277504986449,1.1917728624977288,10.0,0.0,0.011228277504986449,3082,769.9726214921286,0.43380921479558726,0.031168921497717154,1.0504381964855125,11.0,0.0,0.0028335383179742867,3624,905.3798767967146,0.46605960264900664,0.130082552071545,1.227377755999444,11.0,0.011865342163355408,0.011825686551958637
meanrev,2.0,2.0,11256,"{""family"": ""meanrev"", ""min_ddv"": 10000000.0, ""min_price"": 5.0, ""regime"": ""none"", ""trend"": true, ""mom_min"": 0.0, ""rsi2_max"": 5.0, ""rsi14_max"": 100.0, ""ret21_max"": 1.0, ""dist_ema20_max"": 0.0, ""dist_ema50_min"": -1.0, ""dist_hh60_min"": -1.0, ""atr_ratio_max"": 10.0, ""vol_ratio_min"": 0.0, ""up_close"": false, ""strong_close"": false}",3817,544.8592100117324,0.4081739586062353,0.16941368884570132,1.2615101398766153,13.0,0.0,0.013031822218900101,3082,769.9726214921286,0.3718364698247891,0.05982211984046996,1.0871217329662752,14.0,0.0,0.004273008560033568,3624,905.3798767967146,0.40728476821192056,0.17736750168579216,1.278950957557261,14.0,0.0173841059602649,0.012669107263270868
meanrev,2.0,3.0,11256,"{""family"": ""meanrev"", ""min_ddv"": 10000000.0, ""min_price"": 5.0, ""regime"": ""none"", ""trend"": true, ""mom_min"": 0.0, ""rsi2_max"": 5.0, ""rsi14_max"": 100.0, ""ret21_max"": 1.0, ""dist_ema20_max"": 0.0, ""dist_ema50_min"": -1.0, ""dist_hh60_min"": -1.0, ""atr_ratio_max"": 10.0, ""vol_ratio_min"": 0.0, ""up_close"": false, ""strong_close"": false}",3817,544.8592100117324,0.32879224521875816,0.25039547687002367,1.3395472389037872,18.0,0.0,0.013910859826112426,3082,769.9726214921286,0.300129785853342,0.13921348307544226,1.1822966848081105,18.0,0.0,0.0077340823930801255,3624,905.3798767967146,0.3416114790286976,0.2801603454820717,1.3948763955829502,18.0,0.03200883002207505,0.015564463637892871
meanrev,3.0,0.5,11256,"{""family"": ""meanrev"", ""min_ddv"": 10000000.0, ""min_price"": 5.0, ""regime"": ""none"", ""trend"": true, ""mom_min"": 0.0, ""rsi2_max"": 5.0, ""rsi14_max"": 100.0, ""ret21_max"": 1.0, ""dist_ema20_max"": 0.0, ""dist_ema50_min"": -1.0, ""dist_hh60_min"": -1.0, ""atr_ratio_max"": 10.0, ""vol_ratio_min"": 0.0, ""up_close"": false, ""strong_close"": false}",3632,518.4513101290574,0.7180616740088106,0.05157371693964045,1.1722312575616274,6.0,0.0,0.008595619489940075,2674,668.0424366872005,0.7053103964098728,0.025526123441192903,1.0802065056219652,6.0,0.0,0.0042543539068654835,3111,777.217659137577,0.7042751526840244,0.040246089289703635,1.1294115845533643,7.0,0.0048216007714561235,0.0057494413271005195
meanrev,3.0,0.75,11256,"{""family"": ""meanrev"", ""min_ddv"": 10000000.0, ""min_price"": 5.0, ""regime"": ""none"", ""trend"": true, ""mom_min"": 0.0, ""rsi2_max"": 5.0, ""rsi14_max"": 100.0, ""ret21_max"": 1.0, ""dist_ema20_max"": 0.0, ""dist_ema50_min"": -1.0, ""dist_hh60_min"": -1.0, ""atr_ratio_max"": 10.0, ""vol_ratio_min"": 0.0, ""up_close"": false, ""strong_close"": false}",3632,518.4513101290574,0.6318832599118943,0.0783315471231907,1.1994114009320136,11.0,0.0,0.007121049738471882,2674,668.0424366872005,0.6222887060583395,0.05387611702113868,1.1327717535055892,10.0,0.0,0.005387611702113868,3111,777.217659137577,0.6219864995178399,0.07184416918719808,1.1807077491792368,11.0,0.008036001285760206,0.0065312881079270975
meanrev,3.0,1.0,11256,"{""family"": ""meanrev"", ""min_ddv"": 10000000.0, ""min_price"": 5.0, ""regime"": ""none"", ""trend"": true, ""mom_min"": 0.0, ""rsi2_max"": 5.0, ""rsi14_max"": 100.0, ""ret21_max"": 1.0, ""dist_ema20_max"": 0.0, ""dist_ema50_min"": -1.0, ""dist_hh60_min"": -1.0, ""atr_ratio_max"": 10.0, ""vol_ratio_min"": 0.0, ""up_close"": false, ""strong_close"": false}",3632,518.4513101290574,0.5702092511013216,0.11016781702803381,1.2394070036805138,14.0,0.0,0.007869129787716702,2674,668.0424366872005,0.5531039640987285,0.07227581753975743,1.151067083022458,15.0,0.0,0.0048183878359838285,3111,777.217659137577,0.5686274509803921,0.11717341262081653,1.2583989998024716,15.0,0.01253616200578592,0.007811560841387769
meanrev,3.0,1.5,11256,"{""family"": ""meanrev"", ""min_ddv"": 10000000.0, ""min_price"": 5.0, ""regime"": ""none"", ""trend"": true, ""mom_min"": 0.0, ""rsi2_max"": 5.0, ""rsi14_max"": 100.0, ""ret21_max"": 1.0, ""dist_ema20_max"": 0.0, ""dist_ema50_min"": -1.0, ""dist_hh60_min"": -1.0, ""atr_ratio_max"": 10.0, ""vol_ratio_min"": 0.0, ""up_close"": false, ""strong_close"": false}",3632,518.4513101290574,0.486784140969163,0.18243810937215968,1.3315268799785185,21.0,0.0,0.00868752901772189,2674,668.0424366872005,0.4569932685115931,0.10817496788243272,1.1867814920072777,23.0,0.0,0.0047032594731492485,3111,777.217659137577,0.4844101575056252,0.17230515545788036,1.316738094021436,22.0,0.02539376406300225,0.007832052520812744
meanrev,3.0,2.0,11256,"{""family"": ""meanrev"", ""min_ddv"": 10000000.0, ""min_price"": 5.0, ""regime"": ""none"", ""trend"": true, ""mom_min"": 0.0, ""rsi2_max"": 5.0, ""rsi14_max"": 100.0, ""ret21_max"": 1.0, ""dist_ema20_max"": 0.0, ""dist_ema50_min"": -1.0, ""dist_hh60_min"": -1.0, ""atr_ratio_max"": 10.0, ""vol_ratio_min"": 0.0, ""up_close"": false, ""strong_close"": false}",3632,518.4513101290574,0.42841409691629956,0.2443635814708581,1.3979330125358067,27.0,0.0,0.009050503017439189,2674,668.0424366872005,0.3986537023186238,0.15638462537668496,1.2441770258519558,29.0,0.0,0.0053925732888512054,3111,777.217659137577,0.4394085503053681,0.25465064772314544,1.4302004812760158,27.0,0.03567984570877531,0.009431505471227609
meanrev,3.0,3.0,11256,"{""family"": ""meanrev"", ""min_ddv"": 10000000.0, ""min_price"": 5.0, ""regime"": ""none"", ""trend"": true, ""mom_min"": 0.0, ""rsi2_max"": 5.0, ""rsi14_max"": 100.0, ""ret21_max"": 1.0, ""dist_ema20_max"": 0.0, ""dist_ema50_min"": -1.0, ""dist_hh60_min"": -1.0, ""atr_ratio_max"": 10.0, ""vol_ratio_min"": 0.0, ""up_close"": false, ""strong_close"": false}",3632,518.4513101290574,0.3628854625550661,0.40085367868951005,1.5845933054570491,38.0,0.0008259911894273128,0.010548781018145001,2674,668.0424366872005,0.3089005235602094,0.18253862001880494,1.2476377302990598,40.0,0.0037397157816005983,0.004563465500470124,3111,777.217659137577,0.3780135004821601,0.3716869937326824,1.5656375593058862,36.0,0.06718097074895532,0.010324638714796733
meanrev,1.0,0.5,9177,"{""family"": ""meanrev"", ""min_ddv"": 10000000.0, ""min_price"": 5.0, ""regime"": ""none"", ""trend"": true, ""mom_min"": 0.0, ""rsi2_max"": 5.0, ""rsi14_max"": 100.0, ""ret21_max"": 1.0, ""dist_ema20_max"": 0.0, ""dist_ema50_min"": -0.05, ""dist_hh60_min"": -1.0, ""atr_ratio_max"": 10.0, ""vol_ratio_min"": 0.0, ""up_close"": false, ""strong_close"": false}",3398,485.0488854125929,0.6871689228958211,-0.06692477863419305,0.8107721036500934,1.0,0.0,-0.06692477863419305,2657,663.7953456536619,0.668799397817087,-0.07371271872949678,0.8028030921556752,1.0,0.0,-0.07371271872949678,3090,771.9712525667351,0.684789644012945,-0.045344381622241345,0.8712058266267294,2.0,0.0006472491909385113,-0.022672190811120672
meanrev,1.0,0.75,9177,"{""family"": ""meanrev"", ""min_ddv"": 10000000.0, ""min_price"": 5.0, ""regime"": ""none"", ""trend"": true, ""mom_min"": 0.0, ""rsi2_max"": 5.0, ""rsi14_max"": 100.0, ""ret21_max"": 1.0, ""dist_ema20_max"": 0.0, ""dist_ema50_min"": -0.05, ""dist_hh60_min"": -1.0, ""atr_ratio_max"": 10.0, ""vol_ratio_min"": 0.0, ""up_close"": false, ""strong_close"": false}",3398,485.0488854125929,0.6056503825779871,-0.03462634338061415,0.9224818248609026,2.0,0.0,-0.017313171690307074,2657,663.7953456536619,0.580730146782085,-0.0613500513504018,0.8704216496668796,2.0,0.0,-0.0306750256752009,3090,771.9712525667351,0.6032362459546926,-0.007410301344837589,0.983225048556497,2.0,0.001941747572815534,-0.0037051506724187946
meanrev,1.0,1.0,9177,"{""family"": ""meanrev"", ""min_ddv"": 10000000.0, ""min_price"": 5.0, ""regime"": ""none"", ""trend"": true, ""mom_min"": 0.0, ""rsi2_max"": 5.0, ""rsi14_max"": 100.0, ""ret21_max"": 1.0, ""dist_ema20_max"": 0.0, ""dist_ema50_min"": -0.05, ""dist_hh60_min"": -1.0, ""atr_ratio_max"": 10.0, ""vol_ratio_min"": 0.0, ""up_close"": false, ""strong_close"": false}",3398,485.0488854125929,0.5429664508534432,-0.0060328345183398345,0.988414539464492,2.0,0.0,-0.0030164172591699173,2657,663.7953456536619,0.5261573202860369,-0.026614533251280624,0.9503816630329494,2.0,0.0,-0.013307266625640312,3090,771.9712525667351,0.5330097087378641,0.002618218270427387,1.0050212038748605,3.0,0.0025889967637540453,0.0008727394234757956
meanrev,1.0,1.5,9177,"{""family"": ""meanrev"", ""min_ddv"": 10000000.0, ""min_price"": 5.0, ""regime"": ""none"", ""trend"": true, ""mom_min"": 0.0, ""rsi2_max"": 5.0, ""rsi14_max"": 100.0, ""ret21_max"": 1.0, ""dist_ema20_max"": 0.0, ""dist_ema50_min"": -0.05, ""dist_hh60_min"": -1.0, ""atr_ratio_max"": 10.0, ""vol_ratio_min"": 0.0, ""up_close"": false, ""strong_close"": false}",3398,485.0488854125929,0.4455562095350206,0.01827258573085379,1.0288446262557522,3.0,0.0,0.006090861910284597,2657,663.7953456536619,0.42943168987579977,-0.015387666689413255,0.9762378036602946,3.0,0.0,-0.005129222229804419,3090,771.9712525667351,0.4488673139158576,0.05082583449184879,1.0819947441414133,3.0,0.004207119741100324,0.016941944830616264
meanrev,1.0,2.0,9177,"{""family"": ""meanrev"", ""min_ddv"": 10000000.0, ""min_price"": 5.0, ""regime"": ""none"", ""trend"": true, ""mom_min"": 0.0, ""rsi2_max"": 5.0, ""rsi14_max"": 100.0, ""ret21_max"": 1.0, ""dist_ema20_max"": 0.0, ""dist_ema50_min"": -0.05, ""dist_hh60_min"": -1.0, ""atr_ratio_max"": 10.0, ""vol_ratio_min"": 0.0, ""up_close"": false, ""strong_close"": false}",3398,485.0488854125929,0.37492642731018244,0.024022522575881004,1.0336347726642243,4.0,0.0,0.006005630643970251,2657,663.7953456536619,0.35679337598795635,-0.02760009047635745,0.9622685676363415,4.0,0.0,-0.006900022619089363,3090,771.9712525667351,0.3802588996763754,0.057613856160042665,1.082529608545284,4.0,0.005501618122977346,0.014403464040010666
meanrev,1.0,3.0,9177,"{""family"": ""meanrev"", ""min_ddv"": 10000000.0, ""min_price"": 5.0, ""regime"": ""none"", ""trend"": true, ""mom_min"": 0.0, ""rsi2_max"": 5.0, ""rsi14_max"": 100.0, ""ret21_max"": 1.0, ""dist_ema20_max"": 0.0, ""dist_ema50_min"": -0.05, ""dist_hh60_min"": -1.0, ""atr_ratio_max"": 10.0, ""vol_ratio_min"": 0.0, ""up_close"": false, ""strong_close"": false}",3398,485.0488854125929,0.2881106533254856,0.039137562815792615,1.0476967077133674,5.0,0.0,0.007827512563158523,2657,663.7953456536619,0.26985321791494166,-0.02092068936365023,0.9747481851335884,5.0,0.0,-0.004184137872730046,3090,771.9712525667351,0.3080906148867314,0.13762613458537307,1.1758184453982545,5.0,0.00744336569579288,0.027525226917074614
meanrev,1.5,0.5,9177,"{""family"": ""meanrev"", ""min_ddv"": 10000000.0, ""min_price"": 5.0, ""regime"": ""none"", ""trend"": true, ""mom_min"": 0.0, ""rsi2_max"": 5.0, ""rsi14_max"": 100.0, ""ret21_max"": 1.0, ""dist_ema20_max"": 0.0, ""dist_ema50_min"": -0.05, ""dist_hh60_min"": -1.0, ""atr_ratio_max"": 10.0, ""vol_ratio_min"": 0.0, ""up_close"": false, ""strong_close"": false}",3389,483.7641767696519,0.7007966951903216,-0.011416241796592069,0.9654301382408451,2.0,0.0,-0.0057081208982960345,2614,653.0527036276522,0.6786534047436878,-0.031222622040133152,0.9114593673870844,2.0,0.0,-0.015611311020066576,3029,756.731690622861,0.6949488279960383,0.004952533323423152,1.0149824150418507,2.0,0.0029712776493892373,0.002476266661711576
meanrev,1.5,0.75,9177,"{""family"": ""meanrev"", ""min_ddv"": 10000000.0, ""min_price"": 5.0, ""regime"": ""none"", ""trend"": true, ""mom_min"": 0.0, ""rsi2_max"": 5.0, ""rsi14_max"": 100.0, ""ret21_max"": 1.0, ""dist_ema20_max"": 0.0, ""dist_ema50_min"": -0.05, ""dist_hh60_min"": -1.0, ""atr_ratio_max"": 10.0, ""vol_ratio_min"": 0.0, ""up_close"": false, ""strong_close"": false}",3389,483.7641767696519,0.6107996459132488,0.008810903473523217,1.0204621624049868,3.0,0.0,0.002936967824507739,2614,653.0527036276522,0.6025248661055853,0.0029372153610239056,1.0067153751228797,3.0,0.0,0.0009790717870079685,3029,756.731690622861,0.601518653020799,0.014843794909923998,1.0340849784505193,4.0,0.003961703532518983,0.0037109487274809994
meanrev,1.5,1.0,9177,"{""family"": ""meanrev"", ""min_ddv"": 10000000.0, ""min_price"": 5.0, ""regime"": ""none"", ""trend"": true, ""mom_min"": 0.0, ""rsi2_max"": 5.0, ""rsi14_max"": 100.0, ""ret21_max"": 1.0, ""dist_ema20_max"": 0.0, ""dist_ema50_min"": -0.05, ""dist_hh60_min"": -1.0, ""atr_ratio_max"": 10.0, ""vol_ratio_min"": 0.0, ""up_close"": false, ""strong_close"": false}",3389,483.7641767696519,0.5420478017114193,0.022507969977565778,1.0444186066913037,4.0,0.0,0.005626992494391444,2614,653.0527036276522,0.5313695485845448,0.005239306610336388,1.010156567332315,4.0,0.0,0.001309826652584097,3029,756.731690622861,0.5427533839551006,0.04287972397431522,1.0856485398743434,5.0,0.004291845493562232,0.008575944794863044
meanrev,1.5,1.5,9177,"{""family"": ""meanrev"", ""min_ddv"": 10000000.0, ""min_price"": 5.0, ""regime"": ""none"", ""trend"": true, ""mom_min"": 0.0, ""rsi2_max"": 5.0, ""rsi14_max"": 100.0, ""ret21_max"": 1.0, ""dist_ema20_max"": 0.0, ""dist_ema50_min"": -0.05, ""dist_hh60_min"": -1.0, ""atr_ratio_max"": 10.0, ""vol_ratio_min"": 0.0, ""up_close"": false, ""strong_close"": false}",3389,483.7641767696519,0.44231336677485983,0.03808109492171257,1.0616030356327715,6.0,0.0,0.006346849153618762,2614,653.0527036276522,0.423106350420811,-0.006432037906258309,0.9898631930592782,6.0,0.0,-0.001072006317709718,3029,756.731690622861,0.45130406074612084,0.07567727533505347,1.1256442036953056,6.0,0.006602839220864972,0.012612879222508913
meanrev,1.5,2.0,9177,"{""family"": ""meanrev"", ""min_ddv"": 10000000.0, ""min_price"": 5.0, ""regime"": ""none"", ""trend"": true, ""mom_min"": 0.0, ""rsi2_max"": 5.0, ""rsi14_max"": 100.0, ""ret21_max"": 1.0, ""dist_ema20_max"": 0.0, ""dist_ema50_min"": -0.05, ""dist_hh60_min"": -1.0, ""atr_ratio_max"": 10.0, ""vol_ratio_min"": 0.0, ""up_close"": false, ""strong_close"": false}",3389,483.7641767696519,0.3756270286220124,0.052415273990575495,1.0753977884491412,8.0,0.0,0.006551909248821937,2614,653.0527036276522,0.35730680948737564,0.00690137070966367,1.0097753066564472,8.0,0.0,0.0008626713387079588,3029,756.731690622861,0.39716077913502806,0.13176768831225164,1.1991586186863068,8.0,0.008583690987124463,0.016470961039031454
meanrev,1.5,3.0,9177,"{""family"": ""meanrev"", ""min_ddv"": 10000000.0, ""min_price"": 5.0, ""regime"": ""none"", ""trend"": true, ""mom_min"": 0.0, ""rsi2_max"": 5.0, ""rsi14_max"": 100.0, ""ret21_max"": 1.0, ""dist_ema20_max"": 0.0, ""dist_ema50_min"": -0.05, ""dist_hh60_min"": -1.0, ""atr_ratio_max"": 10.0, ""vol_ratio_min"": 0.0, ""up_close"": false, ""strong_close"": false}",3389,483.7641767696519,0.3039244614930658,0.13589982657144903,1.174775365562243,10.0,0.0,0.013589982657144903,2614,653.0527036276522,0.2796480489671002,0.050908134092205244,1.0641765805105838,10.0,0.0,0.005090813409220524,3029,756.731690622861,0.31660614064047543,0.18848074457607786,1.2507198407813347,10.0,0.01617695609111918,0.018848074457607784
meanrev,2.0,0.5,9177,"{""family"": ""meanrev"", ""min_ddv"": 10000000.0, ""min_price"": 5.0, ""regime"": ""none"", ""trend"": true, ""mom_min"": 0.0, ""rsi2_max"": 5.0, ""rsi14_max"": 100.0, ""ret21_max"": 1.0, ""dist_ema20_max"": 0.0, ""dist_ema50_min"": -0.05, ""dist_hh60_min"": -1.0, ""atr_ratio_max"": 10.0, ""vol_ratio_min"": 0.0, ""up_close"": false, ""strong_close"": false}",3376,481.9084865076261,0.7088270142180095,0.021428202966286017,1.0678698951439114,3.0,0.0,0.007142734322095339,2542,635.0650239561944,0.6935483870967742,-0.001514217738468742,0.9955012928267475,3.0,0.0,-0.0005047392461562473,2954,737.9945242984257,0.7034529451591063,0.02831404566576377,1.088814403060175,4.0,0.004062288422477996,0.0070785114164409425
meanrev,2.0,0.75,9177,"{""family"": ""meanrev"", ""min_ddv"": 10000000.0, ""min_price"": 5.0, ""regime"": ""none"", ""trend"": true, ""mom_min"": 0.0, ""rsi2_max"": 5.0, ""rsi14_max"": 100.0, ""ret21_max"": 1.0, ""dist_ema20_max"": 0.0, ""dist_ema50_min"": -0.05, ""dist_hh60_min"": -1.0, ""atr_ratio_max"": 10.0, ""vol_ratio_min"": 0.0, ""up_close"": false, ""strong_close"": false}",3376,481.9084865076261,0.6208530805687204,0.04408531029633484,1.1072191867105634,5.0,0.0,0.008817062059266969,2542,635.0650239561944,0.5999213217938631,0.0019828305398327775,1.004522914190955,5.0,0.0,0.0003965661079665555,2954,737.9945242984257,0.6205145565335138,0.056092639714670815,1.1368881897218253,6.0,0.005416384563303994,0.00934877328577847
meanrev,2.0,1.0,9177,"{""family"": ""meanrev"", ""min_ddv"": 10000000.0, ""min_price"": 5.0, ""regime"": ""none"", ""trend"": true, ""mom_min"": 0.0, ""rsi2_max"": 5.0, ""rsi14_max"": 100.0, ""ret21_max"": 1.0, ""dist_ema20_max"": 0.0, ""dist_ema50_min"": -0.05, ""dist_hh60_min"": -1.0, ""atr_ratio_max"": 10.0, ""vol_ratio_min"": 0.0, ""up_close"": false, ""strong_close"": false}",3376,481.9084865076261,0.5485781990521327,0.05136234970632762,1.1046933082269257,7.0,0.0,0.007337478529475375,2542,635.0650239561944,0.5259638080251771,0.002063781733929415,1.0039868911689434,7.0,0.0,0.0002948259619899164,2954,737.9945242984257,0.55416384563304,0.07205646541978322,1.1498209990479134,7.0,0.007447528774542992,0.010293780774254746
meanrev,2.0,1.5,9177,"{""family"": ""meanrev"", ""min_ddv"": 10000000.0, ""min_price"": 5.0, ""regime"": ""none"", ""trend"": true, ""mom_min"": 0.0, ""rsi2_max"": 5.0, ""rsi14_max"": 100.0, ""ret21_max"": 1.0, ""dist_ema20_max"": 0.0, ""dist_ema50_min"": -0.05, ""dist_hh60_min"": -1.0, ""atr_ratio_max"": 10.0, ""vol_ratio_min"": 0.0, ""up_close"": false, ""strong_close"": false}",3376,481.9084865076261,0.45764218009478674,0.09224880226359704,1.155688682424999,10.0,0.0,0.009224880226359703,2542,635.0650239561944,0.42997639653815894,0.021737679163133933,1.0349783596900595,10.0,0.0,0.0021737679163133933,2954,737.9945242984257,0.473595125253893,0.1451541971014181,1.2557860583805927,11.0,0.01049424509140149,0.01319583610012892
meanrev,2.0,2.0,9177,"{""family"": ""meanrev"", ""min_ddv"": 10000000.0, ""min_price"": 5.0, ""regime"": ""none"", ""trend"": true, ""mom_min"": 0.0, ""rsi2_max"": 5.0, ""rsi14_max"": 100.0, ""ret21_max"": 1.0, ""dist_ema20_max"": 0.0, ""dist_ema50_min"": -0.05, ""dist_hh60_min"": -1.0, ""atr_ratio_max"": 10.0, ""vol_ratio_min"": 0.0, ""up_close"": false, ""strong_close"": false}",3376,481.9084865076261,0.4028436018957346,0.15054946633943628,1.230350387003248,13.0,0.0,0.011580728179956637,2542,635.0650239561944,0.3725413060582219,0.06346622787401565,1.0925715333138413,13.0,0.0,0.004882017528770434,2954,737.9945242984257,0.4099526066350711,0.18390615012310926,1.2887711563801365,13.0,0.015572105619498984,0.014146626932546867
meanrev,2.0,3.0,9177,"{""family"": ""meanrev"", ""min_ddv"": 10000000.0, ""min_price"": 5.0, ""regime"": ""none"", ""trend"": true, ""mom_min"": 0.0, ""rsi2_max"": 5.0, ""rsi14_max"": 100.0, ""ret21_max"": 1.0, ""dist_ema20_max"": 0.0, ""dist_ema50_min"": -0.05, ""dist_hh60_min"": -1.0, ""atr_ratio_max"": 10.0, ""vol_ratio_min"": 0.0, ""up_close"": false, ""strong_close"": false}",3376,481.9084865076261,0.32523696682464454,0.23577239018515664,1.3179417922440109,17.0,0.0,0.013868964128538625,2542,635.0650239561944,0.3029110936270653,0.1511295170837314,1.1986739234948922,17.0,0.0,0.00888997159316067,2954,737.9945242984257,0.3408937034529452,0.27413555031835196,1.383288065275242,18.0,0.02911306702775897,0.015229752795463998
meanrev,3.0,0.5,9177,"{""family"": ""meanrev"", ""min_ddv"": 10000000.0, ""min_price"": 5.0, ""regime"": ""none"", ""trend"": true, ""mom_min"": 0.0, ""rsi2_max"": 5.0, ""rsi14_max"": 100.0, ""ret21_max"": 1.0, ""dist_ema20_max"": 0.0, ""dist_ema50_min"": -0.05, ""dist_hh60_min"": -1.0, ""atr_ratio_max"": 10.0, ""vol_ratio_min"": 0.0, ""up_close"": false, ""strong_close"": false}",3279,468.06218224481813,0.70966758157975,0.03886990542023806,1.1262809363558668,6.0,0.0,0.006478317570039677,2310,577.1047227926078,0.6991341991341992,0.014764067931896616,1.0454408962505242,6.0,0.0,0.002460677988649436,2669,666.7932922655715,0.7058823529411765,0.04198210839732499,1.135440167099036,7.0,0.005620082427875608,0.005997444056760713
meanrev,3.0,0.75,9177,"{""family"": ""meanrev"", ""min_ddv"": 10000000.0, ""min_price"": 5.0, ""regime"": ""none"", ""trend"": true, ""mom_min"": 0.0, ""rsi2_max"": 5.0, ""rsi14_max"": 100.0, ""ret21_max"": 1.0, ""dist_ema20_max"": 0.0, ""dist_ema50_min"": -0.05, ""dist_hh60_min"": -1.0, ""atr_ratio_max"": 10.0, ""vol_ratio_min"": 0.0, ""up_close"": false, ""strong_close"": false}",3279,468.06218224481813,0.6251906068923452,0.06590316103901256,1.1650450827997947,10.0,0.0,0.006590316103901256,2310,577.1047227926078,0.6151515151515151,0.04060311566890503,1.0982401132109392,10.0,0.0,0.004060311566890503,2669,666.7932922655715,0.6257025103034844,0.07761821117587815,1.1968238117473604,11.0,0.008617459722742601,0.007056201015988923
meanrev,3.0,1.0,9177,"{""family"": ""meanrev"", ""min_ddv"": 10000000.0, ""min_price"": 5.0, ""regime"": ""none"", ""trend"": true, ""mom_min"": 0.0, ""rsi2_max"": 5.0, ""rsi14_max"": 100.0, ""ret21_max"": 1.0, ""dist_ema20_max"": 0.0, ""dist_ema50_min"": -0.05, ""dist_hh60_min"": -1.0, ""atr_ratio_max"": 10.0, ""vol_ratio_min"": 0.0, ""up_close"": false, ""strong_close"": false}",3279,468.06218224481813,0.5651113144251296,0.09816578871636397,1.2109486875593514,14.0,0.0,0.0070118420511688555,2310,577.1047227926078,0.5471861471861472,0.060394602460646554,1.12460417253045,15.0,0.0,0.00402630683070977,2669,666.7932922655715,0.5732484076433121,0.1262675896963297,1.280945190241786,15.0,0.011989509179467965,0.008417839313088647
meanrev,3.0,1.5,9177,"{""family"": ""meanrev"", ""min_ddv"": 10000000.0, ""min_price"": 5.0, ""regime"": ""none"", ""trend"": true, ""mom_min"": 0.0, ""rsi2_max"": 5.0, ""rsi14_max"": 100.0, ""ret21_max"": 1.0, ""dist_ema20_max"": 0.0, ""dist_ema50_min"": -0.05, ""dist_hh60_min"": -1.0, ""atr_ratio_max"": 10.0, ""vol_ratio_min"": 0.0, ""up_close"": false, ""strong_close"": false}",3279,468.06218224481813,0.48124428179322964,0.16665156343794624,1.299619442938605,21.0,0.0,0.007935788735140297,2310,577.1047227926078,0.45670995670995673,0.10814749802020161,1.1866004786485447,22.0,0.0,0.004915795364554619,2669,666.7932922655715,0.4866991382540277,0.18042884594228803,1.3326007037388021,21.0,0.023604346197077557,0.00859184980677562
meanrev,3.0,2.0,9177,"{""family"": ""meanrev"", ""min_ddv"": 10000000.0, ""min_price"": 5.0, ""regime"": ""none"", ""trend"": true, ""mom_min"": 0.0, ""rsi2_max"": 5.0, ""rsi14_max"": 100.0, ""ret21_max"": 1.0, ""dist_ema20_max"": 0.0, ""dist_ema50_min"": -0.05, ""dist_hh60_min"": -1.0, ""atr_ratio_max"": 10.0, ""vol_ratio_min"": 0.0, ""up_close"": false, ""strong_close"": false}",3279,468.06218224481813,0.42451967063129004,0.23226484856394333,1.3755590985524169,26.0,0.0,0.008933263406305512,2310,577.1047227926078,0.4012987012987013,0.16469698682713144,1.2581393730802575,28.0,0.0,0.005882035243826122,2669,666.7932922655715,0.4402397901835894,0.25884005777225527,1.4375472230793391,27.0,0.034469838890970404,0.009586668806379825
meanrev,3.0,3.0,9177,"{""family"": ""meanrev"", ""min_ddv"": 10000000.0, ""min_price"": 5.0, ""regime"": ""none"", ""trend"": true, ""mom_min"": 0.0, ""rsi2_max"": 5.0, ""rsi14_max"": 100.0, ""ret21_max"": 1.0, ""dist_ema20_max"": 0.0, ""dist_ema50_min"": -0.05, ""dist_hh60_min"": -1.0, ""atr_ratio_max"": 10.0, ""vol_ratio_min"": 0.0, ""up_close"": false, ""strong_close"": false}",3279,468.06218224481813,0.3613906678865508,0.3970093245618619,1.5780771052062916,37.0,0.0003049710277523635,0.010729981744915186,2310,577.1047227926078,0.31385281385281383,0.19999370964772437,1.272899063910335,38.0,0.004329004329004329,0.005262992359150641,2669,666.7932922655715,0.37879355563881606,0.38092116592756325,1.579497693981579,36.0,0.06257025103034844,0.010581143497987867
meanrev,1.0,0.5,21976,"{""family"": ""meanrev"", ""min_ddv"": 10000000.0, ""min_price"": 5.0, ""regime"": ""none"", ""trend"": true, ""mom_min"": 0.0, ""rsi2_max"": 10.0, ""rsi14_max"": 100.0, ""ret21_max"": 1.0, ""dist_ema20_max"": 0.0, ""dist_ema50_min"": -1.0, ""dist_hh60_min"": -1.0, ""atr_ratio_max"": 10.0, ""vol_ratio_min"": 0.0, ""up_close"": false, ""strong_close"": false}",7764,1108.275322643723,0.6877897990726429,-0.06176777179242047,0.8245247307411339,1.0,0.0,-0.06176777179242047,6314,1577.419575633128,0.6715235983528667,-0.0635789755976997,0.8262264908058671,1.0,0.0,-0.0635789755976997,7693,1921.933607118412,0.6850383465488106,-0.032651577005923506,0.9061958542664765,2.0,0.0018198362147406734,-0.016325788502961753
meanrev,1.0,0.75,21976,"{""family"": ""meanrev"", ""min_ddv"": 10000000.0, ""min_price"": 5.0, ""regime"": ""none"", ""trend"": true, ""mom_min"": 0.0, ""rsi2_max"": 10.0, ""rsi14_max"": 100.0, ""ret21_max"": 1.0, ""dist_ema20_max"": 0.0, ""dist_ema50_min"": -1.0, ""dist_hh60_min"": -1.0, ""atr_ratio_max"": 10.0, ""vol_ratio_min"": 0.0, ""up_close"": false, ""strong_close"": false}",7764,1108.275322643723,0.6062596599690881,-0.030960879919734778,0.9305715365937494,2.0,0.0,-0.015480439959867389,6314,1577.419575633128,0.58615774469433,-0.04463599617356723,0.9033780767756113,2.0,0.0,-0.022317998086783614,7693,1921.933607118412,0.6015858572728454,-0.003037273840102192,0.9930988000377501,2.0,0.00272975432211101,-0.001518636920051096
meanrev,1.0,1.0,21976,"{""family"": ""meanrev"", ""min_ddv"": 10000000.0, ""min_price"": 5.0, ""regime"": ""none"", ""trend"": true, ""mom_min"": 0.0, ""rsi2_max"": 10.0, ""rsi14_max"": 100.0, ""ret21_max"": 1.0, ""dist_ema20_max"": 0.0, ""dist_ema50_min"": -1.0, ""dist_hh60_min"": -1.0, ""atr_ratio_max"": 10.0, ""vol_ratio_min"": 0.0, ""up_close"": false, ""strong_close"": false}",7764,1108.275322643723,0.5445646573930963,-0.0014358808126176644,0.9972303420120626,2.0,0.0,-0.0007179404063088322,6314,1577.419575633128,0.5264491605955021,-0.02251791687121588,0.9577987483793041,2.0,0.0,-0.01125895843560794,7693,1921.933607118412,0.5298323150916417,0.0012718283914781375,1.0024405780502705,3.0,0.0033796958273755364,0.00042394279715937916
meanrev,1.0,1.5,21976,"{""family"": ""meanrev"", ""min_ddv"": 10000000.0, ""min_price"": 5.0, ""regime"": ""none"", ""trend"": true, ""mom_min"": 0.0, ""rsi2_max"": 10.0, ""rsi14_max"": 100.0, ""ret21_max"": 1.0, ""dist_ema20_max"": 0.0, ""dist_ema50_min"": -1.0, ""dist_hh60_min"": -1.0, ""atr_ratio_max"": 10.0, ""vol_ratio_min"": 0.0, ""up_close"": false, ""strong_close"": false}",7764,1108.275322643723,0.4460329726944874,0.022589127395447956,1.0358056352984082,3.0,0.0,0.007529709131815985,6314,1577.419575633128,0.43458980044345896,0.00046431790728288853,1.0007263261381887,3.0,0.0,0.00015477263576096285,7693,1921.933607118412,0.4339009489145977,0.020364591849699614,1.0322614804094703,4.0,0.005979461848433641,0.0050911479624249035
meanrev,1.0,2.0,21976,"{""family"": ""meanrev"", ""min_ddv"": 10000000.0, ""min_price"": 5.0, ""regime"": ""none"", ""trend"": true, ""mom_min"": 0.0, ""rsi2_max"": 10.0, ""rsi14_max"": 100.0, ""ret21_max"": 1.0, ""dist_ema20_max"": 0.0, ""dist_ema50_min"": -1.0, ""dist_hh60_min"": -1.0, ""atr_ratio_max"": 10.0, ""vol_ratio_min"": 0.0, ""up_close"": false, ""strong_close"": false}",7764,1108.275322643723,0.3786707882534776,0.03947215246449853,1.0557704060677435,4.0,0.0,0.009868038116124633,6314,1577.419575633128,0.3612606905289832,-0.00838775820575893,0.9883774308310596,4.0,0.0,-0.0020969395514397323,7693,1921.933607118412,0.3669569738723515,0.02594988800517458,1.0366913713138588,4.0,0.00818926296633303,0.006487472001293645
meanrev,1.0,3.0,21976,"{""family"": ""meanrev"", ""min_ddv"": 10000000.0, ""min_price"": 5.0, ""regime"": ""none"", ""trend"": true, ""mom_min"": 0.0, ""rsi2_max"": 10.0, ""rsi14_max"": 100.0, ""ret21_max"": 1.0, ""dist_ema20_max"": 0.0, ""dist_ema50_min"": -1.0, ""dist_hh60_min"": -1.0, ""atr_ratio_max"": 10.0, ""vol_ratio_min"": 0.0, ""up_close"": false, ""strong_close"": false}",7764,1108.275322643723,0.2935342606903658,0.06619192814119647,1.0816394661508335,5.0,0.0,0.013238385628239294,6314,1577.419575633128,0.276211593284764,0.006964824518253815,1.0084906010203907,5.0,0.0,0.0013929649036507632,7693,1921.933607118412,0.2911737943585077,0.06650193425264078,1.083198517737549,6.0,0.011049005589496945,0.011083655708773463
meanrev,1.5,0.5,21976,"{""family"": ""meanrev"", ""min_ddv"": 10000000.0, ""min_price"": 5.0, ""regime"": ""none"", ""trend"": true, ""mom_min"": 0.0, ""rsi2_max"": 10.0, ""rsi14_max"": 100.0, ""ret21_max"": 1.0, ""dist_ema20_max"": 0.0, ""dist_ema50_min"": -1.0, ""dist_hh60_min"": -1.0, ""atr_ratio_max"": 10.0, ""vol_ratio_min"": 0.0, ""up_close"": false, ""strong_close"": false}",7719,1101.8517794290183,0.7092887679751263,0.0023450339982592164,1.007280218755908,2.0,0.0,0.0011725169991296082,6102,1524.4558521560575,0.6823992133726647,-0.0235919184693171,0.932258097873032,2.0,0.0,-0.01179595923465855,7378,1843.2375085557837,0.695310382217403,0.010883613547228686,1.033181812964207,3.0,0.003659528327460016,0.0036278711824095622
meanrev,1.5,0.75,21976,"{""family"": ""meanrev"", ""min_ddv"": 10000000.0, ""min_price"": 5.0, ""regime"": ""none"", ""trend"": true, ""mom_min"": 0.0, ""rsi2_max"": 10.0, ""rsi14_max"": 100.0, ""ret21_max"": 1.0, ""dist_ema20_max"": 0.0, ""dist_ema50_min"": -1.0, ""dist_hh60_min"": -1.0, ""atr_ratio_max"": 10.0, ""vol_ratio_min"": 0.0, ""up_close"": false, ""strong_close"": false}",7719,1101.8517794290183,0.6227490607591657,0.03006875559942193,1.0718415149578238,3.0,0.0,0.010022918533140643,6102,1524.4558521560575,0.6017699115044248,0.000666353558968037,1.0015178010304562,3.0,0.0,0.00022211785298934566,7378,1843.2375085557837,0.6019246408240716,0.019143102931297267,1.0443523639648546,4.0,0.0056925996204933585,0.004785775732824317
meanrev,1.5,1.0,21976,"{""family"": ""meanrev"", ""min_ddv"": 10000000.0, ""min_price"": 5.0, ""regime"": ""none"", ""trend"": true, ""mom_min"": 0.0, ""rsi2_max"": 10.0, ""rsi14_max"": 100.0, ""ret21_max"": 1.0, ""dist_ema20_max"": 0.0, ""dist_ema50_min"": -1.0, ""dist_hh60_min"": -1.0, ""atr_ratio_max"": 10.0, ""vol_ratio_min"": 0.0, ""up_close"": false, ""strong_close"": false}",7719,1101.8517794290183,0.5539577665500712,0.047294172244925485,1.0957053938731163,4.0,0.0,0.011823543061231371,6102,1524.4558521560575,0.5340871845296624,0.009924936538223069,1.0192708828354056,4.0,0.0,0.0024812341345557673,7378,1843.2375085557837,0.5341555977229602,0.03085486028774695,1.0610047218126355,5.0,0.007319056654920032,0.00617097205754939
meanrev,1.5,1.5,21976,"{""family"": ""meanrev"", ""min_ddv"": 10000000.0, ""min_price"": 5.0, ""regime"": ""none"", ""trend"": true, ""mom_min"": 0.0, ""rsi2_max"": 10.0, ""rsi14_max"": 100.0, ""ret21_max"": 1.0, ""dist_ema20_max"": 0.0, ""dist_ema50_min"": -1.0, ""dist_hh60_min"": -1.0, ""atr_ratio_max"": 10.0, ""vol_ratio_min"": 0.0, ""up_close"": false, ""strong_close"": false}",7719,1101.8517794290183,0.4542039124238891,0.06819451010821735,1.1126956106484025,6.0,0.0,0.011365751684702892,6102,1524.4558521560575,0.4278924942641757,0.004617440868899852,1.0073155588982776,6.0,0.0,0.0007695734781499753,7378,1843.2375085557837,0.44144754676063974,0.052896414315450536,1.0868178984649046,7.0,0.010978584982380048,0.007556630616492934
meanrev,1.5,2.0,21976,"{""family"": ""meanrev"", ""min_ddv"": 10000000.0, ""min_price"": 5.0, ""regime"": ""none"", ""trend"": true, ""mom_min"": 0.0, ""rsi2_max"": 10.0, ""rsi14_max"": 100.0, ""ret21_max"": 1.0, ""dist_ema20_max"": 0.0, ""dist_ema50_min"": -1.0, ""dist_hh60_min"": -1.0, ""atr_ratio_max"": 10.0, ""vol_ratio_min"": 0.0, ""up_close"": false, ""strong_close"": false}",7719,1101.8517794290183,0.38916958155201453,0.09565027554891083,1.140801531529803,8.0,0.0,0.011956284443613853,6102,1524.4558521560575,0.36315961979678796,0.022310174138848043,1.0317434916608035,8.0,0.0,0.0027887717673560053,7378,1843.2375085557837,0.38235294117647056,0.08336183756181105,1.1233580832972954,8.0,0.01436703713743562,0.010420229695226381
meanrev,1.5,3.0,21976,"{""family"": ""meanrev"", ""min_ddv"": 10000000.0, ""min_price"": 5.0, ""regime"": ""none"", ""trend"": true, ""mom_min"": 0.0, ""rsi2_max"": 10.0, ""rsi14_max"": 100.0, ""ret21_max"": 1.0, ""dist_ema20_max"": 0.0, ""dist_ema50_min"": -1.0, ""dist_hh60_min"": -1.0, ""atr_ratio_max"": 10.0, ""vol_ratio_min"": 0.0, ""up_close"": false, ""strong_close"": false}",7719,1101.8517794290183,0.31105065422982253,0.16400383363647295,1.213136989665971,10.0,0.0,0.016400383363647294,6102,1524.4558521560575,0.28449688626679775,0.06724384388127322,1.08500627705871,11.0,0.0,0.006113076716479384,7378,1843.2375085557837,0.30794253185145026,0.14380628680700058,1.189439081477566,10.0,0.02155055570615343,0.014380628680700058
meanrev,2.0,0.5,21976,"{""family"": ""meanrev"", ""min_ddv"": 10000000.0, ""min_price"": 5.0, ""regime"": ""none"", ""trend"": true, ""mom_min"": 0.0, ""rsi2_max"": 10.0, ""rsi14_max"": 100.0, ""ret21_max"": 1.0, ""dist_ema20_max"": 0.0, ""dist_ema50_min"": -1.0, ""dist_hh60_min"": -1.0, ""atr_ratio_max"": 10.0, ""vol_ratio_min"": 0.0, ""up_close"": false, ""strong_close"": false}",7662,1093.715291357059,0.7199164708953276,0.03693250212675537,1.1207937856535517,3.0,0.0,0.01231083404225179,5847,1460.7494866529773,0.6947152385838892,0.0027884355346022953,1.008369169334025,3.0,0.0,0.0009294785115340985,7029,1756.047227926078,0.7003841229193342,0.027692577286427537,1.0867344332926165,4.0,0.004837103428652724,0.006923144321606884
meanrev,2.0,0.75,21976,"{""family"": ""meanrev"", ""min_ddv"": 10000000.0, ""min_price"": 5.0, ""regime"": ""none"", ""trend"": true, ""mom_min"": 0.0, ""rsi2_max"": 10.0, ""rsi14_max"": 100.0, ""ret21_max"": 1.0, ""dist_ema20_max"": 0.0, ""dist_ema50_min"": -1.0, ""dist_hh60_min"": -1.0, ""atr_ratio_max"": 10.0, ""vol_ratio_min"": 0.0, ""up_close"": false, ""strong_close"": false}",7662,1093.715291357059,0.6324719394413991,0.06471245501519786,1.161808831062551,5.0,0.0,0.012942491003039572,5847,1460.7494866529773,0.6069779374037968,0.0183258019974132,1.0427890382463416,5.0,0.0,0.00366516039948264,7029,1756.047227926078,0.6100441030018495,0.04244835430545885,1.1017968696298421,6.0,0.007540190638782188,0.007074725717576475
meanrev,2.0,1.0,21976,"{""family"": ""meanrev"", ""min_ddv"": 10000000.0, ""min_price"": 5.0, ""regime"": ""none"", ""trend"": true, ""mom_min"": 0.0, ""rsi2_max"": 10.0, ""rsi14_max"": 100.0, ""ret21_max"": 1.0, ""dist_ema20_max"": 0.0, ""dist_ema50_min"": -1.0, ""dist_hh60_min"": -1.0, ""atr_ratio_max"": 10.0, ""vol_ratio_min"": 0.0, ""up_close"": false, ""strong_close"": false}",7662,1093.715291357059,0.5621247716001044,0.07978534270405079,1.1674801827662433,7.0,0.0,0.011397906100578684,5847,1460.7494866529773,0.5330938943047717,0.019777370473831966,1.0389759096729272,7.0,0.0,0.002825338639118852,7029,1756.047227926078,0.5416133162612036,0.050693618920043926,1.1031941849552536,8.0,0.010385545596813203,0.006336702365005491
meanrev,2.0,1.5,21976,"{""family"": ""meanrev"", ""min_ddv"": 10000000.0, ""min_price"": 5.0, ""regime"": ""none"", ""trend"": true, ""mom_min"": 0.0, ""rsi2_max"": 10.0, ""rsi14_max"": 100.0, ""ret21_max"": 1.0, ""dist_ema20_max"": 0.0, ""dist_ema50_min"": -1.0, ""dist_hh60_min"": -1.0, ""atr_ratio_max"": 10.0, ""vol_ratio_min"": 0.0, ""up_close"": false, ""strong_close"": false}",7662,1093.715291357059,0.4725920125293657,0.13203331171172752,1.2292795145695945,11.0,0.0,0.012003028337429776,5847,1460.7494866529773,0.4380023943902856,0.04374270999970513,1.0714969117022948,11.0,0.0,0.0039766099999731935,7029,1756.047227926078,0.45810214824299333,0.10226554952731663,1.1755734183892013,11.0,0.01579172001707213,0.009296868138846967
meanrev,2.0,2.0,21976,"{""family"": ""meanrev"", ""min_ddv"": 10000000.0, ""min_price"": 5.0, ""regime"": ""none"", ""trend"": true, ""mom_min"": 0.0, ""rsi2_max"": 10.0, ""rsi14_max"": 100.0, ""ret21_max"": 1.0, ""dist_ema20_max"": 0.0, ""dist_ema50_min"": -1.0, ""dist_hh60_min"": -1.0, ""atr_ratio_max"": 10.0, ""vol_ratio_min"": 0.0, ""up_close"": false, ""strong_close"": false}",7662,1093.715291357059,0.414904724614983,0.18957676626617803,1.2961662411017218,13.0,0.0,0.014582828174321386,5847,1460.7494866529773,0.3767744142295194,0.07509640708562389,1.1104830169412434,14.0,0.0,0.005364029077544563,7029,1756.047227926078,0.4004837103428653,0.14585352086330478,1.2259147805033386,13.0,0.02190923317683881,0.011219501604869599
meanrev,2.0,3.0,21976,"{""family"": ""meanrev"", ""min_ddv"": 10000000.0, ""min_price"": 5.0, ""regime"": ""none"", ""trend"": true, ""mom_min"": 0.0, ""rsi2_max"": 10.0, ""rsi14_max"": 100.0, ""ret21_max"": 1.0, ""dist_ema20_max"": 0.0, ""dist_ema50_min"": -1.0, ""dist_hh60_min"": -1.0, ""atr_ratio_max"": 10.0, ""vol_ratio_min"": 0.0, ""up_close"": false, ""strong_close"": false}",7662,1093.715291357059,0.33555207517619423,0.27612146477785326,1.3781425108505025,18.0,0.0,0.015340081376547403,5847,1460.7494866529773,0.30169317598768597,0.14973965086910324,1.1971452433346532,18.0,0.0,0.008318869492727957,7029,1756.047227926078,0.3361786882913643,0.2464280174544158,1.343832369847953,18.0,0.03599374021909233,0.013690445414134212
meanrev,3.0,0.5,21976,"{""family"": ""meanrev"", ""min_ddv"": 10000000.0, ""min_price"": 5.0, ""regime"": ""none"", ""trend"": true, ""mom_min"": 0.0, ""rsi2_max"": 10.0, ""rsi14_max"": 100.0, ""ret21_max"": 1.0, ""dist_ema20_max"": 0.0, ""dist_ema50_min"": -1.0, ""dist_hh60_min"": -1.0, ""atr_ratio_max"": 10.0, ""vol_ratio_min"": 0.0, ""up_close"": false, ""strong_close"": false}",7321,1045.0391083300742,0.7280426171288076,0.06731258175183708,1.232409970850682,7.0,0.0,0.009616083107405296,5065,1265.3832991101985,0.7117472852912142,0.036803680726099436,1.1187868448552116,6.0,0.0,0.006133946787683239,6021,1504.2197125256673,0.7063610695897692,0.04429042457297866,1.1433684185954265,7.0,0.006311243979405415,0.006327203510425523
meanrev,3.0,0.75,21976,"{""family"": ""meanrev"", ""min_ddv"": 10000000.0, ""min_price"": 5.0, ""regime"": ""none"", ""trend"": true, ""mom_min"": 0.0, ""rsi2_max"": 10.0, ""rsi14_max"": 100.0, ""ret21_max"": 1.0, ""dist_ema20_max"": 0.0, ""dist_ema50_min"": -1.0, ""dist_hh60_min"": -1.0, ""atr_ratio_max"": 10.0, ""vol_ratio_min"": 0.0, ""up_close"": false, ""strong_close"": false}",7321,1045.0391083300742,0.6459500068296681,0.1039643158224445,1.275314732461615,11.0,0.0,0.009451301438404046,5065,1265.3832991101985,0.6227048371174728,0.05629283462356771,1.1393389562349783,11.0,0.0,0.005117530420324337,6021,1504.2197125256673,0.622986214914466,0.07387134540845258,1.186508486116346,11.0,0.01079554891214084,0.006715576855313871
meanrev,3.0,1.0,21976,"{""family"": ""meanrev"", ""min_ddv"": 10000000.0, ""min_price"": 5.0, ""regime"": ""none"", ""trend"": true, ""mom_min"": 0.0, ""rsi2_max"": 10.0, ""rsi14_max"": 100.0, ""ret21_max"": 1.0, ""dist_ema20_max"": 0.0, ""dist_ema50_min"": -1.0, ""dist_hh60_min"": -1.0, ""atr_ratio_max"": 10.0, ""vol_ratio_min"": 0.0, ""up_close"": false, ""strong_close"": false}",7321,1045.0391083300742,0.5843464007649228,0.13942263623366155,1.3139139164386755,14.0,0.0,0.009958759730975824,5065,1265.3832991101985,0.5569595261599211,0.08156462507673448,1.172243323073652,15.0,0.0,0.005437641671782299,6021,1504.2197125256673,0.5686762996180037,0.11501218479295508,1.2531390390752295,15.0,0.015778109948513537,0.007667478986197005
meanrev,3.0,1.5,21976,"{""family"": ""meanrev"", ""min_ddv"": 10000000.0, ""min_price"": 5.0, ""regime"": ""none"", ""trend"": true, ""mom_min"": 0.0, ""rsi2_max"": 10.0, ""rsi14_max"": 100.0, ""ret21_max"": 1.0, ""dist_ema20_max"": 0.0, ""dist_ema50_min"": -1.0, ""dist_hh60_min"": -1.0, ""atr_ratio_max"": 10.0, ""vol_ratio_min"": 0.0, ""up_close"": false, ""strong_close"": false}",7321,1045.0391083300742,0.501297636934845,0.21744397542968402,1.4065340048107426,21.0,0.0,0.010354475020461143,5065,1265.3832991101985,0.46061204343534057,0.1174822136266265,1.2041770191784658,23.0,0.0,0.005107922331592457,6021,1504.2197125256673,0.4892874937717987,0.181670190360931,1.3369346697518627,21.0,0.028400597907324365,0.008650961445758618
meanrev,3.0,2.0,21976,"{""family"": ""meanrev"", ""min_ddv"": 10000000.0, ""min_price"": 5.0, ""regime"": ""none"", ""trend"": true, ""mom_min"": 0.0, ""rsi2_max"": 10.0, ""rsi14_max"": 100.0, ""ret21_max"": 1.0, ""dist_ema20_max"": 0.0, ""dist_ema50_min"": -1.0, ""dist_hh60_min"": -1.0, ""atr_ratio_max"": 10.0, ""vol_ratio_min"": 0.0, ""up_close"": false, ""strong_close"": false}",7321,1045.0391083300742,0.44215271137822704,0.2839644715596397,1.4733772914790548,28.0,0.0,0.010141588269987133,5065,1265.3832991101985,0.40177690029615004,0.1686791670117732,1.264837927480973,29.0,0.0,0.005816523000405973,6021,1504.2197125256673,0.4419531639262581,0.257235254840501,1.4359670924682486,27.0,0.040026573658860656,0.009527231660759297
meanrev,3.0,3.0,21976,"{""family"": ""meanrev"", ""min_ddv"": 10000000.0, ""min_price"": 5.0, ""regime"": ""none"", ""trend"": true, ""mom_min"": 0.0, ""rsi2_max"": 10.0, ""rsi14_max"": 100.0, ""ret21_max"": 1.0, ""dist_ema20_max"": 0.0, ""dist_ema50_min"": -1.0, ""dist_hh60_min"": -1.0, ""atr_ratio_max"": 10.0, ""vol_ratio_min"": 0.0, ""up_close"": false, ""strong_close"": false}",7321,1045.0391083300742,0.3720803168965988,0.4379200935063968,1.6469985856013765,40.0,0.0010927468925010244,0.010948002337659921,5065,1265.3832991101985,0.3147087857847976,0.20799375834552203,1.2844537592162666,39.0,0.0033563672260612043,0.0053331732909108216,6021,1504.2197125256673,0.38016940707523666,0.3725286093068979,1.5679315307908968,36.0,0.07241322039528318,0.010348016925191609
meanrev,1.0,0.5,429,"{""family"": ""meanrev"", ""min_ddv"": 10000000.0, ""min_price"": 5.0, ""regime"": ""none"", ""trend"": true, ""mom_min"": 0.0, ""rsi2_max"": 10.0, ""rsi14_max"": 100.0, ""ret21_max"": 1.0, ""dist_ema20_max"": 0.0, ""dist_ema50_min"": -1.0, ""dist_hh60_min"": -1.0, ""atr_ratio_max"": 10.0, ""vol_ratio_min"": 0.0, ""up_close"": true, ""strong_close"": false}",154,21.982792334767304,0.6558441558441559,-0.09015620340040079,0.7662446774432486,1.0,0.0,-0.09015620340040079,114,28.480492813141684,0.6228070175438597,-0.13227222703913555,0.673642349096537,1.0,0.0,-0.13227222703913555,160,39.97262149212868,0.74375,0.0703811690908956,1.2465329288402671,2.0,0.0,0.0351905845454478
meanrev,1.0,0.75,429,"{""family"": ""meanrev"", ""min_ddv"": 10000000.0, ""min_price"": 5.0, ""regime"": ""none"", ""trend"": true, ""mom_min"": 0.0, ""rsi2_max"": 10.0, ""rsi14_max"": 100.0, ""ret21_max"": 1.0, ""dist_ema20_max"": 0.0, ""dist_ema50_min"": -1.0, ""dist_hh60_min"": -1.0, ""atr_ratio_max"": 10.0, ""vol_ratio_min"": 0.0, ""up_close"": true, ""strong_close"": false}",154,21.982792334767304,0.5714285714285714,-0.0816161125900808,0.8296045525411244,2.0,0.0,-0.0408080562950404,114,28.480492813141684,0.5263157894736842,-0.13542740339784667,0.7340750375701942,2.0,0.0,-0.06771370169892334,160,39.97262149212868,0.64375,0.0906499835489873,1.2315124471736936,2.0,0.0,0.04532499177449365
meanrev,1.0,1.0,429,"{""family"": ""meanrev"", ""min_ddv"": 10000000.0, ""min_price"": 5.0, ""regime"": ""none"", ""trend"": true, ""mom_min"": 0.0, ""rsi2_max"": 10.0, ""rsi14_max"": 100.0, ""ret21_max"": 1.0, ""dist_ema20_max"": 0.0, ""dist_ema50_min"": -1.0, ""dist_hh60_min"": -1.0, ""atr_ratio_max"": 10.0, ""vol_ratio_min"": 0.0, ""up_close"": true, ""strong_close"": false}",154,21.982792334767304,0.4935064935064935,-0.08816346391910079,0.8448298769402361,2.0,0.0,-0.044081731959550396,114,28.480492813141684,0.42105263157894735,-0.3786585306350524,0.5141216411209437,2.0,0.0,-0.1893292653175262,160,39.97262149212868,0.5625,0.07014850947415789,1.1447639928048734,3.0,0.00625,0.023382836491385964
meanrev,1.0,1.5,429,"{""family"": ""meanrev"", ""min_ddv"": 10000000.0, ""min_price"": 5.0, ""regime"": ""none"", ""trend"": true, ""mom_min"": 0.0, ""rsi2_max"": 10.0, ""rsi14_max"": 100.0, ""ret21_max"": 1.0, ""dist_ema20_max"": 0.0, ""dist_ema50_min"": -1.0, ""dist_hh60_min"": -1.0, ""atr_ratio_max"": 10.0, ""vol_ratio_min"": 0.0, ""up_close"": true, ""strong_close"": false}",154,21.982792334767304,0.38961038961038963,-0.10982071389291456,0.8394989684460363,3.0,0.0,-0.03660690463097152,114,28.480492813141684,0.30701754385964913,-0.48691133948667376,0.47977082056646797,3.0,0.0,-0.16230377982889124,160,39.97262149212868,0.48125,0.12866544194067342,1.2251623557869282,4.0,0.00625,0.032166360485168355
meanrev,1.0,2.0,429,"{""family"": ""meanrev"", ""min_ddv"": 10000000.0, ""min_price"": 5.0, ""regime"": ""none"", ""trend"": true, ""mom_min"": 0.0, ""rsi2_max"": 10.0, ""rsi14_max"": 100.0, ""ret21_max"": 1.0, ""dist_ema20_max"": 0.0, ""dist_ema50_min"": -1.0, ""dist_hh60_min"": -1.0, ""atr_ratio_max"": 10.0, ""vol_ratio_min"": 0.0, ""up_close"": true, ""strong_close"": false}",154,21.982792334767304,0.3246753246753247,-0.11125669770491407,0.8525473373166438,4.0,0.0,-0.02781417442622852,114,28.480492813141684,0.24561403508771928,-0.5240936102355966,0.47650774660902084,4.0,0.0,-0.13102340255889916,160,39.97262149212868,0.40625,0.1272520774133784,1.1941959550921633,5.0,0.00625,0.02545041548267568
meanrev,1.0,3.0,429,"{""family"": ""meanrev"", ""min_ddv"": 10000000.0, ""min_price"": 5.0, ""regime"": ""none"", ""trend"": true, ""mom_min"": 0.0, ""rsi2_max"": 10.0, ""rsi14_max"": 100.0, ""ret21_max"": 1.0, ""dist_ema20_max"": 0.0, ""dist_ema50_min"": -1.0, ""dist_hh60_min"": -1.0, ""atr_ratio_max"": 10.0, ""vol_ratio_min"": 0.0, ""up_close"": true, ""strong_close"": false}",154,21.982792334767304,0.22727272727272727,-0.19953658720580492,0.772990877815212,5.0,0.0,-0.03990731744116098,114,28.480492813141684,0.18421052631578946,-0.5221814311625577,0.5125182990983268,4.0,0.0,-0.13054535779063942,160,39.97262149212868,0.3,0.15428848095500808,1.1982685071746457,6.0,0.0125,0.02571474682583468
meanrev,1.5,0.5,429,"{""family"": ""meanrev"", ""min_ddv"": 10000000.0, ""min_price"": 5.0, ""regime"": ""none"", ""trend"": true, ""mom_min"": 0.0, ""rsi2_max"": 10.0, ""rsi14_max"": 100.0, ""ret21_max"": 1.0, ""dist_ema20_max"": 0.0, ""dist_ema50_min"": -1.0, ""dist_hh60_min"": -1.0, ""atr_ratio_max"": 10.0, ""vol_ratio_min"": 0.0, ""up_close"": true, ""strong_close"": false}",153,21.840046929996088,0.6928104575163399,-0.0036103554127014203,0.9890068606357613,2.0,0.0,-0.0018051777063507102,113,28.23066392881588,0.6194690265486725,-0.11005000268538466,0.7260602446158517,3.0,0.0,-0.03668333422846155,153,38.223819301848046,0.738562091503268,0.08215775426435877,1.290707761047726,3.0,0.0,0.02738591808811959
meanrev,1.5,0.75,429,"{""family"": ""meanrev"", ""min_ddv"": 10000000.0, ""min_price"": 5.0, ""regime"": ""none"", ""trend"": true, ""mom_min"": 0.0, ""rsi2_max"": 10.0, ""rsi14_max"": 100.0, ""ret21_max"": 1.0, ""dist_ema20_max"": 0.0, ""dist_ema50_min"": -1.0, ""dist_hh60_min"": -1.0, ""atr_ratio_max"": 10.0, ""vol_ratio_min"": 0.0, ""up_close"": true, ""strong_close"": false}",153,21.840046929996088,0.5751633986928104,-0.03515673325365252,0.9232941482955696,4.0,0.0,-0.00878918331341313,113,28.23066392881588,0.4424778761061947,-0.3870481644004214,0.44699342211224524,3.0,0.0,-0.12901605480014047,153,38.223819301848046,0.6209150326797386,0.05482490259986342,1.134833438382403,4.0,0.006535947712418301,0.013706225649965854
meanrev,1.5,1.0,429,"{""family"": ""meanrev"", ""min_ddv"": 10000000.0, ""min_price"": 5.0, ""regime"": ""none"", ""trend"": true, ""mom_min"": 0.0, ""rsi2_max"": 10.0, ""rsi14_max"": 100.0, ""ret21_max"": 1.0, ""dist_ema20_max"": 0.0, ""dist_ema50_min"": -1.0, ""dist_hh60_min"": -1.0, ""atr_ratio_max"": 10.0, ""vol_ratio_min"": 0.0, ""up_close"": true, ""strong_close"": false}",153,21.840046929996088,0.5228758169934641,-0.005530769851234516,0.9892437145996364,5.0,0.0,-0.0011061539702469031,113,28.23066392881588,0.3893805309734513,-0.3962301105909618,0.48795388690137254,4.0,0.0,-0.09905752764774045,153,38.223819301848046,0.5751633986928104,0.1046550180234664,1.230222209507491,5.0,0.006535947712418301,0.020931003604693278
meanrev,1.5,1.5,429,"{""family"": ""meanrev"", ""min_ddv"": 10000000.0, ""min_price"": 5.0, ""regime"": ""none"", ""trend"": true, ""mom_min"": 0.0, ""rsi2_max"": 10.0, ""rsi14_max"": 100.0, ""ret21_max"": 1.0, ""dist_ema20_max"": 0.0, ""dist_ema50_min"": -1.0, ""dist_hh60_min"": -1.0, ""atr_ratio_max"": 10.0, ""vol_ratio_min"": 0.0, ""up_close"": true, ""strong_close"": false}",153,21.840046929996088,0.42483660130718953,0.0013431612346799368,1.002165329935696,7.0,0.0,0.00019188017638284812,113,28.23066392881588,0.3008849557522124,-0.44175970113315355,0.4986171819064541,5.0,0.0,-0.0883519402266307,153,38.223819301848046,0.49019607843137253,0.16678923418362296,1.305901165940244,7.0,0.006535947712418301,0.02382703345480328
meanrev,1.5,2.0,429,"{""family"": ""meanrev"", ""min_ddv"": 10000000.0, ""min_price"": 5.0, ""regime"": ""none"", ""trend"": true, ""mom_min"": 0.0, ""rsi2_max"": 10.0, ""rsi14_max"": 100.0, ""ret21_max"": 1.0, ""dist_ema20_max"": 0.0, ""dist_ema50_min"": -1.0, ""dist_hh60_min"": -1.0, ""atr_ratio_max"": 10.0, ""vol_ratio_min"": 0.0, ""up_close"": true, ""strong_close"": false}",153,21.840046929996088,0.3137254901960784,-0.12772707557823249,0.8291909104502065,9.0,0.0,-0.014191897286470277,113,28.23066392881588,0.24778761061946902,-0.4507163759759493,0.520652306732488,7.0,0.0,-0.06438805371084991,153,38.223819301848046,0.39215686274509803,0.16060649495743815,1.2492357340037046,9.0,0.0196078431372549,0.017845166106382017
meanrev,1.5,3.0,429,"{""family"": ""meanrev"", ""min_ddv"": 10000000.0, ""min_price"": 5.0, ""regime"": ""none"", ""trend"": true, ""mom_min"": 0.0, ""rsi2_max"": 10.0, ""rsi14_max"": 100.0, ""ret21_max"": 1.0, ""dist_ema20_max"": 0.0, ""dist_ema50_min"": -1.0, ""dist_hh60_min"": -1.0, ""atr_ratio_max"": 10.0, ""vol_ratio_min"": 0.0, ""up_close"": true, ""strong_close"": false}",153,21.840046929996088,0.24836601307189543,-0.06673201760664062,0.9189436902970161,10.0,0.0,-0.006673201760664061,113,28.23066392881588,0.20353982300884957,-0.3844866519296543,0.6101882732845995,7.0,0.0,-0.054926664561379186,153,38.223819301848046,0.30718954248366015,0.15979789348475856,1.2179443525795506,12.0,0.0392156862745098,0.01331649112372988
meanrev,2.0,0.5,429,"{""family"": ""meanrev"", ""min_ddv"": 10000000.0, ""min_price"": 5.0, ""regime"": ""none"", ""trend"": true, ""mom_min"": 0.0, ""rsi2_max"": 10.0, ""rsi14_max"": 100.0, ""ret21_max"": 1.0, ""dist_ema20_max"": 0.0, ""dist_ema50_min"": -1.0, ""dist_hh60_min"": -1.0, ""atr_ratio_max"": 10.0, ""vol_ratio_min"": 0.0, ""up_close"": true, ""strong_close"": false}",152,21.697301525224873,0.6644736842105263,-0.030745711185960076,0.9129102915972411,4.0,0.0,-0.007686427796490019,108,26.981519507186857,0.6203703703703703,-0.1894124327726887,0.6074059226060093,4.0,0.0,-0.04735310819317218,145,36.22518822724162,0.7310344827586207,0.07392250798321408,1.259831258234172,4.0,0.006896551724137931,0.01848062699580352
meanrev,2.0,0.75,429,"{""family"": ""meanrev"", ""min_ddv"": 10000000.0, ""min_price"": 5.0, ""regime"": ""none"", ""trend"": true, ""mom_min"": 0.0, ""rsi2_max"": 10.0, ""rsi14_max"": 100.0, ""ret21_max"": 1.0, ""dist_ema20_max"": 0.0, ""dist_ema50_min"": -1.0, ""dist_hh60_min"": -1.0, ""atr_ratio_max"": 10.0, ""vol_ratio_min"": 0.0, ""up_close"": true, ""strong_close"": false}",152,21.697301525224873,0.5723684210526315,-0.031648883851394166,0.9297620222776565,6.0,0.0,-0.005274813975232361,108,26.981519507186857,0.5277777777777778,-0.21331318896254672,0.6418224199801879,6.0,0.0,-0.03555219816042445,145,36.22518822724162,0.6758620689655173,0.15320330874114596,1.4469321613031707,6.0,0.006896551724137931,0.025533884790190992
meanrev,2.0,1.0,429,"{""family"": ""meanrev"", ""min_ddv"": 10000000.0, ""min_price"": 5.0, ""regime"": ""none"", ""trend"": true, ""mom_min"": 0.0, ""rsi2_max"": 10.0, ""rsi14_max"": 100.0, ""ret21_max"": 1.0, ""dist_ema20_max"": 0.0, ""dist_ema50_min"": -1.0, ""dist_hh60_min"": -1.0, ""atr_ratio_max"": 10.0, ""vol_ratio_min"": 0.0, ""up_close"": true, ""strong_close"": false}",152,21.697301525224873,0.506578947368421,-0.021887673590117684,0.957857340351577,8.0,0.0,-0.0027359591987647105,108,26.981519507186857,0.42592592592592593,-0.301902822121595,0.5767612986419787,8.5,0.0,-0.03551797907312883,145,36.22518822724162,0.6137931034482759,0.18993948888013434,1.46666898105093,8.0,0.006896551724137931,0.023742436110016793
meanrev,2.0,1.5,429,"{""family"": ""meanrev"", ""min_ddv"": 10000000.0, ""min_price"": 5.0, ""regime"": ""none"", ""trend"": true, ""mom_min"": 0.0, ""rsi2_max"": 10.0, ""rsi14_max"": 100.0, ""ret21_max"": 1.0, ""dist_ema20_max"": 0.0, ""dist_ema50_min"": -1.0, ""dist_hh60_min"": -1.0, ""atr_ratio_max"": 10.0, ""vol_ratio_min"": 0.0, ""up_close"": true, ""strong_close"": false}",152,21.697301525224873,0.375,-0.10506143500469438,0.8406203164638862,11.0,0.0,-0.009551039545881308,108,26.981519507186857,0.3148148148148148,-0.376726946405828,0.5526151482934188,12.5,0.0,-0.03013815571246624,145,36.22518822724162,0.47586206896551725,0.18292800718688598,1.3356762149332393,13.0,0.020689655172413793,0.014071385168222
meanrev,2.0,2.0,429,"{""family"": ""meanrev"", ""min_ddv"": 10000000.0, ""min_price"": 5.0, ""regime"": ""none"", ""trend"": true, ""mom_min"": 0.0, ""rsi2_max"": 10.0, ""rsi14_max"": 100.0, ""ret21_max"": 1.0, ""dist_ema20_max"": 0.0, ""dist_ema50_min"": -1.0, ""dist_hh60_min"": -1.0, ""atr_ratio_max"": 10.0, ""vol_ratio_min"": 0.0, ""up_close"": true, ""strong_close"": false}",152,21.697301525224873,0.3223684210526316,-0.05901730051699703,0.9176760122168747,14.0,0.0,-0.004215521465499788,108,26.981519507186857,0.2777777777777778,-0.33468014225286197,0.6197959521950054,14.0,0.0,-0.023905724446632998,145,36.22518822724162,0.38620689655172413,0.12620197321657228,1.1964992214824137,16.0,0.027586206896551724,0.007887623326035768
meanrev,2.0,3.0,429,"{""family"": ""meanrev"", ""min_ddv"": 10000000.0, ""min_price"": 5.0, ""regime"": ""none"", ""trend"": true, ""mom_min"": 0.0, ""rsi2_max"": 10.0, ""rsi14_max"": 100.0, ""ret21_max"": 1.0, ""dist_ema20_max"": 0.0, ""dist_ema50_min"": -1.0, ""dist_hh60_min"": -1.0, ""atr_ratio_max"": 10.0, ""vol_ratio_min"": 0.0, ""up_close"": true, ""strong_close"": false}",152,21.697301525224873,0.2565789473684211,-0.003413176485085148,0.9956675213648465,16.5,0.0,-0.00020685918091425137,108,26.981519507186857,0.2222222222222222,-0.27313578578051784,0.7089963149000112,16.0,0.0,-0.017070986611282365,145,36.22518822724162,0.31724137931034485,0.11548519362632677,1.1599143457087244,21.0,0.07586206896551724,0.005499294934586989
meanrev,3.0,0.5,429,"{""family"": ""meanrev"", ""min_ddv"": 10000000.0, ""min_price"": 5.0, ""regime"": ""none"", ""trend"": true, ""mom_min"": 0.0, ""rsi2_max"": 10.0, ""rsi14_max"": 100.0, ""ret21_max"": 1.0, ""dist_ema20_max"": 0.0, ""dist_ema50_min"": -1.0, ""dist_hh60_min"": -1.0, ""atr_ratio_max"": 10.0, ""vol_ratio_min"": 0.0, ""up_close"": true, ""strong_close"": false}",145,20.69808369182636,0.6896551724137931,0.009961730993222546,1.03071608504303,7.0,0.0,0.001423104427603221,94,23.483915126625597,0.6702127659574468,-0.08190545294829021,0.7990277665360763,7.0,0.0,-0.011700778992612888,120,29.979466119096507,0.7416666666666667,0.09551291842643114,1.353701161232939,7.0,0.0,0.013644702632347306
meanrev,3.0,0.75,429,"{""family"": ""meanrev"", ""min_ddv"": 10000000.0, ""min_price"": 5.0, ""regime"": ""none"", ""trend"": true, ""mom_min"": 0.0, ""rsi2_max"": 10.0, ""rsi14_max"": 100.0, ""ret21_max"": 1.0, ""dist_ema20_max"": 0.0, ""dist_ema50_min"": -1.0, ""dist_hh60_min"": -1.0, ""atr_ratio_max"": 10.0, ""vol_ratio_min"": 0.0, ""up_close"": true, ""strong_close"": false}",145,20.69808369182636,0.6275862068965518,0.0701112554860357,1.179160505256143,10.0,0.0,0.00701112554860357,94,23.483915126625597,0.5638297872340425,-0.10616852850931374,0.7942818983583827,13.5,0.0,-0.007864335445134351,120,29.979466119096507,0.6666666666666666,0.14710852193230214,1.423428292136349,11.5,0.0,0.012792045385417578
meanrev,3.0,1.0,429,"{""family"": ""meanrev"", ""min_ddv"": 10000000.0, ""min_price"": 5.0, ""regime"": ""none"", ""trend"": true, ""mom_min"": 0.0, ""rsi2_max"": 10.0, ""rsi14_max"": 100.0, ""ret21_max"": 1.0, ""dist_ema20_max"": 0.0, ""dist_ema50_min"": -1.0, ""dist_hh60_min"": -1.0, ""atr_ratio_max"": 10.0, ""vol_ratio_min"": 0.0, ""up_close"": true, ""strong_close"": false}",145,20.69808369182636,0.5310344827586206,0.027880794213249026,1.0560289020851792,15.0,0.0,0.0018587196142166018,94,23.483915126625597,0.43617021276595747,-0.22495563152600856,0.6554729159187976,19.5,0.0,-0.011536186232103004,120,29.979466119096507,0.6,0.210591686658847,1.5031993685717195,19.0,0.008333333333333333,0.01108377298204458
meanrev,3.0,1.5,429,"{""family"": ""meanrev"", ""min_ddv"": 10000000.0, ""min_price"": 5.0, ""regime"": ""none"", ""trend"": true, ""mom_min"": 0.0, ""rsi2_max"": 10.0, ""rsi14_max"": 100.0, ""ret21_max"": 1.0, ""dist_ema20_max"": 0.0, ""dist_ema50_min"": -1.0, ""dist_hh60_min"": -1.0, ""atr_ratio_max"": 10.0, ""vol_ratio_min"": 0.0, ""up_close"": true, ""strong_close"": false}",145,20.69808369182636,0.4482758620689655,0.08882924092374257,1.1518538000222371,25.0,0.0,0.0035531696369497027,94,23.483915126625597,0.32978723404255317,-0.2759620943472859,0.6376209791237338,24.0,0.0,-0.01149842059780358,120,29.979466119096507,0.5333333333333333,0.29790675378956827,1.6100110611674285,25.0,0.05,0.01191627015158273
meanrev,3.0,2.0,429,"{""family"": ""meanrev"", ""min_ddv"": 10000000.0, ""min_price"": 5.0, ""regime"": ""none"", ""trend"": true, ""mom_min"": 0.0, ""rsi2_max"": 10.0, ""rsi14_max"": 100.0, ""ret21_max"": 1.0, ""dist_ema20_max"": 0.0, ""dist_ema50_min"": -1.0, ""dist_hh60_min"": -1.0, ""atr_ratio_max"": 10.0, ""vol_ratio_min"": 0.0, ""up_close"": true, ""strong_close"": false}",145,20.69808369182636,0.3931034482758621,0.14968706557064554,1.2325124295220053,30.0,0.0,0.004989568852354851,94,23.483915126625597,0.2872340425531915,-0.23318609331023787,0.7103481385405961,28.0,0.0,-0.008328074761079924,120,29.979466119096507,0.45,0.25574058696308427,1.4433461092972242,32.5,0.06666666666666667,0.007868941137325669
meanrev,3.0,3.0,429,"{""family"": ""meanrev"", ""min_ddv"": 10000000.0, ""min_price"": 5.0, ""regime"": ""none"", ""trend"": true, ""mom_min"": 0.0, ""rsi2_max"": 10.0, ""rsi14_max"": 100.0, ""ret21_max"": 1.0, ""dist_ema20_max"": 0.0, ""dist_ema50_min"": -1.0, ""dist_hh60_min"": -1.0, ""atr_ratio_max"": 10.0, ""vol_ratio_min"": 0.0, ""up_close"": true, ""strong_close"": false}",145,20.69808369182636,0.33793103448275863,0.2996398723437723,1.423783386258993,37.0,0.0,0.008098374928210063,94,23.483915126625597,0.26595744680851063,-0.03732334219414487,0.9548904681837516,35.0,0.0,-0.0010663812055469962,120,29.979466119096507,0.3416666666666667,0.1576725151702704,1.2287941042513382,41.5,0.08333333333333333,0.0037993377149462743
meanrev,1.0,0.5,18489,"{""family"": ""meanrev"", ""min_ddv"": 10000000.0, ""min_price"": 5.0, ""regime"": ""none"", ""trend"": true, ""mom_min"": 0.0, ""rsi2_max"": 10.0, ""rsi14_max"": 100.0, ""ret21_max"": 1.0, ""dist_ema20_max"": 0.0, ""dist_ema50_min"": -0.05, ""dist_hh60_min"": -1.0, ""atr_ratio_max"": 10.0, ""vol_ratio_min"": 0.0, ""up_close"": false, ""strong_close"": false}",6969,994.7927258506062,0.6857511838140335,-0.0705306599171061,0.8020871554935268,1.0,0.0,-0.0705306599171061,5164,1290.116358658453,0.6661502711076684,-0.07838548347246616,0.7905279603024551,1.0,0.0,-0.07838548347246616,6289,1571.1738535249829,0.6797583081570997,-0.04829790659197784,0.8646236510475648,2.0,0.0007950389569088886,-0.02414895329598892
meanrev,1.0,0.75,18489,"{""family"": ""meanrev"", ""min_ddv"": 10000000.0, ""min_price"": 5.0, ""regime"": ""none"", ""trend"": true, ""mom_min"": 0.0, ""rsi2_max"": 10.0, ""rsi14_max"": 100.0, ""ret21_max"": 1.0, ""dist_ema20_max"": 0.0, ""dist_ema50_min"": -0.05, ""dist_hh60_min"": -1.0, ""atr_ratio_max"": 10.0, ""vol_ratio_min"": 0.0, ""up_close"": false, ""strong_close"": false}",6969,994.7927258506062,0.6035299182092122,-0.04068372850436773,0.9098038322467775,2.0,0.0,-0.020341864252183865,5164,1290.116358658453,0.5803640588690937,-0.06129079091612934,0.8698799501596135,2.0,0.0,-0.03064539545806467,6289,1571.1738535249829,0.5972332644299571,-0.017895283054147497,0.9600651552680635,2.0,0.0019080934965813325,-0.008947641527073748
meanrev,1.0,1.0,18489,"{""family"": ""meanrev"", ""min_ddv"": 10000000.0, ""min_price"": 5.0, ""regime"": ""none"", ""trend"": true, ""mom_min"": 0.0, ""rsi2_max"": 10.0, ""rsi14_max"": 100.0, ""ret21_max"": 1.0, ""dist_ema20_max"": 0.0, ""dist_ema50_min"": -0.05, ""dist_hh60_min"": -1.0, ""atr_ratio_max"": 10.0, ""vol_ratio_min"": 0.0, ""up_close"": false, ""strong_close"": false}",6969,994.7927258506062,0.5408236475821495,-0.013807471717738747,0.9736921781997923,2.0,0.0,-0.0069037358588693734,5164,1290.116358658453,0.523431448489543,-0.03704891655265512,0.9315568813864448,2.0,0.0,-0.01852445827632756,6289,1571.1738535249829,0.5253617427253936,-0.01421380020114445,0.973156993943761,3.0,0.002544124662108443,-0.004737933400381484
meanrev,1.0,1.5,18489,"{""family"": ""meanrev"", ""min_ddv"": 10000000.0, ""min_price"": 5.0, ""regime"": ""none"", ""trend"": true, ""mom_min"": 0.0, ""rsi2_max"": 10.0, ""rsi14_max"": 100.0, ""ret21_max"": 1.0, ""dist_ema20_max"": 0.0, ""dist_ema50_min"": -0.05, ""dist_hh60_min"": -1.0, ""atr_ratio_max"": 10.0, ""vol_ratio_min"": 0.0, ""up_close"": false, ""strong_close"": false}",6969,994.7927258506062,0.4438226431338786,0.012981756060929644,1.0203977844361,3.0,0.0,0.0043272520203098816,5164,1290.116358658453,0.43532145623547636,-0.004438281470665016,0.9930828179313435,3.0,0.0,-0.0014794271568883386,6289,1571.1738535249829,0.4317061536015265,0.007221992830785824,1.0113190449853389,3.0,0.004611225950071554,0.0024073309435952745
meanrev,1.0,2.0,18489,"{""family"": ""meanrev"", ""min_ddv"": 10000000.0, ""min_price"": 5.0, ""regime"": ""none"", ""trend"": true, ""mom_min"": 0.0, ""rsi2_max"": 10.0, ""rsi14_max"": 100.0, ""ret21_max"": 1.0, ""dist_ema20_max"": 0.0, ""dist_ema50_min"": -0.05, ""dist_hh60_min"": -1.0, ""atr_ratio_max"": 10.0, ""vol_ratio_min"": 0.0, ""up_close"": false, ""strong_close"": false}",6969,994.7927258506062,0.37552016071172334,0.024853226782536236,1.034773943900557,4.0,0.0,0.006213306695634059,5164,1290.116358658453,0.3627033307513555,-0.009417563286271788,0.9869903268841471,4.0,0.0,-0.002354390821567947,6289,1571.1738535249829,0.3636508188901256,0.007205374579689557,1.0100556007356147,4.0,0.006519319446652886,0.0018013436449223893
meanrev,1.0,3.0,18489,"{""family"": ""meanrev"", ""min_ddv"": 10000000.0, ""min_price"": 5.0, ""regime"": ""none"", ""trend"": true, ""mom_min"": 0.0, ""rsi2_max"": 10.0, ""rsi14_max"": 100.0, ""ret21_max"": 1.0, ""dist_ema20_max"": 0.0, ""dist_ema50_min"": -0.05, ""dist_hh60_min"": -1.0, ""atr_ratio_max"": 10.0, ""vol_ratio_min"": 0.0, ""up_close"": false, ""strong_close"": false}",6969,994.7927258506062,0.2925814320562491,0.05614098414487663,1.0688378549167474,5.0,0.0,0.011228196828975325,5164,1290.116358658453,0.2769171185127808,0.006875373885657456,1.0083524446477337,5.0,0.0,0.001375074777131491,6289,1571.1738535249829,0.28939418031483544,0.051921419277945344,1.0642748547737255,5.0,0.00906344410876133,0.01038428385558907
meanrev,1.5,0.5,18489,"{""family"": ""meanrev"", ""min_ddv"": 10000000.0, ""min_price"": 5.0, ""regime"": ""none"", ""trend"": true, ""mom_min"": 0.0, ""rsi2_max"": 10.0, ""rsi14_max"": 100.0, ""ret21_max"": 1.0, ""dist_ema20_max"": 0.0, ""dist_ema50_min"": -0.05, ""dist_hh60_min"": -1.0, ""atr_ratio_max"": 10.0, ""vol_ratio_min"": 0.0, ""up_close"": false, ""strong_close"": false}",6954,992.6515447790379,0.7049180327868853,-0.007128635615001628,0.9782507209725338,2.0,0.0,-0.003564317807500814,5077,1268.3812457221081,0.6767776245814457,-0.035751433853598316,0.8993940484541751,2.0,0.0,-0.017875716926799158,6132,1531.9507186858316,0.6927592954990215,0.0029596779444257407,1.0089062211071316,3.0,0.003424657534246575,0.0009865593148085802
meanrev,1.5,0.75,18489,"{""family"": ""meanrev"", ""min_ddv"": 10000000.0, ""min_price"": 5.0, ""regime"": ""none"", ""trend"": true, ""mom_min"": 0.0, ""rsi2_max"": 10.0, ""rsi14_max"": 100.0, ""ret21_max"": 1.0, ""dist_ema20_max"": 0.0, ""dist_ema50_min"": -0.05, ""dist_hh60_min"": -1.0, ""atr_ratio_max"": 10.0, ""vol_ratio_min"": 0.0, ""up_close"": false, ""strong_close"": false}",6954,992.6515447790379,0.6161921196433707,0.01581120688423698,1.0371021000148826,3.0,0.0,0.00527040229474566,5077,1268.3812457221081,0.598581839669096,-0.008908095692726202,0.9799624466267304,3.0,0.0,-0.0029693652309087343,6132,1531.9507186858316,0.5986627527723418,0.008974674094519129,1.020515986730962,4.0,0.005218525766470972,0.002243668523629782
meanrev,1.5,1.0,18489,"{""family"": ""meanrev"", ""min_ddv"": 10000000.0, ""min_price"": 5.0, ""regime"": ""none"", ""trend"": true, ""mom_min"": 0.0, ""rsi2_max"": 10.0, ""rsi14_max"": 100.0, ""ret21_max"": 1.0, ""dist_ema20_max"": 0.0, ""dist_ema50_min"": -0.05, ""dist_hh60_min"": -1.0, ""atr_ratio_max"": 10.0, ""vol_ratio_min"": 0.0, ""up_close"": false, ""strong_close"": false}",6954,992.6515447790379,0.5486051193557665,0.03452164216503728,1.0689298738740247,4.0,0.0,0.00863041054125932,5077,1268.3812457221081,0.5322040575142801,0.0026913062832436985,1.0051949488136542,4.0,0.0,0.0006728265708109246,6132,1531.9507186858316,0.5322896281800391,0.021947566999729277,1.042968027722088,5.0,0.006196999347684279,0.004389513399945855
meanrev,1.5,1.5,18489,"{""family"": ""meanrev"", ""min_ddv"": 10000000.0, ""min_price"": 5.0, ""regime"": ""none"", ""trend"": true, ""mom_min"": 0.0, ""rsi2_max"": 10.0, ""rsi14_max"": 100.0, ""ret21_max"": 1.0, ""dist_ema20_max"": 0.0, ""dist_ema50_min"": -0.05, ""dist_hh60_min"": -1.0, ""atr_ratio_max"": 10.0, ""vol_ratio_min"": 0.0, ""up_close"": false, ""strong_close"": false}",6954,992.6515447790379,0.45038826574633306,0.05577324444655256,1.0913158162036507,6.0,0.0,0.009295540741092094,5077,1268.3812457221081,0.4240693322828442,-0.006960793959296785,0.9890616351812639,6.0,0.0,-0.0011601323265494643,6132,1531.9507186858316,0.44015003261578606,0.043903201486707524,1.0714037272419095,6.0,0.009621656881930854,0.007317200247784587
meanrev,1.5,2.0,18489,"{""family"": ""meanrev"", ""min_ddv"": 10000000.0, ""min_price"": 5.0, ""regime"": ""none"", ""trend"": true, ""mom_min"": 0.0, ""rsi2_max"": 10.0, ""rsi14_max"": 100.0, ""ret21_max"": 1.0, ""dist_ema20_max"": 0.0, ""dist_ema50_min"": -0.05, ""dist_hh60_min"": -1.0, ""atr_ratio_max"": 10.0, ""vol_ratio_min"": 0.0, ""up_close"": false, ""strong_close"": false}",6954,992.6515447790379,0.38610871440897326,0.08270582763058218,1.120905697284111,8.0,0.0,0.010338228453822772,5077,1268.3812457221081,0.36005515067953514,0.012272908804618449,1.0173610316555812,8.0,0.0,0.0015341136005773061,6132,1531.9507186858316,0.38339856490541424,0.08182908516570553,1.1204161569349758,8.0,0.01223091976516634,0.010228635645713191
meanrev,1.5,3.0,18489,"{""family"": ""meanrev"", ""min_ddv"": 10000000.0, ""min_price"": 5.0, ""regime"": ""none"", ""trend"": true, ""mom_min"": 0.0, ""rsi2_max"": 10.0, ""rsi14_max"": 100.0, ""ret21_max"": 1.0, ""dist_ema20_max"": 0.0, ""dist_ema50_min"": -0.05, ""dist_hh60_min"": -1.0, ""atr_ratio_max"": 10.0, ""vol_ratio_min"": 0.0, ""up_close"": false, ""strong_close"": false}",6954,992.6515447790379,0.3097497842968076,0.15567899428167745,1.2014894241289016,10.0,0.0,0.015567899428167744,5077,1268.3812457221081,0.28520779988182,0.0702442806820395,1.0887298044001206,10.0,0.0,0.00702442806820395,6132,1531.9507186858316,0.30724070450097846,0.1395622170738242,1.1823926690282753,10.0,0.019406392694063926,0.013956221707382421
meanrev,2.0,0.5,18489,"{""family"": ""meanrev"", ""min_ddv"": 10000000.0, ""min_price"": 5.0, ""regime"": ""none"", ""trend"": true, ""mom_min"": 0.0, ""rsi2_max"": 10.0, ""rsi14_max"": 100.0, ""ret21_max"": 1.0, ""dist_ema20_max"": 0.0, ""dist_ema50_min"": -0.05, ""dist_hh60_min"": -1.0, ""atr_ratio_max"": 10.0, ""vol_ratio_min"": 0.0, ""up_close"": false, ""strong_close"": false}",6931,989.3684004692999,0.7153368922233444,0.02864576063303294,1.0922492429112778,3.0,0.0,0.009548586877677647,4951,1236.9028062970567,0.6907695415067663,-0.006106954178221446,0.9819748541510315,3.0,0.0,-0.002035651392740482,5939,1483.7337440109513,0.6972554302071056,0.020761943286873898,1.0641837910095386,4.0,0.004882976932143459,0.005190485821718474
meanrev,2.0,0.75,18489,"{""family"": ""meanrev"", ""min_ddv"": 10000000.0, ""min_price"": 5.0, ""regime"": ""none"", ""trend"": true, ""mom_min"": 0.0, ""rsi2_max"": 10.0, ""rsi14_max"": 100.0, ""ret21_max"": 1.0, ""dist_ema20_max"": 0.0, ""dist_ema50_min"": -0.05, ""dist_hh60_min"": -1.0, ""atr_ratio_max"": 10.0, ""vol_ratio_min"": 0.0, ""up_close"": false, ""strong_close"": false}",6931,989.3684004692999,0.6280479007358245,0.05604563233579554,1.1384204623132006,5.0,0.0,0.011209126467159108,4951,1236.9028062970567,0.6047263179155726,0.011748151801521143,1.0272223441467436,5.0,0.0,0.0023496303603042284,5939,1483.7337440109513,0.6100353594881294,0.03942197791257139,1.0941785408571747,6.0,0.00707189762586294,0.006570329652095232
meanrev,2.0,1.0,18489,"{""family"": ""meanrev"", ""min_ddv"": 10000000.0, ""min_price"": 5.0, ""regime"": ""none"", ""trend"": true, ""mom_min"": 0.0, ""rsi2_max"": 10.0, ""rsi14_max"": 100.0, ""ret21_max"": 1.0, ""dist_ema20_max"": 0.0, ""dist_ema50_min"": -0.05, ""dist_hh60_min"": -1.0, ""atr_ratio_max"": 10.0, ""vol_ratio_min"": 0.0, ""up_close"": false, ""strong_close"": false}",6931,989.3684004692999,0.5572067522723994,0.06795115207722047,1.1409342401723364,7.0,0.0,0.009707307439602924,4951,1236.9028062970567,0.5281761260351444,0.00831100377256705,1.0161914236706973,7.0,0.0,0.0011872862532238643,5939,1483.7337440109513,0.5420104394679239,0.04761542900987713,1.0965833106854763,7.0,0.009597575349385419,0.006802204144268161
meanrev,2.0,1.5,18489,"{""family"": ""meanrev"", ""min_ddv"": 10000000.0, ""min_price"": 5.0, ""regime"": ""none"", ""trend"": true, ""mom_min"": 0.0, ""rsi2_max"": 10.0, ""rsi14_max"": 100.0, ""ret21_max"": 1.0, ""dist_ema20_max"": 0.0, ""dist_ema50_min"": -0.05, ""dist_hh60_min"": -1.0, ""atr_ratio_max"": 10.0, ""vol_ratio_min"": 0.0, ""up_close"": false, ""strong_close"": false}",6931,989.3684004692999,0.4699177607848795,0.12286530899661852,1.2121808571199297,10.0,0.0,0.012286530899661852,4951,1236.9028062970567,0.4324378913350838,0.029531633896747737,1.0478317150436107,10.0,0.0,0.0029531633896747738,5939,1483.7337440109513,0.4603468597406971,0.10491226072402746,1.1800120975078605,10.0,0.01414379525172588,0.010491226072402746
meanrev,2.0,2.0,18489,"{""family"": ""meanrev"", ""min_ddv"": 10000000.0, ""min_price"": 5.0, ""regime"": ""none"", ""trend"": true, ""mom_min"": 0.0, ""rsi2_max"": 10.0, ""rsi14_max"": 100.0, ""ret21_max"": 1.0, ""dist_ema20_max"": 0.0, ""dist_ema50_min"": -0.05, ""dist_hh60_min"": -1.0, ""atr_ratio_max"": 10.0, ""vol_ratio_min"": 0.0, ""up_close"": false, ""strong_close"": false}",6931,989.3684004692999,0.4130717068244121,0.18178036987061766,1.282865768551745,13.0,0.0,0.013983105374662897,4951,1236.9028062970567,0.37426782468188247,0.06818136327792246,1.0998945482940619,13.0,0.0,0.005244720252147881,5939,1483.7337440109513,0.3998989728910591,0.1429948278032402,1.2201806726946227,13.0,0.020205421788179828,0.010999602138710783
meanrev,2.0,3.0,18489,"{""family"": ""meanrev"", ""min_ddv"": 10000000.0, ""min_price"": 5.0, ""regime"": ""none"", ""trend"": true, ""mom_min"": 0.0, ""rsi2_max"": 10.0, ""rsi14_max"": 100.0, ""ret21_max"": 1.0, ""dist_ema20_max"": 0.0, ""dist_ema50_min"": -0.05, ""dist_hh60_min"": -1.0, ""atr_ratio_max"": 10.0, ""vol_ratio_min"": 0.0, ""up_close"": false, ""strong_close"": false}",6931,989.3684004692999,0.3355937094214399,0.27442938170543557,1.375322345593829,18.0,0.0,0.015246076761413088,4951,1236.9028062970567,0.3023631589577863,0.15300718890358347,1.2014958174275618,17.0,0.0,0.009000422876681381,5939,1483.7337440109513,0.33406297356457315,0.23675861030392195,1.327356816392643,17.0,0.03333894595049672,0.013926977076701291
meanrev,3.0,0.5,18489,"{""family"": ""meanrev"", ""min_ddv"": 10000000.0, ""min_price"": 5.0, ""regime"": ""none"", ""trend"": true, ""mom_min"": 0.0, ""rsi2_max"": 10.0, ""rsi14_max"": 100.0, ""ret21_max"": 1.0, ""dist_ema20_max"": 0.0, ""dist_ema50_min"": -0.05, ""dist_hh60_min"": -1.0, ""atr_ratio_max"": 10.0, ""vol_ratio_min"": 0.0, ""up_close"": false, ""strong_close"": false}",6740,962.1040281579976,0.7228486646884273,0.05905131413919102,1.2000944863775065,7.0,0.0,0.008435902019884431,4480,1119.233401779603,0.7069196428571428,0.028300503463181807,1.089783187677887,6.0,0.0,0.004716750577196968,5327,1330.8384668035592,0.7073399662098743,0.045247028322253274,1.1468631912208882,7.0,0.00694574807584006,0.006463861188893325
meanrev,3.0,0.75,18489,"{""family"": ""meanrev"", ""min_ddv"": 10000000.0, ""min_price"": 5.0, ""regime"": ""none"", ""trend"": true, ""mom_min"": 0.0, ""rsi2_max"": 10.0, ""rsi14_max"": 100.0, ""ret21_max"": 1.0, ""dist_ema20_max"": 0.0, ""dist_ema50_min"": -0.05, ""dist_hh60_min"": -1.0, ""atr_ratio_max"": 10.0, ""vol_ratio_min"": 0.0, ""up_close"": false, ""strong_close"": false}",6740,962.1040281579976,0.641839762611276,0.09600090860578041,1.2513597763325737,11.0,0.0,0.008727355327798218,4480,1119.233401779603,0.6167410714285714,0.04552122402794717,1.1110111764572812,10.0,0.0,0.004552122402794717,5327,1330.8384668035592,0.6243664351417308,0.07533720832835766,1.19073089397699,11.0,0.011263375258119017,0.006848837120759788
meanrev,3.0,1.0,18489,"{""family"": ""meanrev"", ""min_ddv"": 10000000.0, ""min_price"": 5.0, ""regime"": ""none"", ""trend"": true, ""mom_min"": 0.0, ""rsi2_max"": 10.0, ""rsi14_max"": 100.0, ""ret21_max"": 1.0, ""dist_ema20_max"": 0.0, ""dist_ema50_min"": -0.05, ""dist_hh60_min"": -1.0, ""atr_ratio_max"": 10.0, ""vol_ratio_min"": 0.0, ""up_close"": false, ""strong_close"": false}",6740,962.1040281579976,0.5823442136498517,0.13438559615099901,1.301139519307866,14.0,0.0,0.009598971153642787,4480,1119.233401779603,0.5508928571428572,0.06911711450463565,1.1440377156899637,15.0,0.0,0.004607807633642377,5327,1330.8384668035592,0.5701145109817909,0.1168192800078656,1.2575232499336761,14.0,0.015205556598460672,0.008344234286276115
meanrev,3.0,1.5,18489,"{""family"": ""meanrev"", ""min_ddv"": 10000000.0, ""min_price"": 5.0, ""regime"": ""none"", ""trend"": true, ""mom_min"": 0.0, ""rsi2_max"": 10.0, ""rsi14_max"": 100.0, ""ret21_max"": 1.0, ""dist_ema20_max"": 0.0, ""dist_ema50_min"": -0.05, ""dist_hh60_min"": -1.0, ""atr_ratio_max"": 10.0, ""vol_ratio_min"": 0.0, ""up_close"": false, ""strong_close"": false}",6740,962.1040281579976,0.498813056379822,0.20999263823196918,1.3904208034102399,21.0,0.0,0.00999964943961758,4480,1119.233401779603,0.45870535714285715,0.11316149496780635,1.1959189872729692,22.0,0.0,0.005143704316718471,5327,1330.8384668035592,0.4895813778862399,0.1832513852395029,1.3394985876139998,21.0,0.02721982354045429,0.00872625643997633
meanrev,3.0,2.0,18489,"{""family"": ""meanrev"", ""min_ddv"": 10000000.0, ""min_price"": 5.0, ""regime"": ""none"", ""trend"": true, ""mom_min"": 0.0, ""rsi2_max"": 10.0, ""rsi14_max"": 100.0, ""ret21_max"": 1.0, ""dist_ema20_max"": 0.0, ""dist_ema50_min"": -0.05, ""dist_hh60_min"": -1.0, ""atr_ratio_max"": 10.0, ""vol_ratio_min"": 0.0, ""up_close"": false, ""strong_close"": false}",6740,962.1040281579976,0.44124629080118694,0.28023323151811763,1.4659300689864587,27.0,0.0,0.010379008574745097,4480,1119.233401779603,0.4017857142857143,0.1692696293419957,1.265635943663153,28.0,0.0,0.006045343905071275,5327,1330.8384668035592,0.44096114135535946,0.2547753505406351,1.4304256837361622,26.0,0.03885864464051061,0.00979905194387058
meanrev,3.0,3.0,18489,"{""family"": ""meanrev"", ""min_ddv"": 10000000.0, ""min_price"": 5.0, ""regime"": ""none"", ""trend"": true, ""mom_min"": 0.0, ""rsi2_max"": 10.0, ""rsi14_max"": 100.0, ""ret21_max"": 1.0, ""dist_ema20_max"": 0.0, ""dist_ema50_min"": -0.05, ""dist_hh60_min"": -1.0, ""atr_ratio_max"": 10.0, ""vol_ratio_min"": 0.0, ""up_close"": false, ""strong_close"": false}",6740,962.1040281579976,0.3734421364985163,0.4439702819929269,1.6569799788893873,39.0,0.0008902077151335311,0.011383853384434022,4480,1119.233401779603,0.31651785714285713,0.2147612907646442,1.2941210093582798,37.0,0.0033482142857142855,0.005804359209855249,5327,1330.8384668035592,0.37769851698892437,0.366837600342759,1.555719157007995,35.0,0.0679556973906514,0.0104810742955074
meanrev,1.0,0.5,349,"{""family"": ""meanrev"", ""min_ddv"": 10000000.0, ""min_price"": 5.0, ""regime"": ""none"", ""trend"": true, ""mom_min"": 0.0, ""rsi2_max"": 10.0, ""rsi14_max"": 100.0, ""ret21_max"": 1.0, ""dist_ema20_max"": 0.0, ""dist_ema50_min"": -0.05, ""dist_hh60_min"": -1.0, ""atr_ratio_max"": 10.0, ""vol_ratio_min"": 0.0, ""up_close"": true, ""strong_close"": false}",133,18.985138834571764,0.6691729323308271,-0.09074605834677524,0.7582764124297541,1.0,0.0,-0.09074605834677524,93,23.234086242299796,0.5806451612903226,-0.1998577104803792,0.5576592137811427,1.0,0.0,-0.1998577104803792,123,30.72895277207392,0.7560975609756098,0.09415963384826519,1.348800136056216,2.0,0.0,0.04707981692413259
meanrev,1.0,0.75,349,"{""family"": ""meanrev"", ""min_ddv"": 10000000.0, ""min_price"": 5.0, ""regime"": ""none"", ""trend"": true, ""mom_min"": 0.0, ""rsi2_max"": 10.0, ""rsi14_max"": 100.0, ""ret21_max"": 1.0, ""dist_ema20_max"": 0.0, ""dist_ema50_min"": -0.05, ""dist_hh60_min"": -1.0, ""atr_ratio_max"": 10.0, ""vol_ratio_min"": 0.0, ""up_close"": true, ""strong_close"": false}",133,18.985138834571764,0.5864661654135338,-0.07333873515287072,0.8431310511068892,2.0,0.0,-0.03666936757643536,93,23.234086242299796,0.4946236559139785,-0.19156910031688665,0.6479677116853093,2.0,0.0,-0.09578455015844332,123,30.72895277207392,0.6585365853658537,0.12586264386730386,1.336843113443179,2.0,0.0,0.06293132193365193
meanrev,1.0,1.0,349,"{""family"": ""meanrev"", ""min_ddv"": 10000000.0, ""min_price"": 5.0, ""regime"": ""none"", ""trend"": true, ""mom_min"": 0.0, ""rsi2_max"": 10.0, ""rsi14_max"": 100.0, ""ret21_max"": 1.0, ""dist_ema20_max"": 0.0, ""dist_ema50_min"": -0.05, ""dist_hh60_min"": -1.0, ""atr_ratio_max"": 10.0, ""vol_ratio_min"": 0.0, ""up_close"": true, ""strong_close"": false}",133,18.985138834571764,0.49624060150375937,-0.09755962022209018,0.829080046471024,2.0,0.0,-0.04877981011104509,93,23.234086242299796,0.3763440860215054,-0.5077407354473809,0.41232910656534716,2.0,0.0,-0.2538703677236904,123,30.72895277207392,0.5853658536585366,0.11689470383314696,1.2541167044686417,3.0,0.008130081300813009,0.03896490127771565
meanrev,1.0,1.5,349,"{""family"": ""meanrev"", ""min_ddv"": 10000000.0, ""min_price"": 5.0, ""regime"": ""none"", ""trend"": true, ""mom_min"": 0.0, ""rsi2_max"": 10.0, ""rsi14_max"": 100.0, ""ret21_max"": 1.0, ""dist_ema20_max"": 0.0, ""dist_ema50_min"": -0.05, ""dist_hh60_min"": -1.0, ""atr_ratio_max"": 10.0, ""vol_ratio_min"": 0.0, ""up_close"": true, ""strong_close"": false}",133,18.985138834571764,0.39097744360902253,-0.11887703748500231,0.8275147559258095,3.0,0.0,-0.03962567916166743,93,23.234086242299796,0.27956989247311825,-0.5660392382283623,0.4171488962884646,3.0,0.0,-0.18867974607612079,123,30.72895277207392,0.5040650406504065,0.18436522173602907,1.3365453012467292,4.0,0.008130081300813009,0.04609130543400727
meanrev,1.0,2.0,349,"{""family"": ""meanrev"", ""min_ddv"": 10000000.0, ""min_price"": 5.0, ""regime"": ""none"", ""trend"": true, ""mom_min"": 0.0, ""rsi2_max"": 10.0, ""rsi14_max"": 100.0, ""ret21_max"": 1.0, ""dist_ema20_max"": 0.0, ""dist_ema50_min"": -0.05, ""dist_hh60_min"": -1.0, ""atr_ratio_max"": 10.0, ""vol_ratio_min"": 0.0, ""up_close"": true, ""strong_close"": false}",133,18.985138834571764,0.3233082706766917,-0.12429915407934775,0.8370418657996577,4.0,0.0,-0.031074788519836936,93,23.234086242299796,0.21505376344086022,-0.6230343912045182,0.40090135375075503,3.0,0.0,-0.20767813040150607,123,30.72895277207392,0.42276422764227645,0.1724413003765407,1.2703680581482146,5.0,0.008130081300813009,0.03448826007530814
meanrev,1.0,3.0,349,"{""family"": ""meanrev"", ""min_ddv"": 10000000.0, ""min_price"": 5.0, ""regime"": ""none"", ""trend"": true, ""mom_min"": 0.0, ""rsi2_max"": 10.0, ""rsi14_max"": 100.0, ""ret21_max"": 1.0, ""dist_ema20_max"": 0.0, ""dist_ema50_min"": -0.05, ""dist_hh60_min"": -1.0, ""atr_ratio_max"": 10.0, ""vol_ratio_min"": 0.0, ""up_close"": true, ""strong_close"": false}",133,18.985138834571764,0.21804511278195488,-0.2466360378584157,0.7256138463765163,5.0,0.0,-0.04932720757168314,93,23.234086242299796,0.13978494623655913,-0.7165010176189498,0.3635625951335254,4.0,0.0,-0.17912525440473745,123,30.72895277207392,0.3089430894308943,0.19435984406659432,1.2515544911499807,6.0,0.008130081300813009,0.03239330734443239
meanrev,1.5,0.5,349,"{""family"": ""meanrev"", ""min_ddv"": 10000000.0, ""min_price"": 5.0, ""regime"": ""none"", ""trend"": true, ""mom_min"": 0.0, ""rsi2_max"": 10.0, ""rsi14_max"": 100.0, ""ret21_max"": 1.0, ""dist_ema20_max"": 0.0, ""dist_ema50_min"": -0.05, ""dist_hh60_min"": -1.0, ""atr_ratio_max"": 10.0, ""vol_ratio_min"": 0.0, ""up_close"": true, ""strong_close"": false}",133,18.985138834571764,0.706766917293233,0.007959492008265732,1.025288300141501,2.0,0.0,0.003979746004132866,93,23.234086242299796,0.6129032258064516,-0.12121238279821336,0.7046821201615803,3.0,0.0,-0.040404127599404455,118,29.479808350444902,0.7542372881355932,0.10927389428150712,1.408732867044855,3.0,0.0,0.03642463142716904
meanrev,1.5,0.75,349,"{""family"": ""meanrev"", ""min_ddv"": 10000000.0, ""min_price"": 5.0, ""regime"": ""none"", ""trend"": true, ""mom_min"": 0.0, ""rsi2_max"": 10.0, ""rsi14_max"": 100.0, ""ret21_max"": 1.0, ""dist_ema20_max"": 0.0, ""dist_ema50_min"": -0.05, ""dist_hh60_min"": -1.0, ""atr_ratio_max"": 10.0, ""vol_ratio_min"": 0.0, ""up_close"": true, ""strong_close"": false}",133,18.985138834571764,0.5789473684210527,-0.03566446450318983,0.9218435416661057,4.0,0.0,-0.008916116125797457,93,23.234086242299796,0.43010752688172044,-0.4360920220063893,0.40985646142931387,3.0,0.0,-0.1453640073354631,118,29.479808350444902,0.652542372881356,0.11184963366392339,1.298491849904345,4.0,0.00847457627118644,0.027962408415980848
meanrev,1.5,1.0,349,"{""family"": ""meanrev"", ""min_ddv"": 10000000.0, ""min_price"": 5.0, ""regime"": ""none"", ""trend"": true, ""mom_min"": 0.0, ""rsi2_max"": 10.0, ""rsi14_max"": 100.0, ""ret21_max"": 1.0, ""dist_ema20_max"": 0.0, ""dist_ema50_min"": -0.05, ""dist_hh60_min"": -1.0, ""atr_ratio_max"": 10.0, ""vol_ratio_min"": 0.0, ""up_close"": true, ""strong_close"": false}",133,18.985138834571764,0.518796992481203,-0.020380461491385653,0.9608503822306439,5.0,0.0,-0.00407609229827713,93,23.234086242299796,0.3870967741935484,-0.4116359125590469,0.4750719184970058,4.0,0.0,-0.10290897813976173,118,29.479808350444902,0.6016949152542372,0.15628528809590983,1.364899290903458,4.5,0.00847457627118644,0.034730064021313296
meanrev,1.5,1.5,349,"{""family"": ""meanrev"", ""min_ddv"": 10000000.0, ""min_price"": 5.0, ""regime"": ""none"", ""trend"": true, ""mom_min"": 0.0, ""rsi2_max"": 10.0, ""rsi14_max"": 100.0, ""ret21_max"": 1.0, ""dist_ema20_max"": 0.0, ""dist_ema50_min"": -0.05, ""dist_hh60_min"": -1.0, ""atr_ratio_max"": 10.0, ""vol_ratio_min"": 0.0, ""up_close"": true, ""strong_close"": false}",133,18.985138834571764,0.42105263157894735,-0.012805528165387544,0.9795793294315347,7.0,0.0,-0.0018293611664839348,93,23.234086242299796,0.2903225806451613,-0.46205091933653913,0.47827398046797465,5.0,0.0,-0.09241018386730783,118,29.479808350444902,0.5084745762711864,0.20754539833898977,1.3926807195873578,7.0,0.00847457627118644,0.029649342619855683
meanrev,1.5,2.0,349,"{""family"": ""meanrev"", ""min_ddv"": 10000000.0, ""min_price"": 5.0, ""regime"": ""none"", ""trend"": true, ""mom_min"": 0.0, ""rsi2_max"": 10.0, ""rsi14_max"": 100.0, ""ret21_max"": 1.0, ""dist_ema20_max"": 0.0, ""dist_ema50_min"": -0.05, ""dist_hh60_min"": -1.0, ""atr_ratio_max"": 10.0, ""vol_ratio_min"": 0.0, ""up_close"": true, ""strong_close"": false}",133,18.985138834571764,0.3157894736842105,-0.12674514682384105,0.8310901526930324,9.0,0.0,-0.014082794091537894,93,23.234086242299796,0.22580645161290322,-0.5170942244026501,0.4599740996392331,7.0,0.0,-0.07387060348609287,118,29.479808350444902,0.4067796610169492,0.20315642746395887,1.319368944163147,8.5,0.00847457627118644,0.023900756172230454
meanrev,1.5,3.0,349,"{""family"": ""meanrev"", ""min_ddv"": 10000000.0, ""min_price"": 5.0, ""regime"": ""none"", ""trend"": true, ""mom_min"": 0.0, ""rsi2_max"": 10.0, ""rsi14_max"": 100.0, ""ret21_max"": 1.0, ""dist_ema20_max"": 0.0, ""dist_ema50_min"": -0.05, ""dist_hh60_min"": -1.0, ""atr_ratio_max"": 10.0, ""vol_ratio_min"": 0.0, ""up_close"": true, ""strong_close"": false}",133,18.985138834571764,0.24060150375939848,-0.10034619202445665,0.8801447717251462,10.0,0.0,-0.010034619202445664,93,23.234086242299796,0.1935483870967742,-0.4193428057882014,0.5769525790216257,7.0,0.0,-0.059906115112600196,118,29.479808350444902,0.3220338983050847,0.22767187742179323,1.3139510561715668,11.5,0.025423728813559324,0.019797554558416804
meanrev,2.0,0.5,349,"{""family"": ""meanrev"", ""min_ddv"": 10000000.0, ""min_price"": 5.0, ""regime"": ""none"", ""trend"": true, ""mom_min"": 0.0, ""rsi2_max"": 10.0, ""rsi14_max"": 100.0, ""ret21_max"": 1.0, ""dist_ema20_max"": 0.0, ""dist_ema50_min"": -0.05, ""dist_hh60_min"": -1.0, ""atr_ratio_max"": 10.0, ""vol_ratio_min"": 0.0, ""up_close"": true, ""strong_close"": false}",132,18.84239342980055,0.6666666666666666,-0.032388921561117445,0.9077943653429047,4.0,0.0,-0.008097230390279361,89,22.234770704996578,0.6067415730337079,-0.22841039350891015,0.5553222907544696,4.0,0.0,-0.05710259837722754,114,28.480492813141684,0.7719298245614035,0.13362554306820795,1.5452183267324486,4.0,0.008771929824561403,0.03340638576705199
meanrev,2.0,0.75,349,"{""family"": ""meanrev"", ""min_ddv"": 10000000.0, ""min_price"": 5.0, ""regime"": ""none"", ""trend"": true, ""mom_min"": 0.0, ""rsi2_max"": 10.0, ""rsi14_max"": 100.0, ""ret21_max"": 1.0, ""dist_ema20_max"": 0.0, ""dist_ema50_min"": -0.05, ""dist_hh60_min"": -1.0, ""atr_ratio_max"": 10.0, ""vol_ratio_min"": 0.0, ""up_close"": true, ""strong_close"": false}",132,18.84239342980055,0.5681818181818182,-0.042898635539496,0.9058752596598115,6.0,0.0,-0.007149772589916,89,22.234770704996578,0.550561797752809,-0.18202558388281911,0.6852246953622144,6.0,0.0,-0.030337597313803186,114,28.480492813141684,0.7105263157894737,0.21179637290277756,1.6827156957987197,6.0,0.008771929824561403,0.03529939548379626
meanrev,2.0,1.0,349,"{""family"": ""meanrev"", ""min_ddv"": 10000000.0, ""min_price"": 5.0, ""regime"": ""none"", ""trend"": true, ""mom_min"": 0.0, ""rsi2_max"": 10.0, ""rsi14_max"": 100.0, ""ret21_max"": 1.0, ""dist_ema20_max"": 0.0, ""dist_ema50_min"": -0.05, ""dist_hh60_min"": -1.0, ""atr_ratio_max"": 10.0, ""vol_ratio_min"": 0.0, ""up_close"": true, ""strong_close"": false}",132,18.84239342980055,0.5,-0.03734027220832919,0.9291643010313474,7.0,0.0,-0.005334324601189884,89,22.234770704996578,0.43820224719101125,-0.275851362595814,0.6051005574333596,7.0,0.0,-0.03940733751368771,114,28.480492813141684,0.6403508771929824,0.23859550663716148,1.6229399495452221,7.0,0.008771929824561403,0.03408507237673735
meanrev,2.0,1.5,349,"{""family"": ""meanrev"", ""min_ddv"": 10000000.0, ""min_price"": 5.0, ""regime"": ""none"", ""trend"": true, ""mom_min"": 0.0, ""rsi2_max"": 10.0, ""rsi14_max"": 100.0, ""ret21_max"": 1.0, ""dist_ema20_max"": 0.0, ""dist_ema50_min"": -0.05, ""dist_hh60_min"": -1.0, ""atr_ratio_max"": 10.0, ""vol_ratio_min"": 0.0, ""up_close"": true, ""strong_close"": false}",132,18.84239342980055,0.3712121212121212,-0.1167362041382919,0.8243874774612479,11.5,0.0,-0.010150974272894948,89,22.234770704996578,0.30337078651685395,-0.4110895396534709,0.5190643138759153,12.0,0.0,-0.03425746163778924,114,28.480492813141684,0.5,0.23833812126503473,1.4506981430240067,12.5,0.008771929824561403,0.01906704970120278
meanrev,2.0,2.0,349,"{""family"": ""meanrev"", ""min_ddv"": 10000000.0, ""min_price"": 5.0, ""regime"": ""none"", ""trend"": true, ""mom_min"": 0.0, ""rsi2_max"": 10.0, ""rsi14_max"": 100.0, ""ret21_max"": 1.0, ""dist_ema20_max"": 0.0, ""dist_ema50_min"": -0.05, ""dist_hh60_min"": -1.0, ""atr_ratio_max"": 10.0, ""vol_ratio_min"": 0.0, ""up_close"": true, ""strong_close"": false}",132,18.84239342980055,0.3106060606060606,-0.09300270958428865,0.8728048055565246,14.0,0.0,-0.006643050684592046,89,22.234770704996578,0.2696629213483146,-0.3605969063668725,0.5946709354094241,14.0,0.0,-0.02575692188334804,114,28.480492813141684,0.41228070175438597,0.20194562952830486,1.3227278343614188,16.0,0.017543859649122806,0.012621601845519054
meanrev,2.0,3.0,349,"{""family"": ""meanrev"", ""min_ddv"": 10000000.0, ""min_price"": 5.0, ""regime"": ""none"", ""trend"": true, ""mom_min"": 0.0, ""rsi2_max"": 10.0, ""rsi14_max"": 100.0, ""ret21_max"": 1.0, ""dist_ema20_max"": 0.0, ""dist_ema50_min"": -0.05, ""dist_hh60_min"": -1.0, ""atr_ratio_max"": 10.0, ""vol_ratio_min"": 0.0, ""up_close"": true, ""strong_close"": false}",132,18.84239342980055,0.25,-0.028973718274814406,0.96365292033915,16.5,0.0,-0.0017559829257463276,89,22.234770704996578,0.2247191011235955,-0.27046328667804276,0.71148489774906,16.0,0.0,-0.016903955417377672,114,28.480492813141684,0.3333333333333333,0.18253406126089283,1.2541348880126526,21.0,0.06140350877192982,0.008692098155280612
meanrev,3.0,0.5,349,"{""family"": ""meanrev"", ""min_ddv"": 10000000.0, ""min_price"": 5.0, ""regime"": ""none"", ""trend"": true, ""mom_min"": 0.0, ""rsi2_max"": 10.0, ""rsi14_max"": 100.0, ""ret21_max"": 1.0, ""dist_ema20_max"": 0.0, ""dist_ema50_min"": -0.05, ""dist_hh60_min"": -1.0, ""atr_ratio_max"": 10.0, ""vol_ratio_min"": 0.0, ""up_close"": true, ""strong_close"": false}",129,18.4141572154869,0.689922480620155,0.007187464618240377,1.022122257688674,7.0,0.0,0.0010267806597486252,78,19.48665297741273,0.6538461538461539,-0.11282965161333262,0.7353793330856591,6.0,0.0,-0.018804941935555437,101,25.23271731690623,0.7722772277227723,0.14403477598125686,1.606031471419098,7.0,0.0,0.02057639656875098
meanrev,3.0,0.75,349,"{""family"": ""meanrev"", ""min_ddv"": 10000000.0, ""min_price"": 5.0, ""regime"": ""none"", ""trend"": true, ""mom_min"": 0.0, ""rsi2_max"": 10.0, ""rsi14_max"": 100.0, ""ret21_max"": 1.0, ""dist_ema20_max"": 0.0, ""dist_ema50_min"": -0.05, ""dist_hh60_min"": -1.0, ""atr_ratio_max"": 10.0, ""vol_ratio_min"": 0.0, ""up_close"": true, ""strong_close"": false}",129,18.4141572154869,0.627906976744186,0.06881194825827384,1.175403815755802,10.0,0.0,0.006881194825827384,78,19.48665297741273,0.5384615384615384,-0.15328997281765327,0.7183090748727555,13.0,0.0,-0.011791536370588714,101,25.23271731690623,0.693069306930693,0.19564419567228922,1.6122924105661718,11.0,0.0,0.01778583597020811
meanrev,3.0,1.0,349,"{""family"": ""meanrev"", ""min_ddv"": 10000000.0, ""min_price"": 5.0, ""regime"": ""none"", ""trend"": true, ""mom_min"": 0.0, ""rsi2_max"": 10.0, ""rsi14_max"": 100.0, ""ret21_max"": 1.0, ""dist_ema20_max"": 0.0, ""dist_ema50_min"": -0.05, ""dist_hh60_min"": -1.0, ""atr_ratio_max"": 10.0, ""vol_ratio_min"": 0.0, ""up_close"": true, ""strong_close"": false}",129,18.4141572154869,0.5271317829457365,0.0178311078772395,1.0353852705633781,15.0,0.0,0.0011887405251493,78,19.48665297741273,0.41025641025641024,-0.2841716008402107,0.5839732499755427,19.0,0.0,-0.014956400044221616,101,25.23271731690623,0.6138613861386139,0.23759479816731324,1.588131582878534,19.0,0.009900990099009901,0.012504989377227013
meanrev,3.0,1.5,349,"{""family"": ""meanrev"", ""min_ddv"": 10000000.0, ""min_price"": 5.0, ""regime"": ""none"", ""trend"": true, ""mom_min"": 0.0, ""rsi2_max"": 10.0, ""rsi14_max"": 100.0, ""ret21_max"": 1.0, ""dist_ema20_max"": 0.0, ""dist_ema50_min"": -0.05, ""dist_hh60_min"": -1.0, ""atr_ratio_max"": 10.0, ""vol_ratio_min"": 0.0, ""up_close"": true, ""strong_close"": false}",129,18.4141572154869,0.43410852713178294,0.052148420531145344,1.0866111025692609,23.0,0.0,0.002267322631788928,78,19.48665297741273,0.32051282051282054,-0.30328885658692717,0.6085746205371845,20.0,0.0,-0.01516444282934636,101,25.23271731690623,0.5445544554455446,0.32701740120555206,1.6858991582667266,25.0,0.04950495049504951,0.013080696048222082
meanrev,3.0,2.0,349,"{""family"": ""meanrev"", ""min_ddv"": 10000000.0, ""min_price"": 5.0, ""regime"": ""none"", ""trend"": true, ""mom_min"": 0.0, ""rsi2_max"": 10.0, ""rsi14_max"": 100.0, ""ret21_max"": 1.0, ""dist_ema20_max"": 0.0, ""dist_ema50_min"": -0.05, ""dist_hh60_min"": -1.0, ""atr_ratio_max"": 10.0, ""vol_ratio_min"": 0.0, ""up_close"": true, ""strong_close"": false}",129,18.4141572154869,0.3875968992248062,0.13164591262041572,1.2018100256768125,29.0,0.0,0.004539514228290197,78,19.48665297741273,0.2692307692307692,-0.2955613781418922,0.642734654969968,24.0,0.0,-0.012315057422578842,101,25.23271731690623,0.46534653465346537,0.2999877805871133,1.5341342858474385,33.0,0.06930693069306931,0.009090538805670099
meanrev,3.0,3.0,349,"{""family"": ""meanrev"", ""min_ddv"": 10000000.0, ""min_price"": 5.0, ""regime"": ""none"", ""trend"": true, ""mom_min"": 0.0, ""rsi2_max"": 10.0, ""rsi14_max"": 100.0, ""ret21_max"": 1.0, ""dist_ema20_max"": 0.0, ""dist_ema50_min"": -0.05, ""dist_hh60_min"": -1.0, ""atr_ratio_max"": 10.0, ""vol_ratio_min"": 0.0, ""up_close"": true, ""strong_close"": false}",129,18.4141572154869,0.3333333333333333,0.2774782000342796,1.387776869752917,36.0,0.0,0.007707727778729989,78,19.48665297741273,0.2564102564102564,-0.07980112963314176,0.9051347832179971,28.0,0.0,-0.002850040344040777,101,25.23271731690623,0.3564356435643564,0.21955367474777732,1.3253838496061607,46.0,0.07920792079207921,0.004772905972777768
meanrev,1.0,0.5,37955,"{""family"": ""meanrev"", ""min_ddv"": 10000000.0, ""min_price"": 5.0, ""regime"": ""none"", ""trend"": true, ""mom_min"": 0.0, ""rsi2_max"": 20.0, ""rsi14_max"": 100.0, ""ret21_max"": 1.0, ""dist_ema20_max"": 0.0, ""dist_ema50_min"": -1.0, ""dist_hh60_min"": -1.0, ""atr_ratio_max"": 10.0, ""vol_ratio_min"": 0.0, ""up_close"": false, ""strong_close"": false}",13458,1921.0676574110284,0.6851686729083073,-0.0645704562230865,0.8177501004416563,1.0,0.0,-0.0645704562230865,10892,2721.13620807666,0.6670951156812339,-0.07026156222739754,0.8099625442149617,1.0,0.0,-0.07026156222739754,13300,3322.7241615331964,0.6747368421052632,-0.04730620437454501,0.8677932047810737,2.0,0.001954887218045113,-0.023653102187272505
meanrev,1.0,0.75,37955,"{""family"": ""meanrev"", ""min_ddv"": 10000000.0, ""min_price"": 5.0, ""regime"": ""none"", ""trend"": true, ""mom_min"": 0.0, ""rsi2_max"": 20.0, ""rsi14_max"": 100.0, ""ret21_max"": 1.0, ""dist_ema20_max"": 0.0, ""dist_ema50_min"": -1.0, ""dist_hh60_min"": -1.0, ""atr_ratio_max"": 10.0, ""vol_ratio_min"": 0.0, ""up_close"": false, ""strong_close"": false}",13458,1921.0676574110284,0.6069995541685242,-0.02926431473367096,0.9341947433843177,2.0,0.0,-0.01463215736683548,10892,2721.13620807666,0.5809768637532133,-0.054790167739162725,0.8825871872739612,2.0,0.0,-0.027395083869581362,13300,3322.7241615331964,0.5916541353383459,-0.019849744641134117,0.9558613884664257,2.0,0.002857142857142857,-0.009924872320567059
meanrev,1.0,1.0,37955,"{""family"": ""meanrev"", ""min_ddv"": 10000000.0, ""min_price"": 5.0, ""regime"": ""none"", ""trend"": true, ""mom_min"": 0.0, ""rsi2_max"": 20.0, ""rsi14_max"": 100.0, ""ret21_max"": 1.0, ""dist_ema20_max"": 0.0, ""dist_ema50_min"": -1.0, ""dist_hh60_min"": -1.0, ""atr_ratio_max"": 10.0, ""vol_ratio_min"": 0.0, ""up_close"": false, ""strong_close"": false}",13458,1921.0676574110284,0.5474067469163323,0.003858964374337407,1.0075081838473776,2.0,0.0,0.0019294821871687034,10892,2721.13620807666,0.5190047741461623,-0.037857628821695535,0.9298796545324629,2.0,0.0,-0.018928814410847768,13300,3322.7241615331964,0.5211278195488722,-0.015721980169197243,0.9702947880010482,3.0,0.003909774436090226,-0.005240660056399081
meanrev,1.0,1.5,37955,"{""family"": ""meanrev"", ""min_ddv"": 10000000.0, ""min_price"": 5.0, ""regime"": ""none"", ""trend"": true, ""mom_min"": 0.0, ""rsi2_max"": 20.0, ""rsi14_max"": 100.0, ""ret21_max"": 1.0, ""dist_ema20_max"": 0.0, ""dist_ema50_min"": -1.0, ""dist_hh60_min"": -1.0, ""atr_ratio_max"": 10.0, ""vol_ratio_min"": 0.0, ""up_close"": false, ""strong_close"": false}",13458,1921.0676574110284,0.4497696537375539,0.03212954658571996,1.0513443992640246,3.0,0.0,0.010709848861906653,10892,2721.13620807666,0.42655159750275434,-0.017974071664313286,0.9721467476480592,3.0,0.0,-0.005991357221437762,13300,3322.7241615331964,0.4254887218045113,8.69639225374454e-05,1.0001362506270606,3.0,0.006390977443609023,2.8987974179148468e-05
meanrev,1.0,2.0,37955,"{""family"": ""meanrev"", ""min_ddv"": 10000000.0, ""min_price"": 5.0, ""regime"": ""none"", ""trend"": true, ""mom_min"": 0.0, ""rsi2_max"": 20.0, ""rsi14_max"": 100.0, ""ret21_max"": 1.0, ""dist_ema20_max"": 0.0, ""dist_ema50_min"": -1.0, ""dist_hh60_min"": -1.0, ""atr_ratio_max"": 10.0, ""vol_ratio_min"": 0.0, ""up_close"": false, ""strong_close"": false}",13458,1921.0676574110284,0.3860157527121415,0.06183128547440729,1.0884726988231905,4.0,0.0,0.015457821368601823,10892,2721.13620807666,0.35943811972089607,-0.013677297559483718,0.9810459201389735,4.0,0.0,-0.0034193243898709294,13300,3322.7241615331964,0.3611278195488722,0.0075030469826466144,1.0105227922609397,4.0,0.009097744360902256,0.0018757617456616536
meanrev,1.0,3.0,37955,"{""family"": ""meanrev"", ""min_ddv"": 10000000.0, ""min_price"": 5.0, ""regime"": ""none"", ""trend"": true, ""mom_min"": 0.0, ""rsi2_max"": 20.0, ""rsi14_max"": 100.0, ""ret21_max"": 1.0, ""dist_ema20_max"": 0.0, ""dist_ema50_min"": -1.0, ""dist_hh60_min"": -1.0, ""atr_ratio_max"": 10.0, ""vol_ratio_min"": 0.0, ""up_close"": false, ""strong_close"": false}",13458,1921.0676574110284,0.30123346708277604,0.09489035037723932,1.1183459751326081,5.0,0.0,0.018978070075447863,10892,2721.13620807666,0.2759823723834007,0.007342874042813298,1.0089778611215232,5.0,0.0,0.0014685748085626596,13300,3322.7241615331964,0.28541353383458645,0.043670306296502315,1.0543628037114607,5.0,0.011578947368421053,0.008734061259300463
meanrev,1.5,0.5,37955,"{""family"": ""meanrev"", ""min_ddv"": 10000000.0, ""min_price"": 5.0, ""regime"": ""none"", ""trend"": true, ""mom_min"": 0.0, ""rsi2_max"": 20.0, ""rsi14_max"": 100.0, ""ret21_max"": 1.0, ""dist_ema20_max"": 0.0, ""dist_ema50_min"": -1.0, ""dist_hh60_min"": -1.0, ""atr_ratio_max"": 10.0, ""vol_ratio_min"": 0.0, ""up_close"": false, ""strong_close"": false}",13386,1910.789988267501,0.7088002390557299,0.0040580714804015275,1.0126466382931556,2.0,0.0,0.0020290357402007637,10522,2628.6995208761123,0.6801938794905912,-0.027483150407312102,0.9214514922575263,2.0,0.0,-0.013741575203656051,12725,3179.072553045859,0.685343811394892,-0.004760663822245978,0.9858984764139754,3.0,0.0045579567779960705,-0.0015868879407486592
meanrev,1.5,0.75,37955,"{""family"": ""meanrev"", ""min_ddv"": 10000000.0, ""min_price"": 5.0, ""regime"": ""none"", ""trend"": true, ""mom_min"": 0.0, ""rsi2_max"": 20.0, ""rsi14_max"": 100.0, ""ret21_max"": 1.0, ""dist_ema20_max"": 0.0, ""dist_ema50_min"": -1.0, ""dist_hh60_min"": -1.0, ""atr_ratio_max"": 10.0, ""vol_ratio_min"": 0.0, ""up_close"": false, ""strong_close"": false}",13386,1910.789988267501,0.6270730614074406,0.039581054546947776,1.096224647305663,3.0,0.0,0.013193684848982591,10522,2628.6995208761123,0.5961794335677628,-0.009738400433020152,0.9780687023688632,3.0,0.0,-0.003246133477673384,12725,3179.072553045859,0.5928487229862476,0.0028019495842389187,1.0063752806373256,4.0,0.006915520628683693,0.0007004873960597297
meanrev,1.5,1.0,37955,"{""family"": ""meanrev"", ""min_ddv"": 10000000.0, ""min_price"": 5.0, ""regime"": ""none"", ""trend"": true, ""mom_min"": 0.0, ""rsi2_max"": 20.0, ""rsi14_max"": 100.0, ""ret21_max"": 1.0, ""dist_ema20_max"": 0.0, ""dist_ema50_min"": -1.0, ""dist_hh60_min"": -1.0, ""atr_ratio_max"": 10.0, ""vol_ratio_min"": 0.0, ""up_close"": false, ""strong_close"": false}",13386,1910.789988267501,0.5579710144927537,0.057213566571593294,1.11724500529818,4.0,0.0,0.014303391642898323,10522,2628.6995208761123,0.5300323132484318,0.00248211461823352,1.0047980084094044,5.0,0.0,0.000496422923646704,12725,3179.072553045859,0.5280943025540275,0.0186688793365056,1.036602759284345,5.0,0.00919449901768173,0.00373377586730112
meanrev,1.5,1.5,37955,"{""family"": ""meanrev"", ""min_ddv"": 10000000.0, ""min_price"": 5.0, ""regime"": ""none"", ""trend"": true, ""mom_min"": 0.0, ""rsi2_max"": 20.0, ""rsi14_max"": 100.0, ""ret21_max"": 1.0, ""dist_ema20_max"": 0.0, ""dist_ema50_min"": -1.0, ""dist_hh60_min"": -1.0, ""atr_ratio_max"": 10.0, ""vol_ratio_min"": 0.0, ""up_close"": false, ""strong_close"": false}",13386,1910.789988267501,0.4613775586433587,0.08745966971323692,1.1468520531722275,6.0,0.0,0.014576611618872819,10522,2628.6995208761123,0.42662991826648927,0.002740237083889059,1.004343600216621,6.0,0.0,0.00045670618064817646,12725,3179.072553045859,0.43905697445972497,0.04813764539593314,1.0789886486568512,6.0,0.013280943025540275,0.00802294089932219
meanrev,1.5,2.0,37955,"{""family"": ""meanrev"", ""min_ddv"": 10000000.0, ""min_price"": 5.0, ""regime"": ""none"", ""trend"": true, ""mom_min"": 0.0, ""rsi2_max"": 20.0, ""rsi14_max"": 100.0, ""ret21_max"": 1.0, ""dist_ema20_max"": 0.0, ""dist_ema50_min"": -1.0, ""dist_hh60_min"": -1.0, ""atr_ratio_max"": 10.0, ""vol_ratio_min"": 0.0, ""up_close"": false, ""strong_close"": false}",13386,1910.789988267501,0.3977289705662633,0.12105059229344754,1.1810357202695267,8.0,0.0,0.015131324036680943,10522,2628.6995208761123,0.3628587720965596,0.02155299267884479,1.0307304392092707,8.0,0.0,0.0026941240848555987,12725,3179.072553045859,0.3792534381139489,0.07527626312370553,1.111263130272539,8.0,0.016267190569744596,0.009409532890463191
meanrev,1.5,3.0,37955,"{""family"": ""meanrev"", ""min_ddv"": 10000000.0, ""min_price"": 5.0, ""regime"": ""none"", ""trend"": true, ""mom_min"": 0.0, ""rsi2_max"": 20.0, ""rsi14_max"": 100.0, ""ret21_max"": 1.0, ""dist_ema20_max"": 0.0, ""dist_ema50_min"": -1.0, ""dist_hh60_min"": -1.0, ""atr_ratio_max"": 10.0, ""vol_ratio_min"": 0.0, ""up_close"": false, ""strong_close"": false}",13386,1910.789988267501,0.32070820259973104,0.20339008325725194,1.2685552881123487,11.0,0.0,0.018490007568841085,10522,2628.6995208761123,0.28264588481277325,0.06284966461348364,1.0794422614939851,11.0,0.0,0.005713605873953058,12725,3179.072553045859,0.30726915520628684,0.14253143110218908,1.187949143318202,10.0,0.023339882121807466,0.014253143110218908
meanrev,2.0,0.5,37955,"{""family"": ""meanrev"", ""min_ddv"": 10000000.0, ""min_price"": 5.0, ""regime"": ""none"", ""trend"": true, ""mom_min"": 0.0, ""rsi2_max"": 20.0, ""rsi14_max"": 100.0, ""ret21_max"": 1.0, ""dist_ema20_max"": 0.0, ""dist_ema50_min"": -1.0, ""dist_hh60_min"": -1.0, ""atr_ratio_max"": 10.0, ""vol_ratio_min"": 0.0, ""up_close"": false, ""strong_close"": false}",13268,1893.9460305044975,0.7221133554416641,0.04144623123631238,1.1375391249033915,3.0,0.0,0.013815410412104127,10078,2517.775496235455,0.6916054772772375,-0.0014760317905584265,0.9955943537881065,4.0,0.0,-0.0003690079476396066,12131,3030.6741957563313,0.695738191410436,0.02156330892864669,1.0668713706072779,4.0,0.0062649410600939745,0.005390827232161673
meanrev,2.0,0.75,37955,"{""family"": ""meanrev"", ""min_ddv"": 10000000.0, ""min_price"": 5.0, ""regime"": ""none"", ""trend"": true, ""mom_min"": 0.0, ""rsi2_max"": 20.0, ""rsi14_max"": 100.0, ""ret21_max"": 1.0, ""dist_ema20_max"": 0.0, ""dist_ema50_min"": -1.0, ""dist_hh60_min"": -1.0, ""atr_ratio_max"": 10.0, ""vol_ratio_min"": 0.0, ""up_close"": false, ""strong_close"": false}",13268,1893.9460305044975,0.6344588483569491,0.06932454352082151,1.1750774571624403,5.0,0.0,0.013864908704164302,10078,2517.775496235455,0.6033935304623933,0.013380924314485362,1.0311170849206939,5.0,0.0,0.0026761848628970722,12131,3030.6741957563313,0.6097601187041464,0.04432439165014404,1.1069770783989674,6.0,0.00964471189514467,0.00738739860835734
meanrev,2.0,1.0,37955,"{""family"": ""meanrev"", ""min_ddv"": 10000000.0, ""min_price"": 5.0, ""regime"": ""none"", ""trend"": true, ""mom_min"": 0.0, ""rsi2_max"": 20.0, ""rsi14_max"": 100.0, ""ret21_max"": 1.0, ""dist_ema20_max"": 0.0, ""dist_ema50_min"": -1.0, ""dist_hh60_min"": -1.0, ""atr_ratio_max"": 10.0, ""vol_ratio_min"": 0.0, ""up_close"": false, ""strong_close"": false}",13268,1893.9460305044975,0.5676062707265601,0.0914468610689967,1.1950421621250202,7.0,0.0,0.013063837295570957,10078,2517.775496235455,0.5327445921809882,0.019700097024979126,1.038953380587867,7.0,0.0,0.002814299574997018,12131,3030.6741957563313,0.5448850053581733,0.06030555936909296,1.12428151832201,8.0,0.013106916165196604,0.00753819492113662
meanrev,2.0,1.5,37955,"{""family"": ""meanrev"", ""min_ddv"": 10000000.0, ""min_price"": 5.0, ""regime"": ""none"", ""trend"": true, ""mom_min"": 0.0, ""rsi2_max"": 20.0, ""rsi14_max"": 100.0, ""ret21_max"": 1.0, ""dist_ema20_max"": 0.0, ""dist_ema50_min"": -1.0, ""dist_hh60_min"": -1.0, ""atr_ratio_max"": 10.0, ""vol_ratio_min"": 0.0, ""up_close"": false, ""strong_close"": false}",13268,1893.9460305044975,0.4784443774495026,0.14618160254910403,1.2573904546617072,11.0,0.0,0.013289236595373094,10078,2517.775496235455,0.43927366540980356,0.04774920504223629,1.0785222816509186,11.0,0.0,0.00434083682202148,12131,3030.6741957563313,0.4599785673068997,0.10982044424994927,1.1901666993262776,11.0,0.018217789135273266,0.009983676749995389
meanrev,2.0,2.0,37955,"{""family"": ""meanrev"", ""min_ddv"": 10000000.0, ""min_price"": 5.0, ""regime"": ""none"", ""trend"": true, ""mom_min"": 0.0, ""rsi2_max"": 20.0, ""rsi14_max"": 100.0, ""ret21_max"": 1.0, ""dist_ema20_max"": 0.0, ""dist_ema50_min"": -1.0, ""dist_hh60_min"": -1.0, ""atr_ratio_max"": 10.0, ""vol_ratio_min"": 0.0, ""up_close"": false, ""strong_close"": false}",13268,1893.9460305044975,0.4201085318058487,0.2057223971330097,1.3250788918165166,14.0,0.0,0.01469445693807212,10078,2517.775496235455,0.3760666798968049,0.07588292362716971,1.1120051438213951,14.0,0.0,0.005420208830512122,12131,3030.6741957563313,0.40301706372104523,0.155628293368121,1.2430453351972313,13.0,0.02407056302036106,0.011971407182163154
meanrev,2.0,3.0,37955,"{""family"": ""meanrev"", ""min_ddv"": 10000000.0, ""min_price"": 5.0, ""regime"": ""none"", ""trend"": true, ""mom_min"": 0.0, ""rsi2_max"": 20.0, ""rsi14_max"": 100.0, ""ret21_max"": 1.0, ""dist_ema20_max"": 0.0, ""dist_ema50_min"": -1.0, ""dist_hh60_min"": -1.0, ""atr_ratio_max"": 10.0, ""vol_ratio_min"": 0.0, ""up_close"": false, ""strong_close"": false}",13268,1893.9460305044975,0.3419505577328912,0.3035672581356256,1.4214529949414079,19.0,0.0,0.015977224112401347,10078,2517.775496235455,0.2995634054375868,0.14672546523873253,1.1933484275396056,18.0,0.0,0.00815141473548514,12131,3030.6741957563313,0.33772978320006597,0.25754054717899627,1.3614723556011137,17.0,0.03791938010056879,0.015149443951705662
meanrev,3.0,0.5,37955,"{""family"": ""meanrev"", ""min_ddv"": 10000000.0, ""min_price"": 5.0, ""regime"": ""none"", ""trend"": true, ""mom_min"": 0.0, ""rsi2_max"": 20.0, ""rsi14_max"": 100.0, ""ret21_max"": 1.0, ""dist_ema20_max"": 0.0, ""dist_ema50_min"": -1.0, ""dist_hh60_min"": -1.0, ""atr_ratio_max"": 10.0, ""vol_ratio_min"": 0.0, ""up_close"": false, ""strong_close"": false}",12725,1816.435275713727,0.7295088408644401,0.06791078819925483,1.2349885057314316,7.0,0.0,0.009701541171322119,8731,2181.255989048597,0.7069064253808269,0.03127511399844813,1.0999050136874124,7.0,0.0,0.004467873428349733,10423,2603.9664613278574,0.7096805142473376,0.050900444935412584,1.1674188250749775,7.0,0.008250983402091528,0.007271492133630369
meanrev,3.0,0.75,37955,"{""family"": ""meanrev"", ""min_ddv"": 10000000.0, ""min_price"": 5.0, ""regime"": ""none"", ""trend"": true, ""mom_min"": 0.0, ""rsi2_max"": 20.0, ""rsi14_max"": 100.0, ""ret21_max"": 1.0, ""dist_ema20_max"": 0.0, ""dist_ema50_min"": -1.0, ""dist_hh60_min"": -1.0, ""atr_ratio_max"": 10.0, ""vol_ratio_min"": 0.0, ""up_close"": false, ""strong_close"": false}",12725,1816.435275713727,0.6496660117878192,0.10843376924768588,1.2895424573321608,11.0,0.0,0.009857615386153262,8731,2181.255989048597,0.6234108349559042,0.05888597186320777,1.1466540756171957,11.0,0.0,0.005353270169382525,10423,2603.9664613278574,0.6276503885637532,0.08272740218196464,1.2120892762571245,11.0,0.013815600115130002,0.007520672925633149
meanrev,3.0,1.0,37955,"{""family"": ""meanrev"", ""min_ddv"": 10000000.0, ""min_price"": 5.0, ""regime"": ""none"", ""trend"": true, ""mom_min"": 0.0, ""rsi2_max"": 20.0, ""rsi14_max"": 100.0, ""ret21_max"": 1.0, ""dist_ema20_max"": 0.0, ""dist_ema50_min"": -1.0, ""dist_hh60_min"": -1.0, ""atr_ratio_max"": 10.0, ""vol_ratio_min"": 0.0, ""up_close"": false, ""strong_close"": false}",12725,1816.435275713727,0.5877406679764243,0.14366580711158733,1.325370043790408,14.0,0.0,0.01026184336511338,8731,2181.255989048597,0.5593860955217043,0.08746192608452519,1.1864843329151025,15.0,0.0,0.005830795072301679,10423,2603.9664613278574,0.5717163964309699,0.12117303461884099,1.2693842191937859,15.0,0.019092391825769932,0.008078202307922732
meanrev,3.0,1.5,37955,"{""family"": ""meanrev"", ""min_ddv"": 10000000.0, ""min_price"": 5.0, ""regime"": ""none"", ""trend"": true, ""mom_min"": 0.0, ""rsi2_max"": 20.0, ""rsi14_max"": 100.0, ""ret21_max"": 1.0, ""dist_ema20_max"": 0.0, ""dist_ema50_min"": -1.0, ""dist_hh60_min"": -1.0, ""atr_ratio_max"": 10.0, ""vol_ratio_min"": 0.0, ""up_close"": false, ""strong_close"": false}",12725,1816.435275713727,0.5049901768172887,0.22420839605097567,1.4212067001274358,21.0,0.0,0.0106765902881417,8731,2181.255989048597,0.46180277173290574,0.12326952345328618,1.2154538572155271,22.0,0.0,0.005603160156967554,10423,2603.9664613278574,0.49323611244363424,0.19141282453804567,1.3588066545719262,21.0,0.0315648085963734,0.009114896406573604
meanrev,3.0,2.0,37955,"{""family"": ""meanrev"", ""min_ddv"": 10000000.0, ""min_price"": 5.0, ""regime"": ""none"", ""trend"": true, ""mom_min"": 0.0, ""rsi2_max"": 20.0, ""rsi14_max"": 100.0, ""ret21_max"": 1.0, ""dist_ema20_max"": 0.0, ""dist_ema50_min"": -1.0, ""dist_hh60_min"": -1.0, ""atr_ratio_max"": 10.0, ""vol_ratio_min"": 0.0, ""up_close"": false, ""strong_close"": false}",12725,1816.435275713727,0.4451866404715128,0.29052557631519355,1.486276752725997,28.0,7.858546168958742e-05,0.010375913439828341,8731,2181.255989048597,0.4015576680792578,0.1726960012200933,1.2718671880699821,29.0,0.0,0.0059550345248308035,10423,2603.9664613278574,0.44603281205027345,0.2696482189795244,1.4618111108352323,27.0,0.043749400364578334,0.009986971073315719
meanrev,3.0,3.0,37955,"{""family"": ""meanrev"", ""min_ddv"": 10000000.0, ""min_price"": 5.0, ""regime"": ""none"", ""trend"": true, ""mom_min"": 0.0, ""rsi2_max"": 20.0, ""rsi14_max"": 100.0, ""ret21_max"": 1.0, ""dist_ema20_max"": 0.0, ""dist_ema50_min"": -1.0, ""dist_hh60_min"": -1.0, ""atr_ratio_max"": 10.0, ""vol_ratio_min"": 0.0, ""up_close"": false, ""strong_close"": false}",12725,1816.435275713727,0.36817288801571707,0.42053982961933295,1.6163929448825773,40.0,0.001100196463654224,0.010513495740483323,8731,2181.255989048597,0.3179475432367426,0.22714843092720446,1.3127055558013065,39.0,0.0028633604398121634,0.005824318741723192,10423,2603.9664613278574,0.3835747865297899,0.3868353957101491,1.5949950841793485,36.0,0.07493044229108702,0.010745427658615253
meanrev,1.0,0.5,1927,"{""family"": ""meanrev"", ""min_ddv"": 10000000.0, ""min_price"": 5.0, ""regime"": ""none"", ""trend"": true, ""mom_min"": 0.0, ""rsi2_max"": 20.0, ""rsi14_max"": 100.0, ""ret21_max"": 1.0, ""dist_ema20_max"": 0.0, ""dist_ema50_min"": -1.0, ""dist_hh60_min"": -1.0, ""atr_ratio_max"": 10.0, ""vol_ratio_min"": 0.0, ""up_close"": true, ""strong_close"": false}",673,96.06765741102855,0.6998514115898959,-0.037040608139997676,0.8890017090064424,1.0,0.0,-0.037040608139997676,539,134.65776865160848,0.6103896103896104,-0.1483534597398485,0.645824125551815,2.0,0.0,-0.07417672986992425,698,174.38056125941137,0.664756446991404,-0.06117127131961276,0.8352980919862176,2.0,0.004297994269340974,-0.03058563565980638
meanrev,1.0,0.75,1927,"{""family"": ""meanrev"", ""min_ddv"": 10000000.0, ""min_price"": 5.0, ""regime"": ""none"", ""trend"": true, ""mom_min"": 0.0, ""rsi2_max"": 20.0, ""rsi14_max"": 100.0, ""ret21_max"": 1.0, ""dist_ema20_max"": 0.0, ""dist_ema50_min"": -1.0, ""dist_hh60_min"": -1.0, ""atr_ratio_max"": 10.0, ""vol_ratio_min"": 0.0, ""up_close"": true, ""strong_close"": false}",673,96.06765741102855,0.6106983655274889,-0.009835060218674816,0.9774136507425235,2.0,0.0,-0.004917530109337408,539,134.65776865160848,0.5231910946196661,-0.14354447829437042,0.7208939005031297,2.0,0.0,-0.07177223914718521,698,174.38056125941137,0.5945558739255015,-0.018104635232503455,0.959579155400738,2.0,0.004297994269340974,-0.009052317616251727
meanrev,1.0,1.0,1927,"{""family"": ""meanrev"", ""min_ddv"": 10000000.0, ""min_price"": 5.0, ""regime"": ""none"", ""trend"": true, ""mom_min"": 0.0, ""rsi2_max"": 20.0, ""rsi14_max"": 100.0, ""ret21_max"": 1.0, ""dist_ema20_max"": 0.0, ""dist_ema50_min"": -1.0, ""dist_hh60_min"": -1.0, ""atr_ratio_max"": 10.0, ""vol_ratio_min"": 0.0, ""up_close"": true, ""strong_close"": false}",673,96.06765741102855,0.5453194650817236,0.018022276713411303,1.0354103992159125,2.0,0.0,0.009011138356705651,539,134.65776865160848,0.4675324675324675,-0.14821198943218014,0.7560042653996889,2.0,0.0,-0.07410599471609007,698,174.38056125941137,0.5286532951289399,-0.007280300035684194,0.9861051766812705,3.0,0.0071633237822349575,-0.002426766678561398
meanrev,1.0,1.5,1927,"{""family"": ""meanrev"", ""min_ddv"": 10000000.0, ""min_price"": 5.0, ""regime"": ""none"", ""trend"": true, ""mom_min"": 0.0, ""rsi2_max"": 20.0, ""rsi14_max"": 100.0, ""ret21_max"": 1.0, ""dist_ema20_max"": 0.0, ""dist_ema50_min"": -1.0, ""dist_hh60_min"": -1.0, ""atr_ratio_max"": 10.0, ""vol_ratio_min"": 0.0, ""up_close"": true, ""strong_close"": false}",673,96.06765741102855,0.45022288261515603,0.03493828125684187,1.0562680195889695,3.0,0.0,0.011646093752280623,539,134.65776865160848,0.3673469387755102,-0.18445268848120455,0.7452750107459017,3.0,0.0,-0.06148422949373485,698,174.38056125941137,0.4369627507163324,0.0192084746549862,1.0306013831157776,4.0,0.008595988538681949,0.00480211866374655
meanrev,1.0,2.0,1927,"{""family"": ""meanrev"", ""min_ddv"": 10000000.0, ""min_price"": 5.0, ""regime"": ""none"", ""trend"": true, ""mom_min"": 0.0, ""rsi2_max"": 20.0, ""rsi14_max"": 100.0, ""ret21_max"": 1.0, ""dist_ema20_max"": 0.0, ""dist_ema50_min"": -1.0, ""dist_hh60_min"": -1.0, ""atr_ratio_max"": 10.0, ""vol_ratio_min"": 0.0, ""up_close"": true, ""strong_close"": false}",673,96.06765741102855,0.40564635958395245,0.135708626514515,1.2021263307944376,4.0,0.0,0.03392715662862875,539,134.65776865160848,0.2987012987012987,-0.2167917671043589,0.7294238966670904,4.0,0.0,-0.05419794177608973,698,174.38056125941137,0.37679083094555876,0.04073319105611267,1.0581916444670054,4.0,0.008595988538681949,0.010183297764028168
meanrev,1.0,3.0,1927,"{""family"": ""meanrev"", ""min_ddv"": 10000000.0, ""min_price"": 5.0, ""regime"": ""none"", ""trend"": true, ""mom_min"": 0.0, ""rsi2_max"": 20.0, ""rsi14_max"": 100.0, ""ret21_max"": 1.0, ""dist_ema20_max"": 0.0, ""dist_ema50_min"": -1.0, ""dist_hh60_min"": -1.0, ""atr_ratio_max"": 10.0, ""vol_ratio_min"": 0.0, ""up_close"": true, ""strong_close"": false}",673,96.06765741102855,0.30460624071322434,0.11914356047790155,1.1505091729770314,6.0,0.0,0.019857260079650257,539,134.65776865160848,0.22820037105751392,-0.20557982385907816,0.7668945432524087,5.0,0.0,-0.04111596477181563,698,174.38056125941137,0.2922636103151863,0.07932404813470306,1.09936411460975,5.0,0.01002865329512894,0.01586480962694061
meanrev,1.5,0.5,1927,"{""family"": ""meanrev"", ""min_ddv"": 10000000.0, ""min_price"": 5.0, ""regime"": ""none"", ""trend"": true, ""mom_min"": 0.0, ""rsi2_max"": 20.0, ""rsi14_max"": 100.0, ""ret21_max"": 1.0, ""dist_ema20_max"": 0.0, ""dist_ema50_min"": -1.0, ""dist_hh60_min"": -1.0, ""atr_ratio_max"": 10.0, ""vol_ratio_min"": 0.0, ""up_close"": true, ""strong_close"": false}",669,95.49667579194369,0.7085201793721974,0.014611442727852909,1.0462033599306593,2.0,0.0,0.007305721363926454,517,129.16153319644079,0.6305609284332688,-0.0915825104300093,0.7665824708374984,3.0,0.0,-0.030527503476669767,666,166.38603696098562,0.6771771771771772,-0.024428969451246393,0.9300900296141685,3.0,0.0015015015015015015,-0.008142989817082131
meanrev,1.5,0.75,1927,"{""family"": ""meanrev"", ""min_ddv"": 10000000.0, ""min_price"": 5.0, ""regime"": ""none"", ""trend"": true, ""mom_min"": 0.0, ""rsi2_max"": 20.0, ""rsi14_max"": 100.0, ""ret21_max"": 1.0, ""dist_ema20_max"": 0.0, ""dist_ema50_min"": -1.0, ""dist_hh60_min"": -1.0, ""atr_ratio_max"": 10.0, ""vol_ratio_min"": 0.0, ""up_close"": true, ""strong_close"": false}",669,95.49667579194369,0.6158445440956651,0.03029324474366807,1.0726672680201514,3.0,0.0,0.010097748247889357,517,129.16153319644079,0.5164410058027079,-0.16049769983441056,0.7035660238494738,4.0,0.0,-0.04012442495860264,666,166.38603696098562,0.5930930930930931,0.0010062003986659864,1.0022825751506828,4.0,0.0045045045045045045,0.0002515500996664966
meanrev,1.5,1.0,1927,"{""family"": ""meanrev"", ""min_ddv"": 10000000.0, ""min_price"": 5.0, ""regime"": ""none"", ""trend"": true, ""mom_min"": 0.0, ""rsi2_max"": 20.0, ""rsi14_max"": 100.0, ""ret21_max"": 1.0, ""dist_ema20_max"": 0.0, ""dist_ema50_min"": -1.0, ""dist_hh60_min"": -1.0, ""atr_ratio_max"": 10.0, ""vol_ratio_min"": 0.0, ""up_close"": true, ""strong_close"": false}",669,95.49667579194369,0.554559043348281,0.0492586880196811,1.1012052892647792,5.0,0.0,0.00985173760393622,517,129.16153319644079,0.46034816247582205,-0.15075734144367448,0.7506995251715144,5.0,0.0,-0.030151468288734894,666,166.38603696098562,0.5330330330330331,0.022576756099578165,1.0447443110426122,5.0,0.006006006006006006,0.004515351219915633
meanrev,1.5,1.5,1927,"{""family"": ""meanrev"", ""min_ddv"": 10000000.0, ""min_price"": 5.0, ""regime"": ""none"", ""trend"": true, ""mom_min"": 0.0, ""rsi2_max"": 20.0, ""rsi14_max"": 100.0, ""ret21_max"": 1.0, ""dist_ema20_max"": 0.0, ""dist_ema50_min"": -1.0, ""dist_hh60_min"": -1.0, ""atr_ratio_max"": 10.0, ""vol_ratio_min"": 0.0, ""up_close"": true, ""strong_close"": false}",669,95.49667579194369,0.44245142002989535,0.05146996347934784,1.0844255278945325,7.0,0.0,0.00735285192562112,517,129.16153319644079,0.35589941972920697,-0.1972004613070597,0.728556201837931,6.0,0.0,-0.032866743551176615,666,166.38603696098562,0.44894894894894893,0.06906349865782298,1.1158799536145358,6.0,0.009009009009009009,0.011510583109637164
meanrev,1.5,2.0,1927,"{""family"": ""meanrev"", ""min_ddv"": 10000000.0, ""min_price"": 5.0, ""regime"": ""none"", ""trend"": true, ""mom_min"": 0.0, ""rsi2_max"": 20.0, ""rsi14_max"": 100.0, ""ret21_max"": 1.0, ""dist_ema20_max"": 0.0, ""dist_ema50_min"": -1.0, ""dist_hh60_min"": -1.0, ""atr_ratio_max"": 10.0, ""vol_ratio_min"": 0.0, ""up_close"": true, ""strong_close"": false}",669,95.49667579194369,0.3781763826606876,0.06870059445562575,1.100423932808143,9.0,0.0,0.007633399383958416,517,129.16153319644079,0.3056092843326886,-0.1775855381740817,0.7729270937619417,8.0,0.0,-0.022198192271760214,666,166.38603696098562,0.37987987987987987,0.08689874764324407,1.1293068813909743,8.0,0.012012012012012012,0.010862343455405508
meanrev,1.5,3.0,1927,"{""family"": ""meanrev"", ""min_ddv"": 10000000.0, ""min_price"": 5.0, ""regime"": ""none"", ""trend"": true, ""mom_min"": 0.0, ""rsi2_max"": 20.0, ""rsi14_max"": 100.0, ""ret21_max"": 1.0, ""dist_ema20_max"": 0.0, ""dist_ema50_min"": -1.0, ""dist_hh60_min"": -1.0, ""atr_ratio_max"": 10.0, ""vol_ratio_min"": 0.0, ""up_close"": true, ""strong_close"": false}",669,95.49667579194369,0.28998505231689087,0.08580573491447104,1.1084474715140207,12.0,0.0,0.007150477909539253,517,129.16153319644079,0.23210831721470018,-0.17308651482279325,0.8006828012930057,9.0,0.0,-0.01923183498031036,666,166.38603696098562,0.30180180180180183,0.13344949971692413,1.176092613063202,11.0,0.01951951951951952,0.012131772701538557
meanrev,2.0,0.5,1927,"{""family"": ""meanrev"", ""min_ddv"": 10000000.0, ""min_price"": 5.0, ""regime"": ""none"", ""trend"": true, ""mom_min"": 0.0, ""rsi2_max"": 20.0, ""rsi14_max"": 100.0, ""ret21_max"": 1.0, ""dist_ema20_max"": 0.0, ""dist_ema50_min"": -1.0, ""dist_hh60_min"": -1.0, ""atr_ratio_max"": 10.0, ""vol_ratio_min"": 0.0, ""up_close"": true, ""strong_close"": false}",665,94.92569417285881,0.7112781954887218,0.03599712958010769,1.117312811085052,4.0,0.0,0.008999282395026922,494,123.4154688569473,0.6477732793522267,-0.06820101200303902,0.8238836665122842,4.0,0.0,-0.017050253000759755,641,160.1403148528405,0.6973478939157566,0.019936775024086553,1.0622121301387621,4.0,0.0046801872074883,0.004984193756021638
meanrev,2.0,0.75,1927,"{""family"": ""meanrev"", ""min_ddv"": 10000000.0, ""min_price"": 5.0, ""regime"": ""none"", ""trend"": true, ""mom_min"": 0.0, ""rsi2_max"": 20.0, ""rsi14_max"": 100.0, ""ret21_max"": 1.0, ""dist_ema20_max"": 0.0, ""dist_ema50_min"": -1.0, ""dist_hh60_min"": -1.0, ""atr_ratio_max"": 10.0, ""vol_ratio_min"": 0.0, ""up_close"": true, ""strong_close"": false}",665,94.92569417285881,0.6240601503759399,0.05128544449413375,1.1279229994671067,6.0,0.0,0.008547574082355625,494,123.4154688569473,0.5587044534412956,-0.0740104157457879,0.8478990953680591,6.0,0.0,-0.01233506929096465,641,160.1403148528405,0.625585023400936,0.07050112718516262,1.1783383802469023,6.0,0.0062402496099844,0.011750187864193769
meanrev,2.0,1.0,1927,"{""family"": ""meanrev"", ""min_ddv"": 10000000.0, ""min_price"": 5.0, ""regime"": ""none"", ""trend"": true, ""mom_min"": 0.0, ""rsi2_max"": 20.0, ""rsi14_max"": 100.0, ""ret21_max"": 1.0, ""dist_ema20_max"": 0.0, ""dist_ema50_min"": -1.0, ""dist_hh60_min"": -1.0, ""atr_ratio_max"": 10.0, ""vol_ratio_min"": 0.0, ""up_close"": true, ""strong_close"": false}",665,94.92569417285881,0.5639097744360902,0.09257673892287636,1.1982024032713867,8.0,0.0,0.011572092365359546,494,123.4154688569473,0.4757085020242915,-0.11212837752339964,0.8061890878520414,8.0,0.0,-0.014016047190424956,641,160.1403148528405,0.5709828393135725,0.10786553321902025,1.237313083041343,7.0,0.0078003120124804995,0.015409361888431464
meanrev,2.0,1.5,1927,"{""family"": ""meanrev"", ""min_ddv"": 10000000.0, ""min_price"": 5.0, ""regime"": ""none"", ""trend"": true, ""mom_min"": 0.0, ""rsi2_max"": 20.0, ""rsi14_max"": 100.0, ""ret21_max"": 1.0, ""dist_ema20_max"": 0.0, ""dist_ema50_min"": -1.0, ""dist_hh60_min"": -1.0, ""atr_ratio_max"": 10.0, ""vol_ratio_min"": 0.0, ""up_close"": true, ""strong_close"": false}",665,94.92569417285881,0.4616541353383459,0.11179805887403856,1.1931987741282446,11.0,0.0,0.010163459897639868,494,123.4154688569473,0.3765182186234818,-0.12938532555439453,0.8116693352935714,11.0,0.0,-0.011762302323126776,641,160.1403148528405,0.47737909516380655,0.1636187126554372,1.29659914816333,11.0,0.015600624024960999,0.014874428423221564
meanrev,2.0,2.0,1927,"{""family"": ""meanrev"", ""min_ddv"": 10000000.0, ""min_price"": 5.0, ""regime"": ""none"", ""trend"": true, ""mom_min"": 0.0, ""rsi2_max"": 20.0, ""rsi14_max"": 100.0, ""ret21_max"": 1.0, ""dist_ema20_max"": 0.0, ""dist_ema50_min"": -1.0, ""dist_hh60_min"": -1.0, ""atr_ratio_max"": 10.0, ""vol_ratio_min"": 0.0, ""up_close"": true, ""strong_close"": false}",665,94.92569417285881,0.4075187969924812,0.17221439032584654,1.269187699559617,15.0,0.0,0.011480959355056436,494,123.4154688569473,0.32388663967611336,-0.10121138862305147,0.8646560426639162,14.0,0.0,-0.007229384901646534,641,160.1403148528405,0.4040561622464899,0.17569520545727194,1.2773664244231488,14.0,0.0202808112324493,0.012549657532662281
meanrev,2.0,3.0,1927,"{""family"": ""meanrev"", ""min_ddv"": 10000000.0, ""min_price"": 5.0, ""regime"": ""none"", ""trend"": true, ""mom_min"": 0.0, ""rsi2_max"": 20.0, ""rsi14_max"": 100.0, ""ret21_max"": 1.0, ""dist_ema20_max"": 0.0, ""dist_ema50_min"": -1.0, ""dist_hh60_min"": -1.0, ""atr_ratio_max"": 10.0, ""vol_ratio_min"": 0.0, ""up_close"": true, ""strong_close"": false}",665,94.92569417285881,0.32781954887218046,0.2503389733645508,1.3420676621374252,20.0,0.0,0.01251694866822754,494,123.4154688569473,0.25303643724696356,-0.048239460009926294,0.941302311697267,17.0,0.0,-0.0028376152947015465,641,160.1403148528405,0.3416536661466459,0.29100501969755,1.4145237101279975,18.0,0.0374414976599064,0.016166945538752777
meanrev,3.0,0.5,1927,"{""family"": ""meanrev"", ""min_ddv"": 10000000.0, ""min_price"": 5.0, ""regime"": ""none"", ""trend"": true, ""mom_min"": 0.0, ""rsi2_max"": 20.0, ""rsi14_max"": 100.0, ""ret21_max"": 1.0, ""dist_ema20_max"": 0.0, ""dist_ema50_min"": -1.0, ""dist_hh60_min"": -1.0, ""atr_ratio_max"": 10.0, ""vol_ratio_min"": 0.0, ""up_close"": true, ""strong_close"": false}",639,91.21431364880719,0.730829420970266,0.06863652552684452,1.2410750172490927,7.0,0.0,0.00980521793240636,417,104.17864476386036,0.6882494004796164,-0.007187144669765234,0.9790469926272423,8.0,0.0,-0.0008983930837206543,550,137.40588637919234,0.7236363636363636,0.07523882104293464,1.262679103414144,8.0,0.0036363636363636364,0.00940485263036683
meanrev,3.0,0.75,1927,"{""family"": ""meanrev"", ""min_ddv"": 10000000.0, ""min_price"": 5.0, ""regime"": ""none"", ""trend"": true, ""mom_min"": 0.0, ""rsi2_max"": 20.0, ""rsi14_max"": 100.0, ""ret21_max"": 1.0, ""dist_ema20_max"": 0.0, ""dist_ema50_min"": -1.0, ""dist_hh60_min"": -1.0, ""atr_ratio_max"": 10.0, ""vol_ratio_min"": 0.0, ""up_close"": true, ""strong_close"": false}",639,91.21431364880719,0.6666666666666666,0.14631237320004684,1.4142741899945814,11.0,0.0,0.013301124836367894,417,104.17864476386036,0.5899280575539568,-0.011653364897336788,0.973800264731023,13.0,0.0,-0.0008964126844105221,550,137.40588637919234,0.6545454545454545,0.1320165299913611,1.3678643609088024,12.0,0.007272727272727273,0.011001377499280091
meanrev,3.0,1.0,1927,"{""family"": ""meanrev"", ""min_ddv"": 10000000.0, ""min_price"": 5.0, ""regime"": ""none"", ""trend"": true, ""mom_min"": 0.0, ""rsi2_max"": 20.0, ""rsi14_max"": 100.0, ""ret21_max"": 1.0, ""dist_ema20_max"": 0.0, ""dist_ema50_min"": -1.0, ""dist_hh60_min"": -1.0, ""atr_ratio_max"": 10.0, ""vol_ratio_min"": 0.0, ""up_close"": true, ""strong_close"": false}",639,91.21431364880719,0.5899843505477308,0.15118254143063387,1.3457595984318804,16.0,0.0,0.009448908839414617,417,104.17864476386036,0.5035971223021583,-0.033842130021673536,0.9367563661217119,16.0,0.0,-0.002115133126354596,550,137.40588637919234,0.5963636363636363,0.17815882706515357,1.4230505464485013,15.0,0.012727272727272728,0.011877255137676904
meanrev,3.0,1.5,1927,"{""family"": ""meanrev"", ""min_ddv"": 10000000.0, ""min_price"": 5.0, ""regime"": ""none"", ""trend"": true, ""mom_min"": 0.0, ""rsi2_max"": 20.0, ""rsi14_max"": 100.0, ""ret21_max"": 1.0, ""dist_ema20_max"": 0.0, ""dist_ema50_min"": -1.0, ""dist_hh60_min"": -1.0, ""atr_ratio_max"": 10.0, ""vol_ratio_min"": 0.0, ""up_close"": true, ""strong_close"": false}",639,91.21431364880719,0.5007824726134585,0.21927931099749837,1.4113116583086298,24.0,0.0,0.009136637958229098,417,104.17864476386036,0.38848920863309355,-0.07728349558999194,0.882612864526389,23.0,0.0,-0.0033601519821735626,550,137.40588637919234,0.5036363636363637,0.22548622434565185,1.4329974555717573,22.0,0.025454545454545455,0.010249373833893266
meanrev,3.0,2.0,1927,"{""family"": ""meanrev"", ""min_ddv"": 10000000.0, ""min_price"": 5.0, ""regime"": ""none"", ""trend"": true, ""mom_min"": 0.0, ""rsi2_max"": 20.0, ""rsi14_max"": 100.0, ""ret21_max"": 1.0, ""dist_ema20_max"": 0.0, ""dist_ema50_min"": -1.0, ""dist_hh60_min"": -1.0, ""atr_ratio_max"": 10.0, ""vol_ratio_min"": 0.0, ""up_close"": true, ""strong_close"": false}",639,91.21431364880719,0.4444444444444444,0.29229625164566414,1.4911659793017327,31.0,0.0,0.00942891134340852,417,104.17864476386036,0.34532374100719426,-0.0035994723070935752,0.9948863998966981,28.0,0.0,-0.00012855258239619912,550,137.40588637919234,0.44727272727272727,0.2885115969964856,1.496670653584637,28.0,0.03636363636363636,0.010303985607017343
meanrev,3.0,3.0,1927,"{""family"": ""meanrev"", ""min_ddv"": 10000000.0, ""min_price"": 5.0, ""regime"": ""none"", ""trend"": true, ""mom_min"": 0.0, ""rsi2_max"": 20.0, ""rsi14_max"": 100.0, ""ret21_max"": 1.0, ""dist_ema20_max"": 0.0, ""dist_ema50_min"": -1.0, ""dist_hh60_min"": -1.0, ""atr_ratio_max"": 10.0, ""vol_ratio_min"": 0.0, ""up_close"": true, ""strong_close"": false}",639,91.21431364880719,0.36306729264475746,0.393655517574762,1.5698229643744412,42.0,0.0,0.009372750418446716,417,104.17864476386036,0.28776978417266186,0.08965018226169474,1.1167542005134292,35.0,0.004796163069544364,0.0025614337789055643,550,137.40588637919234,0.36363636363636365,0.31328268366570705,1.464970270728248,37.0,0.06545454545454546,0.008467099558532623
meanrev,1.0,0.5,32667,"{""family"": ""meanrev"", ""min_ddv"": 10000000.0, ""min_price"": 5.0, ""regime"": ""none"", ""trend"": true, ""mom_min"": 0.0, ""rsi2_max"": 20.0, ""rsi14_max"": 100.0, ""ret21_max"": 1.0, ""dist_ema20_max"": 0.0, ""dist_ema50_min"": -0.05, ""dist_hh60_min"": -1.0, ""atr_ratio_max"": 10.0, ""vol_ratio_min"": 0.0, ""up_close"": false, ""strong_close"": false}",12289,1754.1982792334766,0.6833753763528359,-0.07220647379152487,0.7983072814669765,1.0,0.0,-0.07220647379152487,9091,2271.194387405886,0.6651633483665164,-0.07904526918174554,0.7887668432968772,1.0,0.0,-0.07904526918174554,11168,2790.088980150582,0.6716511461318052,-0.05889200495229905,0.8381166337236193,2.0,0.0012535816618911176,-0.029446002476149525
meanrev,1.0,0.75,32667,"{""family"": ""meanrev"", ""min_ddv"": 10000000.0, ""min_price"": 5.0, ""regime"": ""none"", ""trend"": true, ""mom_min"": 0.0, ""rsi2_max"": 20.0, ""rsi14_max"": 100.0, ""ret21_max"": 1.0, ""dist_ema20_max"": 0.0, ""dist_ema50_min"": -0.05, ""dist_hh60_min"": -1.0, ""atr_ratio_max"": 10.0, ""vol_ratio_min"": 0.0, ""up_close"": false, ""strong_close"": false}",12289,1754.1982792334766,0.6044429978029132,-0.03841592427236723,0.9145311235123547,2.0,0.0,-0.019207962136183615,9091,2271.194387405886,0.5798042019579804,-0.0629205653377472,0.8663892783720609,2.0,0.0,-0.0314602826688736,11168,2790.088980150582,0.5896310888252149,-0.029698164504030507,0.9347060616004887,2.0,0.002238538681948424,-0.014849082252015254
meanrev,1.0,1.0,32667,"{""family"": ""meanrev"", ""min_ddv"": 10000000.0, ""min_price"": 5.0, ""regime"": ""none"", ""trend"": true, ""mom_min"": 0.0, ""rsi2_max"": 20.0, ""rsi14_max"": 100.0, ""ret21_max"": 1.0, ""dist_ema20_max"": 0.0, ""dist_ema50_min"": -0.05, ""dist_hh60_min"": -1.0, ""atr_ratio_max"": 10.0, ""vol_ratio_min"": 0.0, ""up_close"": false, ""strong_close"": false}",12289,1754.1982792334766,0.544145170477663,-0.007110146352330275,0.9863191213242615,2.0,0.0,-0.0035550731761651373,9091,2271.194387405886,0.5205147948520514,-0.042270344435645625,0.922057540187839,2.0,0.0,-0.021135172217822813,11168,2790.088980150582,0.5195200573065902,-0.024209906472155866,0.9546721033221035,3.0,0.0032234957020057307,-0.008069968824051955
meanrev,1.0,1.5,32667,"{""family"": ""meanrev"", ""min_ddv"": 10000000.0, ""min_price"": 5.0, ""regime"": ""none"", ""trend"": true, ""mom_min"": 0.0, ""rsi2_max"": 20.0, ""rsi14_max"": 100.0, ""ret21_max"": 1.0, ""dist_ema20_max"": 0.0, ""dist_ema50_min"": -0.05, ""dist_hh60_min"": -1.0, ""atr_ratio_max"": 10.0, ""vol_ratio_min"": 0.0, ""up_close"": false, ""strong_close"": false}",12289,1754.1982792334766,0.447717470908943,0.022848847678444584,1.0362121361818302,3.0,0.0,0.007616282559481528,9091,2271.194387405886,0.42965570344296555,-0.01690397253420006,0.9738136099225941,3.0,0.0,-0.00563465751140002,11168,2790.088980150582,0.42406876790830944,-0.009366873397235114,0.9854476096371844,3.0,0.005282951289398281,-0.0031222911324117046
meanrev,1.0,2.0,32667,"{""family"": ""meanrev"", ""min_ddv"": 10000000.0, ""min_price"": 5.0, ""regime"": ""none"", ""trend"": true, ""mom_min"": 0.0, ""rsi2_max"": 20.0, ""rsi14_max"": 100.0, ""ret21_max"": 1.0, ""dist_ema20_max"": 0.0, ""dist_ema50_min"": -0.05, ""dist_hh60_min"": -1.0, ""atr_ratio_max"": 10.0, ""vol_ratio_min"": 0.0, ""up_close"": false, ""strong_close"": false}",12289,1754.1982792334766,0.38335096427699566,0.048523450713521675,1.0688129273904097,4.0,0.0,0.012130862678380419,9091,2271.194387405886,0.36365636343636565,-0.006799835271977852,0.9905715594877519,4.0,0.0,-0.001699958817994463,11168,2790.088980150582,0.35906160458452724,-0.006456397696812917,0.9910400974877734,4.0,0.007611031518624642,-0.0016140994242032293
meanrev,1.0,3.0,32667,"{""family"": ""meanrev"", ""min_ddv"": 10000000.0, ""min_price"": 5.0, ""regime"": ""none"", ""trend"": true, ""mom_min"": 0.0, ""rsi2_max"": 20.0, ""rsi14_max"": 100.0, ""ret21_max"": 1.0, ""dist_ema20_max"": 0.0, ""dist_ema50_min"": -0.05, ""dist_hh60_min"": -1.0, ""atr_ratio_max"": 10.0, ""vol_ratio_min"": 0.0, ""up_close"": false, ""strong_close"": false}",12289,1754.1982792334766,0.30018715924810807,0.0849854050177309,1.1054183300558147,5.0,0.0,0.01699708100354618,9091,2271.194387405886,0.2780772192278077,0.010628594044502683,1.0129613451564414,5.0,0.0,0.0021257188089005364,11168,2790.088980150582,0.2851002865329513,0.036082729297410354,1.0445457988532736,5.0,0.009849570200573065,0.007216545859482071
meanrev,1.5,0.5,32667,"{""family"": ""meanrev"", ""min_ddv"": 10000000.0, ""min_price"": 5.0, ""regime"": ""none"", ""trend"": true, ""mom_min"": 0.0, ""rsi2_max"": 20.0, ""rsi14_max"": 100.0, ""ret21_max"": 1.0, ""dist_ema20_max"": 0.0, ""dist_ema50_min"": -0.05, ""dist_hh60_min"": -1.0, ""atr_ratio_max"": 10.0, ""vol_ratio_min"": 0.0, ""up_close"": false, ""strong_close"": false}",12261,1750.2014078998827,0.7054889486991273,-0.003296955561477875,0.9898548514842879,2.0,0.0,-0.0016484777807389374,8947,2235.2190280629707,0.6779926232256622,-0.033738777927488826,0.904453622039371,2.0,0.0,-0.016869388963744413,10862,2713.6413415468855,0.6841281531946235,-0.010505544999214387,0.9691438083810754,3.0,0.004050819370281716,-0.0035018483330714625
meanrev,1.5,0.75,32667,"{""family"": ""meanrev"", ""min_ddv"": 10000000.0, ""min_price"": 5.0, ""regime"": ""none"", ""trend"": true, ""mom_min"": 0.0, ""rsi2_max"": 20.0, ""rsi14_max"": 100.0, ""ret21_max"": 1.0, ""dist_ema20_max"": 0.0, ""dist_ema50_min"": -0.05, ""dist_hh60_min"": -1.0, ""atr_ratio_max"": 10.0, ""vol_ratio_min"": 0.0, ""up_close"": false, ""strong_close"": false}",12261,1750.2014078998827,0.6230323790881658,0.030208226397844328,1.0726264081725287,3.0,0.0,0.010069408799281443,8947,2235.2190280629707,0.595730412428747,-0.013817847150237945,0.9690263095907998,3.0,0.0,-0.004605949050079315,10862,2713.6413415468855,0.5925243969802982,-0.0013978064469936599,0.9968373236045999,4.0,0.00635242128521451,-0.00034945161174841497
meanrev,1.5,1.0,32667,"{""family"": ""meanrev"", ""min_ddv"": 10000000.0, ""min_price"": 5.0, ""regime"": ""none"", ""trend"": true, ""mom_min"": 0.0, ""rsi2_max"": 20.0, ""rsi14_max"": 100.0, ""ret21_max"": 1.0, ""dist_ema20_max"": 0.0, ""dist_ema50_min"": -0.05, ""dist_hh60_min"": -1.0, ""atr_ratio_max"": 10.0, ""vol_ratio_min"": 0.0, ""up_close"": false, ""strong_close"": false}",12261,1750.2014078998827,0.5547671478672213,0.04892368210604944,1.0994239049927912,4.0,0.0,0.01223092052651236,8947,2235.2190280629707,0.5298982899295853,-0.0010422831572763451,0.9979898549755823,4.0,0.0,-0.0002605707893190863,10862,2713.6413415468855,0.5275271589025962,0.013520223508692121,1.0263453942083884,5.0,0.008101638740563431,0.0027040447017384244
meanrev,1.5,1.5,32667,"{""family"": ""meanrev"", ""min_ddv"": 10000000.0, ""min_price"": 5.0, ""regime"": ""none"", ""trend"": true, ""mom_min"": 0.0, ""rsi2_max"": 20.0, ""rsi14_max"": 100.0, ""ret21_max"": 1.0, ""dist_ema20_max"": 0.0, ""dist_ema50_min"": -0.05, ""dist_hh60_min"": -1.0, ""atr_ratio_max"": 10.0, ""vol_ratio_min"": 0.0, ""up_close"": false, ""strong_close"": false}",12261,1750.2014078998827,0.4588532746105538,0.078443834582841,1.1309201715081962,6.0,0.0,0.0130739724304735,8947,2235.2190280629707,0.4262881412764055,-0.0002223198523211207,0.9996484817947703,6.0,0.0,-3.7053308720186784e-05,10862,2713.6413415468855,0.4387773890627877,0.04263177758669529,1.0694903275844,6.0,0.011968329957650525,0.007105296264449216
meanrev,1.5,2.0,32667,"{""family"": ""meanrev"", ""min_ddv"": 10000000.0, ""min_price"": 5.0, ""regime"": ""none"", ""trend"": true, ""mom_min"": 0.0, ""rsi2_max"": 20.0, ""rsi14_max"": 100.0, ""ret21_max"": 1.0, ""dist_ema20_max"": 0.0, ""dist_ema50_min"": -0.05, ""dist_hh60_min"": -1.0, ""atr_ratio_max"": 10.0, ""vol_ratio_min"": 0.0, ""up_close"": false, ""strong_close"": false}",12261,1750.2014078998827,0.3960525242639263,0.11278214072657354,1.1679989792796939,8.0,0.0,0.014097767590821693,8947,2235.2190280629707,0.36179725047501954,0.017174041696253337,1.0244103429409708,8.0,0.0,0.002146755212031667,10862,2713.6413415468855,0.3804087645000921,0.07504988061797305,1.1104190624595176,8.0,0.014269931872583318,0.009381235077246631
meanrev,1.5,3.0,32667,"{""family"": ""meanrev"", ""min_ddv"": 10000000.0, ""min_price"": 5.0, ""regime"": ""none"", ""trend"": true, ""mom_min"": 0.0, ""rsi2_max"": 20.0, ""rsi14_max"": 100.0, ""ret21_max"": 1.0, ""dist_ema20_max"": 0.0, ""dist_ema50_min"": -0.05, ""dist_hh60_min"": -1.0, ""atr_ratio_max"": 10.0, ""vol_ratio_min"": 0.0, ""up_close"": false, ""strong_close"": false}",12261,1750.2014078998827,0.3204469455998695,0.200026010037755,1.2636399081491645,11.0,0.0,0.018184182730705,8947,2235.2190280629707,0.2833351961551358,0.06512185759361575,1.082221375433311,10.0,0.0,0.006512185759361575,10862,2713.6413415468855,0.30730988768182654,0.1419417240345382,1.1859840093164433,10.0,0.021358865770576323,0.01419417240345382
meanrev,2.0,0.5,32667,"{""family"": ""meanrev"", ""min_ddv"": 10000000.0, ""min_price"": 5.0, ""regime"": ""none"", ""trend"": true, ""mom_min"": 0.0, ""rsi2_max"": 20.0, ""rsi14_max"": 100.0, ""ret21_max"": 1.0, ""dist_ema20_max"": 0.0, ""dist_ema50_min"": -0.05, ""dist_hh60_min"": -1.0, ""atr_ratio_max"": 10.0, ""vol_ratio_min"": 0.0, ""up_close"": false, ""strong_close"": false}",12201,1741.6366836136096,0.7185476600278665,0.03465059445609495,1.1136268729758632,3.0,0.0,0.01155019815203165,8701,2173.7611225188225,0.6890012642225032,-0.007443769447107521,0.9780048742873847,4.0,0.0,-0.0018609423617768803,10516,2627.200547570157,0.6944655762647395,0.017481990546562853,1.0538349942515794,4.0,0.005800684670977558,0.004370497636640713
meanrev,2.0,0.75,32667,"{""family"": ""meanrev"", ""min_ddv"": 10000000.0, ""min_price"": 5.0, ""regime"": ""none"", ""trend"": true, ""mom_min"": 0.0, ""rsi2_max"": 20.0, ""rsi14_max"": 100.0, ""ret21_max"": 1.0, ""dist_ema20_max"": 0.0, ""dist_ema50_min"": -0.05, ""dist_hh60_min"": -1.0, ""atr_ratio_max"": 10.0, ""vol_ratio_min"": 0.0, ""up_close"": false, ""strong_close"": false}",12201,1741.6366836136096,0.6319154167691173,0.0638089116608165,1.1600117671936847,5.0,0.0,0.0127617823321633,8701,2173.7611225188225,0.601884840822894,0.008951528197559903,1.0207240085761622,5.0,0.0,0.0017903056395119805,10516,2627.200547570157,0.608976797261316,0.0407391288457377,1.0978196741831274,6.0,0.008843666793457588,0.00678985480762295
meanrev,2.0,1.0,32667,"{""family"": ""meanrev"", ""min_ddv"": 10000000.0, ""min_price"": 5.0, ""regime"": ""none"", ""trend"": true, ""mom_min"": 0.0, ""rsi2_max"": 20.0, ""rsi14_max"": 100.0, ""ret21_max"": 1.0, ""dist_ema20_max"": 0.0, ""dist_ema50_min"": -0.05, ""dist_hh60_min"": -1.0, ""atr_ratio_max"": 10.0, ""vol_ratio_min"": 0.0, ""up_close"": false, ""strong_close"": false}",12201,1741.6366836136096,0.5645438898450946,0.08326545548660587,1.176234112389942,7.0,0.0,0.011895065069515124,8701,2173.7611225188225,0.5299390874612113,0.01302860500576514,1.0256001767966916,7.0,0.0,0.0018612292865378772,10516,2627.200547570157,0.5439330543933054,0.055349437621726144,1.1134021579744817,7.0,0.012171928489920122,0.007907062517389448
meanrev,2.0,1.5,32667,"{""family"": ""meanrev"", ""min_ddv"": 10000000.0, ""min_price"": 5.0, ""regime"": ""none"", ""trend"": true, ""mom_min"": 0.0, ""rsi2_max"": 20.0, ""rsi14_max"": 100.0, ""ret21_max"": 1.0, ""dist_ema20_max"": 0.0, ""dist_ema50_min"": -0.05, ""dist_hh60_min"": -1.0, ""atr_ratio_max"": 10.0, ""vol_ratio_min"": 0.0, ""up_close"": false, ""strong_close"": false}",12201,1741.6366836136096,0.47684616015080733,0.13989053774106502,1.2454949111387226,11.0,0.0,0.012717321612824094,8701,2173.7611225188225,0.4355821169980462,0.03864997197439541,1.0632180305542804,10.0,0.0,0.003864997197439541,10516,2627.200547570157,0.4597755800684671,0.1068144266116395,1.1841274517671552,10.0,0.016641308482312666,0.010681442661163951
meanrev,2.0,2.0,32667,"{""family"": ""meanrev"", ""min_ddv"": 10000000.0, ""min_price"": 5.0, ""regime"": ""none"", ""trend"": true, ""mom_min"": 0.0, ""rsi2_max"": 20.0, ""rsi14_max"": 100.0, ""ret21_max"": 1.0, ""dist_ema20_max"": 0.0, ""dist_ema50_min"": -0.05, ""dist_hh60_min"": -1.0, ""atr_ratio_max"": 10.0, ""vol_ratio_min"": 0.0, ""up_close"": false, ""strong_close"": false}",12201,1741.6366836136096,0.41898205065158595,0.2004597045581812,1.3159555089947408,13.0,0.0,0.015419977273706247,8701,2173.7611225188225,0.37398000229858636,0.07028539391065793,1.1034363684338875,13.0,0.0,0.005406568762358302,10516,2627.200547570157,0.4010079878280715,0.14895616715694798,1.2308297188306463,13.0,0.022346899961962725,0.011458166704380613
meanrev,2.0,3.0,32667,"{""family"": ""meanrev"", ""min_ddv"": 10000000.0, ""min_price"": 5.0, ""regime"": ""none"", ""trend"": true, ""mom_min"": 0.0, ""rsi2_max"": 20.0, ""rsi14_max"": 100.0, ""ret21_max"": 1.0, ""dist_ema20_max"": 0.0, ""dist_ema50_min"": -0.05, ""dist_hh60_min"": -1.0, ""atr_ratio_max"": 10.0, ""vol_ratio_min"": 0.0, ""up_close"": false, ""strong_close"": false}",12201,1741.6366836136096,0.34226702729284486,0.3035672146913165,1.4213169842133546,18.0,0.0,0.016864845260628692,8701,2173.7611225188225,0.2998505918859901,0.1488486155037377,1.1962075402929748,18.0,0.0,0.008269367527985428,10516,2627.200547570157,0.33434766070749333,0.24294366271520954,1.337604700737705,17.0,0.03575503993914036,0.014290803689129973
meanrev,3.0,0.5,32667,"{""family"": ""meanrev"", ""min_ddv"": 10000000.0, ""min_price"": 5.0, ""regime"": ""none"", ""trend"": true, ""mom_min"": 0.0, ""rsi2_max"": 20.0, ""rsi14_max"": 100.0, ""ret21_max"": 1.0, ""dist_ema20_max"": 0.0, ""dist_ema50_min"": -0.05, ""dist_hh60_min"": -1.0, ""atr_ratio_max"": 10.0, ""vol_ratio_min"": 0.0, ""up_close"": false, ""strong_close"": false}",11889,1697.1001173249902,0.7271427369837665,0.06394602795738255,1.219464887650518,7.0,0.0,0.00913514685105465,7846,1960.15742642026,0.7031608462911038,0.02463744732171127,1.0776914743186765,7.0,0.0,0.0035196353316730386,9411,2351.139630390144,0.7103389650409095,0.051695964761110984,1.170493291062969,7.0,0.008606949314631815,0.007385137823015855
meanrev,3.0,0.75,32667,"{""family"": ""meanrev"", ""min_ddv"": 10000000.0, ""min_price"": 5.0, ""regime"": ""none"", ""trend"": true, ""mom_min"": 0.0, ""rsi2_max"": 20.0, ""rsi14_max"": 100.0, ""ret21_max"": 1.0, ""dist_ema20_max"": 0.0, ""dist_ema50_min"": -0.05, ""dist_hh60_min"": -1.0, ""atr_ratio_max"": 10.0, ""vol_ratio_min"": 0.0, ""up_close"": false, ""strong_close"": false}",11889,1697.1001173249902,0.6479098326183867,0.10452509269925296,1.2778501064833883,11.0,0.0,0.009502281154477541,7846,1960.15742642026,0.6186591893958705,0.05039983471848362,1.1241067854373443,11.0,0.0,0.004581803156225784,9411,2351.139630390144,0.6285198172351504,0.08383318887152842,1.2154293532936546,11.0,0.01413239825735841,0.0076211989883207655
meanrev,3.0,1.0,32667,"{""family"": ""meanrev"", ""min_ddv"": 10000000.0, ""min_price"": 5.0, ""regime"": ""none"", ""trend"": true, ""mom_min"": 0.0, ""rsi2_max"": 20.0, ""rsi14_max"": 100.0, ""ret21_max"": 1.0, ""dist_ema20_max"": 0.0, ""dist_ema50_min"": -0.05, ""dist_hh60_min"": -1.0, ""atr_ratio_max"": 10.0, ""vol_ratio_min"": 0.0, ""up_close"": false, ""strong_close"": false}",11889,1697.1001173249902,0.5874337623012869,0.14203840472310925,1.3214798388638438,14.0,0.0,0.010145600337364946,7846,1960.15742642026,0.5541677287789957,0.07702662684565412,1.1624472116178899,15.0,0.0,0.005135108456376941,9411,2351.139630390144,0.5724152587397726,0.12238485422337937,1.2723877871467706,14.0,0.018595260864945277,0.008741775301669955
meanrev,3.0,1.5,32667,"{""family"": ""meanrev"", ""min_ddv"": 10000000.0, ""min_price"": 5.0, ""regime"": ""none"", ""trend"": true, ""mom_min"": 0.0, ""rsi2_max"": 20.0, ""rsi14_max"": 100.0, ""ret21_max"": 1.0, ""dist_ema20_max"": 0.0, ""dist_ema50_min"": -0.05, ""dist_hh60_min"": -1.0, ""atr_ratio_max"": 10.0, ""vol_ratio_min"": 0.0, ""up_close"": false, ""strong_close"": false}",11889,1697.1001173249902,0.5041635124905375,0.22111857325916884,1.4144840809920651,21.0,0.0,0.010529455869484231,7846,1960.15742642026,0.45845016568952335,0.11532703418106613,1.200362518085088,22.0,0.0,0.005242137917321188,9411,2351.139630390144,0.49304005950483476,0.19212286276350535,1.3597014213911973,21.0,0.030602486452024225,0.009148707750643113
meanrev,3.0,2.0,32667,"{""family"": ""meanrev"", ""min_ddv"": 10000000.0, ""min_price"": 5.0, ""regime"": ""none"", ""trend"": true, ""mom_min"": 0.0, ""rsi2_max"": 20.0, ""rsi14_max"": 100.0, ""ret21_max"": 1.0, ""dist_ema20_max"": 0.0, ""dist_ema50_min"": -0.05, ""dist_hh60_min"": -1.0, ""atr_ratio_max"": 10.0, ""vol_ratio_min"": 0.0, ""up_close"": false, ""strong_close"": false}",11889,1697.1001173249902,0.44553789216923206,0.2909618582846993,1.48697193050104,28.0,8.411136344520145e-05,0.01039149493873926,7846,1960.15742642026,0.4012235534030079,0.17240977330651328,1.27122936235957,28.0,0.0,0.006157491903804046,9411,2351.139630390144,0.44469238125597704,0.26687651588898936,1.4556701316593668,26.0,0.042503453405589205,0.010264481380345745
meanrev,3.0,3.0,32667,"{""family"": ""meanrev"", ""min_ddv"": 10000000.0, ""min_price"": 5.0, ""regime"": ""none"", ""trend"": true, ""mom_min"": 0.0, ""rsi2_max"": 20.0, ""rsi14_max"": 100.0, ""ret21_max"": 1.0, ""dist_ema20_max"": 0.0, ""dist_ema50_min"": -0.05, ""dist_hh60_min"": -1.0, ""atr_ratio_max"": 10.0, ""vol_ratio_min"": 0.0, ""up_close"": false, ""strong_close"": false}",11889,1697.1001173249902,0.3696694423416604,0.42686220154883875,1.6268753374604268,40.0,0.0010093363613424174,0.010671555038720968,7846,1960.15742642026,0.3197807800152944,0.23460401662962277,1.3235319483653756,37.0,0.002803976548559776,0.006340649098097913,9411,2351.139630390144,0.3805121666135374,0.37739724310707135,1.5768233706778219,35.0,0.07151206035490383,0.010782778374487753
meanrev,1.0,0.5,1613,"{""family"": ""meanrev"", ""min_ddv"": 10000000.0, ""min_price"": 5.0, ""regime"": ""none"", ""trend"": true, ""mom_min"": 0.0, ""rsi2_max"": 20.0, ""rsi14_max"": 100.0, ""ret21_max"": 1.0, ""dist_ema20_max"": 0.0, ""dist_ema50_min"": -0.05, ""dist_hh60_min"": -1.0, ""atr_ratio_max"": 10.0, ""vol_ratio_min"": 0.0, ""up_close"": true, ""strong_close"": false}",594,84.79077043410246,0.7037037037037037,-0.03909474981761356,0.8822482058263025,1.0,0.0,-0.03909474981761356,438,109.42505133470226,0.5981735159817352,-0.172400744527526,0.6035270027714235,2.0,0.0,-0.086200372263763,576,143.90143737166323,0.6649305555555556,-0.06407204655698225,0.827972509582408,2.0,0.003472222222222222,-0.03203602327849112
meanrev,1.0,0.75,1613,"{""family"": ""meanrev"", ""min_ddv"": 10000000.0, ""min_price"": 5.0, ""regime"": ""none"", ""trend"": true, ""mom_min"": 0.0, ""rsi2_max"": 20.0, ""rsi14_max"": 100.0, ""ret21_max"": 1.0, ""dist_ema20_max"": 0.0, ""dist_ema50_min"": -0.05, ""dist_hh60_min"": -1.0, ""atr_ratio_max"": 10.0, ""vol_ratio_min"": 0.0, ""up_close"": true, ""strong_close"": false}",594,84.79077043410246,0.6111111111111112,-0.016175693346630122,0.9630967509593746,2.0,0.0,-0.008087846673315061,438,109.42505133470226,0.5159817351598174,-0.16011150472648766,0.6954548195905119,2.0,0.0,-0.08005575236324383,576,143.90143737166323,0.59375,-0.022009042142823405,0.9511202178883538,2.0,0.003472222222222222,-0.011004521071411703
meanrev,1.0,1.0,1613,"{""family"": ""meanrev"", ""min_ddv"": 10000000.0, ""min_price"": 5.0, ""regime"": ""none"", ""trend"": true, ""mom_min"": 0.0, ""rsi2_max"": 20.0, ""rsi14_max"": 100.0, ""ret21_max"": 1.0, ""dist_ema20_max"": 0.0, ""dist_ema50_min"": -0.05, ""dist_hh60_min"": -1.0, ""atr_ratio_max"": 10.0, ""vol_ratio_min"": 0.0, ""up_close"": true, ""strong_close"": false}",594,84.79077043410246,0.5404040404040404,0.003048620507106822,1.005885902144708,2.0,0.0,0.001524310253553411,438,109.42505133470226,0.4680365296803653,-0.15833404972409265,0.7439487020225746,2.0,0.0,-0.07916702486204633,576,143.90143737166323,0.5329861111111112,-0.002800233598414786,0.9946343870605756,3.0,0.006944444444444444,-0.0009334111994715954
meanrev,1.0,1.5,1613,"{""family"": ""meanrev"", ""min_ddv"": 10000000.0, ""min_price"": 5.0, ""regime"": ""none"", ""trend"": true, ""mom_min"": 0.0, ""rsi2_max"": 20.0, ""rsi14_max"": 100.0, ""ret21_max"": 1.0, ""dist_ema20_max"": 0.0, ""dist_ema50_min"": -0.05, ""dist_hh60_min"": -1.0, ""atr_ratio_max"": 10.0, ""vol_ratio_min"": 0.0, ""up_close"": true, ""strong_close"": false}",594,84.79077043410246,0.44612794612794615,0.018266587927164242,1.0289698793423079,3.0,0.0,0.006088862642388081,438,109.42505133470226,0.3698630136986301,-0.18557059531717326,0.7449230507210313,3.0,0.0,-0.06185686510572442,576,143.90143737166323,0.4427083333333333,0.029430481306740072,1.047020847429712,4.0,0.008680555555555556,0.007357620326685018
meanrev,1.0,2.0,1613,"{""family"": ""meanrev"", ""min_ddv"": 10000000.0, ""min_price"": 5.0, ""regime"": ""none"", ""trend"": true, ""mom_min"": 0.0, ""rsi2_max"": 20.0, ""rsi14_max"": 100.0, ""ret21_max"": 1.0, ""dist_ema20_max"": 0.0, ""dist_ema50_min"": -0.05, ""dist_hh60_min"": -1.0, ""atr_ratio_max"": 10.0, ""vol_ratio_min"": 0.0, ""up_close"": true, ""strong_close"": false}",594,84.79077043410246,0.4006734006734007,0.10858079044314013,1.159115538076719,4.0,0.0,0.027145197610785033,438,109.42505133470226,0.3013698630136986,-0.21587857578101918,0.7320042680107088,4.0,0.0,-0.053969643945254796,576,143.90143737166323,0.3802083333333333,0.04260250012216908,1.060670556148421,4.0,0.008680555555555556,0.01065062503054227
meanrev,1.0,3.0,1613,"{""family"": ""meanrev"", ""min_ddv"": 10000000.0, ""min_price"": 5.0, ""regime"": ""none"", ""trend"": true, ""mom_min"": 0.0, ""rsi2_max"": 20.0, ""rsi14_max"": 100.0, ""ret21_max"": 1.0, ""dist_ema20_max"": 0.0, ""dist_ema50_min"": -0.05, ""dist_hh60_min"": -1.0, ""atr_ratio_max"": 10.0, ""vol_ratio_min"": 0.0, ""up_close"": true, ""strong_close"": false}",594,84.79077043410246,0.29292929292929293,0.05952326656870649,1.073590444348896,5.0,0.0,0.011904653313741298,438,109.42505133470226,0.2237442922374429,-0.23378937413087844,0.7388569665187376,4.5,0.0,-0.05195319425130632,576,143.90143737166323,0.2951388888888889,0.08434590175473655,1.1049761043260318,5.0,0.008680555555555556,0.01686918035094731
meanrev,1.5,0.5,1613,"{""family"": ""meanrev"", ""min_ddv"": 10000000.0, ""min_price"": 5.0, ""regime"": ""none"", ""trend"": true, ""mom_min"": 0.0, ""rsi2_max"": 20.0, ""rsi14_max"": 100.0, ""ret21_max"": 1.0, ""dist_ema20_max"": 0.0, ""dist_ema50_min"": -0.05, ""dist_hh60_min"": -1.0, ""atr_ratio_max"": 10.0, ""vol_ratio_min"": 0.0, ""up_close"": true, ""strong_close"": false}",593,84.64802502933125,0.7048903878583473,0.004191333070081033,1.0130283120887866,2.0,0.0,0.0020956665350405166,431,107.67624914442163,0.62877030162413,-0.09403752636481248,0.7619196749898653,3.0,0.0,-0.03134584212160416,561,140.15400410677617,0.6809269162210339,-0.021454548824173577,0.9382358592258012,3.0,0.0017825311942959,-0.007151516274724525
meanrev,1.5,0.75,1613,"{""family"": ""meanrev"", ""min_ddv"": 10000000.0, ""min_price"": 5.0, ""regime"": ""none"", ""trend"": true, ""mom_min"": 0.0, ""rsi2_max"": 20.0, ""rsi14_max"": 100.0, ""ret21_max"": 1.0, ""dist_ema20_max"": 0.0, ""dist_ema50_min"": -0.05, ""dist_hh60_min"": -1.0, ""atr_ratio_max"": 10.0, ""vol_ratio_min"": 0.0, ""up_close"": true, ""strong_close"": false}",593,84.64802502933125,0.6070826306913997,0.011392460818986717,1.0266077682720183,3.0,0.0,0.003797486939662239,431,107.67624914442163,0.5197215777262181,-0.15912678572479766,0.7070225089514831,4.0,0.0,-0.039781696431199415,561,140.15400410677617,0.6060606060606061,0.022277441384313545,1.0518202794280873,4.0,0.0053475935828877,0.005569360346078386
meanrev,1.5,1.0,1613,"{""family"": ""meanrev"", ""min_ddv"": 10000000.0, ""min_price"": 5.0, ""regime"": ""none"", ""trend"": true, ""mom_min"": 0.0, ""rsi2_max"": 20.0, ""rsi14_max"": 100.0, ""ret21_max"": 1.0, ""dist_ema20_max"": 0.0, ""dist_ema50_min"": -0.05, ""dist_hh60_min"": -1.0, ""atr_ratio_max"": 10.0, ""vol_ratio_min"": 0.0, ""up_close"": true, ""strong_close"": false}",593,84.64802502933125,0.5463743676222597,0.028970168849045352,1.0581493550231629,5.0,0.0,0.00579403376980907,431,107.67624914442163,0.4617169373549884,-0.14995974289849703,0.7519896980675045,5.0,0.0,-0.029991948579699407,561,140.15400410677617,0.5418894830659536,0.037909597447000835,1.0760828722061313,5.0,0.0071301247771836,0.007581919489400167
meanrev,1.5,1.5,1613,"{""family"": ""meanrev"", ""min_ddv"": 10000000.0, ""min_price"": 5.0, ""regime"": ""none"", ""trend"": true, ""mom_min"": 0.0, ""rsi2_max"": 20.0, ""rsi14_max"": 100.0, ""ret21_max"": 1.0, ""dist_ema20_max"": 0.0, ""dist_ema50_min"": -0.05, ""dist_hh60_min"": -1.0, ""atr_ratio_max"": 10.0, ""vol_ratio_min"": 0.0, ""up_close"": true, ""strong_close"": false}",593,84.64802502933125,0.433389544688027,0.016441430090187246,1.0264487432180374,6.0,0.0,0.002740238348364541,431,107.67624914442163,0.35498839907192575,-0.1936049519150119,0.7321195278470295,6.0,0.0,-0.03226749198583532,561,140.15400410677617,0.44919786096256686,0.06549308996375565,1.109252101976928,6.0,0.0106951871657754,0.010915514993959275
meanrev,1.5,2.0,1613,"{""family"": ""meanrev"", ""min_ddv"": 10000000.0, ""min_price"": 5.0, ""regime"": ""none"", ""trend"": true, ""mom_min"": 0.0, ""rsi2_max"": 20.0, ""rsi14_max"": 100.0, ""ret21_max"": 1.0, ""dist_ema20_max"": 0.0, ""dist_ema50_min"": -0.05, ""dist_hh60_min"": -1.0, ""atr_ratio_max"": 10.0, ""vol_ratio_min"": 0.0, ""up_close"": true, ""strong_close"": false}",593,84.64802502933125,0.3676222596964587,0.026019469253086035,1.037242695631108,9.0,0.0,0.0028910521392317818,431,107.67624914442163,0.29930394431554525,-0.19348264858355244,0.7533873284970747,8.0,0.0,-0.024185331072944054,561,140.15400410677617,0.38146167557932265,0.08822833035851686,1.1307269769123451,8.0,0.0106951871657754,0.011028541294814608
meanrev,1.5,3.0,1613,"{""family"": ""meanrev"", ""min_ddv"": 10000000.0, ""min_price"": 5.0, ""regime"": ""none"", ""trend"": true, ""mom_min"": 0.0, ""rsi2_max"": 20.0, ""rsi14_max"": 100.0, ""ret21_max"": 1.0, ""dist_ema20_max"": 0.0, ""dist_ema50_min"": -0.05, ""dist_hh60_min"": -1.0, ""atr_ratio_max"": 10.0, ""vol_ratio_min"": 0.0, ""up_close"": true, ""strong_close"": false}",593,84.64802502933125,0.28161888701517707,0.04205467031342984,1.0522395581089066,11.0,0.0,0.00382315184667544,431,107.67624914442163,0.2296983758700696,-0.17953451183317476,0.793407352579331,9.0,0.0,-0.019948279092574975,561,140.15400410677617,0.30303030303030304,0.13964824423293778,1.1833450246922497,10.0,0.016042780748663103,0.01396482442329378
meanrev,2.0,0.5,1613,"{""family"": ""meanrev"", ""min_ddv"": 10000000.0, ""min_price"": 5.0, ""regime"": ""none"", ""trend"": true, ""mom_min"": 0.0, ""rsi2_max"": 20.0, ""rsi14_max"": 100.0, ""ret21_max"": 1.0, ""dist_ema20_max"": 0.0, ""dist_ema50_min"": -0.05, ""dist_hh60_min"": -1.0, ""atr_ratio_max"": 10.0, ""vol_ratio_min"": 0.0, ""up_close"": true, ""strong_close"": false}",591,84.36253421978881,0.7021996615905245,0.020391391315243777,1.064264952517473,4.0,0.0,0.005097847828810944,419,104.67830253251198,0.6443914081145584,-0.07517533258224153,0.8090416331196182,4.0,0.0,-0.018793833145560383,552,137.90554414784393,0.7101449275362319,0.03840686141871693,1.124668615536219,4.0,0.005434782608695652,0.009601715354679232
meanrev,2.0,0.75,1613,"{""family"": ""meanrev"", ""min_ddv"": 10000000.0, ""min_price"": 5.0, ""regime"": ""none"", ""trend"": true, ""mom_min"": 0.0, ""rsi2_max"": 20.0, ""rsi14_max"": 100.0, ""ret21_max"": 1.0, ""dist_ema20_max"": 0.0, ""dist_ema50_min"": -0.05, ""dist_hh60_min"": -1.0, ""atr_ratio_max"": 10.0, ""vol_ratio_min"": 0.0, ""up_close"": true, ""strong_close"": false}",591,84.36253421978881,0.6175972927241963,0.03772511417940619,1.09219692792192,6.0,0.0,0.006287519029901031,419,104.67830253251198,0.5632458233890215,-0.06666062424666015,0.8617933481571037,6.0,0.0,-0.011110104041110026,552,137.90554414784393,0.6376811594202898,0.09161298136167272,1.2386818244165352,6.0,0.007246376811594203,0.015268830226945453
meanrev,2.0,1.0,1613,"{""family"": ""meanrev"", ""min_ddv"": 10000000.0, ""min_price"": 5.0, ""regime"": ""none"", ""trend"": true, ""mom_min"": 0.0, ""rsi2_max"": 20.0, ""rsi14_max"": 100.0, ""ret21_max"": 1.0, ""dist_ema20_max"": 0.0, ""dist_ema50_min"": -0.05, ""dist_hh60_min"": -1.0, ""atr_ratio_max"": 10.0, ""vol_ratio_min"": 0.0, ""up_close"": true, ""strong_close"": false}",591,84.36253421978881,0.5583756345177665,0.07401806348540377,1.155882739079074,7.0,0.0,0.010574009069343396,419,104.67830253251198,0.477326968973747,-0.10514567918763955,0.8166684342192736,8.0,0.0,-0.013143209898454944,552,137.90554414784393,0.5778985507246377,0.1193858197485288,1.2659473723732466,7.0,0.009057971014492754,0.017055117106932687
meanrev,2.0,1.5,1613,"{""family"": ""meanrev"", ""min_ddv"": 10000000.0, ""min_price"": 5.0, ""regime"": ""none"", ""trend"": true, ""mom_min"": 0.0, ""rsi2_max"": 20.0, ""rsi14_max"": 100.0, ""ret21_max"": 1.0, ""dist_ema20_max"": 0.0, ""dist_ema50_min"": -0.05, ""dist_hh60_min"": -1.0, ""atr_ratio_max"": 10.0, ""vol_ratio_min"": 0.0, ""up_close"": true, ""strong_close"": false}",591,84.36253421978881,0.4517766497461929,0.0783685724760893,1.1324492143939462,11.0,0.0,0.0071244156796444824,419,104.67830253251198,0.3747016706443914,-0.13256128053796695,0.8068586884771944,11.0,0.0,-0.01205102550345154,552,137.90554414784393,0.48188405797101447,0.17006348574762614,1.30920141512228,10.0,0.014492753623188406,0.017006348574762613
meanrev,2.0,2.0,1613,"{""family"": ""meanrev"", ""min_ddv"": 10000000.0, ""min_price"": 5.0, ""regime"": ""none"", ""trend"": true, ""mom_min"": 0.0, ""rsi2_max"": 20.0, ""rsi14_max"": 100.0, ""ret21_max"": 1.0, ""dist_ema20_max"": 0.0, ""dist_ema50_min"": -0.05, ""dist_hh60_min"": -1.0, ""atr_ratio_max"": 10.0, ""vol_ratio_min"": 0.0, ""up_close"": true, ""strong_close"": false}",591,84.36253421978881,0.4010152284263959,0.1464255870806245,1.2253213848546887,14.0,0.0,0.010458970505758893,419,104.67830253251198,0.3198090692124105,-0.1111526448440615,0.8519360902450147,13.0,0.0,-0.008550203449543192,552,137.90554414784393,0.40398550724637683,0.17479051425483697,1.2741417222271583,14.0,0.018115942028985508,0.012485036732488354
meanrev,2.0,3.0,1613,"{""family"": ""meanrev"", ""min_ddv"": 10000000.0, ""min_price"": 5.0, ""regime"": ""none"", ""trend"": true, ""mom_min"": 0.0, ""rsi2_max"": 20.0, ""rsi14_max"": 100.0, ""ret21_max"": 1.0, ""dist_ema20_max"": 0.0, ""dist_ema50_min"": -0.05, ""dist_hh60_min"": -1.0, ""atr_ratio_max"": 10.0, ""vol_ratio_min"": 0.0, ""up_close"": true, ""strong_close"": false}",591,84.36253421978881,0.32318104906937395,0.2301076271894952,1.3116482233046562,19.0,0.0,0.012110927746815537,419,104.67830253251198,0.26014319809069214,-0.01651538074604684,0.9796997397562985,16.0,0.0,-0.0010322112966279274,552,137.90554414784393,0.3351449275362319,0.2691303673452663,1.3772006772654342,18.0,0.034420289855072464,0.014951687074737017
meanrev,3.0,0.5,1613,"{""family"": ""meanrev"", ""min_ddv"": 10000000.0, ""min_price"": 5.0, ""regime"": ""none"", ""trend"": true, ""mom_min"": 0.0, ""rsi2_max"": 20.0, ""rsi14_max"": 100.0, ""ret21_max"": 1.0, ""dist_ema20_max"": 0.0, ""dist_ema50_min"": -0.05, ""dist_hh60_min"": -1.0, ""atr_ratio_max"": 10.0, ""vol_ratio_min"": 0.0, ""up_close"": true, ""strong_close"": false}",578,82.506843957763,0.7283737024221453,0.06361414236596347,1.2207098927108018,7.0,0.0,0.009087734623709067,369,92.18685831622176,0.6802168021680217,-0.02071916069658241,0.9410319272042252,8.0,0.0,-0.0025898950870728013,492,122.91581108829568,0.7317073170731707,0.08751118538922108,1.317027527413032,7.0,0.0040650406504065045,0.012501597912745868
meanrev,3.0,0.75,1613,"{""family"": ""meanrev"", ""min_ddv"": 10000000.0, ""min_price"": 5.0, ""regime"": ""none"", ""trend"": true, ""mom_min"": 0.0, ""rsi2_max"": 20.0, ""rsi14_max"": 100.0, ""ret21_max"": 1.0, ""dist_ema20_max"": 0.0, ""dist_ema50_min"": -0.05, ""dist_hh60_min"": -1.0, ""atr_ratio_max"": 10.0, ""vol_ratio_min"": 0.0, ""up_close"": true, ""strong_close"": false}",578,82.506843957763,0.6626297577854672,0.13330290217321614,1.3716994688916608,11.0,0.0,0.012118445652110559,369,92.18685831622176,0.5853658536585366,-0.018998732272425694,0.9576991898394834,13.0,0.0,-0.0014614409440327457,492,122.91581108829568,0.6585365853658537,0.13963551277233735,1.395707008100683,11.0,0.008130081300813009,0.012694137524757941
meanrev,3.0,1.0,1613,"{""family"": ""meanrev"", ""min_ddv"": 10000000.0, ""min_price"": 5.0, ""regime"": ""none"", ""trend"": true, ""mom_min"": 0.0, ""rsi2_max"": 20.0, ""rsi14_max"": 100.0, ""ret21_max"": 1.0, ""dist_ema20_max"": 0.0, ""dist_ema50_min"": -0.05, ""dist_hh60_min"": -1.0, ""atr_ratio_max"": 10.0, ""vol_ratio_min"": 0.0, ""up_close"": true, ""strong_close"": false}",578,82.506843957763,0.5847750865051903,0.13493791943721514,1.3035519611198865,15.0,0.0,0.008995861295814343,369,92.18685831622176,0.5013550135501355,-0.03837150739880202,0.9285804806407036,16.0,0.0,-0.002398219212425126,492,122.91581108829568,0.5955284552845529,0.17418562721271535,1.4143222488201004,15.0,0.014227642276422764,0.011612375147514358
meanrev,3.0,1.5,1613,"{""family"": ""meanrev"", ""min_ddv"": 10000000.0, ""min_price"": 5.0, ""regime"": ""none"", ""trend"": true, ""mom_min"": 0.0, ""rsi2_max"": 20.0, ""rsi14_max"": 100.0, ""ret21_max"": 1.0, ""dist_ema20_max"": 0.0, ""dist_ema50_min"": -0.05, ""dist_hh60_min"": -1.0, ""atr_ratio_max"": 10.0, ""vol_ratio_min"": 0.0, ""up_close"": true, ""strong_close"": false}",578,82.506843957763,0.49653979238754326,0.2036606483692056,1.3772414471562606,23.0,0.0,0.008854810798661114,369,92.18685831622176,0.3875338753387534,-0.07950336842928338,0.879541403775426,22.0,0.0,-0.003613789474058335,492,122.91581108829568,0.5,0.21785868351360338,1.4163457765513305,22.0,0.024390243902439025,0.009902667432436518
meanrev,3.0,2.0,1613,"{""family"": ""meanrev"", ""min_ddv"": 10000000.0, ""min_price"": 5.0, ""regime"": ""none"", ""trend"": true, ""mom_min"": 0.0, ""rsi2_max"": 20.0, ""rsi14_max"": 100.0, ""ret21_max"": 1.0, ""dist_ema20_max"": 0.0, ""dist_ema50_min"": -0.05, ""dist_hh60_min"": -1.0, ""atr_ratio_max"": 10.0, ""vol_ratio_min"": 0.0, ""up_close"": true, ""strong_close"": false}",578,82.506843957763,0.4429065743944637,0.286392926314949,1.4790007853731328,31.0,0.0,0.009238481494030613,369,92.18685831622176,0.3523035230352303,0.01773496798795362,1.0254274240126948,26.0,0.0,0.0006821141533828316,492,122.91581108829568,0.4410569105691057,0.273517735557181,1.466492579310485,28.0,0.036585365853658534,0.009768490555613607
meanrev,3.0,3.0,1613,"{""family"": ""meanrev"", ""min_ddv"": 10000000.0, ""min_price"": 5.0, ""regime"": ""none"", ""trend"": true, ""mom_min"": 0.0, ""rsi2_max"": 20.0, ""rsi14_max"": 100.0, ""ret21_max"": 1.0, ""dist_ema20_max"": 0.0, ""dist_ema50_min"": -0.05, ""dist_hh60_min"": -1.0, ""atr_ratio_max"": 10.0, ""vol_ratio_min"": 0.0, ""up_close"": true, ""strong_close"": false}",578,82.506843957763,0.36505190311418684,0.39985897785587193,1.5792552402121343,43.0,0.0,0.009299045996648185,369,92.18685831622176,0.2926829268292683,0.10711936043625164,1.1401670181105714,32.0,0.0027100271002710027,0.003347480013632864,492,122.91581108829568,0.35772357723577236,0.28975522526073566,1.4262744453300764,37.0,0.06504065040650407,0.007831222304344207
pullback,1.0,0.5,36627,"{""family"": ""pullback"", ""min_ddv"": 10000000.0, ""min_price"": 5.0, ""regime"": ""none"", ""trend"": true, ""mom_min"": -1.0, ""rsi2_max"": 100.0, ""rsi14_max"": 100.0, ""ret21_max"": 1.0, ""dist_ema20_max"": 1.0, ""dist_ema50_min"": -1.0, ""dist_hh60_min"": -1.0, ""atr_ratio_max"": 10.0, ""vol_ratio_min"": 0.0, ""up_close"": true, ""strong_close"": false}",13325,1902.0825185764568,0.6892307692307692,-0.06147425194167412,0.8253414299832516,2.0,0.0,-0.03073712597083706,10504,2624.202600958248,0.655940594059406,-0.08305593982079647,0.7815651775371885,2.0,0.0,-0.041527969910398234,12610,3150.3422313483916,0.6675654242664552,-0.05925691799540817,0.8379246554382817,2.0,0.0016653449643140364,-0.029628458997704086
pullback,1.0,0.75,36627,"{""family"": ""pullback"", ""min_ddv"": 10000000.0, ""min_price"": 5.0, ""regime"": ""none"", ""trend"": true, ""mom_min"": -1.0, ""rsi2_max"": 100.0, ""rsi14_max"": 100.0, ""ret21_max"": 1.0, ""dist_ema20_max"": 1.0, ""dist_ema50_min"": -1.0, ""dist_hh60_min"": -1.0, ""atr_ratio_max"": 10.0, ""vol_ratio_min"": 0.0, ""up_close"": true, ""strong_close"": false}",13325,1902.0825185764568,0.6055534709193245,-0.036472560499760734,0.9189092254951609,2.0,0.0,-0.018236280249880367,10504,2624.202600958248,0.5734958111195735,-0.064679066318001,0.8632229136673566,2.0,0.0,-0.0323395331590005,12610,3150.3422313483916,0.5784298176050754,-0.0468514171153121,0.8991048575581619,2.0,0.0023790642347343376,-0.02342570855765605
pullback,1.0,1.0,36627,"{""family"": ""pullback"", ""min_ddv"": 10000000.0, ""min_price"": 5.0, ""regime"": ""none"", ""trend"": true, ""mom_min"": -1.0, ""rsi2_max"": 100.0, ""rsi14_max"": 100.0, ""ret21_max"": 1.0, ""dist_ema20_max"": 1.0, ""dist_ema50_min"": -1.0, ""dist_hh60_min"": -1.0, ""atr_ratio_max"": 10.0, ""vol_ratio_min"": 0.0, ""up_close"": true, ""strong_close"": false}",13325,1902.0825185764568,0.5387617260787992,-0.015706185412093156,0.9701364818555558,3.0,0.0,-0.005235395137364385,10504,2624.202600958248,0.5095201827875095,-0.052989747636873134,0.9031815198925196,3.0,0.0,-0.017663249212291045,12610,3150.3422313483916,0.5097541633624108,-0.042808459631248276,0.9209712113442977,3.0,0.003330689928628073,-0.014269486543749425
pullback,1.0,1.5,36627,"{""family"": ""pullback"", ""min_ddv"": 10000000.0, ""min_price"": 5.0, ""regime"": ""none"", ""trend"": true, ""mom_min"": -1.0, ""rsi2_max"": 100.0, ""rsi14_max"": 100.0, ""ret21_max"": 1.0, ""dist_ema20_max"": 1.0, ""dist_ema50_min"": -1.0, ""dist_hh60_min"": -1.0, ""atr_ratio_max"": 10.0, ""vol_ratio_min"": 0.0, ""up_close"": true, ""strong_close"": false}",13325,1902.0825185764568,0.44405253283302065,0.015990119151090196,1.0251616974455615,4.0,0.0,0.003997529787772549,10504,2624.202600958248,0.4122239146991622,-0.049605178866907754,0.924491525920634,4.0,0.0,-0.012401294716726938,12610,3150.3422313483916,0.41919111816019033,-0.023618808123893154,0.9634639038202661,4.0,0.004916732751784298,-0.0059047020309732886
pullback,1.0,2.0,36627,"{""family"": ""pullback"", ""min_ddv"": 10000000.0, ""min_price"": 5.0, ""regime"": ""none"", ""trend"": true, ""mom_min"": -1.0, ""rsi2_max"": 100.0, ""rsi14_max"": 100.0, ""ret21_max"": 1.0, ""dist_ema20_max"": 1.0, ""dist_ema50_min"": -1.0, ""dist_hh60_min"": -1.0, ""atr_ratio_max"": 10.0, ""vol_ratio_min"": 0.0, ""up_close"": true, ""strong_close"": false}",13325,1902.0825185764568,0.3804127579737336,0.04379574200555494,1.0618933907109365,5.0,0.0,0.008759148401110988,10504,2624.202600958248,0.345011424219345,-0.05026335713331949,0.9314674794449104,4.0,0.0,-0.012565839283329872,12610,3150.3422313483916,0.35432196669310073,-0.017461751325924795,0.9758205778399062,4.0,0.007216494845360825,-0.004365437831481199
pullback,1.0,3.0,36627,"{""family"": ""pullback"", ""min_ddv"": 10000000.0, ""min_price"": 5.0, ""regime"": ""none"", ""trend"": true, ""mom_min"": -1.0, ""rsi2_max"": 100.0, ""rsi14_max"": 100.0, ""ret21_max"": 1.0, ""dist_ema20_max"": 1.0, ""dist_ema50_min"": -1.0, ""dist_hh60_min"": -1.0, ""atr_ratio_max"": 10.0, ""vol_ratio_min"": 0.0, ""up_close"": true, ""strong_close"": false}",13325,1902.0825185764568,0.29433395872420265,0.07014799520974205,1.0865949907370722,6.0,0.0,0.011691332534957008,10504,2624.202600958248,0.26970677837014473,-0.016433513743326394,0.980057826286065,6.0,0.0,-0.0027389189572210658,12610,3150.3422313483916,0.2775574940523394,0.010674932748038579,1.0131237167473,5.0,0.010388580491673275,0.002134986549607716
pullback,1.5,0.5,36627,"{""family"": ""pullback"", ""min_ddv"": 10000000.0, ""min_price"": 5.0, ""regime"": ""none"", ""trend"": true, ""mom_min"": -1.0, ""rsi2_max"": 100.0, ""rsi14_max"": 100.0, ""ret21_max"": 1.0, ""dist_ema20_max"": 1.0, ""dist_ema50_min"": -1.0, ""dist_hh60_min"": -1.0, ""atr_ratio_max"": 10.0, ""vol_ratio_min"": 0.0, ""up_close"": true, ""strong_close"": false}",13269,1894.0887759092686,0.7061572085311628,0.0011568294516094576,1.0035811030636126,3.0,0.0,0.0003856098172031525,10146,2534.7638603696096,0.6742558643800513,-0.03543434874784097,0.9000684496925914,3.0,0.0,-0.011811449582613655,12206,3049.4113620807666,0.6762248074717352,-0.01942123279042532,0.9440637393270883,3.0,0.003686711453383582,-0.006473744263475106
pullback,1.5,0.75,36627,"{""family"": ""pullback"", ""min_ddv"": 10000000.0, ""min_price"": 5.0, ""regime"": ""none"", ""trend"": true, ""mom_min"": -1.0, ""rsi2_max"": 100.0, ""rsi14_max"": 100.0, ""ret21_max"": 1.0, ""dist_ema20_max"": 1.0, ""dist_ema50_min"": -1.0, ""dist_hh60_min"": -1.0, ""atr_ratio_max"": 10.0, ""vol_ratio_min"": 0.0, ""up_close"": true, ""strong_close"": false}",13269,1894.0887759092686,0.619112216444344,0.029928885811373086,1.0715411212570964,4.0,0.0,0.007482221452843271,10146,2534.7638603696096,0.5811157106248768,-0.03385427038043563,0.9259875433204979,4.0,0.0,-0.008463567595108908,12206,3049.4113620807666,0.589300344093069,-0.00422682661397857,0.9904256204314937,4.0,0.00630837293134524,-0.0010567066534946424
pullback,1.5,1.0,36627,"{""family"": ""pullback"", ""min_ddv"": 10000000.0, ""min_price"": 5.0, ""regime"": ""none"", ""trend"": true, ""mom_min"": -1.0, ""rsi2_max"": 100.0, ""rsi14_max"": 100.0, ""ret21_max"": 1.0, ""dist_ema20_max"": 1.0, ""dist_ema50_min"": -1.0, ""dist_hh60_min"": -1.0, ""atr_ratio_max"": 10.0, ""vol_ratio_min"": 0.0, ""up_close"": true, ""strong_close"": false}",13269,1894.0887759092686,0.5516617680307484,0.047642014781583565,1.0966972593861186,5.0,0.0,0.009528402956316713,10146,2534.7638603696096,0.5176424206583875,-0.019234389650854514,0.963478071847751,5.0,0.0,-0.003846877930170903,12206,3049.4113620807666,0.5249877109618221,0.008941715659180819,1.0174498056171322,5.0,0.007783057512698673,0.0017883431318361637
pullback,1.5,1.5,36627,"{""family"": ""pullback"", ""min_ddv"": 10000000.0, ""min_price"": 5.0, ""regime"": ""none"", ""trend"": true, ""mom_min"": -1.0, ""rsi2_max"": 100.0, ""rsi14_max"": 100.0, ""ret21_max"": 1.0, ""dist_ema20_max"": 1.0, ""dist_ema50_min"": -1.0, ""dist_hh60_min"": -1.0, ""atr_ratio_max"": 10.0, ""vol_ratio_min"": 0.0, ""up_close"": true, ""strong_close"": false}",13269,1894.0887759092686,0.45391514055316906,0.07374952490028783,1.1227434397652023,7.0,0.0,0.010535646414326832,10146,2534.7638603696096,0.42065838754188845,-0.0044654079464279866,0.9929354317038626,7.0,0.0,-0.0006379154209182838,12206,3049.4113620807666,0.4309356054399476,0.026443779193112922,1.0428157895401344,7.0,0.012452892020317876,0.0037776827418732747
pullback,1.5,2.0,36627,"{""family"": ""pullback"", ""min_ddv"": 10000000.0, ""min_price"": 5.0, ""regime"": ""none"", ""trend"": true, ""mom_min"": -1.0, ""rsi2_max"": 100.0, ""rsi14_max"": 100.0, ""ret21_max"": 1.0, ""dist_ema20_max"": 1.0, ""dist_ema50_min"": -1.0, ""dist_hh60_min"": -1.0, ""atr_ratio_max"": 10.0, ""vol_ratio_min"": 0.0, ""up_close"": true, ""strong_close"": false}",13269,1894.0887759092686,0.38774587384128417,0.0981140959181709,1.145281394261434,9.0,0.0,0.0109015662131301,10146,2534.7638603696096,0.3633944411590775,0.02583855684761186,1.0370224591345767,9.0,0.0,0.0028709507608457624,12206,3049.4113620807666,0.3739144682942815,0.06083283795838282,1.0892951199000678,8.0,0.015484188104211044,0.007604104744797852
pullback,1.5,3.0,36627,"{""family"": ""pullback"", ""min_ddv"": 10000000.0, ""min_price"": 5.0, ""regime"": ""none"", ""trend"": true, ""mom_min"": -1.0, ""rsi2_max"": 100.0, ""rsi14_max"": 100.0, ""ret21_max"": 1.0, ""dist_ema20_max"": 1.0, ""dist_ema50_min"": -1.0, ""dist_hh60_min"": -1.0, ""atr_ratio_max"": 10.0, ""vol_ratio_min"": 0.0, ""up_close"": true, ""strong_close"": false}",13269,1894.0887759092686,0.3084633355942422,0.1629534523807071,1.2125207977218715,12.0,0.0,0.013579454365058925,10146,2534.7638603696096,0.28533412182140744,0.0764489209349068,1.0974911169036345,11.0,0.0,0.006949901903173345,12206,3049.4113620807666,0.3013272161232181,0.11802915253775982,1.1545640283197591,10.0,0.022284122562674095,0.011802915253775982
pullback,2.0,0.5,36627,"{""family"": ""pullback"", ""min_ddv"": 10000000.0, ""min_price"": 5.0, ""regime"": ""none"", ""trend"": true, ""mom_min"": -1.0, ""rsi2_max"": 100.0, ""rsi14_max"": 100.0, ""ret21_max"": 1.0, ""dist_ema20_max"": 1.0, ""dist_ema50_min"": -1.0, ""dist_hh60_min"": -1.0, ""atr_ratio_max"": 10.0, ""vol_ratio_min"": 0.0, ""up_close"": true, ""strong_close"": false}",13154,1877.6730543605788,0.7153717500380112,0.03419101702860292,1.1111925174956705,4.0,0.0,0.00854775425715073,9725,2429.5859000684463,0.6844215938303342,-0.00934368633924136,0.9724682335291773,4.0,0.0,-0.00233592158481034,11665,2914.2539356605066,0.6928418345477926,0.01765275340781909,1.0544696575044434,4.0,0.007458208315473639,0.004413188351954773
pullback,2.0,0.75,36627,"{""family"": ""pullback"", ""min_ddv"": 10000000.0, ""min_price"": 5.0, ""regime"": ""none"", ""trend"": true, ""mom_min"": -1.0, ""rsi2_max"": 100.0, ""rsi14_max"": 100.0, ""ret21_max"": 1.0, ""dist_ema20_max"": 1.0, ""dist_ema50_min"": -1.0, ""dist_hh60_min"": -1.0, ""atr_ratio_max"": 10.0, ""vol_ratio_min"": 0.0, ""up_close"": true, ""strong_close"": false}",13154,1877.6730543605788,0.6258172419036034,0.05597312522395335,1.1384045912169818,6.0,0.0,0.009328854203992225,9725,2429.5859000684463,0.5958868894601542,0.0022424397481397487,1.0051510125843741,6.0,0.0,0.00037373995802329144,11665,2914.2539356605066,0.6105443634804972,0.04364938857053483,1.1060641132170113,6.0,0.01063009001285898,0.007274898095089139
pullback,2.0,1.0,36627,"{""family"": ""pullback"", ""min_ddv"": 10000000.0, ""min_price"": 5.0, ""regime"": ""none"", ""trend"": true, ""mom_min"": -1.0, ""rsi2_max"": 100.0, ""rsi14_max"": 100.0, ""ret21_max"": 1.0, ""dist_ema20_max"": 1.0, ""dist_ema50_min"": -1.0, ""dist_hh60_min"": -1.0, ""atr_ratio_max"": 10.0, ""vol_ratio_min"": 0.0, ""up_close"": true, ""strong_close"": false}",13154,1877.6730543605788,0.5625665196898282,0.08347013979667268,1.1762978914288258,8.0,0.0,0.010433767474584086,9725,2429.5859000684463,0.5297686375321337,0.01755869833664929,1.0346794339800602,8.0,0.0,0.002194837292081161,11665,2914.2539356605066,0.5436776682383198,0.05809513227782571,1.1197133958586734,8.0,0.014316330904414917,0.0072618915347282135
pullback,2.0,1.5,36627,"{""family"": ""pullback"", ""min_ddv"": 10000000.0, ""min_price"": 5.0, ""regime"": ""none"", ""trend"": true, ""mom_min"": -1.0, ""rsi2_max"": 100.0, ""rsi14_max"": 100.0, ""ret21_max"": 1.0, ""dist_ema20_max"": 1.0, ""dist_ema50_min"": -1.0, ""dist_hh60_min"": -1.0, ""atr_ratio_max"": 10.0, ""vol_ratio_min"": 0.0, ""up_close"": true, ""strong_close"": false}",13154,1877.6730543605788,0.46464953626273375,0.11500856663613569,1.198181563307239,11.0,0.0,0.010455324239648699,9725,2429.5859000684463,0.4377377892030848,0.047869212746583345,1.0789998223565758,11.0,0.0,0.004351746613325758,11665,2914.2539356605066,0.4583797685383626,0.10623258436335113,1.1841023855992994,11.0,0.020660094299185597,0.009657507669395557
pullback,2.0,2.0,36627,"{""family"": ""pullback"", ""min_ddv"": 10000000.0, ""min_price"": 5.0, ""regime"": ""none"", ""trend"": true, ""mom_min"": -1.0, ""rsi2_max"": 100.0, ""rsi14_max"": 100.0, ""ret21_max"": 1.0, ""dist_ema20_max"": 1.0, ""dist_ema50_min"": -1.0, ""dist_hh60_min"": -1.0, ""atr_ratio_max"": 10.0, ""vol_ratio_min"": 0.0, ""up_close"": true, ""strong_close"": false}",13154,1877.6730543605788,0.4032233541128174,0.15921031707120636,1.2454931105021945,14.0,0.0,0.011372165505086169,9725,2429.5859000684463,0.3741902313624679,0.07499732026840007,1.111168298074336,14.0,0.0,0.005356951447742862,11665,2914.2539356605066,0.4018002571795971,0.14861372104141177,1.232319873611721,14.0,0.026489498499785685,0.010615265788672269
pullback,2.0,3.0,36627,"{""family"": ""pullback"", ""min_ddv"": 10000000.0, ""min_price"": 5.0, ""regime"": ""none"", ""trend"": true, ""mom_min"": -1.0, ""rsi2_max"": 100.0, ""rsi14_max"": 100.0, ""ret21_max"": 1.0, ""dist_ema20_max"": 1.0, ""dist_ema50_min"": -1.0, ""dist_hh60_min"": -1.0, ""atr_ratio_max"": 10.0, ""vol_ratio_min"": 0.0, ""up_close"": true, ""strong_close"": false}",13154,1877.6730543605788,0.32803709898129846,0.24846852313757756,1.3379226196004907,20.0,0.0,0.012423426156878878,9725,2429.5859000684463,0.30097686375321336,0.15588937972059103,1.2070252805693764,19.0,0.0,0.00820470419582058,11665,2914.2539356605066,0.33621945992284613,0.24792532320672733,1.3473213694741888,18.0,0.03977711101585941,0.013773629067040407
pullback,3.0,0.5,36627,"{""family"": ""pullback"", ""min_ddv"": 10000000.0, ""min_price"": 5.0, ""regime"": ""none"", ""trend"": true, ""mom_min"": -1.0, ""rsi2_max"": 100.0, ""rsi14_max"": 100.0, ""ret21_max"": 1.0, ""dist_ema20_max"": 1.0, ""dist_ema50_min"": -1.0, ""dist_hh60_min"": -1.0, ""atr_ratio_max"": 10.0, ""vol_ratio_min"": 0.0, ""up_close"": true, ""strong_close"": false}",12646,1805.1583887368008,0.7282935315514787,0.06755990842332164,1.2325740234879696,7.0,0.0,0.00965141548904595,8457,2112.8028747433264,0.7065153127586614,0.03202818076903706,1.102197297131119,8.0,0.0,0.0040035225961296324,10078,2517.775496235455,0.7144274657670172,0.05583180335434588,1.1862980068555686,8.0,0.007045048620758087,0.006978975419293235
pullback,3.0,0.75,36627,"{""family"": ""pullback"", ""min_ddv"": 10000000.0, ""min_price"": 5.0, ""regime"": ""none"", ""trend"": true, ""mom_min"": -1.0, ""rsi2_max"": 100.0, ""rsi14_max"": 100.0, ""ret21_max"": 1.0, ""dist_ema20_max"": 1.0, ""dist_ema50_min"": -1.0, ""dist_hh60_min"": -1.0, ""atr_ratio_max"": 10.0, ""vol_ratio_min"": 0.0, ""up_close"": true, ""strong_close"": false}",12646,1805.1583887368008,0.6451842479835521,0.1019874101029747,1.2695673385918047,12.0,0.0,0.008498950841914559,8457,2112.8028747433264,0.6201962870994443,0.05842494899181086,1.1448349813652932,12.0,0.0,0.004868745749317571,10078,2517.775496235455,0.6332605675729311,0.09097932753138024,1.2359216695745259,12.0,0.013990871204604087,0.007581610627615021
pullback,3.0,1.0,36627,"{""family"": ""pullback"", ""min_ddv"": 10000000.0, ""min_price"": 5.0, ""regime"": ""none"", ""trend"": true, ""mom_min"": -1.0, ""rsi2_max"": 100.0, ""rsi14_max"": 100.0, ""ret21_max"": 1.0, ""dist_ema20_max"": 1.0, ""dist_ema50_min"": -1.0, ""dist_hh60_min"": -1.0, ""atr_ratio_max"": 10.0, ""vol_ratio_min"": 0.0, ""up_close"": true, ""strong_close"": false}",12646,1805.1583887368008,0.5813696030365333,0.13297488289397116,1.297666478186737,16.0,0.0,0.008310930180873198,8457,2112.8028747433264,0.5624926096724607,0.09678869313279541,1.2087523484136633,16.0,0.0,0.006049293320799713,10078,2517.775496235455,0.5784877951974599,0.1332268547051111,1.3001560311541058,15.0,0.019448303234768802,0.008881790313674072
pullback,3.0,1.5,36627,"{""family"": ""pullback"", ""min_ddv"": 10000000.0, ""min_price"": 5.0, ""regime"": ""none"", ""trend"": true, ""mom_min"": -1.0, ""rsi2_max"": 100.0, ""rsi14_max"": 100.0, ""ret21_max"": 1.0, ""dist_ema20_max"": 1.0, ""dist_ema50_min"": -1.0, ""dist_hh60_min"": -1.0, ""atr_ratio_max"": 10.0, ""vol_ratio_min"": 0.0, ""up_close"": true, ""strong_close"": false}",12646,1805.1583887368008,0.4948600347936106,0.20374107478768103,1.3776203816784207,23.0,0.0,0.008858307599464392,8457,2112.8028747433264,0.4687241338536124,0.14378877050303007,1.255807021494453,23.0,0.0,0.006251685674044786,10078,2517.775496235455,0.5005953562214726,0.20608759706700266,1.3911607347098405,22.0,0.03294304425481246,0.009367618048500122
pullback,3.0,2.0,36627,"{""family"": ""pullback"", ""min_ddv"": 10000000.0, ""min_price"": 5.0, ""regime"": ""none"", ""trend"": true, ""mom_min"": -1.0, ""rsi2_max"": 100.0, ""rsi14_max"": 100.0, ""ret21_max"": 1.0, ""dist_ema20_max"": 1.0, ""dist_ema50_min"": -1.0, ""dist_hh60_min"": -1.0, ""atr_ratio_max"": 10.0, ""vol_ratio_min"": 0.0, ""up_close"": true, ""strong_close"": false}",12646,1805.1583887368008,0.4382413411355369,0.27189995763857794,1.4512423214256078,31.0,0.00023722916337181717,0.008770966375437998,8457,2112.8028747433264,0.41326711599858107,0.21177680435377016,1.341410236303246,29.0,0.0,0.007302648425992075,10078,2517.775496235455,0.45435602302044054,0.2874656639441066,1.4973300532358154,27.0,0.04494939472117484,0.010646876442374319
pullback,3.0,3.0,36627,"{""family"": ""pullback"", ""min_ddv"": 10000000.0, ""min_price"": 5.0, ""regime"": ""none"", ""trend"": true, ""mom_min"": -1.0, ""rsi2_max"": 100.0, ""rsi14_max"": 100.0, ""ret21_max"": 1.0, ""dist_ema20_max"": 1.0, ""dist_ema50_min"": -1.0, ""dist_hh60_min"": -1.0, ""atr_ratio_max"": 10.0, ""vol_ratio_min"": 0.0, ""up_close"": true, ""strong_close"": false}",12646,1805.1583887368008,0.3577415783647003,0.378230654477086,1.545478760301269,43.0,0.0011861458168590858,0.008796061732025256,8457,2112.8028747433264,0.3206810925860234,0.23956816690913124,1.332236730454262,41.0,0.0039020929407591345,0.0058431260221739325,10078,2517.775496235455,0.3939273665409804,0.421439469971409,1.655880907836733,36.0,0.0758086922008335,0.01170665194365025
pullback,1.0,0.5,32609,"{""family"": ""pullback"", ""min_ddv"": 10000000.0, ""min_price"": 5.0, ""regime"": ""none"", ""trend"": true, ""mom_min"": 0.0, ""rsi2_max"": 100.0, ""rsi14_max"": 100.0, ""ret21_max"": 1.0, ""dist_ema20_max"": 1.0, ""dist_ema50_min"": -1.0, ""dist_hh60_min"": -1.0, ""atr_ratio_max"": 10.0, ""vol_ratio_min"": 0.0, ""up_close"": true, ""strong_close"": false}",11736,1675.260070394994,0.6919734151329243,-0.05594508394683149,0.8394691789490992,2.0,0.0,-0.027972541973415744,9319,2328.15537303217,0.655220517222878,-0.08405971376204002,0.7795172840810378,2.0,0.0,-0.04202985688102001,11372,2841.054072553046,0.6671649665845938,-0.058560266801618556,0.8398276119998271,2.0,0.0017587055926837848,-0.029280133400809278
pullback,1.0,0.75,32609,"{""family"": ""pullback"", ""min_ddv"": 10000000.0, ""min_price"": 5.0, ""regime"": ""none"", ""trend"": true, ""mom_min"": 0.0, ""rsi2_max"": 100.0, ""rsi14_max"": 100.0, ""ret21_max"": 1.0, ""dist_ema20_max"": 1.0, ""dist_ema50_min"": -1.0, ""dist_hh60_min"": -1.0, ""atr_ratio_max"": 10.0, ""vol_ratio_min"": 0.0, ""up_close"": true, ""strong_close"": false}",11736,1675.260070394994,0.6097477845944104,-0.027203464471998586,0.9387685316964139,2.0,0.0,-0.013601732235999293,9319,2328.15537303217,0.5723790106234574,-0.06773698971019478,0.8572776713905219,2.0,0.0,-0.03386849485509739,11372,2841.054072553046,0.5786141399929652,-0.04495552970644688,0.9029800910474352,2.0,0.0024621878297572987,-0.02247776485322344
pullback,1.0,1.0,32609,"{""family"": ""pullback"", ""min_ddv"": 10000000.0, ""min_price"": 5.0, ""regime"": ""none"", ""trend"": true, ""mom_min"": 0.0, ""rsi2_max"": 100.0, ""rsi14_max"": 100.0, ""ret21_max"": 1.0, ""dist_ema20_max"": 1.0, ""dist_ema50_min"": -1.0, ""dist_hh60_min"": -1.0, ""atr_ratio_max"": 10.0, ""vol_ratio_min"": 0.0, ""up_close"": true, ""strong_close"": false}",11736,1675.260070394994,0.5444785276073619,-0.0023196729663318887,0.9955292908836947,3.0,0.0,-0.0007732243221106296,9319,2328.15537303217,0.5086382659083593,-0.05612270893918512,0.8978068080378218,3.0,0.0,-0.01870756964639504,11372,2841.054072553046,0.5105522335561027,-0.03986524542277252,0.9262177571418705,3.0,0.0035174111853675696,-0.013288415140924173
pullback,1.0,1.5,32609,"{""family"": ""pullback"", ""min_ddv"": 10000000.0, ""min_price"": 5.0, ""regime"": ""none"", ""trend"": true, ""mom_min"": 0.0, ""rsi2_max"": 100.0, ""rsi14_max"": 100.0, ""ret21_max"": 1.0, ""dist_ema20_max"": 1.0, ""dist_ema50_min"": -1.0, ""dist_hh60_min"": -1.0, ""atr_ratio_max"": 10.0, ""vol_ratio_min"": 0.0, ""up_close"": true, ""strong_close"": false}",11736,1675.260070394994,0.44930129516019085,0.0309504170863212,1.0493040399408018,4.0,0.0,0.0077376042715803,9319,2328.15537303217,0.4104517652108595,-0.05512757600196371,0.9162728591317753,4.0,0.0,-0.013781894000490928,11372,2841.054072553046,0.41971508969398524,-0.0221683080283593,0.965647247935045,4.0,0.005100246218782975,-0.005542077007089825
pullback,1.0,2.0,32609,"{""family"": ""pullback"", ""min_ddv"": 10000000.0, ""min_price"": 5.0, ""regime"": ""none"", ""trend"": true, ""mom_min"": 0.0, ""rsi2_max"": 100.0, ""rsi14_max"": 100.0, ""ret21_max"": 1.0, ""dist_ema20_max"": 1.0, ""dist_ema50_min"": -1.0, ""dist_hh60_min"": -1.0, ""atr_ratio_max"": 10.0, ""vol_ratio_min"": 0.0, ""up_close"": true, ""strong_close"": false}",11736,1675.260070394994,0.3864178595773688,0.06366779359319205,1.0911402112565314,5.0,0.0,0.01273355871863841,9319,2328.15537303217,0.34209679150123407,-0.059567494185227714,0.9190507786747762,4.0,0.0,-0.014891873546306928,11372,2841.054072553046,0.3538515652479775,-0.01789911229128322,0.975200618244356,4.0,0.007210692930003517,-0.004474778072820805
pullback,1.0,3.0,32609,"{""family"": ""pullback"", ""min_ddv"": 10000000.0, ""min_price"": 5.0, ""regime"": ""none"", ""trend"": true, ""mom_min"": 0.0, ""rsi2_max"": 100.0, ""rsi14_max"": 100.0, ""ret21_max"": 1.0, ""dist_ema20_max"": 1.0, ""dist_ema50_min"": -1.0, ""dist_hh60_min"": -1.0, ""atr_ratio_max"": 10.0, ""vol_ratio_min"": 0.0, ""up_close"": true, ""strong_close"": false}",11736,1675.260070394994,0.3012951601908657,0.10021544359405642,1.1252336930249842,6.0,0.0,0.016702573932342736,9319,2328.15537303217,0.26633758987015776,-0.030480351859836184,0.963178433339486,6.0,0.0,-0.005080058643306031,11372,2841.054072553046,0.27655645444952515,0.008035161113114909,1.00987000100771,5.0,0.01037636299683433,0.0016070322226229817
pullback,1.5,0.5,32609,"{""family"": ""pullback"", ""min_ddv"": 10000000.0, ""min_price"": 5.0, ""regime"": ""none"", ""trend"": true, ""mom_min"": 0.0, ""rsi2_max"": 100.0, ""rsi14_max"": 100.0, ""ret21_max"": 1.0, ""dist_ema20_max"": 1.0, ""dist_ema50_min"": -1.0, ""dist_hh60_min"": -1.0, ""atr_ratio_max"": 10.0, ""vol_ratio_min"": 0.0, ""up_close"": true, ""strong_close"": false}",11680,1667.266327727806,0.7116438356164384,0.010687558675151244,1.0337756957364495,3.0,0.0,0.0035625195583837478,8976,2242.4640657084187,0.6725713012477719,-0.038972188628059255,0.89082605411424,3.0,0.0,-0.012990729542686418,10985,2744.3702943189596,0.6765589440145653,-0.01839769830531227,0.9469589987500838,3.0,0.003823395539371871,-0.006132566101770757
pullback,1.5,0.75,32609,"{""family"": ""pullback"", ""min_ddv"": 10000000.0, ""min_price"": 5.0, ""regime"": ""none"", ""trend"": true, ""mom_min"": 0.0, ""rsi2_max"": 100.0, ""rsi14_max"": 100.0, ""ret21_max"": 1.0, ""dist_ema20_max"": 1.0, ""dist_ema50_min"": -1.0, ""dist_hh60_min"": -1.0, ""atr_ratio_max"": 10.0, ""vol_ratio_min"": 0.0, ""up_close"": true, ""strong_close"": false}",11680,1667.266327727806,0.626541095890411,0.04369359601378051,1.1066684214065432,4.0,0.0,0.010923399003445128,8976,2242.4640657084187,0.5783199643493762,-0.04084840864104753,0.9114493621575692,4.0,0.0,-0.010212102160261883,10985,2744.3702943189596,0.5897132453345472,-0.0031613717896962165,0.9928337172386762,4.0,0.006645425580336823,-0.0007903429474240541
pullback,1.5,1.0,32609,"{""family"": ""pullback"", ""min_ddv"": 10000000.0, ""min_price"": 5.0, ""regime"": ""none"", ""trend"": true, ""mom_min"": 0.0, ""rsi2_max"": 100.0, ""rsi14_max"": 100.0, ""ret21_max"": 1.0, ""dist_ema20_max"": 1.0, ""dist_ema50_min"": -1.0, ""dist_hh60_min"": -1.0, ""atr_ratio_max"": 10.0, ""vol_ratio_min"": 0.0, ""up_close"": true, ""strong_close"": false}",11680,1667.266327727806,0.5582191780821918,0.06217401350672147,1.1283931410677468,5.0,0.0,0.012434802701344293,8976,2242.4640657084187,0.5150401069518716,-0.025893413569761225,0.9511085049003221,5.0,0.0,-0.005178682713952245,10985,2744.3702943189596,0.5257168866636323,0.010220985190844177,1.0199772821701523,5.0,0.00810195721438325,0.0020441970381688355
pullback,1.5,1.5,32609,"{""family"": ""pullback"", ""min_ddv"": 10000000.0, ""min_price"": 5.0, ""regime"": ""none"", ""trend"": true, ""mom_min"": 0.0, ""rsi2_max"": 100.0, ""rsi14_max"": 100.0, ""ret21_max"": 1.0, ""dist_ema20_max"": 1.0, ""dist_ema50_min"": -1.0, ""dist_hh60_min"": -1.0, ""atr_ratio_max"": 10.0, ""vol_ratio_min"": 0.0, ""up_close"": true, ""strong_close"": false}",11680,1667.266327727806,0.46087328767123287,0.09180528582941444,1.155141667561007,7.0,0.0,0.013115040832773492,8976,2242.4640657084187,0.41700089126559714,-0.014192782985194143,0.9776916847482402,7.0,0.0,-0.002027540426456306,10985,2744.3702943189596,0.4316795630405098,0.02888702201416573,1.046826150783435,7.0,0.012562585343650432,0.004126717430595104
pullback,1.5,2.0,32609,"{""family"": ""pullback"", ""min_ddv"": 10000000.0, ""min_price"": 5.0, ""regime"": ""none"", ""trend"": true, ""mom_min"": 0.0, ""rsi2_max"": 100.0, ""rsi14_max"": 100.0, ""ret21_max"": 1.0, ""dist_ema20_max"": 1.0, ""dist_ema50_min"": -1.0, ""dist_hh60_min"": -1.0, ""atr_ratio_max"": 10.0, ""vol_ratio_min"": 0.0, ""up_close"": true, ""strong_close"": false}",11680,1667.266327727806,0.39648972602739724,0.12532840251420563,1.188672380653067,9.0,0.0,0.01392537805713396,8976,2242.4640657084187,0.3601827094474153,0.015186070489544958,1.0216297980177975,9.0,0.0,0.0016873411655049953,10985,2744.3702943189596,0.3747837960855712,0.06405489447827772,1.094091117861054,8.0,0.015566681838871188,0.008006861809784716
pullback,1.5,3.0,32609,"{""family"": ""pullback"", ""min_ddv"": 10000000.0, ""min_price"": 5.0, ""regime"": ""none"", ""trend"": true, ""mom_min"": 0.0, ""rsi2_max"": 100.0, ""rsi14_max"": 100.0, ""ret21_max"": 1.0, ""dist_ema20_max"": 1.0, ""dist_ema50_min"": -1.0, ""dist_hh60_min"": -1.0, ""atr_ratio_max"": 10.0, ""vol_ratio_min"": 0.0, ""up_close"": true, ""strong_close"": false}",11680,1667.266327727806,0.3167808219178082,0.19749437381395024,1.261177922827013,12.0,0.0,0.016457864484495852,8976,2242.4640657084187,0.2820855614973262,0.06262331406304884,1.0793922991775828,11.0,0.0,0.005693028551186258,10985,2744.3702943189596,0.3015020482476104,0.11924146022195406,1.1560868983011958,11.0,0.022485207100591716,0.01084013274745037
pullback,2.0,0.5,32609,"{""family"": ""pullback"", ""min_ddv"": 10000000.0, ""min_price"": 5.0, ""regime"": ""none"", ""trend"": true, ""mom_min"": 0.0, ""rsi2_max"": 100.0, ""rsi14_max"": 100.0, ""ret21_max"": 1.0, ""dist_ema20_max"": 1.0, ""dist_ema50_min"": -1.0, ""dist_hh60_min"": -1.0, ""atr_ratio_max"": 10.0, ""vol_ratio_min"": 0.0, ""up_close"": true, ""strong_close"": false}",11570,1651.5643332029722,0.7210890233362144,0.044182338958106394,1.1468371864019609,4.0,0.0,0.011045584739526599,8588,2145.5304585900067,0.6819981369352585,-0.014051432456190234,0.9589770474374335,4.0,0.0,-0.0035128581140475585,10482,2618.70636550308,0.6942377408891433,0.020173093590957595,1.0624725724895607,4.0,0.007822934554474336,0.005043273397739399
pullback,2.0,0.75,32609,"{""family"": ""pullback"", ""min_ddv"": 10000000.0, ""min_price"": 5.0, ""regime"": ""none"", ""trend"": true, ""mom_min"": 0.0, ""rsi2_max"": 100.0, ""rsi14_max"": 100.0, ""ret21_max"": 1.0, ""dist_ema20_max"": 1.0, ""dist_ema50_min"": -1.0, ""dist_hh60_min"": -1.0, ""atr_ratio_max"": 10.0, ""vol_ratio_min"": 0.0, ""up_close"": true, ""strong_close"": false}",11570,1651.5643332029722,0.6317199654278306,0.06780473780568656,1.1709487241468113,6.0,0.0,0.011300789634281093,8588,2145.5304585900067,0.5928039124359572,-0.004364107174664957,0.9900548428385724,6.0,0.0,-0.0007273511957774928,10482,2618.70636550308,0.6120015264262545,0.045803318677866814,1.1116431742323571,6.0,0.010684983781721046,0.007633886446311136
pullback,2.0,1.0,32609,"{""family"": ""pullback"", ""min_ddv"": 10000000.0, ""min_price"": 5.0, ""regime"": ""none"", ""trend"": true, ""mom_min"": 0.0, ""rsi2_max"": 100.0, ""rsi14_max"": 100.0, ""ret21_max"": 1.0, ""dist_ema20_max"": 1.0, ""dist_ema50_min"": -1.0, ""dist_hh60_min"": -1.0, ""atr_ratio_max"": 10.0, ""vol_ratio_min"": 0.0, ""up_close"": true, ""strong_close"": false}",11570,1651.5643332029722,0.5683664649956784,0.09602921737737487,1.2062677945656344,8.0,0.0,0.012003652172171858,8588,2145.5304585900067,0.5257335817419655,0.008455927928479358,1.016567138886923,8.0,0.0,0.0010569909910599197,10482,2618.70636550308,0.5454111810723145,0.06174781416761356,1.1276351769794597,8.0,0.014119442854417096,0.007718476770951695
pullback,2.0,1.5,32609,"{""family"": ""pullback"", ""min_ddv"": 10000000.0, ""min_price"": 5.0, ""regime"": ""none"", ""trend"": true, ""mom_min"": 0.0, ""rsi2_max"": 100.0, ""rsi14_max"": 100.0, ""ret21_max"": 1.0, ""dist_ema20_max"": 1.0, ""dist_ema50_min"": -1.0, ""dist_hh60_min"": -1.0, ""atr_ratio_max"": 10.0, ""vol_ratio_min"": 0.0, ""up_close"": true, ""strong_close"": false}",11570,1651.5643332029722,0.473552290406223,0.13829018434176196,1.2429027933138752,11.0,0.0,0.012571834940160178,8588,2145.5304585900067,0.4345598509548207,0.03880453377620107,1.0636737433714032,11.0,0.0,0.003527684888745552,10482,2618.70636550308,0.46021751574127073,0.1117596714115265,1.1941580129097835,11.0,0.020415951154359856,0.010159970128320591
pullback,2.0,2.0,32609,"{""family"": ""pullback"", ""min_ddv"": 10000000.0, ""min_price"": 5.0, ""regime"": ""none"", ""trend"": true, ""mom_min"": 0.0, ""rsi2_max"": 100.0, ""rsi14_max"": 100.0, ""ret21_max"": 1.0, ""dist_ema20_max"": 1.0, ""dist_ema50_min"": -1.0, ""dist_hh60_min"": -1.0, ""atr_ratio_max"": 10.0, ""vol_ratio_min"": 0.0, ""up_close"": true, ""strong_close"": false}",11570,1651.5643332029722,0.41192739844425236,0.1857436453731329,1.2912739300614389,14.0,0.0,0.013267403240938063,8588,2145.5304585900067,0.3715649743828598,0.06646747458699832,1.0980680272522574,14.0,0.0,0.004747676756214166,10482,2618.70636550308,0.4028811295554284,0.15253217192334645,1.2387305604153835,14.0,0.02633085289066972,0.010895155137381889
pullback,2.0,3.0,32609,"{""family"": ""pullback"", ""min_ddv"": 10000000.0, ""min_price"": 5.0, ""regime"": ""none"", ""trend"": true, ""mom_min"": 0.0, ""rsi2_max"": 100.0, ""rsi14_max"": 100.0, ""ret21_max"": 1.0, ""dist_ema20_max"": 1.0, ""dist_ema50_min"": -1.0, ""dist_hh60_min"": -1.0, ""atr_ratio_max"": 10.0, ""vol_ratio_min"": 0.0, ""up_close"": true, ""strong_close"": false}",11570,1651.5643332029722,0.3347450302506482,0.2771729076402593,1.3821493259102902,20.0,0.0,0.013858645382012966,8588,2145.5304585900067,0.29890544946436887,0.14807170440694087,1.1959794839493643,18.0,0.0,0.008226205800385604,10482,2618.70636550308,0.3379126120969281,0.2562538428217558,1.3600367542419256,18.0,0.04006868918145392,0.014236324601208654
pullback,3.0,0.5,32609,"{""family"": ""pullback"", ""min_ddv"": 10000000.0, ""min_price"": 5.0, ""regime"": ""none"", ""trend"": true, ""mom_min"": 0.0, ""rsi2_max"": 100.0, ""rsi14_max"": 100.0, ""ret21_max"": 1.0, ""dist_ema20_max"": 1.0, ""dist_ema50_min"": -1.0, ""dist_hh60_min"": -1.0, ""atr_ratio_max"": 10.0, ""vol_ratio_min"": 0.0, ""up_close"": true, ""strong_close"": false}",11122,1587.6143918654673,0.7342204639453336,0.07699362396689542,1.2714171761511182,7.0,0.0,0.010999089138127917,7437,1857.977412731006,0.7053919591233024,0.030035851354469283,1.0955939945423248,8.0,0.0,0.0037544814193086603,9008,2250.4585900068446,0.7159191829484902,0.0581161546533688,1.195173094100178,8.0,0.0066607460035523975,0.0072645193316711
pullback,3.0,0.75,32609,"{""family"": ""pullback"", ""min_ddv"": 10000000.0, ""min_price"": 5.0, ""regime"": ""none"", ""trend"": true, ""mom_min"": 0.0, ""rsi2_max"": 100.0, ""rsi14_max"": 100.0, ""ret21_max"": 1.0, ""dist_ema20_max"": 1.0, ""dist_ema50_min"": -1.0, ""dist_hh60_min"": -1.0, ""atr_ratio_max"": 10.0, ""vol_ratio_min"": 0.0, ""up_close"": true, ""strong_close"": false}",11122,1587.6143918654673,0.6532997662290955,0.11645501254418825,1.315534342984032,12.0,0.0,0.009704584378682353,7437,1857.977412731006,0.617722199811752,0.05367689675402246,1.1324120647443883,12.0,0.0,0.004473074729501872,9008,2250.4585900068446,0.636101243339254,0.0971060123965135,1.253954402557477,12.0,0.013321492007104795,0.008092167699709458
pullback,3.0,1.0,32609,"{""family"": ""pullback"", ""min_ddv"": 10000000.0, ""min_price"": 5.0, ""regime"": ""none"", ""trend"": true, ""mom_min"": 0.0, ""rsi2_max"": 100.0, ""rsi14_max"": 100.0, ""ret21_max"": 1.0, ""dist_ema20_max"": 1.0, ""dist_ema50_min"": -1.0, ""dist_hh60_min"": -1.0, ""atr_ratio_max"": 10.0, ""vol_ratio_min"": 0.0, ""up_close"": true, ""strong_close"": false}",11122,1587.6143918654673,0.591440388419349,0.15344135316122334,1.3523559084444885,15.0,0.0,0.010229423544081555,7437,1857.977412731006,0.5599031867688584,0.09151252214902582,1.1964738634259882,16.0,0.0,0.005719532634314114,9008,2250.4585900068446,0.581816163410302,0.14175330643029319,1.3220200903438692,15.0,0.018539076376554175,0.009450220428686212
pullback,3.0,1.5,32609,"{""family"": ""pullback"", ""min_ddv"": 10000000.0, ""min_price"": 5.0, ""regime"": ""none"", ""trend"": true, ""mom_min"": 0.0, ""rsi2_max"": 100.0, ""rsi14_max"": 100.0, ""ret21_max"": 1.0, ""dist_ema20_max"": 1.0, ""dist_ema50_min"": -1.0, ""dist_hh60_min"": -1.0, ""atr_ratio_max"": 10.0, ""vol_ratio_min"": 0.0, ""up_close"": true, ""strong_close"": false}",11122,1587.6143918654673,0.5051249775220285,0.22924941060756848,1.4339537054289022,24.0,0.0,0.009552058775315354,7437,1857.977412731006,0.4672583030791986,0.14052772059536095,1.249562444409733,23.0,0.0,0.0061099008954504765,9008,2250.4585900068446,0.5031083481349912,0.21439985930129454,1.4093013275207311,22.0,0.03263765541740675,0.009745448150058842
pullback,3.0,2.0,32609,"{""family"": ""pullback"", ""min_ddv"": 10000000.0, ""min_price"": 5.0, ""regime"": ""none"", ""trend"": true, ""mom_min"": 0.0, ""rsi2_max"": 100.0, ""rsi14_max"": 100.0, ""ret21_max"": 1.0, ""dist_ema20_max"": 1.0, ""dist_ema50_min"": -1.0, ""dist_hh60_min"": -1.0, ""atr_ratio_max"": 10.0, ""vol_ratio_min"": 0.0, ""up_close"": true, ""strong_close"": false}",11122,1587.6143918654673,0.44686207516633697,0.29840632928259936,1.503958700038351,31.0,0.000269735659054127,0.009626010622019334,7437,1857.977412731006,0.41306978620411455,0.2123760047226839,1.34260332527806,30.0,0.0,0.007079200157422796,9008,2250.4585900068446,0.458259325044405,0.3006342085681373,1.5246225116929821,28.0,0.0452930728241563,0.010736936020290617
pullback,3.0,3.0,32609,"{""family"": ""pullback"", ""min_ddv"": 10000000.0, ""min_price"": 5.0, ""regime"": ""none"", ""trend"": true, ""mom_min"": 0.0, ""rsi2_max"": 100.0, ""rsi14_max"": 100.0, ""ret21_max"": 1.0, ""dist_ema20_max"": 1.0, ""dist_ema50_min"": -1.0, ""dist_hh60_min"": -1.0, ""atr_ratio_max"": 10.0, ""vol_ratio_min"": 0.0, ""up_close"": true, ""strong_close"": false}",11122,1587.6143918654673,0.3650422585865851,0.4101325878137466,1.6000155900779245,45.0,0.0013486782952706348,0.009114057506972147,7437,1857.977412731006,0.3236520102191744,0.25271627788970563,1.352349004402975,41.0,0.0034960333467796154,0.006163811655846479,9008,2250.4585900068446,0.3964253996447602,0.4311862448787033,1.6746065927293243,37.0,0.07670959147424511,0.011653682294019007
pullback,1.0,0.5,17428,"{""family"": ""pullback"", ""min_ddv"": 10000000.0, ""min_price"": 5.0, ""regime"": ""none"", ""trend"": true, ""mom_min"": 0.15, ""rsi2_max"": 100.0, ""rsi14_max"": 100.0, ""ret21_max"": 1.0, ""dist_ema20_max"": 1.0, ""dist_ema50_min"": -1.0, ""dist_hh60_min"": -1.0, ""atr_ratio_max"": 10.0, ""vol_ratio_min"": 0.0, ""up_close"": true, ""strong_close"": false}",4903,699.8807195932734,0.6954925555782174,-0.03552148255387398,0.8959752687080921,2.0,0.0,-0.01776074127693699,5395,1347.8268309377138,0.6506024096385542,-0.0775534490222178,0.797427315664925,2.0,0.0,-0.0387767245111089,6952,1736.8104038329911,0.6599539700805523,-0.05935502214641858,0.8404246982319868,2.0,0.0018699654775604143,-0.02967751107320929
pullback,1.0,0.75,17428,"{""family"": ""pullback"", ""min_ddv"": 10000000.0, ""min_price"": 5.0, ""regime"": ""none"", ""trend"": true, ""mom_min"": 0.15, ""rsi2_max"": 100.0, ""rsi14_max"": 100.0, ""ret21_max"": 1.0, ""dist_ema20_max"": 1.0, ""dist_ema50_min"": -1.0, ""dist_hh60_min"": -1.0, ""atr_ratio_max"": 10.0, ""vol_ratio_min"": 0.0, ""up_close"": true, ""strong_close"": false}",4903,699.8807195932734,0.6110544564552315,-0.011232904550087852,0.9744757459352937,2.0,0.0,-0.005616452275043926,5395,1347.8268309377138,0.5664504170528267,-0.06452763976829096,0.864276830283769,2.0,0.0,-0.03226381988414548,6952,1736.8104038329911,0.5720655926352128,-0.046940404626491024,0.8998145774823336,2.0,0.002589182968929804,-0.023470202313245512
pullback,1.0,1.0,17428,"{""family"": ""pullback"", ""min_ddv"": 10000000.0, ""min_price"": 5.0, ""regime"": ""none"", ""trend"": true, ""mom_min"": 0.15, ""rsi2_max"": 100.0, ""rsi14_max"": 100.0, ""ret21_max"": 1.0, ""dist_ema20_max"": 1.0, ""dist_ema50_min"": -1.0, ""dist_hh60_min"": -1.0, ""atr_ratio_max"": 10.0, ""vol_ratio_min"": 0.0, ""up_close"": true, ""strong_close"": false}",4903,699.8807195932734,0.5449724658372425,0.011902755415458759,1.0231271980599164,3.0,0.0,0.003967585138486253,5395,1347.8268309377138,0.5047265987025024,-0.04804246152059125,0.9119036915372842,3.0,0.0,-0.016014153840197085,6952,1736.8104038329911,0.5005753739930955,-0.04996172210963133,0.9089779671299746,3.0,0.004027617951668585,-0.01665390736987711
pullback,1.0,1.5,17428,"{""family"": ""pullback"", ""min_ddv"": 10000000.0, ""min_price"": 5.0, ""regime"": ""none"", ""trend"": true, ""mom_min"": 0.15, ""rsi2_max"": 100.0, ""rsi14_max"": 100.0, ""ret21_max"": 1.0, ""dist_ema20_max"": 1.0, ""dist_ema50_min"": -1.0, ""dist_hh60_min"": -1.0, ""atr_ratio_max"": 10.0, ""vol_ratio_min"": 0.0, ""up_close"": true, ""strong_close"": false}",4903,699.8807195932734,0.44768509076075874,0.04263857777984433,1.0683159515646137,4.0,0.0,0.010659644444961083,5395,1347.8268309377138,0.39814643188137167,-0.07358788917419137,0.8890640245673992,4.0,0.0,-0.018396972293547843,6952,1736.8104038329911,0.40535097813578824,-0.0515840839594421,0.9218235249462869,4.0,0.005753739930955121,-0.012896020989860525
pullback,1.0,2.0,17428,"{""family"": ""pullback"", ""min_ddv"": 10000000.0, ""min_price"": 5.0, ""regime"": ""none"", ""trend"": true, ""mom_min"": 0.15, ""rsi2_max"": 100.0, ""rsi14_max"": 100.0, ""ret21_max"": 1.0, ""dist_ema20_max"": 1.0, ""dist_ema50_min"": -1.0, ""dist_hh60_min"": -1.0, ""atr_ratio_max"": 10.0, ""vol_ratio_min"": 0.0, ""up_close"": true, ""strong_close"": false}",4903,699.8807195932734,0.3850703650826025,0.07397985846513333,1.106605593346404,5.0,0.0,0.014795971693026665,5395,1347.8268309377138,0.3303058387395737,-0.08326673418567478,0.8872876910943988,4.0,0.0,-0.020816683546418694,6952,1736.8104038329911,0.3414844649021864,-0.04948429006157033,0.9325859986172549,4.0,0.007048331415420023,-0.012371072515392583
pullback,1.0,3.0,17428,"{""family"": ""pullback"", ""min_ddv"": 10000000.0, ""min_price"": 5.0, ""regime"": ""none"", ""trend"": true, ""mom_min"": 0.15, ""rsi2_max"": 100.0, ""rsi14_max"": 100.0, ""ret21_max"": 1.0, ""dist_ema20_max"": 1.0, ""dist_ema50_min"": -1.0, ""dist_hh60_min"": -1.0, ""atr_ratio_max"": 10.0, ""vol_ratio_min"": 0.0, ""up_close"": true, ""strong_close"": false}",4903,699.8807195932734,0.29308586579645113,0.07444854137929911,1.0923358469621536,6.0,0.0,0.012408090229883185,5395,1347.8268309377138,0.25801668211306766,-0.059041275756404346,0.9289681224883839,5.0,0.0,-0.01180825515128087,6952,1736.8104038329911,0.2662543153049482,-0.02894666514316425,0.9649979469134133,5.0,0.009925201380897584,-0.00578933302863285
pullback,1.5,0.5,17428,"{""family"": ""pullback"", ""min_ddv"": 10000000.0, ""min_price"": 5.0, ""regime"": ""none"", ""trend"": true, ""mom_min"": 0.15, ""rsi2_max"": 100.0, ""rsi14_max"": 100.0, ""ret21_max"": 1.0, ""dist_ema20_max"": 1.0, ""dist_ema50_min"": -1.0, ""dist_hh60_min"": -1.0, ""atr_ratio_max"": 10.0, ""vol_ratio_min"": 0.0, ""up_close"": true, ""strong_close"": false}",4848,692.0297223308564,0.7145214521452146,0.026528650897127845,1.0847582284364221,3.0,0.0,0.008842883632375948,5067,1265.88295687885,0.6615354253009671,-0.04583929330628685,0.874526445846625,3.0,0.0,-0.015279764435428951,6582,1644.3737166324436,0.6686417502278943,-0.02440735233834024,0.9313004051692436,3.0,0.004102096627164996,-0.00813578411278008
pullback,1.5,0.75,17428,"{""family"": ""pullback"", ""min_ddv"": 10000000.0, ""min_price"": 5.0, ""regime"": ""none"", ""trend"": true, ""mom_min"": 0.15, ""rsi2_max"": 100.0, ""rsi14_max"": 100.0, ""ret21_max"": 1.0, ""dist_ema20_max"": 1.0, ""dist_ema50_min"": -1.0, ""dist_hh60_min"": -1.0, ""atr_ratio_max"": 10.0, ""vol_ratio_min"": 0.0, ""up_close"": true, ""strong_close"": false}",4848,692.0297223308564,0.6221122112211221,0.04969904432169783,1.12022596477592,4.0,0.0,0.012424761080424458,5067,1265.88295687885,0.5646339056641011,-0.05345286049044873,0.8864331485148631,4.0,0.0,-0.013363215122612182,6582,1644.3737166324436,0.5777879064114251,-0.018981763766414198,0.9581507034901554,4.0,0.007900334244910361,-0.0047454409416035495
pullback,1.5,1.0,17428,"{""family"": ""pullback"", ""min_ddv"": 10000000.0, ""min_price"": 5.0, ""regime"": ""none"", ""trend"": true, ""mom_min"": 0.15, ""rsi2_max"": 100.0, ""rsi14_max"": 100.0, ""ret21_max"": 1.0, ""dist_ema20_max"": 1.0, ""dist_ema50_min"": -1.0, ""dist_hh60_min"": -1.0, ""atr_ratio_max"": 10.0, ""vol_ratio_min"": 0.0, ""up_close"": true, ""strong_close"": false}",4848,692.0297223308564,0.5556930693069307,0.06976414345276519,1.1438288375617502,5.0,0.0,0.013952828690553037,5067,1265.88295687885,0.4979277679100059,-0.05008981155667199,0.9075783218471741,5.0,0.0,-0.010017962311334398,6582,1644.3737166324436,0.5092676997872987,-0.018572672873770027,0.9649265121968007,5.0,0.009571558796718322,-0.0037145345747540055
pullback,1.5,1.5,17428,"{""family"": ""pullback"", ""min_ddv"": 10000000.0, ""min_price"": 5.0, ""regime"": ""none"", ""trend"": true, ""mom_min"": 0.15, ""rsi2_max"": 100.0, ""rsi14_max"": 100.0, ""ret21_max"": 1.0, ""dist_ema20_max"": 1.0, ""dist_ema50_min"": -1.0, ""dist_hh60_min"": -1.0, ""atr_ratio_max"": 10.0, ""vol_ratio_min"": 0.0, ""up_close"": true, ""strong_close"": false}",4848,692.0297223308564,0.46183993399339934,0.10365215796175356,1.1759669612436174,7.0,0.0,0.014807451137393365,5067,1265.88295687885,0.40043418196171304,-0.048339277576258236,0.9253363650033686,7.0,0.0,-0.006905611082322605,6582,1644.3737166324436,0.41522333637192343,-0.009139891480467292,0.9856045470764042,7.0,0.013521725919173503,-0.0013056987829238988
pullback,1.5,2.0,17428,"{""family"": ""pullback"", ""min_ddv"": 10000000.0, ""min_price"": 5.0, ""regime"": ""none"", ""trend"": true, ""mom_min"": 0.15, ""rsi2_max"": 100.0, ""rsi14_max"": 100.0, ""ret21_max"": 1.0, ""dist_ema20_max"": 1.0, ""dist_ema50_min"": -1.0, ""dist_hh60_min"": -1.0, ""atr_ratio_max"": 10.0, ""vol_ratio_min"": 0.0, ""up_close"": true, ""strong_close"": false}",4848,692.0297223308564,0.3884075907590759,0.10722027533867781,1.1594810065314491,9.0,0.0,0.011913363926519756,5067,1265.88295687885,0.3437931715018749,-0.03114281860412888,0.9565330161311372,8.0,0.0,-0.00389285232551611,6582,1644.3737166324436,0.36068064418109996,0.025344568247661133,1.036372274721011,8.0,0.016408386508659983,0.0031680710309576416
pullback,1.5,3.0,17428,"{""family"": ""pullback"", ""min_ddv"": 10000000.0, ""min_price"": 5.0, ""regime"": ""none"", ""trend"": true, ""mom_min"": 0.15, ""rsi2_max"": 100.0, ""rsi14_max"": 100.0, ""ret21_max"": 1.0, ""dist_ema20_max"": 1.0, ""dist_ema50_min"": -1.0, ""dist_hh60_min"": -1.0, ""atr_ratio_max"": 10.0, ""vol_ratio_min"": 0.0, ""up_close"": true, ""strong_close"": false}",4848,692.0297223308564,0.3001237623762376,0.1376412888039878,1.177635037202013,12.0,0.0,0.011470107400332316,5067,1265.88295687885,0.26899546082494574,0.01257562263519012,1.0157442042791511,11.0,0.0,0.0011432384213809202,6582,1644.3737166324436,0.29003342449103614,0.08093983114796159,1.104460786161636,10.0,0.02263749620176238,0.00809398311479616
pullback,2.0,0.5,17428,"{""family"": ""pullback"", ""min_ddv"": 10000000.0, ""min_price"": 5.0, ""regime"": ""none"", ""trend"": true, ""mom_min"": 0.15, ""rsi2_max"": 100.0, ""rsi14_max"": 100.0, ""ret21_max"": 1.0, ""dist_ema20_max"": 1.0, ""dist_ema50_min"": -1.0, ""dist_hh60_min"": -1.0, ""atr_ratio_max"": 10.0, ""vol_ratio_min"": 0.0, ""up_close"": true, ""strong_close"": false}",4749,677.897927258506,0.719098757633186,0.05004605094540011,1.1647840733270496,4.0,0.0,0.012511512736350027,4705,1175.444900752909,0.6688629117959617,-0.025470082790838452,0.9278387447603511,4.0,0.0,-0.006367520697709613,6122,1529.4524298425736,0.686703691604051,0.01516720599938955,1.0459667466260765,4.0,0.009637373407383208,0.0037918014998473875
pullback,2.0,0.75,17428,"{""family"": ""pullback"", ""min_ddv"": 10000000.0, ""min_price"": 5.0, ""regime"": ""none"", ""trend"": true, ""mom_min"": 0.15, ""rsi2_max"": 100.0, ""rsi14_max"": 100.0, ""ret21_max"": 1.0, ""dist_ema20_max"": 1.0, ""dist_ema50_min"": -1.0, ""dist_hh60_min"": -1.0, ""atr_ratio_max"": 10.0, ""vol_ratio_min"": 0.0, ""up_close"": true, ""strong_close"": false}",4749,677.897927258506,0.6256053906085491,0.06508037203386101,1.1611278913524847,6.0,0.0,0.010846728672310168,4705,1175.444900752909,0.5749202975557917,-0.02941609126672809,0.9352067019559254,6.0,0.0,-0.004902681877788015,6122,1529.4524298425736,0.5993139496896439,0.028484295159719168,1.0674166872948776,6.0,0.013067624959163672,0.004747382526619861
pullback,2.0,1.0,17428,"{""family"": ""pullback"", ""min_ddv"": 10000000.0, ""min_price"": 5.0, ""regime"": ""none"", ""trend"": true, ""mom_min"": 0.15, ""rsi2_max"": 100.0, ""rsi14_max"": 100.0, ""ret21_max"": 1.0, ""dist_ema20_max"": 1.0, ""dist_ema50_min"": -1.0, ""dist_hh60_min"": -1.0, ""atr_ratio_max"": 10.0, ""vol_ratio_min"": 0.0, ""up_close"": true, ""strong_close"": false}",4749,677.897927258506,0.5668561802484734,0.0999719745869455,1.2135505283221826,8.0,0.0,0.012496496823368187,4705,1175.444900752909,0.5075451647183847,-0.022174573006623025,0.9578286749018841,8.0,0.0,-0.002771821625827878,6122,1529.4524298425736,0.5310356092780137,0.03806486042565109,1.076483525273158,8.0,0.015681149950996405,0.004758107553206386
pullback,2.0,1.5,17428,"{""family"": ""pullback"", ""min_ddv"": 10000000.0, ""min_price"": 5.0, ""regime"": ""none"", ""trend"": true, ""mom_min"": 0.15, ""rsi2_max"": 100.0, ""rsi14_max"": 100.0, ""ret21_max"": 1.0, ""dist_ema20_max"": 1.0, ""dist_ema50_min"": -1.0, ""dist_hh60_min"": -1.0, ""atr_ratio_max"": 10.0, ""vol_ratio_min"": 0.0, ""up_close"": true, ""strong_close"": false}",4749,677.897927258506,0.46725626447673196,0.12553617793623048,1.217056289474914,11.0,0.0,0.011412379812384589,4705,1175.444900752909,0.41849096705632305,0.0010755372526440956,1.001724725395177,11.0,0.0,9.777611387673597e-05,6122,1529.4524298425736,0.448219536099314,0.0877330612979237,1.1494583543430676,11.0,0.021724926494609605,0.00797573284526579
pullback,2.0,2.0,17428,"{""family"": ""pullback"", ""min_ddv"": 10000000.0, ""min_price"": 5.0, ""regime"": ""none"", ""trend"": true, ""mom_min"": 0.15, ""rsi2_max"": 100.0, ""rsi14_max"": 100.0, ""ret21_max"": 1.0, ""dist_ema20_max"": 1.0, ""dist_ema50_min"": -1.0, ""dist_hh60_min"": -1.0, ""atr_ratio_max"": 10.0, ""vol_ratio_min"": 0.0, ""up_close"": true, ""strong_close"": false}",4749,677.897927258506,0.3956622446830912,0.13807780467611475,1.2098225929331476,14.0,0.0,0.009862700334008196,4705,1175.444900752909,0.353028692879915,0.012875176364308618,1.0185359802468918,14.0,0.0,0.0009196554545934727,6122,1529.4524298425736,0.3907219862789938,0.1249072747329218,1.1925517448464695,13.0,0.027605357726233258,0.009608251902532446
pullback,2.0,3.0,17428,"{""family"": ""pullback"", ""min_ddv"": 10000000.0, ""min_price"": 5.0, ""regime"": ""none"", ""trend"": true, ""mom_min"": 0.15, ""rsi2_max"": 100.0, ""rsi14_max"": 100.0, ""ret21_max"": 1.0, ""dist_ema20_max"": 1.0, ""dist_ema50_min"": -1.0, ""dist_hh60_min"": -1.0, ""atr_ratio_max"": 10.0, ""vol_ratio_min"": 0.0, ""up_close"": true, ""strong_close"": false}",4749,677.897927258506,0.3105917035165298,0.18515152423255204,1.2459230795052016,19.0,0.0,0.00974481706487116,4705,1175.444900752909,0.2814027630180659,0.07818747045758283,1.1013356203088107,18.0,0.0,0.004343748358754601,6122,1529.4524298425736,0.3224436458673636,0.21065659938848705,1.2911863485261676,17.0,0.038386148317543285,0.012391564669911002
pullback,3.0,0.5,17428,"{""family"": ""pullback"", ""min_ddv"": 10000000.0, ""min_price"": 5.0, ""regime"": ""none"", ""trend"": true, ""mom_min"": 0.15, ""rsi2_max"": 100.0, ""rsi14_max"": 100.0, ""ret21_max"": 1.0, ""dist_ema20_max"": 1.0, ""dist_ema50_min"": -1.0, ""dist_hh60_min"": -1.0, ""atr_ratio_max"": 10.0, ""vol_ratio_min"": 0.0, ""up_close"": true, ""strong_close"": false}",4378,624.9393820883848,0.730470534490635,0.07441649632095577,1.2573658224389477,7.0,0.0,0.010630928045850824,3773,942.6043805612594,0.6893718526371587,0.00786096779824433,1.0237273493219357,8.0,0.0,0.0009826209747805412,4873,1217.416153319644,0.7053150010260619,0.043756026150103045,1.1413491505968032,8.0,0.0063615842396880775,0.0054695032687628806
pullback,3.0,0.75,17428,"{""family"": ""pullback"", ""min_ddv"": 10000000.0, ""min_price"": 5.0, ""regime"": ""none"", ""trend"": true, ""mom_min"": 0.15, ""rsi2_max"": 100.0, ""rsi14_max"": 100.0, ""ret21_max"": 1.0, ""dist_ema20_max"": 1.0, ""dist_ema50_min"": -1.0, ""dist_hh60_min"": -1.0, ""atr_ratio_max"": 10.0, ""vol_ratio_min"": 0.0, ""up_close"": true, ""strong_close"": false}",4378,624.9393820883848,0.6509821836455002,0.11414429794529132,1.3060925204384104,12.0,0.0,0.009512024828774278,3773,942.6043805612594,0.6053538298436257,0.03194360098657809,1.0762955273341235,12.0,0.0,0.0026619667488815076,4873,1217.416153319644,0.624871742253232,0.08206625977852351,1.2082267917113563,12.0,0.011286681715575621,0.006838854981543626
pullback,3.0,1.0,17428,"{""family"": ""pullback"", ""min_ddv"": 10000000.0, ""min_price"": 5.0, ""regime"": ""none"", ""trend"": true, ""mom_min"": 0.15, ""rsi2_max"": 100.0, ""rsi14_max"": 100.0, ""ret21_max"": 1.0, ""dist_ema20_max"": 1.0, ""dist_ema50_min"": -1.0, ""dist_hh60_min"": -1.0, ""atr_ratio_max"": 10.0, ""vol_ratio_min"": 0.0, ""up_close"": true, ""strong_close"": false}",4378,624.9393820883848,0.5813156692553677,0.13324677304111984,1.2968885782332162,15.0,0.0,0.008883118202741323,3773,942.6043805612594,0.5502252849191624,0.07281214181643915,1.152911010175484,16.0,0.0,0.004550758863527447,4873,1217.416153319644,0.5743894931253848,0.13291360247832654,1.296676224097698,15.0,0.01580135440180587,0.008860906831888437
pullback,3.0,1.5,17428,"{""family"": ""pullback"", ""min_ddv"": 10000000.0, ""min_price"": 5.0, ""regime"": ""none"", ""trend"": true, ""mom_min"": 0.15, ""rsi2_max"": 100.0, ""rsi14_max"": 100.0, ""ret21_max"": 1.0, ""dist_ema20_max"": 1.0, ""dist_ema50_min"": -1.0, ""dist_hh60_min"": -1.0, ""atr_ratio_max"": 10.0, ""vol_ratio_min"": 0.0, ""up_close"": true, ""strong_close"": false}",4378,624.9393820883848,0.4803563270899954,0.1700350279934315,1.3059744717254975,23.0,0.0,0.007392827304062239,3773,942.6043805612594,0.4561357010336602,0.11236569116158662,1.19545534940862,23.0,0.0,0.004885464833112462,4873,1217.416153319644,0.4959983583008414,0.20403009330706337,1.3850278616707006,21.0,0.029140160065667966,0.00971571872890778
pullback,3.0,2.0,17428,"{""family"": ""pullback"", ""min_ddv"": 10000000.0, ""min_price"": 5.0, ""regime"": ""none"", ""trend"": true, ""mom_min"": 0.15, ""rsi2_max"": 100.0, ""rsi14_max"": 100.0, ""ret21_max"": 1.0, ""dist_ema20_max"": 1.0, ""dist_ema50_min"": -1.0, ""dist_hh60_min"": -1.0, ""atr_ratio_max"": 10.0, ""vol_ratio_min"": 0.0, ""up_close"": true, ""strong_close"": false}",4378,624.9393820883848,0.41548652352672455,0.2075074837768971,1.3316624293452781,29.0,0.00045682960255824577,0.007155430475065417,3773,942.6043805612594,0.40127219719056456,0.175967737915195,1.2782630877574348,29.0,0.0,0.0060678530315584475,4873,1217.416153319644,0.4457213215678227,0.27482802611001533,1.4705804331283645,27.0,0.03837471783295711,0.01017881578185242
pullback,3.0,3.0,17428,"{""family"": ""pullback"", ""min_ddv"": 10000000.0, ""min_price"": 5.0, ""regime"": ""none"", ""trend"": true, ""mom_min"": 0.15, ""rsi2_max"": 100.0, ""rsi14_max"": 100.0, ""ret21_max"": 1.0, ""dist_ema20_max"": 1.0, ""dist_ema50_min"": -1.0, ""dist_hh60_min"": -1.0, ""atr_ratio_max"": 10.0, ""vol_ratio_min"": 0.0, ""up_close"": true, ""strong_close"": false}",4378,624.9393820883848,0.32983097304705344,0.27155088618575685,1.3759209289353211,41.0,0.0013704888076747374,0.006623192345994069,3773,942.6043805612594,0.3180492976411344,0.22553335918734743,1.3110357104940389,39.0,0.0034455340577789558,0.005782906645829421,4873,1217.416153319644,0.3798481428278268,0.3882125451374631,1.5924657193836982,35.0,0.06300020521239483,0.011091787003927517
pullback,1.0,0.5,27202,"{""family"": ""pullback"", ""min_ddv"": 10000000.0, ""min_price"": 5.0, ""regime"": ""none"", ""trend"": true, ""mom_min"": -1.0, ""rsi2_max"": 100.0, ""rsi14_max"": 100.0, ""ret21_max"": 1.0, ""dist_ema20_max"": 1.0, ""dist_ema50_min"": -1.0, ""dist_hh60_min"": -1.0, ""atr_ratio_max"": 10.0, ""vol_ratio_min"": 0.0, ""up_close"": true, ""strong_close"": true}",10023,1430.7371920219007,0.6917090691409757,-0.05625937953648064,0.8381543746829263,2.0,0.0,-0.02812968976824032,7815,1952.4127310061601,0.6584772872680742,-0.07812592928879064,0.7927929651568469,2.0,0.0,-0.03906296464439532,9235,2307.169746748802,0.6681104493773687,-0.05697563933722511,0.8434052136921742,2.0,0.001949106659447753,-0.028487819668612555
pullback,1.0,0.75,27202,"{""family"": ""pullback"", ""min_ddv"": 10000000.0, ""min_price"": 5.0, ""regime"": ""none"", ""trend"": true, ""mom_min"": -1.0, ""rsi2_max"": 100.0, ""rsi14_max"": 100.0, ""ret21_max"": 1.0, ""dist_ema20_max"": 1.0, ""dist_ema50_min"": -1.0, ""dist_hh60_min"": -1.0, ""atr_ratio_max"": 10.0, ""vol_ratio_min"": 0.0, ""up_close"": true, ""strong_close"": true}",10023,1430.7371920219007,0.606305497356081,-0.03324710435451708,0.9254983667995379,2.0,0.0,-0.01662355217725854,7815,1952.4127310061601,0.5735124760076775,-0.06497004734704005,0.8626394006428248,2.0,0.0,-0.032485023673520026,9235,2307.169746748802,0.5779101245262588,-0.0464268146137531,0.8998253132722557,2.0,0.0027070925825663237,-0.02321340730687655
pullback,1.0,1.0,27202,"{""family"": ""pullback"", ""min_ddv"": 10000000.0, ""min_price"": 5.0, ""regime"": ""none"", ""trend"": true, ""mom_min"": -1.0, ""rsi2_max"": 100.0, ""rsi14_max"": 100.0, ""ret21_max"": 1.0, ""dist_ema20_max"": 1.0, ""dist_ema50_min"": -1.0, ""dist_hh60_min"": -1.0, ""atr_ratio_max"": 10.0, ""vol_ratio_min"": 0.0, ""up_close"": true, ""strong_close"": true}",10023,1430.7371920219007,0.5389603911004689,-0.012515951174135422,0.9760816385639783,3.0,0.0,-0.004171983724711808,7815,1952.4127310061601,0.509149072296865,-0.05264797850108582,0.9036495256257324,3.0,0.0,-0.017549326167028607,9235,2307.169746748802,0.5065511640498105,-0.04813055414999979,0.9114878202886014,3.0,0.0036816459122902003,-0.01604351804999993
pullback,1.0,1.5,27202,"{""family"": ""pullback"", ""min_ddv"": 10000000.0, ""min_price"": 5.0, ""regime"": ""none"", ""trend"": true, ""mom_min"": -1.0, ""rsi2_max"": 100.0, ""rsi14_max"": 100.0, ""ret21_max"": 1.0, ""dist_ema20_max"": 1.0, ""dist_ema50_min"": -1.0, ""dist_hh60_min"": -1.0, ""atr_ratio_max"": 10.0, ""vol_ratio_min"": 0.0, ""up_close"": true, ""strong_close"": true}",10023,1430.7371920219007,0.44557517709268685,0.022771464305222647,1.0360640169679898,4.0,0.0,0.005692866076305662,7815,1952.4127310061601,0.41010876519513756,-0.05457561339220904,0.9170514571172864,4.0,0.0,-0.01364390334805226,9235,2307.169746748802,0.41526800216567405,-0.03342002141284643,0.9485224816437212,4.0,0.0051976177585273415,-0.008355005353211608
pullback,1.0,2.0,27202,"{""family"": ""pullback"", ""min_ddv"": 10000000.0, ""min_price"": 5.0, ""regime"": ""none"", ""trend"": true, ""mom_min"": -1.0, ""rsi2_max"": 100.0, ""rsi14_max"": 100.0, ""ret21_max"": 1.0, ""dist_ema20_max"": 1.0, ""dist_ema50_min"": -1.0, ""dist_hh60_min"": -1.0, ""atr_ratio_max"": 10.0, ""vol_ratio_min"": 0.0, ""up_close"": true, ""strong_close"": true}",10023,1430.7371920219007,0.3820213508929462,0.051496315417216415,1.0732164233642627,5.0,0.0,0.010299263083443283,7815,1952.4127310061601,0.3416506717850288,-0.05949373984739429,0.9191344925530487,4.0,0.0,-0.014873434961848573,9235,2307.169746748802,0.3509474824038982,-0.030695143056581043,0.9576366909378731,4.0,0.007255008121277748,-0.007673785764145261
pullback,1.0,3.0,27202,"{""family"": ""pullback"", ""min_ddv"": 10000000.0, ""min_price"": 5.0, ""regime"": ""none"", ""trend"": true, ""mom_min"": -1.0, ""rsi2_max"": 100.0, ""rsi14_max"": 100.0, ""ret21_max"": 1.0, ""dist_ema20_max"": 1.0, ""dist_ema50_min"": -1.0, ""dist_hh60_min"": -1.0, ""atr_ratio_max"": 10.0, ""vol_ratio_min"": 0.0, ""up_close"": true, ""strong_close"": true}",10023,1430.7371920219007,0.30040905916392296,0.09888411381189334,1.1235885434456105,6.0,0.0,0.016480685635315555,7815,1952.4127310061601,0.26449136276391555,-0.03290324983661288,0.9602256426943538,6.0,0.0,-0.005483874972768813,9235,2307.169746748802,0.2756903086085544,0.003974205998048701,1.004885550292655,5.0,0.009962100703844071,0.0007948411996097401
pullback,1.5,0.5,27202,"{""family"": ""pullback"", ""min_ddv"": 10000000.0, ""min_price"": 5.0, ""regime"": ""none"", ""trend"": true, ""mom_min"": -1.0, ""rsi2_max"": 100.0, ""rsi14_max"": 100.0, ""ret21_max"": 1.0, ""dist_ema20_max"": 1.0, ""dist_ema50_min"": -1.0, ""dist_hh60_min"": -1.0, ""atr_ratio_max"": 10.0, ""vol_ratio_min"": 0.0, ""up_close"": true, ""strong_close"": true}",9975,1423.8854125928822,0.70796992481203,0.004301584352892158,1.0134485179452193,3.0,0.0,0.0014338614509640526,7552,1886.7077344284737,0.672801906779661,-0.038184734175535244,0.8927744311651753,3.0,0.0,-0.012728244725178415,8955,2237.217659137577,0.6773869346733669,-0.01770204005041701,0.94879957404391,3.0,0.0035734226689000557,-0.00590068001680567
pullback,1.5,0.75,27202,"{""family"": ""pullback"", ""min_ddv"": 10000000.0, ""min_price"": 5.0, ""regime"": ""none"", ""trend"": true, ""mom_min"": -1.0, ""rsi2_max"": 100.0, ""rsi14_max"": 100.0, ""ret21_max"": 1.0, ""dist_ema20_max"": 1.0, ""dist_ema50_min"": -1.0, ""dist_hh60_min"": -1.0, ""atr_ratio_max"": 10.0, ""vol_ratio_min"": 0.0, ""up_close"": true, ""strong_close"": true}",9975,1423.8854125928822,0.6200501253132832,0.03362888477068719,1.0808239734442888,4.0,0.0,0.008407221192671798,7552,1886.7077344284737,0.5797139830508474,-0.035135374860084834,0.9232414549229876,4.0,0.0,-0.008783843715021208,8955,2237.217659137577,0.589391401451703,-0.0042128742542479735,0.9904555037492074,4.0,0.005918481295365718,-0.0010532185635619934
pullback,1.5,1.0,27202,"{""family"": ""pullback"", ""min_ddv"": 10000000.0, ""min_price"": 5.0, ""regime"": ""none"", ""trend"": true, ""mom_min"": -1.0, ""rsi2_max"": 100.0, ""rsi14_max"": 100.0, ""ret21_max"": 1.0, ""dist_ema20_max"": 1.0, ""dist_ema50_min"": -1.0, ""dist_hh60_min"": -1.0, ""atr_ratio_max"": 10.0, ""vol_ratio_min"": 0.0, ""up_close"": true, ""strong_close"": true}",9975,1423.8854125928822,0.5536842105263158,0.053667961620306535,1.109735329623995,5.0,0.0,0.010733592324061307,7552,1886.7077344284737,0.5157574152542372,-0.022223268193321637,0.9578465806867811,5.0,0.0,-0.004444653638664328,8955,2237.217659137577,0.5226130653266332,0.0036038157844277222,1.0070022896161215,5.0,0.007370184254606365,0.0007207631568855444
pullback,1.5,1.5,27202,"{""family"": ""pullback"", ""min_ddv"": 10000000.0, ""min_price"": 5.0, ""regime"": ""none"", ""trend"": true, ""mom_min"": -1.0, ""rsi2_max"": 100.0, ""rsi14_max"": 100.0, ""ret21_max"": 1.0, ""dist_ema20_max"": 1.0, ""dist_ema50_min"": -1.0, ""dist_hh60_min"": -1.0, ""atr_ratio_max"": 10.0, ""vol_ratio_min"": 0.0, ""up_close"": true, ""strong_close"": true}",9975,1423.8854125928822,0.45824561403508773,0.08814882609087714,1.1484485401201063,7.0,0.0,0.012592689441553877,7552,1886.7077344284737,0.4193591101694915,-0.0060022230568137075,0.9904990728200203,7.0,0.0,-0.0008574604366876725,8955,2237.217659137577,0.430820770519263,0.02254820953986717,1.0365324682974155,7.0,0.011501954215522055,0.003221172791409596
pullback,1.5,2.0,27202,"{""family"": ""pullback"", ""min_ddv"": 10000000.0, ""min_price"": 5.0, ""regime"": ""none"", ""trend"": true, ""mom_min"": -1.0, ""rsi2_max"": 100.0, ""rsi14_max"": 100.0, ""ret21_max"": 1.0, ""dist_ema20_max"": 1.0, ""dist_ema50_min"": -1.0, ""dist_hh60_min"": -1.0, ""atr_ratio_max"": 10.0, ""vol_ratio_min"": 0.0, ""up_close"": true, ""strong_close"": true}",9975,1423.8854125928822,0.3938847117794486,0.12044600956069723,1.1807848090161004,9.0,0.0,0.013382889951188581,7552,1886.7077344284737,0.3618908898305085,0.02545326375193449,1.0365345384810372,9.0,0.0,0.00282814041688161,8955,2237.217659137577,0.37498604131769964,0.06334304222941467,1.0932299445760068,8.0,0.014182021217197097,0.007917880278676834
pullback,1.5,3.0,27202,"{""family"": ""pullback"", ""min_ddv"": 10000000.0, ""min_price"": 5.0, ""regime"": ""none"", ""trend"": true, ""mom_min"": -1.0, ""rsi2_max"": 100.0, ""rsi14_max"": 100.0, ""ret21_max"": 1.0, ""dist_ema20_max"": 1.0, ""dist_ema50_min"": -1.0, ""dist_hh60_min"": -1.0, ""atr_ratio_max"": 10.0, ""vol_ratio_min"": 0.0, ""up_close"": true, ""strong_close"": true}",9975,1423.8854125928822,0.3120802005012531,0.17926974805151633,1.2356965017223787,12.0,0.0,0.014939145670959693,7552,1886.7077344284737,0.2856197033898305,0.07869671690559453,1.1007218587558787,11.0,0.0,0.0071542469914176844,8955,2237.217659137577,0.3019542155220547,0.12062665720600096,1.158113561656496,11.0,0.020547180346175323,0.010966059746000088
pullback,2.0,0.5,27202,"{""family"": ""pullback"", ""min_ddv"": 10000000.0, ""min_price"": 5.0, ""regime"": ""none"", ""trend"": true, ""mom_min"": -1.0, ""rsi2_max"": 100.0, ""rsi14_max"": 100.0, ""ret21_max"": 1.0, ""dist_ema20_max"": 1.0, ""dist_ema50_min"": -1.0, ""dist_hh60_min"": -1.0, ""atr_ratio_max"": 10.0, ""vol_ratio_min"": 0.0, ""up_close"": true, ""strong_close"": true}",9888,1411.4665623777864,0.7172330097087378,0.03772255715882037,1.123584079247435,4.0,0.0,0.009430639289705093,7226,1805.2635181382614,0.682950456684196,-0.011506390347159745,0.9661887336452356,4.0,0.0,-0.0028765975867899364,8566,2140.034223134839,0.6946065841699743,0.02030713708155259,1.0630020590924785,4.0,0.007588139154798039,0.005076784270388148
pullback,2.0,0.75,27202,"{""family"": ""pullback"", ""min_ddv"": 10000000.0, ""min_price"": 5.0, ""regime"": ""none"", ""trend"": true, ""mom_min"": -1.0, ""rsi2_max"": 100.0, ""rsi14_max"": 100.0, ""ret21_max"": 1.0, ""dist_ema20_max"": 1.0, ""dist_ema50_min"": -1.0, ""dist_hh60_min"": -1.0, ""atr_ratio_max"": 10.0, ""vol_ratio_min"": 0.0, ""up_close"": true, ""strong_close"": true}",9888,1411.4665623777864,0.6295509708737864,0.06342699444009098,1.1584502104427876,6.0,0.0,0.010571165740015162,7226,1805.2635181382614,0.5929975089952948,-0.0025150775067943167,0.9942508116582626,6.0,0.0,-0.00041917958446571947,8566,2140.034223134839,0.6095026850338547,0.04104190932451665,1.0994511636266495,6.0,0.010506654214335746,0.006840318220752775
pullback,2.0,1.0,27202,"{""family"": ""pullback"", ""min_ddv"": 10000000.0, ""min_price"": 5.0, ""regime"": ""none"", ""trend"": true, ""mom_min"": -1.0, ""rsi2_max"": 100.0, ""rsi14_max"": 100.0, ""ret21_max"": 1.0, ""dist_ema20_max"": 1.0, ""dist_ema50_min"": -1.0, ""dist_hh60_min"": -1.0, ""atr_ratio_max"": 10.0, ""vol_ratio_min"": 0.0, ""up_close"": true, ""strong_close"": true}",9888,1411.4665623777864,0.5671521035598706,0.09425044352490293,1.201482289065054,8.0,0.0,0.011781305440612866,7226,1805.2635181382614,0.5285081649598672,0.016028873297598806,1.0316340557402592,8.0,0.0,0.0020036091621998507,8566,2140.034223134839,0.5426103198692506,0.05261597449287732,1.108069047697117,8.0,0.013775391081017978,0.006576996811609665
pullback,2.0,1.5,27202,"{""family"": ""pullback"", ""min_ddv"": 10000000.0, ""min_price"": 5.0, ""regime"": ""none"", ""trend"": true, ""mom_min"": -1.0, ""rsi2_max"": 100.0, ""rsi14_max"": 100.0, ""ret21_max"": 1.0, ""dist_ema20_max"": 1.0, ""dist_ema50_min"": -1.0, ""dist_hh60_min"": -1.0, ""atr_ratio_max"": 10.0, ""vol_ratio_min"": 0.0, ""up_close"": true, ""strong_close"": true}",9888,1411.4665623777864,0.4723907766990291,0.13705654780167315,1.240166917135863,11.0,0.0,0.012459686163788468,7226,1805.2635181382614,0.4368945474674785,0.048924077165647326,1.080875197789127,11.0,0.0,0.004447643378695212,8566,2140.034223134839,0.45855708615456453,0.105463173410796,1.1827413393123527,11.0,0.019845902404856407,0.009587561219163272
pullback,2.0,2.0,27202,"{""family"": ""pullback"", ""min_ddv"": 10000000.0, ""min_price"": 5.0, ""regime"": ""none"", ""trend"": true, ""mom_min"": -1.0, ""rsi2_max"": 100.0, ""rsi14_max"": 100.0, ""ret21_max"": 1.0, ""dist_ema20_max"": 1.0, ""dist_ema50_min"": -1.0, ""dist_hh60_min"": -1.0, ""atr_ratio_max"": 10.0, ""vol_ratio_min"": 0.0, ""up_close"": true, ""strong_close"": true}",9888,1411.4665623777864,0.408373786407767,0.1763297813371647,1.2746830261473265,15.0,0.0,0.01175531875581098,7226,1805.2635181382614,0.37365070578466647,0.0747510184328414,1.1109518094256314,14.0,0.0,0.005339358459488672,8566,2140.034223134839,0.4015876721923885,0.14694271955705746,1.2293232630385742,14.0,0.025799673126313333,0.010495908539789819
pullback,2.0,3.0,27202,"{""family"": ""pullback"", ""min_ddv"": 10000000.0, ""min_price"": 5.0, ""regime"": ""none"", ""trend"": true, ""mom_min"": -1.0, ""rsi2_max"": 100.0, ""rsi14_max"": 100.0, ""ret21_max"": 1.0, ""dist_ema20_max"": 1.0, ""dist_ema50_min"": -1.0, ""dist_hh60_min"": -1.0, ""atr_ratio_max"": 10.0, ""vol_ratio_min"": 0.0, ""up_close"": true, ""strong_close"": true}",9888,1411.4665623777864,0.33201860841423947,0.2657879867178843,1.3643973507599154,20.0,0.0,0.013289399335894214,7226,1805.2635181382614,0.30113479103238305,0.15680346372297532,1.2086366239308808,19.0,0.0,0.008252813880156596,8566,2140.034223134839,0.3351622694373103,0.24260612329637532,1.338357267712353,18.0,0.03875787999066075,0.01347811796090974
pullback,3.0,0.5,27202,"{""family"": ""pullback"", ""min_ddv"": 10000000.0, ""min_price"": 5.0, ""regime"": ""none"", ""trend"": true, ""mom_min"": -1.0, ""rsi2_max"": 100.0, ""rsi14_max"": 100.0, ""ret21_max"": 1.0, ""dist_ema20_max"": 1.0, ""dist_ema50_min"": -1.0, ""dist_hh60_min"": -1.0, ""atr_ratio_max"": 10.0, ""vol_ratio_min"": 0.0, ""up_close"": true, ""strong_close"": true}",9493,1355.082127493156,0.7320130622563995,0.07444690201598957,1.260180758057611,8.0,0.0,0.009305862751998696,6254,1562.4298425735797,0.7011512631915574,0.02326348607003458,1.0727951582963469,8.0,0.0,0.0029079357587543223,7377,1842.987679671458,0.71600921783923,0.058463452890098466,1.1960284561436858,8.0,0.0061000406669377795,0.007307931611262308
pullback,3.0,0.75,27202,"{""family"": ""pullback"", ""min_ddv"": 10000000.0, ""min_price"": 5.0, ""regime"": ""none"", ""trend"": true, ""mom_min"": -1.0, ""rsi2_max"": 100.0, ""rsi14_max"": 100.0, ""ret21_max"": 1.0, ""dist_ema20_max"": 1.0, ""dist_ema50_min"": -1.0, ""dist_hh60_min"": -1.0, ""atr_ratio_max"": 10.0, ""vol_ratio_min"": 0.0, ""up_close"": true, ""strong_close"": true}",9493,1355.082127493156,0.6507953228694828,0.11361165736238471,1.3057287789424488,12.0,0.0,0.00946763811353206,6254,1562.4298425735797,0.6196034537895747,0.057031563745013954,1.1408312245356642,12.0,0.0,0.004752630312084496,7377,1842.987679671458,0.6368442456283042,0.09529405289464415,1.249288271994882,12.0,0.012335637793140843,0.00794117107455368
pullback,3.0,1.0,27202,"{""family"": ""pullback"", ""min_ddv"": 10000000.0, ""min_price"": 5.0, ""regime"": ""none"", ""trend"": true, ""mom_min"": -1.0, ""rsi2_max"": 100.0, ""rsi14_max"": 100.0, ""ret21_max"": 1.0, ""dist_ema20_max"": 1.0, ""dist_ema50_min"": -1.0, ""dist_hh60_min"": -1.0, ""atr_ratio_max"": 10.0, ""vol_ratio_min"": 0.0, ""up_close"": true, ""strong_close"": true}",9493,1355.082127493156,0.5886442641946698,0.1499871013227613,1.3426131557603145,16.0,0.0,0.009374193832672581,6254,1562.4298425735797,0.5626798848736808,0.09741699992166009,1.2098352621090414,16.0,0.0,0.006088562495103755,7377,1842.987679671458,0.5828927748407211,0.1408091697776203,1.3201053254521988,16.0,0.018164565541548054,0.00880057311110127
pullback,3.0,1.5,27202,"{""family"": ""pullback"", ""min_ddv"": 10000000.0, ""min_price"": 5.0, ""regime"": ""none"", ""trend"": true, ""mom_min"": -1.0, ""rsi2_max"": 100.0, ""rsi14_max"": 100.0, ""ret21_max"": 1.0, ""dist_ema20_max"": 1.0, ""dist_ema50_min"": -1.0, ""dist_hh60_min"": -1.0, ""atr_ratio_max"": 10.0, ""vol_ratio_min"": 0.0, ""up_close"": true, ""strong_close"": true}",9493,1355.082127493156,0.49920994416938796,0.21579797105656584,1.404336902057614,24.0,0.0,0.00899158212735691,6254,1562.4298425735797,0.47073872721458265,0.14739722002529318,1.2628058462576026,23.0,0.0,0.006408574783708399,7377,1842.987679671458,0.5019655686593466,0.20909378919209115,1.3968807170693924,22.0,0.030500203334688898,0.009504263145095053
pullback,3.0,2.0,27202,"{""family"": ""pullback"", ""min_ddv"": 10000000.0, ""min_price"": 5.0, ""regime"": ""none"", ""trend"": true, ""mom_min"": -1.0, ""rsi2_max"": 100.0, ""rsi14_max"": 100.0, ""ret21_max"": 1.0, ""dist_ema20_max"": 1.0, ""dist_ema50_min"": -1.0, ""dist_hh60_min"": -1.0, ""atr_ratio_max"": 10.0, ""vol_ratio_min"": 0.0, ""up_close"": true, ""strong_close"": true}",9493,1355.082127493156,0.44243126514273673,0.285843350037601,1.479276595843766,31.0,0.00031602233224481196,0.009220753227019386,6254,1562.4298425735797,0.414134953629677,0.21350618193715318,1.3442520844468941,30.0,0.0,0.007116872731238439,7377,1842.987679671458,0.4558763725091501,0.29160893289854933,1.5042386713398717,28.0,0.04310695404636031,0.010414604746376762
pullback,3.0,3.0,27202,"{""family"": ""pullback"", ""min_ddv"": 10000000.0, ""min_price"": 5.0, ""regime"": ""none"", ""trend"": true, ""mom_min"": -1.0, ""rsi2_max"": 100.0, ""rsi14_max"": 100.0, ""ret21_max"": 1.0, ""dist_ema20_max"": 1.0, ""dist_ema50_min"": -1.0, ""dist_hh60_min"": -1.0, ""atr_ratio_max"": 10.0, ""vol_ratio_min"": 0.0, ""up_close"": true, ""strong_close"": true}",9493,1355.082127493156,0.36121352575582005,0.3948520787295576,1.5742092750598597,45.0,0.0014747708838091225,0.008774490638434614,6254,1562.4298425735797,0.3204349216501439,0.23841203350218726,1.3300193470155595,41.0,0.004157339302846178,0.005814927646394811,7377,1842.987679671458,0.39596041751389455,0.42989054165504215,1.6694086939520125,37.0,0.07387827029957977,0.011618663287974113
pullback,1.0,0.5,24165,"{""family"": ""pullback"", ""min_ddv"": 10000000.0, ""min_price"": 5.0, ""regime"": ""none"", ""trend"": true, ""mom_min"": 0.0, ""rsi2_max"": 100.0, ""rsi14_max"": 100.0, ""ret21_max"": 1.0, ""dist_ema20_max"": 1.0, ""dist_ema50_min"": -1.0, ""dist_hh60_min"": -1.0, ""atr_ratio_max"": 10.0, ""vol_ratio_min"": 0.0, ""up_close"": true, ""strong_close"": true}",8819,1258.8717246773563,0.6956571039800431,-0.048654735651280416,0.8579359374146446,2.0,0.0,-0.024327367825640208,6930,1731.3141683778233,0.6575757575757576,-0.0800103532429746,0.7886058831046727,2.0,0.0,-0.0400051766214873,8292,2071.5811088295686,0.6664254703328509,-0.058382520130909714,0.8401694234814652,2.0,0.002050168837433671,-0.029191260065454857
pullback,1.0,0.75,24165,"{""family"": ""pullback"", ""min_ddv"": 10000000.0, ""min_price"": 5.0, ""regime"": ""none"", ""trend"": true, ""mom_min"": 0.0, ""rsi2_max"": 100.0, ""rsi14_max"": 100.0, ""ret21_max"": 1.0, ""dist_ema20_max"": 1.0, ""dist_ema50_min"": -1.0, ""dist_hh60_min"": -1.0, ""atr_ratio_max"": 10.0, ""vol_ratio_min"": 0.0, ""up_close"": true, ""strong_close"": true}",8819,1258.8717246773563,0.6123143213516272,-0.02090928147370289,0.9523404989938193,2.0,0.0,-0.010454640736851446,6930,1731.3141683778233,0.5715728715728716,-0.06949100612630696,0.8539710958408306,2.0,0.0,-0.03474550306315348,8292,2071.5811088295686,0.5762180414857694,-0.04844013758105701,0.8957483563142564,2.0,0.002773757838880849,-0.024220068790528505
pullback,1.0,1.0,24165,"{""family"": ""pullback"", ""min_ddv"": 10000000.0, ""min_price"": 5.0, ""regime"": ""none"", ""trend"": true, ""mom_min"": 0.0, ""rsi2_max"": 100.0, ""rsi14_max"": 100.0, ""ret21_max"": 1.0, ""dist_ema20_max"": 1.0, ""dist_ema50_min"": -1.0, ""dist_hh60_min"": -1.0, ""atr_ratio_max"": 10.0, ""vol_ratio_min"": 0.0, ""up_close"": true, ""strong_close"": true}",8819,1258.8717246773563,0.5465472275768227,0.004438321309551158,1.0086338962043888,3.0,0.0,0.0014794404365170528,6930,1731.3141683778233,0.5079365079365079,-0.056388009753630654,0.8972612366252928,3.0,0.0,-0.018796003251210218,8292,2071.5811088295686,0.5060299083453932,-0.04813227701452575,0.9115227953092752,3.0,0.003859141341051616,-0.01604409233817525
pullback,1.0,1.5,24165,"{""family"": ""pullback"", ""min_ddv"": 10000000.0, ""min_price"": 5.0, ""regime"": ""none"", ""trend"": true, ""mom_min"": 0.0, ""rsi2_max"": 100.0, ""rsi14_max"": 100.0, ""ret21_max"": 1.0, ""dist_ema20_max"": 1.0, ""dist_ema50_min"": -1.0, ""dist_hh60_min"": -1.0, ""atr_ratio_max"": 10.0, ""vol_ratio_min"": 0.0, ""up_close"": true, ""strong_close"": true}",8819,1258.8717246773563,0.4529992062592131,0.0435627763338341,1.070174996693411,4.0,0.0,0.010890694083458524,6930,1731.3141683778233,0.40923520923520923,-0.05696282234480188,0.9134362858021916,4.0,0.0,-0.01424070558620047,8292,2071.5811088295686,0.4149782923299566,-0.03501794988437421,0.9460811639116933,4.0,0.005426917510853835,-0.008754487471093553
pullback,1.0,2.0,24165,"{""family"": ""pullback"", ""min_ddv"": 10000000.0, ""min_price"": 5.0, ""regime"": ""none"", ""trend"": true, ""mom_min"": 0.0, ""rsi2_max"": 100.0, ""rsi14_max"": 100.0, ""ret21_max"": 1.0, ""dist_ema20_max"": 1.0, ""dist_ema50_min"": -1.0, ""dist_hh60_min"": -1.0, ""atr_ratio_max"": 10.0, ""vol_ratio_min"": 0.0, ""up_close"": true, ""strong_close"": true}",8819,1258.8717246773563,0.39006690100918473,0.07780040740280605,1.112511553558144,5.0,0.0,0.01556008148056121,6930,1731.3141683778233,0.33924963924963925,-0.06673420318035668,0.9094759851499535,4.0,0.0,-0.01668355079508917,8292,2071.5811088295686,0.3499758803666184,-0.03354494704085929,0.9537246671334118,4.0,0.0074770863482875064,-0.008386236760214822
pullback,1.0,3.0,24165,"{""family"": ""pullback"", ""min_ddv"": 10000000.0, ""min_price"": 5.0, ""regime"": ""none"", ""trend"": true, ""mom_min"": 0.0, ""rsi2_max"": 100.0, ""rsi14_max"": 100.0, ""ret21_max"": 1.0, ""dist_ema20_max"": 1.0, ""dist_ema50_min"": -1.0, ""dist_hh60_min"": -1.0, ""atr_ratio_max"": 10.0, ""vol_ratio_min"": 0.0, ""up_close"": true, ""strong_close"": true}",8819,1258.8717246773563,0.3091053407415807,0.13678095243142832,1.173646055323436,6.0,0.0,0.022796825405238055,6930,1731.3141683778233,0.26147186147186147,-0.04507684219702365,0.9456887954490483,6.0,0.0,-0.007512807032837275,8292,2071.5811088295686,0.2742402315484805,-0.0013324298610448383,0.9983645862469099,5.0,0.01000964785335263,-0.00026648597220896764
pullback,1.5,0.5,24165,"{""family"": ""pullback"", ""min_ddv"": 10000000.0, ""min_price"": 5.0, ""regime"": ""none"", ""trend"": true, ""mom_min"": 0.0, ""rsi2_max"": 100.0, ""rsi14_max"": 100.0, ""ret21_max"": 1.0, ""dist_ema20_max"": 1.0, ""dist_ema50_min"": -1.0, ""dist_hh60_min"": -1.0, ""atr_ratio_max"": 10.0, ""vol_ratio_min"": 0.0, ""up_close"": true, ""strong_close"": true}",8771,1252.0199452483378,0.7147417626268384,0.01584160365388182,1.0507992206541417,3.0,0.0,0.00528053455129394,6679,1668.6071184120465,0.6700104806108699,-0.04344793281583668,0.8792234727846455,3.0,0.0,-0.01448264427194556,8025,2004.876796714579,0.6762616822429907,-0.019453162038499675,0.9439571846705743,3.0,0.0036137071651090344,-0.006484387346166558
pullback,1.5,0.75,24165,"{""family"": ""pullback"", ""min_ddv"": 10000000.0, ""min_price"": 5.0, ""regime"": ""none"", ""trend"": true, ""mom_min"": 0.0, ""rsi2_max"": 100.0, ""rsi14_max"": 100.0, ""ret21_max"": 1.0, ""dist_ema20_max"": 1.0, ""dist_ema50_min"": -1.0, ""dist_hh60_min"": -1.0, ""atr_ratio_max"": 10.0, ""vol_ratio_min"": 0.0, ""up_close"": true, ""strong_close"": true}",8771,1252.0199452483378,0.6287766503249345,0.049758604115612615,1.122567615409259,4.0,0.0,0.012439651028903154,6679,1668.6071184120465,0.5767330438688426,-0.04243965420050997,0.9081000319071828,4.0,0.0,-0.010609913550127493,8025,2004.876796714579,0.5894080996884735,-0.004214695577973769,0.9904565159213725,4.0,0.006105919003115265,-0.0010536738944934422
pullback,1.5,1.0,24165,"{""family"": ""pullback"", ""min_ddv"": 10000000.0, ""min_price"": 5.0, ""regime"": ""none"", ""trend"": true, ""mom_min"": 0.0, ""rsi2_max"": 100.0, ""rsi14_max"": 100.0, ""ret21_max"": 1.0, ""dist_ema20_max"": 1.0, ""dist_ema50_min"": -1.0, ""dist_hh60_min"": -1.0, ""atr_ratio_max"": 10.0, ""vol_ratio_min"": 0.0, ""up_close"": true, ""strong_close"": true}",8771,1252.0199452483378,0.5623076046060882,0.07279565371348219,1.1522598095144074,5.0,0.0,0.014559130742696439,6679,1668.6071184120465,0.5139991016619254,-0.02661106373062687,0.949686867318507,5.0,0.0,-0.005322212746125374,8025,2004.876796714579,0.5226168224299066,0.0027214360632780476,1.0052855690713214,5.0,0.0076012461059190035,0.0005442872126556096
pullback,1.5,1.5,24165,"{""family"": ""pullback"", ""min_ddv"": 10000000.0, ""min_price"": 5.0, ""regime"": ""none"", ""trend"": true, ""mom_min"": 0.0, ""rsi2_max"": 100.0, ""rsi14_max"": 100.0, ""ret21_max"": 1.0, ""dist_ema20_max"": 1.0, ""dist_ema50_min"": -1.0, ""dist_hh60_min"": -1.0, ""atr_ratio_max"": 10.0, ""vol_ratio_min"": 0.0, ""up_close"": true, ""strong_close"": true}",8771,1252.0199452483378,0.4667654771405769,0.11056745936021146,1.189807412271828,7.0,0.0,0.015795351337173066,6679,1668.6071184120465,0.41578080550980684,-0.015181106994014771,0.9761069509748099,7.0,0.0,-0.002168729570573539,8025,2004.876796714579,0.4312772585669782,0.02355386861458746,1.0381798339189416,7.0,0.011713395638629283,0.003364838373512494
pullback,1.5,2.0,24165,"{""family"": ""pullback"", ""min_ddv"": 10000000.0, ""min_price"": 5.0, ""regime"": ""none"", ""trend"": true, ""mom_min"": 0.0, ""rsi2_max"": 100.0, ""rsi14_max"": 100.0, ""ret21_max"": 1.0, ""dist_ema20_max"": 1.0, ""dist_ema50_min"": -1.0, ""dist_hh60_min"": -1.0, ""atr_ratio_max"": 10.0, ""vol_ratio_min"": 0.0, ""up_close"": true, ""strong_close"": true}",8771,1252.0199452483378,0.4045148785771292,0.1539642266000397,1.2359179429078015,9.0,0.0,0.0171071362888933,6679,1668.6071184120465,0.36023356789938615,0.019983029213577877,1.0286047135140866,9.0,0.0,0.0022203365792864307,8025,2004.876796714579,0.3753271028037383,0.06427339150438595,1.0945726227004589,8.0,0.014205607476635514,0.008034173938048244
pullback,1.5,3.0,24165,"{""family"": ""pullback"", ""min_ddv"": 10000000.0, ""min_price"": 5.0, ""regime"": ""none"", ""trend"": true, ""mom_min"": 0.0, ""rsi2_max"": 100.0, ""rsi14_max"": 100.0, ""ret21_max"": 1.0, ""dist_ema20_max"": 1.0, ""dist_ema50_min"": -1.0, ""dist_hh60_min"": -1.0, ""atr_ratio_max"": 10.0, ""vol_ratio_min"": 0.0, ""up_close"": true, ""strong_close"": true}",8771,1252.0199452483378,0.3220841409189374,0.22191873401505535,1.2968147689393228,12.0,0.0,0.018493227834587945,6679,1668.6071184120465,0.28342566252433,0.06953500298425261,1.0886663060006898,11.0,0.0,0.006321363907659328,8025,2004.876796714579,0.30118380062305294,0.11746865200561905,1.1536719828958761,11.0,0.020685358255451713,0.010678968364147187
pullback,2.0,0.5,24165,"{""family"": ""pullback"", ""min_ddv"": 10000000.0, ""min_price"": 5.0, ""regime"": ""none"", ""trend"": true, ""mom_min"": 0.0, ""rsi2_max"": 100.0, ""rsi14_max"": 100.0, ""ret21_max"": 1.0, ""dist_ema20_max"": 1.0, ""dist_ema50_min"": -1.0, ""dist_hh60_min"": -1.0, ""atr_ratio_max"": 10.0, ""vol_ratio_min"": 0.0, ""up_close"": true, ""strong_close"": true}",8688,1240.172076652327,0.7243324125230203,0.04986771835289109,1.167800052965831,4.0,0.0,0.012466929588222772,6380,1593.908281998631,0.6797805642633229,-0.01726887933580437,0.9498415615824053,4.0,0.0,-0.004317219833951093,7660,1913.6892539356604,0.695822454308094,0.022506237462495637,1.0700804042837289,4.0,0.008093994778067885,0.005626559365623909
pullback,2.0,0.75,24165,"{""family"": ""pullback"", ""min_ddv"": 10000000.0, ""min_price"": 5.0, ""regime"": ""none"", ""trend"": true, ""mom_min"": 0.0, ""rsi2_max"": 100.0, ""rsi14_max"": 100.0, ""ret21_max"": 1.0, ""dist_ema20_max"": 1.0, ""dist_ema50_min"": -1.0, ""dist_hh60_min"": -1.0, ""atr_ratio_max"": 10.0, ""vol_ratio_min"": 0.0, ""up_close"": true, ""strong_close"": true}",8688,1240.172076652327,0.6374309392265194,0.07895402996465846,1.2023246852664349,6.0,0.0,0.013159004994109743,6380,1593.908281998631,0.590282131661442,-0.008081836124068719,0.9816467016858461,6.0,0.0,-0.0013469726873447864,7660,1913.6892539356604,0.6110966057441253,0.043030091066587714,1.104649950005991,6.0,0.0108355091383812,0.007171681844431285
pullback,2.0,1.0,24165,"{""family"": ""pullback"", ""min_ddv"": 10000000.0, ""min_price"": 5.0, ""regime"": ""none"", ""trend"": true, ""mom_min"": 0.0, ""rsi2_max"": 100.0, ""rsi14_max"": 100.0, ""ret21_max"": 1.0, ""dist_ema20_max"": 1.0, ""dist_ema50_min"": -1.0, ""dist_hh60_min"": -1.0, ""atr_ratio_max"": 10.0, ""vol_ratio_min"": 0.0, ""up_close"": true, ""strong_close"": true}",8688,1240.172076652327,0.5748158379373849,0.11028842275108618,1.240858850813562,8.0,0.0,0.013786052843885772,6380,1593.908281998631,0.5246081504702195,0.0074512360962633375,1.0146042551923402,8.0,0.0,0.0009314045120329172,7660,1913.6892539356604,0.5443864229765013,0.055921393396192794,1.115264597670646,8.0,0.014099216710182768,0.006990174174524099
pullback,2.0,1.5,24165,"{""family"": ""pullback"", ""min_ddv"": 10000000.0, ""min_price"": 5.0, ""regime"": ""none"", ""trend"": true, ""mom_min"": 0.0, ""rsi2_max"": 100.0, ""rsi14_max"": 100.0, ""ret21_max"": 1.0, ""dist_ema20_max"": 1.0, ""dist_ema50_min"": -1.0, ""dist_hh60_min"": -1.0, ""atr_ratio_max"": 10.0, ""vol_ratio_min"": 0.0, ""up_close"": true, ""strong_close"": true}",8688,1240.172076652327,0.483195211786372,0.1653276073944726,1.2965403595826615,11.0,0.0,0.015029782490406601,6380,1593.908281998631,0.43448275862068964,0.0422126979278552,1.0695422048782706,11.0,0.0,0.003837517993441382,7660,1913.6892539356604,0.46031331592689295,0.11029352242270057,1.1916064191588251,11.0,0.019843342036553524,0.010026683856609143
pullback,2.0,2.0,24165,"{""family"": ""pullback"", ""min_ddv"": 10000000.0, ""min_price"": 5.0, ""regime"": ""none"", ""trend"": true, ""mom_min"": 0.0, ""rsi2_max"": 100.0, ""rsi14_max"": 100.0, ""ret21_max"": 1.0, ""dist_ema20_max"": 1.0, ""dist_ema50_min"": -1.0, ""dist_hh60_min"": -1.0, ""atr_ratio_max"": 10.0, ""vol_ratio_min"": 0.0, ""up_close"": true, ""strong_close"": true}",8688,1240.172076652327,0.41931399631675875,0.21032735078197298,1.3345922925476477,15.0,0.0,0.014021823385464866,6380,1593.908281998631,0.3702194357366771,0.0640799919499072,1.094636606509745,14.0,0.0,0.004577142282136229,7660,1913.6892539356604,0.40234986945169715,0.14936119680857426,1.233268487334237,14.0,0.025848563968668407,0.010668656914898161
pullback,2.0,3.0,24165,"{""family"": ""pullback"", ""min_ddv"": 10000000.0, ""min_price"": 5.0, ""regime"": ""none"", ""trend"": true, ""mom_min"": 0.0, ""rsi2_max"": 100.0, ""rsi14_max"": 100.0, ""ret21_max"": 1.0, ""dist_ema20_max"": 1.0, ""dist_ema50_min"": -1.0, ""dist_hh60_min"": -1.0, ""atr_ratio_max"": 10.0, ""vol_ratio_min"": 0.0, ""up_close"": true, ""strong_close"": true}",8688,1240.172076652327,0.34035451197053407,0.3010622666373589,1.4194775227937981,20.0,0.0,0.015053113331867946,6380,1593.908281998631,0.29890282131661444,0.1485391540214009,1.1970769085879684,19.0,0.0,0.007817850211652677,7660,1913.6892539356604,0.3357702349869452,0.24619661912678834,1.3439446417304726,18.0,0.0391644908616188,0.013677589951488241
pullback,3.0,0.5,24165,"{""family"": ""pullback"", ""min_ddv"": 10000000.0, ""min_price"": 5.0, ""regime"": ""none"", ""trend"": true, ""mom_min"": 0.0, ""rsi2_max"": 100.0, ""rsi14_max"": 100.0, ""ret21_max"": 1.0, ""dist_ema20_max"": 1.0, ""dist_ema50_min"": -1.0, ""dist_hh60_min"": -1.0, ""atr_ratio_max"": 10.0, ""vol_ratio_min"": 0.0, ""up_close"": true, ""strong_close"": true}",8344,1191.0676574110284,0.7406519654841802,0.08816732088965801,1.3190233225514896,7.0,0.0,0.01259533155566543,5501,1374.3086926762492,0.7007816760588984,0.022929007195635953,1.071809292819742,8.0,0.0,0.002866125899454494,6567,1640.6262833675564,0.717374752550632,0.05997052260598241,1.2022033327135846,8.0,0.006091061367443277,0.007496315325747801
pullback,3.0,0.75,24165,"{""family"": ""pullback"", ""min_ddv"": 10000000.0, ""min_price"": 5.0, ""regime"": ""none"", ""trend"": true, ""mom_min"": 0.0, ""rsi2_max"": 100.0, ""rsi14_max"": 100.0, ""ret21_max"": 1.0, ""dist_ema20_max"": 1.0, ""dist_ema50_min"": -1.0, ""dist_hh60_min"": -1.0, ""atr_ratio_max"": 10.0, ""vol_ratio_min"": 0.0, ""up_close"": true, ""strong_close"": true}",8344,1191.0676574110284,0.660594439117929,0.13081909737967498,1.3627743907305168,12.0,0.0,0.010901591448306248,5501,1374.3086926762492,0.6175240865297219,0.053337043766476105,1.131311591136316,12.0,0.0,0.004444753647206342,6567,1640.6262833675564,0.6395614435815441,0.1007474611691453,1.2656627971298555,12.0,0.012182122734886554,0.008395621764095442
pullback,3.0,1.0,24165,"{""family"": ""pullback"", ""min_ddv"": 10000000.0, ""min_price"": 5.0, ""regime"": ""none"", ""trend"": true, ""mom_min"": 0.0, ""rsi2_max"": 100.0, ""rsi14_max"": 100.0, ""ret21_max"": 1.0, ""dist_ema20_max"": 1.0, ""dist_ema50_min"": -1.0, ""dist_hh60_min"": -1.0, ""atr_ratio_max"": 10.0, ""vol_ratio_min"": 0.0, ""up_close"": true, ""strong_close"": true}",8344,1191.0676574110284,0.600790987535954,0.17446221120152106,1.4110298543593907,16.0,0.0,0.010903888200095066,5501,1374.3086926762492,0.5606253408471187,0.09346493772477485,1.2008083774844989,16.0,0.0,0.005841558607798428,6567,1640.6262833675564,0.5861123800822293,0.14877597920876284,1.340821884481841,16.0,0.01751180143139942,0.009298498700547678
pullback,3.0,1.5,24165,"{""family"": ""pullback"", ""min_ddv"": 10000000.0, ""min_price"": 5.0, ""regime"": ""none"", ""trend"": true, ""mom_min"": 0.0, ""rsi2_max"": 100.0, ""rsi14_max"": 100.0, ""ret21_max"": 1.0, ""dist_ema20_max"": 1.0, ""dist_ema50_min"": -1.0, ""dist_hh60_min"": -1.0, ""atr_ratio_max"": 10.0, ""vol_ratio_min"": 0.0, ""up_close"": true, ""strong_close"": true}",8344,1191.0676574110284,0.5111457334611696,0.24574055438512588,1.4717872947902553,24.0,0.0,0.010239189766046911,5501,1374.3086926762492,0.46846027994910017,0.1420688368437744,1.2526765004601736,24.0,0.0,0.0059195348684905995,6567,1640.6262833675564,0.5034262220191869,0.214587729004327,1.4087338915964847,22.0,0.030303030303030304,0.009753987682014863
pullback,3.0,2.0,24165,"{""family"": ""pullback"", ""min_ddv"": 10000000.0, ""min_price"": 5.0, ""regime"": ""none"", ""trend"": true, ""mom_min"": 0.0, ""rsi2_max"": 100.0, ""rsi14_max"": 100.0, ""ret21_max"": 1.0, ""dist_ema20_max"": 1.0, ""dist_ema50_min"": -1.0, ""dist_hh60_min"": -1.0, ""atr_ratio_max"": 10.0, ""vol_ratio_min"": 0.0, ""up_close"": true, ""strong_close"": true}",8344,1191.0676574110284,0.4524209012464046,0.3162806576782357,1.5409418877087746,32.0,0.0003595397890699904,0.009883770552444866,5501,1374.3086926762492,0.4137429558262134,0.21356845875858235,1.3446680656792152,30.0,0.0,0.007118948625286078,6567,1640.6262833675564,0.4582000913659205,0.2997111427781884,1.521265070977819,28.0,0.04355108877721943,0.0107039693849353
pullback,3.0,3.0,24165,"{""family"": ""pullback"", ""min_ddv"": 10000000.0, ""min_price"": 5.0, ""regime"": ""none"", ""trend"": true, ""mom_min"": 0.0, ""rsi2_max"": 100.0, ""rsi14_max"": 100.0, ""ret21_max"": 1.0, ""dist_ema20_max"": 1.0, ""dist_ema50_min"": -1.0, ""dist_hh60_min"": -1.0, ""atr_ratio_max"": 10.0, ""vol_ratio_min"": 0.0, ""up_close"": true, ""strong_close"": true}",8344,1191.0676574110284,0.3696069031639501,0.43117559703475616,1.637290855592493,47.0,0.0016778523489932886,0.009173948873079919,5501,1374.3086926762492,0.32357753135793493,0.2528251542354143,1.3520513933657905,41.0,0.003453917469550991,0.006166467176473519,6567,1640.6262833675564,0.3966803715547434,0.4330682149700484,1.6759046446442734,37.0,0.07431094868280798,0.011704546350541849
pullback,1.0,0.5,12843,"{""family"": ""pullback"", ""min_ddv"": 10000000.0, ""min_price"": 5.0, ""regime"": ""none"", ""trend"": true, ""mom_min"": 0.15, ""rsi2_max"": 100.0, ""rsi14_max"": 100.0, ""ret21_max"": 1.0, ""dist_ema20_max"": 1.0, ""dist_ema50_min"": -1.0, ""dist_hh60_min"": -1.0, ""atr_ratio_max"": 10.0, ""vol_ratio_min"": 0.0, ""up_close"": true, ""strong_close"": true}",3680,525.3030895580758,0.6967391304347826,-0.030496575747145153,0.9093128537843721,2.0,0.0,-0.015248287873572576,4002,999.8151950718685,0.6499250374812594,-0.07920866747146484,0.7937404474187231,2.0,0.0,-0.03960433373573242,5039,1258.8877481177276,0.6576701726533042,-0.06038437355101407,0.837912707585885,2.0,0.0023814248858900575,-0.030192186775507036
pullback,1.0,0.75,12843,"{""family"": ""pullback"", ""min_ddv"": 10000000.0, ""min_price"": 5.0, ""regime"": ""none"", ""trend"": true, ""mom_min"": 0.15, ""rsi2_max"": 100.0, ""rsi14_max"": 100.0, ""ret21_max"": 1.0, ""dist_ema20_max"": 1.0, ""dist_ema50_min"": -1.0, ""dist_hh60_min"": -1.0, ""atr_ratio_max"": 10.0, ""vol_ratio_min"": 0.0, ""up_close"": true, ""strong_close"": true}",3680,525.3030895580758,0.6078804347826087,-0.015728566726816634,0.9641851082381534,2.0,0.0,-0.007864283363408317,4002,999.8151950718685,0.5634682658670664,-0.07072002027794272,0.8524979719190262,2.0,0.0,-0.03536001013897136,5039,1258.8877481177276,0.5675729311371304,-0.054597149201146125,0.884234143871701,2.0,0.002976781107362572,-0.027298574600573063
pullback,1.0,1.0,12843,"{""family"": ""pullback"", ""min_ddv"": 10000000.0, ""min_price"": 5.0, ""regime"": ""none"", ""trend"": true, ""mom_min"": 0.15, ""rsi2_max"": 100.0, ""rsi14_max"": 100.0, ""ret21_max"": 1.0, ""dist_ema20_max"": 1.0, ""dist_ema50_min"": -1.0, ""dist_hh60_min"": -1.0, ""atr_ratio_max"": 10.0, ""vol_ratio_min"": 0.0, ""up_close"": true, ""strong_close"": true}",3680,525.3030895580758,0.5426630434782609,0.00988472483546377,1.0192786511537981,3.0,0.0,0.0032949082784879233,4002,999.8151950718685,0.5007496251874063,-0.05704334479771468,0.896459240289077,3.0,0.0,-0.019014448265904895,5039,1258.8877481177276,0.49394721174836276,-0.06294551514547195,0.8864949799153016,3.0,0.0045643976979559435,-0.02098183838182398
pullback,1.0,1.5,12843,"{""family"": ""pullback"", ""min_ddv"": 10000000.0, ""min_price"": 5.0, ""regime"": ""none"", ""trend"": true, ""mom_min"": 0.15, ""rsi2_max"": 100.0, ""rsi14_max"": 100.0, ""ret21_max"": 1.0, ""dist_ema20_max"": 1.0, ""dist_ema50_min"": -1.0, ""dist_hh60_min"": -1.0, ""atr_ratio_max"": 10.0, ""vol_ratio_min"": 0.0, ""up_close"": true, ""strong_close"": true}",3680,525.3030895580758,0.4489130434782609,0.05092596415971724,1.082440352537079,4.0,0.0,0.01273149103992931,4002,999.8151950718685,0.395552223888056,-0.08062467709627391,0.8790841891767779,4.0,0.0,-0.020156169274068478,5039,1258.8877481177276,0.39888866838658465,-0.0688679147014343,0.8964654043946412,4.0,0.006350466362373487,-0.017216978675358575
pullback,1.0,2.0,12843,"{""family"": ""pullback"", ""min_ddv"": 10000000.0, ""min_price"": 5.0, ""regime"": ""none"", ""trend"": true, ""mom_min"": 0.15, ""rsi2_max"": 100.0, ""rsi14_max"": 100.0, ""ret21_max"": 1.0, ""dist_ema20_max"": 1.0, ""dist_ema50_min"": -1.0, ""dist_hh60_min"": -1.0, ""atr_ratio_max"": 10.0, ""vol_ratio_min"": 0.0, ""up_close"": true, ""strong_close"": true}",3680,525.3030895580758,0.3858695652173913,0.08272989351407391,1.1203424676261373,5.0,0.0,0.01654597870281478,4002,999.8151950718685,0.3263368315842079,-0.09650592772063057,0.8702210912281751,5.0,0.0,-0.019301185544126114,5039,1258.8877481177276,0.33855923794403653,-0.06400107499700819,0.9129513172127455,4.0,0.007938082952966859,-0.016000268749252047
pullback,1.0,3.0,12843,"{""family"": ""pullback"", ""min_ddv"": 10000000.0, ""min_price"": 5.0, ""regime"": ""none"", ""trend"": true, ""mom_min"": 0.15, ""rsi2_max"": 100.0, ""rsi14_max"": 100.0, ""ret21_max"": 1.0, ""dist_ema20_max"": 1.0, ""dist_ema50_min"": -1.0, ""dist_hh60_min"": -1.0, ""atr_ratio_max"": 10.0, ""vol_ratio_min"": 0.0, ""up_close"": true, ""strong_close"": true}",3680,525.3030895580758,0.29646739130434785,0.09576706934116035,1.1204746220785888,6.0,0.0,0.015961178223526724,4002,999.8151950718685,0.25112443778110943,-0.0834415609113944,0.9003353840318234,5.0,0.0,-0.01668831218227888,5039,1258.8877481177276,0.26533042270291723,-0.03370198624838988,0.9591206122202709,5.0,0.01071641198650526,-0.006740397249677977
pullback,1.5,0.5,12843,"{""family"": ""pullback"", ""min_ddv"": 10000000.0, ""min_price"": 5.0, ""regime"": ""none"", ""trend"": true, ""mom_min"": 0.15, ""rsi2_max"": 100.0, ""rsi14_max"": 100.0, ""ret21_max"": 1.0, ""dist_ema20_max"": 1.0, ""dist_ema50_min"": -1.0, ""dist_hh60_min"": -1.0, ""atr_ratio_max"": 10.0, ""vol_ratio_min"": 0.0, ""up_close"": true, ""strong_close"": true}",3633,518.5940555338287,0.7162124965593174,0.02823575133282107,1.0913274115558458,3.0,0.0,0.009411917110940356,3763,940.1060917180014,0.6593143768269998,-0.051147801824340894,0.8612719605668782,3.0,0.0,-0.0170492672747803,4784,1195.1813826146474,0.6678511705685619,-0.02674020838865654,0.9247814599596095,3.0,0.003971571906354515,-0.008913402796218847
pullback,1.5,0.75,12843,"{""family"": ""pullback"", ""min_ddv"": 10000000.0, ""min_price"": 5.0, ""regime"": ""none"", ""trend"": true, ""mom_min"": 0.15, ""rsi2_max"": 100.0, ""rsi14_max"": 100.0, ""ret21_max"": 1.0, ""dist_ema20_max"": 1.0, ""dist_ema50_min"": -1.0, ""dist_hh60_min"": -1.0, ""atr_ratio_max"": 10.0, ""vol_ratio_min"": 0.0, ""up_close"": true, ""strong_close"": true}",3633,518.5940555338287,0.6237269474263694,0.05429309700380206,1.1325349639549482,4.0,0.0,0.013573274250950515,3763,940.1060917180014,0.5628487908583577,-0.05790192782146204,0.8778340539242747,4.0,0.0,-0.01447548195536551,4784,1195.1813826146474,0.5788043478260869,-0.01793513847780104,0.9603241185959688,4.0,0.007525083612040134,-0.00448378461945026
pullback,1.5,1.0,12843,"{""family"": ""pullback"", ""min_ddv"": 10000000.0, ""min_price"": 5.0, ""regime"": ""none"", ""trend"": true, ""mom_min"": 0.15, ""rsi2_max"": 100.0, ""rsi14_max"": 100.0, ""ret21_max"": 1.0, ""dist_ema20_max"": 1.0, ""dist_ema50_min"": -1.0, ""dist_hh60_min"": -1.0, ""atr_ratio_max"": 10.0, ""vol_ratio_min"": 0.0, ""up_close"": true, ""strong_close"": true}",3633,518.5940555338287,0.5612441508395266,0.08458942088568655,1.1777170799013261,5.0,0.0,0.01691788417713731,3763,940.1060917180014,0.4969439277172469,-0.053027594580267866,0.9025062016842408,5.0,0.0,-0.010605518916053573,4784,1195.1813826146474,0.5068979933110368,-0.024523373163938864,0.9538356904246031,5.0,0.00919732441471572,-0.004904674632787773
pullback,1.5,1.5,12843,"{""family"": ""pullback"", ""min_ddv"": 10000000.0, ""min_price"": 5.0, ""regime"": ""none"", ""trend"": true, ""mom_min"": 0.15, ""rsi2_max"": 100.0, ""rsi14_max"": 100.0, ""ret21_max"": 1.0, ""dist_ema20_max"": 1.0, ""dist_ema50_min"": -1.0, ""dist_hh60_min"": -1.0, ""atr_ratio_max"": 10.0, ""vol_ratio_min"": 0.0, ""up_close"": true, ""strong_close"": true}",3633,518.5940555338287,0.46958436553812277,0.12965338512810223,1.22540567939416,7.0,0.0,0.01852191216115746,3763,940.1060917180014,0.40100983258038797,-0.04775642874684244,0.9262198758471748,7.0,0.0,-0.0068223469638346345,4784,1195.1813826146474,0.41952341137123744,-0.0020158101045353338,0.9967919232333615,7.0,0.012959866220735786,-0.00028797287207647625
pullback,1.5,2.0,12843,"{""family"": ""pullback"", ""min_ddv"": 10000000.0, ""min_price"": 5.0, ""regime"": ""none"", ""trend"": true, ""mom_min"": 0.15, ""rsi2_max"": 100.0, ""rsi14_max"": 100.0, ""ret21_max"": 1.0, ""dist_ema20_max"": 1.0, ""dist_ema50_min"": -1.0, ""dist_hh60_min"": -1.0, ""atr_ratio_max"": 10.0, ""vol_ratio_min"": 0.0, ""up_close"": true, ""strong_close"": true}",3633,518.5940555338287,0.39801816680429397,0.1422273546794533,1.216683237133564,9.0,0.0,0.015803039408828143,3763,940.1060917180014,0.34387456816369916,-0.02731301947572719,0.9617740424338819,8.0,0.0,-0.003414127434465899,4784,1195.1813826146474,0.36454849498327757,0.035996190637875514,1.0521669134151446,8.0,0.016095317725752508,0.004499523829734439
pullback,1.5,3.0,12843,"{""family"": ""pullback"", ""min_ddv"": 10000000.0, ""min_price"": 5.0, ""regime"": ""none"", ""trend"": true, ""mom_min"": 0.15, ""rsi2_max"": 100.0, ""rsi14_max"": 100.0, ""ret21_max"": 1.0, ""dist_ema20_max"": 1.0, ""dist_ema50_min"": -1.0, ""dist_hh60_min"": -1.0, ""atr_ratio_max"": 10.0, ""vol_ratio_min"": 0.0, ""up_close"": true, ""strong_close"": true}",3633,518.5940555338287,0.3044315992292871,0.16062127605542562,1.2099677876140373,12.0,0.0,0.013385106337952134,3763,940.1060917180014,0.26999734254584107,0.018383289619731402,1.0230676232884546,11.0,0.0,0.0016712081472483092,4784,1195.1813826146474,0.29285117056856186,0.09201671482994178,1.1195307502558627,10.0,0.022366220735785952,0.009201671482994177
pullback,2.0,0.5,12843,"{""family"": ""pullback"", ""min_ddv"": 10000000.0, ""min_price"": 5.0, ""regime"": ""none"", ""trend"": true, ""mom_min"": 0.15, ""rsi2_max"": 100.0, ""rsi14_max"": 100.0, ""ret21_max"": 1.0, ""dist_ema20_max"": 1.0, ""dist_ema50_min"": -1.0, ""dist_hh60_min"": -1.0, ""atr_ratio_max"": 10.0, ""vol_ratio_min"": 0.0, ""up_close"": true, ""strong_close"": true}",3559,508.0308955807587,0.7204270862601855,0.05299143302679845,1.1759586636504404,4.0,0.0,0.013247858256699612,3485,870.6536618754278,0.6682926829268293,-0.027582123331497975,0.9221893693730006,4.0,0.0,-0.006895530832874494,4453,1112.4880219028062,0.6894228609925893,0.018553160320333002,1.0567405899422204,4.0,0.010554682236694363,0.004638290080083251
pullback,2.0,0.75,12843,"{""family"": ""pullback"", ""min_ddv"": 10000000.0, ""min_price"": 5.0, ""regime"": ""none"", ""trend"": true, ""mom_min"": 0.15, ""rsi2_max"": 100.0, ""rsi14_max"": 100.0, ""ret21_max"": 1.0, ""dist_ema20_max"": 1.0, ""dist_ema50_min"": -1.0, ""dist_hh60_min"": -1.0, ""atr_ratio_max"": 10.0, ""vol_ratio_min"": 0.0, ""up_close"": true, ""strong_close"": true}",3559,508.0308955807587,0.6322000561955605,0.07933754629160596,1.2006208968470544,6.0,0.0,0.013222924381934327,3485,870.6536618754278,0.5715925394548063,-0.035843026859157016,0.921728501187724,6.0,0.0,-0.0059738378098595024,4453,1112.4880219028062,0.5993712104199416,0.02728843818140642,1.064654596489653,6.0,0.013923197844150012,0.004548073030234403
pullback,2.0,1.0,12843,"{""family"": ""pullback"", ""min_ddv"": 10000000.0, ""min_price"": 5.0, ""regime"": ""none"", ""trend"": true, ""mom_min"": 0.15, ""rsi2_max"": 100.0, ""rsi14_max"": 100.0, ""ret21_max"": 1.0, ""dist_ema20_max"": 1.0, ""dist_ema50_min"": -1.0, ""dist_hh60_min"": -1.0, ""atr_ratio_max"": 10.0, ""vol_ratio_min"": 0.0, ""up_close"": true, ""strong_close"": true}",3559,508.0308955807587,0.5745996066310761,0.11847081644305664,1.2586247666721688,8.0,0.0,0.01480885205538208,3485,870.6536618754278,0.5058823529411764,-0.025435767374493656,0.951797944981783,8.0,0.0,-0.003179470921811707,4453,1112.4880219028062,0.5333483045138109,0.038740758303313354,1.0782949987164825,8.0,0.01661801033011453,0.004842594787914169
pullback,2.0,1.5,12843,"{""family"": ""pullback"", ""min_ddv"": 10000000.0, ""min_price"": 5.0, ""regime"": ""none"", ""trend"": true, ""mom_min"": 0.15, ""rsi2_max"": 100.0, ""rsi14_max"": 100.0, ""ret21_max"": 1.0, ""dist_ema20_max"": 1.0, ""dist_ema50_min"": -1.0, ""dist_hh60_min"": -1.0, ""atr_ratio_max"": 10.0, ""vol_ratio_min"": 0.0, ""up_close"": true, ""strong_close"": true}",3559,508.0308955807587,0.4790671536948581,0.15891295474963293,1.2823900464686264,11.0,0.0,0.01444663224996663,3485,870.6536618754278,0.4163558106169297,-0.0012619916675767524,0.9979782183610904,11.0,0.0,-0.00011472651523425022,4453,1112.4880219028062,0.4516056591062205,0.09471788490163467,1.162639536114394,11.0,0.022905906130698407,0.008610716809239515
pullback,2.0,2.0,12843,"{""family"": ""pullback"", ""min_ddv"": 10000000.0, ""min_price"": 5.0, ""regime"": ""none"", ""trend"": true, ""mom_min"": 0.15, ""rsi2_max"": 100.0, ""rsi14_max"": 100.0, ""ret21_max"": 1.0, ""dist_ema20_max"": 1.0, ""dist_ema50_min"": -1.0, ""dist_hh60_min"": -1.0, ""atr_ratio_max"": 10.0, ""vol_ratio_min"": 0.0, ""up_close"": true, ""strong_close"": true}",3559,508.0308955807587,0.403765102556898,0.16634671225357112,1.257142314185592,14.0,0.0,0.011881908018112222,3485,870.6536618754278,0.3497847919655667,0.004312044656013756,1.0061832587647255,14.0,0.0,0.00030800318971526823,4453,1112.4880219028062,0.39344262295081966,0.13303561027742578,1.206252112219982,14.0,0.02896923422411857,0.009502543591244698
pullback,2.0,3.0,12843,"{""family"": ""pullback"", ""min_ddv"": 10000000.0, ""min_price"": 5.0, ""regime"": ""none"", ""trend"": true, ""mom_min"": 0.15, ""rsi2_max"": 100.0, ""rsi14_max"": 100.0, ""ret21_max"": 1.0, ""dist_ema20_max"": 1.0, ""dist_ema50_min"": -1.0, ""dist_hh60_min"": -1.0, ""atr_ratio_max"": 10.0, ""vol_ratio_min"": 0.0, ""up_close"": true, ""strong_close"": true}",3559,508.0308955807587,0.3158190502950267,0.2086122642316823,1.2801603106990296,20.0,0.0,0.010430613211584115,3485,870.6536618754278,0.2794835007173601,0.06976468154558846,1.0902376469292534,18.0,0.0,0.003875815641421581,4453,1112.4880219028062,0.3240512014372333,0.21481391889213858,1.2977089874055168,18.0,0.040422187289467774,0.011934106605118809
pullback,3.0,0.5,12843,"{""family"": ""pullback"", ""min_ddv"": 10000000.0, ""min_price"": 5.0, ""regime"": ""none"", ""trend"": true, ""mom_min"": 0.15, ""rsi2_max"": 100.0, ""rsi14_max"": 100.0, ""ret21_max"": 1.0, ""dist_ema20_max"": 1.0, ""dist_ema50_min"": -1.0, ""dist_hh60_min"": -1.0, ""atr_ratio_max"": 10.0, ""vol_ratio_min"": 0.0, ""up_close"": true, ""strong_close"": true}",3271,466.9202190066484,0.7422806481198411,0.09441213294840183,1.34234707565606,8.0,0.0,0.011801516618550228,2775,693.2751540041068,0.6836036036036036,-0.0017945617933080946,0.9947007984467683,8.0,0.0,-0.00022432022416351183,3531,882.1457905544148,0.7088643443783631,0.04894890424214203,1.1597688377633621,8.0,0.00594732370433305,0.006118613030267754
pullback,3.0,0.75,12843,"{""family"": ""pullback"", ""min_ddv"": 10000000.0, ""min_price"": 5.0, ""regime"": ""none"", ""trend"": true, ""mom_min"": 0.15, ""rsi2_max"": 100.0, ""rsi14_max"": 100.0, ""ret21_max"": 1.0, ""dist_ema20_max"": 1.0, ""dist_ema50_min"": -1.0, ""dist_hh60_min"": -1.0, ""atr_ratio_max"": 10.0, ""vol_ratio_min"": 0.0, ""up_close"": true, ""strong_close"": true}",3271,466.9202190066484,0.6618771018037297,0.13502333090381616,1.3750336736318471,12.0,0.0,0.01125194424198468,2775,693.2751540041068,0.6075675675675676,0.03469021459635536,1.0829722228314997,12.0,0.0,0.0028908512163629465,3531,882.1457905544148,0.6321155480033984,0.09239695365029925,1.238580690874144,12.0,0.01047861795525347,0.007699746137524937
pullback,3.0,1.0,12843,"{""family"": ""pullback"", ""min_ddv"": 10000000.0, ""min_price"": 5.0, ""regime"": ""none"", ""trend"": true, ""mom_min"": 0.15, ""rsi2_max"": 100.0, ""rsi14_max"": 100.0, ""ret21_max"": 1.0, ""dist_ema20_max"": 1.0, ""dist_ema50_min"": -1.0, ""dist_hh60_min"": -1.0, ""atr_ratio_max"": 10.0, ""vol_ratio_min"": 0.0, ""up_close"": true, ""strong_close"": true}",3271,466.9202190066484,0.5949250993579945,0.16300893097170502,1.3765298026059074,16.0,0.0,0.010188058185731564,2775,693.2751540041068,0.5520720720720721,0.0761779622563696,1.1601482468898017,16.0,0.0,0.0047611226410231,3531,882.1457905544148,0.5831209289153214,0.1484144072571512,1.3372686519915826,16.0,0.016142735768903994,0.00927590045357195
pullback,3.0,1.5,12843,"{""family"": ""pullback"", ""min_ddv"": 10000000.0, ""min_price"": 5.0, ""regime"": ""none"", ""trend"": true, ""mom_min"": 0.15, ""rsi2_max"": 100.0, ""rsi14_max"": 100.0, ""ret21_max"": 1.0, ""dist_ema20_max"": 1.0, ""dist_ema50_min"": -1.0, ""dist_hh60_min"": -1.0, ""atr_ratio_max"": 10.0, ""vol_ratio_min"": 0.0, ""up_close"": true, ""strong_close"": true}",3271,466.9202190066484,0.4891470498318557,0.19398325899001442,1.355750403221811,24.0,0.0,0.008082635791250601,2775,693.2751540041068,0.4590990990990991,0.1186701109277886,1.206950395372263,23.0,0.0,0.005159570040338635,3531,882.1457905544148,0.49985839705465873,0.21275694887881097,1.4036187241542761,22.0,0.02888700084961767,0.009670770403582317
pullback,3.0,2.0,12843,"{""family"": ""pullback"", ""min_ddv"": 10000000.0, ""min_price"": 5.0, ""regime"": ""none"", ""trend"": true, ""mom_min"": 0.15, ""rsi2_max"": 100.0, ""rsi14_max"": 100.0, ""ret21_max"": 1.0, ""dist_ema20_max"": 1.0, ""dist_ema50_min"": -1.0, ""dist_hh60_min"": -1.0, ""atr_ratio_max"": 10.0, ""vol_ratio_min"": 0.0, ""up_close"": true, ""strong_close"": true}",3271,466.9202190066484,0.42494649954142466,0.2367578556662979,1.3853589959910169,30.0,0.0006114338122898196,0.00789192852220993,2775,693.2751540041068,0.4025225225225225,0.1771553761196485,1.2798825430149565,29.0,0.0,0.006108806073091327,3531,882.1457905544148,0.4497309544038516,0.2843832400173018,1.4892843151517456,28.0,0.03936561880487114,0.010156544286332208
pullback,3.0,3.0,12843,"{""family"": ""pullback"", ""min_ddv"": 10000000.0, ""min_price"": 5.0, ""regime"": ""none"", ""trend"": true, ""mom_min"": 0.15, ""rsi2_max"": 100.0, ""rsi14_max"": 100.0, ""ret21_max"": 1.0, ""dist_ema20_max"": 1.0, ""dist_ema50_min"": -1.0, ""dist_hh60_min"": -1.0, ""atr_ratio_max"": 10.0, ""vol_ratio_min"": 0.0, ""up_close"": true, ""strong_close"": true}",3271,466.9202190066484,0.33873433200856007,0.30966186689570974,1.4348731448341447,44.0,0.0018343014368694588,0.007037769702175221,2775,693.2751540041068,0.3181981981981982,0.2256017370065987,1.3101203658769158,40.0,0.002882882882882883,0.0056400434251649674,3531,882.1457905544148,0.3843103936561881,0.402280742639178,1.616971679210935,36.0,0.0637213254035684,0.0111744650733105
pullback,1.0,0.5,22417,"{""family"": ""pullback"", ""min_ddv"": 10000000.0, ""min_price"": 5.0, ""regime"": ""none"", ""trend"": true, ""mom_min"": -1.0, ""rsi2_max"": 100.0, ""rsi14_max"": 100.0, ""ret21_max"": -0.02, ""dist_ema20_max"": 1.0, ""dist_ema50_min"": -1.0, ""dist_hh60_min"": -1.0, ""atr_ratio_max"": 10.0, ""vol_ratio_min"": 0.0, ""up_close"": true, ""strong_close"": false}",7679,1096.1419632381696,0.6935798932152624,-0.04686248430388415,0.8638708246680405,2.0,0.0,-0.023431242151942075,6675,1667.6078028747434,0.6500374531835206,-0.08774069112057387,0.7724059249506313,2.0,0.0,-0.04387034556028693,7921,1978.8945927446953,0.6691074359298068,-0.05343817815176675,0.8529262378998137,2.0,0.0021461936624163616,-0.026719089075883374
pullback,1.0,0.75,22417,"{""family"": ""pullback"", ""min_ddv"": 10000000.0, ""min_price"": 5.0, ""regime"": ""none"", ""trend"": true, ""mom_min"": -1.0, ""rsi2_max"": 100.0, ""rsi14_max"": 100.0, ""ret21_max"": -0.02, ""dist_ema20_max"": 1.0, ""dist_ema50_min"": -1.0, ""dist_hh60_min"": -1.0, ""atr_ratio_max"": 10.0, ""vol_ratio_min"": 0.0, ""up_close"": true, ""strong_close"": false}",7679,1096.1419632381696,0.6121890871207188,-0.01640968533180716,0.9626255520561617,2.0,0.0,-0.00820484266590358,6675,1667.6078028747434,0.5661423220973782,-0.0734545662629534,0.8465662390928396,2.0,0.0,-0.0367272831314767,7921,1978.8945927446953,0.5814922358288095,-0.037270538680899884,0.9189423835728393,2.0,0.0029036737785633126,-0.018635269340449942
pullback,1.0,1.0,22417,"{""family"": ""pullback"", ""min_ddv"": 10000000.0, ""min_price"": 5.0, ""regime"": ""none"", ""trend"": true, ""mom_min"": -1.0, ""rsi2_max"": 100.0, ""rsi14_max"": 100.0, ""ret21_max"": -0.02, ""dist_ema20_max"": 1.0, ""dist_ema50_min"": -1.0, ""dist_hh60_min"": -1.0, ""atr_ratio_max"": 10.0, ""vol_ratio_min"": 0.0, ""up_close"": true, ""strong_close"": false}",7679,1096.1419632381696,0.5453835134783175,0.008160755793949452,1.015878295265599,3.0,0.0,0.002720251931316484,6675,1667.6078028747434,0.5017228464419475,-0.06303027087886912,0.8857459766303621,3.0,0.0,-0.021010090292956373,7921,1978.8945927446953,0.5135715187476328,-0.03035223460344608,0.9433483175109291,3.0,0.00340866052266128,-0.010117411534482026
pullback,1.0,1.5,22417,"{""family"": ""pullback"", ""min_ddv"": 10000000.0, ""min_price"": 5.0, ""regime"": ""none"", ""trend"": true, ""mom_min"": -1.0, ""rsi2_max"": 100.0, ""rsi14_max"": 100.0, ""ret21_max"": -0.02, ""dist_ema20_max"": 1.0, ""dist_ema50_min"": -1.0, ""dist_hh60_min"": -1.0, ""atr_ratio_max"": 10.0, ""vol_ratio_min"": 0.0, ""up_close"": true, ""strong_close"": false}",7679,1096.1419632381696,0.4522724313061597,0.048831171114666665,1.0787329748064425,4.0,0.0,0.012207792778666666,6675,1667.6078028747434,0.40119850187265915,-0.07225126883469425,0.891090400393532,4.0,0.0,-0.018062817208673563,7921,1978.8945927446953,0.42545133190253753,-0.0018795403653040698,0.997048597255394,4.0,0.004923620754955183,-0.00046988509132601746
pullback,1.0,2.0,22417,"{""family"": ""pullback"", ""min_ddv"": 10000000.0, ""min_price"": 5.0, ""regime"": ""none"", ""trend"": true, ""mom_min"": -1.0, ""rsi2_max"": 100.0, ""rsi14_max"": 100.0, ""ret21_max"": -0.02, ""dist_ema20_max"": 1.0, ""dist_ema50_min"": -1.0, ""dist_hh60_min"": -1.0, ""atr_ratio_max"": 10.0, ""vol_ratio_min"": 0.0, ""up_close"": true, ""strong_close"": false}",7679,1096.1419632381696,0.3895038416460477,0.08366011436926946,1.121242102735713,5.0,0.0,0.01673202287385389,6675,1667.6078028747434,0.3360299625468165,-0.07104527179101132,0.9037319969357398,5.0,0.0,-0.014209054358202263,7921,1978.8945927446953,0.36081302865799775,0.011923497386711498,1.0168024737239463,4.0,0.006943567731347052,0.0029808743466778745
pullback,1.0,3.0,22417,"{""family"": ""pullback"", ""min_ddv"": 10000000.0, ""min_price"": 5.0, ""regime"": ""none"", ""trend"": true, ""mom_min"": -1.0, ""rsi2_max"": 100.0, ""rsi14_max"": 100.0, ""ret21_max"": -0.02, ""dist_ema20_max"": 1.0, ""dist_ema50_min"": -1.0, ""dist_hh60_min"": -1.0, ""atr_ratio_max"": 10.0, ""vol_ratio_min"": 0.0, ""up_close"": true, ""strong_close"": false}",7679,1096.1419632381696,0.30433650214871727,0.1247817385019742,1.1579394767372828,6.0,0.0,0.0207969564169957,6675,1667.6078028747434,0.26127340823970036,-0.04841326621149701,0.9416756684434496,6.0,0.0,-0.008068877701916168,7921,1978.8945927446953,0.28140386314859234,0.03558465216628718,1.0443465868838921,6.0,0.009973488195934856,0.005930775361047864
pullback,1.5,0.5,22417,"{""family"": ""pullback"", ""min_ddv"": 10000000.0, ""min_price"": 5.0, ""regime"": ""none"", ""trend"": true, ""mom_min"": -1.0, ""rsi2_max"": 100.0, ""rsi14_max"": 100.0, ""ret21_max"": -0.02, ""dist_ema20_max"": 1.0, ""dist_ema50_min"": -1.0, ""dist_hh60_min"": -1.0, ""atr_ratio_max"": 10.0, ""vol_ratio_min"": 0.0, ""up_close"": true, ""strong_close"": false}",7635,1089.8611654282363,0.7091028159790439,0.011224223072753427,1.0352398899004354,3.0,0.0,0.003741407690917809,6375,1592.659137577002,0.668235294117647,-0.04138385907505828,0.8850209100477704,3.0,0.0,-0.013794619691686093,7634,1907.1937029431895,0.6823421535237097,-0.006848431016143796,0.9798487261849277,3.0,0.003536809012313335,-0.0022828103387145986
pullback,1.5,0.75,22417,"{""family"": ""pullback"", ""min_ddv"": 10000000.0, ""min_price"": 5.0, ""regime"": ""none"", ""trend"": true, ""mom_min"": -1.0, ""rsi2_max"": 100.0, ""rsi14_max"": 100.0, ""ret21_max"": -0.02, ""dist_ema20_max"": 1.0, ""dist_ema50_min"": -1.0, ""dist_hh60_min"": -1.0, ""atr_ratio_max"": 10.0, ""vol_ratio_min"": 0.0, ""up_close"": true, ""strong_close"": false}",7635,1089.8611654282363,0.6231827111984283,0.046014636636641834,1.111789144304127,4.0,0.0,0.011503659159160459,6375,1592.659137577002,0.5730196078431372,-0.04396643343003889,0.9050504208387863,4.0,0.0,-0.010991608357509723,7634,1907.1937029431895,0.5986376735656275,0.015513700127575369,1.036045552973015,4.0,0.0052397170552790145,0.003878425031893842
pullback,1.5,1.0,22417,"{""family"": ""pullback"", ""min_ddv"": 10000000.0, ""min_price"": 5.0, ""regime"": ""none"", ""trend"": true, ""mom_min"": -1.0, ""rsi2_max"": 100.0, ""rsi14_max"": 100.0, ""ret21_max"": -0.02, ""dist_ema20_max"": 1.0, ""dist_ema50_min"": -1.0, ""dist_hh60_min"": -1.0, ""atr_ratio_max"": 10.0, ""vol_ratio_min"": 0.0, ""up_close"": true, ""strong_close"": false}",7635,1089.8611654282363,0.5588736083824493,0.0706638929905804,1.1464861570973497,5.0,0.0,0.01413277859811608,6375,1592.659137577002,0.5124705882352941,-0.026322146090971887,0.9501934182938985,5.0,0.0,-0.005264429218194378,7634,1907.1937029431895,0.5339271679329316,0.030873031478133726,1.0615853511679685,5.0,0.006811632171862719,0.006174606295626745
pullback,1.5,1.5,22417,"{""family"": ""pullback"", ""min_ddv"": 10000000.0, ""min_price"": 5.0, ""regime"": ""none"", ""trend"": true, ""mom_min"": -1.0, ""rsi2_max"": 100.0, ""rsi14_max"": 100.0, ""ret21_max"": -0.02, ""dist_ema20_max"": 1.0, ""dist_ema50_min"": -1.0, ""dist_hh60_min"": -1.0, ""atr_ratio_max"": 10.0, ""vol_ratio_min"": 0.0, ""up_close"": true, ""strong_close"": false}",7635,1089.8611654282363,0.46601178781925345,0.1124230747644306,1.1923388973711073,7.0,0.0,0.016060439252061513,6375,1592.659137577002,0.4139607843137255,-0.01818178004505455,0.9714076985499908,7.0,0.0,-0.002597397149293507,7634,1907.1937029431895,0.4397432538642913,0.05497101580369397,1.090977567059241,7.0,0.01100340581608593,0.007853002257670567
pullback,1.5,2.0,22417,"{""family"": ""pullback"", ""min_ddv"": 10000000.0, ""min_price"": 5.0, ""regime"": ""none"", ""trend"": true, ""mom_min"": -1.0, ""rsi2_max"": 100.0, ""rsi14_max"": 100.0, ""ret21_max"": -0.02, ""dist_ema20_max"": 1.0, ""dist_ema50_min"": -1.0, ""dist_hh60_min"": -1.0, ""atr_ratio_max"": 10.0, ""vol_ratio_min"": 0.0, ""up_close"": true, ""strong_close"": false}",7635,1089.8611654282363,0.4028814669286182,0.15251239665679528,1.2329104420570027,9.0,0.0,0.016945821850755032,6375,1592.659137577002,0.35654901960784313,0.005879491725209106,1.0083583775288523,9.0,0.0,0.0006532768583565673,7634,1907.1937029431895,0.37856955724390884,0.08155750771802445,1.1214278878188033,9.0,0.014016243122871365,0.009061945302002716
pullback,1.5,3.0,22417,"{""family"": ""pullback"", ""min_ddv"": 10000000.0, ""min_price"": 5.0, ""regime"": ""none"", ""trend"": true, ""mom_min"": -1.0, ""rsi2_max"": 100.0, ""rsi14_max"": 100.0, ""ret21_max"": -0.02, ""dist_ema20_max"": 1.0, ""dist_ema50_min"": -1.0, ""dist_hh60_min"": -1.0, ""atr_ratio_max"": 10.0, ""vol_ratio_min"": 0.0, ""up_close"": true, ""strong_close"": false}",7635,1089.8611654282363,0.3185330713817944,0.21138284159604748,1.2812913192891557,12.0,0.0,0.017615236799670624,6375,1592.659137577002,0.2787450980392157,0.05241736628439592,1.0663672102105606,11.0,0.0,0.0047652151167632655,7634,1907.1937029431895,0.30547550432276654,0.14660804645234296,1.1950169453243467,11.0,0.021089861147498036,0.01332800422294027
pullback,2.0,0.5,22417,"{""family"": ""pullback"", ""min_ddv"": 10000000.0, ""min_price"": 5.0, ""regime"": ""none"", ""trend"": true, ""mom_min"": -1.0, ""rsi2_max"": 100.0, ""rsi14_max"": 100.0, ""ret21_max"": -0.02, ""dist_ema20_max"": 1.0, ""dist_ema50_min"": -1.0, ""dist_hh60_min"": -1.0, ""atr_ratio_max"": 10.0, ""vol_ratio_min"": 0.0, ""up_close"": true, ""strong_close"": false}",7548,1077.4423152131403,0.7184684684684685,0.043853395945186294,1.1446795838229862,4.0,0.0,0.010963348986296573,6058,1513.463381245722,0.679267084846484,-0.013791199471207079,0.9597758024555313,4.0,0.0,-0.0034477998678017698,7256,1812.7583846680357,0.698180815876516,0.02847216540106178,1.0894970838491593,4.0,0.006063947078280044,0.007118041350265445
pullback,2.0,0.75,22417,"{""family"": ""pullback"", ""min_ddv"": 10000000.0, ""min_price"": 5.0, ""regime"": ""none"", ""trend"": true, ""mom_min"": -1.0, ""rsi2_max"": 100.0, ""rsi14_max"": 100.0, ""ret21_max"": -0.02, ""dist_ema20_max"": 1.0, ""dist_ema50_min"": -1.0, ""dist_hh60_min"": -1.0, ""atr_ratio_max"": 10.0, ""vol_ratio_min"": 0.0, ""up_close"": true, ""strong_close"": false}",7548,1077.4423152131403,0.6334128245892952,0.07554048211659778,1.1912310552204648,6.0,0.0,0.012590080352766297,6058,1513.463381245722,0.5926048200726313,-0.0007858658536261124,0.998198957895149,6.0,0.0,-0.00013097764227101873,7256,1812.7583846680357,0.61742006615215,0.05830734794656891,1.1443226032607208,6.0,0.008820286659316428,0.009717891324428152
pullback,2.0,1.0,22417,"{""family"": ""pullback"", ""min_ddv"": 10000000.0, ""min_price"": 5.0, ""regime"": ""none"", ""trend"": true, ""mom_min"": -1.0, ""rsi2_max"": 100.0, ""rsi14_max"": 100.0, ""ret21_max"": -0.02, ""dist_ema20_max"": 1.0, ""dist_ema50_min"": -1.0, ""dist_hh60_min"": -1.0, ""atr_ratio_max"": 10.0, ""vol_ratio_min"": 0.0, ""up_close"": true, ""strong_close"": false}",7548,1077.4423152131403,0.571939586645469,0.10752556040274036,1.2327079084995916,8.0,0.0,0.013440695050342545,6058,1513.463381245722,0.5282271376691977,0.017879359245771335,1.0353495580612742,8.0,0.0,0.002234919905721417,7256,1812.7583846680357,0.5482359426681367,0.07135742861673242,1.148984253137712,8.0,0.012265711135611907,0.008919678577091552
pullback,2.0,1.5,22417,"{""family"": ""pullback"", ""min_ddv"": 10000000.0, ""min_price"": 5.0, ""regime"": ""none"", ""trend"": true, ""mom_min"": -1.0, ""rsi2_max"": 100.0, ""rsi14_max"": 100.0, ""ret21_max"": -0.02, ""dist_ema20_max"": 1.0, ""dist_ema50_min"": -1.0, ""dist_hh60_min"": -1.0, ""atr_ratio_max"": 10.0, ""vol_ratio_min"": 0.0, ""up_close"": true, ""strong_close"": false}",7548,1077.4423152131403,0.4786698463169051,0.15576602326026498,1.2761953303242337,11.0,0.0,0.014160547569114999,6058,1513.463381245722,0.43496203367448005,0.04201283874825329,1.0691328409925702,12.0,0.0,0.0035010698956877743,7256,1812.7583846680357,0.461135611907387,0.11862150453866396,1.2074106102293782,11.0,0.01832965821389195,0.010783773139878543
pullback,2.0,2.0,22417,"{""family"": ""pullback"", ""min_ddv"": 10000000.0, ""min_price"": 5.0, ""regime"": ""none"", ""trend"": true, ""mom_min"": -1.0, ""rsi2_max"": 100.0, ""rsi14_max"": 100.0, ""ret21_max"": -0.02, ""dist_ema20_max"": 1.0, ""dist_ema50_min"": -1.0, ""dist_hh60_min"": -1.0, ""atr_ratio_max"": 10.0, ""vol_ratio_min"": 0.0, ""up_close"": true, ""strong_close"": false}",7548,1077.4423152131403,0.4140169581346052,0.19878083506103816,1.3132303895384636,15.0,0.0,0.013252055670735877,6058,1513.463381245722,0.3682733575437438,0.057141329008883635,1.083984808471991,15.0,0.0,0.0038094219339255757,7256,1812.7583846680357,0.40504410143329656,0.16661475613892712,1.2632069230308929,14.0,0.024669239250275633,0.011901054009923365
pullback,2.0,3.0,22417,"{""family"": ""pullback"", ""min_ddv"": 10000000.0, ""min_price"": 5.0, ""regime"": ""none"", ""trend"": true, ""mom_min"": -1.0, ""rsi2_max"": 100.0, ""rsi14_max"": 100.0, ""ret21_max"": -0.02, ""dist_ema20_max"": 1.0, ""dist_ema50_min"": -1.0, ""dist_hh60_min"": -1.0, ""atr_ratio_max"": 10.0, ""vol_ratio_min"": 0.0, ""up_close"": true, ""strong_close"": false}",7548,1077.4423152131403,0.33518812930577635,0.2831312827308844,1.3916806034389524,21.0,0.0,0.013482442034804018,6058,1513.463381245722,0.2926708484648399,0.12534530052433213,1.1645792598148224,19.0,0.0,0.006597121080228007,7256,1812.7583846680357,0.3397188533627343,0.2670178215607669,1.3772506705563867,18.0,0.04010474090407938,0.014834323420042607
pullback,3.0,0.5,22417,"{""family"": ""pullback"", ""min_ddv"": 10000000.0, ""min_price"": 5.0, ""regime"": ""none"", ""trend"": true, ""mom_min"": -1.0, ""rsi2_max"": 100.0, ""rsi14_max"": 100.0, ""ret21_max"": -0.02, ""dist_ema20_max"": 1.0, ""dist_ema50_min"": -1.0, ""dist_hh60_min"": -1.0, ""atr_ratio_max"": 10.0, ""vol_ratio_min"": 0.0, ""up_close"": true, ""strong_close"": false}",7165,1022.7708251857646,0.7376133984647593,0.08572776920240271,1.3058557552674006,8.0,0.0,0.01071597115030034,5135,1282.8713210130047,0.7147030185004869,0.045949745050272994,1.1515193139179747,8.0,0.0,0.005743718131284124,6105,1525.2053388090349,0.7192465192465193,0.063763030558827,1.2153096678029345,8.0,0.004914004914004914,0.007970378819853375
pullback,3.0,0.75,22417,"{""family"": ""pullback"", ""min_ddv"": 10000000.0, ""min_price"": 5.0, ""regime"": ""none"", ""trend"": true, ""mom_min"": -1.0, ""rsi2_max"": 100.0, ""rsi14_max"": 100.0, ""ret21_max"": -0.02, ""dist_ema20_max"": 1.0, ""dist_ema50_min"": -1.0, ""dist_hh60_min"": -1.0, ""atr_ratio_max"": 10.0, ""vol_ratio_min"": 0.0, ""up_close"": true, ""strong_close"": false}",7165,1022.7708251857646,0.6572226099092813,0.12675235477471344,1.34696322240635,12.0,0.0,0.01056269623122612,5135,1282.8713210130047,0.6262901655306718,0.0713454879681522,1.1803270097989729,13.0,0.0,0.0054881144590886305,6105,1525.2053388090349,0.6363636363636364,0.09812159015834503,1.2561703631502454,12.0,0.011466011466011465,0.008176799179862086
pullback,3.0,1.0,22417,"{""family"": ""pullback"", ""min_ddv"": 10000000.0, ""min_price"": 5.0, ""regime"": ""none"", ""trend"": true, ""mom_min"": -1.0, ""rsi2_max"": 100.0, ""rsi14_max"": 100.0, ""ret21_max"": -0.02, ""dist_ema20_max"": 1.0, ""dist_ema50_min"": -1.0, ""dist_hh60_min"": -1.0, ""atr_ratio_max"": 10.0, ""vol_ratio_min"": 0.0, ""up_close"": true, ""strong_close"": false}",7165,1022.7708251857646,0.5949755757152826,0.16388213826848264,1.3795623556688235,16.0,0.0,0.010242633641780165,5135,1282.8713210130047,0.5682570593962999,0.11029712888903503,1.2417837046128628,17.0,0.0,0.006488066405237355,6105,1525.2053388090349,0.5796887796887797,0.1387443925128492,1.3133543175025835,16.0,0.01638001638001638,0.008671524532053075
pullback,3.0,1.5,22417,"{""family"": ""pullback"", ""min_ddv"": 10000000.0, ""min_price"": 5.0, ""regime"": ""none"", ""trend"": true, ""mom_min"": -1.0, ""rsi2_max"": 100.0, ""rsi14_max"": 100.0, ""ret21_max"": -0.02, ""dist_ema20_max"": 1.0, ""dist_ema50_min"": -1.0, ""dist_hh60_min"": -1.0, ""atr_ratio_max"": 10.0, ""vol_ratio_min"": 0.0, ""up_close"": true, ""strong_close"": false}",7165,1022.7708251857646,0.5066294487090021,0.23725288242835532,1.451306757493175,25.0,0.0,0.009490115297134213,5135,1282.8713210130047,0.468159688412853,0.14572478120084756,1.2598390457381234,24.0,0.0,0.006071865883368648,6105,1525.2053388090349,0.5043407043407043,0.2173865144962218,1.4155939139979619,22.0,0.031613431613431615,0.009881205204373718
pullback,3.0,2.0,22417,"{""family"": ""pullback"", ""min_ddv"": 10000000.0, ""min_price"": 5.0, ""regime"": ""none"", ""trend"": true, ""mom_min"": -1.0, ""rsi2_max"": 100.0, ""rsi14_max"": 100.0, ""ret21_max"": -0.02, ""dist_ema20_max"": 1.0, ""dist_ema50_min"": -1.0, ""dist_hh60_min"": -1.0, ""atr_ratio_max"": 10.0, ""vol_ratio_min"": 0.0, ""up_close"": true, ""strong_close"": false}",7165,1022.7708251857646,0.4461967899511514,0.29927528031099,1.5059834865802684,32.0,0.0,0.009352352509718437,5135,1282.8713210130047,0.40915287244401166,0.20435492111268452,1.3282871206566098,31.0,0.0,0.006592094229441436,6105,1525.2053388090349,0.45290745290745293,0.28128593006089303,1.4842908699797601,28.0,0.046355446355446354,0.010045926073603323
pullback,3.0,3.0,22417,"{""family"": ""pullback"", ""min_ddv"": 10000000.0, ""min_price"": 5.0, ""regime"": ""none"", ""trend"": true, ""mom_min"": -1.0, ""rsi2_max"": 100.0, ""rsi14_max"": 100.0, ""ret21_max"": -0.02, ""dist_ema20_max"": 1.0, ""dist_ema50_min"": -1.0, ""dist_hh60_min"": -1.0, ""atr_ratio_max"": 10.0, ""vol_ratio_min"": 0.0, ""up_close"": true, ""strong_close"": false}",7165,1022.7708251857646,0.35743196092114443,0.3775852233549176,1.5445091876182395,46.0,0.001256106071179344,0.00820837442075908,5135,1282.8713210130047,0.3065238558909445,0.18450383881855265,1.2514415717064231,43.0,0.004868549172346641,0.004290786949268666,6105,1525.2053388090349,0.3968877968877969,0.42595907733447824,1.664292750105074,37.0,0.08075348075348075,0.011512407495526438
pullback,1.0,0.5,20118,"{""family"": ""pullback"", ""min_ddv"": 10000000.0, ""min_price"": 5.0, ""regime"": ""none"", ""trend"": true, ""mom_min"": 0.0, ""rsi2_max"": 100.0, ""rsi14_max"": 100.0, ""ret21_max"": -0.02, ""dist_ema20_max"": 1.0, ""dist_ema50_min"": -1.0, ""dist_hh60_min"": -1.0, ""atr_ratio_max"": 10.0, ""vol_ratio_min"": 0.0, ""up_close"": true, ""strong_close"": false}",6878,981.8028940164255,0.6961325966850829,-0.041177029701635455,0.8791450052849415,2.0,0.0,-0.020588514850817728,5924,1479.9863107460642,0.6485482781904118,-0.08931639337931174,0.7694970516851167,2.0,0.0,-0.04465819668965587,7179,1793.5215605749486,0.6687560941635325,-0.05256782890607535,0.8551802721114083,2.0,0.0023680178297813066,-0.026283914453037675
pullback,1.0,0.75,20118,"{""family"": ""pullback"", ""min_ddv"": 10000000.0, ""min_price"": 5.0, ""regime"": ""none"", ""trend"": true, ""mom_min"": 0.0, ""rsi2_max"": 100.0, ""rsi14_max"": 100.0, ""ret21_max"": -0.02, ""dist_ema20_max"": 1.0, ""dist_ema50_min"": -1.0, ""dist_hh60_min"": -1.0, ""atr_ratio_max"": 10.0, ""vol_ratio_min"": 0.0, ""up_close"": true, ""strong_close"": false}",6878,981.8028940164255,0.6176214015702239,-0.004262195158384126,0.9901178715135417,2.0,0.0,-0.002131097579192063,5924,1479.9863107460642,0.5651586765698852,-0.07511136881736044,0.8436266526309468,2.0,0.0,-0.03755568440868022,7179,1793.5215605749486,0.5811394344616242,-0.03665383618541665,0.9201578341210631,2.0,0.003064493662069926,-0.018326918092708325
pullback,1.0,1.0,20118,"{""family"": ""pullback"", ""min_ddv"": 10000000.0, ""min_price"": 5.0, ""regime"": ""none"", ""trend"": true, ""mom_min"": 0.0, ""rsi2_max"": 100.0, ""rsi14_max"": 100.0, ""ret21_max"": -0.02, ""dist_ema20_max"": 1.0, ""dist_ema50_min"": -1.0, ""dist_hh60_min"": -1.0, ""atr_ratio_max"": 10.0, ""vol_ratio_min"": 0.0, ""up_close"": true, ""strong_close"": false}",6878,981.8028940164255,0.5521954056411748,0.024967446071049133,1.0494802065714264,3.0,0.0,0.008322482023683044,5924,1479.9863107460642,0.5011816340310601,-0.06405117218831358,0.8841461664110034,3.0,0.0,-0.021350390729437858,7179,1793.5215605749486,0.5139991642290013,-0.028263580916292476,0.9471190553996939,3.0,0.003621674327900822,-0.00942119363876416
pullback,1.0,1.5,20118,"{""family"": ""pullback"", ""min_ddv"": 10000000.0, ""min_price"": 5.0, ""regime"": ""none"", ""trend"": true, ""mom_min"": 0.0, ""rsi2_max"": 100.0, ""rsi14_max"": 100.0, ""ret21_max"": -0.02, ""dist_ema20_max"": 1.0, ""dist_ema50_min"": -1.0, ""dist_hh60_min"": -1.0, ""atr_ratio_max"": 10.0, ""vol_ratio_min"": 0.0, ""up_close"": true, ""strong_close"": false}",6878,981.8028940164255,0.45914510031986044,0.06986689824047093,1.1148611552066767,4.0,0.0,0.017466724560117733,5924,1479.9863107460642,0.39888588791357193,-0.07885996961420405,0.8816660288672118,4.0,0.0,-0.019714992403551013,7179,1793.5215605749486,0.42554673352834654,-0.0018623075171893255,0.9970730472698967,4.0,0.005153921158935785,-0.0004655768792973314
pullback,1.0,2.0,20118,"{""family"": ""pullback"", ""min_ddv"": 10000000.0, ""min_price"": 5.0, ""regime"": ""none"", ""trend"": true, ""mom_min"": 0.0, ""rsi2_max"": 100.0, ""rsi14_max"": 100.0, ""ret21_max"": -0.02, ""dist_ema20_max"": 1.0, ""dist_ema50_min"": -1.0, ""dist_hh60_min"": -1.0, ""atr_ratio_max"": 10.0, ""vol_ratio_min"": 0.0, ""up_close"": true, ""strong_close"": false}",6878,981.8028940164255,0.39779005524861877,0.11208452403728163,1.1657911906476206,5.0,0.0,0.022416904807456325,5924,1479.9863107460642,0.3323767724510466,-0.08254948634447391,0.888794485645219,5.0,0.0,-0.016509897268894784,7179,1793.5215605749486,0.3604958907925895,0.011692566984225038,1.0164868468447865,4.0,0.007243348655801644,0.0029231417460562595
pullback,1.0,3.0,20118,"{""family"": ""pullback"", ""min_ddv"": 10000000.0, ""min_price"": 5.0, ""regime"": ""none"", ""trend"": true, ""mom_min"": 0.0, ""rsi2_max"": 100.0, ""rsi14_max"": 100.0, ""ret21_max"": -0.02, ""dist_ema20_max"": 1.0, ""dist_ema50_min"": -1.0, ""dist_hh60_min"": -1.0, ""atr_ratio_max"": 10.0, ""vol_ratio_min"": 0.0, ""up_close"": true, ""strong_close"": false}",6878,981.8028940164255,0.3127362605408549,0.16282589689265584,1.2096786172529101,6.0,0.0,0.027137649482109307,5924,1479.9863107460642,0.25810263335584066,-0.06163441145563393,0.9261717293931289,6.0,0.0,-0.010272401909272323,7179,1793.5215605749486,0.2799832845800251,0.030725443642111053,1.038238774130633,6.0,0.010168547151413847,0.005120907273685175
pullback,1.5,0.5,20118,"{""family"": ""pullback"", ""min_ddv"": 10000000.0, ""min_price"": 5.0, ""regime"": ""none"", ""trend"": true, ""mom_min"": 0.0, ""rsi2_max"": 100.0, ""rsi14_max"": 100.0, ""ret21_max"": -0.02, ""dist_ema20_max"": 1.0, ""dist_ema50_min"": -1.0, ""dist_hh60_min"": -1.0, ""atr_ratio_max"": 10.0, ""vol_ratio_min"": 0.0, ""up_close"": true, ""strong_close"": false}",6834,975.5220962064919,0.7156862745098039,0.02298795718212549,1.0741140984336985,3.0,0.0,0.00766265239404183,5635,1407.7857631759068,0.6683229813664596,-0.04150504103102616,0.8848422744041546,3.0,0.0,-0.01383501367700872,6908,1725.8179329226557,0.6832657788071801,-0.005259623204175775,0.9844710731558461,3.0,0.0037637521713954833,-0.0017532077347252584
pullback,1.5,0.75,20118,"{""family"": ""pullback"", ""min_ddv"": 10000000.0, ""min_price"": 5.0, ""regime"": ""none"", ""trend"": true, ""mom_min"": 0.0, ""rsi2_max"": 100.0, ""rsi14_max"": 100.0, ""ret21_max"": -0.02, ""dist_ema20_max"": 1.0, ""dist_ema50_min"": -1.0, ""dist_hh60_min"": -1.0, ""atr_ratio_max"": 10.0, ""vol_ratio_min"": 0.0, ""up_close"": true, ""strong_close"": false}",6834,975.5220962064919,0.6324261047702663,0.06377259126433286,1.1593819602886573,4.0,0.0,0.015943147816083216,5635,1407.7857631759068,0.5716060337178349,-0.04725235832483951,0.8984502153255174,4.0,0.0,-0.011813089581209878,6908,1725.8179329226557,0.5998841922408802,0.017730571592088802,1.0413203996328386,4.0,0.005645628257093225,0.0044326428980222005
pullback,1.5,1.0,20118,"{""family"": ""pullback"", ""min_ddv"": 10000000.0, ""min_price"": 5.0, ""regime"": ""none"", ""trend"": true, ""mom_min"": 0.0, ""rsi2_max"": 100.0, ""rsi14_max"": 100.0, ""ret21_max"": -0.02, ""dist_ema20_max"": 1.0, ""dist_ema50_min"": -1.0, ""dist_hh60_min"": -1.0, ""atr_ratio_max"": 10.0, ""vol_ratio_min"": 0.0, ""up_close"": true, ""strong_close"": false}",6834,975.5220962064919,0.567603160667252,0.090955363234561,1.193477737152149,5.0,0.0,0.0181910726469122,5635,1407.7857631759068,0.509849157054126,-0.032897892296261076,0.9381738654010371,5.0,0.0,-0.006579578459252215,6908,1725.8179329226557,0.5354661262304574,0.03332732626211794,1.0666650334938839,5.0,0.007093225246091488,0.006665465252423589
pullback,1.5,1.5,20118,"{""family"": ""pullback"", ""min_ddv"": 10000000.0, ""min_price"": 5.0, ""regime"": ""none"", ""trend"": true, ""mom_min"": 0.0, ""rsi2_max"": 100.0, ""rsi14_max"": 100.0, ""ret21_max"": -0.02, ""dist_ema20_max"": 1.0, ""dist_ema50_min"": -1.0, ""dist_hh60_min"": -1.0, ""atr_ratio_max"": 10.0, ""vol_ratio_min"": 0.0, ""up_close"": true, ""strong_close"": false}",6834,975.5220962064919,0.47570968685981857,0.13847173575461705,1.2425471149253686,7.0,0.0,0.019781676536373864,5635,1407.7857631759068,0.4108251996450754,-0.026751530525042175,0.9582091593693397,7.0,0.0,-0.003821647217863168,6908,1725.8179329226557,0.44209612044006946,0.061118824872250004,1.1015235630205449,7.0,0.01129125651418645,0.008731260696035715
pullback,1.5,2.0,20118,"{""family"": ""pullback"", ""min_ddv"": 10000000.0, ""min_price"": 5.0, ""regime"": ""none"", ""trend"": true, ""mom_min"": 0.0, ""rsi2_max"": 100.0, ""rsi14_max"": 100.0, ""ret21_max"": -0.02, ""dist_ema20_max"": 1.0, ""dist_ema50_min"": -1.0, ""dist_hh60_min"": -1.0, ""atr_ratio_max"": 10.0, ""vol_ratio_min"": 0.0, ""up_close"": true, ""strong_close"": false}",6834,975.5220962064919,0.4138132865086333,0.18818342597552837,1.294135834330359,9.0,0.0,0.020909269552836486,5635,1407.7857631759068,0.3543921916592724,-0.0016007159226197538,0.9977369755942859,9.0,0.0,-0.0001778573247355282,6908,1725.8179329226557,0.3801389693109438,0.08600184900484102,1.1282456634864706,9.0,0.014331210191082803,0.009555761000537892
pullback,1.5,3.0,20118,"{""family"": ""pullback"", ""min_ddv"": 10000000.0, ""min_price"": 5.0, ""regime"": ""none"", ""trend"": true, ""mom_min"": 0.0, ""rsi2_max"": 100.0, ""rsi14_max"": 100.0, ""ret21_max"": -0.02, ""dist_ema20_max"": 1.0, ""dist_ema50_min"": -1.0, ""dist_hh60_min"": -1.0, ""atr_ratio_max"": 10.0, ""vol_ratio_min"": 0.0, ""up_close"": true, ""strong_close"": false}",6834,975.5220962064919,0.3283582089552239,0.2528508327057648,1.342381587052604,12.0,0.0,0.0210709027254804,5635,1407.7857631759068,0.276131322094055,0.04093945444430558,1.0515137563674806,11.0,0.0,0.003721768585845962,6908,1725.8179329226557,0.30428488708743484,0.14124049127586144,1.1873592102675576,11.0,0.021569195136074117,0.01284004466144195
pullback,2.0,0.5,20118,"{""family"": ""pullback"", ""min_ddv"": 10000000.0, ""min_price"": 5.0, ""regime"": ""none"", ""trend"": true, ""mom_min"": 0.0, ""rsi2_max"": 100.0, ""rsi14_max"": 100.0, ""ret21_max"": -0.02, ""dist_ema20_max"": 1.0, ""dist_ema50_min"": -1.0, ""dist_hh60_min"": -1.0, ""atr_ratio_max"": 10.0, ""vol_ratio_min"": 0.0, ""up_close"": true, ""strong_close"": false}",6748,963.2459913961674,0.7271784232365145,0.058935252305871495,1.2012320906933034,4.0,0.0,0.014733813076467874,5342,1334.5859000684463,0.6789591913141145,-0.014561743208968587,0.9576515945978803,4.0,0.0,-0.003640435802242147,6560,1638.8774811772757,0.7009146341463415,0.033150940049597476,1.105143245885428,4.0,0.0065548780487804876,0.008287735012399369
pullback,2.0,0.75,20118,"{""family"": ""pullback"", ""min_ddv"": 10000000.0, ""min_price"": 5.0, ""regime"": ""none"", ""trend"": true, ""mom_min"": 0.0, ""rsi2_max"": 100.0, ""rsi14_max"": 100.0, ""ret21_max"": -0.02, ""dist_ema20_max"": 1.0, ""dist_ema50_min"": -1.0, ""dist_hh60_min"": -1.0, ""atr_ratio_max"": 10.0, ""vol_ratio_min"": 0.0, ""up_close"": true, ""strong_close"": false}",6748,963.2459913961674,0.6424125666864257,0.0934942756535278,1.2442098576019223,6.0,0.0,0.015582379275587968,5342,1334.5859000684463,0.5894795956570573,-0.007442559812573103,0.9831072670765886,6.0,0.0,-0.0012404266354288506,6560,1638.8774811772757,0.6198170731707318,0.06182995867299955,1.1538465595261922,6.0,0.009146341463414634,0.010304993112166592
pullback,2.0,1.0,20118,"{""family"": ""pullback"", ""min_ddv"": 10000000.0, ""min_price"": 5.0, ""regime"": ""none"", ""trend"": true, ""mom_min"": 0.0, ""rsi2_max"": 100.0, ""rsi14_max"": 100.0, ""ret21_max"": -0.02, ""dist_ema20_max"": 1.0, ""dist_ema50_min"": -1.0, ""dist_hh60_min"": -1.0, ""atr_ratio_max"": 10.0, ""vol_ratio_min"": 0.0, ""up_close"": true, ""strong_close"": false}",6748,963.2459913961674,0.5815056312981625,0.12842060593641635,1.2860807125547216,8.0,0.0,0.016052575742052044,5342,1334.5859000684463,0.5241482590789966,0.008820150100536288,1.0172810034045183,8.0,0.0,0.001102518762567036,6560,1638.8774811772757,0.551829268292683,0.07851766849917471,1.165097780571289,8.0,0.012652439024390245,0.00981470856239684
pullback,2.0,1.5,20118,"{""family"": ""pullback"", ""min_ddv"": 10000000.0, ""min_price"": 5.0, ""regime"": ""none"", ""trend"": true, ""mom_min"": 0.0, ""rsi2_max"": 100.0, ""rsi14_max"": 100.0, ""ret21_max"": -0.02, ""dist_ema20_max"": 1.0, ""dist_ema50_min"": -1.0, ""dist_hh60_min"": -1.0, ""atr_ratio_max"": 10.0, ""vol_ratio_min"": 0.0, ""up_close"": true, ""strong_close"": false}",6748,963.2459913961674,0.49066390041493774,0.1881650693199382,1.343117260127991,11.0,0.0,0.017105915392721657,5342,1334.5859000684463,0.4324223137401722,0.03444580335154023,1.0563665117192194,12.0,0.0,0.0028704836126283526,6560,1638.8774811772757,0.46402439024390246,0.12609156902030444,1.2214408928954157,11.0,0.018597560975609755,0.011462869910936768
pullback,2.0,2.0,20118,"{""family"": ""pullback"", ""min_ddv"": 10000000.0, ""min_price"": 5.0, ""regime"": ""none"", ""trend"": true, ""mom_min"": 0.0, ""rsi2_max"": 100.0, ""rsi14_max"": 100.0, ""ret21_max"": -0.02, ""dist_ema20_max"": 1.0, ""dist_ema50_min"": -1.0, ""dist_hh60_min"": -1.0, ""atr_ratio_max"": 10.0, ""vol_ratio_min"": 0.0, ""up_close"": true, ""strong_close"": false}",6748,963.2459913961674,0.42531120331950206,0.2346765192189112,1.3783908967307388,15.5,0.0,0.015140420594768464,5342,1334.5859000684463,0.3661549981280419,0.04961720577944025,1.072577421688575,15.0,0.0,0.00330781371862935,6560,1638.8774811772757,0.40625,0.16971658495235206,1.2683847855617705,15.0,0.025152439024390245,0.01131443899682347
pullback,2.0,3.0,20118,"{""family"": ""pullback"", ""min_ddv"": 10000000.0, ""min_price"": 5.0, ""regime"": ""none"", ""trend"": true, ""mom_min"": 0.0, ""rsi2_max"": 100.0, ""rsi14_max"": 100.0, ""ret21_max"": -0.02, ""dist_ema20_max"": 1.0, ""dist_ema50_min"": -1.0, ""dist_hh60_min"": -1.0, ""atr_ratio_max"": 10.0, ""vol_ratio_min"": 0.0, ""up_close"": true, ""strong_close"": false}",6748,963.2459913961674,0.3436573799644339,0.31834727522464157,1.4472908524778265,21.0,0.0,0.015159394058316265,5342,1334.5859000684463,0.29108947959565706,0.11981572665135257,1.1567742741877656,19.0,0.0,0.006306090876386977,6560,1638.8774811772757,0.3407012195121951,0.2717471098914404,1.3848975607994836,19.0,0.04085365853658537,0.014302479467970548
pullback,3.0,0.5,20118,"{""family"": ""pullback"", ""min_ddv"": 10000000.0, ""min_price"": 5.0, ""regime"": ""none"", ""trend"": true, ""mom_min"": 0.0, ""rsi2_max"": 100.0, ""rsi14_max"": 100.0, ""ret21_max"": -0.02, ""dist_ema20_max"": 1.0, ""dist_ema50_min"": -1.0, ""dist_hh60_min"": -1.0, ""atr_ratio_max"": 10.0, ""vol_ratio_min"": 0.0, ""up_close"": true, ""strong_close"": false}",6413,915.4262807978099,0.7469203181038515,0.10045762486198816,1.3733781805987235,8.0,0.0,0.01255720310774852,4496,1123.2306639288158,0.7121886120996441,0.042249526442727475,1.1381837366213878,8.0,0.0,0.005281190805340934,5490,1371.5605749486654,0.7218579234972677,0.06796401508107731,1.2322654151718178,8.0,0.004918032786885246,0.008495501885134664
pullback,3.0,0.75,20118,"{""family"": ""pullback"", ""min_ddv"": 10000000.0, ""min_price"": 5.0, ""regime"": ""none"", ""trend"": true, ""mom_min"": 0.0, ""rsi2_max"": 100.0, ""rsi14_max"": 100.0, ""ret21_max"": -0.02, ""dist_ema20_max"": 1.0, ""dist_ema50_min"": -1.0, ""dist_hh60_min"": -1.0, ""atr_ratio_max"": 10.0, ""vol_ratio_min"": 0.0, ""up_close"": true, ""strong_close"": false}",6413,915.4262807978099,0.6692655543427413,0.14829696342328944,1.4224402718816898,12.0,0.0,0.012358080285274119,4496,1123.2306639288158,0.6212188612099644,0.06216844002933864,1.1552547714820316,13.0,0.0,0.004782187694564511,5490,1371.5605749486654,0.6411657559198543,0.10814129748799471,1.2866208860623054,12.0,0.011293260473588343,0.009011774790666225
pullback,3.0,1.0,20118,"{""family"": ""pullback"", ""min_ddv"": 10000000.0, ""min_price"": 5.0, ""regime"": ""none"", ""trend"": true, ""mom_min"": 0.0, ""rsi2_max"": 100.0, ""rsi14_max"": 100.0, ""ret21_max"": -0.02, ""dist_ema20_max"": 1.0, ""dist_ema50_min"": -1.0, ""dist_hh60_min"": -1.0, ""atr_ratio_max"": 10.0, ""vol_ratio_min"": 0.0, ""up_close"": true, ""strong_close"": false}",6413,915.4262807978099,0.6081397162014658,0.19121719072278698,1.4593149231666052,16.0,0.0,0.011951074420174186,4496,1123.2306639288158,0.5636120996441281,0.10105089230048529,1.2194190779068652,17.0,0.0,0.005944170135322664,5490,1371.5605749486654,0.5846994535519126,0.1506506145051643,1.3447751026448405,16.0,0.016029143897996357,0.009415663406572768
pullback,3.0,1.5,20118,"{""family"": ""pullback"", ""min_ddv"": 10000000.0, ""min_price"": 5.0, ""regime"": ""none"", ""trend"": true, ""mom_min"": 0.0, ""rsi2_max"": 100.0, ""rsi14_max"": 100.0, ""ret21_max"": -0.02, ""dist_ema20_max"": 1.0, ""dist_ema50_min"": -1.0, ""dist_hh60_min"": -1.0, ""atr_ratio_max"": 10.0, ""vol_ratio_min"": 0.0, ""up_close"": true, ""strong_close"": false}",6413,915.4262807978099,0.5184780913768907,0.26789910247795234,1.523384302640835,25.0,0.0,0.010715964099118094,4496,1123.2306639288158,0.4653024911032028,0.1397565955685932,1.2481103670241904,25.0,0.0,0.005590263822743729,5490,1371.5605749486654,0.507832422586521,0.228043817976093,1.4397825332573362,23.0,0.031876138433515486,0.009914948607656217
pullback,3.0,2.0,20118,"{""family"": ""pullback"", ""min_ddv"": 10000000.0, ""min_price"": 5.0, ""regime"": ""none"", ""trend"": true, ""mom_min"": 0.0, ""rsi2_max"": 100.0, ""rsi14_max"": 100.0, ""ret21_max"": -0.02, ""dist_ema20_max"": 1.0, ""dist_ema50_min"": -1.0, ""dist_hh60_min"": -1.0, ""atr_ratio_max"": 10.0, ""vol_ratio_min"": 0.0, ""up_close"": true, ""strong_close"": false}",6413,915.4262807978099,0.45594885389053486,0.3292441277114378,1.567696841512756,33.0,0.0,0.009977094779134478,4496,1123.2306639288158,0.4083629893238434,0.20438940838886235,1.3282370467746563,31.0,0.0,0.006593206722221366,5490,1371.5605749486654,0.45792349726775955,0.29784698856083447,1.5190523443533384,29.0,0.04717668488160291,0.010270585812442569
pullback,3.0,3.0,20118,"{""family"": ""pullback"", ""min_ddv"": 10000000.0, ""min_price"": 5.0, ""regime"": ""none"", ""trend"": true, ""mom_min"": 0.0, ""rsi2_max"": 100.0, ""rsi14_max"": 100.0, ""ret21_max"": -0.02, ""dist_ema20_max"": 1.0, ""dist_ema50_min"": -1.0, ""dist_hh60_min"": -1.0, ""atr_ratio_max"": 10.0, ""vol_ratio_min"": 0.0, ""up_close"": true, ""strong_close"": false}",6413,915.4262807978099,0.36722282862934663,0.4202237881960146,1.6177244824062267,48.0,0.0014033993450803055,0.008754662254083638,4496,1123.2306639288158,0.31027580071174377,0.2014114033096173,1.2762042335714803,43.0,0.004225978647686833,0.004683986123479472,5490,1371.5605749486654,0.4016393442622951,0.44514744368752307,1.701775002579325,37.0,0.0825136612021858,0.012031011991554678
pullback,1.0,0.5,10990,"{""family"": ""pullback"", ""min_ddv"": 10000000.0, ""min_price"": 5.0, ""regime"": ""none"", ""trend"": true, ""mom_min"": 0.15, ""rsi2_max"": 100.0, ""rsi14_max"": 100.0, ""ret21_max"": -0.02, ""dist_ema20_max"": 1.0, ""dist_ema50_min"": -1.0, ""dist_hh60_min"": -1.0, ""atr_ratio_max"": 10.0, ""vol_ratio_min"": 0.0, ""up_close"": true, ""strong_close"": false}",2902,414.2471646460696,0.69710544452102,-0.022079410985899935,0.9341536026316558,2.0,0.0,-0.011039705492949968,3420,854.4147843942505,0.6385964912280702,-0.09076907754089611,0.7703848206712309,2.0,0.0,-0.045384538770448055,4533,1132.4743326488706,0.6671078755790867,-0.04479706391845249,0.8765692478588479,2.0,0.0024266490183101697,-0.022398531959226246
pullback,1.0,0.75,10990,"{""family"": ""pullback"", ""min_ddv"": 10000000.0, ""min_price"": 5.0, ""regime"": ""none"", ""trend"": true, ""mom_min"": 0.15, ""rsi2_max"": 100.0, ""rsi14_max"": 100.0, ""ret21_max"": -0.02, ""dist_ema20_max"": 1.0, ""dist_ema50_min"": -1.0, ""dist_hh60_min"": -1.0, ""atr_ratio_max"": 10.0, ""vol_ratio_min"": 0.0, ""up_close"": true, ""strong_close"": false}",2902,414.2471646460696,0.6137146795313577,0.004109888123188701,1.0094898999441602,2.0,0.0,0.0020549440615943507,3420,854.4147843942505,0.554093567251462,-0.08116379071880961,0.8334743898534429,2.0,0.0,-0.040581895359404804,4533,1132.4743326488706,0.5808515332009706,-0.028654998614129238,0.9373250089419671,2.0,0.002867857930730201,-0.014327499307064619
pullback,1.0,1.0,10990,"{""family"": ""pullback"", ""min_ddv"": 10000000.0, ""min_price"": 5.0, ""regime"": ""none"", ""trend"": true, ""mom_min"": 0.15, ""rsi2_max"": 100.0, ""rsi14_max"": 100.0, ""ret21_max"": -0.02, ""dist_ema20_max"": 1.0, ""dist_ema50_min"": -1.0, ""dist_hh60_min"": -1.0, ""atr_ratio_max"": 10.0, ""vol_ratio_min"": 0.0, ""up_close"": true, ""strong_close"": false}",2902,414.2471646460696,0.5441075120606478,0.02555956874631041,1.050176235963239,3.0,0.0,0.008519856248770137,3420,854.4147843942505,0.49239766081871345,-0.06837406950760193,0.8773503702352824,3.0,0.0,-0.022791356502533975,4533,1132.4743326488706,0.5109199205823958,-0.024782484107799527,0.9536723995894583,3.0,0.0037502757555702626,-0.008260828035933176
pullback,1.0,1.5,10990,"{""family"": ""pullback"", ""min_ddv"": 10000000.0, ""min_price"": 5.0, ""regime"": ""none"", ""trend"": true, ""mom_min"": 0.15, ""rsi2_max"": 100.0, ""rsi14_max"": 100.0, ""ret21_max"": -0.02, ""dist_ema20_max"": 1.0, ""dist_ema50_min"": -1.0, ""dist_hh60_min"": -1.0, ""atr_ratio_max"": 10.0, ""vol_ratio_min"": 0.0, ""up_close"": true, ""strong_close"": false}",2902,414.2471646460696,0.44900068917987596,0.06003412755528268,1.0976794084372468,4.0,0.0,0.01500853188882067,3420,854.4147843942505,0.38362573099415204,-0.10793830181213743,0.840831508030921,4.0,0.0,-0.026984575453034357,4533,1132.4743326488706,0.41495698213103904,-0.021164838649473376,0.9672121861004432,4.0,0.005515111405250386,-0.005291209662368344
pullback,1.0,2.0,10990,"{""family"": ""pullback"", ""min_ddv"": 10000000.0, ""min_price"": 5.0, ""regime"": ""none"", ""trend"": true, ""mom_min"": 0.15, ""rsi2_max"": 100.0, ""rsi14_max"": 100.0, ""ret21_max"": -0.02, ""dist_ema20_max"": 1.0, ""dist_ema50_min"": -1.0, ""dist_hh60_min"": -1.0, ""atr_ratio_max"": 10.0, ""vol_ratio_min"": 0.0, ""up_close"": true, ""strong_close"": false}",2902,414.2471646460696,0.3869745003445899,0.09200008885494335,1.1347978339874198,5.0,0.0,0.01840001777098867,3420,854.4147843942505,0.31374269005847955,-0.13117806302115273,0.8265320099354725,5.0,0.0,-0.026235612604230546,4533,1132.4743326488706,0.35076108537392453,-0.01174784710593424,0.9836318858189571,4.0,0.00727994705493051,-0.00293696177648356
pullback,1.0,3.0,10990,"{""family"": ""pullback"", ""min_ddv"": 10000000.0, ""min_price"": 5.0, ""regime"": ""none"", ""trend"": true, ""mom_min"": 0.15, ""rsi2_max"": 100.0, ""rsi14_max"": 100.0, ""ret21_max"": -0.02, ""dist_ema20_max"": 1.0, ""dist_ema50_min"": -1.0, ""dist_hh60_min"": -1.0, ""atr_ratio_max"": 10.0, ""vol_ratio_min"": 0.0, ""up_close"": true, ""strong_close"": false}",2902,414.2471646460696,0.29772570640937285,0.10900869753843398,1.1376838887174425,6.0,0.0,0.018168116256405662,3420,854.4147843942505,0.2409356725146199,-0.13190709028650854,0.8453890309661333,6.0,0.0,-0.021984515047751424,4533,1132.4743326488706,0.26957864548863886,-0.007863542599597526,0.9903567015122763,6.0,0.010147804985660711,-0.0013105904332662542
pullback,1.5,0.5,10990,"{""family"": ""pullback"", ""min_ddv"": 10000000.0, ""min_price"": 5.0, ""regime"": ""none"", ""trend"": true, ""mom_min"": 0.15, ""rsi2_max"": 100.0, ""rsi14_max"": 100.0, ""ret21_max"": -0.02, ""dist_ema20_max"": 1.0, ""dist_ema50_min"": -1.0, ""dist_hh60_min"": -1.0, ""atr_ratio_max"": 10.0, ""vol_ratio_min"": 0.0, ""up_close"": true, ""strong_close"": false}",2859,408.1091122409073,0.7135362014690452,0.03190562106107547,1.101938730894008,3.0,0.0,0.010635207020358492,3142,784.9623545516769,0.648631444939529,-0.05945535883615028,0.8421800813613814,3.0,0.0,-0.019818452945383428,4275,1068.018480492813,0.6795321637426901,-0.005976825347059367,0.9825376918431239,3.0,0.0037426900584795323,-0.0019922751156864556
pullback,1.5,0.75,10990,"{""family"": ""pullback"", ""min_ddv"": 10000000.0, ""min_price"": 5.0, ""regime"": ""none"", ""trend"": true, ""mom_min"": 0.15, ""rsi2_max"": 100.0, ""rsi14_max"": 100.0, ""ret21_max"": -0.02, ""dist_ema20_max"": 1.0, ""dist_ema50_min"": -1.0, ""dist_hh60_min"": -1.0, ""atr_ratio_max"": 10.0, ""vol_ratio_min"": 0.0, ""up_close"": true, ""strong_close"": false}",2859,408.1091122409073,0.6197971318642882,0.05848365882048529,1.1414317237273268,4.0,0.0,0.014620914705121323,3142,784.9623545516769,0.5496499045194144,-0.07553471817214451,0.8442695320597314,4.0,0.0,-0.018883679543036127,4275,1068.018480492813,0.5913450292397661,0.00781328196675235,1.0178815897647333,4.0,0.006549707602339181,0.0019533204916880875
pullback,1.5,1.0,10990,"{""family"": ""pullback"", ""min_ddv"": 10000000.0, ""min_price"": 5.0, ""regime"": ""none"", ""trend"": true, ""mom_min"": 0.15, ""rsi2_max"": 100.0, ""rsi14_max"": 100.0, ""ret21_max"": -0.02, ""dist_ema20_max"": 1.0, ""dist_ema50_min"": -1.0, ""dist_hh60_min"": -1.0, ""atr_ratio_max"": 10.0, ""vol_ratio_min"": 0.0, ""up_close"": true, ""strong_close"": false}",2859,408.1091122409073,0.5519412381951732,0.07130637204977608,1.1464396560774979,5.0,0.0,0.014261274409955216,3142,784.9623545516769,0.4863144493952896,-0.0711884793012273,0.8711720998523997,5.0,0.0,-0.014237695860245462,4275,1068.018480492813,0.5214035087719299,0.009246558485841628,1.0179781246882293,5.0,0.008187134502923977,0.0018493116971683254
pullback,1.5,1.5,10990,"{""family"": ""pullback"", ""min_ddv"": 10000000.0, ""min_price"": 5.0, ""regime"": ""none"", ""trend"": true, ""mom_min"": 0.15, ""rsi2_max"": 100.0, ""rsi14_max"": 100.0, ""ret21_max"": -0.02, ""dist_ema20_max"": 1.0, ""dist_ema50_min"": -1.0, ""dist_hh60_min"": -1.0, ""atr_ratio_max"": 10.0, ""vol_ratio_min"": 0.0, ""up_close"": true, ""strong_close"": false}",2859,408.1091122409073,0.46239944036376357,0.11236909798532964,1.1915725836476085,7.0,0.0,0.01605272828361852,3142,784.9623545516769,0.3857415658816041,-0.08497026961469811,0.8714822046115681,7.0,0.0,-0.012138609944956873,4275,1068.018480492813,0.42736842105263156,0.02782725370077783,1.0451190552589085,7.0,0.012163742690058479,0.003975321957253976
pullback,1.5,2.0,10990,"{""family"": ""pullback"", ""min_ddv"": 10000000.0, ""min_price"": 5.0, ""regime"": ""none"", ""trend"": true, ""mom_min"": 0.15, ""rsi2_max"": 100.0, ""rsi14_max"": 100.0, ""ret21_max"": -0.02, ""dist_ema20_max"": 1.0, ""dist_ema50_min"": -1.0, ""dist_hh60_min"": -1.0, ""atr_ratio_max"": 10.0, ""vol_ratio_min"": 0.0, ""up_close"": true, ""strong_close"": false}",2859,408.1091122409073,0.39419377404686956,0.13462437642363484,1.2031540448166276,9.0,0.0,0.014958264047070537,3142,784.9623545516769,0.32813494589433484,-0.08193294895184636,0.8884194897111043,9.0,0.0,-0.009103660994649595,4275,1068.018480492813,0.36444444444444446,0.042846720716007085,1.062354168717637,9.0,0.015438596491228071,0.004760746746223009
pullback,1.5,3.0,10990,"{""family"": ""pullback"", ""min_ddv"": 10000000.0, ""min_price"": 5.0, ""regime"": ""none"", ""trend"": true, ""mom_min"": 0.15, ""rsi2_max"": 100.0, ""rsi14_max"": 100.0, ""ret21_max"": -0.02, ""dist_ema20_max"": 1.0, ""dist_ema50_min"": -1.0, ""dist_hh60_min"": -1.0, ""atr_ratio_max"": 10.0, ""vol_ratio_min"": 0.0, ""up_close"": true, ""strong_close"": false}",2859,408.1091122409073,0.30045470444211264,0.1456518315112171,1.1884087602343936,12.0,0.0,0.01213765262593476,3142,784.9623545516769,0.2597071928707829,-0.028057452447637066,0.9653621948876222,11.0,0.0,-0.0025506774952397332,4275,1068.018480492813,0.29309941520467836,0.1036888203436975,1.1358270462624318,11.0,0.02152046783625731,0.009426256394881592
pullback,2.0,0.5,10990,"{""family"": ""pullback"", ""min_ddv"": 10000000.0, ""min_price"": 5.0, ""regime"": ""none"", ""trend"": true, ""mom_min"": 0.15, ""rsi2_max"": 100.0, ""rsi14_max"": 100.0, ""ret21_max"": -0.02, ""dist_ema20_max"": 1.0, ""dist_ema50_min"": -1.0, ""dist_hh60_min"": -1.0, ""atr_ratio_max"": 10.0, ""vol_ratio_min"": 0.0, ""up_close"": true, ""strong_close"": false}",2782,397.11771607352364,0.7178289000718907,0.05443246181163242,1.1781973920274553,4.0,0.0,0.013608115452908106,2867,716.2594113620808,0.6588768747820021,-0.03717625254081027,0.8975324389359017,5.0,0.0,-0.007435250508162054,3956,988.3230663928815,0.6964105156723963,0.03307993452778039,1.1039385401117539,4.0,0.008088978766430738,0.008269983631945097
pullback,2.0,0.75,10990,"{""family"": ""pullback"", ""min_ddv"": 10000000.0, ""min_price"": 5.0, ""regime"": ""none"", ""trend"": true, ""mom_min"": 0.15, ""rsi2_max"": 100.0, ""rsi14_max"": 100.0, ""ret21_max"": -0.02, ""dist_ema20_max"": 1.0, ""dist_ema50_min"": -1.0, ""dist_hh60_min"": -1.0, ""atr_ratio_max"": 10.0, ""vol_ratio_min"": 0.0, ""up_close"": true, ""strong_close"": false}",2782,397.11771607352364,0.6236520488856937,0.06706630402093451,1.1652278579844355,6.0,0.0,0.011177717336822419,2867,716.2594113620808,0.5657481688175794,-0.04457455329936655,0.9037640062447456,7.0,0.0,-0.006367793328480935,3956,988.3230663928815,0.6099595551061678,0.04934595928589245,1.1202365691233689,6.0,0.011122345803842264,0.008224326547648741
pullback,2.0,1.0,10990,"{""family"": ""pullback"", ""min_ddv"": 10000000.0, ""min_price"": 5.0, ""regime"": ""none"", ""trend"": true, ""mom_min"": 0.15, ""rsi2_max"": 100.0, ""rsi14_max"": 100.0, ""ret21_max"": -0.02, ""dist_ema20_max"": 1.0, ""dist_ema50_min"": -1.0, ""dist_hh60_min"": -1.0, ""atr_ratio_max"": 10.0, ""vol_ratio_min"": 0.0, ""up_close"": true, ""strong_close"": false}",2782,397.11771607352364,0.5664989216391085,0.10276411383302868,1.21904906993502,8.0,0.0,0.012845514229128585,2867,716.2594113620808,0.4963376351587025,-0.043638237163474564,0.9187028552767753,8.0,0.0,-0.0054547796454343205,3956,988.3230663928815,0.5412032355915066,0.0637814179614285,1.1316636155113355,8.0,0.014155712841253791,0.007972677245178562
pullback,2.0,1.5,10990,"{""family"": ""pullback"", ""min_ddv"": 10000000.0, ""min_price"": 5.0, ""regime"": ""none"", ""trend"": true, ""mom_min"": 0.15, ""rsi2_max"": 100.0, ""rsi14_max"": 100.0, ""ret21_max"": -0.02, ""dist_ema20_max"": 1.0, ""dist_ema50_min"": -1.0, ""dist_hh60_min"": -1.0, ""atr_ratio_max"": 10.0, ""vol_ratio_min"": 0.0, ""up_close"": true, ""strong_close"": false}",2782,397.11771607352364,0.47268152408339326,0.14391194251353864,1.2507934555725766,11.0,0.0,0.01308290386486715,2867,716.2594113620808,0.40704569236135335,-0.030307156163577407,0.952396051952969,12.0,0.0,-0.002525596346964784,3956,988.3230663928815,0.45146612740141556,0.10143345403721038,1.1748281813520192,11.0,0.020475227502527806,0.009221223094291853
pullback,2.0,2.0,10990,"{""family"": ""pullback"", ""min_ddv"": 10000000.0, ""min_price"": 5.0, ""regime"": ""none"", ""trend"": true, ""mom_min"": 0.15, ""rsi2_max"": 100.0, ""rsi14_max"": 100.0, ""ret21_max"": -0.02, ""dist_ema20_max"": 1.0, ""dist_ema50_min"": -1.0, ""dist_hh60_min"": -1.0, ""atr_ratio_max"": 10.0, ""vol_ratio_min"": 0.0, ""up_close"": true, ""strong_close"": false}",2782,397.11771607352364,0.3989935298346513,0.1542987377955619,1.2354504475503822,15.0,0.0,0.010286582519704128,2867,716.2594113620808,0.34321590512731076,-0.022132586343466796,0.968694029365543,15.0,0.0,-0.0014755057562311198,3956,988.3230663928815,0.39459049544994945,0.1440170643162811,1.2249872745283241,14.0,0.02679474216380182,0.010286933165448651
pullback,2.0,3.0,10990,"{""family"": ""pullback"", ""min_ddv"": 10000000.0, ""min_price"": 5.0, ""regime"": ""none"", ""trend"": true, ""mom_min"": 0.15, ""rsi2_max"": 100.0, ""rsi14_max"": 100.0, ""ret21_max"": -0.02, ""dist_ema20_max"": 1.0, ""dist_ema50_min"": -1.0, ""dist_hh60_min"": -1.0, ""atr_ratio_max"": 10.0, ""vol_ratio_min"": 0.0, ""up_close"": true, ""strong_close"": false}",2782,397.11771607352364,0.31344356578001437,0.19795027953387934,1.2634028129596613,19.0,0.0,0.010418435764941017,2867,716.2594113620808,0.2710149982560167,0.035572410100806896,1.0453211313028694,18.0,0.0,0.001976245005600383,3956,988.3230663928815,0.326845298281092,0.2325200863265033,1.3250008911503557,18.0,0.03867542972699697,0.01291778257369463
pullback,3.0,0.5,10990,"{""family"": ""pullback"", ""min_ddv"": 10000000.0, ""min_price"": 5.0, ""regime"": ""none"", ""trend"": true, ""mom_min"": 0.15, ""rsi2_max"": 100.0, ""rsi14_max"": 100.0, ""ret21_max"": -0.02, ""dist_ema20_max"": 1.0, ""dist_ema50_min"": -1.0, ""dist_hh60_min"": -1.0, ""atr_ratio_max"": 10.0, ""vol_ratio_min"": 0.0, ""up_close"": true, ""strong_close"": false}",2512,358.57645678529525,0.7364649681528662,0.08484734821169723,1.2976363994606461,8.0,0.0,0.010605918526462154,2182,545.1266255989049,0.6934005499541704,0.014692927885843114,1.0450145850834973,9.0,0.0,0.001632547542871457,3044,760.4791238877481,0.7174770039421814,0.062054160821161115,1.2087086370104123,8.0,0.00492772667542707,0.007756770102645139
pullback,3.0,0.75,10990,"{""family"": ""pullback"", ""min_ddv"": 10000000.0, ""min_price"": 5.0, ""regime"": ""none"", ""trend"": true, ""mom_min"": 0.15, ""rsi2_max"": 100.0, ""rsi14_max"": 100.0, ""ret21_max"": -0.02, ""dist_ema20_max"": 1.0, ""dist_ema50_min"": -1.0, ""dist_hh60_min"": -1.0, ""atr_ratio_max"": 10.0, ""vol_ratio_min"": 0.0, ""up_close"": true, ""strong_close"": false}",2512,358.57645678529525,0.6568471337579618,0.12405042022760782,1.3356683335667145,12.0,0.0,0.010337535018967317,2182,545.1266255989049,0.6017415215398717,0.02553380521059831,1.060512440219059,13.0,0.0,0.001964138862353716,3044,760.4791238877481,0.6350197109067017,0.10109790716227823,1.2637443502204728,12.0,0.009526938239159002,0.00842482559685652
pullback,3.0,1.0,10990,"{""family"": ""pullback"", ""min_ddv"": 10000000.0, ""min_price"": 5.0, ""regime"": ""none"", ""trend"": true, ""mom_min"": 0.15, ""rsi2_max"": 100.0, ""rsi14_max"": 100.0, ""ret21_max"": -0.02, ""dist_ema20_max"": 1.0, ""dist_ema50_min"": -1.0, ""dist_hh60_min"": -1.0, ""atr_ratio_max"": 10.0, ""vol_ratio_min"": 0.0, ""up_close"": true, ""strong_close"": false}",2512,358.57645678529525,0.5871815286624203,0.14576626303746015,1.327251219142417,16.0,0.0,0.00911039143984126,2182,545.1266255989049,0.5476626947754354,0.06772450850076482,1.1415654866650422,16.0,0.0,0.004232781781297801,3044,760.4791238877481,0.581143232588699,0.1475862650563416,1.334713087349687,16.0,0.014126149802890934,0.00922414156602135
pullback,3.0,1.5,10990,"{""family"": ""pullback"", ""min_ddv"": 10000000.0, ""min_price"": 5.0, ""regime"": ""none"", ""trend"": true, ""mom_min"": 0.15, ""rsi2_max"": 100.0, ""rsi14_max"": 100.0, ""ret21_max"": -0.02, ""dist_ema20_max"": 1.0, ""dist_ema50_min"": -1.0, ""dist_hh60_min"": -1.0, ""atr_ratio_max"": 10.0, ""vol_ratio_min"": 0.0, ""up_close"": true, ""strong_close"": false}",2512,358.57645678529525,0.4820859872611465,0.17622455633246017,1.3168405015222977,24.0,0.0,0.007342689847185841,2182,545.1266255989049,0.4541704857928506,0.10757409623513592,1.1867099223450932,24.0,0.0,0.00448225400979733,3044,760.4791238877481,0.5029566360052562,0.2201589658026601,1.4214843099099779,22.0,0.02956636005256242,0.010007225718302731
pullback,3.0,2.0,10990,"{""family"": ""pullback"", ""min_ddv"": 10000000.0, ""min_price"": 5.0, ""regime"": ""none"", ""trend"": true, ""mom_min"": 0.15, ""rsi2_max"": 100.0, ""rsi14_max"": 100.0, ""ret21_max"": -0.02, ""dist_ema20_max"": 1.0, ""dist_ema50_min"": -1.0, ""dist_hh60_min"": -1.0, ""atr_ratio_max"": 10.0, ""vol_ratio_min"": 0.0, ""up_close"": true, ""strong_close"": false}",2512,358.57645678529525,0.4156050955414013,0.20622645667412665,1.3279392525679166,29.0,0.0,0.007111257126694023,2182,545.1266255989049,0.39688359303391385,0.16541668889161665,1.2600470508714547,30.0,0.0,0.005513889629720555,3044,760.4791238877481,0.44612352168199737,0.2715826226818058,1.465026918714374,28.0,0.0397503285151117,0.009699379381493064
pullback,3.0,3.0,10990,"{""family"": ""pullback"", ""min_ddv"": 10000000.0, ""min_price"": 5.0, ""regime"": ""none"", ""trend"": true, ""mom_min"": 0.15, ""rsi2_max"": 100.0, ""rsi14_max"": 100.0, ""ret21_max"": -0.02, ""dist_ema20_max"": 1.0, ""dist_ema50_min"": -1.0, ""dist_hh60_min"": -1.0, ""atr_ratio_max"": 10.0, ""vol_ratio_min"": 0.0, ""up_close"": true, ""strong_close"": false}",2512,358.57645678529525,0.3268312101910828,0.25449164209913355,1.3481377065131213,41.0,0.0015923566878980893,0.0062071132219300865,2182,545.1266255989049,0.30614115490375804,0.17473317232077235,1.23703834340121,41.0,0.005041246562786435,0.004261784690750545,3044,760.4791238877481,0.38501971090670173,0.402057024945838,1.6178401881674713,37.0,0.06636005256241786,0.010866406079617244
pullback,1.0,0.5,16835,"{""family"": ""pullback"", ""min_ddv"": 10000000.0, ""min_price"": 5.0, ""regime"": ""none"", ""trend"": true, ""mom_min"": -1.0, ""rsi2_max"": 100.0, ""rsi14_max"": 100.0, ""ret21_max"": -0.02, ""dist_ema20_max"": 1.0, ""dist_ema50_min"": -1.0, ""dist_hh60_min"": -1.0, ""atr_ratio_max"": 10.0, ""vol_ratio_min"": 0.0, ""up_close"": true, ""strong_close"": true}",5886,840.199452483379,0.6955487597689433,-0.04312049358868884,0.8734642005114219,2.0,0.0,-0.02156024679434442,5033,1257.3887748117727,0.652890919928472,-0.08378764849455633,0.7810312431561343,2.0,0.0,-0.041893824247278166,5820,1454.0041067761806,0.6709621993127147,-0.04978346539189256,0.8620579000144661,2.0,0.0024054982817869417,-0.02489173269594628
pullback,1.0,0.75,16835,"{""family"": ""pullback"", ""min_ddv"": 10000000.0, ""min_price"": 5.0, ""regime"": ""none"", ""trend"": true, ""mom_min"": -1.0, ""rsi2_max"": 100.0, ""rsi14_max"": 100.0, ""ret21_max"": -0.02, ""dist_ema20_max"": 1.0, ""dist_ema50_min"": -1.0, ""dist_hh60_min"": -1.0, ""atr_ratio_max"": 10.0, ""vol_ratio_min"": 0.0, ""up_close"": true, ""strong_close"": true}",5886,840.199452483379,0.6114509004417261,-0.016410622647316124,0.9624320406504654,2.0,0.0,-0.008205311323658062,5033,1257.3887748117727,0.566660043711504,-0.07380543886158825,0.8458563507595693,2.0,0.0,-0.03690271943079412,5820,1454.0041067761806,0.5793814432989691,-0.03918220817562837,0.9150914876533633,2.0,0.0032646048109965637,-0.019591104087814185
pullback,1.0,1.0,16835,"{""family"": ""pullback"", ""min_ddv"": 10000000.0, ""min_price"": 5.0, ""regime"": ""none"", ""trend"": true, ""mom_min"": -1.0, ""rsi2_max"": 100.0, ""rsi14_max"": 100.0, ""ret21_max"": -0.02, ""dist_ema20_max"": 1.0, ""dist_ema50_min"": -1.0, ""dist_hh60_min"": -1.0, ""atr_ratio_max"": 10.0, ""vol_ratio_min"": 0.0, ""up_close"": true, ""strong_close"": true}",5886,840.199452483379,0.544682296975875,0.00884391682806071,1.0172683363362585,3.0,0.0,0.0029479722760202367,5033,1257.3887748117727,0.5018875422213391,-0.06340585479434147,0.8851927243439008,3.0,0.0,-0.021135284931447156,5820,1454.0041067761806,0.5097938144329897,-0.03573583673689889,0.9337168430296516,3.0,0.003951890034364261,-0.011911945578966297
pullback,1.0,1.5,16835,"{""family"": ""pullback"", ""min_ddv"": 10000000.0, ""min_price"": 5.0, ""regime"": ""none"", ""trend"": true, ""mom_min"": -1.0, ""rsi2_max"": 100.0, ""rsi14_max"": 100.0, ""ret21_max"": -0.02, ""dist_ema20_max"": 1.0, ""dist_ema50_min"": -1.0, ""dist_hh60_min"": -1.0, ""atr_ratio_max"": 10.0, ""vol_ratio_min"": 0.0, ""up_close"": true, ""strong_close"": true}",5886,840.199452483379,0.45378865103635746,0.055755931149310475,1.0904083123916164,4.0,0.0,0.013938982787327619,5033,1257.3887748117727,0.39757599841049074,-0.08301854681881256,0.8756868898580116,4.0,0.0,-0.02075463670470314,5820,1454.0041067761806,0.42061855670103093,-0.014100795215988081,0.978019329325949,4.0,0.0053264604810996565,-0.0035251988039970202
pullback,1.0,2.0,16835,"{""family"": ""pullback"", ""min_ddv"": 10000000.0, ""min_price"": 5.0, ""regime"": ""none"", ""trend"": true, ""mom_min"": -1.0, ""rsi2_max"": 100.0, ""rsi14_max"": 100.0, ""ret21_max"": -0.02, ""dist_ema20_max"": 1.0, ""dist_ema50_min"": -1.0, ""dist_hh60_min"": -1.0, ""atr_ratio_max"": 10.0, ""vol_ratio_min"": 0.0, ""up_close"": true, ""strong_close"": true}",5886,840.199452483379,0.3900781515460415,0.08790065471369127,1.1278238147169466,5.0,0.0,0.017580130942738255,5033,1257.3887748117727,0.33220743095569244,-0.08358186782110355,0.88745322619057,5.0,0.0,-0.01671637356422071,5820,1454.0041067761806,0.356872852233677,-0.0020617410538690036,0.9971067627014026,5.0,0.007388316151202749,-0.00041234821077380075
pullback,1.0,3.0,16835,"{""family"": ""pullback"", ""min_ddv"": 10000000.0, ""min_price"": 5.0, ""regime"": ""none"", ""trend"": true, ""mom_min"": -1.0, ""rsi2_max"": 100.0, ""rsi14_max"": 100.0, ""ret21_max"": -0.02, ""dist_ema20_max"": 1.0, ""dist_ema50_min"": -1.0, ""dist_hh60_min"": -1.0, ""atr_ratio_max"": 10.0, ""vol_ratio_min"": 0.0, ""up_close"": true, ""strong_close"": true}",5886,840.199452483379,0.30869860686374445,0.1477244860569115,1.1888704904097764,6.0,0.0,0.024620747676151914,5033,1257.3887748117727,0.2549175442082257,-0.0710905238721033,0.9149055844322336,6.0,0.0,-0.01184842064535055,5820,1454.0041067761806,0.27852233676975946,0.02268175668358889,1.028163967826597,6.0,0.01013745704467354,0.0037802927805981484
pullback,1.5,0.5,16835,"{""family"": ""pullback"", ""min_ddv"": 10000000.0, ""min_price"": 5.0, ""regime"": ""none"", ""trend"": true, ""mom_min"": -1.0, ""rsi2_max"": 100.0, ""rsi14_max"": 100.0, ""ret21_max"": -0.02, ""dist_ema20_max"": 1.0, ""dist_ema50_min"": -1.0, ""dist_hh60_min"": -1.0, ""atr_ratio_max"": 10.0, ""vol_ratio_min"": 0.0, ""up_close"": true, ""strong_close"": true}",5848,834.7751271020727,0.7086183310533516,0.010441077335364469,1.03286562628562,3.0,0.0,0.003480359111788156,4804,1200.1779603011635,0.6669442131557036,-0.04364352205823156,0.8789359891409112,3.0,0.0,-0.014547840686077187,5623,1404.7878165639972,0.6811310688244709,-0.008457402315391396,0.9751893456792607,3.0,0.0035568202027387516,-0.0028191341051304656
pullback,1.5,0.75,16835,"{""family"": ""pullback"", ""min_ddv"": 10000000.0, ""min_price"": 5.0, ""regime"": ""none"", ""trend"": true, ""mom_min"": -1.0, ""rsi2_max"": 100.0, ""rsi14_max"": 100.0, ""ret21_max"": -0.02, ""dist_ema20_max"": 1.0, ""dist_ema50_min"": -1.0, ""dist_hh60_min"": -1.0, ""atr_ratio_max"": 10.0, ""vol_ratio_min"": 0.0, ""up_close"": true, ""strong_close"": true}",5848,834.7751271020727,0.6215800273597811,0.045473421387385686,1.1104239795579944,4.0,0.0,0.011368355346846422,4804,1200.1779603011635,0.5705661948376353,-0.04780125599613789,0.8971833605740407,4.0,0.0,-0.011950313999034472,5623,1404.7878165639972,0.5980793170905211,0.015571486943695128,1.0361745662216137,4.0,0.005513071314245065,0.003892871735923782
pullback,1.5,1.0,16835,"{""family"": ""pullback"", ""min_ddv"": 10000000.0, ""min_price"": 5.0, ""regime"": ""none"", ""trend"": true, ""mom_min"": -1.0, ""rsi2_max"": 100.0, ""rsi14_max"": 100.0, ""ret21_max"": -0.02, ""dist_ema20_max"": 1.0, ""dist_ema50_min"": -1.0, ""dist_hh60_min"": -1.0, ""atr_ratio_max"": 10.0, ""vol_ratio_min"": 0.0, ""up_close"": true, ""strong_close"": true}",5848,834.7751271020727,0.5586525307797537,0.0730018045866658,1.1517788787410357,5.0,0.0,0.01460036091733316,4804,1200.1779603011635,0.5081182348043297,-0.03488114520463592,0.9344072622488163,5.0,0.0,-0.006976229040927184,5623,1404.7878165639972,0.530144051218211,0.023218422885609453,1.0459968183972808,5.0,0.006935799395340565,0.0046436845771218906
pullback,1.5,1.5,16835,"{""family"": ""pullback"", ""min_ddv"": 10000000.0, ""min_price"": 5.0, ""regime"": ""none"", ""trend"": true, ""mom_min"": -1.0, ""rsi2_max"": 100.0, ""rsi14_max"": 100.0, ""ret21_max"": -0.02, ""dist_ema20_max"": 1.0, ""dist_ema50_min"": -1.0, ""dist_hh60_min"": -1.0, ""atr_ratio_max"": 10.0, ""vol_ratio_min"": 0.0, ""up_close"": true, ""strong_close"": true}",5848,834.7751271020727,0.46682626538987687,0.11860389807399087,1.2040518223444443,7.0,0.0,0.016943414010570125,4804,1200.1779603011635,0.41174021648626147,-0.022965801694221556,0.9639242366357572,7.0,0.0,-0.0032808288134602223,5623,1404.7878165639972,0.4376667259470034,0.04673103164686992,1.0770992781646147,7.0,0.011203983638627067,0.00667586166383856
pullback,1.5,2.0,16835,"{""family"": ""pullback"", ""min_ddv"": 10000000.0, ""min_price"": 5.0, ""regime"": ""none"", ""trend"": true, ""mom_min"": -1.0, ""rsi2_max"": 100.0, ""rsi14_max"": 100.0, ""ret21_max"": -0.02, ""dist_ema20_max"": 1.0, ""dist_ema50_min"": -1.0, ""dist_hh60_min"": -1.0, ""atr_ratio_max"": 10.0, ""vol_ratio_min"": 0.0, ""up_close"": true, ""strong_close"": true}",5848,834.7751271020727,0.405437756497948,0.16494481031078206,1.25391788657775,9.0,0.0,0.01832720114564245,4804,1200.1779603011635,0.35387177352206495,0.0018903802954523452,1.0026909269404685,9.0,0.0,0.00021004225505026058,5623,1404.7878165639972,0.3786235105815401,0.07963778953802764,1.1186090103005277,9.0,0.014049439800818068,0.00884864328200307
pullback,1.5,3.0,16835,"{""family"": ""pullback"", ""min_ddv"": 10000000.0, ""min_price"": 5.0, ""regime"": ""none"", ""trend"": true, ""mom_min"": -1.0, ""rsi2_max"": 100.0, ""rsi14_max"": 100.0, ""ret21_max"": -0.02, ""dist_ema20_max"": 1.0, ""dist_ema50_min"": -1.0, ""dist_hh60_min"": -1.0, ""atr_ratio_max"": 10.0, ""vol_ratio_min"": 0.0, ""up_close"": true, ""strong_close"": true}",5848,834.7751271020727,0.3177154582763338,0.21080956001813062,1.281073611384321,12.0,0.0,0.017567463334844217,4804,1200.1779603011635,0.27768526228143214,0.04833045075425476,1.0613598057348974,11.0,0.0,0.004393677341295887,5623,1404.7878165639972,0.3062422194558065,0.14636184698143387,1.1947443829696962,11.0,0.020807398186021696,0.013305622452857624
pullback,2.0,0.5,16835,"{""family"": ""pullback"", ""min_ddv"": 10000000.0, ""min_price"": 5.0, ""regime"": ""none"", ""trend"": true, ""mom_min"": -1.0, ""rsi2_max"": 100.0, ""rsi14_max"": 100.0, ""ret21_max"": -0.02, ""dist_ema20_max"": 1.0, ""dist_ema50_min"": -1.0, ""dist_hh60_min"": -1.0, ""atr_ratio_max"": 10.0, ""vol_ratio_min"": 0.0, ""up_close"": true, ""strong_close"": true}",5782,825.3539303871725,0.7186094776893809,0.044853681598271744,1.1483301107362898,4.0,0.0,0.011213420399567936,4556,1138.2203969883642,0.67756804214223,-0.016757043378140945,0.9513545629825207,4.0,0.0,-0.004189260844535236,5349,1336.3347022587268,0.6986352589269023,0.030114402120475618,1.0948800693432024,4.0,0.006917180781454478,0.007528600530118904
pullback,2.0,0.75,16835,"{""family"": ""pullback"", ""min_ddv"": 10000000.0, ""min_price"": 5.0, ""regime"": ""none"", ""trend"": true, ""mom_min"": -1.0, ""rsi2_max"": 100.0, ""rsi14_max"": 100.0, ""ret21_max"": -0.02, ""dist_ema20_max"": 1.0, ""dist_ema50_min"": -1.0, ""dist_hh60_min"": -1.0, ""atr_ratio_max"": 10.0, ""vol_ratio_min"": 0.0, ""up_close"": true, ""strong_close"": true}",5782,825.3539303871725,0.6352473192666898,0.08056870138353014,1.205182527244772,6.0,0.0,0.013428116897255024,4556,1138.2203969883642,0.5882352941176471,-0.008510128575409285,0.9806656390482834,6.0,0.0,-0.0014183547625682142,5349,1336.3347022587268,0.6150682370536549,0.05395272197317626,1.1328954047919635,6.0,0.00972144326042251,0.008992120328862709
pullback,2.0,1.0,16835,"{""family"": ""pullback"", ""min_ddv"": 10000000.0, ""min_price"": 5.0, ""regime"": ""none"", ""trend"": true, ""mom_min"": -1.0, ""rsi2_max"": 100.0, ""rsi14_max"": 100.0, ""ret21_max"": -0.02, ""dist_ema20_max"": 1.0, ""dist_ema50_min"": -1.0, ""dist_hh60_min"": -1.0, ""atr_ratio_max"": 10.0, ""vol_ratio_min"": 0.0, ""up_close"": true, ""strong_close"": true}",5782,825.3539303871725,0.5738498789346247,0.1133260189909427,1.246800148790887,8.0,0.0,0.014165752373867838,4556,1138.2203969883642,0.5263388937664618,0.014591091178265125,1.0287881185079828,8.0,0.0,0.0018238863972831407,5349,1336.3347022587268,0.5460833800710413,0.06528906667448207,1.1358210966290965,8.0,0.013086558235184146,0.00816113333431026
pullback,2.0,1.5,16835,"{""family"": ""pullback"", ""min_ddv"": 10000000.0, ""min_price"": 5.0, ""regime"": ""none"", ""trend"": true, ""mom_min"": -1.0, ""rsi2_max"": 100.0, ""rsi14_max"": 100.0, ""ret21_max"": -0.02, ""dist_ema20_max"": 1.0, ""dist_ema50_min"": -1.0, ""dist_hh60_min"": -1.0, ""atr_ratio_max"": 10.0, ""vol_ratio_min"": 0.0, ""up_close"": true, ""strong_close"": true}",5782,825.3539303871725,0.48253199584918716,0.1690289534975534,1.3026922559596306,11.0,0.0,0.015366268499777581,4556,1138.2203969883642,0.43415276558384547,0.04308448264454472,1.0710810166561395,12.0,0.0,0.0035903735537120597,5349,1336.3347022587268,0.460646849878482,0.11541702862751545,1.2016896826657397,11.0,0.01944288652084502,0.01049245714795595
pullback,2.0,2.0,16835,"{""family"": ""pullback"", ""min_ddv"": 10000000.0, ""min_price"": 5.0, ""regime"": ""none"", ""trend"": true, ""mom_min"": -1.0, ""rsi2_max"": 100.0, ""rsi14_max"": 100.0, ""ret21_max"": -0.02, ""dist_ema20_max"": 1.0, ""dist_ema50_min"": -1.0, ""dist_hh60_min"": -1.0, ""atr_ratio_max"": 10.0, ""vol_ratio_min"": 0.0, ""up_close"": true, ""strong_close"": true}",5782,825.3539303871725,0.4138706329989623,0.20160394124137707,1.318247312891901,16.0,0.0,0.012600246327586067,4556,1138.2203969883642,0.3678665496049166,0.056785459898220945,1.0836282041267191,15.0,0.0,0.003785697326548063,5349,1336.3347022587268,0.4049355019629837,0.16304210466359761,1.2572572866647347,14.0,0.026360067302299495,0.0116458646188284
pullback,2.0,3.0,16835,"{""family"": ""pullback"", ""min_ddv"": 10000000.0, ""min_price"": 5.0, ""regime"": ""none"", ""trend"": true, ""mom_min"": -1.0, ""rsi2_max"": 100.0, ""rsi14_max"": 100.0, ""ret21_max"": -0.02, ""dist_ema20_max"": 1.0, ""dist_ema50_min"": -1.0, ""dist_hh60_min"": -1.0, ""atr_ratio_max"": 10.0, ""vol_ratio_min"": 0.0, ""up_close"": true, ""strong_close"": true}",5782,825.3539303871725,0.3346592874437911,0.28108612034362257,1.3888440489085367,21.0,0.0,0.013385053349696313,4556,1138.2203969883642,0.29258121158911327,0.1245348912354903,1.1638014389083373,19.0,0.0,0.006554467959762647,5349,1336.3347022587268,0.3370723499719574,0.25192518986271173,1.353437835199302,19.0,0.04150308468872686,0.01325922051909009
pullback,3.0,0.5,16835,"{""family"": ""pullback"", ""min_ddv"": 10000000.0, ""min_price"": 5.0, ""regime"": ""none"", ""trend"": true, ""mom_min"": -1.0, ""rsi2_max"": 100.0, ""rsi14_max"": 100.0, ""ret21_max"": -0.02, ""dist_ema20_max"": 1.0, ""dist_ema50_min"": -1.0, ""dist_hh60_min"": -1.0, ""atr_ratio_max"": 10.0, ""vol_ratio_min"": 0.0, ""up_close"": true, ""strong_close"": true}",5486,783.1012905748925,0.7413415967918338,0.09329158707083514,1.3379537462948041,8.0,0.0,0.011661448383854392,3843,960.0924024640657,0.7072599531615925,0.033922758195875174,1.108900997120274,8.0,0.0,0.004240344774484397,4491,1121.981519507187,0.7192162101981742,0.06480508077466128,1.219276775626874,8.0,0.004676018704074816,0.00810063509683266
pullback,3.0,0.75,16835,"{""family"": ""pullback"", ""min_ddv"": 10000000.0, ""min_price"": 5.0, ""regime"": ""none"", ""trend"": true, ""mom_min"": -1.0, ""rsi2_max"": 100.0, ""rsi14_max"": 100.0, ""ret21_max"": -0.02, ""dist_ema20_max"": 1.0, ""dist_ema50_min"": -1.0, ""dist_hh60_min"": -1.0, ""atr_ratio_max"": 10.0, ""vol_ratio_min"": 0.0, ""up_close"": true, ""strong_close"": true}",5486,783.1012905748925,0.6607728764126869,0.13529491908789043,1.3749039741894225,12.0,0.0,0.011274576590657536,3843,960.0924024640657,0.623991673172001,0.06659321348477702,1.1668813065641563,13.0,0.0,0.005122554883444387,4491,1121.981519507187,0.6392785571142284,0.10192840481837456,1.268489709999126,12.0,0.011356045424181697,0.008494033734864547
pullback,3.0,1.0,16835,"{""family"": ""pullback"", ""min_ddv"": 10000000.0, ""min_price"": 5.0, ""regime"": ""none"", ""trend"": true, ""mom_min"": -1.0, ""rsi2_max"": 100.0, ""rsi14_max"": 100.0, ""ret21_max"": -0.02, ""dist_ema20_max"": 1.0, ""dist_ema50_min"": -1.0, ""dist_hh60_min"": -1.0, ""atr_ratio_max"": 10.0, ""vol_ratio_min"": 0.0, ""up_close"": true, ""strong_close"": true}",5486,783.1012905748925,0.5998906306963179,0.17683435912043105,1.4152377557931066,16.0,0.0,0.01105214744502694,3843,960.0924024640657,0.5683060109289617,0.11013930873268027,1.2410107963187893,17.0,0.0,0.006478782866628251,4491,1121.981519507187,0.5840570028946782,0.14558051363448954,1.3321780772474643,16.0,0.017145401914940992,0.009098782102155596
pullback,3.0,1.5,16835,"{""family"": ""pullback"", ""min_ddv"": 10000000.0, ""min_price"": 5.0, ""regime"": ""none"", ""trend"": true, ""mom_min"": -1.0, ""rsi2_max"": 100.0, ""rsi14_max"": 100.0, ""ret21_max"": -0.02, ""dist_ema20_max"": 1.0, ""dist_ema50_min"": -1.0, ""dist_hh60_min"": -1.0, ""atr_ratio_max"": 10.0, ""vol_ratio_min"": 0.0, ""up_close"": true, ""strong_close"": true}",5486,783.1012905748925,0.508749544294568,0.24371380067788778,1.4658934184571695,25.0,0.0,0.009748552027115512,3843,960.0924024640657,0.4676034348165496,0.141039919278904,1.2507928239601531,24.0,0.0,0.0058766633032876665,4491,1121.981519507187,0.5045646849254064,0.2154589804716415,1.4114224216745843,22.0,0.03117345802716544,0.00979359002143825
pullback,3.0,2.0,16835,"{""family"": ""pullback"", ""min_ddv"": 10000000.0, ""min_price"": 5.0, ""regime"": ""none"", ""trend"": true, ""mom_min"": -1.0, ""rsi2_max"": 100.0, ""rsi14_max"": 100.0, ""ret21_max"": -0.02, ""dist_ema20_max"": 1.0, ""dist_ema50_min"": -1.0, ""dist_hh60_min"": -1.0, ""atr_ratio_max"": 10.0, ""vol_ratio_min"": 0.0, ""up_close"": true, ""strong_close"": true}",5486,783.1012905748925,0.44804958075100254,0.3047085869007217,1.517263968271055,33.0,0.0,0.009233593542446112,3843,960.0924024640657,0.40749414519906324,0.19738881810042766,1.3156707275103094,31.0,0.0,0.006367381229046054,4491,1121.981519507187,0.4520151413938989,0.27649702074541815,1.4741569859401482,29.0,0.04676018704074816,0.009534380025704075
pullback,3.0,3.0,16835,"{""family"": ""pullback"", ""min_ddv"": 10000000.0, ""min_price"": 5.0, ""regime"": ""none"", ""trend"": true, ""mom_min"": -1.0, ""rsi2_max"": 100.0, ""rsi14_max"": 100.0, ""ret21_max"": -0.02, ""dist_ema20_max"": 1.0, ""dist_ema50_min"": -1.0, ""dist_hh60_min"": -1.0, ""atr_ratio_max"": 10.0, ""vol_ratio_min"": 0.0, ""up_close"": true, ""strong_close"": true}",5486,783.1012905748925,0.36018957345971564,0.3897555214725096,1.565500507477244,47.0,0.0014582573824279985,0.008292670669627864,3843,960.0924024640657,0.30601092896174864,0.181207600291228,1.2462808023177765,43.0,0.0052042674993494666,0.004214130239330884,4491,1121.981519507187,0.3963482520596749,0.42185773699627593,1.6559177982467193,38.0,0.08016032064128256,0.01110151939463884
pullback,1.0,0.5,15052,"{""family"": ""pullback"", ""min_ddv"": 10000000.0, ""min_price"": 5.0, ""regime"": ""none"", ""trend"": true, ""mom_min"": 0.0, ""rsi2_max"": 100.0, ""rsi14_max"": 100.0, ""ret21_max"": -0.02, ""dist_ema20_max"": 1.0, ""dist_ema50_min"": -1.0, ""dist_hh60_min"": -1.0, ""atr_ratio_max"": 10.0, ""vol_ratio_min"": 0.0, ""up_close"": true, ""strong_close"": true}",5258,750.5553382870551,0.700266260935717,-0.03391357492216096,0.898652881559781,2.0,0.0,-0.01695678746108048,4460,1114.2368240930869,0.6504484304932735,-0.08702619070535986,0.7743210468618688,2.0,0.0,-0.04351309535267993,5243,1309.8528405201916,0.6692733168033569,-0.05117288378648013,0.8587148507366454,2.0,0.0026702269692923898,-0.025586441893240067
pullback,1.0,0.75,15052,"{""family"": ""pullback"", ""min_ddv"": 10000000.0, ""min_price"": 5.0, ""regime"": ""none"", ""trend"": true, ""mom_min"": 0.0, ""rsi2_max"": 100.0, ""rsi14_max"": 100.0, ""ret21_max"": -0.02, ""dist_ema20_max"": 1.0, ""dist_ema50_min"": -1.0, ""dist_hh60_min"": -1.0, ""atr_ratio_max"": 10.0, ""vol_ratio_min"": 0.0, ""up_close"": true, ""strong_close"": true}",5258,750.5553382870551,0.6192468619246861,-0.0005414552612138616,0.998731789292346,2.0,0.0,-0.0002707276306069308,4460,1114.2368240930869,0.5641255605381166,-0.07846538935313543,0.8372290809667199,2.0,0.0,-0.03923269467656772,5243,1309.8528405201916,0.5777226778561892,-0.04145993930059327,0.9103399751032374,2.0,0.003433148960518787,-0.020729969650296633
pullback,1.0,1.0,15052,"{""family"": ""pullback"", ""min_ddv"": 10000000.0, ""min_price"": 5.0, ""regime"": ""none"", ""trend"": true, ""mom_min"": 0.0, ""rsi2_max"": 100.0, ""rsi14_max"": 100.0, ""ret21_max"": -0.02, ""dist_ema20_max"": 1.0, ""dist_ema50_min"": -1.0, ""dist_hh60_min"": -1.0, ""atr_ratio_max"": 10.0, ""vol_ratio_min"": 0.0, ""up_close"": true, ""strong_close"": true}",5258,750.5553382870551,0.5542031190566755,0.030505333325317234,1.0609784978734293,3.0,0.0,0.01016844444177241,4460,1114.2368240930869,0.5006726457399103,-0.06614135219536131,0.880672033935311,3.0,0.0,-0.02204711739845377,5243,1309.8528405201916,0.5088689681480069,-0.036698558786577753,0.931986749106548,3.0,0.004196070951745184,-0.01223285292885925
pullback,1.0,1.5,15052,"{""family"": ""pullback"", ""min_ddv"": 10000000.0, ""min_price"": 5.0, ""regime"": ""none"", ""trend"": true, ""mom_min"": 0.0, ""rsi2_max"": 100.0, ""rsi14_max"": 100.0, ""ret21_max"": -0.02, ""dist_ema20_max"": 1.0, ""dist_ema50_min"": -1.0, ""dist_hh60_min"": -1.0, ""atr_ratio_max"": 10.0, ""vol_ratio_min"": 0.0, ""up_close"": true, ""strong_close"": true}",5258,750.5553382870551,0.46329402814758464,0.08308782605198291,1.1380996832117474,4.0,0.0,0.020771956512995727,4460,1114.2368240930869,0.3952914798206278,-0.0892197245384143,0.8669902602678528,4.0,0.0,-0.022304931134603575,5243,1309.8528405201916,0.4199885561701316,-0.016479507688106992,0.9743302781042913,4.0,0.005721914934197978,-0.004119876922026748
pullback,1.0,2.0,15052,"{""family"": ""pullback"", ""min_ddv"": 10000000.0, ""min_price"": 5.0, ""regime"": ""none"", ""trend"": true, ""mom_min"": 0.0, ""rsi2_max"": 100.0, ""rsi14_max"": 100.0, ""ret21_max"": -0.02, ""dist_ema20_max"": 1.0, ""dist_ema50_min"": -1.0, ""dist_hh60_min"": -1.0, ""atr_ratio_max"": 10.0, ""vol_ratio_min"": 0.0, ""up_close"": true, ""strong_close"": true}",5258,750.5553382870551,0.400912894636744,0.12364443167312539,1.1843403923767821,5.0,0.0,0.024728886334625076,4460,1114.2368240930869,0.3291479820627803,-0.09308113871510901,0.8752362455406115,5.0,0.0,-0.018616227743021803,5243,1309.8528405201916,0.35647530040053405,-0.0028589525202412707,0.9959859594896526,5.0,0.00781995041007057,-0.0005717905040482542
pullback,1.0,3.0,15052,"{""family"": ""pullback"", ""min_ddv"": 10000000.0, ""min_price"": 5.0, ""regime"": ""none"", ""trend"": true, ""mom_min"": 0.0, ""rsi2_max"": 100.0, ""rsi14_max"": 100.0, ""ret21_max"": -0.02, ""dist_ema20_max"": 1.0, ""dist_ema50_min"": -1.0, ""dist_hh60_min"": -1.0, ""atr_ratio_max"": 10.0, ""vol_ratio_min"": 0.0, ""up_close"": true, ""strong_close"": true}",5258,750.5553382870551,0.3189425637124382,0.19291801795524355,1.2517669530680637,6.0,0.0,0.03215300299254059,4460,1114.2368240930869,0.2515695067264574,-0.08451963981212435,0.8993454088770466,6.0,0.0,-0.014086606635354057,5243,1309.8528405201916,0.27713141331298874,0.017270586471420674,1.0214148917860661,6.0,0.010299446881556361,0.0028784310785701125
pullback,1.5,0.5,15052,"{""family"": ""pullback"", ""min_ddv"": 10000000.0, ""min_price"": 5.0, ""regime"": ""none"", ""trend"": true, ""mom_min"": 0.0, ""rsi2_max"": 100.0, ""rsi14_max"": 100.0, ""ret21_max"": -0.02, ""dist_ema20_max"": 1.0, ""dist_ema50_min"": -1.0, ""dist_hh60_min"": -1.0, ""atr_ratio_max"": 10.0, ""vol_ratio_min"": 0.0, ""up_close"": true, ""strong_close"": true}",5220,745.1310129057489,0.717624521072797,0.025404677069260015,1.0827290387595994,3.0,0.0,0.008468225689753339,4241,1059.5242984257359,0.6658806885168592,-0.045899665388644525,0.8732702729696941,3.0,0.0,-0.015299888462881508,5059,1263.8843258042436,0.6809646175133426,-0.009128827521513288,0.9732376617024278,3.0,0.0037556829412927458,-0.0030429425071710962
pullback,1.5,0.75,15052,"{""family"": ""pullback"", ""min_ddv"": 10000000.0, ""min_price"": 5.0, ""regime"": ""none"", ""trend"": true, ""mom_min"": 0.0, ""rsi2_max"": 100.0, ""rsi14_max"": 100.0, ""ret21_max"": -0.02, ""dist_ema20_max"": 1.0, ""dist_ema50_min"": -1.0, ""dist_hh60_min"": -1.0, ""atr_ratio_max"": 10.0, ""vol_ratio_min"": 0.0, ""up_close"": true, ""strong_close"": true}",5220,745.1310129057489,0.6327586206896552,0.06570198107079134,1.164836927187458,4.0,0.0,0.016425495267697834,4241,1059.5242984257359,0.569441169535487,-0.05065431606346216,0.8914924309681551,4.0,0.0,-0.01266357901586554,5059,1263.8843258042436,0.598537260328128,0.01597194464655352,1.03712738374314,4.0,0.005930025696778019,0.00399298616163838
pullback,1.5,1.0,15052,"{""family"": ""pullback"", ""min_ddv"": 10000000.0, ""min_price"": 5.0, ""regime"": ""none"", ""trend"": true, ""mom_min"": 0.0, ""rsi2_max"": 100.0, ""rsi14_max"": 100.0, ""ret21_max"": -0.02, ""dist_ema20_max"": 1.0, ""dist_ema50_min"": -1.0, ""dist_hh60_min"": -1.0, ""atr_ratio_max"": 10.0, ""vol_ratio_min"": 0.0, ""up_close"": true, ""strong_close"": true}",5220,745.1310129057489,0.5701149425287356,0.09853891096677769,1.211630548236175,5.0,0.0,0.01970778219335554,4241,1059.5242984257359,0.5057769394010847,-0.04066551188232065,0.9239850182136009,5.0,0.0,-0.00813310237646413,5059,1263.8843258042436,0.5309349673848587,0.023615117977801147,1.046821257254862,5.0,0.007313698359359557,0.004723023595560229
pullback,1.5,1.5,15052,"{""family"": ""pullback"", ""min_ddv"": 10000000.0, ""min_price"": 5.0, ""regime"": ""none"", ""trend"": true, ""mom_min"": 0.0, ""rsi2_max"": 100.0, ""rsi14_max"": 100.0, ""ret21_max"": -0.02, ""dist_ema20_max"": 1.0, ""dist_ema50_min"": -1.0, ""dist_hh60_min"": -1.0, ""atr_ratio_max"": 10.0, ""vol_ratio_min"": 0.0, ""up_close"": true, ""strong_close"": true}",5220,745.1310129057489,0.478544061302682,0.14959218335079105,1.2646744557003358,7.0,0.0,0.021370311907255864,4241,1059.5242984257359,0.4091016269747701,-0.030251200061413304,0.9527329010887816,7.0,0.0,-0.004321600008773329,5059,1263.8843258042436,0.4398102391777031,0.05201863302400295,1.0860904014396453,7.0,0.011464716347104172,0.0074312332891432785
pullback,1.5,2.0,15052,"{""family"": ""pullback"", ""min_ddv"": 10000000.0, ""min_price"": 5.0, ""regime"": ""none"", ""trend"": true, ""mom_min"": 0.0, ""rsi2_max"": 100.0, ""rsi14_max"": 100.0, ""ret21_max"": -0.02, ""dist_ema20_max"": 1.0, ""dist_ema50_min"": -1.0, ""dist_hh60_min"": -1.0, ""atr_ratio_max"": 10.0, ""vol_ratio_min"": 0.0, ""up_close"": true, ""strong_close"": true}",5220,745.1310129057489,0.41800766283524904,0.2055280670854732,1.324985103182386,9.0,0.0,0.02283645189838591,4241,1059.5242984257359,0.3534543739684037,8.860623624233628e-05,1.0001258737602758,9.0,0.0,9.845137360259587e-06,5059,1263.8843258042436,0.37971931211701915,0.08205346288237705,1.1222819751028663,9.0,0.014232061672267246,0.009117051431375228
pullback,1.5,3.0,15052,"{""family"": ""pullback"", ""min_ddv"": 10000000.0, ""min_price"": 5.0, ""regime"": ""none"", ""trend"": true, ""mom_min"": 0.0, ""rsi2_max"": 100.0, ""rsi14_max"": 100.0, ""ret21_max"": -0.02, ""dist_ema20_max"": 1.0, ""dist_ema50_min"": -1.0, ""dist_hh60_min"": -1.0, ""atr_ratio_max"": 10.0, ""vol_ratio_min"": 0.0, ""up_close"": true, ""strong_close"": true}",5220,745.1310129057489,0.328544061302682,0.2566335827310368,1.3488671028399404,13.0,0.0,0.01974104482546437,4241,1059.5242984257359,0.2765857109172365,0.043305918797780986,1.0547923842539375,11.0,0.0,0.0039369017088891805,5059,1263.8843258042436,0.3044079857679383,0.1379460213866684,1.1828295127987871,11.0,0.021150424985174936,0.012540547398788036
pullback,2.0,0.5,15052,"{""family"": ""pullback"", ""min_ddv"": 10000000.0, ""min_price"": 5.0, ""regime"": ""none"", ""trend"": true, ""mom_min"": 0.0, ""rsi2_max"": 100.0, ""rsi14_max"": 100.0, ""ret21_max"": -0.02, ""dist_ema20_max"": 1.0, ""dist_ema50_min"": -1.0, ""dist_hh60_min"": -1.0, ""atr_ratio_max"": 10.0, ""vol_ratio_min"": 0.0, ""up_close"": true, ""strong_close"": true}",5155,735.8525615956198,0.7299709020368574,0.06368509715764017,1.2199781536570866,4.0,0.0,0.015921274289410044,4012,1002.3134839151267,0.6769690927218345,-0.018123967081818883,0.9475739175206329,4.0,0.0,-0.004530991770454721,4802,1199.678302532512,0.7005414410662224,0.03334500691591481,1.1057147588746898,4.0,0.007496876301541024,0.008336251728978703
pullback,2.0,0.75,15052,"{""family"": ""pullback"", ""min_ddv"": 10000000.0, ""min_price"": 5.0, ""regime"": ""none"", ""trend"": true, ""mom_min"": 0.0, ""rsi2_max"": 100.0, ""rsi14_max"": 100.0, ""ret21_max"": -0.02, ""dist_ema20_max"": 1.0, ""dist_ema50_min"": -1.0, ""dist_hh60_min"": -1.0, ""atr_ratio_max"": 10.0, ""vol_ratio_min"": 0.0, ""up_close"": true, ""strong_close"": true}",5155,735.8525615956198,0.6471387002909796,0.10354558625838164,1.2745946705061506,6.0,0.0,0.017257597709730274,4012,1002.3134839151267,0.5857427716849452,-0.01388939615794346,0.9686926349031201,6.0,0.0,-0.0023148993596572433,4802,1199.678302532512,0.617451062057476,0.05695667616519523,1.1410007546812702,6.0,0.01020408163265306,0.009492779360865872
pullback,2.0,1.0,15052,"{""family"": ""pullback"", ""min_ddv"": 10000000.0, ""min_price"": 5.0, ""regime"": ""none"", ""trend"": true, ""mom_min"": 0.0, ""rsi2_max"": 100.0, ""rsi14_max"": 100.0, ""ret21_max"": -0.02, ""dist_ema20_max"": 1.0, ""dist_ema50_min"": -1.0, ""dist_hh60_min"": -1.0, ""atr_ratio_max"": 10.0, ""vol_ratio_min"": 0.0, ""up_close"": true, ""strong_close"": true}",5155,735.8525615956198,0.585838991270611,0.13844341289643028,1.3121133663834894,8.0,0.0,0.017305426612053785,4012,1002.3134839151267,0.523678963110668,0.008514417580885732,1.0167101544976653,8.0,0.0,0.0010643021976107165,4802,1199.678302532512,0.5499791753436069,0.07279968631992621,1.1526319707827328,8.0,0.013536026655560184,0.009099960789990777
pullback,2.0,1.5,15052,"{""family"": ""pullback"", ""min_ddv"": 10000000.0, ""min_price"": 5.0, ""regime"": ""none"", ""trend"": true, ""mom_min"": 0.0, ""rsi2_max"": 100.0, ""rsi14_max"": 100.0, ""ret21_max"": -0.02, ""dist_ema20_max"": 1.0, ""dist_ema50_min"": -1.0, ""dist_hh60_min"": -1.0, ""atr_ratio_max"": 10.0, ""vol_ratio_min"": 0.0, ""up_close"": true, ""strong_close"": true}",5155,735.8525615956198,0.4962172647914646,0.2052724118411544,1.3794358494948613,12.0,0.0,0.017106034320096202,4012,1002.3134839151267,0.4334496510468594,0.04057274204830861,1.0668531637903687,12.0,0.0,0.003381061837359051,4802,1199.678302532512,0.46355685131195334,0.12256602063634993,1.2151339868013598,11.0,0.019575177009579343,0.011142365512395449
pullback,2.0,2.0,15052,"{""family"": ""pullback"", ""min_ddv"": 10000000.0, ""min_price"": 5.0, ""regime"": ""none"", ""trend"": true, ""mom_min"": 0.0, ""rsi2_max"": 100.0, ""rsi14_max"": 100.0, ""ret21_max"": -0.02, ""dist_ema20_max"": 1.0, ""dist_ema50_min"": -1.0, ""dist_hh60_min"": -1.0, ""atr_ratio_max"": 10.0, ""vol_ratio_min"": 0.0, ""up_close"": true, ""strong_close"": true}",5155,735.8525615956198,0.4267701260911736,0.241745529994087,1.3915770840761934,16.0,0.0,0.015109095624630437,4012,1002.3134839151267,0.3664007976071785,0.05155793752088555,1.0757185714382296,15.0,0.0,0.003437195834725703,4802,1199.678302532512,0.4062890462307372,0.16632262746133927,1.2627506315398158,15.0,0.026655560183256977,0.011088175164089284
pullback,2.0,3.0,15052,"{""family"": ""pullback"", ""min_ddv"": 10000000.0, ""min_price"": 5.0, ""regime"": ""none"", ""trend"": true, ""mom_min"": 0.0, ""rsi2_max"": 100.0, ""rsi14_max"": 100.0, ""ret21_max"": -0.02, ""dist_ema20_max"": 1.0, ""dist_ema50_min"": -1.0, ""dist_hh60_min"": -1.0, ""atr_ratio_max"": 10.0, ""vol_ratio_min"": 0.0, ""up_close"": true, ""strong_close"": true}",5155,735.8525615956198,0.34393792434529585,0.3192098189972407,1.4490374540897006,22.0,0.0,0.014509537227147306,4012,1002.3134839151267,0.292123629112662,0.12396154322858192,1.1628841093589264,19.0,0.0,0.006524291748872733,4802,1199.678302532512,0.3371511870054144,0.25349770849965586,1.356225847722637,19.0,0.04185755935027072,0.013341984657876624
pullback,3.0,0.5,15052,"{""family"": ""pullback"", ""min_ddv"": 10000000.0, ""min_price"": 5.0, ""regime"": ""none"", ""trend"": true, ""mom_min"": 0.0, ""rsi2_max"": 100.0, ""rsi14_max"": 100.0, ""ret21_max"": -0.02, ""dist_ema20_max"": 1.0, ""dist_ema50_min"": -1.0, ""dist_hh60_min"": -1.0, ""atr_ratio_max"": 10.0, ""vol_ratio_min"": 0.0, ""up_close"": true, ""strong_close"": true}",4903,699.8807195932734,0.7544360595553743,0.11385187373206329,1.4368903318524127,8.0,0.0,0.014231484216507911,3362,839.9247091033538,0.7052349791790601,0.03146030722091584,1.1004776207270996,8.0,0.0,0.00393253840261448,4013,1002.5633127994524,0.7216546224769499,0.06834624766818287,1.233947115871944,8.0,0.0049838026414154,0.008543280958522859
pullback,3.0,0.75,15052,"{""family"": ""pullback"", ""min_ddv"": 10000000.0, ""min_price"": 5.0, ""regime"": ""none"", ""trend"": true, ""mom_min"": 0.0, ""rsi2_max"": 100.0, ""rsi14_max"": 100.0, ""ret21_max"": -0.02, ""dist_ema20_max"": 1.0, ""dist_ema50_min"": -1.0, ""dist_hh60_min"": -1.0, ""atr_ratio_max"": 10.0, ""vol_ratio_min"": 0.0, ""up_close"": true, ""strong_close"": true}",4903,699.8807195932734,0.6755047929838874,0.1611640081850047,1.4687120565885756,12.0,0.0,0.013430334015417059,3362,839.9247091033538,0.6201665675193337,0.059906470888217135,1.1490045718133197,13.0,0.0,0.004608190068324395,4013,1002.5633127994524,0.6436581111387989,0.11120518515482343,1.297118843198817,12.0,0.01121355594318465,0.009267098762901953
pullback,3.0,1.0,15052,"{""family"": ""pullback"", ""min_ddv"": 10000000.0, ""min_price"": 5.0, ""regime"": ""none"", ""trend"": true, ""mom_min"": 0.0, ""rsi2_max"": 100.0, ""rsi14_max"": 100.0, ""ret21_max"": -0.02, ""dist_ema20_max"": 1.0, ""dist_ema50_min"": -1.0, ""dist_hh60_min"": -1.0, ""atr_ratio_max"": 10.0, ""vol_ratio_min"": 0.0, ""up_close"": true, ""strong_close"": true}",4903,699.8807195932734,0.6151335916785642,0.20779355480463635,1.5088549085852185,16.0,0.0,0.012987097175289772,3362,839.9247091033538,0.5648423557406306,0.10359712334206528,1.2254287233145185,17.0,0.0,0.006093948431886193,4013,1002.5633127994524,0.5890854722153003,0.15750977296631732,1.3642576035044724,16.0,0.01669573884874159,0.009844360810394833
pullback,3.0,1.5,15052,"{""family"": ""pullback"", ""min_ddv"": 10000000.0, ""min_price"": 5.0, ""regime"": ""none"", ""trend"": true, ""mom_min"": 0.0, ""rsi2_max"": 100.0, ""rsi14_max"": 100.0, ""ret21_max"": -0.02, ""dist_ema20_max"": 1.0, ""dist_ema50_min"": -1.0, ""dist_hh60_min"": -1.0, ""atr_ratio_max"": 10.0, ""vol_ratio_min"": 0.0, ""up_close"": true, ""strong_close"": true}",4903,699.8807195932734,0.5215174383030797,0.2762707156806099,1.5433334933639138,26.0,0.0,0.010625796756946535,3362,839.9247091033538,0.46519928613920286,0.13636199688892625,1.24189145269142,25.0,0.0,0.00545447987555705,4013,1002.5633127994524,0.5073511088960877,0.22472222244762902,1.4323455981369693,23.0,0.03114876650884625,0.009770531410766479
pullback,3.0,2.0,15052,"{""family"": ""pullback"", ""min_ddv"": 10000000.0, ""min_price"": 5.0, ""regime"": ""none"", ""trend"": true, ""mom_min"": 0.0, ""rsi2_max"": 100.0, ""rsi14_max"": 100.0, ""ret21_max"": -0.02, ""dist_ema20_max"": 1.0, ""dist_ema50_min"": -1.0, ""dist_hh60_min"": -1.0, ""atr_ratio_max"": 10.0, ""vol_ratio_min"": 0.0, ""up_close"": true, ""strong_close"": true}",4903,699.8807195932734,0.45829084234142364,0.33567286171737465,1.5815698867233945,34.0,0.0,0.009872731226981608,3362,839.9247091033538,0.40749553837001784,0.2002768918246799,1.3209255435513236,31.0,0.0,0.006460544897570319,4013,1002.5633127994524,0.45576875155743835,0.28993966021361794,1.5023658796636576,29.0,0.04709693496137553,0.009997919317710964
pullback,3.0,3.0,15052,"{""family"": ""pullback"", ""min_ddv"": 10000000.0, ""min_price"": 5.0, ""regime"": ""none"", ""trend"": true, ""mom_min"": 0.0, ""rsi2_max"": 100.0, ""rsi14_max"": 100.0, ""ret21_max"": -0.02, ""dist_ema20_max"": 1.0, ""dist_ema50_min"": -1.0, ""dist_hh60_min"": -1.0, ""atr_ratio_max"": 10.0, ""vol_ratio_min"": 0.0, ""up_close"": true, ""strong_close"": true}",4903,699.8807195932734,0.37038547827860496,0.4339751052675163,1.6424036737973868,49.0,0.0016316540893330613,0.008856634801377885,3362,839.9247091033538,0.31082688875669245,0.20358518242998336,1.279092238884378,43.0,0.004164187983343248,0.004734539126278683,4013,1002.5633127994524,0.3994517817094443,0.43653124592286613,1.684589812767394,38.0,0.08098679292300025,0.011487664366391214
pullback,1.0,0.5,8174,"{""family"": ""pullback"", ""min_ddv"": 10000000.0, ""min_price"": 5.0, ""regime"": ""none"", ""trend"": true, ""mom_min"": 0.15, ""rsi2_max"": 100.0, ""rsi14_max"": 100.0, ""ret21_max"": -0.02, ""dist_ema20_max"": 1.0, ""dist_ema50_min"": -1.0, ""dist_hh60_min"": -1.0, ""atr_ratio_max"": 10.0, ""vol_ratio_min"": 0.0, ""up_close"": true, ""strong_close"": true}",2207,315.03910833007427,0.6941549614861804,-0.02312653512042901,0.9309779186368478,2.0,0.0,-0.011563267560214505,2569,641.8104038329911,0.6391592059166991,-0.09199461726430579,0.767600364652065,2.0,0.0,-0.04599730863215289,3308,826.4339493497604,0.6659613059250302,-0.04463257729326439,0.8772122736012691,2.0,0.003022974607013301,-0.022316288646632196
pullback,1.0,0.75,8174,"{""family"": ""pullback"", ""min_ddv"": 10000000.0, ""min_price"": 5.0, ""regime"": ""none"", ""trend"": true, ""mom_min"": 0.15, ""rsi2_max"": 100.0, ""rsi14_max"": 100.0, ""ret21_max"": -0.02, ""dist_ema20_max"": 1.0, ""dist_ema50_min"": -1.0, ""dist_hh60_min"": -1.0, ""atr_ratio_max"": 10.0, ""vol_ratio_min"": 0.0, ""up_close"": true, ""strong_close"": true}",2207,315.03910833007427,0.6080652469415496,-0.004339621673016626,0.9900034821705759,2.0,0.0,-0.002169810836508313,2569,641.8104038329911,0.5535227715064227,-0.08529465178726313,0.8258737749983194,2.0,0.0,-0.042647325893631564,3308,826.4339493497604,0.5755743651753326,-0.03613692594610199,0.9217861885670011,2.0,0.003325272067714631,-0.018068462973050994
pullback,1.0,1.0,8174,"{""family"": ""pullback"", ""min_ddv"": 10000000.0, ""min_price"": 5.0, ""regime"": ""none"", ""trend"": true, ""mom_min"": 0.15, ""rsi2_max"": 100.0, ""rsi14_max"": 100.0, ""ret21_max"": -0.02, ""dist_ema20_max"": 1.0, ""dist_ema50_min"": -1.0, ""dist_hh60_min"": -1.0, ""atr_ratio_max"": 10.0, ""vol_ratio_min"": 0.0, ""up_close"": true, ""strong_close"": true}",2207,315.03910833007427,0.539193475305845,0.018390321301167897,1.036086764550316,3.0,0.0,0.006130107100389299,2569,641.8104038329911,0.4904632152588556,-0.07548119952522532,0.8656808513792763,3.0,0.0,-0.025160399841741773,3308,826.4339493497604,0.5051390568319226,-0.034566654480147556,0.9360618834339126,3.0,0.004534461910519952,-0.011522218160049185
pullback,1.0,1.5,8174,"{""family"": ""pullback"", ""min_ddv"": 10000000.0, ""min_price"": 5.0, ""regime"": ""none"", ""trend"": true, ""mom_min"": 0.15, ""rsi2_max"": 100.0, ""rsi14_max"": 100.0, ""ret21_max"": -0.02, ""dist_ema20_max"": 1.0, ""dist_ema50_min"": -1.0, ""dist_hh60_min"": -1.0, ""atr_ratio_max"": 10.0, ""vol_ratio_min"": 0.0, ""up_close"": true, ""strong_close"": true}",2207,315.03910833007427,0.4485727231536022,0.06591533164041222,1.1080512025008118,4.0,0.0,0.016478832910103054,2569,641.8104038329911,0.3787465940054496,-0.12262567861281427,0.8209871306092518,4.0,0.0,-0.03065641965320357,3308,826.4339493497604,0.40991535671100365,-0.03422403271395293,0.9473556018205358,4.0,0.0063482466747279325,-0.008556008178488233
pullback,1.0,2.0,8174,"{""family"": ""pullback"", ""min_ddv"": 10000000.0, ""min_price"": 5.0, ""regime"": ""none"", ""trend"": true, ""mom_min"": 0.15, ""rsi2_max"": 100.0, ""rsi14_max"": 100.0, ""ret21_max"": -0.02, ""dist_ema20_max"": 1.0, ""dist_ema50_min"": -1.0, ""dist_hh60_min"": -1.0, ""atr_ratio_max"": 10.0, ""vol_ratio_min"": 0.0, ""up_close"": true, ""strong_close"": true}",2207,315.03910833007427,0.38740371545083824,0.10187749434362597,1.150438130468721,5.0,0.0,0.020375498868725195,2569,641.8104038329911,0.3094589334371351,-0.14676682835018723,0.8074713775138378,5.0,0.0,-0.029353365670037445,3308,826.4339493497604,0.34915356711003626,-0.021050624142278665,0.9706663105336847,5.0,0.008464328899637243,-0.004210124828455733
pullback,1.0,3.0,8174,"{""family"": ""pullback"", ""min_ddv"": 10000000.0, ""min_price"": 5.0, ""regime"": ""none"", ""trend"": true, ""mom_min"": 0.15, ""rsi2_max"": 100.0, ""rsi14_max"": 100.0, ""ret21_max"": -0.02, ""dist_ema20_max"": 1.0, ""dist_ema50_min"": -1.0, ""dist_hh60_min"": -1.0, ""atr_ratio_max"": 10.0, ""vol_ratio_min"": 0.0, ""up_close"": true, ""strong_close"": true}",2207,315.03910833007427,0.29950158586316267,0.12739156129523907,1.1632416174977498,6.0,0.0,0.021231926882539845,2569,641.8104038329911,0.23277539898793304,-0.1613550901012109,0.8121680463359785,6.0,0.0,-0.026892515016868485,3308,826.4339493497604,0.26904474002418377,-0.015614586749715012,0.9808645143388164,6.0,0.011185006045949214,-0.002602431124952502
pullback,1.5,0.5,8174,"{""family"": ""pullback"", ""min_ddv"": 10000000.0, ""min_price"": 5.0, ""regime"": ""none"", ""trend"": true, ""mom_min"": 0.15, ""rsi2_max"": 100.0, ""rsi14_max"": 100.0, ""ret21_max"": -0.02, ""dist_ema20_max"": 1.0, ""dist_ema50_min"": -1.0, ""dist_hh60_min"": -1.0, ""atr_ratio_max"": 10.0, ""vol_ratio_min"": 0.0, ""up_close"": true, ""strong_close"": true}",2170,309.75752835353927,0.7105990783410139,0.025371972376707897,1.0805710423844712,3.0,0.0,0.008457324125569298,2361,589.8459958932239,0.6467598475222364,-0.06457328750272268,0.829551691433388,3.0,0.0,-0.021524429167574227,3133,782.7138945927446,0.6782636450686244,-0.008247911313910856,0.9759482806483895,3.0,0.003830194701563996,-0.0027493037713036184
pullback,1.5,0.75,8174,"{""family"": ""pullback"", ""min_ddv"": 10000000.0, ""min_price"": 5.0, ""regime"": ""none"", ""trend"": true, ""mom_min"": 0.15, ""rsi2_max"": 100.0, ""rsi14_max"": 100.0, ""ret21_max"": -0.02, ""dist_ema20_max"": 1.0, ""dist_ema50_min"": -1.0, ""dist_hh60_min"": -1.0, ""atr_ratio_max"": 10.0, ""vol_ratio_min"": 0.0, ""up_close"": true, ""strong_close"": true}",2170,309.75752835353927,0.6175115207373272,0.05519332588256485,1.133110691247949,4.0,0.0,0.013798331470641212,2361,589.8459958932239,0.5484963998305803,-0.07894351288846606,0.8377621575016899,4.0,0.0,-0.019735878222116515,3133,782.7138945927446,0.5936801787424194,0.013099994038266106,1.030254415619738,4.0,0.007341206511330993,0.0032749985095665264
pullback,1.5,1.0,8174,"{""family"": ""pullback"", ""min_ddv"": 10000000.0, ""min_price"": 5.0, ""regime"": ""none"", ""trend"": true, ""mom_min"": 0.15, ""rsi2_max"": 100.0, ""rsi14_max"": 100.0, ""ret21_max"": -0.02, ""dist_ema20_max"": 1.0, ""dist_ema50_min"": -1.0, ""dist_hh60_min"": -1.0, ""atr_ratio_max"": 10.0, ""vol_ratio_min"": 0.0, ""up_close"": true, ""strong_close"": true}",2170,309.75752835353927,0.5543778801843318,0.08096391414532278,1.1681762230239423,5.0,0.0,0.016192782829064556,2361,589.8459958932239,0.48115205421431595,-0.08279093531746329,0.8516039881452331,5.0,0.0,-0.016558187063492658,3133,782.7138945927446,0.5205872965209065,0.007592411031005372,1.0147862956930886,5.0,0.00893712097031599,0.0015184822062010745
pullback,1.5,1.5,8174,"{""family"": ""pullback"", ""min_ddv"": 10000000.0, ""min_price"": 5.0, ""regime"": ""none"", ""trend"": true, ""mom_min"": 0.15, ""rsi2_max"": 100.0, ""rsi14_max"": 100.0, ""ret21_max"": -0.02, ""dist_ema20_max"": 1.0, ""dist_ema50_min"": -1.0, ""dist_hh60_min"": -1.0, ""atr_ratio_max"": 10.0, ""vol_ratio_min"": 0.0, ""up_close"": true, ""strong_close"": true}",2170,309.75752835353927,0.4686635944700461,0.13693922846408457,1.2385140522527631,7.0,0.0,0.019562746923440653,2361,589.8459958932239,0.38585345192714954,-0.08611801367990429,0.8695925773258905,7.0,0.0,-0.012302573382843471,3133,782.7138945927446,0.4318544526013406,0.035377833318850575,1.0579459349670026,7.0,0.013086498563676987,0.005053976188407225
pullback,1.5,2.0,8174,"{""family"": ""pullback"", ""min_ddv"": 10000000.0, ""min_price"": 5.0, ""regime"": ""none"", ""trend"": true, ""mom_min"": 0.15, ""rsi2_max"": 100.0, ""rsi14_max"": 100.0, ""ret21_max"": -0.02, ""dist_ema20_max"": 1.0, ""dist_ema50_min"": -1.0, ""dist_hh60_min"": -1.0, ""atr_ratio_max"": 10.0, ""vol_ratio_min"": 0.0, ""up_close"": true, ""strong_close"": true}",2170,309.75752835353927,0.40046082949308753,0.16244297151958764,1.2500998699915753,9.0,0.0,0.01804921905773196,2361,589.8459958932239,0.3274036425243541,-0.07934371716945127,0.8913029232494892,9.0,0.0,-0.008815968574383473,3133,782.7138945927446,0.36961378870092565,0.05425610617590426,1.0797716048986734,9.0,0.016597510373443983,0.00602845624176714
pullback,1.5,3.0,8174,"{""family"": ""pullback"", ""min_ddv"": 10000000.0, ""min_price"": 5.0, ""regime"": ""none"", ""trend"": true, ""mom_min"": 0.15, ""rsi2_max"": 100.0, ""rsi14_max"": 100.0, ""ret21_max"": -0.02, ""dist_ema20_max"": 1.0, ""dist_ema50_min"": -1.0, ""dist_hh60_min"": -1.0, ""atr_ratio_max"": 10.0, ""vol_ratio_min"": 0.0, ""up_close"": true, ""strong_close"": true}",2170,309.75752835353927,0.2995391705069124,0.14882360687691662,1.1938010520485873,12.0,0.0,0.012401967239743052,2361,589.8459958932239,0.2609063955950868,-0.018710305335272074,0.9767524570604327,11.0,0.0,-0.0017009368486610977,3133,782.7138945927446,0.2974784551548037,0.11809010515914971,1.155899598436421,11.0,0.02298116820938398,0.010735464105377247
pullback,2.0,0.5,8174,"{""family"": ""pullback"", ""min_ddv"": 10000000.0, ""min_price"": 5.0, ""regime"": ""none"", ""trend"": true, ""mom_min"": 0.15, ""rsi2_max"": 100.0, ""rsi14_max"": 100.0, ""ret21_max"": -0.02, ""dist_ema20_max"": 1.0, ""dist_ema50_min"": -1.0, ""dist_hh60_min"": -1.0, ""atr_ratio_max"": 10.0, ""vol_ratio_min"": 0.0, ""up_close"": true, ""strong_close"": true}",2112,301.4782948768088,0.7163825757575758,0.052712003632816584,1.1720680977684188,4.0,0.0,0.013178000908204146,2146,536.1327857631759,0.6598322460391426,-0.03724966396657349,0.8970991060563634,5.0,0.0,-0.007449932793314698,2899,724.2539356605065,0.6998965160400138,0.038541175011539947,1.1226247427768055,4.0,0.010003449465332874,0.009635293752884987
pullback,2.0,0.75,8174,"{""family"": ""pullback"", ""min_ddv"": 10000000.0, ""min_price"": 5.0, ""regime"": ""none"", ""trend"": true, ""mom_min"": 0.15, ""rsi2_max"": 100.0, ""rsi14_max"": 100.0, ""ret21_max"": -0.02, ""dist_ema20_max"": 1.0, ""dist_ema50_min"": -1.0, ""dist_hh60_min"": -1.0, ""atr_ratio_max"": 10.0, ""vol_ratio_min"": 0.0, ""up_close"": true, ""strong_close"": true}",2112,301.4782948768088,0.6273674242424242,0.07757287623946725,1.1937704286783029,6.0,0.0,0.012928812706577876,2146,536.1327857631759,0.5610438024231128,-0.0532177892958701,0.8861840647127842,7.0,0.0,-0.007602541327981443,2899,724.2539356605065,0.6122800965850294,0.052657433096726845,1.1293979812112676,6.0,0.013452914798206279,0.008776238849454474
pullback,2.0,1.0,8174,"{""family"": ""pullback"", ""min_ddv"": 10000000.0, ""min_price"": 5.0, ""regime"": ""none"", ""trend"": true, ""mom_min"": 0.15, ""rsi2_max"": 100.0, ""rsi14_max"": 100.0, ""ret21_max"": -0.02, ""dist_ema20_max"": 1.0, ""dist_ema50_min"": -1.0, ""dist_hh60_min"": -1.0, ""atr_ratio_max"": 10.0, ""vol_ratio_min"": 0.0, ""up_close"": true, ""strong_close"": true}",2112,301.4782948768088,0.5714962121212122,0.11706202499314203,1.253270686358615,8.0,0.0,0.014632753124142753,2146,536.1327857631759,0.4958061509785648,-0.04415604275217106,0.9176368189856372,8.0,0.0,-0.005519505344021383,2899,724.2539356605065,0.5460503621938599,0.07088016770891542,1.1483142153286758,8.0,0.016557433597792343,0.008860020963614428
pullback,2.0,1.5,8174,"{""family"": ""pullback"", ""min_ddv"": 10000000.0, ""min_price"": 5.0, ""regime"": ""none"", ""trend"": true, ""mom_min"": 0.15, ""rsi2_max"": 100.0, ""rsi14_max"": 100.0, ""ret21_max"": -0.02, ""dist_ema20_max"": 1.0, ""dist_ema50_min"": -1.0, ""dist_hh60_min"": -1.0, ""atr_ratio_max"": 10.0, ""vol_ratio_min"": 0.0, ""up_close"": true, ""strong_close"": true}",2112,301.4782948768088,0.48011363636363635,0.16848381770680904,1.2997319739314883,11.5,0.0,0.014650766757113829,2146,536.1327857631759,0.40680335507921717,-0.026939046605248176,0.9574262643178433,12.0,0.0,-0.002244920550437348,2899,724.2539356605065,0.4570541566057261,0.11253437478619081,1.1963552967241322,11.0,0.023456364263539153,0.010230397707835528
pullback,2.0,2.0,8174,"{""family"": ""pullback"", ""min_ddv"": 10000000.0, ""min_price"": 5.0, ""regime"": ""none"", ""trend"": true, ""mom_min"": 0.15, ""rsi2_max"": 100.0, ""rsi14_max"": 100.0, ""ret21_max"": -0.02, ""dist_ema20_max"": 1.0, ""dist_ema50_min"": -1.0, ""dist_hh60_min"": -1.0, ""atr_ratio_max"": 10.0, ""vol_ratio_min"": 0.0, ""up_close"": true, ""strong_close"": true}",2112,301.4782948768088,0.4010416666666667,0.16604230453187643,1.255689343739995,15.0,0.0,0.011069486968791762,2146,536.1327857631759,0.34389561975768873,-0.01710316552248671,0.9756844422067843,15.0,0.0,-0.0011402110348324474,2899,724.2539356605065,0.3991031390134529,0.15616962693803324,1.2462009213838112,15.0,0.030355294929285962,0.010411308462535549
pullback,2.0,3.0,8174,"{""family"": ""pullback"", ""min_ddv"": 10000000.0, ""min_price"": 5.0, ""regime"": ""none"", ""trend"": true, ""mom_min"": 0.15, ""rsi2_max"": 100.0, ""rsi14_max"": 100.0, ""ret21_max"": -0.02, ""dist_ema20_max"": 1.0, ""dist_ema50_min"": -1.0, ""dist_hh60_min"": -1.0, ""atr_ratio_max"": 10.0, ""vol_ratio_min"": 0.0, ""up_close"": true, ""strong_close"": true}",2112,301.4782948768088,0.3134469696969697,0.20153272597872512,1.2693258294032175,20.0,0.0,0.010076636298936256,2146,536.1327857631759,0.27260018639328987,0.04365823516907526,1.0559253907509294,18.0,0.0,0.00242545750939307,2899,724.2539356605065,0.3290789927561228,0.2385216031767463,1.334717776999659,19.0,0.04277337012763022,0.012553768588249806
pullback,3.0,0.5,8174,"{""family"": ""pullback"", ""min_ddv"": 10000000.0, ""min_price"": 5.0, ""regime"": ""none"", ""trend"": true, ""mom_min"": 0.15, ""rsi2_max"": 100.0, ""rsi14_max"": 100.0, ""ret21_max"": -0.02, ""dist_ema20_max"": 1.0, ""dist_ema50_min"": -1.0, ""dist_hh60_min"": -1.0, ""atr_ratio_max"": 10.0, ""vol_ratio_min"": 0.0, ""up_close"": true, ""strong_close"": true}",1910,272.64372311302304,0.7465968586387435,0.10324738704954349,1.377658985694619,8.0,0.0,0.012905923381192936,1619,404.47296372347705,0.6837554045707227,0.00020435574477014728,1.0006081385965409,9.0,0.0,2.27061938633497e-05,2228,556.6187542778919,0.7248653500897666,0.07431377471836358,1.2571531416041422,8.0,0.004937163375224416,0.009289221839795447
pullback,3.0,0.75,8174,"{""family"": ""pullback"", ""min_ddv"": 10000000.0, ""min_price"": 5.0, ""regime"": ""none"", ""trend"": true, ""mom_min"": 0.15, ""rsi2_max"": 100.0, ""rsi14_max"": 100.0, ""ret21_max"": -0.02, ""dist_ema20_max"": 1.0, ""dist_ema50_min"": -1.0, ""dist_hh60_min"": -1.0, ""atr_ratio_max"": 10.0, ""vol_ratio_min"": 0.0, ""up_close"": true, ""strong_close"": true}",1910,272.64372311302304,0.6649214659685864,0.14135884904656007,1.3934019557970823,12.0,0.0,0.01177990408721334,1619,404.47296372347705,0.6022235948116121,0.025735464137008224,1.0610286816870804,13.0,0.0,0.001979651087462171,2228,556.6187542778919,0.6454219030520646,0.11747429388874006,1.3152320646059041,12.0,0.009425493716337522,0.009789524490728339
pullback,3.0,1.0,8174,"{""family"": ""pullback"", ""min_ddv"": 10000000.0, ""min_price"": 5.0, ""regime"": ""none"", ""trend"": true, ""mom_min"": 0.15, ""rsi2_max"": 100.0, ""rsi14_max"": 100.0, ""ret21_max"": -0.02, ""dist_ema20_max"": 1.0, ""dist_ema50_min"": -1.0, ""dist_hh60_min"": -1.0, ""atr_ratio_max"": 10.0, ""vol_ratio_min"": 0.0, ""up_close"": true, ""strong_close"": true}",1910,272.64372311302304,0.5968586387434555,0.16989117274779805,1.3920448309026372,16.0,0.0,0.010618198296737378,1619,404.47296372347705,0.5484867201976529,0.06931928213607691,1.1452092663459161,17.0,0.0,0.004077604831533936,2228,556.6187542778919,0.5938061041292639,0.1694687906769418,1.3954455794683613,16.0,0.01570915619389587,0.010591799417308862
pullback,3.0,1.5,8174,"{""family"": ""pullback"", ""min_ddv"": 10000000.0, ""min_price"": 5.0, ""regime"": ""none"", ""trend"": true, ""mom_min"": 0.15, ""rsi2_max"": 100.0, ""rsi14_max"": 100.0, ""ret21_max"": -0.02, ""dist_ema20_max"": 1.0, ""dist_ema50_min"": -1.0, ""dist_hh60_min"": -1.0, ""atr_ratio_max"": 10.0, ""vol_ratio_min"": 0.0, ""up_close"": true, ""strong_close"": true}",1910,272.64372311302304,0.4869109947643979,0.19106934314190355,1.3476884456232345,24.0,0.0,0.007961222630912647,1619,404.47296372347705,0.4564546016059296,0.1127630686026811,1.1965990577175356,24.0,0.0,0.004698461191778379,2228,556.6187542778919,0.5098743267504489,0.2349495052931562,1.4557644655268214,23.0,0.03096947935368043,0.010215195882311139
pullback,3.0,2.0,8174,"{""family"": ""pullback"", ""min_ddv"": 10000000.0, ""min_price"": 5.0, ""regime"": ""none"", ""trend"": true, ""mom_min"": 0.15, ""rsi2_max"": 100.0, ""rsi14_max"": 100.0, ""ret21_max"": -0.02, ""dist_ema20_max"": 1.0, ""dist_ema50_min"": -1.0, ""dist_hh60_min"": -1.0, ""atr_ratio_max"": 10.0, ""vol_ratio_min"": 0.0, ""up_close"": true, ""strong_close"": true}",1910,272.64372311302304,0.4214659685863874,0.22492081067564462,1.362187051427739,31.0,0.0,0.007255510021794987,1619,404.47296372347705,0.3971587399629401,0.16537507090488432,1.2600515999719226,30.0,0.0,0.005512502363496144,2228,556.6187542778919,0.45152603231597843,0.28542803374883574,1.4930888537618918,29.0,0.0421903052064632,0.009842345991339164
pullback,3.0,3.0,8174,"{""family"": ""pullback"", ""min_ddv"": 10000000.0, ""min_price"": 5.0, ""regime"": ""none"", ""trend"": true, ""mom_min"": 0.15, ""rsi2_max"": 100.0, ""rsi14_max"": 100.0, ""ret21_max"": -0.02, ""dist_ema20_max"": 1.0, ""dist_ema50_min"": -1.0, ""dist_hh60_min"": -1.0, ""atr_ratio_max"": 10.0, ""vol_ratio_min"": 0.0, ""up_close"": true, ""strong_close"": true}",1910,272.64372311302304,0.3308900523560209,0.2731049562847996,1.3766501307184176,44.0,0.0020942408376963353,0.006206930824654536,1619,404.47296372347705,0.3057442865966646,0.17457863925094383,1.2365292926379428,41.0,0.004323656578134651,0.004258015591486435,2228,556.6187542778919,0.3909335727109515,0.4214887937374243,1.6535402071467675,38.0,0.0677737881508079,0.011091810361511167
pullback,1.0,0.5,13196,"{""family"": ""pullback"", ""min_ddv"": 10000000.0, ""min_price"": 5.0, ""regime"": ""none"", ""trend"": true, ""mom_min"": -1.0, ""rsi2_max"": 100.0, ""rsi14_max"": 100.0, ""ret21_max"": -0.05, ""dist_ema20_max"": 1.0, ""dist_ema50_min"": -1.0, ""dist_hh60_min"": -1.0, ""atr_ratio_max"": 10.0, ""vol_ratio_min"": 0.0, ""up_close"": true, ""strong_close"": false}",3821,545.4301916308174,0.7000785134781471,-0.023330380140619583,0.9295462007900509,2.0,0.0,-0.011665190070309792,4186,1045.7837097878166,0.6490683229813664,-0.0792761333654922,0.7928423735386589,2.0,0.0,-0.0396380666827461,5049,1261.3860369609856,0.6678550207961973,-0.04643941480298851,0.8712442275294031,2.0,0.002772826302238067,-0.023219707401494254
pullback,1.0,0.75,13196,"{""family"": ""pullback"", ""min_ddv"": 10000000.0, ""min_price"": 5.0, ""regime"": ""none"", ""trend"": true, ""mom_min"": -1.0, ""rsi2_max"": 100.0, ""rsi14_max"": 100.0, ""ret21_max"": -0.05, ""dist_ema20_max"": 1.0, ""dist_ema50_min"": -1.0, ""dist_hh60_min"": -1.0, ""atr_ratio_max"": 10.0, ""vol_ratio_min"": 0.0, ""up_close"": true, ""strong_close"": false}",3821,545.4301916308174,0.6121434179534153,-0.00016886246464155544,0.9996068577662351,2.0,0.0,-8.443123232077772e-05,4186,1045.7837097878166,0.568561872909699,-0.060651863601866335,0.871239572417436,2.0,0.0,-0.030325931800933167,5049,1261.3860369609856,0.5801148742325213,-0.03294691263051563,0.9278027272571693,2.0,0.003961180431768667,-0.016473456315257814
pullback,1.0,1.0,13196,"{""family"": ""pullback"", ""min_ddv"": 10000000.0, ""min_price"": 5.0, ""regime"": ""none"", ""trend"": true, ""mom_min"": -1.0, ""rsi2_max"": 100.0, ""rsi14_max"": 100.0, ""ret21_max"": -0.05, ""dist_ema20_max"": 1.0, ""dist_ema50_min"": -1.0, ""dist_hh60_min"": -1.0, ""atr_ratio_max"": 10.0, ""vol_ratio_min"": 0.0, ""up_close"": true, ""strong_close"": false}",3821,545.4301916308174,0.5370321905260403,0.004525614370829793,1.008826476856674,3.0,0.0,0.001508538123609931,4186,1045.7837097878166,0.5031055900621118,-0.05157585818480603,0.9053086440251865,3.0,0.0,-0.017191952728268674,5049,1261.3860369609856,0.5143592790651614,-0.020798056770860857,0.9606568658931529,3.0,0.004753416518122401,-0.006932685590286952
pullback,1.0,1.5,13196,"{""family"": ""pullback"", ""min_ddv"": 10000000.0, ""min_price"": 5.0, ""regime"": ""none"", ""trend"": true, ""mom_min"": -1.0, ""rsi2_max"": 100.0, ""rsi14_max"": 100.0, ""ret21_max"": -0.05, ""dist_ema20_max"": 1.0, ""dist_ema50_min"": -1.0, ""dist_hh60_min"": -1.0, ""atr_ratio_max"": 10.0, ""vol_ratio_min"": 0.0, ""up_close"": true, ""strong_close"": false}",3821,545.4301916308174,0.44229259356189476,0.04181356274606519,1.067785899442189,4.0,0.0,0.010453390686516297,4186,1045.7837097878166,0.39918776875298617,-0.06911161967733707,0.8952225138004603,4.0,0.0,-0.01727790491933427,5049,1261.3860369609856,0.42206377500495146,-0.0011351721761399959,0.9982054444774094,4.0,0.006734006734006734,-0.00028379304403499897
pullback,1.0,2.0,13196,"{""family"": ""pullback"", ""min_ddv"": 10000000.0, ""min_price"": 5.0, ""regime"": ""none"", ""trend"": true, ""mom_min"": -1.0, ""rsi2_max"": 100.0, ""rsi14_max"": 100.0, ""ret21_max"": -0.05, ""dist_ema20_max"": 1.0, ""dist_ema50_min"": -1.0, ""dist_hh60_min"": -1.0, ""atr_ratio_max"": 10.0, ""vol_ratio_min"": 0.0, ""up_close"": true, ""strong_close"": false}",3821,545.4301916308174,0.37922009945040563,0.06962953333285754,1.1014709493428945,5.0,0.0,0.013925906666571508,4186,1045.7837097878166,0.33349259436215956,-0.07336584158328589,0.8999750683640487,5.0,0.0,-0.014673168316657178,5049,1261.3860369609856,0.3557140027728263,0.0033510696074591493,1.0047413562009435,5.0,0.008912655971479501,0.0006702139214918299
pullback,1.0,3.0,13196,"{""family"": ""pullback"", ""min_ddv"": 10000000.0, ""min_price"": 5.0, ""regime"": ""none"", ""trend"": true, ""mom_min"": -1.0, ""rsi2_max"": 100.0, ""rsi14_max"": 100.0, ""ret21_max"": -0.05, ""dist_ema20_max"": 1.0, ""dist_ema50_min"": -1.0, ""dist_hh60_min"": -1.0, ""atr_ratio_max"": 10.0, ""vol_ratio_min"": 0.0, ""up_close"": true, ""strong_close"": false}",3821,545.4301916308174,0.2918084271133211,0.09193450273028062,1.1164984168363499,6.0,0.0,0.015322417121713436,4186,1045.7837097878166,0.25680840898232205,-0.06341799405849659,0.9236127139579667,6.0,0.0,-0.010569665676416097,5049,1261.3860369609856,0.27213309566250743,0.0045805514549831245,1.0056932676489756,6.0,0.011883541295306001,0.0007634252424971875
pullback,1.5,0.5,13196,"{""family"": ""pullback"", ""min_ddv"": 10000000.0, ""min_price"": 5.0, ""regime"": ""none"", ""trend"": true, ""mom_min"": -1.0, ""rsi2_max"": 100.0, ""rsi14_max"": 100.0, ""ret21_max"": -0.05, ""dist_ema20_max"": 1.0, ""dist_ema50_min"": -1.0, ""dist_hh60_min"": -1.0, ""atr_ratio_max"": 10.0, ""vol_ratio_min"": 0.0, ""up_close"": true, ""strong_close"": false}",3777,539.1493938208838,0.7061159650516283,0.018600543027998136,1.0589117990698025,3.0,0.0,0.006200181009332712,3900,974.3326488706365,0.6720512820512821,-0.02817008536322971,0.9199977494200643,3.0,0.0,-0.009390028454409904,4787,1195.930869267625,0.6831000626697306,-0.002087004259063384,0.9937947228812376,3.0,0.004177982034677251,-0.0006956680863544613
pullback,1.5,0.75,13196,"{""family"": ""pullback"", ""min_ddv"": 10000000.0, ""min_price"": 5.0, ""regime"": ""none"", ""trend"": true, ""mom_min"": -1.0, ""rsi2_max"": 100.0, ""rsi14_max"": 100.0, ""ret21_max"": -0.05, ""dist_ema20_max"": 1.0, ""dist_ema50_min"": -1.0, ""dist_hh60_min"": -1.0, ""atr_ratio_max"": 10.0, ""vol_ratio_min"": 0.0, ""up_close"": true, ""strong_close"": false}",3777,539.1493938208838,0.6126555467302092,0.036613978141772,1.087964183465022,4.0,0.0,0.009153494535443,3900,974.3326488706365,0.5766666666666667,-0.030425617021978553,0.9331103868366762,4.0,0.0,-0.007606404255494638,4787,1195.930869267625,0.5968247336536453,0.017385394368632654,1.0405843057045194,4.0,0.006684771255483601,0.0043463485921581635
pullback,1.5,1.0,13196,"{""family"": ""pullback"", ""min_ddv"": 10000000.0, ""min_price"": 5.0, ""regime"": ""none"", ""trend"": true, ""mom_min"": -1.0, ""rsi2_max"": 100.0, ""rsi14_max"": 100.0, ""ret21_max"": -0.05, ""dist_ema20_max"": 1.0, ""dist_ema50_min"": -1.0, ""dist_hh60_min"": -1.0, ""atr_ratio_max"": 10.0, ""vol_ratio_min"": 0.0, ""up_close"": true, ""strong_close"": false}",3777,539.1493938208838,0.5467302091607096,0.05854316443670615,1.1202306472517065,5.0,0.0,0.01170863288734123,3900,974.3326488706365,0.5138461538461538,-0.016681398234013437,0.9680613837422993,5.0,0.0,-0.0033362796468026875,4787,1195.930869267625,0.5293503237936077,0.02745064331649103,1.0547326723087158,5.0,0.008773762272822228,0.005490128663298207
pullback,1.5,1.5,13196,"{""family"": ""pullback"", ""min_ddv"": 10000000.0, ""min_price"": 5.0, ""regime"": ""none"", ""trend"": true, ""mom_min"": -1.0, ""rsi2_max"": 100.0, ""rsi14_max"": 100.0, ""ret21_max"": -0.05, ""dist_ema20_max"": 1.0, ""dist_ema50_min"": -1.0, ""dist_hh60_min"": -1.0, ""atr_ratio_max"": 10.0, ""vol_ratio_min"": 0.0, ""up_close"": true, ""strong_close"": false}",3777,539.1493938208838,0.4561821551495896,0.09966080088788472,1.17024472071123,7.0,0.0,0.014237257269697818,3900,974.3326488706365,0.4115384615384615,-0.021652202662082523,0.9658447446455006,7.0,0.0,-0.003093171808868932,4787,1195.930869267625,0.4326300396908293,0.04182143267378811,1.0689094097670522,7.0,0.012742845205765616,0.00597449038196973
pullback,1.5,2.0,13196,"{""family"": ""pullback"", ""min_ddv"": 10000000.0, ""min_price"": 5.0, ""regime"": ""none"", ""trend"": true, ""mom_min"": -1.0, ""rsi2_max"": 100.0, ""rsi14_max"": 100.0, ""ret21_max"": -0.05, ""dist_ema20_max"": 1.0, ""dist_ema50_min"": -1.0, ""dist_hh60_min"": -1.0, ""atr_ratio_max"": 10.0, ""vol_ratio_min"": 0.0, ""up_close"": true, ""strong_close"": false}",3777,539.1493938208838,0.39158061953931694,0.1306365574631308,1.1987147988085627,9.0,0.0,0.014515173051458977,3900,974.3326488706365,0.35333333333333333,-0.0023900788654228366,0.9966036633519644,9.0,0.0,-0.0002655643183803152,4787,1195.930869267625,0.36661792354292877,0.051188628174354975,1.0754425527110956,9.0,0.01650302903697514,0.005687625352706108
pullback,1.5,3.0,13196,"{""family"": ""pullback"", ""min_ddv"": 10000000.0, ""min_price"": 5.0, ""regime"": ""none"", ""trend"": true, ""mom_min"": -1.0, ""rsi2_max"": 100.0, ""rsi14_max"": 100.0, ""ret21_max"": -0.05, ""dist_ema20_max"": 1.0, ""dist_ema50_min"": -1.0, ""dist_hh60_min"": -1.0, ""atr_ratio_max"": 10.0, ""vol_ratio_min"": 0.0, ""up_close"": true, ""strong_close"": false}",3777,539.1493938208838,0.29759068043420706,0.13559405886263398,1.1773852093263655,13.0,0.0,0.010430312220202614,3900,974.3326488706365,0.27153846153846156,0.027178916696845804,1.0342405678465654,12.0,0.0,0.0022649097247371503,4787,1195.930869267625,0.2912053478170044,0.09422044503258674,1.1239744780471226,12.0,0.02360559849592647,0.007851703752715562
pullback,2.0,0.5,13196,"{""family"": ""pullback"", ""min_ddv"": 10000000.0, ""min_price"": 5.0, ""regime"": ""none"", ""trend"": true, ""mom_min"": -1.0, ""rsi2_max"": 100.0, ""rsi14_max"": 100.0, ""ret21_max"": -0.05, ""dist_ema20_max"": 1.0, ""dist_ema50_min"": -1.0, ""dist_hh60_min"": -1.0, ""atr_ratio_max"": 10.0, ""vol_ratio_min"": 0.0, ""up_close"": true, ""strong_close"": false}",3696,527.5870160344153,0.711038961038961,0.04033374405381632,1.1315278300920182,4.0,0.0,0.01008343601345408,3620,904.3805612594114,0.6867403314917127,0.0027445112558876525,1.0082756981247407,4.0,0.0,0.0006861278139719131,4455,1112.987679671458,0.7034792368125702,0.03954214800696652,1.127556923924092,4.0,0.007407407407407408,0.00988553700174163
pullback,2.0,0.75,13196,"{""family"": ""pullback"", ""min_ddv"": 10000000.0, ""min_price"": 5.0, ""regime"": ""none"", ""trend"": true, ""mom_min"": -1.0, ""rsi2_max"": 100.0, ""rsi14_max"": 100.0, ""ret21_max"": -0.05, ""dist_ema20_max"": 1.0, ""dist_ema50_min"": -1.0, ""dist_hh60_min"": -1.0, ""atr_ratio_max"": 10.0, ""vol_ratio_min"": 0.0, ""up_close"": true, ""strong_close"": false}",3696,527.5870160344153,0.6263528138528138,0.07317334135549516,1.1849131087051767,6.0,0.0,0.012195556892582527,3620,904.3805612594114,0.5955801104972376,0.009906123930114695,1.02307722549393,7.0,0.0,0.0014151605614449564,4455,1112.987679671458,0.6161616161616161,0.0608007080695571,1.1513374623521293,7.0,0.011447811447811448,0.008685815438508156
pullback,2.0,1.0,13196,"{""family"": ""pullback"", ""min_ddv"": 10000000.0, ""min_price"": 5.0, ""regime"": ""none"", ""trend"": true, ""mom_min"": -1.0, ""rsi2_max"": 100.0, ""rsi14_max"": 100.0, ""ret21_max"": -0.05, ""dist_ema20_max"": 1.0, ""dist_ema50_min"": -1.0, ""dist_hh60_min"": -1.0, ""atr_ratio_max"": 10.0, ""vol_ratio_min"": 0.0, ""up_close"": true, ""strong_close"": false}",3696,527.5870160344153,0.5695346320346321,0.11258614971860803,1.2461009120165625,8.0,0.0,0.014073268714826004,3620,904.3805612594114,0.5292817679558011,0.023330910437936146,1.0466722338142687,9.0,0.0,0.002592323381992905,4455,1112.987679671458,0.5450056116722783,0.06916761010083211,1.1443949235765987,9.0,0.015039281705948373,0.007685290011203568
pullback,2.0,1.5,13196,"{""family"": ""pullback"", ""min_ddv"": 10000000.0, ""min_price"": 5.0, ""regime"": ""none"", ""trend"": true, ""mom_min"": -1.0, ""rsi2_max"": 100.0, ""rsi14_max"": 100.0, ""ret21_max"": -0.05, ""dist_ema20_max"": 1.0, ""dist_ema50_min"": -1.0, ""dist_hh60_min"": -1.0, ""atr_ratio_max"": 10.0, ""vol_ratio_min"": 0.0, ""up_close"": true, ""strong_close"": false}",3696,527.5870160344153,0.4721320346320346,0.14862708674073508,1.2634148006948382,12.0,0.0,0.012385590561727923,3620,904.3805612594114,0.43370165745856354,0.04265798245244908,1.0705160406020562,13.0,0.0,0.0032813832655730064,4455,1112.987679671458,0.45252525252525255,0.10290396641951456,1.1785872626860683,12.0,0.022222222222222223,0.008575330534959546
pullback,2.0,2.0,13196,"{""family"": ""pullback"", ""min_ddv"": 10000000.0, ""min_price"": 5.0, ""regime"": ""none"", ""trend"": true, ""mom_min"": -1.0, ""rsi2_max"": 100.0, ""rsi14_max"": 100.0, ""ret21_max"": -0.05, ""dist_ema20_max"": 1.0, ""dist_ema50_min"": -1.0, ""dist_hh60_min"": -1.0, ""atr_ratio_max"": 10.0, ""vol_ratio_min"": 0.0, ""up_close"": true, ""strong_close"": false}",3696,527.5870160344153,0.3961038961038961,0.15261496457857374,1.2359636153492877,16.0,0.0,0.009538435286160859,3620,904.3805612594114,0.36685082872928176,0.0562905098984295,1.0830602402239426,16.0,0.0,0.0035181568686518437,4455,1112.987679671458,0.39124579124579123,0.12989316733254638,1.202134992209611,15.0,0.028058361391694726,0.008659544488836426
pullback,2.0,3.0,13196,"{""family"": ""pullback"", ""min_ddv"": 10000000.0, ""min_price"": 5.0, ""regime"": ""none"", ""trend"": true, ""mom_min"": -1.0, ""rsi2_max"": 100.0, ""rsi14_max"": 100.0, ""ret21_max"": -0.05, ""dist_ema20_max"": 1.0, ""dist_ema50_min"": -1.0, ""dist_hh60_min"": -1.0, ""atr_ratio_max"": 10.0, ""vol_ratio_min"": 0.0, ""up_close"": true, ""strong_close"": false}",3696,527.5870160344153,0.31926406926406925,0.22882296149928225,1.3131597569042994,21.0,0.0,0.010896331499965821,3620,904.3805612594114,0.2773480662983425,0.06889338106978768,1.0891106342194325,20.0,0.0,0.003444669053489384,4455,1112.987679671458,0.32413019079685745,0.20656216057926716,1.286264145080086,19.0,0.044668911335578,0.010871692662066692
pullback,3.0,0.5,13196,"{""family"": ""pullback"", ""min_ddv"": 10000000.0, ""min_price"": 5.0, ""regime"": ""none"", ""trend"": true, ""mom_min"": -1.0, ""rsi2_max"": 100.0, ""rsi14_max"": 100.0, ""ret21_max"": -0.05, ""dist_ema20_max"": 1.0, ""dist_ema50_min"": -1.0, ""dist_hh60_min"": -1.0, ""atr_ratio_max"": 10.0, ""vol_ratio_min"": 0.0, ""up_close"": true, ""strong_close"": false}",3364,480.1955416503715,0.7354340071343638,0.08667696624742481,1.3093115231378303,8.0,0.0,0.010834620780928101,2834,708.0150581793292,0.7194777699364855,0.053726442122130416,1.1802107923104075,8.0,0.0,0.006715805265266302,3463,865.1574264202601,0.7271152180190587,0.07508488519363754,1.2598120265510617,8.0,0.0051978053710655505,0.009385610649204693
pullback,3.0,0.75,13196,"{""family"": ""pullback"", ""min_ddv"": 10000000.0, ""min_price"": 5.0, ""regime"": ""none"", ""trend"": true, ""mom_min"": -1.0, ""rsi2_max"": 100.0, ""rsi14_max"": 100.0, ""ret21_max"": -0.05, ""dist_ema20_max"": 1.0, ""dist_ema50_min"": -1.0, ""dist_hh60_min"": -1.0, ""atr_ratio_max"": 10.0, ""vol_ratio_min"": 0.0, ""up_close"": true, ""strong_close"": false}",3364,480.1955416503715,0.6516052318668252,0.12073360679423031,1.327569743770205,13.0,0.0,0.0092872005226331,2834,708.0150581793292,0.6333803810868031,0.08360671073051414,1.215717817569297,13.0,0.0,0.006431285440808779,3463,865.1574264202601,0.6375974588507075,0.09926233482588157,1.2591330874992916,13.0,0.012994513427663876,0.007635564217375505
pullback,3.0,1.0,13196,"{""family"": ""pullback"", ""min_ddv"": 10000000.0, ""min_price"": 5.0, ""regime"": ""none"", ""trend"": true, ""mom_min"": -1.0, ""rsi2_max"": 100.0, ""rsi14_max"": 100.0, ""ret21_max"": -0.05, ""dist_ema20_max"": 1.0, ""dist_ema50_min"": -1.0, ""dist_hh60_min"": -1.0, ""atr_ratio_max"": 10.0, ""vol_ratio_min"": 0.0, ""up_close"": true, ""strong_close"": false}",3364,480.1955416503715,0.5873959571938169,0.15165539011079796,1.3465752482267024,17.0,0.0,0.008920905300635175,2834,708.0150581793292,0.5762173606210304,0.12659551761985913,1.2832655846851255,17.0,0.0,0.007446795154109361,3463,865.1574264202601,0.5749350274328617,0.12816833280598416,1.2855976828409983,17.0,0.019058619693907018,0.007539313694469657
pullback,3.0,1.5,13196,"{""family"": ""pullback"", ""min_ddv"": 10000000.0, ""min_price"": 5.0, ""regime"": ""none"", ""trend"": true, ""mom_min"": -1.0, ""rsi2_max"": 100.0, ""rsi14_max"": 100.0, ""ret21_max"": -0.05, ""dist_ema20_max"": 1.0, ""dist_ema50_min"": -1.0, ""dist_hh60_min"": -1.0, ""atr_ratio_max"": 10.0, ""vol_ratio_min"": 0.0, ""up_close"": true, ""strong_close"": false}",3364,480.1955416503715,0.4884066587395957,0.19470533264980447,1.3592862351941053,26.0,0.0,0.007488666640377095,2834,708.0150581793292,0.46471418489767113,0.13967317659885667,1.2480555425793753,25.0,0.0,0.005586927063954267,3463,865.1574264202601,0.4987005486572336,0.19960087969917747,1.3774930273029848,24.0,0.03522956973722206,0.008316703320799061
pullback,3.0,2.0,13196,"{""family"": ""pullback"", ""min_ddv"": 10000000.0, ""min_price"": 5.0, ""regime"": ""none"", ""trend"": true, ""mom_min"": -1.0, ""rsi2_max"": 100.0, ""rsi14_max"": 100.0, ""ret21_max"": -0.05, ""dist_ema20_max"": 1.0, ""dist_ema50_min"": -1.0, ""dist_hh60_min"": -1.0, ""atr_ratio_max"": 10.0, ""vol_ratio_min"": 0.0, ""up_close"": true, ""strong_close"": false}",3364,480.1955416503715,0.4289536266349584,0.2495574606392673,1.4111566455364168,34.0,0.0,0.007339925312919626,2834,708.0150581793292,0.3959068454481299,0.16854695785597842,1.2657832546850947,32.0,0.0,0.005267092432999326,3463,865.1574264202601,0.44152468957551255,0.24347658211831394,1.4095976568901483,29.0,0.05024545192030032,0.008395744210976342
pullback,3.0,3.0,13196,"{""family"": ""pullback"", ""min_ddv"": 10000000.0, ""min_price"": 5.0, ""regime"": ""none"", ""trend"": true, ""mom_min"": -1.0, ""rsi2_max"": 100.0, ""rsi14_max"": 100.0, ""ret21_max"": -0.05, ""dist_ema20_max"": 1.0, ""dist_ema50_min"": -1.0, ""dist_hh60_min"": -1.0, ""atr_ratio_max"": 10.0, ""vol_ratio_min"": 0.0, ""up_close"": true, ""strong_close"": false}",3364,480.1955416503715,0.3397740784780024,0.31507568596489877,1.4462850012174973,47.0,0.0011890606420927466,0.006703737999253165,2834,708.0150581793292,0.2889908256880734,0.11516567284409818,1.1538789543027006,45.0,0.00529287226534933,0.0025592371743132928,3463,865.1574264202601,0.39243430551544906,0.4001661632226952,1.617389037895137,38.0,0.08749639041293676,0.0105306885058604
pullback,1.0,0.5,11970,"{""family"": ""pullback"", ""min_ddv"": 10000000.0, ""min_price"": 5.0, ""regime"": ""none"", ""trend"": true, ""mom_min"": 0.0, ""rsi2_max"": 100.0, ""rsi14_max"": 100.0, ""ret21_max"": -0.05, ""dist_ema20_max"": 1.0, ""dist_ema50_min"": -1.0, ""dist_hh60_min"": -1.0, ""atr_ratio_max"": 10.0, ""vol_ratio_min"": 0.0, ""up_close"": true, ""strong_close"": false}",3473,495.7547907704341,0.7005470774546502,-0.02180131783714446,0.9340248263086415,2.0,0.0,-0.01090065891857223,3748,936.3586584531142,0.6470117395944504,-0.0818203536109972,0.787577207379972,2.0,0.0,-0.0409101768054986,4614,1152.7104722792608,0.6699176419592544,-0.04302679167947596,0.8798478303238424,2.0,0.003034243606415258,-0.02151339583973798
pullback,1.0,0.75,11970,"{""family"": ""pullback"", ""min_ddv"": 10000000.0, ""min_price"": 5.0, ""regime"": ""none"", ""trend"": true, ""mom_min"": 0.0, ""rsi2_max"": 100.0, ""rsi14_max"": 100.0, ""ret21_max"": -0.05, ""dist_ema20_max"": 1.0, ""dist_ema50_min"": -1.0, ""dist_hh60_min"": -1.0, ""atr_ratio_max"": 10.0, ""vol_ratio_min"": 0.0, ""up_close"": true, ""strong_close"": false}",3473,495.7547907704341,0.6158940397350994,0.006595446902282417,1.015506506582506,2.0,0.0,0.0032977234511412084,3748,936.3586584531142,0.5672358591248666,-0.0627652003480997,0.8672408164250982,2.0,0.0,-0.03138260017404985,4614,1152.7104722792608,0.582358040745557,-0.028446810670470186,0.9372082453236937,2.0,0.00411790203727785,-0.014223405335235093
pullback,1.0,1.0,11970,"{""family"": ""pullback"", ""min_ddv"": 10000000.0, ""min_price"": 5.0, ""regime"": ""none"", ""trend"": true, ""mom_min"": 0.0, ""rsi2_max"": 100.0, ""rsi14_max"": 100.0, ""ret21_max"": -0.05, ""dist_ema20_max"": 1.0, ""dist_ema50_min"": -1.0, ""dist_hh60_min"": -1.0, ""atr_ratio_max"": 10.0, ""vol_ratio_min"": 0.0, ""up_close"": true, ""strong_close"": false}",3473,495.7547907704341,0.543046357615894,0.01605846668308416,1.031733480747952,3.0,0.0,0.00535282222769472,3748,936.3586584531142,0.5029348986125933,-0.05109622475981661,0.9062504962742691,3.0,0.0,-0.01703207491993887,4614,1152.7104722792608,0.5171218032076289,-0.0144542178400958,0.9724694043486907,3.0,0.004984828781967924,-0.004818072613365267
pullback,1.0,1.5,11970,"{""family"": ""pullback"", ""min_ddv"": 10000000.0, ""min_price"": 5.0, ""regime"": ""none"", ""trend"": true, ""mom_min"": 0.0, ""rsi2_max"": 100.0, ""rsi14_max"": 100.0, ""ret21_max"": -0.05, ""dist_ema20_max"": 1.0, ""dist_ema50_min"": -1.0, ""dist_hh60_min"": -1.0, ""atr_ratio_max"": 10.0, ""vol_ratio_min"": 0.0, ""up_close"": true, ""strong_close"": false}",3473,495.7547907704341,0.44630002879355024,0.05151392817899396,1.084214447942476,4.0,0.0,0.01287848204474849,3748,936.3586584531142,0.39647812166488794,-0.0769957340756343,0.8837912546531098,4.0,0.0,-0.019248933518908575,4614,1152.7104722792608,0.42392717815344605,0.0036185859080241608,1.0057406876973007,4.0,0.006935413957520589,0.0009046464770060402
pullback,1.0,2.0,11970,"{""family"": ""pullback"", ""min_ddv"": 10000000.0, ""min_price"": 5.0, ""regime"": ""none"", ""trend"": true, ""mom_min"": 0.0, ""rsi2_max"": 100.0, ""rsi14_max"": 100.0, ""ret21_max"": -0.05, ""dist_ema20_max"": 1.0, ""dist_ema50_min"": -1.0, ""dist_hh60_min"": -1.0, ""atr_ratio_max"": 10.0, ""vol_ratio_min"": 0.0, ""up_close"": true, ""strong_close"": false}",3473,495.7547907704341,0.38468183126979555,0.08705961292951014,1.1282479202382039,5.0,0.0,0.017411922585902028,3748,936.3586584531142,0.3303094983991462,-0.08373730447384052,0.8862937315588751,5.0,0.0,-0.016747460894768106,4614,1152.7104722792608,0.3576072821846554,0.01014888332729042,1.0144113676787914,5.0,0.009319462505418293,0.002029776665458084
pullback,1.0,3.0,11970,"{""family"": ""pullback"", ""min_ddv"": 10000000.0, ""min_price"": 5.0, ""regime"": ""none"", ""trend"": true, ""mom_min"": 0.0, ""rsi2_max"": 100.0, ""rsi14_max"": 100.0, ""ret21_max"": -0.05, ""dist_ema20_max"": 1.0, ""dist_ema50_min"": -1.0, ""dist_hh60_min"": -1.0, ""atr_ratio_max"": 10.0, ""vol_ratio_min"": 0.0, ""up_close"": true, ""strong_close"": false}",3473,495.7547907704341,0.29686150302332276,0.1142410199978095,1.1458644974000445,6.0,0.0,0.019040169999634916,3748,936.3586584531142,0.2534685165421558,-0.07743358170866203,0.9071938624073905,6.0,0.0,-0.012905596951443672,4614,1152.7104722792608,0.2741655830082358,0.014310679702126515,1.0178446860264927,6.0,0.012136974425661032,0.0023851132836877524
pullback,1.5,0.5,11970,"{""family"": ""pullback"", ""min_ddv"": 10000000.0, ""min_price"": 5.0, ""regime"": ""none"", ""trend"": true, ""mom_min"": 0.0, ""rsi2_max"": 100.0, ""rsi14_max"": 100.0, ""ret21_max"": -0.05, ""dist_ema20_max"": 1.0, ""dist_ema50_min"": -1.0, ""dist_hh60_min"": -1.0, ""atr_ratio_max"": 10.0, ""vol_ratio_min"": 0.0, ""up_close"": true, ""strong_close"": false}",3429,489.4739929605006,0.710994459025955,0.025681534170830068,1.0825624261639135,3.0,0.0,0.00856051139027669,3473,867.6557152635181,0.6708897207025626,-0.029654901949066472,0.9160689748984139,3.0,0.0,-0.00988496731635549,4368,1091.2525667351129,0.6847527472527473,0.0006514429393617679,1.0019485240740802,3.0,0.00434981684981685,0.00021714764645392262
pullback,1.5,0.75,11970,"{""family"": ""pullback"", ""min_ddv"": 10000000.0, ""min_price"": 5.0, ""regime"": ""none"", ""trend"": true, ""mom_min"": 0.0, ""rsi2_max"": 100.0, ""rsi14_max"": 100.0, ""ret21_max"": -0.05, ""dist_ema20_max"": 1.0, ""dist_ema50_min"": -1.0, ""dist_hh60_min"": -1.0, ""atr_ratio_max"": 10.0, ""vol_ratio_min"": 0.0, ""up_close"": true, ""strong_close"": false}",3429,489.4739929605006,0.6188393117526976,0.04607252862193733,1.112312742617996,4.0,0.0,0.011518132155484332,3473,867.6557152635181,0.5738554563777714,-0.03542733230379585,0.9226216506296647,4.0,0.0,-0.008856833075948962,4368,1091.2525667351129,0.5991300366300366,0.02169297276114483,1.0509423908805051,4.0,0.007097069597069597,0.005423243190286207
pullback,1.5,1.0,11970,"{""family"": ""pullback"", ""min_ddv"": 10000000.0, ""min_price"": 5.0, ""regime"": ""none"", ""trend"": true, ""mom_min"": 0.0, ""rsi2_max"": 100.0, ""rsi14_max"": 100.0, ""ret21_max"": -0.05, ""dist_ema20_max"": 1.0, ""dist_ema50_min"": -1.0, ""dist_hh60_min"": -1.0, ""atr_ratio_max"": 10.0, ""vol_ratio_min"": 0.0, ""up_close"": true, ""strong_close"": false}",3429,489.4739929605006,0.5511811023622047,0.06691909147267101,1.138722363648695,5.0,0.0,0.013383818294534203,3473,867.6557152635181,0.5090699683270947,-0.02717498464436798,0.9484675951335751,5.0,0.0,-0.005434996928873595,4368,1091.2525667351129,0.5315934065934066,0.03181349371137958,1.0636957699598817,5.0,0.008928571428571428,0.006362698742275916
pullback,1.5,1.5,11970,"{""family"": ""pullback"", ""min_ddv"": 10000000.0, ""min_price"": 5.0, ""regime"": ""none"", ""trend"": true, ""mom_min"": 0.0, ""rsi2_max"": 100.0, ""rsi14_max"": 100.0, ""ret21_max"": -0.05, ""dist_ema20_max"": 1.0, ""dist_ema50_min"": -1.0, ""dist_hh60_min"": -1.0, ""atr_ratio_max"": 10.0, ""vol_ratio_min"": 0.0, ""up_close"": true, ""strong_close"": false}",3429,489.4739929605006,0.46135899679206765,0.11215812958475105,1.1934200872513319,7.0,0.0,0.016022589940678723,3473,867.6557152635181,0.4071408004606968,-0.033647660805064566,0.9473154612639529,7.0,0.0,-0.004806808686437796,4368,1091.2525667351129,0.43612637362637363,0.05128830423595379,1.0849901137276097,7.0,0.01304945054945055,0.007326900605136256
pullback,1.5,2.0,11970,"{""family"": ""pullback"", ""min_ddv"": 10000000.0, ""min_price"": 5.0, ""regime"": ""none"", ""trend"": true, ""mom_min"": 0.0, ""rsi2_max"": 100.0, ""rsi14_max"": 100.0, ""ret21_max"": -0.05, ""dist_ema20_max"": 1.0, ""dist_ema50_min"": -1.0, ""dist_hh60_min"": -1.0, ""atr_ratio_max"": 10.0, ""vol_ratio_min"": 0.0, ""up_close"": true, ""strong_close"": false}",3429,489.4739929605006,0.3989501312335958,0.15354121273725024,1.236192355354593,9.0,0.0,0.01706013474858336,3473,867.6557152635181,0.3498416354736539,-0.013906711629412191,0.980362640087196,9.0,0.0,-0.0015451901810457991,4368,1091.2525667351129,0.37065018315018317,0.06376048356147299,1.0944946536165177,9.0,0.016712454212454212,0.007084498173496999
pullback,1.5,3.0,11970,"{""family"": ""pullback"", ""min_ddv"": 10000000.0, ""min_price"": 5.0, ""regime"": ""none"", ""trend"": true, ""mom_min"": 0.0, ""rsi2_max"": 100.0, ""rsi14_max"": 100.0, ""ret21_max"": -0.05, ""dist_ema20_max"": 1.0, ""dist_ema50_min"": -1.0, ""dist_hh60_min"": -1.0, ""atr_ratio_max"": 10.0, ""vol_ratio_min"": 0.0, ""up_close"": true, ""strong_close"": false}",3429,489.4739929605006,0.30621172353455817,0.16928783907629316,1.2237316294273404,13.0,0.0,0.013022141467407166,3473,867.6557152635181,0.2692196947883674,0.017596861012039177,1.0220662895817638,12.0,0.0,0.001466405084336598,4368,1091.2525667351129,0.29212454212454214,0.09756163264830647,1.128449058506485,12.0,0.024267399267399268,0.008130136054025539
pullback,2.0,0.5,11970,"{""family"": ""pullback"", ""min_ddv"": 10000000.0, ""min_price"": 5.0, ""regime"": ""none"", ""trend"": true, ""mom_min"": 0.0, ""rsi2_max"": 100.0, ""rsi14_max"": 100.0, ""ret21_max"": -0.05, ""dist_ema20_max"": 1.0, ""dist_ema50_min"": -1.0, ""dist_hh60_min"": -1.0, ""atr_ratio_max"": 10.0, ""vol_ratio_min"": 0.0, ""up_close"": true, ""strong_close"": false}",3349,478.05436057880326,0.7166318303971335,0.0483732395003693,1.1606523607067556,4.0,0.0,0.012093309875092325,3213,802.700205338809,0.6847183317771554,-0.0001875582535572087,0.9994386567400687,4.0,0.0,-4.6889563389302175e-05,4064,1015.3045859000684,0.7064468503937008,0.0446236007290305,1.145361900052128,4.0,0.007874015748031496,0.011155900182257626
pullback,2.0,0.75,11970,"{""family"": ""pullback"", ""min_ddv"": 10000000.0, ""min_price"": 5.0, ""regime"": ""none"", ""trend"": true, ""mom_min"": 0.0, ""rsi2_max"": 100.0, ""rsi14_max"": 100.0, ""ret21_max"": -0.05, ""dist_ema20_max"": 1.0, ""dist_ema50_min"": -1.0, ""dist_hh60_min"": -1.0, ""atr_ratio_max"": 10.0, ""vol_ratio_min"": 0.0, ""up_close"": true, ""strong_close"": false}",3349,478.05436057880326,0.6312332039414751,0.08146406707441341,1.2085899447909598,6.0,0.0,0.013577344512402235,3213,802.700205338809,0.5891690009337068,-0.0024790964234732184,0.9943197961931639,7.0,0.0,-0.0003541566319247455,4064,1015.3045859000684,0.6193405511811023,0.06619099970887528,1.1658430454914037,6.0,0.01156496062992126,0.011031833284812546
pullback,2.0,1.0,11970,"{""family"": ""pullback"", ""min_ddv"": 10000000.0, ""min_price"": 5.0, ""regime"": ""none"", ""trend"": true, ""mom_min"": 0.0, ""rsi2_max"": 100.0, ""rsi14_max"": 100.0, ""ret21_max"": -0.05, ""dist_ema20_max"": 1.0, ""dist_ema50_min"": -1.0, ""dist_hh60_min"": -1.0, ""atr_ratio_max"": 10.0, ""vol_ratio_min"": 0.0, ""up_close"": true, ""strong_close"": false}",3349,478.05436057880326,0.5750970438936996,0.12450889172376876,1.2762620969493117,8.0,0.0,0.015563611465471095,3213,802.700205338809,0.5231870525988173,0.009698392008398176,1.019134654450268,9.0,0.0,0.0010775991120442418,4064,1015.3045859000684,0.5494586614173228,0.07863206266539917,1.1655774367488891,8.0,0.015501968503937008,0.009829007833174896
pullback,2.0,1.5,11970,"{""family"": ""pullback"", ""min_ddv"": 10000000.0, ""min_price"": 5.0, ""regime"": ""none"", ""trend"": true, ""mom_min"": 0.0, ""rsi2_max"": 100.0, ""rsi14_max"": 100.0, ""ret21_max"": -0.05, ""dist_ema20_max"": 1.0, ""dist_ema50_min"": -1.0, ""dist_hh60_min"": -1.0, ""atr_ratio_max"": 10.0, ""vol_ratio_min"": 0.0, ""up_close"": true, ""strong_close"": false}",3349,478.05436057880326,0.4804419229620782,0.17093830843778499,1.30790684798088,12.0,0.0,0.014244859036482082,3213,802.700205338809,0.4298163709928416,0.03073189323598127,1.0503697288003127,13.0,0.0,0.0023639917873831745,4064,1015.3045859000684,0.45767716535433073,0.11650196224794643,1.2039183582893247,12.0,0.022391732283464565,0.009708496853995536
pullback,2.0,2.0,11970,"{""family"": ""pullback"", ""min_ddv"": 10000000.0, ""min_price"": 5.0, ""regime"": ""none"", ""trend"": true, ""mom_min"": 0.0, ""rsi2_max"": 100.0, ""rsi14_max"": 100.0, ""ret21_max"": -0.05, ""dist_ema20_max"": 1.0, ""dist_ema50_min"": -1.0, ""dist_hh60_min"": -1.0, ""atr_ratio_max"": 10.0, ""vol_ratio_min"": 0.0, ""up_close"": true, ""strong_close"": false}",3349,478.05436057880326,0.40609137055837563,0.18197396295362575,1.2859234963264425,16.0,0.0,0.01137337268460161,3213,802.700205338809,0.3644568938686586,0.046832740677980766,1.0687019998080036,16.0,0.0,0.002927046292373798,4064,1015.3045859000684,0.3939468503937008,0.13769075757839813,1.2150015297356855,15.0,0.028543307086614175,0.009179383838559875
pullback,2.0,3.0,11970,"{""family"": ""pullback"", ""min_ddv"": 10000000.0, ""min_price"": 5.0, ""regime"": ""none"", ""trend"": true, ""mom_min"": 0.0, ""rsi2_max"": 100.0, ""rsi14_max"": 100.0, ""ret21_max"": -0.05, ""dist_ema20_max"": 1.0, ""dist_ema50_min"": -1.0, ""dist_hh60_min"": -1.0, ""atr_ratio_max"": 10.0, ""vol_ratio_min"": 0.0, ""up_close"": true, ""strong_close"": false}",3349,478.05436057880326,0.3269632726186921,0.2587654572674255,1.358020249544243,22.0,0.0,0.011762066239428432,3213,802.700205338809,0.27450980392156865,0.05752954740948609,1.0739820147154224,20.0,0.0,0.0028764773704743046,4064,1015.3045859000684,0.32554133858267714,0.2132271871023387,1.2967448048351309,19.0,0.04576771653543307,0.011222483531702037
pullback,3.0,0.5,11970,"{""family"": ""pullback"", ""min_ddv"": 10000000.0, ""min_price"": 5.0, ""regime"": ""none"", ""trend"": true, ""mom_min"": 0.0, ""rsi2_max"": 100.0, ""rsi14_max"": 100.0, ""ret21_max"": -0.05, ""dist_ema20_max"": 1.0, ""dist_ema50_min"": -1.0, ""dist_hh60_min"": -1.0, ""atr_ratio_max"": 10.0, ""vol_ratio_min"": 0.0, ""up_close"": true, ""strong_close"": false}",3063,437.2291748142354,0.7397975840679073,0.09306612194006413,1.3383810837278798,8.0,0.0,0.011633265242508016,2490,622.0739219712525,0.7156626506024096,0.04623152273431673,1.1523937293932087,8.0,0.0,0.005778940341789591,3143,785.2121834360028,0.7282850779510023,0.07783520613036898,1.2716396757287738,8.0,0.005408845052497614,0.009729400766296123
pullback,3.0,0.75,11970,"{""family"": ""pullback"", ""min_ddv"": 10000000.0, ""min_price"": 5.0, ""regime"": ""none"", ""trend"": true, ""mom_min"": 0.0, ""rsi2_max"": 100.0, ""rsi14_max"": 100.0, ""ret21_max"": -0.05, ""dist_ema20_max"": 1.0, ""dist_ema50_min"": -1.0, ""dist_hh60_min"": -1.0, ""atr_ratio_max"": 10.0, ""vol_ratio_min"": 0.0, ""up_close"": true, ""strong_close"": false}",3063,437.2291748142354,0.6607900750897813,0.1371594297641609,1.3831701721959928,12.0,0.0,0.011429952480346742,2490,622.0739219712525,0.6269076305220883,0.06973842869818717,1.1762319301049695,13.0,0.0,0.005364494515245167,3143,785.2121834360028,0.6417435571110404,0.10873897893461816,1.2880332832006793,13.0,0.013363028953229399,0.008364536841124474
pullback,3.0,1.0,11970,"{""family"": ""pullback"", ""min_ddv"": 10000000.0, ""min_price"": 5.0, ""regime"": ""none"", ""trend"": true, ""mom_min"": 0.0, ""rsi2_max"": 100.0, ""rsi14_max"": 100.0, ""ret21_max"": -0.05, ""dist_ema20_max"": 1.0, ""dist_ema50_min"": -1.0, ""dist_hh60_min"": -1.0, ""atr_ratio_max"": 10.0, ""vol_ratio_min"": 0.0, ""up_close"": true, ""strong_close"": false}",3063,437.2291748142354,0.5964740450538688,0.17072695188788392,1.399463249257622,17.0,0.0,0.010042761875757878,2490,622.0739219712525,0.570281124497992,0.11230385353813246,1.2470986349541078,17.0,0.0,0.006606109031654851,3143,785.2121834360028,0.5809735921094495,0.14272116299669305,1.3233447864682304,17.0,0.018771874005727014,0.008395362529217238
pullback,3.0,1.5,11970,"{""family"": ""pullback"", ""min_ddv"": 10000000.0, ""min_price"": 5.0, ""regime"": ""none"", ""trend"": true, ""mom_min"": 0.0, ""rsi2_max"": 100.0, ""rsi14_max"": 100.0, ""ret21_max"": -0.05, ""dist_ema20_max"": 1.0, ""dist_ema50_min"": -1.0, ""dist_hh60_min"": -1.0, ""atr_ratio_max"": 10.0, ""vol_ratio_min"": 0.0, ""up_close"": true, ""strong_close"": false}",3063,437.2291748142354,0.4975514201762977,0.21788733616188147,1.4096925284274682,26.0,0.0,0.008380282160072364,2490,622.0739219712525,0.4610441767068273,0.12943658200869168,1.2277597453530744,25.0,0.0,0.005177463280347667,3143,785.2121834360028,0.5033407572383074,0.2130725800017524,1.4075189761060591,24.0,0.035634743875278395,0.008878024166739683
pullback,3.0,2.0,11970,"{""family"": ""pullback"", ""min_ddv"": 10000000.0, ""min_price"": 5.0, ""regime"": ""none"", ""trend"": true, ""mom_min"": 0.0, ""rsi2_max"": 100.0, ""rsi14_max"": 100.0, ""ret21_max"": -0.05, ""dist_ema20_max"": 1.0, ""dist_ema50_min"": -1.0, ""dist_hh60_min"": -1.0, ""atr_ratio_max"": 10.0, ""vol_ratio_min"": 0.0, ""up_close"": true, ""strong_close"": false}",3063,437.2291748142354,0.43715311785830885,0.2740146072781965,1.4583269316396517,35.0,0.0,0.007828988779377042,2490,622.0739219712525,0.3923694779116466,0.15809381023421726,1.2472731852233963,32.0,0.0,0.004940431569819289,3143,785.2121834360028,0.44638880050906776,0.26030780389926134,1.443613980861191,30.0,0.051224944320712694,0.008676926796642044
pullback,3.0,3.0,11970,"{""family"": ""pullback"", ""min_ddv"": 10000000.0, ""min_price"": 5.0, ""regime"": ""none"", ""trend"": true, ""mom_min"": 0.0, ""rsi2_max"": 100.0, ""rsi14_max"": 100.0, ""ret21_max"": -0.05, ""dist_ema20_max"": 1.0, ""dist_ema50_min"": -1.0, ""dist_hh60_min"": -1.0, ""atr_ratio_max"": 10.0, ""vol_ratio_min"": 0.0, ""up_close"": true, ""strong_close"": false}",3063,437.2291748142354,0.346718903036239,0.3436071515878654,1.4919672092097542,49.0,0.001305909239307868,0.007012390848731947,2490,622.0739219712525,0.2923694779116466,0.12841445541688926,1.1720977380844302,44.0,0.004819277108433735,0.0029185103503838465,3143,785.2121834360028,0.3989818644607063,0.42820946212492383,1.6706747045093395,38.0,0.08876869233216672,0.011268670055919049
pullback,1.0,0.5,7398,"{""family"": ""pullback"", ""min_ddv"": 10000000.0, ""min_price"": 5.0, ""regime"": ""none"", ""trend"": true, ""mom_min"": 0.15, ""rsi2_max"": 100.0, ""rsi14_max"": 100.0, ""ret21_max"": -0.05, ""dist_ema20_max"": 1.0, ""dist_ema50_min"": -1.0, ""dist_hh60_min"": -1.0, ""atr_ratio_max"": 10.0, ""vol_ratio_min"": 0.0, ""up_close"": true, ""strong_close"": false}",1749,249.66171294485724,0.6975414522584333,-0.01446251010174999,0.9562444396490533,2.0,0.0,-0.007231255050874995,2332,582.6009582477755,0.6363636363636364,-0.0864211634299189,0.7799379992992042,2.0,0.0,-0.04321058171495945,3184,795.4551676933606,0.6689698492462312,-0.03582273459036844,0.8996155373582395,2.0,0.00314070351758794,-0.01791136729518422
pullback,1.0,0.75,7398,"{""family"": ""pullback"", ""min_ddv"": 10000000.0, ""min_price"": 5.0, ""regime"": ""none"", ""trend"": true, ""mom_min"": 0.15, ""rsi2_max"": 100.0, ""rsi14_max"": 100.0, ""ret21_max"": -0.05, ""dist_ema20_max"": 1.0, ""dist_ema50_min"": -1.0, ""dist_hh60_min"": -1.0, ""atr_ratio_max"": 10.0, ""vol_ratio_min"": 0.0, ""up_close"": true, ""strong_close"": false}",1749,249.66171294485724,0.6112064036592338,0.01014984471988222,1.0238254803890185,2.0,0.0,0.00507492235994111,2332,582.6009582477755,0.5548885077186964,-0.07256901404255328,0.8490986768503715,2.0,0.0,-0.03628450702127664,3184,795.4551676933606,0.5816582914572864,-0.021146173441461844,0.95310093393543,2.0,0.0037688442211055275,-0.010573086720730922
pullback,1.0,1.0,7398,"{""family"": ""pullback"", ""min_ddv"": 10000000.0, ""min_price"": 5.0, ""regime"": ""none"", ""trend"": true, ""mom_min"": 0.15, ""rsi2_max"": 100.0, ""rsi14_max"": 100.0, ""ret21_max"": -0.05, ""dist_ema20_max"": 1.0, ""dist_ema50_min"": -1.0, ""dist_hh60_min"": -1.0, ""atr_ratio_max"": 10.0, ""vol_ratio_min"": 0.0, ""up_close"": true, ""strong_close"": false}",1749,249.66171294485724,0.5385934819897084,0.02447664664767074,1.0484896572546492,3.0,0.0,0.008158882215890248,2332,582.6009582477755,0.49313893653516294,-0.05904453822176913,0.8927719100612537,3.0,0.0,-0.01968151274058971,3184,795.4551676933606,0.5125628140703518,-0.01309710068043066,0.9751119736691437,3.0,0.005025125628140704,-0.00436570022681022
pullback,1.0,1.5,7398,"{""family"": ""pullback"", ""min_ddv"": 10000000.0, ""min_price"": 5.0, ""regime"": ""none"", ""trend"": true, ""mom_min"": 0.15, ""rsi2_max"": 100.0, ""rsi14_max"": 100.0, ""ret21_max"": -0.05, ""dist_ema20_max"": 1.0, ""dist_ema50_min"": -1.0, ""dist_hh60_min"": -1.0, ""atr_ratio_max"": 10.0, ""vol_ratio_min"": 0.0, ""up_close"": true, ""strong_close"": false}",1749,249.66171294485724,0.43739279588336194,0.04680032851037503,1.0761937471431804,4.0,0.0,0.011700082127593757,2332,582.6009582477755,0.38593481989708406,-0.09450605014740854,0.8587081956476911,4.0,0.0,-0.023626512536852134,3184,795.4551676933606,0.4104899497487437,-0.02110953584366093,0.967044606026369,4.0,0.007223618090452261,-0.005277383960915233
pullback,1.0,2.0,7398,"{""family"": ""pullback"", ""min_ddv"": 10000000.0, ""min_price"": 5.0, ""regime"": ""none"", ""trend"": true, ""mom_min"": 0.15, ""rsi2_max"": 100.0, ""rsi14_max"": 100.0, ""ret21_max"": -0.05, ""dist_ema20_max"": 1.0, ""dist_ema50_min"": -1.0, ""dist_hh60_min"": -1.0, ""atr_ratio_max"": 10.0, ""vol_ratio_min"": 0.0, ""up_close"": true, ""strong_close"": false}",1749,249.66171294485724,0.3716409376786735,0.06403653113987966,1.0934342678231046,5.0,0.0,0.01280730622797593,2332,582.6009582477755,0.31689536878216124,-0.11337105884145755,0.8477965141271213,5.0,0.0,-0.02267421176829151,3184,795.4551676933606,0.3473618090452261,-0.013148294819620963,0.9815039428984482,5.0,0.008793969849246231,-0.0026296589639241926
pullback,1.0,3.0,7398,"{""family"": ""pullback"", ""min_ddv"": 10000000.0, ""min_price"": 5.0, ""regime"": ""none"", ""trend"": true, ""mom_min"": 0.15, ""rsi2_max"": 100.0, ""rsi14_max"": 100.0, ""ret21_max"": -0.05, ""dist_ema20_max"": 1.0, ""dist_ema50_min"": -1.0, ""dist_hh60_min"": -1.0, ""atr_ratio_max"": 10.0, ""vol_ratio_min"": 0.0, ""up_close"": true, ""strong_close"": false}",1749,249.66171294485724,0.27901658090337333,0.05477594096539943,1.068397058322318,6.0,0.0,0.009129323494233238,2332,582.6009582477755,0.24099485420240138,-0.12622099608666212,0.8512820500912259,6.0,0.0,-0.021036832681110354,3184,795.4551676933606,0.2660175879396985,-0.008857053150167885,0.989047027090635,6.0,0.011620603015075377,-0.0014761755250279809
pullback,1.5,0.5,7398,"{""family"": ""pullback"", ""min_ddv"": 10000000.0, ""min_price"": 5.0, ""regime"": ""none"", ""trend"": true, ""mom_min"": 0.15, ""rsi2_max"": 100.0, ""rsi14_max"": 100.0, ""ret21_max"": -0.05, ""dist_ema20_max"": 1.0, ""dist_ema50_min"": -1.0, ""dist_hh60_min"": -1.0, ""atr_ratio_max"": 10.0, ""vol_ratio_min"": 0.0, ""up_close"": true, ""strong_close"": false}",1706,243.52366053969496,0.7116060961313013,0.036768751849228974,1.1187843416617982,3.0,0.0,0.012256250616409657,2067,516.3963039014374,0.6521528785679729,-0.049681603979652905,0.866085745969239,3.0,0.0,-0.0165605346598843,2948,736.4955509924708,0.6818181818181818,7.263712513960258e-05,1.0002155574414744,3.0,0.004070556309362279,2.4212375046534195e-05
pullback,1.5,0.75,7398,"{""family"": ""pullback"", ""min_ddv"": 10000000.0, ""min_price"": 5.0, ""regime"": ""none"", ""trend"": true, ""mom_min"": 0.15, ""rsi2_max"": 100.0, ""rsi14_max"": 100.0, ""ret21_max"": -0.05, ""dist_ema20_max"": 1.0, ""dist_ema50_min"": -1.0, ""dist_hh60_min"": -1.0, ""atr_ratio_max"": 10.0, ""vol_ratio_min"": 0.0, ""up_close"": true, ""strong_close"": false}",1706,243.52366053969496,0.6113716295427901,0.05158981902535025,1.1239271592714875,4.0,0.0,0.012897454756337563,2067,516.3963039014374,0.5529753265602322,-0.06618390349887925,0.861865914432816,4.0,0.0,-0.01654597587471981,2948,736.4955509924708,0.5902306648575305,0.011534753848332947,1.0266105402943835,4.0,0.007801899592944369,0.002883688462083237
pullback,1.5,1.0,7398,"{""family"": ""pullback"", ""min_ddv"": 10000000.0, ""min_price"": 5.0, ""regime"": ""none"", ""trend"": true, ""mom_min"": 0.15, ""rsi2_max"": 100.0, ""rsi14_max"": 100.0, ""ret21_max"": -0.05, ""dist_ema20_max"": 1.0, ""dist_ema50_min"": -1.0, ""dist_hh60_min"": -1.0, ""atr_ratio_max"": 10.0, ""vol_ratio_min"": 0.0, ""up_close"": true, ""strong_close"": false}",1706,243.52366053969496,0.5381008206330598,0.05371176355739232,1.108656275083189,5.0,0.0,0.010742352711478465,2067,516.3963039014374,0.48863086598935657,-0.06330658446925552,0.8844540436017537,6.0,0.0,-0.010551097411542587,2948,736.4955509924708,0.5166214382632293,0.006209218709156787,1.0120752452927575,5.0,0.00983717774762551,0.0012418437418313575
pullback,1.5,1.5,7398,"{""family"": ""pullback"", ""min_ddv"": 10000000.0, ""min_price"": 5.0, ""regime"": ""none"", ""trend"": true, ""mom_min"": 0.15, ""rsi2_max"": 100.0, ""rsi14_max"": 100.0, ""ret21_max"": -0.05, ""dist_ema20_max"": 1.0, ""dist_ema50_min"": -1.0, ""dist_hh60_min"": -1.0, ""atr_ratio_max"": 10.0, ""vol_ratio_min"": 0.0, ""up_close"": true, ""strong_close"": false}",1706,243.52366053969496,0.4501758499413834,0.09523046026610935,1.1608786286499624,8.0,0.0,0.011903807533263668,2067,516.3963039014374,0.386066763425254,-0.08202208211527871,0.875567123870757,8.0,0.0,-0.01025276026440984,2948,736.4955509924708,0.42096336499321574,0.017180040420699504,1.0277801105842457,7.0,0.013229308005427409,0.0024542914886713577
pullback,1.5,2.0,7398,"{""family"": ""pullback"", ""min_ddv"": 10000000.0, ""min_price"": 5.0, ""regime"": ""none"", ""trend"": true, ""mom_min"": 0.15, ""rsi2_max"": 100.0, ""rsi14_max"": 100.0, ""ret21_max"": -0.05, ""dist_ema20_max"": 1.0, ""dist_ema50_min"": -1.0, ""dist_hh60_min"": -1.0, ""atr_ratio_max"": 10.0, ""vol_ratio_min"": 0.0, ""up_close"": true, ""strong_close"": false}",1706,243.52366053969496,0.38042203985932005,0.10854691833841412,1.1618742125385024,9.0,0.0,0.012060768704268235,2067,516.3963039014374,0.3289791969037252,-0.078748253146037,0.8926373635859461,9.0,0.0,-0.008749805905115223,2948,736.4955509924708,0.3578697421981004,0.03221564399895566,1.0468344465227735,9.0,0.016960651289009497,0.0035795159998839626
pullback,1.5,3.0,7398,"{""family"": ""pullback"", ""min_ddv"": 10000000.0, ""min_price"": 5.0, ""regime"": ""none"", ""trend"": true, ""mom_min"": 0.15, ""rsi2_max"": 100.0, ""rsi14_max"": 100.0, ""ret21_max"": -0.05, ""dist_ema20_max"": 1.0, ""dist_ema50_min"": -1.0, ""dist_hh60_min"": -1.0, ""atr_ratio_max"": 10.0, ""vol_ratio_min"": 0.0, ""up_close"": true, ""strong_close"": false}",1706,243.52366053969496,0.28194607268464245,0.07446624914460487,1.0947382997666415,12.0,0.0,0.006205520762050405,2067,516.3963039014374,0.262699564586357,-0.014811879268409564,0.9816307614896709,11.0,0.0,-0.001346534478946324,2948,736.4955509924708,0.28222523744911804,0.0659711039982065,1.0858739572346376,11.0,0.02408412483039349,0.005997373090746046
pullback,2.0,0.5,7398,"{""family"": ""pullback"", ""min_ddv"": 10000000.0, ""min_price"": 5.0, ""regime"": ""none"", ""trend"": true, ""mom_min"": 0.15, ""rsi2_max"": 100.0, ""rsi14_max"": 100.0, ""ret21_max"": -0.05, ""dist_ema20_max"": 1.0, ""dist_ema50_min"": -1.0, ""dist_hh60_min"": -1.0, ""atr_ratio_max"": 10.0, ""vol_ratio_min"": 0.0, ""up_close"": true, ""strong_close"": false}",1635,233.3887368009386,0.7149847094801223,0.05661684973187985,1.1866849296427984,4.0,0.0,0.014154212432969963,1825,455.9377138945927,0.6652054794520548,-0.02407074209663446,0.9320507481229481,5.0,0.0,-0.004814148419326892,2672,667.542778918549,0.7009730538922155,0.043099973945349014,1.1388306342170655,4.0,0.008982035928143712,0.010774993486337254
pullback,2.0,0.75,7398,"{""family"": ""pullback"", ""min_ddv"": 10000000.0, ""min_price"": 5.0, ""regime"": ""none"", ""trend"": true, ""mom_min"": 0.15, ""rsi2_max"": 100.0, ""rsi14_max"": 100.0, ""ret21_max"": -0.05, ""dist_ema20_max"": 1.0, ""dist_ema50_min"": -1.0, ""dist_hh60_min"": -1.0, ""atr_ratio_max"": 10.0, ""vol_ratio_min"": 0.0, ""up_close"": true, ""strong_close"": false}",1635,233.3887368009386,0.6140672782874618,0.0590855088536317,1.1443977929068072,7.0,0.0,0.008440786979090243,1825,455.9377138945927,0.5654794520547946,-0.041306718967442056,0.9102514990843069,7.0,0.0,-0.005900959852491722,2672,667.542778918549,0.6077844311377245,0.05101557957404983,1.1249241300031214,6.0,0.01309880239520958,0.00850259659567497
pullback,2.0,1.0,7398,"{""family"": ""pullback"", ""min_ddv"": 10000000.0, ""min_price"": 5.0, ""regime"": ""none"", ""trend"": true, ""mom_min"": 0.15, ""rsi2_max"": 100.0, ""rsi14_max"": 100.0, ""ret21_max"": -0.05, ""dist_ema20_max"": 1.0, ""dist_ema50_min"": -1.0, ""dist_hh60_min"": -1.0, ""atr_ratio_max"": 10.0, ""vol_ratio_min"": 0.0, ""up_close"": true, ""strong_close"": false}",1635,233.3887368009386,0.5596330275229358,0.10093724061740078,1.215378234443901,8.0,0.0,0.012617155077175098,1825,455.9377138945927,0.4958904109589041,-0.041088979828486534,0.9230924978428052,9.0,0.0,-0.004565442203165171,2672,667.542778918549,0.5377994011976048,0.06351523766721992,1.131492541183769,8.0,0.015718562874251496,0.00793940470840249
pullback,2.0,1.5,7398,"{""family"": ""pullback"", ""min_ddv"": 10000000.0, ""min_price"": 5.0, ""regime"": ""none"", ""trend"": true, ""mom_min"": 0.15, ""rsi2_max"": 100.0, ""rsi14_max"": 100.0, ""ret21_max"": -0.05, ""dist_ema20_max"": 1.0, ""dist_ema50_min"": -1.0, ""dist_hh60_min"": -1.0, ""atr_ratio_max"": 10.0, ""vol_ratio_min"": 0.0, ""up_close"": true, ""strong_close"": false}",1635,233.3887368009386,0.46299694189602447,0.1315579483567658,1.2272303413686454,12.0,0.0,0.010963162363063815,1825,455.9377138945927,0.4076712328767123,-0.026065735179210407,0.9589369146604295,13.0,0.0,-0.002005056552246954,2672,667.542778918549,0.4468562874251497,0.10020217180216295,1.1731119820524512,12.0,0.02282934131736527,0.00835018098351358
pullback,2.0,2.0,7398,"{""family"": ""pullback"", ""min_ddv"": 10000000.0, ""min_price"": 5.0, ""regime"": ""none"", ""trend"": true, ""mom_min"": 0.15, ""rsi2_max"": 100.0, ""rsi14_max"": 100.0, ""ret21_max"": -0.05, ""dist_ema20_max"": 1.0, ""dist_ema50_min"": -1.0, ""dist_hh60_min"": -1.0, ""atr_ratio_max"": 10.0, ""vol_ratio_min"": 0.0, ""up_close"": true, ""strong_close"": false}",1635,233.3887368009386,0.3804281345565749,0.10306439350533135,1.1537669161707003,16.0,0.0,0.006441524594083209,1825,455.9377138945927,0.34684931506849315,-0.010426633081181315,0.9851627946976685,15.0,0.0,-0.0006951088720787543,2672,667.542778918549,0.3828592814371258,0.11653571616475664,1.1803929510142315,15.0,0.029565868263473054,0.007769047744317109
pullback,2.0,3.0,7398,"{""family"": ""pullback"", ""min_ddv"": 10000000.0, ""min_price"": 5.0, ""regime"": ""none"", ""trend"": true, ""mom_min"": 0.15, ""rsi2_max"": 100.0, ""rsi14_max"": 100.0, ""ret21_max"": -0.05, ""dist_ema20_max"": 1.0, ""dist_ema50_min"": -1.0, ""dist_hh60_min"": -1.0, ""atr_ratio_max"": 10.0, ""vol_ratio_min"": 0.0, ""up_close"": true, ""strong_close"": false}",1635,233.3887368009386,0.2941896024464832,0.12624757990795776,1.1648944069701528,20.0,0.0,0.006312378995397888,1825,455.9377138945927,0.2635616438356164,0.005369334819144899,1.00678092162792,19.0,0.0,0.00028259656942867894,2672,667.542778918549,0.31324850299401197,0.18380982901130782,1.2538404410804502,19.0,0.04229041916167665,0.009674201526910939
pullback,3.0,0.5,7398,"{""family"": ""pullback"", ""min_ddv"": 10000000.0, ""min_price"": 5.0, ""regime"": ""none"", ""trend"": true, ""mom_min"": 0.15, ""rsi2_max"": 100.0, ""rsi14_max"": 100.0, ""ret21_max"": -0.05, ""dist_ema20_max"": 1.0, ""dist_ema50_min"": -1.0, ""dist_hh60_min"": -1.0, ""atr_ratio_max"": 10.0, ""vol_ratio_min"": 0.0, ""up_close"": true, ""strong_close"": false}",1400,199.84356667970277,0.7328571428571429,0.08605351808650279,1.3022549897157438,8.0,0.0,0.010756689760812848,1241,310.0376454483231,0.6946011281224819,0.011339607904887701,1.0344517214524447,9.0,0.0,0.0012599564338764112,1885,470.927446954141,0.7305039787798409,0.08098593706926109,1.2839414702765892,8.0,0.004774535809018567,0.010123242133657636
pullback,3.0,0.75,7398,"{""family"": ""pullback"", ""min_ddv"": 10000000.0, ""min_price"": 5.0, ""regime"": ""none"", ""trend"": true, ""mom_min"": 0.15, ""rsi2_max"": 100.0, ""rsi14_max"": 100.0, ""ret21_max"": -0.05, ""dist_ema20_max"": 1.0, ""dist_ema50_min"": -1.0, ""dist_hh60_min"": -1.0, ""atr_ratio_max"": 10.0, ""vol_ratio_min"": 0.0, ""up_close"": true, ""strong_close"": false}",1400,199.84356667970277,0.6478571428571429,0.11548256960461908,1.3080846988463404,13.0,0.0,0.008883274584970699,1241,310.0376454483231,0.6051571313456889,0.028340828642231433,1.0671063734883546,13.0,0.0,0.0021800637417101103,1885,470.927446954141,0.6435013262599469,0.11511773631540964,1.305980808975661,13.0,0.009018567639257295,0.008855210485800742
pullback,3.0,1.0,7398,"{""family"": ""pullback"", ""min_ddv"": 10000000.0, ""min_price"": 5.0, ""regime"": ""none"", ""trend"": true, ""mom_min"": 0.15, ""rsi2_max"": 100.0, ""rsi14_max"": 100.0, ""ret21_max"": -0.05, ""dist_ema20_max"": 1.0, ""dist_ema50_min"": -1.0, ""dist_hh60_min"": -1.0, ""atr_ratio_max"": 10.0, ""vol_ratio_min"": 0.0, ""up_close"": true, ""strong_close"": false}",1400,199.84356667970277,0.5771428571428572,0.13109669299371085,1.2893066674455536,17.0,0.0,0.0077115701761006385,1241,310.0376454483231,0.5527800161160354,0.07408270317671793,1.155504545061635,17.0,0.0,0.004357806069218702,1885,470.927446954141,0.5883289124668435,0.16239690896157918,1.3731141312009119,17.0,0.013793103448275862,0.00955275935068113
pullback,3.0,1.5,7398,"{""family"": ""pullback"", ""min_ddv"": 10000000.0, ""min_price"": 5.0, ""regime"": ""none"", ""trend"": true, ""mom_min"": 0.15, ""rsi2_max"": 100.0, ""rsi14_max"": 100.0, ""ret21_max"": -0.05, ""dist_ema20_max"": 1.0, ""dist_ema50_min"": -1.0, ""dist_hh60_min"": -1.0, ""atr_ratio_max"": 10.0, ""vol_ratio_min"": 0.0, ""up_close"": true, ""strong_close"": false}",1400,199.84356667970277,0.46,0.1218720422898391,1.2114181535362334,25.0,0.0,0.004874881691593564,1241,310.0376454483231,0.4520547945205479,0.09975263723914927,1.1715059743188383,24.0,0.0,0.004156359884964553,1885,470.927446954141,0.5076923076923077,0.2272311223077782,1.438471009608601,24.0,0.032360742705570295,0.009467963429490758
pullback,3.0,2.0,7398,"{""family"": ""pullback"", ""min_ddv"": 10000000.0, ""min_price"": 5.0, ""regime"": ""none"", ""trend"": true, ""mom_min"": 0.15, ""rsi2_max"": 100.0, ""rsi14_max"": 100.0, ""ret21_max"": -0.05, ""dist_ema20_max"": 1.0, ""dist_ema50_min"": -1.0, ""dist_hh60_min"": -1.0, ""atr_ratio_max"": 10.0, ""vol_ratio_min"": 0.0, ""up_close"": true, ""strong_close"": false}",1400,199.84356667970277,0.3992857142857143,0.1568461930448961,1.2434521100944793,30.0,0.0,0.00522820643482987,1241,310.0376454483231,0.38759065269943593,0.134157372480409,1.206908327702107,30.0,0.0,0.004471912416013633,1885,470.927446954141,0.4440318302387268,0.2604400642271928,1.4430809085586582,29.0,0.041379310344827586,0.0089806918699032
pullback,3.0,3.0,7398,"{""family"": ""pullback"", ""min_ddv"": 10000000.0, ""min_price"": 5.0, ""regime"": ""none"", ""trend"": true, ""mom_min"": 0.15, ""rsi2_max"": 100.0, ""rsi14_max"": 100.0, ""ret21_max"": -0.05, ""dist_ema20_max"": 1.0, ""dist_ema50_min"": -1.0, ""dist_hh60_min"": -1.0, ""atr_ratio_max"": 10.0, ""vol_ratio_min"": 0.0, ""up_close"": true, ""strong_close"": false}",1400,199.84356667970277,0.30857142857142855,0.18285739374578208,1.2444768670761654,42.0,0.0014285714285714286,0.004353747470137668,1241,310.0376454483231,0.2997582594681708,0.14328967918957414,1.1925775071858145,41.0,0.0056406124093473006,0.0034948702241359548,1885,470.927446954141,0.3925729442970822,0.42943128017058246,1.6657542888089085,37.0,0.06949602122015915,0.011606250815421148
pullback,1.0,0.5,9931,"{""family"": ""pullback"", ""min_ddv"": 10000000.0, ""min_price"": 5.0, ""regime"": ""none"", ""trend"": true, ""mom_min"": -1.0, ""rsi2_max"": 100.0, ""rsi14_max"": 100.0, ""ret21_max"": -0.05, ""dist_ema20_max"": 1.0, ""dist_ema50_min"": -1.0, ""dist_hh60_min"": -1.0, ""atr_ratio_max"": 10.0, ""vol_ratio_min"": 0.0, ""up_close"": true, ""strong_close"": true}",2951,421.2416894798592,0.6926465604879701,-0.03457407833091709,0.8976942842301437,2.0,0.0,-0.017287039165458543,3179,794.2060232717316,0.6476879521862221,-0.08121207058862369,0.7884947406118923,2.0,0.0,-0.040606035294311844,3706,925.8658453114305,0.6737722611980572,-0.037532434846909365,0.8939199747694628,2.0,0.0029681597409606042,-0.018766217423454683
pullback,1.0,0.75,9931,"{""family"": ""pullback"", ""min_ddv"": 10000000.0, ""min_price"": 5.0, ""regime"": ""none"", ""trend"": true, ""mom_min"": -1.0, ""rsi2_max"": 100.0, ""rsi14_max"": 100.0, ""ret21_max"": -0.05, ""dist_ema20_max"": 1.0, ""dist_ema50_min"": -1.0, ""dist_hh60_min"": -1.0, ""atr_ratio_max"": 10.0, ""vol_ratio_min"": 0.0, ""up_close"": true, ""strong_close"": true}",2951,421.2416894798592,0.6042019654354456,-0.015186778315672497,0.9651791932829095,2.0,0.0,-0.007593389157836248,3179,794.2060232717316,0.5662157911292859,-0.06532765046746127,0.8621936609846083,2.0,0.0,-0.03266382523373063,3706,925.8658453114305,0.5814894765245547,-0.03017596766925364,0.9336316196014713,2.0,0.004317323259579061,-0.01508798383462682
pullback,1.0,1.0,9931,"{""family"": ""pullback"", ""min_ddv"": 10000000.0, ""min_price"": 5.0, ""regime"": ""none"", ""trend"": true, ""mom_min"": -1.0, ""rsi2_max"": 100.0, ""rsi14_max"": 100.0, ""ret21_max"": -0.05, ""dist_ema20_max"": 1.0, ""dist_ema50_min"": -1.0, ""dist_hh60_min"": -1.0, ""atr_ratio_max"": 10.0, ""vol_ratio_min"": 0.0, ""up_close"": true, ""strong_close"": true}",2951,421.2416894798592,0.5296509657743138,-0.01034890552841879,0.9800753988265171,3.0,0.0,-0.0034496351761395968,3179,794.2060232717316,0.5004718464926078,-0.05811811170633254,0.8941370487281168,3.0,0.0,-0.019372703902110846,3706,925.8658453114305,0.5143011332973556,-0.019346006545341608,0.9634007007306232,3.0,0.005396654074473826,-0.0064486688484472025
pullback,1.0,1.5,9931,"{""family"": ""pullback"", ""min_ddv"": 10000000.0, ""min_price"": 5.0, ""regime"": ""none"", ""trend"": true, ""mom_min"": -1.0, ""rsi2_max"": 100.0, ""rsi14_max"": 100.0, ""ret21_max"": -0.05, ""dist_ema20_max"": 1.0, ""dist_ema50_min"": -1.0, ""dist_hh60_min"": -1.0, ""atr_ratio_max"": 10.0, ""vol_ratio_min"": 0.0, ""up_close"": true, ""strong_close"": true}",2951,421.2416894798592,0.4401897661809556,0.0378019560784734,1.0611216740034397,4.0,0.0,0.00945048901961835,3179,794.2060232717316,0.39572192513368987,-0.07942768606090551,0.8803909258806146,4.0,0.0,-0.01985692151522638,3706,925.8658453114305,0.4185105234754452,-0.012366035381291687,0.9805808911294803,4.0,0.007285483000539665,-0.0030915088453229217
pullback,1.0,2.0,9931,"{""family"": ""pullback"", ""min_ddv"": 10000000.0, ""min_price"": 5.0, ""regime"": ""none"", ""trend"": true, ""mom_min"": -1.0, ""rsi2_max"": 100.0, ""rsi14_max"": 100.0, ""ret21_max"": -0.05, ""dist_ema20_max"": 1.0, ""dist_ema50_min"": -1.0, ""dist_hh60_min"": -1.0, ""atr_ratio_max"": 10.0, ""vol_ratio_min"": 0.0, ""up_close"": true, ""strong_close"": true}",2951,421.2416894798592,0.3764825482887157,0.0630520519652443,1.0915260537887337,5.0,0.0,0.01261041039304886,3179,794.2060232717316,0.32903428751179614,-0.08792016782319072,0.88102340938621,5.0,0.0,-0.017584033564638144,3706,925.8658453114305,0.3532110091743119,-0.006391251582341082,0.9909778577103507,5.0,0.009444144630329197,-0.0012782503164682165
pullback,1.0,3.0,9931,"{""family"": ""pullback"", ""min_ddv"": 10000000.0, ""min_price"": 5.0, ""regime"": ""none"", ""trend"": true, ""mom_min"": -1.0, ""rsi2_max"": 100.0, ""rsi14_max"": 100.0, ""ret21_max"": -0.05, ""dist_ema20_max"": 1.0, ""dist_ema50_min"": -1.0, ""dist_hh60_min"": -1.0, ""atr_ratio_max"": 10.0, ""vol_ratio_min"": 0.0, ""up_close"": true, ""strong_close"": true}",2951,421.2416894798592,0.29481531684174855,0.11020284420157284,1.1407739478949734,6.0,0.0,0.01836714070026214,3179,794.2060232717316,0.24944951242529098,-0.08836946215581594,0.8940735648730725,6.0,0.0,-0.01472824369263599,3706,925.8658453114305,0.2709120345385861,-0.002402615126276749,0.9970178417361303,6.0,0.011872638963842417,-0.00040043585437945817
pullback,1.5,0.5,9931,"{""family"": ""pullback"", ""min_ddv"": 10000000.0, ""min_price"": 5.0, ""regime"": ""none"", ""trend"": true, ""mom_min"": -1.0, ""rsi2_max"": 100.0, ""rsi14_max"": 100.0, ""ret21_max"": -0.05, ""dist_ema20_max"": 1.0, ""dist_ema50_min"": -1.0, ""dist_hh60_min"": -1.0, ""atr_ratio_max"": 10.0, ""vol_ratio_min"": 0.0, ""up_close"": true, ""strong_close"": true}",2913,415.81736409855296,0.6996223824236183,0.00694467944438782,1.0215434787960942,3.0,0.0,0.0023148931481292733,2960,739.4934976043805,0.6668918918918919,-0.03745555969366346,0.8954097307568011,3.0,0.0,-0.012485186564554487,3530,881.8959616700889,0.6869688385269122,0.0038297552574042596,1.0115515297035647,3.0,0.004532577903682719,0.0012765850858014198
pullback,1.5,0.75,9931,"{""family"": ""pullback"", ""min_ddv"": 10000000.0, ""min_price"": 5.0, ""regime"": ""none"", ""trend"": true, ""mom_min"": -1.0, ""rsi2_max"": 100.0, ""rsi14_max"": 100.0, ""ret21_max"": -0.05, ""dist_ema20_max"": 1.0, ""dist_ema50_min"": -1.0, ""dist_hh60_min"": -1.0, ""atr_ratio_max"": 10.0, ""vol_ratio_min"": 0.0, ""up_close"": true, ""strong_close"": true}",2913,415.81736409855296,0.6065911431513903,0.02657623316746834,1.0629249688373865,4.0,0.0,0.006644058291867085,2960,739.4934976043805,0.5716216216216217,-0.04055371602150509,0.9120355686120546,4.0,0.0,-0.010138429005376273,3530,881.8959616700889,0.6,0.0240400139578606,1.0566134488511687,4.0,0.0073654390934844195,0.00601000348946515
pullback,1.5,1.0,9931,"{""family"": ""pullback"", ""min_ddv"": 10000000.0, ""min_price"": 5.0, ""regime"": ""none"", ""trend"": true, ""mom_min"": -1.0, ""rsi2_max"": 100.0, ""rsi14_max"": 100.0, ""ret21_max"": -0.05, ""dist_ema20_max"": 1.0, ""dist_ema50_min"": -1.0, ""dist_hh60_min"": -1.0, ""atr_ratio_max"": 10.0, ""vol_ratio_min"": 0.0, ""up_close"": true, ""strong_close"": true}",2913,415.81736409855296,0.5437693099897013,0.05433799671959906,1.111017156426901,5.0,0.0,0.010867599343919811,2960,739.4934976043805,0.5091216216216217,-0.027451980942336623,0.9479438042745292,5.0,0.0,-0.005490396188467325,3530,881.8959616700889,0.5271954674220963,0.02255336405823629,1.0448332237240712,5.0,0.009348441926345609,0.004510672811647258
pullback,1.5,1.5,9931,"{""family"": ""pullback"", ""min_ddv"": 10000000.0, ""min_price"": 5.0, ""regime"": ""none"", ""trend"": true, ""mom_min"": -1.0, ""rsi2_max"": 100.0, ""rsi14_max"": 100.0, ""ret21_max"": -0.05, ""dist_ema20_max"": 1.0, ""dist_ema50_min"": -1.0, ""dist_hh60_min"": -1.0, ""atr_ratio_max"": 10.0, ""vol_ratio_min"": 0.0, ""up_close"": true, ""strong_close"": true}",2913,415.81736409855296,0.45382766906968763,0.09741556684049411,1.1661716597949185,7.0,0.0,0.013916509548642016,2960,739.4934976043805,0.4081081081081081,-0.030400964144763017,0.9522571528538947,7.0,0.0,-0.004342994877823288,3530,881.8959616700889,0.4331444759206799,0.04201839382709703,1.0694141265759693,7.0,0.013314447592067988,0.00600262768958529
pullback,1.5,2.0,9931,"{""family"": ""pullback"", ""min_ddv"": 10000000.0, ""min_price"": 5.0, ""regime"": ""none"", ""trend"": true, ""mom_min"": -1.0, ""rsi2_max"": 100.0, ""rsi14_max"": 100.0, ""ret21_max"": -0.05, ""dist_ema20_max"": 1.0, ""dist_ema50_min"": -1.0, ""dist_hh60_min"": -1.0, ""atr_ratio_max"": 10.0, ""vol_ratio_min"": 0.0, ""up_close"": true, ""strong_close"": true}",2913,415.81736409855296,0.39237899073120497,0.13754064722751605,1.2100889714767131,9.0,0.0,0.015282294136390671,2960,739.4934976043805,0.3489864864864865,-0.011079029174106365,0.9842629768727649,9.0,0.0,-0.001231003241567374,3530,881.8959616700889,0.36742209631728046,0.05234199855266051,1.0773894466059122,9.0,0.01671388101983003,0.005815777616962278
pullback,1.5,3.0,9931,"{""family"": ""pullback"", ""min_ddv"": 10000000.0, ""min_price"": 5.0, ""regime"": ""none"", ""trend"": true, ""mom_min"": -1.0, ""rsi2_max"": 100.0, ""rsi14_max"": 100.0, ""ret21_max"": -0.05, ""dist_ema20_max"": 1.0, ""dist_ema50_min"": -1.0, ""dist_hh60_min"": -1.0, ""atr_ratio_max"": 10.0, ""vol_ratio_min"": 0.0, ""up_close"": true, ""strong_close"": true}",2913,415.81736409855296,0.29351184346035014,0.1226926322995108,1.1601198136725945,13.0,0.0,0.00943789479227006,2960,739.4934976043805,0.27297297297297296,0.033163755247778294,1.0420791007638406,12.0,0.0,0.002763646270648191,3530,881.8959616700889,0.2934844192634561,0.10328781518407891,1.1364217524619875,12.0,0.02294617563739377,0.008607317932006576
pullback,2.0,0.5,9931,"{""family"": ""pullback"", ""min_ddv"": 10000000.0, ""min_price"": 5.0, ""regime"": ""none"", ""trend"": true, ""mom_min"": -1.0, ""rsi2_max"": 100.0, ""rsi14_max"": 100.0, ""ret21_max"": -0.05, ""dist_ema20_max"": 1.0, ""dist_ema50_min"": -1.0, ""dist_hh60_min"": -1.0, ""atr_ratio_max"": 10.0, ""vol_ratio_min"": 0.0, ""up_close"": true, ""strong_close"": true}",2851,406.9671490027376,0.7081725710277096,0.03586910426774648,1.1157728252214385,4.0,0.0,0.00896727606693662,2742,685.0308008213552,0.6834427425237053,-0.0027510131569851125,0.991796523180889,4.0,0.0,-0.0006877532892462781,3291,822.1868583162218,0.7061683378912185,0.04504796702152477,1.1467405466174745,5.0,0.00850805226374962,0.009009593404304954
pullback,2.0,0.75,9931,"{""family"": ""pullback"", ""min_ddv"": 10000000.0, ""min_price"": 5.0, ""regime"": ""none"", ""trend"": true, ""mom_min"": -1.0, ""rsi2_max"": 100.0, ""rsi14_max"": 100.0, ""ret21_max"": -0.05, ""dist_ema20_max"": 1.0, ""dist_ema50_min"": -1.0, ""dist_hh60_min"": -1.0, ""atr_ratio_max"": 10.0, ""vol_ratio_min"": 0.0, ""up_close"": true, ""strong_close"": true}",2851,406.9671490027376,0.6278498772360576,0.0769136607059618,1.1950756303108618,6.0,0.0,0.012818943450993632,2742,685.0308008213552,0.5919037199124726,0.003636987659020334,1.0084071356553337,6.0,0.0,0.0006061646098367223,3291,822.1868583162218,0.6147067760559101,0.057521598792363855,1.142824917610731,7.0,0.01276207839562443,0.00821737125605198
pullback,2.0,1.0,9931,"{""family"": ""pullback"", ""min_ddv"": 10000000.0, ""min_price"": 5.0, ""regime"": ""none"", ""trend"": true, ""mom_min"": -1.0, ""rsi2_max"": 100.0, ""rsi14_max"": 100.0, ""ret21_max"": -0.05, ""dist_ema20_max"": 1.0, ""dist_ema50_min"": -1.0, ""dist_hh60_min"": -1.0, ""atr_ratio_max"": 10.0, ""vol_ratio_min"": 0.0, ""up_close"": true, ""strong_close"": true}",2851,406.9671490027376,0.5703262013328657,0.1156857681615914,1.2535534142861389,8.0,0.0,0.014460721020198925,2742,685.0308008213552,0.5280816921954777,0.022354710822588292,1.044715933874793,9.0,0.0,0.0024838567580653657,3291,822.1868583162218,0.5448192038893953,0.06731299056992629,1.1405811479720405,9.0,0.01610452749924035,0.007479221174436255
pullback,2.0,1.5,9931,"{""family"": ""pullback"", ""min_ddv"": 10000000.0, ""min_price"": 5.0, ""regime"": ""none"", ""trend"": true, ""mom_min"": -1.0, ""rsi2_max"": 100.0, ""rsi14_max"": 100.0, ""ret21_max"": -0.05, ""dist_ema20_max"": 1.0, ""dist_ema50_min"": -1.0, ""dist_hh60_min"": -1.0, ""atr_ratio_max"": 10.0, ""vol_ratio_min"": 0.0, ""up_close"": true, ""strong_close"": true}",2851,406.9671490027376,0.4745703262013329,0.15890850879900814,1.2838518053779764,12.0,0.0,0.013242375733250678,2742,685.0308008213552,0.43289569657184535,0.04444549772014851,1.073760074302118,13.0,0.0,0.003418884440011424,3291,822.1868583162218,0.4515344879975691,0.0991117682373198,1.1717576103720464,12.0,0.023397143725311455,0.008259314019776651
pullback,2.0,2.0,9931,"{""family"": ""pullback"", ""min_ddv"": 10000000.0, ""min_price"": 5.0, ""regime"": ""none"", ""trend"": true, ""mom_min"": -1.0, ""rsi2_max"": 100.0, ""rsi14_max"": 100.0, ""ret21_max"": -0.05, ""dist_ema20_max"": 1.0, ""dist_ema50_min"": -1.0, ""dist_hh60_min"": -1.0, ""atr_ratio_max"": 10.0, ""vol_ratio_min"": 0.0, ""up_close"": true, ""strong_close"": true}",2851,406.9671490027376,0.39179235356015435,0.1437437626859561,1.22141011383738,16.0,0.0,0.008983985167872256,2742,685.0308008213552,0.36943836615609044,0.06626605586903878,1.0985534911590036,16.0,0.0,0.0041416284918149235,3291,822.1868583162218,0.3892433910665451,0.12194275658063226,1.1889077063173001,15.0,0.02917046490428441,0.008129517105375484
pullback,2.0,3.0,9931,"{""family"": ""pullback"", ""min_ddv"": 10000000.0, ""min_price"": 5.0, ""regime"": ""none"", ""trend"": true, ""mom_min"": -1.0, ""rsi2_max"": 100.0, ""rsi14_max"": 100.0, ""ret21_max"": -0.05, ""dist_ema20_max"": 1.0, ""dist_ema50_min"": -1.0, ""dist_hh60_min"": -1.0, ""atr_ratio_max"": 10.0, ""vol_ratio_min"": 0.0, ""up_close"": true, ""strong_close"": true}",2851,406.9671490027376,0.31357418449666785,0.20702574501532547,1.2816817847427329,22.0,0.0,0.009410261137060248,2742,685.0308008213552,0.2804522246535376,0.08302589228367833,1.1082069491516253,20.0,0.0,0.004151294614183917,3291,822.1868583162218,0.3202673959282893,0.18853899618348022,1.2586958722504098,19.0,0.04527499240352476,0.009923105062288433
pullback,3.0,0.5,9931,"{""family"": ""pullback"", ""min_ddv"": 10000000.0, ""min_price"": 5.0, ""regime"": ""none"", ""trend"": true, ""mom_min"": -1.0, ""rsi2_max"": 100.0, ""rsi14_max"": 100.0, ""ret21_max"": -0.05, ""dist_ema20_max"": 1.0, ""dist_ema50_min"": -1.0, ""dist_hh60_min"": -1.0, ""atr_ratio_max"": 10.0, ""vol_ratio_min"": 0.0, ""up_close"": true, ""strong_close"": true}",2594,370.281579976535,0.7378565921356978,0.09163166229234483,1.330037955349812,8.0,0.0,0.011453957786543104,2134,533.1348391512662,0.7122774133083412,0.042386188283316105,1.1384818110746842,8.0,0.0,0.005298273535414513,2549,636.813826146475,0.7289132993330718,0.0797102110590054,1.2786265117519617,8.0,0.0051000392310710085,0.009963776382375675
pullback,3.0,0.75,9931,"{""family"": ""pullback"", ""min_ddv"": 10000000.0, ""min_price"": 5.0, ""regime"": ""none"", ""trend"": true, ""mom_min"": -1.0, ""rsi2_max"": 100.0, ""rsi14_max"": 100.0, ""ret21_max"": -0.05, ""dist_ema20_max"": 1.0, ""dist_ema50_min"": -1.0, ""dist_hh60_min"": -1.0, ""atr_ratio_max"": 10.0, ""vol_ratio_min"": 0.0, ""up_close"": true, ""strong_close"": true}",2594,370.281579976535,0.6522744795682344,0.12409220588062733,1.3381010692823097,13.0,0.0,0.009545554298509795,2134,533.1348391512662,0.6298031865042174,0.077164528281766,1.19683298395523,13.0,0.0,0.00593573294475123,2549,636.813826146475,0.6449588073754413,0.11550334000032078,1.3086673752535078,13.0,0.012946253432718713,0.008884872307716982
pullback,3.0,1.0,9931,"{""family"": ""pullback"", ""min_ddv"": 10000000.0, ""min_price"": 5.0, ""regime"": ""none"", ""trend"": true, ""mom_min"": -1.0, ""rsi2_max"": 100.0, ""rsi14_max"": 100.0, ""ret21_max"": -0.05, ""dist_ema20_max"": 1.0, ""dist_ema50_min"": -1.0, ""dist_hh60_min"": -1.0, ""atr_ratio_max"": 10.0, ""vol_ratio_min"": 0.0, ""up_close"": true, ""strong_close"": true}",2594,370.281579976535,0.5909791827293754,0.1623218953187636,1.3747638314076243,17.0,0.0,0.009548346783456682,2134,533.1348391512662,0.5740393626991566,0.1218375137746501,1.2707717054333632,17.0,0.0,0.0071669125749794175,2549,636.813826146475,0.5806198509219301,0.14033312176679447,1.317277585087871,17.0,0.02000784621420165,0.008254889515693793
pullback,3.0,1.5,9931,"{""family"": ""pullback"", ""min_ddv"": 10000000.0, ""min_price"": 5.0, ""regime"": ""none"", ""trend"": true, ""mom_min"": -1.0, ""rsi2_max"": 100.0, ""rsi14_max"": 100.0, ""ret21_max"": -0.05, ""dist_ema20_max"": 1.0, ""dist_ema50_min"": -1.0, ""dist_hh60_min"": -1.0, ""atr_ratio_max"": 10.0, ""vol_ratio_min"": 0.0, ""up_close"": true, ""strong_close"": true}",2594,370.281579976535,0.48573631457208943,0.1897268792090031,1.348424208566373,26.0,0.0,0.007297187661884735,2134,533.1348391512662,0.4662605435801312,0.13966723606213208,1.2482849868606527,25.0,0.0,0.005586689442485283,2549,636.813826146475,0.495880737544135,0.19306515268854058,1.362949586864691,24.0,0.03491565319733229,0.008044381362022525
pullback,3.0,2.0,9931,"{""family"": ""pullback"", ""min_ddv"": 10000000.0, ""min_price"": 5.0, ""regime"": ""none"", ""trend"": true, ""mom_min"": -1.0, ""rsi2_max"": 100.0, ""rsi14_max"": 100.0, ""ret21_max"": -0.05, ""dist_ema20_max"": 1.0, ""dist_ema50_min"": -1.0, ""dist_hh60_min"": -1.0, ""atr_ratio_max"": 10.0, ""vol_ratio_min"": 0.0, ""up_close"": true, ""strong_close"": true}",2594,370.281579976535,0.4279105628373169,0.246045478009548,1.404953677742263,34.0,0.0,0.007236631706163177,2134,533.1348391512662,0.394095595126523,0.16186293940861635,1.2540252244856067,32.0,0.0,0.005058216856519261,2549,636.813826146475,0.4366418203216948,0.22918695290199761,1.3815811046511761,30.0,0.0506080816006277,0.007639565096733253
pullback,3.0,3.0,9931,"{""family"": ""pullback"", ""min_ddv"": 10000000.0, ""min_price"": 5.0, ""regime"": ""none"", ""trend"": true, ""mom_min"": -1.0, ""rsi2_max"": 100.0, ""rsi14_max"": 100.0, ""ret21_max"": -0.05, ""dist_ema20_max"": 1.0, ""dist_ema50_min"": -1.0, ""dist_hh60_min"": -1.0, ""atr_ratio_max"": 10.0, ""vol_ratio_min"": 0.0, ""up_close"": true, ""strong_close"": true}",2594,370.281579976535,0.34040092521202775,0.31799467588609237,1.451430647792881,48.0,0.001156515034695451,0.006624889080960258,2134,533.1348391512662,0.2900656044985942,0.11850260877590996,1.1582349714372904,44.0,0.005154639175257732,0.002693241108543408,2549,636.813826146475,0.38956453511180855,0.3892812743202002,1.596623961214917,38.0,0.08473911337779522,0.0102442440610579
pullback,1.0,0.5,8963,"{""family"": ""pullback"", ""min_ddv"": 10000000.0, ""min_price"": 5.0, ""regime"": ""none"", ""trend"": true, ""mom_min"": 0.0, ""rsi2_max"": 100.0, ""rsi14_max"": 100.0, ""ret21_max"": -0.05, ""dist_ema20_max"": 1.0, ""dist_ema50_min"": -1.0, ""dist_hh60_min"": -1.0, ""atr_ratio_max"": 10.0, ""vol_ratio_min"": 0.0, ""up_close"": true, ""strong_close"": true}",2665,380.41650371529136,0.6941838649155723,-0.03126373652347884,0.906931146937819,2.0,0.0,-0.01563186826173942,2845,710.763175906913,0.6449912126537786,-0.08480900485595386,0.7808171364529228,2.0,0.0,-0.04240450242797693,3363,840.1745379876796,0.6746952126077906,-0.03623070641213606,0.8972682829825136,2.0,0.0032708890871245913,-0.01811535320606803
pullback,1.0,0.75,8963,"{""family"": ""pullback"", ""min_ddv"": 10000000.0, ""min_price"": 5.0, ""regime"": ""none"", ""trend"": true, ""mom_min"": 0.0, ""rsi2_max"": 100.0, ""rsi14_max"": 100.0, ""ret21_max"": -0.05, ""dist_ema20_max"": 1.0, ""dist_ema50_min"": -1.0, ""dist_hh60_min"": -1.0, ""atr_ratio_max"": 10.0, ""vol_ratio_min"": 0.0, ""up_close"": true, ""strong_close"": true}",2665,380.41650371529136,0.6093808630393996,-0.005486339660647492,0.98724437863416,2.0,0.0,-0.002743169830323746,2845,710.763175906913,0.5630931458699473,-0.07066097363428595,0.8520297433149752,2.0,0.0,-0.03533048681714297,3363,840.1745379876796,0.5825156110615521,-0.028670587553593214,0.9367195313429227,2.0,0.0044603033006244425,-0.014335293776796607
pullback,1.0,1.0,8963,"{""family"": ""pullback"", ""min_ddv"": 10000000.0, ""min_price"": 5.0, ""regime"": ""none"", ""trend"": true, ""mom_min"": 0.0, ""rsi2_max"": 100.0, ""rsi14_max"": 100.0, ""ret21_max"": -0.05, ""dist_ema20_max"": 1.0, ""dist_ema50_min"": -1.0, ""dist_hh60_min"": -1.0, ""atr_ratio_max"": 10.0, ""vol_ratio_min"": 0.0, ""up_close"": true, ""strong_close"": true}",2665,380.41650371529136,0.5380863039399625,0.006168269771255988,1.0120993456926557,3.0,0.0,0.002056089923751996,2845,710.763175906913,0.4991212653778559,-0.05997434641139364,0.8910825219903276,3.0,0.0,-0.01999144880379788,3363,840.1745379876796,0.5165031222123104,-0.014924807085491085,0.9716284365927421,3.0,0.005649717514124294,-0.004974935695163695
pullback,1.0,1.5,8963,"{""family"": ""pullback"", ""min_ddv"": 10000000.0, ""min_price"": 5.0, ""regime"": ""none"", ""trend"": true, ""mom_min"": 0.0, ""rsi2_max"": 100.0, ""rsi14_max"": 100.0, ""ret21_max"": -0.05, ""dist_ema20_max"": 1.0, ""dist_ema50_min"": -1.0, ""dist_hh60_min"": -1.0, ""atr_ratio_max"": 10.0, ""vol_ratio_min"": 0.0, ""up_close"": true, ""strong_close"": true}",2665,380.41650371529136,0.4461538461538462,0.05235446490533739,1.0857141398623333,4.0,0.0,0.013088616226334348,2845,710.763175906913,0.39191564147627417,-0.08912647664024609,0.8665617463741369,4.0,0.0,-0.022281619160061522,3363,840.1745379876796,0.42045792447219743,-0.008553067254682101,0.9865307771257043,4.0,0.007731192387749034,-0.0021382668136705253
pullback,1.0,2.0,8963,"{""family"": ""pullback"", ""min_ddv"": 10000000.0, ""min_price"": 5.0, ""regime"": ""none"", ""trend"": true, ""mom_min"": 0.0, ""rsi2_max"": 100.0, ""rsi14_max"": 100.0, ""ret21_max"": -0.05, ""dist_ema20_max"": 1.0, ""dist_ema50_min"": -1.0, ""dist_hh60_min"": -1.0, ""atr_ratio_max"": 10.0, ""vol_ratio_min"": 0.0, ""up_close"": true, ""strong_close"": true}",2665,380.41650371529136,0.38461538461538464,0.08937049310822676,1.131803239040597,5.0,0.0,0.01787409862164535,2845,710.763175906913,0.3251318101933216,-0.09976121692899836,0.8655686671993575,5.0,0.0,-0.01995224338579967,3363,840.1745379876796,0.35563484983645555,0.001189942095197074,1.0016867496044657,5.0,0.010110020814748736,0.0002379884190394148
pullback,1.0,3.0,8963,"{""family"": ""pullback"", ""min_ddv"": 10000000.0, ""min_price"": 5.0, ""regime"": ""none"", ""trend"": true, ""mom_min"": 0.0, ""rsi2_max"": 100.0, ""rsi14_max"": 100.0, ""ret21_max"": -0.05, ""dist_ema20_max"": 1.0, ""dist_ema50_min"": -1.0, ""dist_hh60_min"": -1.0, ""atr_ratio_max"": 10.0, ""vol_ratio_min"": 0.0, ""up_close"": true, ""strong_close"": true}",2665,380.41650371529136,0.30168855534709194,0.14085520535305174,1.1819597759677585,6.0,0.0,0.023475867558841956,2845,710.763175906913,0.24499121265377855,-0.10586971193998498,0.8736970409792967,6.0,0.0,-0.017644951989997496,3363,840.1745379876796,0.2735652691049658,0.00885191954612285,1.0110290291103157,6.0,0.012191495688373476,0.0014753199243538082
pullback,1.5,0.5,8963,"{""family"": ""pullback"", ""min_ddv"": 10000000.0, ""min_price"": 5.0, ""regime"": ""none"", ""trend"": true, ""mom_min"": 0.0, ""rsi2_max"": 100.0, ""rsi14_max"": 100.0, ""ret21_max"": -0.05, ""dist_ema20_max"": 1.0, ""dist_ema50_min"": -1.0, ""dist_hh60_min"": -1.0, ""atr_ratio_max"": 10.0, ""vol_ratio_min"": 0.0, ""up_close"": true, ""strong_close"": true}",2627,374.9921783339851,0.7065093262276361,0.01701866239579254,1.0539303450036872,3.0,0.0,0.00567288746526418,2636,658.54893908282,0.6638846737481032,-0.042351834780819504,0.8828260120120988,3.0,0.0,-0.014117278260273168,3200,799.4524298425736,0.6871875,0.0038404052972185183,1.0115947739123212,3.0,0.0046875,0.0012801350990728395
pullback,1.5,0.75,8963,"{""family"": ""pullback"", ""min_ddv"": 10000000.0, ""min_price"": 5.0, ""regime"": ""none"", ""trend"": true, ""mom_min"": 0.0, ""rsi2_max"": 100.0, ""rsi14_max"": 100.0, ""ret21_max"": -0.05, ""dist_ema20_max"": 1.0, ""dist_ema50_min"": -1.0, ""dist_hh60_min"": -1.0, ""atr_ratio_max"": 10.0, ""vol_ratio_min"": 0.0, ""up_close"": true, ""strong_close"": true}",2627,374.9921783339851,0.6147696992767415,0.03906025522184783,1.09428699878261,4.0,0.0,0.009765063805461957,2636,658.54893908282,0.5682852807283764,-0.04680636358053104,0.8992823683987973,4.0,0.0,-0.01170159089513276,3200,799.4524298425736,0.601875,0.026990225543481468,1.063844081298602,4.0,0.0078125,0.006747556385870367
pullback,1.5,1.0,8963,"{""family"": ""pullback"", ""min_ddv"": 10000000.0, ""min_price"": 5.0, ""regime"": ""none"", ""trend"": true, ""mom_min"": 0.0, ""rsi2_max"": 100.0, ""rsi14_max"": 100.0, ""ret21_max"": -0.05, ""dist_ema20_max"": 1.0, ""dist_ema50_min"": -1.0, ""dist_hh60_min"": -1.0, ""atr_ratio_max"": 10.0, ""vol_ratio_min"": 0.0, ""up_close"": true, ""strong_close"": true}",2627,374.9921783339851,0.5504377617053673,0.06699130814931575,1.1388492508525352,5.0,0.0,0.013398261629863151,2636,658.54893908282,0.5034142640364189,-0.03953778187769045,0.9258701568886084,5.0,0.0,-0.00790755637553809,3200,799.4524298425736,0.5290625,0.02542119957413684,1.050678781921968,5.0,0.0096875,0.005084239914827368
pullback,1.5,1.5,8963,"{""family"": ""pullback"", ""min_ddv"": 10000000.0, ""min_price"": 5.0, ""regime"": ""none"", ""trend"": true, ""mom_min"": 0.0, ""rsi2_max"": 100.0, ""rsi14_max"": 100.0, ""ret21_max"": -0.05, ""dist_ema20_max"": 1.0, ""dist_ema50_min"": -1.0, ""dist_hh60_min"": -1.0, ""atr_ratio_max"": 10.0, ""vol_ratio_min"": 0.0, ""up_close"": true, ""strong_close"": true}",2627,374.9921783339851,0.4617434335744195,0.11731859097154403,1.2031676758600893,7.0,0.0,0.016759798710220576,2636,658.54893908282,0.40326251896813353,-0.043500050510328056,0.9322119626879534,7.0,0.0,-0.006214292930046865,3200,799.4524298425736,0.436875,0.05161014328754789,1.0857646851834764,7.0,0.01375,0.007372877612506842
pullback,1.5,2.0,8963,"{""family"": ""pullback"", ""min_ddv"": 10000000.0, ""min_price"": 5.0, ""regime"": ""none"", ""trend"": true, ""mom_min"": 0.0, ""rsi2_max"": 100.0, ""rsi14_max"": 100.0, ""ret21_max"": -0.05, ""dist_ema20_max"": 1.0, ""dist_ema50_min"": -1.0, ""dist_hh60_min"": -1.0, ""atr_ratio_max"": 10.0, ""vol_ratio_min"": 0.0, ""up_close"": true, ""strong_close"": true}",2627,374.9921783339851,0.40197944423296533,0.1677205995020821,1.26018220228906,9.0,0.0,0.01863562216689801,2636,658.54893908282,0.34635811836115327,-0.019541623261962,0.9723496510687699,9.0,0.0,-0.0021712914735513337,3200,799.4524298425736,0.37125,0.06380196342634882,1.0948186198454113,9.0,0.016875,0.007089107047372091
pullback,1.5,3.0,8963,"{""family"": ""pullback"", ""min_ddv"": 10000000.0, ""min_price"": 5.0, ""regime"": ""none"", ""trend"": true, ""mom_min"": 0.0, ""rsi2_max"": 100.0, ""rsi14_max"": 100.0, ""ret21_max"": -0.05, ""dist_ema20_max"": 1.0, ""dist_ema50_min"": -1.0, ""dist_hh60_min"": -1.0, ""atr_ratio_max"": 10.0, ""vol_ratio_min"": 0.0, ""up_close"": true, ""strong_close"": true}",2627,374.9921783339851,0.3041492196421774,0.16455037966319186,1.2176583802803087,13.0,0.0,0.01265772151255322,2636,658.54893908282,0.2716236722306525,0.028102507176475913,1.0355744775835216,12.0,0.0,0.0023418755980396592,3200,799.4524298425736,0.29375,0.10344416649403222,1.1365703762454553,12.0,0.0234375,0.008620347207836018
pullback,2.0,0.5,8963,"{""family"": ""pullback"", ""min_ddv"": 10000000.0, ""min_price"": 5.0, ""regime"": ""none"", ""trend"": true, ""mom_min"": 0.0, ""rsi2_max"": 100.0, ""rsi14_max"": 100.0, ""ret21_max"": -0.05, ""dist_ema20_max"": 1.0, ""dist_ema50_min"": -1.0, ""dist_hh60_min"": -1.0, ""atr_ratio_max"": 10.0, ""vol_ratio_min"": 0.0, ""up_close"": true, ""strong_close"": true}",2566,366.2847086429409,0.715900233826968,0.04694236533006759,1.1554007329180376,4.0,0.0,0.011735591332516898,2433,607.8336755646817,0.6802301685162351,-0.007723873784366113,0.9772268615937545,4.0,0.0,-0.0019309684460915282,2976,743.4907597535935,0.7086693548387096,0.04917700860004521,1.16148280156809,5.0,0.009072580645161291,0.009835401720009043
pullback,2.0,0.75,8963,"{""family"": ""pullback"", ""min_ddv"": 10000000.0, ""min_price"": 5.0, ""regime"": ""none"", ""trend"": true, ""mom_min"": 0.0, ""rsi2_max"": 100.0, ""rsi14_max"": 100.0, ""ret21_max"": -0.05, ""dist_ema20_max"": 1.0, ""dist_ema50_min"": -1.0, ""dist_hh60_min"": -1.0, ""atr_ratio_max"": 10.0, ""vol_ratio_min"": 0.0, ""up_close"": true, ""strong_close"": true}",2566,366.2847086429409,0.6344505066250974,0.08803385845102171,1.2273512467787182,6.0,0.0,0.014672309741836953,2433,607.8336755646817,0.5848746403616933,-0.009622598322477645,0.9781552586291594,7.0,0.0,-0.0013746569032110922,2976,743.4907597535935,0.6182795698924731,0.06298092746717973,1.1574805509162567,7.0,0.01310483870967742,0.008997275352454247
pullback,2.0,1.0,8963,"{""family"": ""pullback"", ""min_ddv"": 10000000.0, ""min_price"": 5.0, ""regime"": ""none"", ""trend"": true, ""mom_min"": 0.0, ""rsi2_max"": 100.0, ""rsi14_max"": 100.0, ""ret21_max"": -0.05, ""dist_ema20_max"": 1.0, ""dist_ema50_min"": -1.0, ""dist_hh60_min"": -1.0, ""atr_ratio_max"": 10.0, ""vol_ratio_min"": 0.0, ""up_close"": true, ""strong_close"": true}",2566,366.2847086429409,0.5779423226812159,0.13117740749032483,1.2927386470623847,8.0,0.0,0.016397175936290604,2433,607.8336755646817,0.5215782983970407,0.008003198331151266,1.0157787033066206,9.0,0.0,0.0008892442590168073,2976,743.4907597535935,0.5500672043010753,0.07796723684448992,1.1645013518052858,9.0,0.016801075268817203,0.008663026316054435
pullback,2.0,1.5,8963,"{""family"": ""pullback"", ""min_ddv"": 10000000.0, ""min_price"": 5.0, ""regime"": ""none"", ""trend"": true, ""mom_min"": 0.0, ""rsi2_max"": 100.0, ""rsi14_max"": 100.0, ""ret21_max"": -0.05, ""dist_ema20_max"": 1.0, ""dist_ema50_min"": -1.0, ""dist_hh60_min"": -1.0, ""atr_ratio_max"": 10.0, ""vol_ratio_min"": 0.0, ""up_close"": true, ""strong_close"": true}",2566,366.2847086429409,0.4844115354637568,0.1845102356211904,1.3355666072375458,12.0,0.0,0.015375852968432533,2433,607.8336755646817,0.4299219071105631,0.034976713518921274,1.0576783806032162,13.0,0.0,0.0026905164245324058,2976,743.4907597535935,0.4573252688172043,0.11396883190244458,1.1993955413516102,12.0,0.023521505376344086,0.009497402658537048
pullback,2.0,2.0,8963,"{""family"": ""pullback"", ""min_ddv"": 10000000.0, ""min_price"": 5.0, ""regime"": ""none"", ""trend"": true, ""mom_min"": 0.0, ""rsi2_max"": 100.0, ""rsi14_max"": 100.0, ""ret21_max"": -0.05, ""dist_ema20_max"": 1.0, ""dist_ema50_min"": -1.0, ""dist_hh60_min"": -1.0, ""atr_ratio_max"": 10.0, ""vol_ratio_min"": 0.0, ""up_close"": true, ""strong_close"": true}",2566,366.2847086429409,0.40374123148869834,0.177894086227027,1.2790185921148205,17.0,0.0,0.01046435801335453,2433,607.8336755646817,0.36744759556103573,0.05801658249335913,1.0858803452837498,16.0,0.0,0.0036260364058349455,2976,743.4907597535935,0.39213709677419356,0.12973397324829064,1.201666104418836,15.0,0.02956989247311828,0.008648931549886043
pullback,2.0,3.0,8963,"{""family"": ""pullback"", ""min_ddv"": 10000000.0, ""min_price"": 5.0, ""regime"": ""none"", ""trend"": true, ""mom_min"": 0.0, ""rsi2_max"": 100.0, ""rsi14_max"": 100.0, ""ret21_max"": -0.05, ""dist_ema20_max"": 1.0, ""dist_ema50_min"": -1.0, ""dist_hh60_min"": -1.0, ""atr_ratio_max"": 10.0, ""vol_ratio_min"": 0.0, ""up_close"": true, ""strong_close"": true}",2566,366.2847086429409,0.32268121590023385,0.24130790523866102,1.3322739982284666,23.0,0.0,0.010491648053854828,2433,607.8336755646817,0.2786683107274969,0.07597922608545789,1.098632403089632,19.0,0.0,0.003998906636076731,2976,743.4907597535935,0.3215725806451613,0.19517741364080085,1.2691000590014272,20.0,0.04603494623655914,0.009758870682040042
pullback,3.0,0.5,8963,"{""family"": ""pullback"", ""min_ddv"": 10000000.0, ""min_price"": 5.0, ""regime"": ""none"", ""trend"": true, ""mom_min"": 0.0, ""rsi2_max"": 100.0, ""rsi14_max"": 100.0, ""ret21_max"": -0.05, ""dist_ema20_max"": 1.0, ""dist_ema50_min"": -1.0, ""dist_hh60_min"": -1.0, ""atr_ratio_max"": 10.0, ""vol_ratio_min"": 0.0, ""up_close"": true, ""strong_close"": true}",2351,335.59444661712945,0.7456401531263293,0.10383723171705073,1.3867082755103064,8.0,0.0,0.01297965396463134,1877,468.92881587953457,0.7075119872136388,0.0337301140919932,1.107998340312133,8.0,0.0,0.00421626426149915,2295,573.3572895277207,0.7298474945533769,0.08157599426280956,1.287271405026615,8.0,0.005664488017429194,0.010196999282851196
pullback,3.0,0.75,8963,"{""family"": ""pullback"", ""min_ddv"": 10000000.0, ""min_price"": 5.0, ""regime"": ""none"", ""trend"": true, ""mom_min"": 0.0, ""rsi2_max"": 100.0, ""rsi14_max"": 100.0, ""ret21_max"": -0.05, ""dist_ema20_max"": 1.0, ""dist_ema50_min"": -1.0, ""dist_hh60_min"": -1.0, ""atr_ratio_max"": 10.0, ""vol_ratio_min"": 0.0, ""up_close"": true, ""strong_close"": true}",2351,335.59444661712945,0.6652488302849852,0.14727325351501247,1.4176847201237894,12.0,0.0,0.01227277112625104,1877,468.92881587953457,0.6233351092168353,0.06328720747361771,1.1581295745212192,13.0,0.0,0.004868246728739824,2295,573.3572895277207,0.6492374727668845,0.12529297137595333,1.3399677682761992,13.0,0.013507625272331155,0.009637920875073333
pullback,3.0,1.0,8963,"{""family"": ""pullback"", ""min_ddv"": 10000000.0, ""min_price"": 5.0, ""regime"": ""none"", ""trend"": true, ""mom_min"": 0.0, ""rsi2_max"": 100.0, ""rsi14_max"": 100.0, ""ret21_max"": -0.05, ""dist_ema20_max"": 1.0, ""dist_ema50_min"": -1.0, ""dist_hh60_min"": -1.0, ""atr_ratio_max"": 10.0, ""vol_ratio_min"": 0.0, ""up_close"": true, ""strong_close"": true}",2351,335.59444661712945,0.6031475967673331,0.18746203500932768,1.4464789283825654,17.0,0.0,0.01102717852996045,1877,468.92881587953457,0.5689930740543421,0.10908658699493391,1.2388897464165214,17.0,0.0,0.006416858058525524,2295,573.3572895277207,0.5877995642701525,0.1574160239846818,1.3628531274050217,17.0,0.0196078431372549,0.009259766116745989
pullback,3.0,1.5,8963,"{""family"": ""pullback"", ""min_ddv"": 10000000.0, ""min_price"": 5.0, ""regime"": ""none"", ""trend"": true, ""mom_min"": 0.0, ""rsi2_max"": 100.0, ""rsi14_max"": 100.0, ""ret21_max"": -0.05, ""dist_ema20_max"": 1.0, ""dist_ema50_min"": -1.0, ""dist_hh60_min"": -1.0, ""atr_ratio_max"": 10.0, ""vol_ratio_min"": 0.0, ""up_close"": true, ""strong_close"": true}",2351,335.59444661712945,0.49766056997022545,0.21932172861555124,1.412471492176299,27.0,0.0,0.008123026985761157,1877,468.92881587953457,0.4619072988811934,0.12716934748410644,1.2237012937401561,25.0,0.0,0.005086773899364258,2295,573.3572895277207,0.5006535947712418,0.20701979007343002,1.3935423833304466,24.0,0.034858387799564274,0.008625824586392918
pullback,3.0,2.0,8963,"{""family"": ""pullback"", ""min_ddv"": 10000000.0, ""min_price"": 5.0, ""regime"": ""none"", ""trend"": true, ""mom_min"": 0.0, ""rsi2_max"": 100.0, ""rsi14_max"": 100.0, ""ret21_max"": -0.05, ""dist_ema20_max"": 1.0, ""dist_ema50_min"": -1.0, ""dist_hh60_min"": -1.0, ""atr_ratio_max"": 10.0, ""vol_ratio_min"": 0.0, ""up_close"": true, ""strong_close"": true}",2351,335.59444661712945,0.43853679285410463,0.2771913217749983,1.465086685561865,35.0,0.0,0.007919752050714237,1877,468.92881587953457,0.3905167820990943,0.15109921912137478,1.235182956473189,32.0,0.0,0.004721850597542962,2295,573.3572895277207,0.4413943355119826,0.2462209031446527,1.4153792119040338,31.0,0.050980392156862744,0.007942609778859765
pullback,3.0,3.0,8963,"{""family"": ""pullback"", ""min_ddv"": 10000000.0, ""min_price"": 5.0, ""regime"": ""none"", ""trend"": true, ""mom_min"": 0.0, ""rsi2_max"": 100.0, ""rsi14_max"": 100.0, ""ret21_max"": -0.05, ""dist_ema20_max"": 1.0, ""dist_ema50_min"": -1.0, ""dist_hh60_min"": -1.0, ""atr_ratio_max"": 10.0, ""vol_ratio_min"": 0.0, ""up_close"": true, ""strong_close"": true}",2351,335.59444661712945,0.3487877498936623,0.3521206970677373,1.506434014287649,50.0,0.0012760527435133986,0.007042413941354746,1877,468.92881587953457,0.29355354288758656,0.13294862620364453,1.1780368039513631,43.0,0.004262120404901438,0.0030918285163638263,2295,573.3572895277207,0.396078431372549,0.41936485499657367,1.6529188281767866,39.0,0.08496732026143791,0.010752944999912145
pullback,1.0,0.5,5519,"{""family"": ""pullback"", ""min_ddv"": 10000000.0, ""min_price"": 5.0, ""regime"": ""none"", ""trend"": true, ""mom_min"": 0.15, ""rsi2_max"": 100.0, ""rsi14_max"": 100.0, ""ret21_max"": -0.05, ""dist_ema20_max"": 1.0, ""dist_ema50_min"": -1.0, ""dist_hh60_min"": -1.0, ""atr_ratio_max"": 10.0, ""vol_ratio_min"": 0.0, ""up_close"": true, ""strong_close"": true}",1335,190.5651153695737,0.6801498127340824,-0.04151645353553022,0.8806763148787262,2.0,0.0,-0.02075822676776511,1774,443.1964407939767,0.6307779030439684,-0.09536161932533,0.7608707385373821,2.0,0.0,-0.047680809662665,2321,579.8528405201916,0.6704006893580353,-0.03320250101996433,0.9063184624433583,2.0,0.003877638948728996,-0.016601250509982166
pullback,1.0,0.75,5519,"{""family"": ""pullback"", ""min_ddv"": 10000000.0, ""min_price"": 5.0, ""regime"": ""none"", ""trend"": true, ""mom_min"": 0.15, ""rsi2_max"": 100.0, ""rsi14_max"": 100.0, ""ret21_max"": -0.05, ""dist_ema20_max"": 1.0, ""dist_ema50_min"": -1.0, ""dist_hh60_min"": -1.0, ""atr_ratio_max"": 10.0, ""vol_ratio_min"": 0.0, ""up_close"": true, ""strong_close"": true}",1335,190.5651153695737,0.5940074906367041,-0.025228196092103364,0.9431006059355082,2.0,0.0,-0.012614098046051682,1774,443.1964407939767,0.5490417136414881,-0.08438557772822908,0.827170677006474,2.0,0.0,-0.04219278886411454,2321,579.8528405201916,0.5794915984489444,-0.02511532592651724,0.9445211257445315,2.0,0.004308487720809996,-0.01255766296325862
pullback,1.0,1.0,5519,"{""family"": ""pullback"", ""min_ddv"": 10000000.0, ""min_price"": 5.0, ""regime"": ""none"", ""trend"": true, ""mom_min"": 0.15, ""rsi2_max"": 100.0, ""rsi14_max"": 100.0, ""ret21_max"": -0.05, ""dist_ema20_max"": 1.0, ""dist_ema50_min"": -1.0, ""dist_hh60_min"": -1.0, ""atr_ratio_max"": 10.0, ""vol_ratio_min"": 0.0, ""up_close"": true, ""strong_close"": true}",1335,190.5651153695737,0.5205992509363296,-0.014459307643166136,0.972384458601429,3.0,0.0,-0.004819769214388712,1774,443.1964407939767,0.48534385569334837,-0.0776348925019327,0.8617389191194911,3.0,0.0,-0.025878297500644232,2321,579.8528405201916,0.5109866436880655,-0.014585923067307155,0.9723427238464087,3.0,0.006031882809133994,-0.004861974355769052
pullback,1.0,1.5,5519,"{""family"": ""pullback"", ""min_ddv"": 10000000.0, ""min_price"": 5.0, ""regime"": ""none"", ""trend"": true, ""mom_min"": 0.15, ""rsi2_max"": 100.0, ""rsi14_max"": 100.0, ""ret21_max"": -0.05, ""dist_ema20_max"": 1.0, ""dist_ema50_min"": -1.0, ""dist_hh60_min"": -1.0, ""atr_ratio_max"": 10.0, ""vol_ratio_min"": 0.0, ""up_close"": true, ""strong_close"": true}",1335,190.5651153695737,0.42621722846441945,0.018366428359519373,1.0293262509670296,4.0,0.0,0.004591607089879843,1774,443.1964407939767,0.3804960541149944,-0.10929655860763458,0.8381328224459841,4.0,0.0,-0.027324139651908646,2321,579.8528405201916,0.40844463593278757,-0.029962768014820226,0.9533744000787363,4.0,0.008616975441619991,-0.007490692003705056
pullback,1.0,2.0,5519,"{""family"": ""pullback"", ""min_ddv"": 10000000.0, ""min_price"": 5.0, ""regime"": ""none"", ""trend"": true, ""mom_min"": 0.15, ""rsi2_max"": 100.0, ""rsi14_max"": 100.0, ""ret21_max"": -0.05, ""dist_ema20_max"": 1.0, ""dist_ema50_min"": -1.0, ""dist_hh60_min"": -1.0, ""atr_ratio_max"": 10.0, ""vol_ratio_min"": 0.0, ""up_close"": true, ""strong_close"": true}",1335,190.5651153695737,0.36254681647940074,0.03936448773776847,1.056602684225892,5.0,0.0,0.007872897547553694,1774,443.1964407939767,0.310597519729425,-0.1347477058737035,0.8209430263963031,5.0,0.0,-0.026949541174740698,2321,579.8528405201916,0.34726411029728566,-0.01717992151615389,0.9757724729159126,5.0,0.01034037052994399,-0.003435984303230778
pullback,1.0,3.0,5519,"{""family"": ""pullback"", ""min_ddv"": 10000000.0, ""min_price"": 5.0, ""regime"": ""none"", ""trend"": true, ""mom_min"": 0.15, ""rsi2_max"": 100.0, ""rsi14_max"": 100.0, ""ret21_max"": -0.05, ""dist_ema20_max"": 1.0, ""dist_ema50_min"": -1.0, ""dist_hh60_min"": -1.0, ""atr_ratio_max"": 10.0, ""vol_ratio_min"": 0.0, ""up_close"": true, ""strong_close"": true}",1335,190.5651153695737,0.27490636704119853,0.04699427896690853,1.0588293914417797,6.0,0.0,0.007832379827818089,1774,443.1964407939767,0.23111612175873733,-0.15830411947744516,0.8141771483819472,6.0,0.0,-0.026384019912907525,2321,579.8528405201916,0.2675570874623007,-0.007490574503722331,0.9907070726722054,6.0,0.012925463162429988,-0.001248429083953722
pullback,1.5,0.5,5519,"{""family"": ""pullback"", ""min_ddv"": 10000000.0, ""min_price"": 5.0, ""regime"": ""none"", ""trend"": true, ""mom_min"": 0.15, ""rsi2_max"": 100.0, ""rsi14_max"": 100.0, ""ret21_max"": -0.05, ""dist_ema20_max"": 1.0, ""dist_ema50_min"": -1.0, ""dist_hh60_min"": -1.0, ""atr_ratio_max"": 10.0, ""vol_ratio_min"": 0.0, ""up_close"": true, ""strong_close"": true}",1298,185.2835353930387,0.7010785824345146,0.015411490292407962,1.047875723302453,3.0,0.0,0.005137163430802654,1575,393.48049281314167,0.6476190476190476,-0.059094421410505846,0.8430039861876715,3.0,0.0,-0.019698140470168615,2165,540.8795345653662,0.6863741339491917,0.006779527877130812,1.0204896138703552,3.0,0.004618937644341801,0.0022598426257102707
pullback,1.5,0.75,5519,"{""family"": ""pullback"", ""min_ddv"": 10000000.0, ""min_price"": 5.0, ""regime"": ""none"", ""trend"": true, ""mom_min"": 0.15, ""rsi2_max"": 100.0, ""rsi14_max"": 100.0, ""ret21_max"": -0.05, ""dist_ema20_max"": 1.0, ""dist_ema50_min"": -1.0, ""dist_hh60_min"": -1.0, ""atr_ratio_max"": 10.0, ""vol_ratio_min"": 0.0, ""up_close"": true, ""strong_close"": true}",1298,185.2835353930387,0.6016949152542372,0.031990361162127307,1.074670562789678,4.0,0.0,0.007997590290531827,1575,393.48049281314167,0.5504761904761905,-0.07271630580875622,0.8493429999099461,4.0,0.0,-0.018179076452189056,2165,540.8795345653662,0.5976905311778291,0.02666282653484669,1.0629015337781595,4.0,0.009237875288683603,0.006665706633711672
pullback,1.5,1.0,5519,"{""family"": ""pullback"", ""min_ddv"": 10000000.0, ""min_price"": 5.0, ""regime"": ""none"", ""trend"": true, ""mom_min"": 0.15, ""rsi2_max"": 100.0, ""rsi14_max"": 100.0, ""ret21_max"": -0.05, ""dist_ema20_max"": 1.0, ""dist_ema50_min"": -1.0, ""dist_hh60_min"": -1.0, ""atr_ratio_max"": 10.0, ""vol_ratio_min"": 0.0, ""up_close"": true, ""strong_close"": true}",1298,185.2835353930387,0.5346687211093991,0.04685351514946046,1.093923776541814,5.0,0.0,0.009370703029892093,1575,393.48049281314167,0.48507936507936505,-0.07239286025475426,0.8687825556457498,6.0,0.0,-0.01206547670912571,2165,540.8795345653662,0.5200923787528868,0.012789362306220091,1.0251638900425486,5.0,0.011547344110854504,0.0025578724612440183
pullback,1.5,1.5,5519,"{""family"": ""pullback"", ""min_ddv"": 10000000.0, ""min_price"": 5.0, ""regime"": ""none"", ""trend"": true, ""mom_min"": 0.15, ""rsi2_max"": 100.0, ""rsi14_max"": 100.0, ""ret21_max"": -0.05, ""dist_ema20_max"": 1.0, ""dist_ema50_min"": -1.0, ""dist_hh60_min"": -1.0, ""atr_ratio_max"": 10.0, ""vol_ratio_min"": 0.0, ""up_close"": true, ""strong_close"": true}",1298,185.2835353930387,0.4530046224961479,0.10772395045032362,1.1835155061769131,8.0,0.0,0.013465493806290453,1575,393.48049281314167,0.3873015873015873,-0.0808863418373314,0.8769297691194378,8.0,0.0,-0.010110792729666425,2165,540.8795345653662,0.4295612009237875,0.03722636656001959,1.0613552759831248,7.0,0.015242494226327945,0.005318052365717084
pullback,1.5,2.0,5519,"{""family"": ""pullback"", ""min_ddv"": 10000000.0, ""min_price"": 5.0, ""regime"": ""none"", ""trend"": true, ""mom_min"": 0.15, ""rsi2_max"": 100.0, ""rsi14_max"": 100.0, ""ret21_max"": -0.05, ""dist_ema20_max"": 1.0, ""dist_ema50_min"": -1.0, ""dist_hh60_min"": -1.0, ""atr_ratio_max"": 10.0, ""vol_ratio_min"": 0.0, ""up_close"": true, ""strong_close"": true}",1298,185.2835353930387,0.3859784283513097,0.13100106175660736,1.197892356021346,9.0,0.0,0.014555673528511929,1575,393.48049281314167,0.32825396825396824,-0.07455031552814807,0.8974259412307454,9.0,0.0,-0.008283368392016453,2165,540.8795345653662,0.3653579676674365,0.0522718762191619,1.0772556179855437,9.0,0.018937644341801386,0.005807986246573544
pullback,1.5,3.0,5519,"{""family"": ""pullback"", ""min_ddv"": 10000000.0, ""min_price"": 5.0, ""regime"": ""none"", ""trend"": true, ""mom_min"": 0.15, ""rsi2_max"": 100.0, ""rsi14_max"": 100.0, ""ret21_max"": -0.05, ""dist_ema20_max"": 1.0, ""dist_ema50_min"": -1.0, ""dist_hh60_min"": -1.0, ""atr_ratio_max"": 10.0, ""vol_ratio_min"": 0.0, ""up_close"": true, ""strong_close"": true}",1298,185.2835353930387,0.27889060092449924,0.06536502195948986,1.0831438094093186,13.0,0.0,0.00502807861226845,1575,393.48049281314167,0.26476190476190475,0.0009322864838010774,1.0011686283091787,11.0,0.0,8.475331670918886e-05,2165,540.8795345653662,0.28729792147806005,0.0871571190324131,1.1147015032589593,12.0,0.025866050808314087,0.007263093252701092
pullback,2.0,0.5,5519,"{""family"": ""pullback"", ""min_ddv"": 10000000.0, ""min_price"": 5.0, ""regime"": ""none"", ""trend"": true, ""mom_min"": 0.15, ""rsi2_max"": 100.0, ""rsi14_max"": 100.0, ""ret21_max"": -0.05, ""dist_ema20_max"": 1.0, ""dist_ema50_min"": -1.0, ""dist_hh60_min"": -1.0, ""atr_ratio_max"": 10.0, ""vol_ratio_min"": 0.0, ""up_close"": true, ""strong_close"": true}",1244,177.57528353539303,0.7090032154340836,0.045506689836036236,1.1461671986607658,4.0,0.0,0.011376672459009059,1386,346.26283367556465,0.6623376623376623,-0.029676059965612112,0.9170178362489066,5.0,0.0,-0.005935211993122422,1964,490.6639288158795,0.7087576374745418,0.05674152005610987,1.1882416422099158,5.0,0.01120162932790224,0.011348304011221975
pullback,2.0,0.75,5519,"{""family"": ""pullback"", ""min_ddv"": 10000000.0, ""min_price"": 5.0, ""regime"": ""none"", ""trend"": true, ""mom_min"": 0.15, ""rsi2_max"": 100.0, ""rsi14_max"": 100.0, ""ret21_max"": -0.05, ""dist_ema20_max"": 1.0, ""dist_ema50_min"": -1.0, ""dist_hh60_min"": -1.0, ""atr_ratio_max"": 10.0, ""vol_ratio_min"": 0.0, ""up_close"": true, ""strong_close"": true}",1244,177.57528353539303,0.614951768488746,0.06061360385355413,1.147962516748752,7.0,0.0,0.008659086264793447,1386,346.26283367556465,0.5598845598845599,-0.051747820023823145,0.8888987895889455,7.0,0.0,-0.0073925457176890206,1964,490.6639288158795,0.6145621181262729,0.06234646682987922,1.1560075212732286,7.0,0.016293279022403257,0.008906638118554173
pullback,2.0,1.0,5519,"{""family"": ""pullback"", ""min_ddv"": 10000000.0, ""min_price"": 5.0, ""regime"": ""none"", ""trend"": true, ""mom_min"": 0.15, ""rsi2_max"": 100.0, ""rsi14_max"": 100.0, ""ret21_max"": -0.05, ""dist_ema20_max"": 1.0, ""dist_ema50_min"": -1.0, ""dist_hh60_min"": -1.0, ""atr_ratio_max"": 10.0, ""vol_ratio_min"": 0.0, ""up_close"": true, ""strong_close"": true}",1244,177.57528353539303,0.5635048231511254,0.10894420340343253,1.2334390500925045,8.0,0.0,0.013618025425429066,1386,346.26283367556465,0.4935064935064935,-0.04577337238133379,0.9145264532297843,9.0,0.0,-0.005085930264592644,1964,490.6639288158795,0.5473523421588594,0.08141585955397564,1.1727562180985756,9.0,0.01883910386965377,0.009046206617108404
pullback,2.0,1.5,5519,"{""family"": ""pullback"", ""min_ddv"": 10000000.0, ""min_price"": 5.0, ""regime"": ""none"", ""trend"": true, ""mom_min"": 0.15, ""rsi2_max"": 100.0, ""rsi14_max"": 100.0, ""ret21_max"": -0.05, ""dist_ema20_max"": 1.0, ""dist_ema50_min"": -1.0, ""dist_hh60_min"": -1.0, ""atr_ratio_max"": 10.0, ""vol_ratio_min"": 0.0, ""up_close"": true, ""strong_close"": true}",1244,177.57528353539303,0.4702572347266881,0.15332057595280071,1.2690639695971688,12.0,0.0,0.012776714662733392,1386,346.26283367556465,0.4054834054834055,-0.026942370881450975,0.9573490063228159,13.0,0.0,-0.002072490067803921,1964,490.6639288158795,0.45417515274949083,0.1171446611542375,1.2057394979297258,12.0,0.026476578411405296,0.009762055096186458
pullback,2.0,2.0,5519,"{""family"": ""pullback"", ""min_ddv"": 10000000.0, ""min_price"": 5.0, ""regime"": ""none"", ""trend"": true, ""mom_min"": 0.15, ""rsi2_max"": 100.0, ""rsi14_max"": 100.0, ""ret21_max"": -0.05, ""dist_ema20_max"": 1.0, ""dist_ema50_min"": -1.0, ""dist_hh60_min"": -1.0, ""atr_ratio_max"": 10.0, ""vol_ratio_min"": 0.0, ""up_close"": true, ""strong_close"": true}",1244,177.57528353539303,0.37861736334405144,0.10092046423771103,1.1505187758916564,16.0,0.0,0.0063075290148569396,1386,346.26283367556465,0.34704184704184704,-0.006207276497183773,0.9911152592592345,15.0,0.0,-0.00041381843314558487,1964,490.6639288158795,0.3864562118126273,0.12778283655356973,1.1994277631538077,15.0,0.03309572301425662,0.008518855770237982
pullback,2.0,3.0,5519,"{""family"": ""pullback"", ""min_ddv"": 10000000.0, ""min_price"": 5.0, ""regime"": ""none"", ""trend"": true, ""mom_min"": 0.15, ""rsi2_max"": 100.0, ""rsi14_max"": 100.0, ""ret21_max"": -0.05, ""dist_ema20_max"": 1.0, ""dist_ema50_min"": -1.0, ""dist_hh60_min"": -1.0, ""atr_ratio_max"": 10.0, ""vol_ratio_min"": 0.0, ""up_close"": true, ""strong_close"": true}",1244,177.57528353539303,0.2934083601286174,0.1241887782898236,1.1623044157389981,20.0,0.0,0.00620943891449118,1386,346.26283367556465,0.2683982683982684,0.030591868211082132,1.0390815068887647,18.0,0.0,0.0016995482339490072,1964,490.6639288158795,0.315173116089613,0.19126657838005318,1.2651944906984176,20.0,0.04633401221995927,0.009563328919002658
pullback,3.0,0.5,5519,"{""family"": ""pullback"", ""min_ddv"": 10000000.0, ""min_price"": 5.0, ""regime"": ""none"", ""trend"": true, ""mom_min"": 0.15, ""rsi2_max"": 100.0, ""rsi14_max"": 100.0, ""ret21_max"": -0.05, ""dist_ema20_max"": 1.0, ""dist_ema50_min"": -1.0, ""dist_hh60_min"": -1.0, ""atr_ratio_max"": 10.0, ""vol_ratio_min"": 0.0, ""up_close"": true, ""strong_close"": true}",1068,152.45209229565896,0.7406367041198502,0.09994714856851211,1.3617934242454486,8.0,0.0,0.012493393571064014,938,234.33949349760437,0.6833688699360341,-0.0059970385234216946,0.9823953661568448,9.0,0.0,-0.0006663376137135217,1381,345.01368925393564,0.7451122375090514,0.10573613214185129,1.3927934332103014,8.0,0.005068790731354091,0.013217016517731411
pullback,3.0,0.75,5519,"{""family"": ""pullback"", ""min_ddv"": 10000000.0, ""min_price"": 5.0, ""regime"": ""none"", ""trend"": true, ""mom_min"": 0.15, ""rsi2_max"": 100.0, ""rsi14_max"": 100.0, ""ret21_max"": -0.05, ""dist_ema20_max"": 1.0, ""dist_ema50_min"": -1.0, ""dist_hh60_min"": -1.0, ""atr_ratio_max"": 10.0, ""vol_ratio_min"": 0.0, ""up_close"": true, ""strong_close"": true}",1068,152.45209229565896,0.6526217228464419,0.12677355911193794,1.3438081810376683,13.0,0.0,0.009751812239379841,938,234.33949349760437,0.6002132196162047,0.01887893717128633,1.0441351418151632,14.0,0.0,0.0013484955122347378,1381,345.01368925393564,0.662563359884142,0.1527840208763395,1.4292118609203666,13.0,0.00941346850108617,0.011752616990487654
pullback,3.0,1.0,5519,"{""family"": ""pullback"", ""min_ddv"": 10000000.0, ""min_price"": 5.0, ""regime"": ""none"", ""trend"": true, ""mom_min"": 0.15, ""rsi2_max"": 100.0, ""rsi14_max"": 100.0, ""ret21_max"": -0.05, ""dist_ema20_max"": 1.0, ""dist_ema50_min"": -1.0, ""dist_hh60_min"": -1.0, ""atr_ratio_max"": 10.0, ""vol_ratio_min"": 0.0, ""up_close"": true, ""strong_close"": true}",1068,152.45209229565896,0.5842696629213483,0.14982159946640847,1.3370162669504815,17.0,0.0,0.00881303526272991,938,234.33949349760437,0.5479744136460555,0.0630750936589442,1.1309485541240947,17.0,0.0,0.003710299626996718,1381,345.01368925393564,0.6060825488776249,0.199201573683488,1.477556088714065,17.0,0.015930485155684286,0.011717739628440471
pullback,3.0,1.5,5519,"{""family"": ""pullback"", ""min_ddv"": 10000000.0, ""min_price"": 5.0, ""regime"": ""none"", ""trend"": true, ""mom_min"": 0.15, ""rsi2_max"": 100.0, ""rsi14_max"": 100.0, ""ret21_max"": -0.05, ""dist_ema20_max"": 1.0, ""dist_ema50_min"": -1.0, ""dist_hh60_min"": -1.0, ""atr_ratio_max"": 10.0, ""vol_ratio_min"": 0.0, ""up_close"": true, ""strong_close"": true}",1068,152.45209229565896,0.45880149812734083,0.12050349844391169,1.2088362812247146,25.0,0.0,0.004820139937756467,938,234.33949349760437,0.44989339019189767,0.09371951967144565,1.1603546476958184,24.0,0.0,0.0039049799863102356,1381,345.01368925393564,0.5141202027516293,0.24488396473677118,1.478855585117629,24.0,0.0333091962346126,0.0102034985306988
pullback,3.0,2.0,5519,"{""family"": ""pullback"", ""min_ddv"": 10000000.0, ""min_price"": 5.0, ""regime"": ""none"", ""trend"": true, ""mom_min"": 0.15, ""rsi2_max"": 100.0, ""rsi14_max"": 100.0, ""ret21_max"": -0.05, ""dist_ema20_max"": 1.0, ""dist_ema50_min"": -1.0, ""dist_hh60_min"": -1.0, ""atr_ratio_max"": 10.0, ""vol_ratio_min"": 0.0, ""up_close"": true, ""strong_close"": true}",1068,152.45209229565896,0.4054307116104869,0.17455611919327557,1.2740272003196251,31.0,0.0,0.0056308425546217926,938,234.33949349760437,0.38486140724946694,0.1265347243092275,1.1940671360347512,30.0,0.0,0.004217824143640916,1381,345.01368925393564,0.4503982621288921,0.2800084289893941,1.4820779168825369,31.0,0.044170890658942794,0.009032529967399809
pullback,3.0,3.0,5519,"{""family"": ""pullback"", ""min_ddv"": 10000000.0, ""min_price"": 5.0, ""regime"": ""none"", ""trend"": true, ""mom_min"": 0.15, ""rsi2_max"": 100.0, ""rsi14_max"": 100.0, ""ret21_max"": -0.05, ""dist_ema20_max"": 1.0, ""dist_ema50_min"": -1.0, ""dist_hh60_min"": -1.0, ""atr_ratio_max"": 10.0, ""vol_ratio_min"": 0.0, ""up_close"": true, ""strong_close"": true}",1068,152.45209229565896,0.3155430711610487,0.21296416442628419,1.2880177342173926,44.0,0.0018726591760299626,0.004840094646051913,938,234.33949349760437,0.3006396588486141,0.14932338565073022,1.2005318572721078,41.0,0.0042643923240938165,0.003642033796359274,1381,345.01368925393564,0.40333091962346124,0.470071329744567,1.7422685188524554,39.0,0.07023895727733527,0.012053111019091461
breakout,1.0,0.5,28905,"{""family"": ""breakout"", ""min_ddv"": 10000000.0, ""min_price"": 5.0, ""regime"": ""none"", ""trend"": true, ""mom_min"": -1.0, ""rsi2_max"": 100.0, ""rsi14_max"": 100.0, ""ret21_max"": 1.0, ""dist_ema20_max"": 1.0, ""dist_ema50_min"": -1.0, ""dist_hh60_min"": -1.0, ""atr_ratio_max"": 10.0, ""vol_ratio_min"": 0.0, ""up_close"": false, ""strong_close"": false}",11208,1599.8904966757918,0.6615810135617416,-0.12220057477115645,0.6864298157895439,2.0,0.0,-0.061100287385578225,8348,2085.5715263518136,0.6547676090081457,-0.105850638243598,0.727819658478891,2.0,0.0,-0.052925319121799,9348,2335.400410677618,0.64933675652546,-0.09939756810965585,0.7463084906696874,1.0,0.0011767222935387248,-0.09939756810965585
breakout,1.0,0.75,28905,"{""family"": ""breakout"", ""min_ddv"": 10000000.0, ""min_price"": 5.0, ""regime"": ""none"", ""trend"": true, ""mom_min"": -1.0, ""rsi2_max"": 100.0, ""rsi14_max"": 100.0, ""ret21_max"": 1.0, ""dist_ema20_max"": 1.0, ""dist_ema50_min"": -1.0, ""dist_hh60_min"": -1.0, ""atr_ratio_max"": 10.0, ""vol_ratio_min"": 0.0, ""up_close"": false, ""strong_close"": false}",11208,1599.8904966757918,0.5718236973590293,-0.1123458397104125,0.7730212979644433,2.0,0.0,-0.05617291985520625,8348,2085.5715263518136,0.5699568758984188,-0.0895549893278542,0.8155142500688345,2.0,0.0,-0.0447774946639271,9348,2335.400410677618,0.5639709028669234,-0.0881836241770098,0.8205271054891569,2.0,0.0014976465554129225,-0.0440918120885049
breakout,1.0,1.0,28905,"{""family"": ""breakout"", ""min_ddv"": 10000000.0, ""min_price"": 5.0, ""regime"": ""none"", ""trend"": true, ""mom_min"": -1.0, ""rsi2_max"": 100.0, ""rsi14_max"": 100.0, ""ret21_max"": 1.0, ""dist_ema20_max"": 1.0, ""dist_ema50_min"": -1.0, ""dist_hh60_min"": -1.0, ""atr_ratio_max"": 10.0, ""vol_ratio_min"": 0.0, ""up_close"": false, ""strong_close"": false}",11208,1599.8904966757918,0.5074946466809421,-0.09939664732198482,0.8261824696131147,3.0,0.0,-0.03313221577399494,8348,2085.5715263518136,0.501796837565884,-0.08426760726399489,0.8502958434202074,2.0,0.0,-0.042133803631997445,9348,2335.400410677618,0.4962558836114677,-0.08552678477494756,0.849534134230751,2.0,0.0017115960633290544,-0.04276339238747378
breakout,1.0,1.5,28905,"{""family"": ""breakout"", ""min_ddv"": 10000000.0, ""min_price"": 5.0, ""regime"": ""none"", ""trend"": true, ""mom_min"": -1.0, ""rsi2_max"": 100.0, ""rsi14_max"": 100.0, ""ret21_max"": 1.0, ""dist_ema20_max"": 1.0, ""dist_ema50_min"": -1.0, ""dist_hh60_min"": -1.0, ""atr_ratio_max"": 10.0, ""vol_ratio_min"": 0.0, ""up_close"": false, ""strong_close"": false}",11208,1599.8904966757918,0.4158636688079943,-0.078214071038095,0.8850006559066043,3.0,0.0,-0.026071357012698332,8348,2085.5715263518136,0.4089602299952084,-0.07389113842481888,0.8898777962825142,3.0,0.0,-0.024630379474939627,9348,2335.400410677618,0.40522036799315364,-0.07363860333702092,0.8911923352148373,3.0,0.0023534445870774497,-0.024546201112340307
breakout,1.0,2.0,28905,"{""family"": ""breakout"", ""min_ddv"": 10000000.0, ""min_price"": 5.0, ""regime"": ""none"", ""trend"": true, ""mom_min"": -1.0, ""rsi2_max"": 100.0, ""rsi14_max"": 100.0, ""ret21_max"": 1.0, ""dist_ema20_max"": 1.0, ""dist_ema50_min"": -1.0, ""dist_hh60_min"": -1.0, ""atr_ratio_max"": 10.0, ""vol_ratio_min"": 0.0, ""up_close"": false, ""strong_close"": false}",11208,1599.8904966757918,0.3564418272662384,-0.054725905327149715,0.927319606213608,4.0,0.0,-0.013681476331787429,8348,2085.5715263518136,0.3487062769525635,-0.05498808655057767,0.9257636911009071,4.0,0.0,-0.013747021637644418,9348,2335.400410677618,0.34649122807017546,-0.056992474320430586,0.9237359433481357,4.0,0.003316217372700043,-0.014248118580107647
breakout,1.0,3.0,28905,"{""family"": ""breakout"", ""min_ddv"": 10000000.0, ""min_price"": 5.0, ""regime"": ""none"", ""trend"": true, ""mom_min"": -1.0, ""rsi2_max"": 100.0, ""rsi14_max"": 100.0, ""ret21_max"": 1.0, ""dist_ema20_max"": 1.0, ""dist_ema50_min"": -1.0, ""dist_hh60_min"": -1.0, ""atr_ratio_max"": 10.0, ""vol_ratio_min"": 0.0, ""up_close"": false, ""strong_close"": false}",11208,1599.8904966757918,0.2723054960742327,-0.041703725205288325,0.9512155331969097,5.0,0.0,-0.008340745041057664,8348,2085.5715263518136,0.26796837565884046,-0.03799241889345822,0.9545689433541906,5.0,0.0,-0.007598483778691644,9348,2335.400410677618,0.2702182284980745,-0.02555722374162246,0.9695011338171715,4.0,0.005562687205819427,-0.006389305935405615
breakout,1.5,0.5,28905,"{""family"": ""breakout"", ""min_ddv"": 10000000.0, ""min_price"": 5.0, ""regime"": ""none"", ""trend"": true, ""mom_min"": -1.0, ""rsi2_max"": 100.0, ""rsi14_max"": 100.0, ""ret21_max"": 1.0, ""dist_ema20_max"": 1.0, ""dist_ema50_min"": -1.0, ""dist_hh60_min"": -1.0, ""atr_ratio_max"": 10.0, ""vol_ratio_min"": 0.0, ""up_close"": false, ""strong_close"": false}",11208,1599.8904966757918,0.6761241970021413,-0.057905673174899,0.8405498011622284,3.0,0.0,-0.01930189105829967,8335,2082.3237508555785,0.671625674865027,-0.045474894385487755,0.8731601584899477,3.0,0.0,-0.015158298128495918,9328,2330.403832991102,0.6648799313893653,-0.04889657015842702,0.8672337897238124,2.0,0.0017152658662092624,-0.02444828507921351
breakout,1.5,0.75,28905,"{""family"": ""breakout"", ""min_ddv"": 10000000.0, ""min_price"": 5.0, ""regime"": ""none"", ""trend"": true, ""mom_min"": -1.0, ""rsi2_max"": 100.0, ""rsi14_max"": 100.0, ""ret21_max"": 1.0, ""dist_ema20_max"": 1.0, ""dist_ema50_min"": -1.0, ""dist_hh60_min"": -1.0, ""atr_ratio_max"": 10.0, ""vol_ratio_min"": 0.0, ""up_close"": false, ""strong_close"": false}",11208,1599.8904966757918,0.5906495360456817,-0.04131358523999537,0.9105068489090187,4.0,0.0,-0.010328396309998843,8335,2082.3237508555785,0.5803239352129574,-0.03945913904598659,0.9140662436614726,4.0,0.0,-0.009864784761496647,9328,2330.403832991102,0.5757933104631218,-0.04074781499671783,0.9128028947075275,3.0,0.0023584905660377358,-0.013582604998905942
breakout,1.5,1.0,28905,"{""family"": ""breakout"", ""min_ddv"": 10000000.0, ""min_price"": 5.0, ""regime"": ""none"", ""trend"": true, ""mom_min"": -1.0, ""rsi2_max"": 100.0, ""rsi14_max"": 100.0, ""ret21_max"": 1.0, ""dist_ema20_max"": 1.0, ""dist_ema50_min"": -1.0, ""dist_hh60_min"": -1.0, ""atr_ratio_max"": 10.0, ""vol_ratio_min"": 0.0, ""up_close"": false, ""strong_close"": false}",11208,1599.8904966757918,0.525785153461813,-0.024617752181506275,0.95398301956738,5.0,0.0,-0.004923550436301255,8335,2082.3237508555785,0.5127774445110977,-0.03232605092514241,0.9394784644187647,5.0,0.0,-0.006465210185028482,9328,2330.403832991102,0.5092195540308748,-0.03237163611707203,0.9402908814221924,4.0,0.003108919382504288,-0.008092909029268007
breakout,1.5,1.5,28905,"{""family"": ""breakout"", ""min_ddv"": 10000000.0, ""min_price"": 5.0, ""regime"": ""none"", ""trend"": true, ""mom_min"": -1.0, ""rsi2_max"": 100.0, ""rsi14_max"": 100.0, ""ret21_max"": 1.0, ""dist_ema20_max"": 1.0, ""dist_ema50_min"": -1.0, ""dist_hh60_min"": -1.0, ""atr_ratio_max"": 10.0, ""vol_ratio_min"": 0.0, ""up_close"": false, ""strong_close"": false}",11208,1599.8904966757918,0.4318344039971449,-0.002861402188601298,0.9955543374347935,7.0,0.0,-0.00040877174122875686,8335,2082.3237508555785,0.41991601679664065,-0.011999636003338764,0.9811504430738704,6.0,0.0,-0.001999939333889794,9328,2330.403832991102,0.42131217838765006,-0.007828122292302276,0.9878172034469739,6.0,0.005574614065180103,-0.001304687048717046
breakout,1.5,2.0,28905,"{""family"": ""breakout"", ""min_ddv"": 10000000.0, ""min_price"": 5.0, ""regime"": ""none"", ""trend"": true, ""mom_min"": -1.0, ""rsi2_max"": 100.0, ""rsi14_max"": 100.0, ""ret21_max"": 1.0, ""dist_ema20_max"": 1.0, ""dist_ema50_min"": -1.0, ""dist_hh60_min"": -1.0, ""atr_ratio_max"": 10.0, ""vol_ratio_min"": 0.0, ""up_close"": false, ""strong_close"": false}",11208,1599.8904966757918,0.36438258386866523,0.0045199504583455655,1.00626344741038,8.0,0.0,0.0005649938072931957,8335,2082.3237508555785,0.3578884223155369,0.005565769241612219,1.007873313296954,8.0,0.0,0.0006957211552015274,9328,2330.403832991102,0.36352915951972553,0.019804725345414956,1.0279750667406813,7.0,0.009005145797598629,0.0028292464779164223
breakout,1.5,3.0,28905,"{""family"": ""breakout"", ""min_ddv"": 10000000.0, ""min_price"": 5.0, ""regime"": ""none"", ""trend"": true, ""mom_min"": -1.0, ""rsi2_max"": 100.0, ""rsi14_max"": 100.0, ""ret21_max"": 1.0, ""dist_ema20_max"": 1.0, ""dist_ema50_min"": -1.0, ""dist_hh60_min"": -1.0, ""atr_ratio_max"": 10.0, ""vol_ratio_min"": 0.0, ""up_close"": false, ""strong_close"": false}",11208,1599.8904966757918,0.2871163454675232,0.053173628506336786,1.0656536858515642,11.0,0.0,0.004833966227848798,8335,2082.3237508555785,0.27930413917216557,0.042540530908259544,1.0534901872676397,10.0,0.0,0.004254053090825954,9328,2330.403832991102,0.29138078902229847,0.06911879054961452,1.0874755387114334,9.0,0.01565180102915952,0.0076798656166238355
breakout,2.0,0.5,28905,"{""family"": ""breakout"", ""min_ddv"": 10000000.0, ""min_price"": 5.0, ""regime"": ""none"", ""trend"": true, ""mom_min"": -1.0, ""rsi2_max"": 100.0, ""rsi14_max"": 100.0, ""ret21_max"": 1.0, ""dist_ema20_max"": 1.0, ""dist_ema50_min"": -1.0, ""dist_hh60_min"": -1.0, ""atr_ratio_max"": 10.0, ""vol_ratio_min"": 0.0, ""up_close"": false, ""strong_close"": false}",11194,1597.892061008995,0.6822404859746293,-0.02671376423048758,0.9235760983854868,4.0,0.0,-0.006678441057621895,8215,2052.3442847364818,0.6725502130249543,-0.02933991420156198,0.9166079333075479,4.0,0.0,-0.007334978550390495,9149,2285.684462696783,0.6797464203738114,-0.011123096297970543,0.9678760456474383,4.0,0.0034976500163952343,-0.0027807740744926358
breakout,2.0,0.75,28905,"{""family"": ""breakout"", ""min_ddv"": 10000000.0, ""min_price"": 5.0, ""regime"": ""none"", ""trend"": true, ""mom_min"": -1.0, ""rsi2_max"": 100.0, ""rsi14_max"": 100.0, ""ret21_max"": 1.0, ""dist_ema20_max"": 1.0, ""dist_ema50_min"": -1.0, ""dist_hh60_min"": -1.0, ""atr_ratio_max"": 10.0, ""vol_ratio_min"": 0.0, ""up_close"": false, ""strong_close"": false}",11194,1597.892061008995,0.5986242629980346,-0.002961782144583271,0.9932912180738285,6.0,0.0,-0.0004936303574305452,8215,2052.3442847364818,0.5824710894704809,-0.02217329982921148,0.9507232562328707,6.0,0.0,-0.003695549971535247,9149,2285.684462696783,0.5874959011913871,-0.005965040490448706,0.9866779795547933,5.0,0.005902284402666958,-0.0011930080980897414
breakout,2.0,1.0,28905,"{""family"": ""breakout"", ""min_ddv"": 10000000.0, ""min_price"": 5.0, ""regime"": ""none"", ""trend"": true, ""mom_min"": -1.0, ""rsi2_max"": 100.0, ""rsi14_max"": 100.0, ""ret21_max"": 1.0, ""dist_ema20_max"": 1.0, ""dist_ema50_min"": -1.0, ""dist_hh60_min"": -1.0, ""atr_ratio_max"": 10.0, ""vol_ratio_min"": 0.0, ""up_close"": false, ""strong_close"": false}",11194,1597.892061008995,0.5362694300518135,0.01851069813564655,1.0361900660325776,8.0,0.0,0.0023138372669558186,8215,2052.3442847364818,0.516737674984784,-0.011616057953657806,0.9777258551368557,7.0,0.0,-0.0016594368505225437,9149,2285.684462696783,0.5228986774510875,0.006633690156548744,1.0127859599752065,7.0,0.008416220351951033,0.0009476700223641063
breakout,2.0,1.5,28905,"{""family"": ""breakout"", ""min_ddv"": 10000000.0, ""min_price"": 5.0, ""regime"": ""none"", ""trend"": true, ""mom_min"": -1.0, ""rsi2_max"": 100.0, ""rsi14_max"": 100.0, ""ret21_max"": 1.0, ""dist_ema20_max"": 1.0, ""dist_ema50_min"": -1.0, ""dist_hh60_min"": -1.0, ""atr_ratio_max"": 10.0, ""vol_ratio_min"": 0.0, ""up_close"": false, ""strong_close"": false}",11194,1597.892061008995,0.4361264963373236,0.030592336018741204,1.0491598958199386,11.0,0.0,0.0027811214562492004,8215,2052.3442847364818,0.42531953743152767,0.01335097894167455,1.0214823879545933,10.0,0.0,0.001335097894167455,9149,2285.684462696783,0.43982948956170076,0.05175592637216712,1.0849960348078074,10.0,0.015083615695704449,0.005175592637216711
breakout,2.0,2.0,28905,"{""family"": ""breakout"", ""min_ddv"": 10000000.0, ""min_price"": 5.0, ""regime"": ""none"", ""trend"": true, ""mom_min"": -1.0, ""rsi2_max"": 100.0, ""rsi14_max"": 100.0, ""ret21_max"": 1.0, ""dist_ema20_max"": 1.0, ""dist_ema50_min"": -1.0, ""dist_hh60_min"": -1.0, ""atr_ratio_max"": 10.0, ""vol_ratio_min"": 0.0, ""up_close"": false, ""strong_close"": false}",11194,1597.892061008995,0.3793103448275862,0.07552713870882669,1.1102224674023504,14.0,0.0,0.005394795622059049,8215,2052.3442847364818,0.3654290931223372,0.04079792673792574,1.0593165331220964,12.0,0.0,0.003399827228160478,9149,2285.684462696783,0.3809159470980435,0.07878804594714982,1.1167690247472297,12.0,0.021532407913433162,0.006565670495595818
breakout,2.0,3.0,28905,"{""family"": ""breakout"", ""min_ddv"": 10000000.0, ""min_price"": 5.0, ""regime"": ""none"", ""trend"": true, ""mom_min"": -1.0, ""rsi2_max"": 100.0, ""rsi14_max"": 100.0, ""ret21_max"": 1.0, ""dist_ema20_max"": 1.0, ""dist_ema50_min"": -1.0, ""dist_hh60_min"": -1.0, ""atr_ratio_max"": 10.0, ""vol_ratio_min"": 0.0, ""up_close"": false, ""strong_close"": false}",11194,1597.892061008995,0.30328747543326784,0.1407893387965297,1.1827445930227463,18.0,0.0,0.007821629933140539,8215,2052.3442847364818,0.2859403530127815,0.08447599437065847,1.1087559214737923,15.0,0.0003651856360316494,0.005631732958043898,9149,2285.684462696783,0.30746529675374357,0.13474371157471626,1.1786377461339401,15.0,0.029948628265384195,0.008982914104981084
breakout,3.0,0.5,28905,"{""family"": ""breakout"", ""min_ddv"": 10000000.0, ""min_price"": 5.0, ""regime"": ""none"", ""trend"": true, ""mom_min"": -1.0, ""rsi2_max"": 100.0, ""rsi14_max"": 100.0, ""ret21_max"": 1.0, ""dist_ema20_max"": 1.0, ""dist_ema50_min"": -1.0, ""dist_hh60_min"": -1.0, ""atr_ratio_max"": 10.0, ""vol_ratio_min"": 0.0, ""up_close"": false, ""strong_close"": false}",11011,1571.7696519358624,0.6965761511216056,0.014979166270210108,1.045979522694329,8.0,0.0,0.0018723957837762635,7661,1913.9390828199862,0.6826785015011095,-0.0028114899201415037,0.9916146847086628,8.0,0.0,-0.00035143624001768796,8357,2087.819986310746,0.6778748354672729,0.0010738325179962234,1.0031696400652643,7.0,0.010530094531530454,0.00015340464542803193
breakout,3.0,0.75,28905,"{""family"": ""breakout"", ""min_ddv"": 10000000.0, ""min_price"": 5.0, ""regime"": ""none"", ""trend"": true, ""mom_min"": -1.0, ""rsi2_max"": 100.0, ""rsi14_max"": 100.0, ""ret21_max"": 1.0, ""dist_ema20_max"": 1.0, ""dist_ema50_min"": -1.0, ""dist_hh60_min"": -1.0, ""atr_ratio_max"": 10.0, ""vol_ratio_min"": 0.0, ""up_close"": false, ""strong_close"": false}",11011,1571.7696519358624,0.612115157569703,0.038115183468632796,1.091215740617511,12.0,0.0,0.003176265289052733,7661,1913.9390828199862,0.596658399686725,0.015224554126735809,1.0356438143101918,11.0,0.0,0.0013840503751578008,8357,2087.819986310746,0.5953093215268637,0.022615813415653604,1.0530339474552248,11.0,0.01687208328347493,0.0020559830377866913
breakout,3.0,1.0,28905,"{""family"": ""breakout"", ""min_ddv"": 10000000.0, ""min_price"": 5.0, ""regime"": ""none"", ""trend"": true, ""mom_min"": -1.0, ""rsi2_max"": 100.0, ""rsi14_max"": 100.0, ""ret21_max"": 1.0, ""dist_ema20_max"": 1.0, ""dist_ema50_min"": -1.0, ""dist_hh60_min"": -1.0, ""atr_ratio_max"": 10.0, ""vol_ratio_min"": 0.0, ""up_close"": false, ""strong_close"": false}",11011,1571.7696519358624,0.5475433657251839,0.058747330778117605,1.1205275022367114,16.0,0.0,0.0036717081736323503,7661,1913.9390828199862,0.535178175172954,0.039459564221285964,1.0801216554286932,15.0,0.0,0.0026306376147523978,8357,2087.819986310746,0.5409836065573771,0.058462537707397164,1.1209526336375726,14.0,0.023812372861074547,0.004175895550528369
breakout,3.0,1.5,28905,"{""family"": ""breakout"", ""min_ddv"": 10000000.0, ""min_price"": 5.0, ""regime"": ""none"", ""trend"": true, ""mom_min"": -1.0, ""rsi2_max"": 100.0, ""rsi14_max"": 100.0, ""ret21_max"": 1.0, ""dist_ema20_max"": 1.0, ""dist_ema50_min"": -1.0, ""dist_hh60_min"": -1.0, ""atr_ratio_max"": 10.0, ""vol_ratio_min"": 0.0, ""up_close"": false, ""strong_close"": false}",11011,1571.7696519358624,0.4668059213513759,0.1263603050050557,1.2197646260418225,22.0,0.0,0.005743650227502533,7661,1913.9390828199862,0.4427620415089414,0.07025126861607492,1.1186115013781923,21.0,0.00013053126223730585,0.003345298505527377,8357,2087.819986310746,0.4569821706353955,0.0991777173748573,1.173113076921728,18.0,0.03601770970443939,0.005509873187492072
breakout,3.0,2.0,28905,"{""family"": ""breakout"", ""min_ddv"": 10000000.0, ""min_price"": 5.0, ""regime"": ""none"", ""trend"": true, ""mom_min"": -1.0, ""rsi2_max"": 100.0, ""rsi14_max"": 100.0, ""ret21_max"": 1.0, ""dist_ema20_max"": 1.0, ""dist_ema50_min"": -1.0, ""dist_hh60_min"": -1.0, ""atr_ratio_max"": 10.0, ""vol_ratio_min"": 0.0, ""up_close"": false, ""strong_close"": false}",11011,1571.7696519358624,0.41004450095359185,0.18353987116729598,1.2880197972002214,28.0,0.0,0.006554995398831999,7661,1913.9390828199862,0.38128181699517033,0.10315947641836234,1.1567816321535156,26.0,0.0006526563111865292,0.0039676721699370135,8357,2087.819986310746,0.40122053368433647,0.13895323467963086,1.2199968961471868,22.0,0.04499222208926648,0.006316056121801403
breakout,3.0,3.0,28905,"{""family"": ""breakout"", ""min_ddv"": 10000000.0, ""min_price"": 5.0, ""regime"": ""none"", ""trend"": true, ""mom_min"": -1.0, ""rsi2_max"": 100.0, ""rsi14_max"": 100.0, ""ret21_max"": 1.0, ""dist_ema20_max"": 1.0, ""dist_ema50_min"": -1.0, ""dist_hh60_min"": -1.0, ""atr_ratio_max"": 10.0, ""vol_ratio_min"": 0.0, ""up_close"": false, ""strong_close"": false}",11011,1571.7696519358624,0.343928798474253,0.3218337037242724,1.4531342869090837,37.0,0.0003632730905458178,0.00869820820876412,7661,1913.9390828199862,0.3006134969325153,0.15424726086554696,1.20696773527729,32.0,0.000783187573423835,0.004820226902048343,8357,2087.819986310746,0.33935622831159507,0.23622846827720437,1.3390396192709708,28.0,0.061026684216824216,0.008436731009900156
breakout,1.0,0.5,27918,"{""family"": ""breakout"", ""min_ddv"": 10000000.0, ""min_price"": 5.0, ""regime"": ""none"", ""trend"": true, ""mom_min"": 0.0, ""rsi2_max"": 100.0, ""rsi14_max"": 100.0, ""ret21_max"": 1.0, ""dist_ema20_max"": 1.0, ""dist_ema50_min"": -1.0, ""dist_hh60_min"": -1.0, ""atr_ratio_max"": 10.0, ""vol_ratio_min"": 0.0, ""up_close"": false, ""strong_close"": false}",10857,1549.786859601095,0.6619692364373215,-0.12178627836920045,0.6867832231536491,2.0,0.0,-0.06089313918460022,8025,2004.876796714579,0.6553271028037383,-0.10475077471970393,0.729928479075061,2.0,0.0,-0.05237538735985196,9035,2257.203969883641,0.650027670171555,-0.09797727565596337,0.7494887657693502,1.0,0.0011068068622025456,-0.09797727565596337
breakout,1.0,0.75,27918,"{""family"": ""breakout"", ""min_ddv"": 10000000.0, ""min_price"": 5.0, ""regime"": ""none"", ""trend"": true, ""mom_min"": 0.0, ""rsi2_max"": 100.0, ""rsi14_max"": 100.0, ""ret21_max"": 1.0, ""dist_ema20_max"": 1.0, ""dist_ema50_min"": -1.0, ""dist_hh60_min"": -1.0, ""atr_ratio_max"": 10.0, ""vol_ratio_min"": 0.0, ""up_close"": false, ""strong_close"": false}",10857,1549.786859601095,0.572625955604679,-0.1111455053064188,0.774904076415508,2.0,0.0,-0.0555727526532094,8025,2004.876796714579,0.5702180685358256,-0.08896033117230974,0.8165094530275682,2.0,0.0,-0.04448016558615487,9035,2257.203969883641,0.5642501383508578,-0.08725261505431768,0.8223791700237965,2.0,0.0014388489208633094,-0.04362630752715884
breakout,1.0,1.0,27918,"{""family"": ""breakout"", ""min_ddv"": 10000000.0, ""min_price"": 5.0, ""regime"": ""none"", ""trend"": true, ""mom_min"": 0.0, ""rsi2_max"": 100.0, ""rsi14_max"": 100.0, ""ret21_max"": 1.0, ""dist_ema20_max"": 1.0, ""dist_ema50_min"": -1.0, ""dist_hh60_min"": -1.0, ""atr_ratio_max"": 10.0, ""vol_ratio_min"": 0.0, ""up_close"": false, ""strong_close"": false}",10857,1549.786859601095,0.5073224647692732,-0.09885759098330654,0.8268109338896699,3.0,0.0,-0.03295253032776885,8025,2004.876796714579,0.501183800623053,-0.08532299889119416,0.8485488948322768,2.0,0.0,-0.04266149944559708,9035,2257.203969883641,0.49640287769784175,-0.08531799815428022,0.8498186246216144,2.0,0.0016602102933038186,-0.04265899907714011
breakout,1.0,1.5,27918,"{""family"": ""breakout"", ""min_ddv"": 10000000.0, ""min_price"": 5.0, ""regime"": ""none"", ""trend"": true, ""mom_min"": 0.0, ""rsi2_max"": 100.0, ""rsi14_max"": 100.0, ""ret21_max"": 1.0, ""dist_ema20_max"": 1.0, ""dist_ema50_min"": -1.0, ""dist_hh60_min"": -1.0, ""atr_ratio_max"": 10.0, ""vol_ratio_min"": 0.0, ""up_close"": false, ""strong_close"": false}",10857,1549.786859601095,0.4154923091093304,-0.07808191147227611,0.8850064768964733,4.0,0.0,-0.019520477868069028,8025,2004.876796714579,0.40922118380062306,-0.07236995504464552,0.8919839714883134,3.0,0.0,-0.024123318348215173,9035,2257.203969883641,0.4055340343110127,-0.0729132995615484,0.8921803065155923,3.0,0.002324294410625346,-0.0243044331871828
breakout,1.0,2.0,27918,"{""family"": ""breakout"", ""min_ddv"": 10000000.0, ""min_price"": 5.0, ""regime"": ""none"", ""trend"": true, ""mom_min"": 0.0, ""rsi2_max"": 100.0, ""rsi14_max"": 100.0, ""ret21_max"": 1.0, ""dist_ema20_max"": 1.0, ""dist_ema50_min"": -1.0, ""dist_hh60_min"": -1.0, ""atr_ratio_max"": 10.0, ""vol_ratio_min"": 0.0, ""up_close"": false, ""strong_close"": false}",10857,1549.786859601095,0.35580731325412174,-0.05501756894687039,0.9268112170353301,4.0,0.0,-0.013754392236717598,8025,2004.876796714579,0.3490342679127726,-0.05348569176624048,0.9276926167906916,4.0,0.0,-0.01337142294156012,9035,2257.203969883641,0.3474266740453791,-0.05432026653557653,0.9271920227185341,4.0,0.003320420586607637,-0.013580066633894132
breakout,1.0,3.0,27918,"{""family"": ""breakout"", ""min_ddv"": 10000000.0, ""min_price"": 5.0, ""regime"": ""none"", ""trend"": true, ""mom_min"": 0.0, ""rsi2_max"": 100.0, ""rsi14_max"": 100.0, ""ret21_max"": 1.0, ""dist_ema20_max"": 1.0, ""dist_ema50_min"": -1.0, ""dist_hh60_min"": -1.0, ""atr_ratio_max"": 10.0, ""vol_ratio_min"": 0.0, ""up_close"": false, ""strong_close"": false}",10857,1549.786859601095,0.2727272727272727,-0.03736886581191125,0.9561593403551503,5.0,0.0,-0.0074737731623822495,8025,2004.876796714579,0.2675389408099689,-0.038915389962624586,0.953469711387871,5.0,0.0,-0.0077830779925249175,9035,2257.203969883641,0.27028223574986165,-0.024813731843421644,0.9703789703360957,4.0,0.005534034311012728,-0.006203432960855411
breakout,1.5,0.5,27918,"{""family"": ""breakout"", ""min_ddv"": 10000000.0, ""min_price"": 5.0, ""regime"": ""none"", ""trend"": true, ""mom_min"": 0.0, ""rsi2_max"": 100.0, ""rsi14_max"": 100.0, ""ret21_max"": 1.0, ""dist_ema20_max"": 1.0, ""dist_ema50_min"": -1.0, ""dist_hh60_min"": -1.0, ""atr_ratio_max"": 10.0, ""vol_ratio_min"": 0.0, ""up_close"": false, ""strong_close"": false}",10857,1549.786859601095,0.6770746983512941,-0.056530949892654184,0.843802850166252,3.0,0.0,-0.01884364996421806,8012,2001.6290212183435,0.6718671992011982,-0.04548723029669257,0.8730360015169153,3.0,0.0,-0.015162410098897523,9015,2252.207392197125,0.6647809206877426,-0.04879643085914058,0.8676411173137303,2.0,0.0016638935108153079,-0.02439821542957029
breakout,1.5,0.75,27918,"{""family"": ""breakout"", ""min_ddv"": 10000000.0, ""min_price"": 5.0, ""regime"": ""none"", ""trend"": true, ""mom_min"": 0.0, ""rsi2_max"": 100.0, ""rsi14_max"": 100.0, ""ret21_max"": 1.0, ""dist_ema20_max"": 1.0, ""dist_ema50_min"": -1.0, ""dist_hh60_min"": -1.0, ""atr_ratio_max"": 10.0, ""vol_ratio_min"": 0.0, ""up_close"": false, ""strong_close"": false}",10857,1549.786859601095,0.5911393570968039,-0.039831267505510005,0.9134840462559909,4.0,0.0,-0.009957816876377501,8012,2001.6290212183435,0.5791313030454318,-0.04208114608612505,0.9086217544294007,4.0,0.0,-0.010520286521531263,9015,2252.207392197125,0.5763727121464226,-0.03965477707167607,0.9150221193432557,3.0,0.002329450915141431,-0.013218259023892023
breakout,1.5,1.0,27918,"{""family"": ""breakout"", ""min_ddv"": 10000000.0, ""min_price"": 5.0, ""regime"": ""none"", ""trend"": true, ""mom_min"": 0.0, ""rsi2_max"": 100.0, ""rsi14_max"": 100.0, ""ret21_max"": 1.0, ""dist_ema20_max"": 1.0, ""dist_ema50_min"": -1.0, ""dist_hh60_min"": -1.0, ""atr_ratio_max"": 10.0, ""vol_ratio_min"": 0.0, ""up_close"": false, ""strong_close"": false}",10857,1549.786859601095,0.5267569310122502,-0.021967146276881032,0.9587933628065651,5.0,0.0,-0.004393429255376206,8012,2001.6290212183435,0.5121068397403894,-0.033831483745408286,0.9367243260272895,5.0,0.0,-0.006766296749081658,9015,2252.207392197125,0.5094841930116473,-0.03182416824757162,0.9412779134681178,4.0,0.003105934553521908,-0.007956042061892906
breakout,1.5,1.5,27918,"{""family"": ""breakout"", ""min_ddv"": 10000000.0, ""min_price"": 5.0, ""regime"": ""none"", ""trend"": true, ""mom_min"": 0.0, ""rsi2_max"": 100.0, ""rsi14_max"": 100.0, ""ret21_max"": 1.0, ""dist_ema20_max"": 1.0, ""dist_ema50_min"": -1.0, ""dist_hh60_min"": -1.0, ""atr_ratio_max"": 10.0, ""vol_ratio_min"": 0.0, ""up_close"": false, ""strong_close"": false}",10857,1549.786859601095,0.4327162199502625,0.000676266398760268,1.0010542051558788,7.0,0.0,9.660948553718114e-05,8012,2001.6290212183435,0.418372441337993,-0.01610687905888047,0.9747640636941827,6.0,0.0,-0.002684479843146745,9015,2252.207392197125,0.4218524681087077,-0.006218984811863294,0.9903119563420038,6.0,0.005546311702717693,-0.0010364974686438823
breakout,1.5,2.0,27918,"{""family"": ""breakout"", ""min_ddv"": 10000000.0, ""min_price"": 5.0, ""regime"": ""none"", ""trend"": true, ""mom_min"": 0.0, ""rsi2_max"": 100.0, ""rsi14_max"": 100.0, ""ret21_max"": 1.0, ""dist_ema20_max"": 1.0, ""dist_ema50_min"": -1.0, ""dist_hh60_min"": -1.0, ""atr_ratio_max"": 10.0, ""vol_ratio_min"": 0.0, ""up_close"": false, ""strong_close"": false}",10857,1549.786859601095,0.3658469190384084,0.01091754615735385,1.015191794039875,8.0,0.0,0.0013646932696692313,8012,2001.6290212183435,0.35596605092361455,-8.111727498544482e-05,0.9998856113942798,8.0,0.0,-1.0139659373180602e-05,9015,2252.207392197125,0.36383804769828065,0.021041453162040837,1.0297339386063706,7.0,0.008985024958402662,0.0030059218802915484
breakout,1.5,3.0,27918,"{""family"": ""breakout"", ""min_ddv"": 10000000.0, ""min_price"": 5.0, ""regime"": ""none"", ""trend"": true, ""mom_min"": 0.0, ""rsi2_max"": 100.0, ""rsi14_max"": 100.0, ""ret21_max"": 1.0, ""dist_ema20_max"": 1.0, ""dist_ema50_min"": -1.0, ""dist_hh60_min"": -1.0, ""atr_ratio_max"": 10.0, ""vol_ratio_min"": 0.0, ""up_close"": false, ""strong_close"": false}",10857,1549.786859601095,0.28884590586718245,0.06209317542006171,1.0769700942794211,11.0,0.0,0.005644834129096519,8012,2001.6290212183435,0.2778332501248128,0.036737545223144534,1.046086338854427,10.0,0.0,0.0036737545223144534,9015,2252.207392197125,0.29173599556295066,0.07117204935543736,1.0901236834503842,9.0,0.01552967276760954,0.007908005483937485
breakout,2.0,0.5,27918,"{""family"": ""breakout"", ""min_ddv"": 10000000.0, ""min_price"": 5.0, ""regime"": ""none"", ""trend"": true, ""mom_min"": 0.0, ""rsi2_max"": 100.0, ""rsi14_max"": 100.0, ""ret21_max"": 1.0, ""dist_ema20_max"": 1.0, ""dist_ema50_min"": -1.0, ""dist_hh60_min"": -1.0, ""atr_ratio_max"": 10.0, ""vol_ratio_min"": 0.0, ""up_close"": false, ""strong_close"": false}",10843,1547.788423934298,0.6831135294660149,-0.025203351059006198,0.927633875109807,4.0,0.0,-0.0063008377647515495,7898,1973.148528405202,0.6714358065332996,-0.031293802680274166,0.9113194624191397,4.0,0.0,-0.007823450670068541,8843,2209.236824093087,0.6804251950695466,-0.010173771483850513,0.9705720252925105,4.0,0.003505597647857062,-0.0025434428709626283
breakout,2.0,0.75,27918,"{""family"": ""breakout"", ""min_ddv"": 10000000.0, ""min_price"": 5.0, ""regime"": ""none"", ""trend"": true, ""mom_min"": 0.0, ""rsi2_max"": 100.0, ""rsi14_max"": 100.0, ""ret21_max"": 1.0, ""dist_ema20_max"": 1.0, ""dist_ema50_min"": -1.0, ""dist_hh60_min"": -1.0, ""atr_ratio_max"": 10.0, ""vol_ratio_min"": 0.0, ""up_close"": false, ""strong_close"": false}",10843,1547.788423934298,0.6001106704786499,-4.2627477226647845e-05,0.9999030088152661,6.0,0.0,-7.104579537774641e-06,7898,1973.148528405202,0.5815396302861484,-0.023814664955378703,0.9471677415452319,6.0,0.0,-0.003969110825896451,8843,2209.236824093087,0.5887142372498021,-0.003783840651355983,0.9915272582925749,5.0,0.005993441139884655,-0.0007567681302711966
breakout,2.0,1.0,27918,"{""family"": ""breakout"", ""min_ddv"": 10000000.0, ""min_price"": 5.0, ""regime"": ""none"", ""trend"": true, ""mom_min"": 0.0, ""rsi2_max"": 100.0, ""rsi14_max"": 100.0, ""ret21_max"": 1.0, ""dist_ema20_max"": 1.0, ""dist_ema50_min"": -1.0, ""dist_hh60_min"": -1.0, ""atr_ratio_max"": 10.0, ""vol_ratio_min"": 0.0, ""up_close"": false, ""strong_close"": false}",10843,1547.788423934298,0.5373051738448769,0.0211644211770886,1.0415123079234971,8.0,0.0,0.002645552647136075,7898,1973.148528405202,0.515193719929096,-0.014519849073373017,0.9722267659224255,7.0,0.0,-0.0020742641533390027,8843,2209.236824093087,0.5244826416374534,0.009849717137755612,1.0190419009769582,7.0,0.00859436842700441,0.0014071024482508016
breakout,2.0,1.5,27918,"{""family"": ""breakout"", ""min_ddv"": 10000000.0, ""min_price"": 5.0, ""regime"": ""none"", ""trend"": true, ""mom_min"": 0.0, ""rsi2_max"": 100.0, ""rsi14_max"": 100.0, ""ret21_max"": 1.0, ""dist_ema20_max"": 1.0, ""dist_ema50_min"": -1.0, ""dist_hh60_min"": -1.0, ""atr_ratio_max"": 10.0, ""vol_ratio_min"": 0.0, ""up_close"": false, ""strong_close"": false}",10843,1547.788423934298,0.4377939684589136,0.03583453497447193,1.0578146763463743,11.0,0.0,0.0032576849976792663,7898,1973.148528405202,0.42276525702709544,0.007189456291195222,1.011522632234451,10.0,0.0,0.0007189456291195222,8843,2209.236824093087,0.4408006332692525,0.05448772429461044,1.0896060014048363,10.0,0.015153228542349882,0.005448772429461044
breakout,2.0,2.0,27918,"{""family"": ""breakout"", ""min_ddv"": 10000000.0, ""min_price"": 5.0, ""regime"": ""none"", ""trend"": true, ""mom_min"": 0.0, ""rsi2_max"": 100.0, ""rsi14_max"": 100.0, ""ret21_max"": 1.0, ""dist_ema20_max"": 1.0, ""dist_ema50_min"": -1.0, ""dist_hh60_min"": -1.0, ""atr_ratio_max"": 10.0, ""vol_ratio_min"": 0.0, ""up_close"": false, ""strong_close"": false}",10843,1547.788423934298,0.3809831227520059,0.08181144390623148,1.1198232723338202,14.0,0.0,0.0058436745647308195,7898,1973.148528405202,0.3635097493036212,0.03539891377415734,1.0513325175008845,12.0,0.0,0.0029499094811797784,8843,2209.236824093087,0.38154472464095895,0.0810680029441317,1.120249068261457,12.0,0.021485921067511026,0.006755666912010975
breakout,2.0,3.0,27918,"{""family"": ""breakout"", ""min_ddv"": 10000000.0, ""min_price"": 5.0, ""regime"": ""none"", ""trend"": true, ""mom_min"": 0.0, ""rsi2_max"": 100.0, ""rsi14_max"": 100.0, ""ret21_max"": 1.0, ""dist_ema20_max"": 1.0, ""dist_ema50_min"": -1.0, ""dist_hh60_min"": -1.0, ""atr_ratio_max"": 10.0, ""vol_ratio_min"": 0.0, ""up_close"": false, ""strong_close"": false}",10843,1547.788423934298,0.3048971686802545,0.14825299767926498,1.1930045439596404,18.0,0.0,0.008236277648848054,7898,1973.148528405202,0.28462902000506457,0.07968624180556237,1.1024289537157783,15.0,0.00037984299822739937,0.005312416120370825,8843,2209.236824093087,0.3071355874703155,0.13387242313554837,1.1773550471220247,15.0,0.029967205699423273,0.008924828209036558
breakout,3.0,0.5,27918,"{""family"": ""breakout"", ""min_ddv"": 10000000.0, ""min_price"": 5.0, ""regime"": ""none"", ""trend"": true, ""mom_min"": 0.0, ""rsi2_max"": 100.0, ""rsi14_max"": 100.0, ""ret21_max"": 1.0, ""dist_ema20_max"": 1.0, ""dist_ema50_min"": -1.0, ""dist_hh60_min"": -1.0, ""atr_ratio_max"": 10.0, ""vol_ratio_min"": 0.0, ""up_close"": false, ""strong_close"": false}",10669,1522.9507235041062,0.698378479707564,0.017823410625046773,1.0550539047120293,8.0,0.0,0.0022279263281308466,7369,1840.9890485968515,0.6812321888994436,-0.0051214096895610866,0.9847848944674568,8.0,0.0,-0.0006401762111951358,8071,2016.368925393566,0.6793458059719986,0.0034210908797886208,1.0101403027315647,7.0,0.010531532647751208,0.0004887272685412316
breakout,3.0,0.75,27918,"{""family"": ""breakout"", ""min_ddv"": 10000000.0, ""min_price"": 5.0, ""regime"": ""none"", ""trend"": true, ""mom_min"": 0.0, ""rsi2_max"": 100.0, ""rsi14_max"": 100.0, ""ret21_max"": 1.0, ""dist_ema20_max"": 1.0, ""dist_ema50_min"": -1.0, ""dist_hh60_min"": -1.0, ""atr_ratio_max"": 10.0, ""vol_ratio_min"": 0.0, ""up_close"": false, ""strong_close"": false}",10669,1522.9507235041062,0.6137407442122036,0.04122946155282089,1.099138711609138,12.0,0.0,0.003435788462735074,7369,1840.9890485968515,0.5935676482562084,0.009705324398075534,1.0225677489334806,11.0,0.0,0.0008823022180068667,8071,2016.368925393566,0.5968281501672655,0.02548093841852894,1.059950474877977,11.0,0.016974352620493124,0.0023164489471389944
breakout,3.0,1.0,27918,"{""family"": ""breakout"", ""min_ddv"": 10000000.0, ""min_price"": 5.0, ""regime"": ""none"", ""trend"": true, ""mom_min"": 0.0, ""rsi2_max"": 100.0, ""rsi14_max"": 100.0, ""ret21_max"": 1.0, ""dist_ema20_max"": 1.0, ""dist_ema50_min"": -1.0, ""dist_hh60_min"": -1.0, ""atr_ratio_max"": 10.0, ""vol_ratio_min"": 0.0, ""up_close"": false, ""strong_close"": false}",10669,1522.9507235041062,0.5493485799981254,0.06280678411361262,1.1294388491217267,16.0,0.0,0.003925424007100789,7369,1840.9890485968515,0.5322296105306011,0.033393673391773265,1.0674327125634564,14.0,0.0,0.002385262385126662,8071,2016.368925393566,0.5418163796307769,0.06026773514852284,1.1248622951216374,14.0,0.024036674513690993,0.0043048382248944885
breakout,3.0,1.5,27918,"{""family"": ""breakout"", ""min_ddv"": 10000000.0, ""min_price"": 5.0, ""regime"": ""none"", ""trend"": true, ""mom_min"": 0.0, ""rsi2_max"": 100.0, ""rsi14_max"": 100.0, ""ret21_max"": 1.0, ""dist_ema20_max"": 1.0, ""dist_ema50_min"": -1.0, ""dist_hh60_min"": -1.0, ""atr_ratio_max"": 10.0, ""vol_ratio_min"": 0.0, ""up_close"": false, ""strong_close"": false}",10669,1522.9507235041062,0.46902240134970474,0.13275323947273696,1.2320326382584303,22.0,0.0,0.00603423815785168,7369,1840.9890485968515,0.44062966481205046,0.0651293627797059,1.1096323308995093,21.0,0.00013570362328674176,0.0031013982276050425,8071,2016.368925393566,0.4578119192169496,0.10129815713824063,1.1770243736533512,18.0,0.03630281253871887,0.005627675396568924
breakout,3.0,2.0,27918,"{""family"": ""breakout"", ""min_ddv"": 10000000.0, ""min_price"": 5.0, ""regime"": ""none"", ""trend"": true, ""mom_min"": 0.0, ""rsi2_max"": 100.0, ""rsi14_max"": 100.0, ""ret21_max"": 1.0, ""dist_ema20_max"": 1.0, ""dist_ema50_min"": -1.0, ""dist_hh60_min"": -1.0, ""atr_ratio_max"": 10.0, ""vol_ratio_min"": 0.0, ""up_close"": false, ""strong_close"": false}",10669,1522.9507235041062,0.4120348673727622,0.19038238375310876,1.2999490667810276,28.0,0.0,0.006799370848325313,7369,1840.9890485968515,0.3798344415795902,0.0992203680211857,1.1505382057173434,26.0,0.0006785181164337087,0.0038161680008148343,8071,2016.368925393566,0.4014372444554578,0.1396723493676485,1.2211414945666463,22.0,0.045099739809193407,0.006348743153074932
breakout,3.0,3.0,27918,"{""family"": ""breakout"", ""min_ddv"": 10000000.0, ""min_price"": 5.0, ""regime"": ""none"", ""trend"": true, ""mom_min"": 0.0, ""rsi2_max"": 100.0, ""rsi14_max"": 100.0, ""ret21_max"": 1.0, ""dist_ema20_max"": 1.0, ""dist_ema50_min"": -1.0, ""dist_hh60_min"": -1.0, ""atr_ratio_max"": 10.0, ""vol_ratio_min"": 0.0, ""up_close"": false, ""strong_close"": false}",10669,1522.9507235041062,0.34464335926516076,0.3252812837081597,1.4586803706496945,37.0,0.00037491798669041145,0.008791386046166477,7369,1840.9890485968515,0.2994978965938391,0.15077760705657373,1.2022519832862684,32.0,0.0008142217397204505,0.004711800220517929,8071,2016.368925393566,0.33837194895304173,0.23317580246241365,1.3340672867012782,28.0,0.060711188204683436,0.008327707230800488
breakout,1.0,0.5,19464,"{""family"": ""breakout"", ""min_ddv"": 10000000.0, ""min_price"": 5.0, ""regime"": ""none"", ""trend"": true, ""mom_min"": 0.15, ""rsi2_max"": 100.0, ""rsi14_max"": 100.0, ""ret21_max"": 1.0, ""dist_ema20_max"": 1.0, ""dist_ema50_min"": -1.0, ""dist_hh60_min"": -1.0, ""atr_ratio_max"": 10.0, ""vol_ratio_min"": 0.0, ""up_close"": false, ""strong_close"": false}",6787,968.8130621822448,0.6503609842345661,-0.1284037081930496,0.677439579495087,2.0,0.0,-0.0642018540965248,5820,1454.0041067761806,0.64106529209622,-0.11849273277487754,0.7037118712221624,1.0,0.0,-0.11849273277487754,6856,1712.8268309377138,0.6349183197199533,-0.11595022756770514,0.7144754310662178,1.0,0.0011668611435239206,-0.11595022756770514
breakout,1.0,0.75,19464,"{""family"": ""breakout"", ""min_ddv"": 10000000.0, ""min_price"": 5.0, ""regime"": ""none"", ""trend"": true, ""mom_min"": 0.15, ""rsi2_max"": 100.0, ""rsi14_max"": 100.0, ""ret21_max"": 1.0, ""dist_ema20_max"": 1.0, ""dist_ema50_min"": -1.0, ""dist_hh60_min"": -1.0, ""atr_ratio_max"": 10.0, ""vol_ratio_min"": 0.0, ""up_close"": false, ""strong_close"": false}",6787,968.8130621822448,0.5640194489465153,-0.11326743415674194,0.7724473563646256,2.0,0.0,-0.05663371707837097,5820,1454.0041067761806,0.5561855670103093,-0.10646388617180821,0.7855945075561059,2.0,0.0,-0.05323194308590411,6856,1712.8268309377138,0.5504667444574096,-0.10645810532781738,0.7888357630995063,2.0,0.0014585764294049008,-0.05322905266390869
breakout,1.0,1.0,19464,"{""family"": ""breakout"", ""min_ddv"": 10000000.0, ""min_price"": 5.0, ""regime"": ""none"", ""trend"": true, ""mom_min"": 0.15, ""rsi2_max"": 100.0, ""rsi14_max"": 100.0, ""ret21_max"": 1.0, ""dist_ema20_max"": 1.0, ""dist_ema50_min"": -1.0, ""dist_hh60_min"": -1.0, ""atr_ratio_max"": 10.0, ""vol_ratio_min"": 0.0, ""up_close"": false, ""strong_close"": false}",6787,968.8130621822448,0.5005156917636658,-0.09757496885827525,0.829426059160253,3.0,0.0,-0.032524989619425085,5820,1454.0041067761806,0.48402061855670103,-0.11289935195543686,0.804901243581898,2.0,0.0,-0.05644967597771843,6856,1712.8268309377138,0.4839556592765461,-0.10499325835990228,0.8186767960349819,2.0,0.0016044340723453908,-0.05249662917995114
breakout,1.0,1.5,19464,"{""family"": ""breakout"", ""min_ddv"": 10000000.0, ""min_price"": 5.0, ""regime"": ""none"", ""trend"": true, ""mom_min"": 0.15, ""rsi2_max"": 100.0, ""rsi14_max"": 100.0, ""ret21_max"": 1.0, ""dist_ema20_max"": 1.0, ""dist_ema50_min"": -1.0, ""dist_hh60_min"": -1.0, ""atr_ratio_max"": 10.0, ""vol_ratio_min"": 0.0, ""up_close"": false, ""strong_close"": false}",6787,968.8130621822448,0.40886989833505233,-0.07776680969851989,0.8854250810183794,3.0,0.0,-0.02592226989950663,5820,1454.0041067761806,0.3888316151202749,-0.11716497448741081,0.8297786702824533,3.0,0.0,-0.039054991495803604,6856,1712.8268309377138,0.39060676779463244,-0.10522907859150496,0.8472399847466171,3.0,0.002187864644107351,-0.03507635953050165
breakout,1.0,2.0,19464,"{""family"": ""breakout"", ""min_ddv"": 10000000.0, ""min_price"": 5.0, ""regime"": ""none"", ""trend"": true, ""mom_min"": 0.15, ""rsi2_max"": 100.0, ""rsi14_max"": 100.0, ""ret21_max"": 1.0, ""dist_ema20_max"": 1.0, ""dist_ema50_min"": -1.0, ""dist_hh60_min"": -1.0, ""atr_ratio_max"": 10.0, ""vol_ratio_min"": 0.0, ""up_close"": false, ""strong_close"": false}",6787,968.8130621822448,0.3475762487107706,-0.06173749002598214,0.9179319949260393,4.0,0.0,-0.015434372506495535,5820,1454.0041067761806,0.32766323024054983,-0.10868458629617843,0.8565350643328145,4.0,0.0,-0.027171146574044607,6856,1712.8268309377138,0.3331388564760793,-0.091391188492988,0.8792546831697048,3.0,0.0032088681446907816,-0.030463729497662666
breakout,1.0,3.0,19464,"{""family"": ""breakout"", ""min_ddv"": 10000000.0, ""min_price"": 5.0, ""regime"": ""none"", ""trend"": true, ""mom_min"": 0.15, ""rsi2_max"": 100.0, ""rsi14_max"": 100.0, ""ret21_max"": 1.0, ""dist_ema20_max"": 1.0, ""dist_ema50_min"": -1.0, ""dist_hh60_min"": -1.0, ""atr_ratio_max"": 10.0, ""vol_ratio_min"": 0.0, ""up_close"": false, ""strong_close"": false}",6787,968.8130621822448,0.2644762045086194,-0.05240492164673492,0.9385492840044851,5.0,0.0,-0.010480984329346984,5820,1454.0041067761806,0.24810996563573884,-0.1058238600449598,0.8754991148124308,4.0,0.0,-0.02645596501123995,6856,1712.8268309377138,0.25670945157526254,-0.0738235735046561,0.9127657691606914,4.0,0.004667444574095682,-0.018455893376164025
breakout,1.5,0.5,19464,"{""family"": ""breakout"", ""min_ddv"": 10000000.0, ""min_price"": 5.0, ""regime"": ""none"", ""trend"": true, ""mom_min"": 0.15, ""rsi2_max"": 100.0, ""rsi14_max"": 100.0, ""ret21_max"": 1.0, ""dist_ema20_max"": 1.0, ""dist_ema50_min"": -1.0, ""dist_hh60_min"": -1.0, ""atr_ratio_max"": 10.0, ""vol_ratio_min"": 0.0, ""up_close"": false, ""strong_close"": false}",6787,968.8130621822448,0.672020038308531,-0.051997105057866616,0.8563494555369705,3.0,0.0,-0.017332368352622207,5807,1450.7563312799452,0.6605820561391424,-0.05799975311666368,0.8428203302058386,2.0,0.0,-0.02899987655833184,6836,1707.8302532511977,0.6559391456992393,-0.05900546067318749,0.8439210568305568,2.0,0.0016091281451141018,-0.029502730336593744
breakout,1.5,0.75,19464,"{""family"": ""breakout"", ""min_ddv"": 10000000.0, ""min_price"": 5.0, ""regime"": ""none"", ""trend"": true, ""mom_min"": 0.15, ""rsi2_max"": 100.0, ""rsi14_max"": 100.0, ""ret21_max"": 1.0, ""dist_ema20_max"": 1.0, ""dist_ema50_min"": -1.0, ""dist_hh60_min"": -1.0, ""atr_ratio_max"": 10.0, ""vol_ratio_min"": 0.0, ""up_close"": false, ""strong_close"": false}",6787,968.8130621822448,0.5858258435243848,-0.03477979283259359,0.9242175835444482,4.0,0.0,-0.008694948208148397,5807,1450.7563312799452,0.5634578956431893,-0.06549779607319335,0.8625324213088599,3.0,0.0,-0.02183259869106445,6836,1707.8302532511977,0.5683148039789351,-0.0506834065691238,0.8932422675077084,3.0,0.002047981275599766,-0.0168944688563746
breakout,1.5,1.0,19464,"{""family"": ""breakout"", ""min_ddv"": 10000000.0, ""min_price"": 5.0, ""regime"": ""none"", ""trend"": true, ""mom_min"": 0.15, ""rsi2_max"": 100.0, ""rsi14_max"": 100.0, ""ret21_max"": 1.0, ""dist_ema20_max"": 1.0, ""dist_ema50_min"": -1.0, ""dist_hh60_min"": -1.0, ""atr_ratio_max"": 10.0, ""vol_ratio_min"": 0.0, ""up_close"": false, ""strong_close"": false}",6787,968.8130621822448,0.5230587888610579,-0.013123860790309203,0.975216970224787,5.0,0.0,-0.0026247721580618406,5807,1450.7563312799452,0.4950921301877045,-0.06380645772036136,0.8843437273566656,4.0,0.0,-0.01595161443009034,6836,1707.8302532511977,0.5005851375073143,-0.046447557514804956,0.9156078422218207,4.0,0.00248683440608543,-0.011611889378701239
breakout,1.5,1.5,19464,"{""family"": ""breakout"", ""min_ddv"": 10000000.0, ""min_price"": 5.0, ""regime"": ""none"", ""trend"": true, ""mom_min"": 0.15, ""rsi2_max"": 100.0, ""rsi14_max"": 100.0, ""ret21_max"": 1.0, ""dist_ema20_max"": 1.0, ""dist_ema50_min"": -1.0, ""dist_hh60_min"": -1.0, ""atr_ratio_max"": 10.0, ""vol_ratio_min"": 0.0, ""up_close"": false, ""strong_close"": false}",6787,968.8130621822448,0.42684543981140416,0.0057159149630836735,1.0089616341785692,6.0,0.0,0.000952652493847279,5807,1450.7563312799452,0.3998622352333391,-0.057994467237761006,0.9116216226557483,6.0,0.0,-0.009665744539626835,6836,1707.8302532511977,0.4136922176711527,-0.02445662919863648,0.9622581538388012,6.0,0.004534815681685196,-0.004076104866439413
breakout,1.5,2.0,19464,"{""family"": ""breakout"", ""min_ddv"": 10000000.0, ""min_price"": 5.0, ""regime"": ""none"", ""trend"": true, ""mom_min"": 0.15, ""rsi2_max"": 100.0, ""rsi14_max"": 100.0, ""ret21_max"": 1.0, ""dist_ema20_max"": 1.0, ""dist_ema50_min"": -1.0, ""dist_hh60_min"": -1.0, ""atr_ratio_max"": 10.0, ""vol_ratio_min"": 0.0, ""up_close"": false, ""strong_close"": false}",6787,968.8130621822448,0.3601001915426551,0.011724153845080068,1.0163968020565688,8.0,0.0,0.0014655192306350085,5807,1450.7563312799452,0.33717926640261753,-0.05193326111876562,0.9285895541718509,7.0,0.0,-0.007419037302680802,6836,1707.8302532511977,0.3540081919251024,-0.0049194636895771755,0.9931172732108041,7.0,0.006875365710942071,-0.0007027805270824536
breakout,1.5,3.0,19464,"{""family"": ""breakout"", ""min_ddv"": 10000000.0, ""min_price"": 5.0, ""regime"": ""none"", ""trend"": true, ""mom_min"": 0.15, ""rsi2_max"": 100.0, ""rsi14_max"": 100.0, ""ret21_max"": 1.0, ""dist_ema20_max"": 1.0, ""dist_ema50_min"": -1.0, ""dist_hh60_min"": -1.0, ""atr_ratio_max"": 10.0, ""vol_ratio_min"": 0.0, ""up_close"": false, ""strong_close"": false}",6787,968.8130621822448,0.2828937674966848,0.05688145215070117,1.0709050187905618,10.0,0.0,0.0056881452150701175,5807,1450.7563312799452,0.2626140864473911,-0.01747795316372791,0.9784308276326777,9.0,0.0,-0.0019419947959697678,6836,1707.8302532511977,0.283499122293739,0.04790842453562364,1.0603161001198285,8.0,0.010971328262141603,0.005988553066952955
breakout,2.0,0.5,19464,"{""family"": ""breakout"", ""min_ddv"": 10000000.0, ""min_price"": 5.0, ""regime"": ""none"", ""trend"": true, ""mom_min"": 0.15, ""rsi2_max"": 100.0, ""rsi14_max"": 100.0, ""ret21_max"": 1.0, ""dist_ema20_max"": 1.0, ""dist_ema50_min"": -1.0, ""dist_hh60_min"": -1.0, ""atr_ratio_max"": 10.0, ""vol_ratio_min"": 0.0, ""up_close"": false, ""strong_close"": false}",6774,966.957371920219,0.6789193976970771,-0.01969964776735483,0.9435141341747416,4.0,0.0,-0.004924911941838707,5694,1422.5256673511294,0.6596417281348789,-0.04502980888102704,0.8764399748249838,4.0,0.0,-0.01125745222025676,6665,1665.1095140314853,0.6769692423105776,-0.01176083132128351,0.9663159009063579,4.0,0.0034508627156789196,-0.0029402078303208774
breakout,2.0,0.75,19464,"{""family"": ""breakout"", ""min_ddv"": 10000000.0, ""min_price"": 5.0, ""regime"": ""none"", ""trend"": true, ""mom_min"": 0.15, ""rsi2_max"": 100.0, ""rsi14_max"": 100.0, ""ret21_max"": 1.0, ""dist_ema20_max"": 1.0, ""dist_ema50_min"": -1.0, ""dist_hh60_min"": -1.0, ""atr_ratio_max"": 10.0, ""vol_ratio_min"": 0.0, ""up_close"": false, ""strong_close"": false}",6774,966.957371920219,0.5969884853852967,0.006835502739141594,1.01558132739399,6.0,0.0,0.001139250456523599,5694,1422.5256673511294,0.5672637864418686,-0.04526278690890719,0.9026798373027393,6.0,0.0,-0.007543797818151198,6665,1665.1095140314853,0.5837959489872468,-0.008931983224318627,0.9801896048125054,5.0,0.005551387846961741,-0.0017863966448637253
breakout,2.0,1.0,19464,"{""family"": ""breakout"", ""min_ddv"": 10000000.0, ""min_price"": 5.0, ""regime"": ""none"", ""trend"": true, ""mom_min"": 0.15, ""rsi2_max"": 100.0, ""rsi14_max"": 100.0, ""ret21_max"": 1.0, ""dist_ema20_max"": 1.0, ""dist_ema50_min"": -1.0, ""dist_hh60_min"": -1.0, ""atr_ratio_max"": 10.0, ""vol_ratio_min"": 0.0, ""up_close"": false, ""strong_close"": false}",6774,966.957371920219,0.5323294951284322,0.02542356941096164,1.0498638655869088,8.0,0.0,0.003177946176370205,5694,1422.5256673511294,0.49754127151387423,-0.045328681296490154,0.916075855794021,7.0,0.0,-0.006475525899498594,6665,1665.1095140314853,0.5195798949737435,0.0027781853124775454,1.0053292567803427,7.0,0.007801950487621906,0.0003968836160682208
breakout,2.0,1.5,19464,"{""family"": ""breakout"", ""min_ddv"": 10000000.0, ""min_price"": 5.0, ""regime"": ""none"", ""trend"": true, ""mom_min"": 0.15, ""rsi2_max"": 100.0, ""rsi14_max"": 100.0, ""ret21_max"": 1.0, ""dist_ema20_max"": 1.0, ""dist_ema50_min"": -1.0, ""dist_hh60_min"": -1.0, ""atr_ratio_max"": 10.0, ""vol_ratio_min"": 0.0, ""up_close"": false, ""strong_close"": false}",6774,966.957371920219,0.4298789489223502,0.02975547182970423,1.0477648098353147,11.0,0.0,0.0027050428936094754,5694,1422.5256673511294,0.40481208289427467,-0.03356891905398272,0.9476547594713501,10.0,0.0,-0.003356891905398272,6665,1665.1095140314853,0.4345086271567892,0.041953841715098895,1.0684106828416207,9.0,0.012003000750187547,0.004661537968344322
breakout,2.0,2.0,19464,"{""family"": ""breakout"", ""min_ddv"": 10000000.0, ""min_price"": 5.0, ""regime"": ""none"", ""trend"": true, ""mom_min"": 0.15, ""rsi2_max"": 100.0, ""rsi14_max"": 100.0, ""ret21_max"": 1.0, ""dist_ema20_max"": 1.0, ""dist_ema50_min"": -1.0, ""dist_hh60_min"": -1.0, ""atr_ratio_max"": 10.0, ""vol_ratio_min"": 0.0, ""up_close"": false, ""strong_close"": false}",6774,966.957371920219,0.3703867729554178,0.06393426452667161,1.0929046536375886,13.0,0.0,0.004918020348205509,5694,1422.5256673511294,0.34826132771338253,-0.005718784090702061,0.9918751146542715,12.0,0.0,-0.0004765653408918384,6665,1665.1095140314853,0.37479369842460614,0.06924875139542129,1.1018678060149045,11.0,0.015303825956489122,0.00629534103594739
breakout,2.0,3.0,19464,"{""family"": ""breakout"", ""min_ddv"": 10000000.0, ""min_price"": 5.0, ""regime"": ""none"", ""trend"": true, ""mom_min"": 0.15, ""rsi2_max"": 100.0, ""rsi14_max"": 100.0, ""ret21_max"": 1.0, ""dist_ema20_max"": 1.0, ""dist_ema50_min"": -1.0, ""dist_hh60_min"": -1.0, ""atr_ratio_max"": 10.0, ""vol_ratio_min"": 0.0, ""up_close"": false, ""strong_close"": false}",6774,966.957371920219,0.29465603779155597,0.11981691010767336,1.1549760148731458,17.0,0.0,0.007048053535745492,5694,1422.5256673511294,0.2760800842992624,0.053798052262828015,1.0687205788135077,14.0,0.0,0.0038427180187734296,6665,1665.1095140314853,0.30112528132033006,0.12584577922788973,1.165595108187175,14.0,0.02175543885971493,0.008988984230563551
breakout,3.0,0.5,19464,"{""family"": ""breakout"", ""min_ddv"": 10000000.0, ""min_price"": 5.0, ""regime"": ""none"", ""trend"": true, ""mom_min"": 0.15, ""rsi2_max"": 100.0, ""rsi14_max"": 100.0, ""ret21_max"": 1.0, ""dist_ema20_max"": 1.0, ""dist_ema50_min"": -1.0, ""dist_hh60_min"": -1.0, ""atr_ratio_max"": 10.0, ""vol_ratio_min"": 0.0, ""up_close"": false, ""strong_close"": false}",6612,943.8326163472819,0.6950998185117967,0.022022158197456936,1.0678478417676396,8.0,0.0,0.002752769774682117,5204,1300.1095140314853,0.6664104534973098,-0.026471454462920062,0.9248265641882774,7.0,0.0,-0.0037816363518457232,5923,1479.7364818617384,0.6761776126962687,0.0007726558895366343,1.0022682782275416,7.0,0.009623501603916933,0.00011037941279094775
breakout,3.0,0.75,19464,"{""family"": ""breakout"", ""min_ddv"": 10000000.0, ""min_price"": 5.0, ""regime"": ""none"", ""trend"": true, ""mom_min"": 0.15, ""rsi2_max"": 100.0, ""rsi14_max"": 100.0, ""ret21_max"": 1.0, ""dist_ema20_max"": 1.0, ""dist_ema50_min"": -1.0, ""dist_hh60_min"": -1.0, ""atr_ratio_max"": 10.0, ""vol_ratio_min"": 0.0, ""up_close"": false, ""strong_close"": false}",6612,943.8326163472819,0.6063218390804598,0.03812236315043742,1.0905562875688841,12.0,0.0,0.0031768635958697848,5204,1300.1095140314853,0.5751345119139124,-0.02080504743711434,0.9536237685935037,11.0,0.0,-0.0018913679488285764,5923,1479.7364818617384,0.5941245990207665,0.021267357751028244,1.0496035464079017,11.0,0.014350835725139288,0.0019333961591843857
breakout,3.0,1.0,19464,"{""family"": ""breakout"", ""min_ddv"": 10000000.0, ""min_price"": 5.0, ""regime"": ""none"", ""trend"": true, ""mom_min"": 0.15, ""rsi2_max"": 100.0, ""rsi14_max"": 100.0, ""ret21_max"": 1.0, ""dist_ema20_max"": 1.0, ""dist_ema50_min"": -1.0, ""dist_hh60_min"": -1.0, ""atr_ratio_max"": 10.0, ""vol_ratio_min"": 0.0, ""up_close"": false, ""strong_close"": false}",6612,943.8326163472819,0.5403811252268602,0.05441334352800765,1.1106458673107358,15.0,0.0,0.0036275562352005098,5204,1300.1095140314853,0.5121060722521138,-0.005705233385951153,0.9889339218454082,14.0,0.0,-0.00040751667042508233,5923,1479.7364818617384,0.5375654229275705,0.05299200886543772,1.108501332475044,13.0,0.01907816984636164,0.0040763083742644405
breakout,3.0,1.5,19464,"{""family"": ""breakout"", ""min_ddv"": 10000000.0, ""min_price"": 5.0, ""regime"": ""none"", ""trend"": true, ""mom_min"": 0.15, ""rsi2_max"": 100.0, ""rsi14_max"": 100.0, ""ret21_max"": 1.0, ""dist_ema20_max"": 1.0, ""dist_ema50_min"": -1.0, ""dist_hh60_min"": -1.0, ""atr_ratio_max"": 10.0, ""vol_ratio_min"": 0.0, ""up_close"": false, ""strong_close"": false}",6612,943.8326163472819,0.45644283121597096,0.11103910705567965,1.1908910246088644,21.0,0.0,0.005287576526460936,5204,1300.1095140314853,0.425826287471176,0.03052466806329647,1.0501691012265204,20.0,0.0001921598770176787,0.0015262334031648235,5923,1479.7364818617384,0.4511227418537903,0.089612409178192,1.1542108355707428,18.0,0.02785750464291744,0.004978467176566223
breakout,3.0,2.0,19464,"{""family"": ""breakout"", ""min_ddv"": 10000000.0, ""min_price"": 5.0, ""regime"": ""none"", ""trend"": true, ""mom_min"": 0.15, ""rsi2_max"": 100.0, ""rsi14_max"": 100.0, ""ret21_max"": 1.0, ""dist_ema20_max"": 1.0, ""dist_ema50_min"": -1.0, ""dist_hh60_min"": -1.0, ""atr_ratio_max"": 10.0, ""vol_ratio_min"": 0.0, ""up_close"": false, ""strong_close"": false}",6612,943.8326163472819,0.396854204476709,0.15468279185600148,1.2394194198798567,26.0,0.0,0.005949338148307749,5204,1300.1095140314853,0.3708685626441199,0.07541311931298103,1.113142445078767,25.0,0.0003843197540353574,0.0030165247725192413,5923,1479.7364818617384,0.39591423265237213,0.13431397261132227,1.2101776672277895,22.0,0.034273172378862064,0.006105180573241922
breakout,3.0,3.0,19464,"{""family"": ""breakout"", ""min_ddv"": 10000000.0, ""min_price"": 5.0, ""regime"": ""none"", ""trend"": true, ""mom_min"": 0.15, ""rsi2_max"": 100.0, ""rsi14_max"": 100.0, ""ret21_max"": 1.0, ""dist_ema20_max"": 1.0, ""dist_ema50_min"": -1.0, ""dist_hh60_min"": -1.0, ""atr_ratio_max"": 10.0, ""vol_ratio_min"": 0.0, ""up_close"": false, ""strong_close"": false}",6612,943.8326163472819,0.3313672111312765,0.27771574230155094,1.386217506823336,34.0,0.0006049606775559589,0.008168110067692675,5204,1300.1095140314853,0.29803996925441967,0.14994121825790552,1.2014752792752386,31.0,0.0003843197540353574,0.004836813492190501,5923,1479.7364818617384,0.33006922167820363,0.22326855043460542,1.3152488072539579,28.0,0.048455174742529125,0.007973876801235907
breakout,1.0,0.5,6646,"{""family"": ""breakout"", ""min_ddv"": 10000000.0, ""min_price"": 5.0, ""regime"": ""none"", ""trend"": true, ""mom_min"": -1.0, ""rsi2_max"": 100.0, ""rsi14_max"": 100.0, ""ret21_max"": 1.0, ""dist_ema20_max"": 1.0, ""dist_ema50_min"": -1.0, ""dist_hh60_min"": -1.0, ""atr_ratio_max"": 10.0, ""vol_ratio_min"": 1.3, ""up_close"": false, ""strong_close"": false}",2431,347.01407899882673,0.6433566433566433,-0.13419450053334334,0.666343526888162,1.0,0.0,-0.13419450053334334,1720,429.7056810403833,0.6372093023255814,-0.1186779833762001,0.7039677895400384,1.0,0.0,-0.1186779833762001,2494,623.0732375085557,0.6559743384121892,-0.08587299346485089,0.7735401403693202,1.0,0.0012028869286287089,-0.08587299346485089
breakout,1.0,0.75,6646,"{""family"": ""breakout"", ""min_ddv"": 10000000.0, ""min_price"": 5.0, ""regime"": ""none"", ""trend"": true, ""mom_min"": -1.0, ""rsi2_max"": 100.0, ""rsi14_max"": 100.0, ""ret21_max"": 1.0, ""dist_ema20_max"": 1.0, ""dist_ema50_min"": -1.0, ""dist_hh60_min"": -1.0, ""atr_ratio_max"": 10.0, ""vol_ratio_min"": 1.3, ""up_close"": false, ""strong_close"": false}",2431,347.01407899882673,0.5635540929658577,-0.11089607926647206,0.7757231982161209,2.0,0.0,-0.05544803963323603,1720,429.7056810403833,0.5633720930232559,-0.09020627803465633,0.8139189550871114,2.0,0.0,-0.04510313901732817,2494,623.0732375085557,0.5717722534081796,-0.07127852528570433,0.8512762147512438,2.0,0.0012028869286287089,-0.035639262642852165
breakout,1.0,1.0,6646,"{""family"": ""breakout"", ""min_ddv"": 10000000.0, ""min_price"": 5.0, ""regime"": ""none"", ""trend"": true, ""mom_min"": -1.0, ""rsi2_max"": 100.0, ""rsi14_max"": 100.0, ""ret21_max"": 1.0, ""dist_ema20_max"": 1.0, ""dist_ema50_min"": -1.0, ""dist_hh60_min"": -1.0, ""atr_ratio_max"": 10.0, ""vol_ratio_min"": 1.3, ""up_close"": false, ""strong_close"": false}",2431,347.01407899882673,0.5039078568490333,-0.09252196462095084,0.8357478935370733,2.0,0.0,-0.04626098231047542,1720,429.7056810403833,0.5034883720930232,-0.06667055150984277,0.8789280531215077,2.0,0.0,-0.03333527575492139,2494,623.0732375085557,0.5092221331194867,-0.05743449873079091,0.8958211045107262,2.0,0.0012028869286287089,-0.028717249365395454
breakout,1.0,1.5,6646,"{""family"": ""breakout"", ""min_ddv"": 10000000.0, ""min_price"": 5.0, ""regime"": ""none"", ""trend"": true, ""mom_min"": -1.0, ""rsi2_max"": 100.0, ""rsi14_max"": 100.0, ""ret21_max"": 1.0, ""dist_ema20_max"": 1.0, ""dist_ema50_min"": -1.0, ""dist_hh60_min"": -1.0, ""atr_ratio_max"": 10.0, ""vol_ratio_min"": 1.3, ""up_close"": false, ""strong_close"": false}",2431,347.01407899882673,0.40641711229946526,-0.08572711825230454,0.8732665535769668,3.0,0.0,-0.028575706084101513,1720,429.7056810403833,0.4127906976744186,-0.04898737646918484,0.9249785643826112,3.0,0.0,-0.016329125489728282,2494,623.0732375085557,0.4077786688051323,-0.061245768798234346,0.9078803999055567,3.0,0.002004811547714515,-0.020415256266078114
breakout,1.0,2.0,6646,"{""family"": ""breakout"", ""min_ddv"": 10000000.0, ""min_price"": 5.0, ""regime"": ""none"", ""trend"": true, ""mom_min"": -1.0, ""rsi2_max"": 100.0, ""rsi14_max"": 100.0, ""ret21_max"": 1.0, ""dist_ema20_max"": 1.0, ""dist_ema50_min"": -1.0, ""dist_hh60_min"": -1.0, ""atr_ratio_max"": 10.0, ""vol_ratio_min"": 1.3, ""up_close"": false, ""strong_close"": false}",2431,347.01407899882673,0.3574660633484163,-0.03698284755487898,0.9496141651103337,4.0,0.0,-0.009245711888719746,1720,429.7056810403833,0.3558139534883721,-0.014373002168927207,0.9799019737097465,3.0,0.0,-0.004791000722975736,2494,623.0732375085557,0.34282277465918204,-0.061787362304313,0.9165077805930839,3.0,0.0024057738572574178,-0.020595787434770998
breakout,1.0,3.0,6646,"{""family"": ""breakout"", ""min_ddv"": 10000000.0, ""min_price"": 5.0, ""regime"": ""none"", ""trend"": true, ""mom_min"": -1.0, ""rsi2_max"": 100.0, ""rsi14_max"": 100.0, ""ret21_max"": 1.0, ""dist_ema20_max"": 1.0, ""dist_ema50_min"": -1.0, ""dist_hh60_min"": -1.0, ""atr_ratio_max"": 10.0, ""vol_ratio_min"": 1.3, ""up_close"": false, ""strong_close"": false}",2431,347.01407899882673,0.28342245989304815,0.020800181925905478,1.0253279120274204,5.0,0.0,0.004160036385181096,1720,429.7056810403833,0.27906976744186046,0.0412681887579958,1.0514715124143381,4.0,0.0,0.01031704718949895,2494,623.0732375085557,0.2578187650360866,-0.07069738883354405,0.9154381041120561,4.0,0.0048115477145148355,-0.017674347208386013
breakout,1.5,0.5,6646,"{""family"": ""breakout"", ""min_ddv"": 10000000.0, ""min_price"": 5.0, ""regime"": ""none"", ""trend"": true, ""mom_min"": -1.0, ""rsi2_max"": 100.0, ""rsi14_max"": 100.0, ""ret21_max"": 1.0, ""dist_ema20_max"": 1.0, ""dist_ema50_min"": -1.0, ""dist_hh60_min"": -1.0, ""atr_ratio_max"": 10.0, ""vol_ratio_min"": 1.3, ""up_close"": false, ""strong_close"": false}",2431,347.01407899882673,0.6680378445084327,-0.06205486820470417,0.8319361973628934,2.0,0.0,-0.031027434102352085,1714,428.20670773442845,0.6656942823803967,-0.04961850044885283,0.8635386449886274,2.0,0.0,-0.024809250224426416,2482,620.0752908966462,0.6704270749395649,-0.04072390824021077,0.886856413096766,2.0,0.0016116035455278,-0.020361954120105386
breakout,1.5,0.75,6646,"{""family"": ""breakout"", ""min_ddv"": 10000000.0, ""min_price"": 5.0, ""regime"": ""none"", ""trend"": true, ""mom_min"": -1.0, ""rsi2_max"": 100.0, ""rsi14_max"": 100.0, ""ret21_max"": 1.0, ""dist_ema20_max"": 1.0, ""dist_ema50_min"": -1.0, ""dist_hh60_min"": -1.0, ""atr_ratio_max"": 10.0, ""vol_ratio_min"": 1.3, ""up_close"": false, ""strong_close"": false}",2431,347.01407899882673,0.5812422871246401,-0.05028554006242136,0.8921769585448464,3.0,0.0,-0.016761846687473787,1714,428.20670773442845,0.5869311551925321,-0.018892818514958287,0.9577567686910925,3.0,0.0,-0.006297606171652762,2482,620.0752908966462,0.5825946817082998,-0.02804553681763423,0.9384511877800313,3.0,0.00201450443190975,-0.009348512272544744
breakout,1.5,1.0,6646,"{""family"": ""breakout"", ""min_ddv"": 10000000.0, ""min_price"": 5.0, ""regime"": ""none"", ""trend"": true, ""mom_min"": -1.0, ""rsi2_max"": 100.0, ""rsi14_max"": 100.0, ""ret21_max"": 1.0, ""dist_ema20_max"": 1.0, ""dist_ema50_min"": -1.0, ""dist_hh60_min"": -1.0, ""atr_ratio_max"": 10.0, ""vol_ratio_min"": 1.3, ""up_close"": false, ""strong_close"": false}",2431,347.01407899882673,0.5150143973673386,-0.03942391513930362,0.9272628292705845,5.0,0.0,-0.007884783027860724,1714,428.20670773442845,0.5175029171528588,-0.01168295814828184,0.9776530313861294,4.0,0.0,-0.00292073953707046,2482,620.0752908966462,0.5100725221595488,-0.02851271469707495,0.946681506095375,4.0,0.0028203062046736503,-0.007128178674268738
breakout,1.5,1.5,6646,"{""family"": ""breakout"", ""min_ddv"": 10000000.0, ""min_price"": 5.0, ""regime"": ""none"", ""trend"": true, ""mom_min"": -1.0, ""rsi2_max"": 100.0, ""rsi14_max"": 100.0, ""ret21_max"": 1.0, ""dist_ema20_max"": 1.0, ""dist_ema50_min"": -1.0, ""dist_hh60_min"": -1.0, ""atr_ratio_max"": 10.0, ""vol_ratio_min"": 1.3, ""up_close"": false, ""strong_close"": false}",2431,347.01407899882673,0.4360345536816125,0.014362607615397892,1.0227353899238738,6.0,0.0,0.0023937679358996488,1714,428.20670773442845,0.42473745624270715,0.020938324847528524,1.0336517199461617,5.0,0.0,0.004187664969505705,2482,620.0752908966462,0.4186140209508461,-0.01098206085246574,0.9826754051603683,5.0,0.005237711522965351,-0.0021964121704931483
breakout,1.5,2.0,6646,"{""family"": ""breakout"", ""min_ddv"": 10000000.0, ""min_price"": 5.0, ""regime"": ""none"", ""trend"": true, ""mom_min"": -1.0, ""rsi2_max"": 100.0, ""rsi14_max"": 100.0, ""ret21_max"": 1.0, ""dist_ema20_max"": 1.0, ""dist_ema50_min"": -1.0, ""dist_hh60_min"": -1.0, ""atr_ratio_max"": 10.0, ""vol_ratio_min"": 1.3, ""up_close"": false, ""strong_close"": false}",2431,347.01407899882673,0.37309749074454956,0.03598007122145973,1.0509465218547982,8.0,0.0,0.004497508902682466,1714,428.20670773442845,0.3663943990665111,0.05550794446527912,1.0809502185808009,7.0,0.0,0.00792970635218273,2482,620.0752908966462,0.34810636583400484,-0.021336743925126505,0.969907422693589,7.0,0.009266720386784852,-0.003048106275018072
breakout,1.5,3.0,6646,"{""family"": ""breakout"", ""min_ddv"": 10000000.0, ""min_price"": 5.0, ""regime"": ""none"", ""trend"": true, ""mom_min"": -1.0, ""rsi2_max"": 100.0, ""rsi14_max"": 100.0, ""ret21_max"": 1.0, ""dist_ema20_max"": 1.0, ""dist_ema50_min"": -1.0, ""dist_hh60_min"": -1.0, ""atr_ratio_max"": 10.0, ""vol_ratio_min"": 1.3, ""up_close"": false, ""strong_close"": false}",2431,347.01407899882673,0.2990538872891814,0.11139761635755627,1.1412254281120948,11.0,0.0,0.010127056032505116,1714,428.20670773442845,0.29463243873978995,0.12655715775835136,1.1653377424697429,9.0,0.0,0.014061906417594595,2482,620.0752908966462,0.2808219178082192,0.03313086740550042,1.0423606361614843,9.0,0.018533440773569703,0.0036812074895000465
breakout,2.0,0.5,6646,"{""family"": ""breakout"", ""min_ddv"": 10000000.0, ""min_price"": 5.0, ""regime"": ""none"", ""trend"": true, ""mom_min"": -1.0, ""rsi2_max"": 100.0, ""rsi14_max"": 100.0, ""ret21_max"": 1.0, ""dist_ema20_max"": 1.0, ""dist_ema50_min"": -1.0, ""dist_hh60_min"": -1.0, ""atr_ratio_max"": 10.0, ""vol_ratio_min"": 1.3, ""up_close"": false, ""strong_close"": false}",2422,345.7293703558858,0.6837324525185797,-0.017618185077922215,0.9489611344427102,4.0,0.0,-0.004404546269480554,1655,413.466803559206,0.6719033232628399,-0.026131386119999274,0.9257450452907219,3.0,0.0,-0.008710462039999757,2373,592.8439425051334,0.6906868942267173,0.0027524148268340386,1.0082335803306843,3.0,0.0037926675094816687,0.0009174716089446795
breakout,2.0,0.75,6646,"{""family"": ""breakout"", ""min_ddv"": 10000000.0, ""min_price"": 5.0, ""regime"": ""none"", ""trend"": true, ""mom_min"": -1.0, ""rsi2_max"": 100.0, ""rsi14_max"": 100.0, ""ret21_max"": 1.0, ""dist_ema20_max"": 1.0, ""dist_ema50_min"": -1.0, ""dist_hh60_min"": -1.0, ""atr_ratio_max"": 10.0, ""vol_ratio_min"": 1.3, ""up_close"": false, ""strong_close"": false}",2422,345.7293703558858,0.6003303055326177,0.0063614768902505135,1.0145919489991952,6.0,0.0,0.0010602461483750856,1655,413.466803559206,0.5800604229607251,-0.017195616181195635,0.961774278337129,5.0,0.0,-0.003439123236239127,2373,592.8439425051334,0.5908133164770333,0.0002677836048129268,1.0006071551948639,5.0,0.0058997050147492625,5.355672096258536e-05
breakout,2.0,1.0,6646,"{""family"": ""breakout"", ""min_ddv"": 10000000.0, ""min_price"": 5.0, ""regime"": ""none"", ""trend"": true, ""mom_min"": -1.0, ""rsi2_max"": 100.0, ""rsi14_max"": 100.0, ""ret21_max"": 1.0, ""dist_ema20_max"": 1.0, ""dist_ema50_min"": -1.0, ""dist_hh60_min"": -1.0, ""atr_ratio_max"": 10.0, ""vol_ratio_min"": 1.3, ""up_close"": false, ""strong_close"": false}",2422,345.7293703558858,0.5491329479768786,0.04989691157925723,1.1011825077238389,8.0,0.0,0.0062371139474071535,1655,413.466803559206,0.5148036253776435,-0.005659018578832612,0.9891113320725254,7.0,0.0,-0.000808431225547516,2373,592.8439425051334,0.5208596713021492,0.0025430497935859816,1.004939669104639,7.0,0.008849557522123894,0.0003632928276551402
breakout,2.0,1.5,6646,"{""family"": ""breakout"", ""min_ddv"": 10000000.0, ""min_price"": 5.0, ""regime"": ""none"", ""trend"": true, ""mom_min"": -1.0, ""rsi2_max"": 100.0, ""rsi14_max"": 100.0, ""ret21_max"": 1.0, ""dist_ema20_max"": 1.0, ""dist_ema50_min"": -1.0, ""dist_hh60_min"": -1.0, ""atr_ratio_max"": 10.0, ""vol_ratio_min"": 1.3, ""up_close"": false, ""strong_close"": false}",2422,345.7293703558858,0.44962840627580514,0.07119945155754963,1.1179879197346125,11.0,0.0,0.006472677414322694,1655,413.466803559206,0.42235649546827797,0.02064421544976676,1.0333941489405132,10.0,0.0,0.002064421544976676,2373,592.8439425051334,0.427307206068268,0.01864336444342537,1.0303958808151836,10.0,0.017699115044247787,0.0018643364443425368
breakout,2.0,2.0,6646,"{""family"": ""breakout"", ""min_ddv"": 10000000.0, ""min_price"": 5.0, ""regime"": ""none"", ""trend"": true, ""mom_min"": -1.0, ""rsi2_max"": 100.0, ""rsi14_max"": 100.0, ""ret21_max"": 1.0, ""dist_ema20_max"": 1.0, ""dist_ema50_min"": -1.0, ""dist_hh60_min"": -1.0, ""atr_ratio_max"": 10.0, ""vol_ratio_min"": 1.3, ""up_close"": false, ""strong_close"": false}",2422,345.7293703558858,0.38810900082576383,0.11137806603151788,1.1661102116233357,14.0,0.0,0.00795557614510842,1655,413.466803559206,0.36253776435045315,0.043738070935044664,1.063762234133196,12.0,0.0,0.0036448392445870554,2373,592.8439425051334,0.3725242309313106,0.05475562634941659,1.0813405504794262,12.0,0.024863042562157607,0.004562968862451383
breakout,2.0,3.0,6646,"{""family"": ""breakout"", ""min_ddv"": 10000000.0, ""min_price"": 5.0, ""regime"": ""none"", ""trend"": true, ""mom_min"": -1.0, ""rsi2_max"": 100.0, ""rsi14_max"": 100.0, ""ret21_max"": 1.0, ""dist_ema20_max"": 1.0, ""dist_ema50_min"": -1.0, ""dist_hh60_min"": -1.0, ""atr_ratio_max"": 10.0, ""vol_ratio_min"": 1.3, ""up_close"": false, ""strong_close"": false}",2422,345.7293703558858,0.32411230388109,0.2307585925084332,1.3098696567961208,19.0,0.0,0.012145189079391222,1655,413.466803559206,0.2755287009063444,0.06220979598139071,1.0797765690472227,15.0,0.0,0.004147319732092714,2373,592.8439425051334,0.2970922882427307,0.08569897973832277,1.1136822358459044,15.0,0.03750526759376317,0.005713265315888185
breakout,3.0,0.5,6646,"{""family"": ""breakout"", ""min_ddv"": 10000000.0, ""min_price"": 5.0, ""regime"": ""none"", ""trend"": true, ""mom_min"": -1.0, ""rsi2_max"": 100.0, ""rsi14_max"": 100.0, ""ret21_max"": 1.0, ""dist_ema20_max"": 1.0, ""dist_ema50_min"": -1.0, ""dist_hh60_min"": -1.0, ""atr_ratio_max"": 10.0, ""vol_ratio_min"": 1.3, ""up_close"": false, ""strong_close"": false}",2332,332.8822839264763,0.7058319039451115,0.029911287283143975,1.094747928152098,8.0,0.0,0.003738910910392997,1443,360.5030800821355,0.6957726957726957,0.019580957792243416,1.0611144989575112,7.0,0.0,0.002797279684606202,2007,501.4065708418891,0.6771300448430493,-0.004449206074382748,0.9868518938756953,7.0,0.0114598903836572,-0.000635600867768964
breakout,3.0,0.75,6646,"{""family"": ""breakout"", ""min_ddv"": 10000000.0, ""min_price"": 5.0, ""regime"": ""none"", ""trend"": true, ""mom_min"": -1.0, ""rsi2_max"": 100.0, ""rsi14_max"": 100.0, ""ret21_max"": 1.0, ""dist_ema20_max"": 1.0, ""dist_ema50_min"": -1.0, ""dist_hh60_min"": -1.0, ""atr_ratio_max"": 10.0, ""vol_ratio_min"": 1.3, ""up_close"": false, ""strong_close"": false}",2332,332.8822839264763,0.6269296740994854,0.06297977526302695,1.1562932998530264,12.0,0.0,0.0052483146052522455,1443,360.5030800821355,0.6091476091476091,0.0375454124247376,1.090617371725524,11.0,0.0,0.003413219311339782,2007,501.4065708418891,0.5974090682610862,0.02240841835988811,1.0532826078765292,11.0,0.016940707523667164,0.0020371289418080096
breakout,3.0,1.0,6646,"{""family"": ""breakout"", ""min_ddv"": 10000000.0, ""min_price"": 5.0, ""regime"": ""none"", ""trend"": true, ""mom_min"": -1.0, ""rsi2_max"": 100.0, ""rsi14_max"": 100.0, ""ret21_max"": 1.0, ""dist_ema20_max"": 1.0, ""dist_ema50_min"": -1.0, ""dist_hh60_min"": -1.0, ""atr_ratio_max"": 10.0, ""vol_ratio_min"": 1.3, ""up_close"": false, ""strong_close"": false}",2332,332.8822839264763,0.5660377358490566,0.09329782344908619,1.1981588767521114,17.0,0.0,0.005488107261710952,1443,360.5030800821355,0.5488565488565489,0.06813975997360915,1.1426968900929293,15.0,0.0,0.0045426506649072764,2007,501.4065708418891,0.5376183358246138,0.04614366937960362,1.0956552227987184,15.0,0.025909317389138018,0.003076244625306908
breakout,3.0,1.5,6646,"{""family"": ""breakout"", ""min_ddv"": 10000000.0, ""min_price"": 5.0, ""regime"": ""none"", ""trend"": true, ""mom_min"": -1.0, ""rsi2_max"": 100.0, ""rsi14_max"": 100.0, ""ret21_max"": 1.0, ""dist_ema20_max"": 1.0, ""dist_ema50_min"": -1.0, ""dist_hh60_min"": -1.0, ""atr_ratio_max"": 10.0, ""vol_ratio_min"": 1.3, ""up_close"": false, ""strong_close"": false}",2332,332.8822839264763,0.48456260720411665,0.17112888397306053,1.305926643063653,24.0,0.0,0.007130370165544189,1443,360.5030800821355,0.4539154539154539,0.10092341141139247,1.1737440186643382,22.0,0.0,0.00458742779142693,2007,501.4065708418891,0.4569008470353762,0.09463626026782146,1.1666083885097907,20.0,0.03736920777279522,0.004731813013391073
breakout,3.0,2.0,6646,"{""family"": ""breakout"", ""min_ddv"": 10000000.0, ""min_price"": 5.0, ""regime"": ""none"", ""trend"": true, ""mom_min"": -1.0, ""rsi2_max"": 100.0, ""rsi14_max"": 100.0, ""ret21_max"": 1.0, ""dist_ema20_max"": 1.0, ""dist_ema50_min"": -1.0, ""dist_hh60_min"": -1.0, ""atr_ratio_max"": 10.0, ""vol_ratio_min"": 1.3, ""up_close"": false, ""strong_close"": false}",2332,332.8822839264763,0.4309605488850772,0.24646914168782527,1.3984107377497181,31.0,0.0,0.007950617473800815,1443,360.5030800821355,0.37976437976437977,0.10237099779704177,1.1553699789349723,28.0,0.0,0.003656107064180063,2007,501.4065708418891,0.3961136023916293,0.11764998782479748,1.1864851013667528,24.0,0.048829098156452415,0.004902082826033228
breakout,3.0,3.0,6646,"{""family"": ""breakout"", ""min_ddv"": 10000000.0, ""min_price"": 5.0, ""regime"": ""none"", ""trend"": true, ""mom_min"": -1.0, ""rsi2_max"": 100.0, ""rsi14_max"": 100.0, ""ret21_max"": 1.0, ""dist_ema20_max"": 1.0, ""dist_ema50_min"": -1.0, ""dist_hh60_min"": -1.0, ""atr_ratio_max"": 10.0, ""vol_ratio_min"": 1.3, ""up_close"": false, ""strong_close"": false}",2332,332.8822839264763,0.36192109777015435,0.3942391837085741,1.5683503844244575,42.0,0.0,0.009386647231156526,1443,360.5030800821355,0.2945252945252945,0.12886983468190333,1.1711232636502058,37.0,0.0,0.003482968504916306,2007,501.4065708418891,0.34280019930244143,0.2450471225688204,1.3569719649743512,29.0,0.06477329347284504,0.008449900778235186
breakout,1.0,0.5,6482,"{""family"": ""breakout"", ""min_ddv"": 10000000.0, ""min_price"": 5.0, ""regime"": ""none"", ""trend"": true, ""mom_min"": 0.0, ""rsi2_max"": 100.0, ""rsi14_max"": 100.0, ""ret21_max"": 1.0, ""dist_ema20_max"": 1.0, ""dist_ema50_min"": -1.0, ""dist_hh60_min"": -1.0, ""atr_ratio_max"": 10.0, ""vol_ratio_min"": 1.3, ""up_close"": false, ""strong_close"": false}",2377,339.30582714118106,0.6453512831299958,-0.13052581748076977,0.6733321573636957,1.0,0.0,-0.13052581748076977,1673,417.9637234770705,0.6383741781231321,-0.11748697886961847,0.7063292101536858,1.0,0.0,-0.11748697886961847,2431,607.3340177960301,0.6577540106951871,-0.0835713416542222,0.7787222833735394,1.0,0.0012340600575894694,-0.0835713416542222
breakout,1.0,0.75,6482,"{""family"": ""breakout"", ""min_ddv"": 10000000.0, ""min_price"": 5.0, ""regime"": ""none"", ""trend"": true, ""mom_min"": 0.0, ""rsi2_max"": 100.0, ""rsi14_max"": 100.0, ""ret21_max"": 1.0, ""dist_ema20_max"": 1.0, ""dist_ema50_min"": -1.0, ""dist_hh60_min"": -1.0, ""atr_ratio_max"": 10.0, ""vol_ratio_min"": 1.3, ""up_close"": false, ""strong_close"": false}",2377,339.30582714118106,0.56541859486748,-0.10712729607154067,0.7822980926147508,2.0,0.0,-0.053563648035770337,1673,417.9637234770705,0.5648535564853556,-0.08819913518181112,0.8175229665074287,2.0,0.0,-0.04409956759090556,2431,607.3340177960301,0.5726038667215138,-0.07012420967926092,0.8536177188464803,2.0,0.0012340600575894694,-0.03506210483963046
breakout,1.0,1.0,6482,"{""family"": ""breakout"", ""min_ddv"": 10000000.0, ""min_price"": 5.0, ""regime"": ""none"", ""trend"": true, ""mom_min"": 0.0, ""rsi2_max"": 100.0, ""rsi14_max"": 100.0, ""ret21_max"": 1.0, ""dist_ema20_max"": 1.0, ""dist_ema50_min"": -1.0, ""dist_hh60_min"": -1.0, ""atr_ratio_max"": 10.0, ""vol_ratio_min"": 1.3, ""up_close"": false, ""strong_close"": false}",2377,339.30582714118106,0.5056794278502313,-0.08844093818207409,0.842372557398497,2.0,0.0,-0.044220469091037044,1673,417.9637234770705,0.5044829647340108,-0.06524117963525507,0.8813391545048156,2.0,0.0,-0.032620589817627534,2431,607.3340177960301,0.509255450431921,-0.057001384528892654,0.8965878148660269,2.0,0.0012340600575894694,-0.028500692264446327
breakout,1.0,1.5,6482,"{""family"": ""breakout"", ""min_ddv"": 10000000.0, ""min_price"": 5.0, ""regime"": ""none"", ""trend"": true, ""mom_min"": 0.0, ""rsi2_max"": 100.0, ""rsi14_max"": 100.0, ""ret21_max"": 1.0, ""dist_ema20_max"": 1.0, ""dist_ema50_min"": -1.0, ""dist_hh60_min"": -1.0, ""atr_ratio_max"": 10.0, ""vol_ratio_min"": 1.3, ""up_close"": false, ""strong_close"": false}",2377,339.30582714118106,0.40891880521665963,-0.07861822559609301,0.8832051155728944,3.0,0.0,-0.026206075198697668,1673,417.9637234770705,0.41482367005379556,-0.04425870227071142,0.9320319203900477,3.0,0.0,-0.014752900756903808,2431,607.3340177960301,0.40682846565199504,-0.063175009315194,0.9051380796358222,3.0,0.0020567667626491155,-0.021058336438398
breakout,1.0,2.0,6482,"{""family"": ""breakout"", ""min_ddv"": 10000000.0, ""min_price"": 5.0, ""regime"": ""none"", ""trend"": true, ""mom_min"": 0.0, ""rsi2_max"": 100.0, ""rsi14_max"": 100.0, ""ret21_max"": 1.0, ""dist_ema20_max"": 1.0, ""dist_ema50_min"": -1.0, ""dist_hh60_min"": -1.0, ""atr_ratio_max"": 10.0, ""vol_ratio_min"": 1.3, ""up_close"": false, ""strong_close"": false}",2377,339.30582714118106,0.3601177955405974,-0.028459826400621092,0.9610436473332294,4.0,0.0,-0.007114956600155273,1673,417.9637234770705,0.3574417214584579,-0.009674220180405894,0.9864476725287017,3.0,0.0,-0.003224740060135298,2431,607.3340177960301,0.3422459893048128,-0.06373508235371136,0.9139116806836187,3.0,0.0024681201151789387,-0.02124502745123712
breakout,1.0,3.0,6482,"{""family"": ""breakout"", ""min_ddv"": 10000000.0, ""min_price"": 5.0, ""regime"": ""none"", ""trend"": true, ""mom_min"": 0.0, ""rsi2_max"": 100.0, ""rsi14_max"": 100.0, ""ret21_max"": 1.0, ""dist_ema20_max"": 1.0, ""dist_ema50_min"": -1.0, ""dist_hh60_min"": -1.0, ""atr_ratio_max"": 10.0, ""vol_ratio_min"": 1.3, ""up_close"": false, ""strong_close"": false}",2377,339.30582714118106,0.2852334875893984,0.02883081185413885,1.03520724044312,5.0,0.0,0.00576616237082777,1673,417.9637234770705,0.28093245666467426,0.04872556965480487,1.060877370096957,4.0,0.0,0.012181392413701218,2431,607.3340177960301,0.25668449197860965,-0.0742443060452426,0.9112773704505682,4.0,0.004524886877828055,-0.01856107651131065
breakout,1.5,0.5,6482,"{""family"": ""breakout"", ""min_ddv"": 10000000.0, ""min_price"": 5.0, ""regime"": ""none"", ""trend"": true, ""mom_min"": 0.0, ""rsi2_max"": 100.0, ""rsi14_max"": 100.0, ""ret21_max"": 1.0, ""dist_ema20_max"": 1.0, ""dist_ema50_min"": -1.0, ""dist_hh60_min"": -1.0, ""atr_ratio_max"": 10.0, ""vol_ratio_min"": 1.3, ""up_close"": false, ""strong_close"": false}",2377,339.30582714118106,0.6705931846865797,-0.05800220707259733,0.8416838075137419,2.0,0.0,-0.029001103536298665,1667,416.46475017111567,0.6682663467306539,-0.04630132121492818,0.8717930830904418,2.0,0.0,-0.02315066060746409,2419,604.3360711841204,0.6692848284415047,-0.04247470481250201,0.8824792130035539,2.0,0.0016535758577924762,-0.021237352406251006
breakout,1.5,0.75,6482,"{""family"": ""breakout"", ""min_ddv"": 10000000.0, ""min_price"": 5.0, ""regime"": ""none"", ""trend"": true, ""mom_min"": 0.0, ""rsi2_max"": 100.0, ""rsi14_max"": 100.0, ""ret21_max"": 1.0, ""dist_ema20_max"": 1.0, ""dist_ema50_min"": -1.0, ""dist_hh60_min"": -1.0, ""atr_ratio_max"": 10.0, ""vol_ratio_min"": 1.3, ""up_close"": false, ""strong_close"": false}",2377,339.30582714118106,0.5839293226756416,-0.04517782904932545,0.9025145524035602,3.0,0.0,-0.01505927634977515,1667,416.46475017111567,0.5902819436112777,-0.013679644645517559,0.9691916572914754,3.0,0.0,-0.004559881548505853,2419,604.3360711841204,0.5808185200496073,-0.03114355101407943,0.9319240535648606,3.0,0.002066969822240595,-0.01038118367135981
breakout,1.5,1.0,6482,"{""family"": ""breakout"", ""min_ddv"": 10000000.0, ""min_price"": 5.0, ""regime"": ""none"", ""trend"": true, ""mom_min"": 0.0, ""rsi2_max"": 100.0, ""rsi14_max"": 100.0, ""ret21_max"": 1.0, ""dist_ema20_max"": 1.0, ""dist_ema50_min"": -1.0, ""dist_hh60_min"": -1.0, ""atr_ratio_max"": 10.0, ""vol_ratio_min"": 1.3, ""up_close"": false, ""strong_close"": false}",2377,339.30582714118106,0.5191417753470762,-0.03081922158103276,0.9426733043032361,5.0,0.0,-0.006163844316206552,1667,416.46475017111567,0.5188962207558488,-0.009265906991958213,0.9822394817697129,4.0,0.0,-0.002316476747989553,2419,604.3360711841204,0.5072343943778421,-0.03386793293063337,0.9370234126240102,4.0,0.0028937577511368336,-0.008466983232658343
breakout,1.5,1.5,6482,"{""family"": ""breakout"", ""min_ddv"": 10000000.0, ""min_price"": 5.0, ""regime"": ""none"", ""trend"": true, ""mom_min"": 0.0, ""rsi2_max"": 100.0, ""rsi14_max"": 100.0, ""ret21_max"": 1.0, ""dist_ema20_max"": 1.0, ""dist_ema50_min"": -1.0, ""dist_hh60_min"": -1.0, ""atr_ratio_max"": 10.0, ""vol_ratio_min"": 1.3, ""up_close"": false, ""strong_close"": false}",2377,339.30582714118106,0.4396297854438368,0.023614779036629185,1.037601929294105,6.0,0.0,0.003935796506104864,1667,416.46475017111567,0.4259148170365927,0.023983803726578237,1.0385926340080671,5.0,0.0,0.0047967607453156475,2419,604.3360711841204,0.4162877221992559,-0.01643039914257294,0.9741703239087778,5.0,0.004960727573377429,-0.0032860798285145884
breakout,1.5,2.0,6482,"{""family"": ""breakout"", ""min_ddv"": 10000000.0, ""min_price"": 5.0, ""regime"": ""none"", ""trend"": true, ""mom_min"": 0.0, ""rsi2_max"": 100.0, ""rsi14_max"": 100.0, ""ret21_max"": 1.0, ""dist_ema20_max"": 1.0, ""dist_ema50_min"": -1.0, ""dist_hh60_min"": -1.0, ""atr_ratio_max"": 10.0, ""vol_ratio_min"": 1.3, ""up_close"": false, ""strong_close"": false}",2377,339.30582714118106,0.37652503155237693,0.047786231313701875,1.0681187475501597,8.0,0.0,0.005973278914212734,1667,416.46475017111567,0.3677264547090582,0.05959487393855309,1.0870146243960452,7.0,0.0,0.0085135534197933,2419,604.3360711841204,0.34601074824307565,-0.02704623611396892,0.9619536389396629,7.0,0.009094667217858619,-0.0038637480162812743
breakout,1.5,3.0,6482,"{""family"": ""breakout"", ""min_ddv"": 10000000.0, ""min_price"": 5.0, ""regime"": ""none"", ""trend"": true, ""mom_min"": 0.0, ""rsi2_max"": 100.0, ""rsi14_max"": 100.0, ""ret21_max"": 1.0, ""dist_ema20_max"": 1.0, ""dist_ema50_min"": -1.0, ""dist_hh60_min"": -1.0, ""atr_ratio_max"": 10.0, ""vol_ratio_min"": 1.3, ""up_close"": false, ""strong_close"": false}",2377,339.30582714118106,0.30164072360117794,0.12312175156646406,1.156828328808413,11.0,0.0,0.011192886506042186,1667,416.46475017111567,0.2975404919016197,0.13810731224191844,1.1810160534739393,9.0,0.0,0.015345256915768716,2419,604.3360711841204,0.2798677139313766,0.03015457679141696,1.038545733665413,9.0,0.018189334435717238,0.003350508532379662
breakout,2.0,0.5,6482,"{""family"": ""breakout"", ""min_ddv"": 10000000.0, ""min_price"": 5.0, ""regime"": ""none"", ""trend"": true, ""mom_min"": 0.0, ""rsi2_max"": 100.0, ""rsi14_max"": 100.0, ""ret21_max"": 1.0, ""dist_ema20_max"": 1.0, ""dist_ema50_min"": -1.0, ""dist_hh60_min"": -1.0, ""atr_ratio_max"": 10.0, ""vol_ratio_min"": 1.3, ""up_close"": false, ""strong_close"": false}",2368,338.0211184982401,0.6875,-0.011787591695230762,0.9654708264003343,4.0,0.0,-0.0029468979238076905,1610,402.2245037645448,0.6732919254658385,-0.024238455785501503,0.9308685759376524,3.0,0.0,-0.008079485261833835,2314,578.104038329911,0.6901469317199654,0.0021849865181008134,1.006527496539511,3.0,0.0038893690579083835,0.0007283288393669378
breakout,2.0,0.75,6482,"{""family"": ""breakout"", ""min_ddv"": 10000000.0, ""min_price"": 5.0, ""regime"": ""none"", ""trend"": true, ""mom_min"": 0.0, ""rsi2_max"": 100.0, ""rsi14_max"": 100.0, ""ret21_max"": 1.0, ""dist_ema20_max"": 1.0, ""dist_ema50_min"": -1.0, ""dist_hh60_min"": -1.0, ""atr_ratio_max"": 10.0, ""vol_ratio_min"": 1.3, ""up_close"": false, ""strong_close"": false}",2368,338.0211184982401,0.6047297297297297,0.014254224137398267,1.0330304921699276,6.0,0.0,0.0023757040228997114,1610,402.2245037645448,0.5807453416149069,-0.01598939876031461,0.9644105002287394,5.0,0.0,-0.0031978797520629217,2314,578.104038329911,0.5890233362143474,-0.002418617369892507,0.9945389734545198,5.0,0.006050129645635264,-0.0004837234739785014
breakout,2.0,1.0,6482,"{""family"": ""breakout"", ""min_ddv"": 10000000.0, ""min_price"": 5.0, ""regime"": ""none"", ""trend"": true, ""mom_min"": 0.0, ""rsi2_max"": 100.0, ""rsi14_max"": 100.0, ""ret21_max"": 1.0, ""dist_ema20_max"": 1.0, ""dist_ema50_min"": -1.0, ""dist_hh60_min"": -1.0, ""atr_ratio_max"": 10.0, ""vol_ratio_min"": 1.3, ""up_close"": false, ""strong_close"": false}",2368,338.0211184982401,0.5536317567567568,0.058930642974138775,1.120590498065393,7.5,0.0,0.007857419063218503,1610,402.2245037645448,0.5167701863354037,-0.0003314869636308299,0.9993584450989802,7.0,0.0,-4.7355280518689986e-05,2314,578.104038329911,0.5203111495246326,0.0013539016007334203,1.0026271440435313,7.0,0.009075194468452896,0.0001934145143904886
breakout,2.0,1.5,6482,"{""family"": ""breakout"", ""min_ddv"": 10000000.0, ""min_price"": 5.0, ""regime"": ""none"", ""trend"": true, ""mom_min"": 0.0, ""rsi2_max"": 100.0, ""rsi14_max"": 100.0, ""ret21_max"": 1.0, ""dist_ema20_max"": 1.0, ""dist_ema50_min"": -1.0, ""dist_hh60_min"": -1.0, ""atr_ratio_max"": 10.0, ""vol_ratio_min"": 1.3, ""up_close"": false, ""strong_close"": false}",2368,338.0211184982401,0.4535472972972973,0.0820080787235574,1.1369461318652432,11.0,0.0,0.007455279883959764,1610,402.2245037645448,0.4248447204968944,0.02837775271834119,1.0461689279292725,10.0,0.0,0.0028377752718341193,2314,578.104038329911,0.42653414001728607,0.01697407229903308,1.0276399586457114,10.0,0.017718236819360415,0.001697407229903308
breakout,2.0,2.0,6482,"{""family"": ""breakout"", ""min_ddv"": 10000000.0, ""min_price"": 5.0, ""regime"": ""none"", ""trend"": true, ""mom_min"": 0.0, ""rsi2_max"": 100.0, ""rsi14_max"": 100.0, ""ret21_max"": 1.0, ""dist_ema20_max"": 1.0, ""dist_ema50_min"": -1.0, ""dist_hh60_min"": -1.0, ""atr_ratio_max"": 10.0, ""vol_ratio_min"": 1.3, ""up_close"": false, ""strong_close"": false}",2368,338.0211184982401,0.39146959459459457,0.12247252868527232,1.1837410156650219,14.0,0.0,0.008748037763233737,1610,402.2245037645448,0.3652173913043478,0.05303806119098356,1.0777250871057398,12.0,0.0,0.004419838432581963,2314,578.104038329911,0.37251512532411407,0.05500584788274504,1.081755621615988,12.0,0.024632670700086432,0.00458382065689542
breakout,2.0,3.0,6482,"{""family"": ""breakout"", ""min_ddv"": 10000000.0, ""min_price"": 5.0, ""regime"": ""none"", ""trend"": true, ""mom_min"": 0.0, ""rsi2_max"": 100.0, ""rsi14_max"": 100.0, ""ret21_max"": 1.0, ""dist_ema20_max"": 1.0, ""dist_ema50_min"": -1.0, ""dist_hh60_min"": -1.0, ""atr_ratio_max"": 10.0, ""vol_ratio_min"": 1.3, ""up_close"": false, ""strong_close"": false}",2368,338.0211184982401,0.3277027027027027,0.2457943021346037,1.331863770673252,19.0,0.0,0.012936542217610722,1610,402.2245037645448,0.2782608695652174,0.07451463237276595,1.0959903939592373,15.0,0.0,0.0049676421581843965,2314,578.104038329911,0.2964563526361279,0.08387092485739243,1.1112029160191406,15.0,0.037165082108902334,0.005591394990492829
breakout,3.0,0.5,6482,"{""family"": ""breakout"", ""min_ddv"": 10000000.0, ""min_price"": 5.0, ""regime"": ""none"", ""trend"": true, ""mom_min"": 0.0, ""rsi2_max"": 100.0, ""rsi14_max"": 100.0, ""ret21_max"": 1.0, ""dist_ema20_max"": 1.0, ""dist_ema50_min"": -1.0, ""dist_hh60_min"": -1.0, ""atr_ratio_max"": 10.0, ""vol_ratio_min"": 1.3, ""up_close"": false, ""strong_close"": false}",2283,325.88775909268674,0.7104686815593517,0.037134189415525584,1.1194048856195322,8.0,0.0,0.004641773676940698,1407,351.50924024640653,0.697228144989339,0.0223206303307718,1.07011794907554,7.0,0.0,0.0031886614758245427,1955,488.41546885694726,0.6757033248081842,-0.006437274486391054,0.9810658199081826,7.0,0.011764705882352941,-0.0009196106409130077
breakout,3.0,0.75,6482,"{""family"": ""breakout"", ""min_ddv"": 10000000.0, ""min_price"": 5.0, ""regime"": ""none"", ""trend"": true, ""mom_min"": 0.0, ""rsi2_max"": 100.0, ""rsi14_max"": 100.0, ""ret21_max"": 1.0, ""dist_ema20_max"": 1.0, ""dist_ema50_min"": -1.0, ""dist_hh60_min"": -1.0, ""atr_ratio_max"": 10.0, ""vol_ratio_min"": 1.3, ""up_close"": false, ""strong_close"": false}",2283,325.88775909268674,0.6311870346035917,0.07055335125571889,1.1769305758347557,12.0,0.0,0.0058794459379765745,1407,351.50924024640653,0.6105188343994314,0.04119980819618707,1.1000439729395688,11.0,0.0,0.003745437108744279,1955,488.41546885694726,0.5964194373401535,0.020475026052829415,1.0485524919337736,11.0,0.017391304347826087,0.001861366004802674
breakout,3.0,1.0,6482,"{""family"": ""breakout"", ""min_ddv"": 10000000.0, ""min_price"": 5.0, ""regime"": ""none"", ""trend"": true, ""mom_min"": 0.0, ""rsi2_max"": 100.0, ""rsi14_max"": 100.0, ""ret21_max"": 1.0, ""dist_ema20_max"": 1.0, ""dist_ema50_min"": -1.0, ""dist_hh60_min"": -1.0, ""atr_ratio_max"": 10.0, ""vol_ratio_min"": 1.3, ""up_close"": false, ""strong_close"": false}",2283,325.88775909268674,0.5707402540516864,0.10325305882822125,1.2216742826408193,17.0,0.0,0.006073709342836544,1407,351.50924024640653,0.5501066098081023,0.07224714806661053,1.152143050385933,15.0,0.0,0.0048164765377740355,1955,488.41546885694726,0.5355498721227622,0.041351050401344014,1.0853202901235983,15.0,0.02659846547314578,0.002756736693422934
breakout,3.0,1.5,6482,"{""family"": ""breakout"", ""min_ddv"": 10000000.0, ""min_price"": 5.0, ""regime"": ""none"", ""trend"": true, ""mom_min"": 0.0, ""rsi2_max"": 100.0, ""rsi14_max"": 100.0, ""ret21_max"": 1.0, ""dist_ema20_max"": 1.0, ""dist_ema50_min"": -1.0, ""dist_hh60_min"": -1.0, ""atr_ratio_max"": 10.0, ""vol_ratio_min"": 1.3, ""up_close"": false, ""strong_close"": false}",2283,325.88775909268674,0.4879544459045116,0.17995005567276703,1.3237708651555393,24.0,0.0,0.007497918986365293,1407,351.50924024640653,0.4548685145700071,0.10456719596752338,1.180697654542522,22.0,0.0,0.004753054362160154,1955,488.41546885694726,0.45524296675191817,0.09006978603196311,1.158067520356888,20.0,0.037851662404092073,0.004503489301598156
breakout,3.0,2.0,6482,"{""family"": ""breakout"", ""min_ddv"": 10000000.0, ""min_price"": 5.0, ""regime"": ""none"", ""trend"": true, ""mom_min"": 0.0, ""rsi2_max"": 100.0, ""rsi14_max"": 100.0, ""ret21_max"": 1.0, ""dist_ema20_max"": 1.0, ""dist_ema50_min"": -1.0, ""dist_hh60_min"": -1.0, ""atr_ratio_max"": 10.0, ""vol_ratio_min"": 1.3, ""up_close"": false, ""strong_close"": false}",2283,325.88775909268674,0.4345159877354358,0.2574885955781226,1.4187104747839356,31.0,0.0,0.008306083728326535,1407,351.50924024640653,0.3823738450604122,0.11161281161599362,1.1703856457542687,28.0,0.0,0.003986171843428344,1955,488.41546885694726,0.39539641943734016,0.11504497980874155,1.1821343724145246,24.0,0.049104859335038366,0.004793540825364232
breakout,3.0,3.0,6482,"{""family"": ""breakout"", ""min_ddv"": 10000000.0, ""min_price"": 5.0, ""regime"": ""none"", ""trend"": true, ""mom_min"": 0.0, ""rsi2_max"": 100.0, ""rsi14_max"": 100.0, ""ret21_max"": 1.0, ""dist_ema20_max"": 1.0, ""dist_ema50_min"": -1.0, ""dist_hh60_min"": -1.0, ""atr_ratio_max"": 10.0, ""vol_ratio_min"": 1.3, ""up_close"": false, ""strong_close"": false}",2283,325.88775909268674,0.3639947437582129,0.40274280692657966,1.5823426046174944,43.0,0.0,0.009366111788990224,1407,351.50924024640653,0.2956645344705046,0.13450385757220887,1.1791132383057163,37.0,0.0,0.0036352393938434827,1955,488.41546885694726,0.3411764705882353,0.23998708093096352,1.3488137875439898,29.0,0.0639386189258312,0.008275416583826328
breakout,1.0,0.5,5002,"{""family"": ""breakout"", ""min_ddv"": 10000000.0, ""min_price"": 5.0, ""regime"": ""none"", ""trend"": true, ""mom_min"": 0.15, ""rsi2_max"": 100.0, ""rsi14_max"": 100.0, ""ret21_max"": 1.0, ""dist_ema20_max"": 1.0, ""dist_ema50_min"": -1.0, ""dist_hh60_min"": -1.0, ""atr_ratio_max"": 10.0, ""vol_ratio_min"": 1.3, ""up_close"": false, ""strong_close"": false}",1641,234.2452092295659,0.6331505179768434,-0.13945282360436562,0.6604674948244877,1.0,0.0,-0.13945282360436562,1350,337.26899383983573,0.6311111111111111,-0.12215627958460308,0.6991043026801278,1.0,0.0,-0.12215627958460308,2010,502.1560574948665,0.6462686567164179,-0.09272740617736443,0.7591891445453279,1.0,0.0014925373134328358,-0.09272740617736443
breakout,1.0,0.75,5002,"{""family"": ""breakout"", ""min_ddv"": 10000000.0, ""min_price"": 5.0, ""regime"": ""none"", ""trend"": true, ""mom_min"": 0.15, ""rsi2_max"": 100.0, ""rsi14_max"": 100.0, ""ret21_max"": 1.0, ""dist_ema20_max"": 1.0, ""dist_ema50_min"": -1.0, ""dist_hh60_min"": -1.0, ""atr_ratio_max"": 10.0, ""vol_ratio_min"": 1.3, ""up_close"": false, ""strong_close"": false}",1641,234.2452092295659,0.5581962218159658,-0.1105683961430677,0.7770695813415163,2.0,0.0,-0.05528419807153385,1350,337.26899383983573,0.5562962962962963,-0.09725477398876725,0.8016605370509959,2.0,0.0,-0.048627386994383626,2010,502.1560574948665,0.5616915422885572,-0.08129769685273061,0.8329375080269967,2.0,0.0014925373134328358,-0.040648848426365305
breakout,1.0,1.0,5002,"{""family"": ""breakout"", ""min_ddv"": 10000000.0, ""min_price"": 5.0, ""regime"": ""none"", ""trend"": true, ""mom_min"": 0.15, ""rsi2_max"": 100.0, ""rsi14_max"": 100.0, ""ret21_max"": 1.0, ""dist_ema20_max"": 1.0, ""dist_ema50_min"": -1.0, ""dist_hh60_min"": -1.0, ""atr_ratio_max"": 10.0, ""vol_ratio_min"": 1.3, ""up_close"": false, ""strong_close"": false}",1641,234.2452092295659,0.49238269347958563,-0.10475425477274926,0.8164371290216604,2.0,0.0,-0.05237712738637463,1350,337.26899383983573,0.49703703703703705,-0.07308104226585861,0.8683698218839563,2.0,0.0,-0.036540521132929306,2010,502.1560574948665,0.4980099502487562,-0.07098001508442124,0.8729666177263758,2.0,0.0014925373134328358,-0.03549000754221062
breakout,1.0,1.5,5002,"{""family"": ""breakout"", ""min_ddv"": 10000000.0, ""min_price"": 5.0, ""regime"": ""none"", ""trend"": true, ""mom_min"": 0.15, ""rsi2_max"": 100.0, ""rsi14_max"": 100.0, ""ret21_max"": 1.0, ""dist_ema20_max"": 1.0, ""dist_ema50_min"": -1.0, ""dist_hh60_min"": -1.0, ""atr_ratio_max"": 10.0, ""vol_ratio_min"": 1.3, ""up_close"": false, ""strong_close"": false}",1641,234.2452092295659,0.3979280926264473,-0.09342775103158547,0.8622711429028204,3.0,0.0,-0.03114258367719516,1350,337.26899383983573,0.4059259259259259,-0.059057325758853474,0.9101198097351286,3.0,0.0,-0.01968577525295116,2010,502.1560574948665,0.39800995024875624,-0.07505891958528525,0.8879123998013676,3.0,0.001990049751243781,-0.025019639861761752
breakout,1.0,2.0,5002,"{""family"": ""breakout"", ""min_ddv"": 10000000.0, ""min_price"": 5.0, ""regime"": ""none"", ""trend"": true, ""mom_min"": 0.15, ""rsi2_max"": 100.0, ""rsi14_max"": 100.0, ""ret21_max"": 1.0, ""dist_ema20_max"": 1.0, ""dist_ema50_min"": -1.0, ""dist_hh60_min"": -1.0, ""atr_ratio_max"": 10.0, ""vol_ratio_min"": 1.3, ""up_close"": false, ""strong_close"": false}",1641,234.2452092295659,0.3497867154174284,-0.045569241738443164,0.9380052472210225,4.0,0.0,-0.011392310434610791,1350,337.26899383983573,0.3451851851851852,-0.040014711466501686,0.9446500238947904,3.0,0.0,-0.013338237155500561,2010,502.1560574948665,0.33781094527363187,-0.06702940744225847,0.9092433945440056,3.0,0.0024875621890547263,-0.022343135814086156
breakout,1.0,3.0,5002,"{""family"": ""breakout"", ""min_ddv"": 10000000.0, ""min_price"": 5.0, ""regime"": ""none"", ""trend"": true, ""mom_min"": 0.15, ""rsi2_max"": 100.0, ""rsi14_max"": 100.0, ""ret21_max"": 1.0, ""dist_ema20_max"": 1.0, ""dist_ema50_min"": -1.0, ""dist_hh60_min"": -1.0, ""atr_ratio_max"": 10.0, ""vol_ratio_min"": 1.3, ""up_close"": false, ""strong_close"": false}",1641,234.2452092295659,0.2797074954296161,0.022424690512441278,1.0274317721659736,5.0,0.0,0.004484938102488256,1350,337.26899383983573,0.2651851851851852,-0.002156173349281662,0.997340668533109,4.0,0.0,-0.0005390433373204155,2010,502.1560574948665,0.25323383084577117,-0.07802065911458726,0.9063193519799565,4.0,0.004477611940298508,-0.019505164778646816
breakout,1.5,0.5,5002,"{""family"": ""breakout"", ""min_ddv"": 10000000.0, ""min_price"": 5.0, ""regime"": ""none"", ""trend"": true, ""mom_min"": 0.15, ""rsi2_max"": 100.0, ""rsi14_max"": 100.0, ""ret21_max"": 1.0, ""dist_ema20_max"": 1.0, ""dist_ema50_min"": -1.0, ""dist_hh60_min"": -1.0, ""atr_ratio_max"": 10.0, ""vol_ratio_min"": 1.3, ""up_close"": false, ""strong_close"": false}",1641,234.2452092295659,0.6593540524070689,-0.06325506809841018,0.8293688884325865,2.0,0.0,-0.03162753404920509,1344,335.7700205338809,0.6592261904761905,-0.054717212675186665,0.8517875955354888,2.0,0.0,-0.027358606337593332,1998,499.15811088295686,0.6626626626626627,-0.04761025929939004,0.8701241465732317,2.0,0.002002002002002002,-0.02380512964969502
breakout,1.5,0.75,5002,"{""family"": ""breakout"", ""min_ddv"": 10000000.0, ""min_price"": 5.0, ""regime"": ""none"", ""trend"": true, ""mom_min"": 0.15, ""rsi2_max"": 100.0, ""rsi14_max"": 100.0, ""ret21_max"": 1.0, ""dist_ema20_max"": 1.0, ""dist_ema50_min"": -1.0, ""dist_hh60_min"": -1.0, ""atr_ratio_max"": 10.0, ""vol_ratio_min"": 1.3, ""up_close"": false, ""strong_close"": false}",1641,234.2452092295659,0.5648994515539305,-0.0672985943604193,0.8584333600140581,3.0,0.0,-0.022432864786806433,1344,335.7700205338809,0.5788690476190477,-0.028365377577308896,0.9375725812879231,3.0,0.0,-0.009455125859102966,1998,499.15811088295686,0.576076076076076,-0.03382602004919727,0.926502261012668,3.0,0.002002002002002002,-0.01127534001639909
breakout,1.5,1.0,5002,"{""family"": ""breakout"", ""min_ddv"": 10000000.0, ""min_price"": 5.0, ""regime"": ""none"", ""trend"": true, ""mom_min"": 0.15, ""rsi2_max"": 100.0, ""rsi14_max"": 100.0, ""ret21_max"": 1.0, ""dist_ema20_max"": 1.0, ""dist_ema50_min"": -1.0, ""dist_hh60_min"": -1.0, ""atr_ratio_max"": 10.0, ""vol_ratio_min"": 1.3, ""up_close"": false, ""strong_close"": false}",1641,234.2452092295659,0.502132845825716,-0.05064474799270608,0.9073465219763797,4.0,0.0,-0.01266118699817652,1344,335.7700205338809,0.5066964285714286,-0.027276136186580664,0.9487821306796813,4.0,0.0,-0.006819034046645166,1998,499.15811088295686,0.505005005005005,-0.03197339439987501,0.9405409834448594,4.0,0.0025025025025025025,-0.007993348599968753
breakout,1.5,1.5,5002,"{""family"": ""breakout"", ""min_ddv"": 10000000.0, ""min_price"": 5.0, ""regime"": ""none"", ""trend"": true, ""mom_min"": 0.15, ""rsi2_max"": 100.0, ""rsi14_max"": 100.0, ""ret21_max"": 1.0, ""dist_ema20_max"": 1.0, ""dist_ema50_min"": -1.0, ""dist_hh60_min"": -1.0, ""atr_ratio_max"": 10.0, ""vol_ratio_min"": 1.3, ""up_close"": false, ""strong_close"": false}",1641,234.2452092295659,0.4259597806215722,0.009924783416284043,1.0157350423827685,6.0,0.0,0.0016541305693806739,1344,335.7700205338809,0.40922619047619047,-0.012251082973558047,0.9807599642907726,5.0,0.0,-0.0024502165947116092,1998,499.15811088295686,0.4189189189189189,-0.003260036208888846,0.9948246429774702,5.0,0.005005005005005005,-0.0006520072417777692
breakout,1.5,2.0,5002,"{""family"": ""breakout"", ""min_ddv"": 10000000.0, ""min_price"": 5.0, ""regime"": ""none"", ""trend"": true, ""mom_min"": 0.15, ""rsi2_max"": 100.0, ""rsi14_max"": 100.0, ""ret21_max"": 1.0, ""dist_ema20_max"": 1.0, ""dist_ema50_min"": -1.0, ""dist_hh60_min"": -1.0, ""atr_ratio_max"": 10.0, ""vol_ratio_min"": 1.3, ""up_close"": false, ""strong_close"": false}",1641,234.2452092295659,0.36745886654478976,0.04194535883727335,1.0600878667577853,7.0,0.0,0.005992194119610479,1344,335.7700205338809,0.34970238095238093,0.012518843145218651,1.0178750756432862,7.0,0.0,0.0017884061636026644,1998,499.15811088295686,0.34784784784784784,-0.014086603018240725,0.9800161986369103,7.0,0.008008008008008008,-0.002012371859748675
breakout,1.5,3.0,5002,"{""family"": ""breakout"", ""min_ddv"": 10000000.0, ""min_price"": 5.0, ""regime"": ""none"", ""trend"": true, ""mom_min"": 0.15, ""rsi2_max"": 100.0, ""rsi14_max"": 100.0, ""ret21_max"": 1.0, ""dist_ema20_max"": 1.0, ""dist_ema50_min"": -1.0, ""dist_hh60_min"": -1.0, ""atr_ratio_max"": 10.0, ""vol_ratio_min"": 1.3, ""up_close"": false, ""strong_close"": false}",1641,234.2452092295659,0.2943327239488117,0.1120047225619914,1.1438375036214925,10.0,0.0,0.01120047225619914,1344,335.7700205338809,0.2849702380952381,0.09737155081687615,1.1262932458854709,9.0,0.0,0.010819061201875127,1998,499.15811088295686,0.2822822822822823,0.04819918372208458,1.0621511046237206,8.0,0.015515515515515516,0.006024897965260572
breakout,2.0,0.5,5002,"{""family"": ""breakout"", ""min_ddv"": 10000000.0, ""min_price"": 5.0, ""regime"": ""none"", ""trend"": true, ""mom_min"": 0.15, ""rsi2_max"": 100.0, ""rsi14_max"": 100.0, ""ret21_max"": 1.0, ""dist_ema20_max"": 1.0, ""dist_ema50_min"": -1.0, ""dist_hh60_min"": -1.0, ""atr_ratio_max"": 10.0, ""vol_ratio_min"": 1.3, ""up_close"": false, ""strong_close"": false}",1633,233.10324599139616,0.6693202694427434,-0.027038782930149222,0.9236563464563717,4.0,0.0,-0.006759695732537306,1287,321.5297741273101,0.6682206682206682,-0.0268459664555437,0.9243305981848561,3.0,0.0,-0.008948655485181234,1893,472.92607802874744,0.6846275752773375,-0.0013195442619293987,0.9961086452749525,3.0,0.0036978341257263604,-0.0004398480873097996
breakout,2.0,0.75,5002,"{""family"": ""breakout"", ""min_ddv"": 10000000.0, ""min_price"": 5.0, ""regime"": ""none"", ""trend"": true, ""mom_min"": 0.15, ""rsi2_max"": 100.0, ""rsi14_max"": 100.0, ""ret21_max"": 1.0, ""dist_ema20_max"": 1.0, ""dist_ema50_min"": -1.0, ""dist_hh60_min"": -1.0, ""atr_ratio_max"": 10.0, ""vol_ratio_min"": 1.3, ""up_close"": false, ""strong_close"": false}",1633,233.10324599139616,0.58420085731782,-0.008711010375267987,0.9804914117770364,6.0,0.0,-0.0014518350625446644,1287,321.5297741273101,0.5726495726495726,-0.024203227160850195,0.9469233877927609,5.0,0.0,-0.004840645432170039,1893,472.92607802874744,0.5868991019545695,0.00016825802835323517,1.000379543792217,5.0,0.005810882197569995,3.365160567064703e-05
breakout,2.0,1.0,5002,"{""family"": ""breakout"", ""min_ddv"": 10000000.0, ""min_price"": 5.0, ""regime"": ""none"", ""trend"": true, ""mom_min"": 0.15, ""rsi2_max"": 100.0, ""rsi14_max"": 100.0, ""ret21_max"": 1.0, ""dist_ema20_max"": 1.0, ""dist_ema50_min"": -1.0, ""dist_hh60_min"": -1.0, ""atr_ratio_max"": 10.0, ""vol_ratio_min"": 1.3, ""up_close"": false, ""strong_close"": false}",1633,233.10324599139616,0.5376607470912431,0.04349894905104394,1.0874184874572215,7.0,0.0,0.006214135578720563,1287,321.5297741273101,0.5058275058275058,-0.017664926930409122,0.9664483862661322,7.0,0.0,-0.002523560990058446,1893,472.92607802874744,0.5250924458531432,0.017843349233334575,1.0351347735785115,7.0,0.008452192287374538,0.002549049890476368
breakout,2.0,1.5,5002,"{""family"": ""breakout"", ""min_ddv"": 10000000.0, ""min_price"": 5.0, ""regime"": ""none"", ""trend"": true, ""mom_min"": 0.15, ""rsi2_max"": 100.0, ""rsi14_max"": 100.0, ""ret21_max"": 1.0, ""dist_ema20_max"": 1.0, ""dist_ema50_min"": -1.0, ""dist_hh60_min"": -1.0, ""atr_ratio_max"": 10.0, ""vol_ratio_min"": 1.3, ""up_close"": false, ""strong_close"": false}",1633,233.10324599139616,0.4402939375382731,0.0663248824167593,1.1098087721200796,11.0,0.0,0.006029534765159936,1287,321.5297741273101,0.411033411033411,-0.0006118932166285907,0.9990233365009799,10.0,0.0,-6.118932166285907e-05,1893,472.92607802874744,0.4289487585842578,0.03152582231289448,1.0518174541430725,9.0,0.01531959852086635,0.003502869145877165
breakout,2.0,2.0,5002,"{""family"": ""breakout"", ""min_ddv"": 10000000.0, ""min_price"": 5.0, ""regime"": ""none"", ""trend"": true, ""mom_min"": 0.15, ""rsi2_max"": 100.0, ""rsi14_max"": 100.0, ""ret21_max"": 1.0, ""dist_ema20_max"": 1.0, ""dist_ema50_min"": -1.0, ""dist_hh60_min"": -1.0, ""atr_ratio_max"": 10.0, ""vol_ratio_min"": 1.3, ""up_close"": false, ""strong_close"": false}",1633,233.10324599139616,0.37783221065523576,0.09627044953904412,1.1433075497001821,13.0,0.0,0.007405419195311087,1287,321.5297741273101,0.35742035742035744,0.03564908667695917,1.051830769735855,12.0,0.0,0.002970757223079931,1893,472.92607802874744,0.3734812466983624,0.07021839528512093,1.1050267648699825,12.0,0.01901743264659271,0.005851532940426744
breakout,2.0,3.0,5002,"{""family"": ""breakout"", ""min_ddv"": 10000000.0, ""min_price"": 5.0, ""regime"": ""none"", ""trend"": true, ""mom_min"": 0.15, ""rsi2_max"": 100.0, ""rsi14_max"": 100.0, ""ret21_max"": 1.0, ""dist_ema20_max"": 1.0, ""dist_ema50_min"": -1.0, ""dist_hh60_min"": -1.0, ""atr_ratio_max"": 10.0, ""vol_ratio_min"": 1.3, ""up_close"": false, ""strong_close"": false}",1633,233.10324599139616,0.3104715248009798,0.19094702737591907,1.254893749130398,17.0,0.0,0.011232178080936416,1287,321.5297741273101,0.26961926961926963,0.04890694920434744,1.0625231332437637,15.0,0.0,0.0032604632802898294,1893,472.92607802874744,0.29635499207606975,0.10334078244741739,1.1376173367589753,14.0,0.030110935023771792,0.007381484460529814
breakout,3.0,0.5,5002,"{""family"": ""breakout"", ""min_ddv"": 10000000.0, ""min_price"": 5.0, ""regime"": ""none"", ""trend"": true, ""mom_min"": 0.15, ""rsi2_max"": 100.0, ""rsi14_max"": 100.0, ""ret21_max"": 1.0, ""dist_ema20_max"": 1.0, ""dist_ema50_min"": -1.0, ""dist_hh60_min"": -1.0, ""atr_ratio_max"": 10.0, ""vol_ratio_min"": 1.3, ""up_close"": false, ""strong_close"": false}",1553,221.68361360969885,0.6960721184803605,0.022684546238099776,1.0701063436229894,8.0,0.0,0.002835568279762472,1095,273.56262833675567,0.6968036529680365,0.023507569929398876,1.0738497347367961,7.0,0.0,0.003358224275628411,1543,385.4859685147159,0.6733635774465327,-0.005597814337436475,0.9835905194101621,7.0,0.012313674659753726,-0.000799687762490925
breakout,3.0,0.75,5002,"{""family"": ""breakout"", ""min_ddv"": 10000000.0, ""min_price"": 5.0, ""regime"": ""none"", ""trend"": true, ""mom_min"": 0.15, ""rsi2_max"": 100.0, ""rsi14_max"": 100.0, ""ret21_max"": 1.0, ""dist_ema20_max"": 1.0, ""dist_ema50_min"": -1.0, ""dist_hh60_min"": -1.0, ""atr_ratio_max"": 10.0, ""vol_ratio_min"": 1.3, ""up_close"": false, ""strong_close"": false}",1553,221.68361360969885,0.6175144880875725,0.05573194262898868,1.135704070374886,12.0,0.0,0.004644328552415723,1095,273.56262833675567,0.6063926940639269,0.03467805855130061,1.0835312405619795,11.0,0.0,0.003152550777390964,1543,385.4859685147159,0.6007777057679844,0.032824701520861914,1.0789382101990808,11.0,0.017498379779650033,0.0029840637746238103
breakout,3.0,1.0,5002,"{""family"": ""breakout"", ""min_ddv"": 10000000.0, ""min_price"": 5.0, ""regime"": ""none"", ""trend"": true, ""mom_min"": 0.15, ""rsi2_max"": 100.0, ""rsi14_max"": 100.0, ""ret21_max"": 1.0, ""dist_ema20_max"": 1.0, ""dist_ema50_min"": -1.0, ""dist_hh60_min"": -1.0, ""atr_ratio_max"": 10.0, ""vol_ratio_min"": 1.3, ""up_close"": false, ""strong_close"": false}",1553,221.68361360969885,0.5582743077913715,0.08906618848099475,1.1875589462990082,16.0,0.0,0.005566636780062172,1095,273.56262833675567,0.5461187214611872,0.06345908157760972,1.1329017591499653,15.0,0.0,0.004230605438507315,1543,385.4859685147159,0.5392093324692158,0.05419197791969779,1.113011894458179,15.0,0.02462734931950745,0.003612798527979853
breakout,3.0,1.5,5002,"{""family"": ""breakout"", ""min_ddv"": 10000000.0, ""min_price"": 5.0, ""regime"": ""none"", ""trend"": true, ""mom_min"": 0.15, ""rsi2_max"": 100.0, ""rsi14_max"": 100.0, ""ret21_max"": 1.0, ""dist_ema20_max"": 1.0, ""dist_ema50_min"": -1.0, ""dist_hh60_min"": -1.0, ""atr_ratio_max"": 10.0, ""vol_ratio_min"": 1.3, ""up_close"": false, ""strong_close"": false}",1553,221.68361360969885,0.4739214423696072,0.15358143168397614,1.2715695456684701,23.0,0.0,0.006677453551477224,1095,273.56262833675567,0.4529680365296804,0.10242412065726539,1.1767651969882187,23.0,0.0,0.004453222637272408,1543,385.4859685147159,0.45430978613091383,0.09631478304334469,1.169033114227647,20.0,0.03240440699935191,0.004815739152167235
breakout,3.0,2.0,5002,"{""family"": ""breakout"", ""min_ddv"": 10000000.0, ""min_price"": 5.0, ""regime"": ""none"", ""trend"": true, ""mom_min"": 0.15, ""rsi2_max"": 100.0, ""rsi14_max"": 100.0, ""ret21_max"": 1.0, ""dist_ema20_max"": 1.0, ""dist_ema50_min"": -1.0, ""dist_hh60_min"": -1.0, ""atr_ratio_max"": 10.0, ""vol_ratio_min"": 1.3, ""up_close"": false, ""strong_close"": false}",1553,221.68361360969885,0.4179008370895042,0.21563970635686633,1.3435431533537328,29.0,0.0,0.007435851943340218,1095,273.56262833675567,0.382648401826484,0.11498522242856893,1.1758896798378307,29.0,0.0,0.003965007669950653,1543,385.4859685147159,0.3953337653920933,0.12969652527705736,1.2056714443974716,25.0,0.04082955281918341,0.005187861011082294
breakout,3.0,3.0,5002,"{""family"": ""breakout"", ""min_ddv"": 10000000.0, ""min_price"": 5.0, ""regime"": ""none"", ""trend"": true, ""mom_min"": 0.15, ""rsi2_max"": 100.0, ""rsi14_max"": 100.0, ""ret21_max"": 1.0, ""dist_ema20_max"": 1.0, ""dist_ema50_min"": -1.0, ""dist_hh60_min"": -1.0, ""atr_ratio_max"": 10.0, ""vol_ratio_min"": 1.3, ""up_close"": false, ""strong_close"": false}",1553,221.68361360969885,0.35157759175788794,0.3579084558271498,1.5106465081478067,40.0,0.0,0.008947711395678746,1095,273.56262833675567,0.3095890410958904,0.19482324707149914,1.2657950920673657,37.0,0.0,0.005265493164094572,1543,385.4859685147159,0.3402462734931951,0.25896595061926436,1.376427764329189,30.0,0.057679844458846406,0.008632198353975478
breakout,1.0,0.5,1165,"{""family"": ""breakout"", ""min_ddv"": 10000000.0, ""min_price"": 5.0, ""regime"": ""none"", ""trend"": true, ""mom_min"": -1.0, ""rsi2_max"": 100.0, ""rsi14_max"": 100.0, ""ret21_max"": 1.0, ""dist_ema20_max"": 1.0, ""dist_ema50_min"": -1.0, ""dist_hh60_min"": -1.0, ""atr_ratio_max"": 0.85, ""vol_ratio_min"": 0.0, ""up_close"": false, ""strong_close"": false}",371,52.95854517012123,0.6145552560646901,-0.23299357401434456,0.48571749421627625,1.0,0.0,-0.23299357401434456,578,144.40109514031485,0.6384083044982699,-0.15296641297043173,0.6322878993342907,1.0,0.0,-0.15296641297043173,216,53.96303901437371,0.6805555555555556,-0.09805544093693849,0.736850153634403,2.0,0.013888888888888888,-0.049027720468469246
breakout,1.0,0.75,1165,"{""family"": ""breakout"", ""min_ddv"": 10000000.0, ""min_price"": 5.0, ""regime"": ""none"", ""trend"": true, ""mom_min"": -1.0, ""rsi2_max"": 100.0, ""rsi14_max"": 100.0, ""ret21_max"": 1.0, ""dist_ema20_max"": 1.0, ""dist_ema50_min"": -1.0, ""dist_hh60_min"": -1.0, ""atr_ratio_max"": 0.85, ""vol_ratio_min"": 0.0, ""up_close"": false, ""strong_close"": false}",371,52.95854517012123,0.522911051212938,-0.23885411891052805,0.5805799472396277,2.0,0.0,-0.11942705945526402,578,144.40109514031485,0.5692041522491349,-0.12111755405877372,0.7565181093561,2.0,0.0,-0.06055877702938686,216,53.96303901437371,0.5925925925925926,-0.0840085679683708,0.8230445882812799,2.0,0.013888888888888888,-0.0420042839841854
breakout,1.0,1.0,1165,"{""family"": ""breakout"", ""min_ddv"": 10000000.0, ""min_price"": 5.0, ""regime"": ""none"", ""trend"": true, ""mom_min"": -1.0, ""rsi2_max"": 100.0, ""rsi14_max"": 100.0, ""ret21_max"": 1.0, ""dist_ema20_max"": 1.0, ""dist_ema50_min"": -1.0, ""dist_hh60_min"": -1.0, ""atr_ratio_max"": 0.85, ""vol_ratio_min"": 0.0, ""up_close"": false, ""strong_close"": false}",371,52.95854517012123,0.4420485175202156,-0.2755456864893934,0.5899959392416206,2.0,0.0,-0.1377728432446967,578,144.40109514031485,0.4982698961937716,-0.12047316060434586,0.7916928586311323,2.0,0.0,-0.06023658030217293,216,53.96303901437371,0.5185185185185185,-0.07707021325038808,0.8625633530722389,2.0,0.013888888888888888,-0.03853510662519404
breakout,1.0,1.5,1165,"{""family"": ""breakout"", ""min_ddv"": 10000000.0, ""min_price"": 5.0, ""regime"": ""none"", ""trend"": true, ""mom_min"": -1.0, ""rsi2_max"": 100.0, ""rsi14_max"": 100.0, ""ret21_max"": 1.0, ""dist_ema20_max"": 1.0, ""dist_ema50_min"": -1.0, ""dist_hh60_min"": -1.0, ""atr_ratio_max"": 0.85, ""vol_ratio_min"": 0.0, ""up_close"": false, ""strong_close"": false}",371,52.95854517012123,0.33962264150943394,-0.31607680808706284,0.6046745408014016,3.0,0.0,-0.10535893602902095,578,144.40109514031485,0.39792387543252594,-0.1361058930498076,0.8074641134638185,3.0,0.0,-0.04536863101660254,216,53.96303901437371,0.4444444444444444,-0.01955512689888954,0.9702071608764916,3.0,0.018518518518518517,-0.006518375632963181
breakout,1.0,2.0,1165,"{""family"": ""breakout"", ""min_ddv"": 10000000.0, ""min_price"": 5.0, ""regime"": ""none"", ""trend"": true, ""mom_min"": -1.0, ""rsi2_max"": 100.0, ""rsi14_max"": 100.0, ""ret21_max"": 1.0, ""dist_ema20_max"": 1.0, ""dist_ema50_min"": -1.0, ""dist_hh60_min"": -1.0, ""atr_ratio_max"": 0.85, ""vol_ratio_min"": 0.0, ""up_close"": false, ""strong_close"": false}",371,52.95854517012123,0.2803234501347709,-0.3237626266120492,0.6266923541004691,4.0,0.0,-0.0809406566530123,578,144.40109514031485,0.35121107266435986,-0.07629262069331114,0.8996787605676794,4.0,0.0,-0.019073155173327784,216,53.96303901437371,0.38425925925925924,-0.003944008102870183,0.9946347194977662,4.0,0.018518518518518517,-0.0009860020257175456
breakout,1.0,3.0,1165,"{""family"": ""breakout"", ""min_ddv"": 10000000.0, ""min_price"": 5.0, ""regime"": ""none"", ""trend"": true, ""mom_min"": -1.0, ""rsi2_max"": 100.0, ""rsi14_max"": 100.0, ""ret21_max"": 1.0, ""dist_ema20_max"": 1.0, ""dist_ema50_min"": -1.0, ""dist_hh60_min"": -1.0, ""atr_ratio_max"": 0.85, ""vol_ratio_min"": 0.0, ""up_close"": false, ""strong_close"": false}",371,52.95854517012123,0.20754716981132076,-0.34864066153602224,0.6356036386954471,4.0,0.0,-0.08716016538400556,578,144.40109514031485,0.2820069204152249,-0.030282150080319058,0.9645841622496268,5.0,0.0,-0.0060564300160638115,216,53.96303901437371,0.30092592592592593,0.035024927971198,1.0416616653320312,6.0,0.018518518518518517,0.005837487995199667
breakout,1.5,0.5,1165,"{""family"": ""breakout"", ""min_ddv"": 10000000.0, ""min_price"": 5.0, ""regime"": ""none"", ""trend"": true, ""mom_min"": -1.0, ""rsi2_max"": 100.0, ""rsi14_max"": 100.0, ""ret21_max"": 1.0, ""dist_ema20_max"": 1.0, ""dist_ema50_min"": -1.0, ""dist_hh60_min"": -1.0, ""atr_ratio_max"": 0.85, ""vol_ratio_min"": 0.0, ""up_close"": false, ""strong_close"": false}",371,52.95854517012123,0.6091644204851752,-0.18391394748399417,0.5890227120942974,3.0,0.0,-0.06130464916133139,578,144.40109514031485,0.6557093425605537,-0.09031321574262008,0.7632363950004559,2.0,0.0,-0.04515660787131004,216,53.96303901437371,0.6712962962962963,-0.06013685001397066,0.8314445183580048,3.0,0.013888888888888888,-0.02004561667132355
breakout,1.5,0.75,1165,"{""family"": ""breakout"", ""min_ddv"": 10000000.0, ""min_price"": 5.0, ""regime"": ""none"", ""trend"": true, ""mom_min"": -1.0, ""rsi2_max"": 100.0, ""rsi14_max"": 100.0, ""ret21_max"": 1.0, ""dist_ema20_max"": 1.0, ""dist_ema50_min"": -1.0, ""dist_hh60_min"": -1.0, ""atr_ratio_max"": 0.85, ""vol_ratio_min"": 0.0, ""up_close"": false, ""strong_close"": false}",371,52.95854517012123,0.5040431266846361,-0.22301336102612143,0.6098986377530221,3.0,0.0,-0.07433778700870715,578,144.40109514031485,0.5743944636678201,-0.06676195842907742,0.8595995548406237,3.0,0.0,-0.022253986143025806,216,53.96303901437371,0.5787037037037037,-0.05159895870256179,0.888631910507357,3.5,0.013888888888888888,-0.014742559629303367
breakout,1.5,1.0,1165,"{""family"": ""breakout"", ""min_ddv"": 10000000.0, ""min_price"": 5.0, ""regime"": ""none"", ""trend"": true, ""mom_min"": -1.0, ""rsi2_max"": 100.0, ""rsi14_max"": 100.0, ""ret21_max"": 1.0, ""dist_ema20_max"": 1.0, ""dist_ema50_min"": -1.0, ""dist_hh60_min"": -1.0, ""atr_ratio_max"": 0.85, ""vol_ratio_min"": 0.0, ""up_close"": false, ""strong_close"": false}",371,52.95854517012123,0.4501347708894879,-0.20400462776020173,0.6776391059599636,4.0,0.0,-0.05100115694005043,578,144.40109514031485,0.48788927335640137,-0.10634832596567557,0.8150044672486783,4.0,0.0,-0.026587081491418894,216,53.96303901437371,0.5324074074074074,-0.006337268150235115,0.9876814114089384,4.0,0.018518518518518517,-0.0015843170375587788
breakout,1.5,1.5,1165,"{""family"": ""breakout"", ""min_ddv"": 10000000.0, ""min_price"": 5.0, ""regime"": ""none"", ""trend"": true, ""mom_min"": -1.0, ""rsi2_max"": 100.0, ""rsi14_max"": 100.0, ""ret21_max"": 1.0, ""dist_ema20_max"": 1.0, ""dist_ema50_min"": -1.0, ""dist_hh60_min"": -1.0, ""atr_ratio_max"": 0.85, ""vol_ratio_min"": 0.0, ""up_close"": false, ""strong_close"": false}",371,52.95854517012123,0.3423180592991914,-0.25354362390550594,0.6647904183680748,5.0,0.0,-0.05070872478110119,578,144.40109514031485,0.4031141868512111,-0.08073947755672874,0.879268973933075,6.0,0.0,-0.013456579592788122,216,53.96303901437371,0.4583333333333333,0.06144882790137557,1.1025861080834436,6.0,0.018518518518518517,0.010241471316895928
breakout,1.5,2.0,1165,"{""family"": ""breakout"", ""min_ddv"": 10000000.0, ""min_price"": 5.0, ""regime"": ""none"", ""trend"": true, ""mom_min"": -1.0, ""rsi2_max"": 100.0, ""rsi14_max"": 100.0, ""ret21_max"": 1.0, ""dist_ema20_max"": 1.0, ""dist_ema50_min"": -1.0, ""dist_hh60_min"": -1.0, ""atr_ratio_max"": 0.85, ""vol_ratio_min"": 0.0, ""up_close"": false, ""strong_close"": false}",371,52.95854517012123,0.29649595687331537,-0.2232446977335209,0.7236733732280135,6.0,0.0,-0.03720744962225348,578,144.40109514031485,0.36678200692041524,-0.012956392239686957,0.9821943304010642,7.0,0.0,-0.0018509131770981368,216,53.96303901437371,0.3888888888888889,0.06895740963405492,1.1004525751925602,8.0,0.018518518518518517,0.008619676204256865
breakout,1.5,3.0,1165,"{""family"": ""breakout"", ""min_ddv"": 10000000.0, ""min_price"": 5.0, ""regime"": ""none"", ""trend"": true, ""mom_min"": -1.0, ""rsi2_max"": 100.0, ""rsi14_max"": 100.0, ""ret21_max"": 1.0, ""dist_ema20_max"": 1.0, ""dist_ema50_min"": -1.0, ""dist_hh60_min"": -1.0, ""atr_ratio_max"": 0.85, ""vol_ratio_min"": 0.0, ""up_close"": false, ""strong_close"": false}",371,52.95854517012123,0.1967654986522911,-0.33801358559231864,0.6315466897698163,8.0,0.0,-0.04225169819903983,578,144.40109514031485,0.29930795847750863,0.0904342655800712,1.1120071832337197,8.0,0.0,0.0113042831975089,216,53.96303901437371,0.2824074074074074,-0.008581599944198255,0.989399748705389,9.5,0.041666666666666664,-0.0009033263099156057
breakout,2.0,0.5,1165,"{""family"": ""breakout"", ""min_ddv"": 10000000.0, ""min_price"": 5.0, ""regime"": ""none"", ""trend"": true, ""mom_min"": -1.0, ""rsi2_max"": 100.0, ""rsi14_max"": 100.0, ""ret21_max"": 1.0, ""dist_ema20_max"": 1.0, ""dist_ema50_min"": -1.0, ""dist_hh60_min"": -1.0, ""atr_ratio_max"": 0.85, ""vol_ratio_min"": 0.0, ""up_close"": false, ""strong_close"": false}",370,52.815799765350015,0.5783783783783784,-0.20759050524303202,0.5587242002866274,4.0,0.0,-0.051897626310758005,576,143.90143737166323,0.6649305555555556,-0.049648430784116064,0.8634015623874082,4.0,0.0,-0.012412107696029016,213,53.2135523613963,0.6338028169014085,-0.0908903050178886,0.767760540967252,3.0,0.014084507042253521,-0.0302967683392962
breakout,2.0,0.75,1165,"{""family"": ""breakout"", ""min_ddv"": 10000000.0, ""min_price"": 5.0, ""regime"": ""none"", ""trend"": true, ""mom_min"": -1.0, ""rsi2_max"": 100.0, ""rsi14_max"": 100.0, ""ret21_max"": 1.0, ""dist_ema20_max"": 1.0, ""dist_ema50_min"": -1.0, ""dist_hh60_min"": -1.0, ""atr_ratio_max"": 0.85, ""vol_ratio_min"": 0.0, ""up_close"": false, ""strong_close"": false}",370,52.815799765350015,0.4972972972972973,-0.20321409204083885,0.6368394730481799,5.0,0.0,-0.04064281840816777,576,143.90143737166323,0.5607638888888888,-0.0723443378585701,0.848842461780699,5.0,0.0,-0.01446886757171402,213,53.2135523613963,0.5868544600938967,-0.03973054055760249,0.9140016368504361,5.0,0.018779342723004695,-0.007946108111520498
breakout,2.0,1.0,1165,"{""family"": ""breakout"", ""min_ddv"": 10000000.0, ""min_price"": 5.0, ""regime"": ""none"", ""trend"": true, ""mom_min"": -1.0, ""rsi2_max"": 100.0, ""rsi14_max"": 100.0, ""ret21_max"": 1.0, ""dist_ema20_max"": 1.0, ""dist_ema50_min"": -1.0, ""dist_hh60_min"": -1.0, ""atr_ratio_max"": 0.85, ""vol_ratio_min"": 0.0, ""up_close"": false, ""strong_close"": false}",370,52.815799765350015,0.4243243243243243,-0.2324733443913318,0.6412808377259974,6.0,0.0,-0.0387455573985553,576,143.90143737166323,0.5017361111111112,-0.05250358714521732,0.9030819599719178,6.0,0.0,-0.00875059785753622,213,53.2135523613963,0.5258215962441315,-0.03275461934090342,0.9389619235946305,7.0,0.018779342723004695,-0.004679231334414774
breakout,2.0,1.5,1165,"{""family"": ""breakout"", ""min_ddv"": 10000000.0, ""min_price"": 5.0, ""regime"": ""none"", ""trend"": true, ""mom_min"": -1.0, ""rsi2_max"": 100.0, ""rsi14_max"": 100.0, ""ret21_max"": 1.0, ""dist_ema20_max"": 1.0, ""dist_ema50_min"": -1.0, ""dist_hh60_min"": -1.0, ""atr_ratio_max"": 0.85, ""vol_ratio_min"": 0.0, ""up_close"": false, ""strong_close"": false}",370,52.815799765350015,0.34324324324324323,-0.22981974954665477,0.6876698367564414,8.0,0.0,-0.028727468693331846,576,143.90143737166323,0.4357638888888889,0.014846889171446661,1.0236942964569042,9.0,0.0,0.0016496543523829624,213,53.2135523613963,0.460093896713615,0.0537072051646596,1.0877956504923858,9.0,0.023474178403755867,0.005967467240517733
breakout,2.0,2.0,1165,"{""family"": ""breakout"", ""min_ddv"": 10000000.0, ""min_price"": 5.0, ""regime"": ""none"", ""trend"": true, ""mom_min"": -1.0, ""rsi2_max"": 100.0, ""rsi14_max"": 100.0, ""ret21_max"": 1.0, ""dist_ema20_max"": 1.0, ""dist_ema50_min"": -1.0, ""dist_hh60_min"": -1.0, ""atr_ratio_max"": 0.85, ""vol_ratio_min"": 0.0, ""up_close"": false, ""strong_close"": false}",370,52.815799765350015,0.28378378378378377,-0.23674727582189822,0.7040766519152792,10.0,0.0,-0.023674727582189824,576,143.90143737166323,0.3940972222222222,0.10622364174542541,1.15759234518028,11.0,0.0,0.009656694704129583,213,53.2135523613963,0.39436619718309857,0.07325207659119518,1.1073014290719336,12.0,0.04225352112676056,0.006104339715932931
breakout,2.0,3.0,1165,"{""family"": ""breakout"", ""min_ddv"": 10000000.0, ""min_price"": 5.0, ""regime"": ""none"", ""trend"": true, ""mom_min"": -1.0, ""rsi2_max"": 100.0, ""rsi14_max"": 100.0, ""ret21_max"": 1.0, ""dist_ema20_max"": 1.0, ""dist_ema50_min"": -1.0, ""dist_hh60_min"": -1.0, ""atr_ratio_max"": 0.85, ""vol_ratio_min"": 0.0, ""up_close"": false, ""strong_close"": false}",370,52.815799765350015,0.20540540540540542,-0.2809097538766912,0.6834559197282134,12.0,0.0,-0.023409146156390934,576,143.90143737166323,0.3315972222222222,0.23465818642000322,1.3125365585210096,14.0,0.0,0.01676129903000023,213,53.2135523613963,0.3004694835680751,0.06444516271548532,1.0811467265128245,15.0,0.051643192488262914,0.004296344181032355
breakout,3.0,0.5,1165,"{""family"": ""breakout"", ""min_ddv"": 10000000.0, ""min_price"": 5.0, ""regime"": ""none"", ""trend"": true, ""mom_min"": -1.0, ""rsi2_max"": 100.0, ""rsi14_max"": 100.0, ""ret21_max"": 1.0, ""dist_ema20_max"": 1.0, ""dist_ema50_min"": -1.0, ""dist_hh60_min"": -1.0, ""atr_ratio_max"": 0.85, ""vol_ratio_min"": 0.0, ""up_close"": false, ""strong_close"": false}",367,52.38756355103637,0.5831062670299727,-0.16638516703046577,0.6273232199716177,7.0,0.0,-0.023769309575780825,557,139.15468856947297,0.6786355475763016,-0.0229278329353436,0.933745004819754,7.0,0.0,-0.0032754047050490855,204,50.965092402464066,0.6568627450980392,-0.05273973331480967,0.8556627347946559,6.0,0.0196078431372549,-0.008789955552468278
breakout,3.0,0.75,1165,"{""family"": ""breakout"", ""min_ddv"": 10000000.0, ""min_price"": 5.0, ""regime"": ""none"", ""trend"": true, ""mom_min"": -1.0, ""rsi2_max"": 100.0, ""rsi14_max"": 100.0, ""ret21_max"": 1.0, ""dist_ema20_max"": 1.0, ""dist_ema50_min"": -1.0, ""dist_hh60_min"": -1.0, ""atr_ratio_max"": 0.85, ""vol_ratio_min"": 0.0, ""up_close"": false, ""strong_close"": false}",367,52.38756355103637,0.49591280653950953,-0.1719716623666645,0.6829919931940932,10.0,0.0,-0.01719716623666645,557,139.15468856947297,0.6104129263913824,0.024622843791597467,1.0588987611595437,9.0,0.0,0.0027358715323997185,204,50.965092402464066,0.5882352941176471,-0.01961502919360018,0.9554284166125825,9.0,0.024509803921568627,-0.002179447688177798
breakout,3.0,1.0,1165,"{""family"": ""breakout"", ""min_ddv"": 10000000.0, ""min_price"": 5.0, ""regime"": ""none"", ""trend"": true, ""mom_min"": -1.0, ""rsi2_max"": 100.0, ""rsi14_max"": 100.0, ""ret21_max"": 1.0, ""dist_ema20_max"": 1.0, ""dist_ema50_min"": -1.0, ""dist_hh60_min"": -1.0, ""atr_ratio_max"": 0.85, ""vol_ratio_min"": 0.0, ""up_close"": false, ""strong_close"": false}",367,52.38756355103637,0.45776566757493187,-0.12973745313456925,0.7774134764807751,12.0,0.0,-0.01081145442788077,557,139.15468856947297,0.5673249551166966,0.08321571629668498,1.1766015618665704,12.0,0.0,0.006934643024723748,204,50.965092402464066,0.5441176470588235,0.0371459774652163,1.076290893338214,13.5,0.024509803921568627,0.0027515538863123186
breakout,3.0,1.5,1165,"{""family"": ""breakout"", ""min_ddv"": 10000000.0, ""min_price"": 5.0, ""regime"": ""none"", ""trend"": true, ""mom_min"": -1.0, ""rsi2_max"": 100.0, ""rsi14_max"": 100.0, ""ret21_max"": 1.0, ""dist_ema20_max"": 1.0, ""dist_ema50_min"": -1.0, ""dist_hh60_min"": -1.0, ""atr_ratio_max"": 0.85, ""vol_ratio_min"": 0.0, ""up_close"": false, ""strong_close"": false}",367,52.38756355103637,0.3787465940054496,-0.11655770298784336,0.8273093153157987,17.0,0.0,-0.0068563354698731385,557,139.15468856947297,0.4919210053859964,0.17863477669862626,1.3202519981546774,17.0,0.0,0.010507928041095663,204,50.965092402464066,0.44607843137254904,0.052252808533321635,1.0885886059350447,20.0,0.049019607843137254,0.0026126404266660816
breakout,3.0,2.0,1165,"{""family"": ""breakout"", ""min_ddv"": 10000000.0, ""min_price"": 5.0, ""regime"": ""none"", ""trend"": true, ""mom_min"": -1.0, ""rsi2_max"": 100.0, ""rsi14_max"": 100.0, ""ret21_max"": 1.0, ""dist_ema20_max"": 1.0, ""dist_ema50_min"": -1.0, ""dist_hh60_min"": -1.0, ""atr_ratio_max"": 0.85, ""vol_ratio_min"": 0.0, ""up_close"": false, ""strong_close"": false}",367,52.38756355103637,0.31607629427792916,-0.11747262152206768,0.8415701067154989,20.0,0.0,-0.005873631076103384,557,139.15468856947297,0.4506283662477558,0.293341727579804,1.4854388437286021,21.0,0.0,0.01396865369427638,204,50.965092402464066,0.37745098039215685,0.05667767043650837,1.0850234589322318,24.0,0.058823529411764705,0.0023615696015211823
breakout,3.0,3.0,1165,"{""family"": ""breakout"", ""min_ddv"": 10000000.0, ""min_price"": 5.0, ""regime"": ""none"", ""trend"": true, ""mom_min"": -1.0, ""rsi2_max"": 100.0, ""rsi14_max"": 100.0, ""ret21_max"": 1.0, ""dist_ema20_max"": 1.0, ""dist_ema50_min"": -1.0, ""dist_hh60_min"": -1.0, ""atr_ratio_max"": 0.85, ""vol_ratio_min"": 0.0, ""up_close"": false, ""strong_close"": false}",367,52.38756355103637,0.28337874659400547,0.07666522196507303,1.098787336810029,22.0,0.0,0.0034847828165942285,557,139.15468856947297,0.38420107719928187,0.480303595608271,1.7125124515815173,30.0,0.0,0.016010119853609034,204,50.965092402464066,0.28431372549019607,-0.0020523363562888904,0.9973143363817234,28.0,0.058823529411764705,-7.329772701031752e-05
breakout,1.0,0.5,1008,"{""family"": ""breakout"", ""min_ddv"": 10000000.0, ""min_price"": 5.0, ""regime"": ""none"", ""trend"": true, ""mom_min"": 0.0, ""rsi2_max"": 100.0, ""rsi14_max"": 100.0, ""ret21_max"": 1.0, ""dist_ema20_max"": 1.0, ""dist_ema50_min"": -1.0, ""dist_hh60_min"": -1.0, ""atr_ratio_max"": 0.85, ""vol_ratio_min"": 0.0, ""up_close"": false, ""strong_close"": false}",327,46.677747360187716,0.599388379204893,-0.25826764648092215,0.45226039273014584,2.0,0.0,-0.12913382324046108,500,124.91444216290212,0.648,-0.14355276929372643,0.6473073639502023,1.0,0.0,-0.14355276929372643,181,45.219028062970565,0.6795580110497238,-0.10093943443883706,0.7288195579992701,2.0,0.016574585635359115,-0.05046971721941853
breakout,1.0,0.75,1008,"{""family"": ""breakout"", ""min_ddv"": 10000000.0, ""min_price"": 5.0, ""regime"": ""none"", ""trend"": true, ""mom_min"": 0.0, ""rsi2_max"": 100.0, ""rsi14_max"": 100.0, ""ret21_max"": 1.0, ""dist_ema20_max"": 1.0, ""dist_ema50_min"": -1.0, ""dist_hh60_min"": -1.0, ""atr_ratio_max"": 0.85, ""vol_ratio_min"": 0.0, ""up_close"": false, ""strong_close"": false}",327,46.677747360187716,0.5015290519877675,-0.27867823411542986,0.5328632389032651,2.0,0.0,-0.13933911705771493,500,124.91444216290212,0.574,-0.11994896021461632,0.7574659292176843,2.0,0.0,-0.05997448010730816,181,45.219028062970565,0.574585635359116,-0.11794642598509426,0.7612865017658145,2.0,0.016574585635359115,-0.05897321299254713
breakout,1.0,1.0,1008,"{""family"": ""breakout"", ""min_ddv"": 10000000.0, ""min_price"": 5.0, ""regime"": ""none"", ""trend"": true, ""mom_min"": 0.0, ""rsi2_max"": 100.0, ""rsi14_max"": 100.0, ""ret21_max"": 1.0, ""dist_ema20_max"": 1.0, ""dist_ema50_min"": -1.0, ""dist_hh60_min"": -1.0, ""atr_ratio_max"": 0.85, ""vol_ratio_min"": 0.0, ""up_close"": false, ""strong_close"": false}",327,46.677747360187716,0.40978593272171254,-0.34324267317279705,0.51855147246295,2.0,0.0,-0.17162133658639853,500,124.91444216290212,0.5,-0.12110669494033152,0.7908769693516372,2.0,0.0,-0.06055334747016576,181,45.219028062970565,0.49171270718232046,-0.1454418935647085,0.7537535960774475,2.0,0.016574585635359115,-0.07272094678235425
breakout,1.0,1.5,1008,"{""family"": ""breakout"", ""min_ddv"": 10000000.0, ""min_price"": 5.0, ""regime"": ""none"", ""trend"": true, ""mom_min"": 0.0, ""rsi2_max"": 100.0, ""rsi14_max"": 100.0, ""ret21_max"": 1.0, ""dist_ema20_max"": 1.0, ""dist_ema50_min"": -1.0, ""dist_hh60_min"": -1.0, ""atr_ratio_max"": 0.85, ""vol_ratio_min"": 0.0, ""up_close"": false, ""strong_close"": false}",327,46.677747360187716,0.3058103975535168,-0.4041464062074647,0.5207720155402785,3.0,0.0,-0.13471546873582158,500,124.91444216290212,0.412,-0.09908997370397915,0.8562680581687484,3.0,0.0,-0.03302999123465972,181,45.219028062970565,0.425414364640884,-0.07228751273023722,0.8914605229266452,3.0,0.022099447513812154,-0.02409583757674574
breakout,1.0,2.0,1008,"{""family"": ""breakout"", ""min_ddv"": 10000000.0, ""min_price"": 5.0, ""regime"": ""none"", ""trend"": true, ""mom_min"": 0.0, ""rsi2_max"": 100.0, ""rsi14_max"": 100.0, ""ret21_max"": 1.0, ""dist_ema20_max"": 1.0, ""dist_ema50_min"": -1.0, ""dist_hh60_min"": -1.0, ""atr_ratio_max"": 0.85, ""vol_ratio_min"": 0.0, ""up_close"": false, ""strong_close"": false}",327,46.677747360187716,0.24770642201834864,-0.42590817456249874,0.5319010179042271,3.0,0.0,-0.1419693915208329,500,124.91444216290212,0.362,-0.046338355577814315,0.9379599094797378,4.0,0.0,-0.011584588894453579,181,45.219028062970565,0.3701657458563536,-0.04902109565551823,0.9339110606328651,4.0,0.022099447513812154,-0.012255273913879558
breakout,1.0,3.0,1008,"{""family"": ""breakout"", ""min_ddv"": 10000000.0, ""min_price"": 5.0, ""regime"": ""none"", ""trend"": true, ""mom_min"": 0.0, ""rsi2_max"": 100.0, ""rsi14_max"": 100.0, ""ret21_max"": 1.0, ""dist_ema20_max"": 1.0, ""dist_ema50_min"": -1.0, ""dist_hh60_min"": -1.0, ""atr_ratio_max"": 0.85, ""vol_ratio_min"": 0.0, ""up_close"": false, ""strong_close"": false}",327,46.677747360187716,0.18960244648318042,-0.42569953623174994,0.5674674375171516,4.0,0.0,-0.10642488405793749,500,124.91444216290212,0.294,0.014052398832794388,1.0166717312432356,4.5,0.0,0.003122755296176531,181,45.219028062970565,0.281767955801105,-0.04786067114234719,0.9440036807010368,6.0,0.022099447513812154,-0.007976778523724531
breakout,1.5,0.5,1008,"{""family"": ""breakout"", ""min_ddv"": 10000000.0, ""min_price"": 5.0, ""regime"": ""none"", ""trend"": true, ""mom_min"": 0.0, ""rsi2_max"": 100.0, ""rsi14_max"": 100.0, ""ret21_max"": 1.0, ""dist_ema20_max"": 1.0, ""dist_ema50_min"": -1.0, ""dist_hh60_min"": -1.0, ""atr_ratio_max"": 0.85, ""vol_ratio_min"": 0.0, ""up_close"": false, ""strong_close"": false}",327,46.677747360187716,0.5932721712538226,-0.2092903600759444,0.5523531534314075,3.0,0.0,-0.06976345335864813,500,124.91444216290212,0.66,-0.08902821638374919,0.7652307369037472,2.0,0.0,-0.044514108191874596,181,45.219028062970565,0.6574585635359116,-0.08303312230188854,0.7763559437028913,3.0,0.016574585635359115,-0.027677707433962848
breakout,1.5,0.75,1008,"{""family"": ""breakout"", ""min_ddv"": 10000000.0, ""min_price"": 5.0, ""regime"": ""none"", ""trend"": true, ""mom_min"": 0.0, ""rsi2_max"": 100.0, ""rsi14_max"": 100.0, ""ret21_max"": 1.0, ""dist_ema20_max"": 1.0, ""dist_ema50_min"": -1.0, ""dist_hh60_min"": -1.0, ""atr_ratio_max"": 0.85, ""vol_ratio_min"": 0.0, ""up_close"": false, ""strong_close"": false}",327,46.677747360187716,0.47706422018348627,-0.27255910464796884,0.5493471069752504,4.0,0.0,-0.06813977616199221,500,124.91444216290212,0.574,-0.07656174004724621,0.8402172933737926,3.0,0.0,-0.025520580015748737,181,45.219028062970565,0.5580110497237569,-0.08982120027374789,0.8123455402473315,3.0,0.016574585635359115,-0.029940400091249295
breakout,1.5,1.0,1008,"{""family"": ""breakout"", ""min_ddv"": 10000000.0, ""min_price"": 5.0, ""regime"": ""none"", ""trend"": true, ""mom_min"": 0.0, ""rsi2_max"": 100.0, ""rsi14_max"": 100.0, ""ret21_max"": 1.0, ""dist_ema20_max"": 1.0, ""dist_ema50_min"": -1.0, ""dist_hh60_min"": -1.0, ""atr_ratio_max"": 0.85, ""vol_ratio_min"": 0.0, ""up_close"": false, ""strong_close"": false}",327,46.677747360187716,0.42201834862385323,-0.2624184625488416,0.6068700647635851,4.0,0.0,-0.0656046156372104,500,124.91444216290212,0.498,-0.09209042190448315,0.83718377831305,4.0,0.0,-0.023022605476120787,181,45.219028062970565,0.5138121546961326,-0.04846953391619804,0.9081820859548845,5.0,0.022099447513812154,-0.009693906783239609
breakout,1.5,1.5,1008,"{""family"": ""breakout"", ""min_ddv"": 10000000.0, ""min_price"": 5.0, ""regime"": ""none"", ""trend"": true, ""mom_min"": 0.0, ""rsi2_max"": 100.0, ""rsi14_max"": 100.0, ""ret21_max"": 1.0, ""dist_ema20_max"": 1.0, ""dist_ema50_min"": -1.0, ""dist_hh60_min"": -1.0, ""atr_ratio_max"": 0.85, ""vol_ratio_min"": 0.0, ""up_close"": false, ""strong_close"": false}",327,46.677747360187716,0.3241590214067278,-0.30344485378166397,0.6116215189376762,5.0,0.0,-0.0606889707563328,500,124.91444216290212,0.408,-0.07584247850641779,0.8860785608373356,6.0,0.0,-0.012640413084402965,181,45.219028062970565,0.4419889502762431,0.01650709081222183,1.0270111046081085,6.0,0.022099447513812154,0.0027511818020369717
breakout,1.5,2.0,1008,"{""family"": ""breakout"", ""min_ddv"": 10000000.0, ""min_price"": 5.0, ""regime"": ""none"", ""trend"": true, ""mom_min"": 0.0, ""rsi2_max"": 100.0, ""rsi14_max"": 100.0, ""ret21_max"": 1.0, ""dist_ema20_max"": 1.0, ""dist_ema50_min"": -1.0, ""dist_hh60_min"": -1.0, ""atr_ratio_max"": 0.85, ""vol_ratio_min"": 0.0, ""up_close"": false, ""strong_close"": false}",327,46.677747360187716,0.28440366972477066,-0.2641830987968945,0.6804496645956595,6.0,0.0,-0.04403051646614908,500,124.91444216290212,0.374,5.985841329214736e-05,1.0000825473508181,6.0,0.0,9.976402215357893e-06,181,45.219028062970565,0.3701657458563536,0.005424291701027772,1.0077060909802626,8.0,0.022099447513812154,0.0006780364626284715
breakout,1.5,3.0,1008,"{""family"": ""breakout"", ""min_ddv"": 10000000.0, ""min_price"": 5.0, ""regime"": ""none"", ""trend"": true, ""mom_min"": 0.0, ""rsi2_max"": 100.0, ""rsi14_max"": 100.0, ""ret21_max"": 1.0, ""dist_ema20_max"": 1.0, ""dist_ema50_min"": -1.0, ""dist_hh60_min"": -1.0, ""atr_ratio_max"": 0.85, ""vol_ratio_min"": 0.0, ""up_close"": false, ""strong_close"": false}",327,46.677747360187716,0.18042813455657492,-0.40827927131088265,0.56617003923251,7.0,0.0,-0.05832561018726895,500,124.91444216290212,0.308,0.12197223474818816,1.1517483218026152,8.0,0.0,0.01524652934352352,181,45.219028062970565,0.2596685082872928,-0.10778521796754874,0.8706578506058069,9.0,0.049723756906077346,-0.011976135329727638
breakout,2.0,0.5,1008,"{""family"": ""breakout"", ""min_ddv"": 10000000.0, ""min_price"": 5.0, ""regime"": ""none"", ""trend"": true, ""mom_min"": 0.0, ""rsi2_max"": 100.0, ""rsi14_max"": 100.0, ""ret21_max"": 1.0, ""dist_ema20_max"": 1.0, ""dist_ema50_min"": -1.0, ""dist_hh60_min"": -1.0, ""atr_ratio_max"": 0.85, ""vol_ratio_min"": 0.0, ""up_close"": false, ""strong_close"": false}",326,46.535001955416504,0.558282208588957,-0.23889228662402304,0.5166432441318427,4.0,0.0,-0.05972307165600576,498,124.4147843942505,0.6646586345381527,-0.05313114050829338,0.8538805777861104,4.0,0.0,-0.013282785127073345,178,44.469541409993155,0.6179775280898876,-0.12199374577392579,0.7018515976192629,3.0,0.016853932584269662,-0.04066458192464193
breakout,2.0,0.75,1008,"{""family"": ""breakout"", ""min_ddv"": 10000000.0, ""min_price"": 5.0, ""regime"": ""none"", ""trend"": true, ""mom_min"": 0.0, ""rsi2_max"": 100.0, ""rsi14_max"": 100.0, ""ret21_max"": 1.0, ""dist_ema20_max"": 1.0, ""dist_ema50_min"": -1.0, ""dist_hh60_min"": -1.0, ""atr_ratio_max"": 0.85, ""vol_ratio_min"": 0.0, ""up_close"": false, ""strong_close"": false}",326,46.535001955416504,0.4723926380368098,-0.2478244794012703,0.5792084487466346,5.0,0.0,-0.04956489588025406,498,124.4147843942505,0.5682730923694779,-0.06211656465416377,0.8680727933885415,5.0,0.0,-0.012423312930832753,178,44.469541409993155,0.5730337078651685,-0.07268883746534756,0.8477048789234989,5.0,0.02247191011235955,-0.014537767493069512
breakout,2.0,1.0,1008,"{""family"": ""breakout"", ""min_ddv"": 10000000.0, ""min_price"": 5.0, ""regime"": ""none"", ""trend"": true, ""mom_min"": 0.0, ""rsi2_max"": 100.0, ""rsi14_max"": 100.0, ""ret21_max"": 1.0, ""dist_ema20_max"": 1.0, ""dist_ema50_min"": -1.0, ""dist_hh60_min"": -1.0, ""atr_ratio_max"": 0.85, ""vol_ratio_min"": 0.0, ""up_close"": false, ""strong_close"": false}",326,46.535001955416504,0.3987730061349693,-0.2861809063454645,0.5789182507262836,6.0,0.0,-0.047696817724244084,498,124.4147843942505,0.5040160642570282,-0.052148028047003046,0.9033544166341627,6.0,0.0,-0.008691338007833841,178,44.469541409993155,0.5112359550561798,-0.07027172435879031,0.8733290216895233,7.0,0.02247191011235955,-0.010038817765541472
breakout,2.0,1.5,1008,"{""family"": ""breakout"", ""min_ddv"": 10000000.0, ""min_price"": 5.0, ""regime"": ""none"", ""trend"": true, ""mom_min"": 0.0, ""rsi2_max"": 100.0, ""rsi14_max"": 100.0, ""ret21_max"": 1.0, ""dist_ema20_max"": 1.0, ""dist_ema50_min"": -1.0, ""dist_hh60_min"": -1.0, ""atr_ratio_max"": 0.85, ""vol_ratio_min"": 0.0, ""up_close"": false, ""strong_close"": false}",326,46.535001955416504,0.3282208588957055,-0.2713622734101992,0.6413518181437805,8.0,0.0,-0.0339202841762749,498,124.4147843942505,0.44176706827309237,0.021402283640977827,1.0343660253316493,8.5,0.0,0.00251791572246798,178,44.469541409993155,0.4438202247191011,0.00046053818254710637,1.000727587269776,9.0,0.028089887640449437,5.117090917190071e-05
breakout,2.0,2.0,1008,"{""family"": ""breakout"", ""min_ddv"": 10000000.0, ""min_price"": 5.0, ""regime"": ""none"", ""trend"": true, ""mom_min"": 0.0, ""rsi2_max"": 100.0, ""rsi14_max"": 100.0, ""ret21_max"": 1.0, ""dist_ema20_max"": 1.0, ""dist_ema50_min"": -1.0, ""dist_hh60_min"": -1.0, ""atr_ratio_max"": 0.85, ""vol_ratio_min"": 0.0, ""up_close"": false, ""strong_close"": false}",326,46.535001955416504,0.26993865030674846,-0.2817590990976767,0.6562146115930461,10.0,0.0,-0.02817590990976767,498,124.4147843942505,0.4036144578313253,0.129062772382803,1.1935187415996513,11.0,0.0,0.011732979307527546,178,44.469541409993155,0.3651685393258427,-0.026194609220129488,0.9635102596598973,11.0,0.05056179775280899,-0.0023813281109208626
breakout,2.0,3.0,1008,"{""family"": ""breakout"", ""min_ddv"": 10000000.0, ""min_price"": 5.0, ""regime"": ""none"", ""trend"": true, ""mom_min"": 0.0, ""rsi2_max"": 100.0, ""rsi14_max"": 100.0, ""ret21_max"": 1.0, ""dist_ema20_max"": 1.0, ""dist_ema50_min"": -1.0, ""dist_hh60_min"": -1.0, ""atr_ratio_max"": 0.85, ""vol_ratio_min"": 0.0, ""up_close"": false, ""strong_close"": false}",326,46.535001955416504,0.18404907975460122,-0.3711042255980796,0.5946355755440268,11.0,0.0,-0.0337367477816436,498,124.4147843942505,0.3413654618473896,0.2695076079023159,1.3619302122966648,13.0,0.0,0.0207313544540243,178,44.469541409993155,0.2752808988764045,-0.05102367807154647,0.9383709098266266,14.0,0.06179775280898876,-0.003644548433681891
breakout,3.0,0.5,1008,"{""family"": ""breakout"", ""min_ddv"": 10000000.0, ""min_price"": 5.0, ""regime"": ""none"", ""trend"": true, ""mom_min"": 0.0, ""rsi2_max"": 100.0, ""rsi14_max"": 100.0, ""ret21_max"": 1.0, ""dist_ema20_max"": 1.0, ""dist_ema50_min"": -1.0, ""dist_hh60_min"": -1.0, ""atr_ratio_max"": 0.85, ""vol_ratio_min"": 0.0, ""up_close"": false, ""strong_close"": false}",323,46.106765741102855,0.5510835913312694,-0.21420145944617033,0.555033056604749,7.0,0.0,-0.030600208492310047,485,121.16700889801506,0.6824742268041237,-0.020626312570214866,0.9399171774116513,6.0,0.0,-0.0034377187617024778,172,42.97056810403833,0.6627906976744186,-0.046525612945462314,0.8705675443008277,6.5,0.023255813953488372,-0.0071577866069942025
breakout,3.0,0.75,1008,"{""family"": ""breakout"", ""min_ddv"": 10000000.0, ""min_price"": 5.0, ""regime"": ""none"", ""trend"": true, ""mom_min"": 0.0, ""rsi2_max"": 100.0, ""rsi14_max"": 100.0, ""ret21_max"": 1.0, ""dist_ema20_max"": 1.0, ""dist_ema50_min"": -1.0, ""dist_hh60_min"": -1.0, ""atr_ratio_max"": 0.85, ""vol_ratio_min"": 0.0, ""up_close"": false, ""strong_close"": false}",323,46.106765741102855,0.47058823529411764,-0.21673574727897973,0.6204992094455887,10.0,0.0,-0.021673574727897972,485,121.16700889801506,0.6103092783505155,0.020498945127027737,1.0488531794905853,9.0,0.0,0.0022776605696697484,172,42.97056810403833,0.5930232558139535,-0.01484403207682702,0.9659537029965224,9.0,0.029069767441860465,-0.0016493368974252246
breakout,3.0,1.0,1008,"{""family"": ""breakout"", ""min_ddv"": 10000000.0, ""min_price"": 5.0, ""regime"": ""none"", ""trend"": true, ""mom_min"": 0.0, ""rsi2_max"": 100.0, ""rsi14_max"": 100.0, ""ret21_max"": 1.0, ""dist_ema20_max"": 1.0, ""dist_ema50_min"": -1.0, ""dist_hh60_min"": -1.0, ""atr_ratio_max"": 0.85, ""vol_ratio_min"": 0.0, ""up_close"": false, ""strong_close"": false}",323,46.106765741102855,0.43962848297213625,-0.16684959190630747,0.72375684586276,12.0,0.0,-0.013904132658858955,485,121.16700889801506,0.5731958762886598,0.08824537343982514,1.1886934038183192,12.0,0.0,0.007353781119985428,172,42.97056810403833,0.5465116279069767,0.03817913032818654,1.0786281917947305,14.0,0.029069767441860465,0.00272708073772761
breakout,3.0,1.5,1008,"{""family"": ""breakout"", ""min_ddv"": 10000000.0, ""min_price"": 5.0, ""regime"": ""none"", ""trend"": true, ""mom_min"": 0.0, ""rsi2_max"": 100.0, ""rsi14_max"": 100.0, ""ret21_max"": 1.0, ""dist_ema20_max"": 1.0, ""dist_ema50_min"": -1.0, ""dist_hh60_min"": -1.0, ""atr_ratio_max"": 0.85, ""vol_ratio_min"": 0.0, ""up_close"": false, ""strong_close"": false}",323,46.106765741102855,0.3622291021671827,-0.1507947682005849,0.7802186115897553,16.0,0.0,-0.009424673012536557,485,121.16700889801506,0.5051546391752577,0.2084620235475445,1.3812096494863084,16.0,0.0,0.013028876471721532,172,42.97056810403833,0.4418604651162791,0.03652784351192008,1.0613189875703253,20.0,0.05813953488372093,0.001826392175596004
breakout,3.0,2.0,1008,"{""family"": ""breakout"", ""min_ddv"": 10000000.0, ""min_price"": 5.0, ""regime"": ""none"", ""trend"": true, ""mom_min"": 0.0, ""rsi2_max"": 100.0, ""rsi14_max"": 100.0, ""ret21_max"": 1.0, ""dist_ema20_max"": 1.0, ""dist_ema50_min"": -1.0, ""dist_hh60_min"": -1.0, ""atr_ratio_max"": 0.85, ""vol_ratio_min"": 0.0, ""up_close"": false, ""strong_close"": false}",323,46.106765741102855,0.29721362229102166,-0.1673687417520175,0.7784116436226409,18.0,0.0,-0.009298263430667638,485,121.16700889801506,0.4618556701030928,0.3246931737229447,1.5449057038877523,21.0,0.0,0.015461579701092605,172,42.97056810403833,0.37209302325581395,0.033338038146760084,1.0494012896846336,24.5,0.06976744186046512,0.0013607362508881668
breakout,3.0,3.0,1008,"{""family"": ""breakout"", ""min_ddv"": 10000000.0, ""min_price"": 5.0, ""regime"": ""none"", ""trend"": true, ""mom_min"": 0.0, ""rsi2_max"": 100.0, ""rsi14_max"": 100.0, ""ret21_max"": 1.0, ""dist_ema20_max"": 1.0, ""dist_ema50_min"": -1.0, ""dist_hh60_min"": -1.0, ""atr_ratio_max"": 0.85, ""vol_ratio_min"": 0.0, ""up_close"": false, ""strong_close"": false}",323,46.106765741102855,0.2724458204334365,0.040412667040716624,1.0517048444981936,21.0,0.0,0.0019244127162246012,485,121.16700889801506,0.3938144329896907,0.5162196959300754,1.773390780444693,30.0,0.0,0.01720732319766918,172,42.97056810403833,0.27325581395348836,-0.07241406703523552,0.9069920365056114,28.0,0.06976744186046512,-0.00258621667982984
breakout,1.0,0.5,423,"{""family"": ""breakout"", ""min_ddv"": 10000000.0, ""min_price"": 5.0, ""regime"": ""none"", ""trend"": true, ""mom_min"": 0.15, ""rsi2_max"": 100.0, ""rsi14_max"": 100.0, ""ret21_max"": 1.0, ""dist_ema20_max"": 1.0, ""dist_ema50_min"": -1.0, ""dist_hh60_min"": -1.0, ""atr_ratio_max"": 0.85, ""vol_ratio_min"": 0.0, ""up_close"": false, ""strong_close"": false}",120,17.12944857254595,0.6083333333333333,-0.22604119023131494,0.504825177585219,1.0,0.0,-0.22604119023131494,236,58.959616700889804,0.6398305084745762,-0.13987333703445484,0.6533866904848893,1.0,0.0,-0.13987333703445484,67,16.738535249828885,0.582089552238806,-0.22023295428282877,0.5197366763140238,1.0,0.029850746268656716,-0.22023295428282877
breakout,1.0,0.75,423,"{""family"": ""breakout"", ""min_ddv"": 10000000.0, ""min_price"": 5.0, ""regime"": ""none"", ""trend"": true, ""mom_min"": 0.15, ""rsi2_max"": 100.0, ""rsi14_max"": 100.0, ""ret21_max"": 1.0, ""dist_ema20_max"": 1.0, ""dist_ema50_min"": -1.0, ""dist_hh60_min"": -1.0, ""atr_ratio_max"": 0.85, ""vol_ratio_min"": 0.0, ""up_close"": false, ""strong_close"": false}",120,17.12944857254595,0.49166666666666664,-0.2427682786167094,0.5889020905804636,2.0,0.0,-0.1213841393083547,236,58.959616700889804,0.5635593220338984,-0.12420881529521419,0.7484861851562541,2.0,0.0,-0.06210440764760709,67,16.738535249828885,0.44776119402985076,-0.30917408433752136,0.49328927465787276,2.0,0.029850746268656716,-0.15458704216876068
breakout,1.0,1.0,423,"{""family"": ""breakout"", ""min_ddv"": 10000000.0, ""min_price"": 5.0, ""regime"": ""none"", ""trend"": true, ""mom_min"": 0.15, ""rsi2_max"": 100.0, ""rsi14_max"": 100.0, ""ret21_max"": 1.0, ""dist_ema20_max"": 1.0, ""dist_ema50_min"": -1.0, ""dist_hh60_min"": -1.0, ""atr_ratio_max"": 0.85, ""vol_ratio_min"": 0.0, ""up_close"": false, ""strong_close"": false}",120,17.12944857254595,0.4083333333333333,-0.2801700552856992,0.5928502730181954,2.0,0.0,-0.1400850276428496,236,58.959616700889804,0.4957627118644068,-0.11575224830482947,0.7971171810705062,2.0,0.0,-0.057876124152414735,67,16.738535249828885,0.3582089552238806,-0.38286780284644695,0.46701296897659983,2.0,0.029850746268656716,-0.19143390142322347
breakout,1.0,1.5,423,"{""family"": ""breakout"", ""min_ddv"": 10000000.0, ""min_price"": 5.0, ""regime"": ""none"", ""trend"": true, ""mom_min"": 0.15, ""rsi2_max"": 100.0, ""rsi14_max"": 100.0, ""ret21_max"": 1.0, ""dist_ema20_max"": 1.0, ""dist_ema50_min"": -1.0, ""dist_hh60_min"": -1.0, ""atr_ratio_max"": 0.85, ""vol_ratio_min"": 0.0, ""up_close"": false, ""strong_close"": false}",120,17.12944857254595,0.30833333333333335,-0.3108300788009082,0.6125211971208127,3.0,0.0,-0.1036100262669694,236,58.959616700889804,0.423728813559322,-0.048104579355048374,0.926998544328193,3.0,0.0,-0.016034859785016124,67,16.738535249828885,0.26865671641791045,-0.4441351136810052,0.46091075295799205,3.0,0.029850746268656716,-0.1480450378936684
breakout,1.0,2.0,423,"{""family"": ""breakout"", ""min_ddv"": 10000000.0, ""min_price"": 5.0, ""regime"": ""none"", ""trend"": true, ""mom_min"": 0.15, ""rsi2_max"": 100.0, ""rsi14_max"": 100.0, ""ret21_max"": 1.0, ""dist_ema20_max"": 1.0, ""dist_ema50_min"": -1.0, ""dist_hh60_min"": -1.0, ""atr_ratio_max"": 0.85, ""vol_ratio_min"": 0.0, ""up_close"": false, ""strong_close"": false}",120,17.12944857254595,0.25833333333333336,-0.3113309410343767,0.6374561651817789,3.0,0.0,-0.10377698034479223,236,58.959616700889804,0.3771186440677966,0.029432776938515624,1.0412600192481078,3.5,0.0,0.008409364839575892,67,16.738535249828885,0.22388059701492538,-0.4460415243842872,0.4900256321223044,3.0,0.029850746268656716,-0.14868050812809572
breakout,1.0,3.0,423,"{""family"": ""breakout"", ""min_ddv"": 10000000.0, ""min_price"": 5.0, ""regime"": ""none"", ""trend"": true, ""mom_min"": 0.15, ""rsi2_max"": 100.0, ""rsi14_max"": 100.0, ""ret21_max"": 1.0, ""dist_ema20_max"": 1.0, ""dist_ema50_min"": -1.0, ""dist_hh60_min"": -1.0, ""atr_ratio_max"": 0.85, ""vol_ratio_min"": 0.0, ""up_close"": false, ""strong_close"": false}",120,17.12944857254595,0.21666666666666667,-0.2465831431871369,0.7278989085770755,4.0,0.0,-0.061645785796784223,236,58.959616700889804,0.288135593220339,-0.00040845384306213494,0.9995184530738771,4.0,0.0,-0.00010211346076553374,67,16.738535249828885,0.208955223880597,-0.26539654519763106,0.7023252310321492,4.0,0.029850746268656716,-0.06634913629940777
breakout,1.5,0.5,423,"{""family"": ""breakout"", ""min_ddv"": 10000000.0, ""min_price"": 5.0, ""regime"": ""none"", ""trend"": true, ""mom_min"": 0.15, ""rsi2_max"": 100.0, ""rsi14_max"": 100.0, ""ret21_max"": 1.0, ""dist_ema20_max"": 1.0, ""dist_ema50_min"": -1.0, ""dist_hh60_min"": -1.0, ""atr_ratio_max"": 0.85, ""vol_ratio_min"": 0.0, ""up_close"": false, ""strong_close"": false}",120,17.12944857254595,0.625,-0.12542923339613193,0.6991659591966041,3.0,0.0,-0.04180974446537731,236,58.959616700889804,0.6440677966101694,-0.11406661401805572,0.71079010160026,2.0,0.0,-0.05703330700902786,67,16.738535249828885,0.582089552238806,-0.1674042559226404,0.6085285330450995,2.0,0.029850746268656716,-0.0837021279613202
breakout,1.5,0.75,423,"{""family"": ""breakout"", ""min_ddv"": 10000000.0, ""min_price"": 5.0, ""regime"": ""none"", ""trend"": true, ""mom_min"": 0.15, ""rsi2_max"": 100.0, ""rsi14_max"": 100.0, ""ret21_max"": 1.0, ""dist_ema20_max"": 1.0, ""dist_ema50_min"": -1.0, ""dist_hh60_min"": -1.0, ""atr_ratio_max"": 0.85, ""vol_ratio_min"": 0.0, ""up_close"": false, ""strong_close"": false}",120,17.12944857254595,0.475,-0.23197328740240422,0.6006648420992442,4.0,0.0,-0.057993321850601055,236,58.959616700889804,0.576271186440678,-0.0769243669040149,0.8401397458680815,3.0,0.0,-0.02564145563467163,67,16.738535249828885,0.4626865671641791,-0.21917315566857867,0.6058862268794255,4.0,0.029850746268656716,-0.05479328891714467
breakout,1.5,1.0,423,"{""family"": ""breakout"", ""min_ddv"": 10000000.0, ""min_price"": 5.0, ""regime"": ""none"", ""trend"": true, ""mom_min"": 0.15, ""rsi2_max"": 100.0, ""rsi14_max"": 100.0, ""ret21_max"": 1.0, ""dist_ema20_max"": 1.0, ""dist_ema50_min"": -1.0, ""dist_hh60_min"": -1.0, ""atr_ratio_max"": 0.85, ""vol_ratio_min"": 0.0, ""up_close"": false, ""strong_close"": false}",120,17.12944857254595,0.43333333333333335,-0.1814877361624779,0.7099770270502117,4.0,0.0,-0.045371934040619476,236,58.959616700889804,0.5127118644067796,-0.06523275678098372,0.8822760357369056,4.0,0.0,-0.01630818919524593,67,16.738535249828885,0.417910447761194,-0.20794298973882508,0.6551530033864099,5.0,0.029850746268656716,-0.04158859794776502
breakout,1.5,1.5,423,"{""family"": ""breakout"", ""min_ddv"": 10000000.0, ""min_price"": 5.0, ""regime"": ""none"", ""trend"": true, ""mom_min"": 0.15, ""rsi2_max"": 100.0, ""rsi14_max"": 100.0, ""ret21_max"": 1.0, ""dist_ema20_max"": 1.0, ""dist_ema50_min"": -1.0, ""dist_hh60_min"": -1.0, ""atr_ratio_max"": 0.85, ""vol_ratio_min"": 0.0, ""up_close"": false, ""strong_close"": false}",120,17.12944857254595,0.35,-0.19205345900912243,0.7338852332203976,5.0,0.0,-0.038410691801824486,236,58.959616700889804,0.4194915254237288,-0.05106268070715539,0.9228774766724506,5.0,0.0,-0.010212536141431078,67,16.738535249828885,0.3582089552238806,-0.15016139838139178,0.7752199076314241,6.0,0.029850746268656716,-0.025026899730231963
breakout,1.5,2.0,423,"{""family"": ""breakout"", ""min_ddv"": 10000000.0, ""min_price"": 5.0, ""regime"": ""none"", ""trend"": true, ""mom_min"": 0.15, ""rsi2_max"": 100.0, ""rsi14_max"": 100.0, ""ret21_max"": 1.0, ""dist_ema20_max"": 1.0, ""dist_ema50_min"": -1.0, ""dist_hh60_min"": -1.0, ""atr_ratio_max"": 0.85, ""vol_ratio_min"": 0.0, ""up_close"": false, ""strong_close"": false}",120,17.12944857254595,0.30833333333333335,-0.1515351649133283,0.8024635642062481,6.0,0.0,-0.02525586081888805,236,58.959616700889804,0.3771186440677966,-0.015711425500580616,0.9790964085065691,6.0,0.0,-0.002618570916763436,67,16.738535249828885,0.3582089552238806,0.03915564667701165,1.0586129988910697,8.0,0.029850746268656716,0.004894455834626456
breakout,1.5,3.0,423,"{""family"": ""breakout"", ""min_ddv"": 10000000.0, ""min_price"": 5.0, ""regime"": ""none"", ""trend"": true, ""mom_min"": 0.15, ""rsi2_max"": 100.0, ""rsi14_max"": 100.0, ""ret21_max"": 1.0, ""dist_ema20_max"": 1.0, ""dist_ema50_min"": -1.0, ""dist_hh60_min"": -1.0, ""atr_ratio_max"": 0.85, ""vol_ratio_min"": 0.0, ""up_close"": false, ""strong_close"": false}",120,17.12944857254595,0.20833333333333334,-0.2581238920896497,0.7049015974466818,7.0,0.0,-0.036874841727092815,236,58.959616700889804,0.2923728813559322,0.04052844549433467,1.0481165404998294,7.0,0.0,0.005789777927762095,67,16.738535249828885,0.2835820895522388,0.09387438184866814,1.125435243759985,8.0,0.029850746268656716,0.011734297731083518
breakout,2.0,0.5,423,"{""family"": ""breakout"", ""min_ddv"": 10000000.0, ""min_price"": 5.0, ""regime"": ""none"", ""trend"": true, ""mom_min"": 0.15, ""rsi2_max"": 100.0, ""rsi14_max"": 100.0, ""ret21_max"": 1.0, ""dist_ema20_max"": 1.0, ""dist_ema50_min"": -1.0, ""dist_hh60_min"": -1.0, ""atr_ratio_max"": 0.85, ""vol_ratio_min"": 0.0, ""up_close"": false, ""strong_close"": false}",119,16.986703167774735,0.5714285714285714,-0.19918876219143525,0.5812326067873297,4.0,0.0,-0.04979719054785881,234,58.459958932238195,0.6666666666666666,-0.04158284392692387,0.8838234257460525,3.0,0.0,-0.01386094797564129,64,15.989048596851472,0.53125,-0.24620704824719375,0.5001624037959465,5.0,0.03125,-0.04924140964943875
breakout,2.0,0.75,423,"{""family"": ""breakout"", ""min_ddv"": 10000000.0, ""min_price"": 5.0, ""regime"": ""none"", ""trend"": true, ""mom_min"": 0.15, ""rsi2_max"": 100.0, ""rsi14_max"": 100.0, ""ret21_max"": 1.0, ""dist_ema20_max"": 1.0, ""dist_ema50_min"": -1.0, ""dist_hh60_min"": -1.0, ""atr_ratio_max"": 0.85, ""vol_ratio_min"": 0.0, ""up_close"": false, ""strong_close"": false}",119,16.986703167774735,0.4789915966386555,-0.20868871722710766,0.635775042370616,6.0,0.0,-0.03478145287118461,234,58.459958932238195,0.5811965811965812,-0.033308208438540786,0.9271107226098708,4.0,0.0,-0.008327052109635196,64,15.989048596851472,0.5,-0.22401598126231442,0.6133394546514965,6.5,0.03125,-0.03446399711727914
breakout,2.0,1.0,423,"{""family"": ""breakout"", ""min_ddv"": 10000000.0, ""min_price"": 5.0, ""regime"": ""none"", ""trend"": true, ""mom_min"": 0.15, ""rsi2_max"": 100.0, ""rsi14_max"": 100.0, ""ret21_max"": 1.0, ""dist_ema20_max"": 1.0, ""dist_ema50_min"": -1.0, ""dist_hh60_min"": -1.0, ""atr_ratio_max"": 0.85, ""vol_ratio_min"": 0.0, ""up_close"": false, ""strong_close"": false}",119,16.986703167774735,0.42016806722689076,-0.20782690998573947,0.6744913745806976,6.0,0.0,-0.034637818330956575,234,58.459958932238195,0.5213675213675214,-0.00699010667287878,0.9865906879273588,5.0,0.0,-0.001398021334575756,64,15.989048596851472,0.4375,-0.241059119965513,0.6395558170796343,8.0,0.03125,-0.030132389995689124
breakout,2.0,1.5,423,"{""family"": ""breakout"", ""min_ddv"": 10000000.0, ""min_price"": 5.0, ""regime"": ""none"", ""trend"": true, ""mom_min"": 0.15, ""rsi2_max"": 100.0, ""rsi14_max"": 100.0, ""ret21_max"": 1.0, ""dist_ema20_max"": 1.0, ""dist_ema50_min"": -1.0, ""dist_hh60_min"": -1.0, ""atr_ratio_max"": 0.85, ""vol_ratio_min"": 0.0, ""up_close"": false, ""strong_close"": false}",119,16.986703167774735,0.3445378151260504,-0.20554456670418375,0.7144064090145138,8.0,0.0,-0.02569307083802297,234,58.459958932238195,0.4444444444444444,0.013617233534805038,1.0213167782748063,7.0,0.0,0.0019453190764007198,64,15.989048596851472,0.421875,-0.06461655141735517,0.9057322884999214,9.0,0.03125,-0.007179616824150575
breakout,2.0,2.0,423,"{""family"": ""breakout"", ""min_ddv"": 10000000.0, ""min_price"": 5.0, ""regime"": ""none"", ""trend"": true, ""mom_min"": 0.15, ""rsi2_max"": 100.0, ""rsi14_max"": 100.0, ""ret21_max"": 1.0, ""dist_ema20_max"": 1.0, ""dist_ema50_min"": -1.0, ""dist_hh60_min"": -1.0, ""atr_ratio_max"": 0.85, ""vol_ratio_min"": 0.0, ""up_close"": false, ""strong_close"": false}",119,16.986703167774735,0.2773109243697479,-0.2351727396648574,0.7025699345283236,10.0,0.0,-0.02351727396648574,234,58.459958932238195,0.3974358974358974,0.10341420037952719,1.1502362605990133,10.0,0.0,0.010341420037952718,64,15.989048596851472,0.375,0.011783985992940615,1.016027398120434,10.0,0.03125,0.0011783985992940616
breakout,2.0,3.0,423,"{""family"": ""breakout"", ""min_ddv"": 10000000.0, ""min_price"": 5.0, ""regime"": ""none"", ""trend"": true, ""mom_min"": 0.15, ""rsi2_max"": 100.0, ""rsi14_max"": 100.0, ""ret21_max"": 1.0, ""dist_ema20_max"": 1.0, ""dist_ema50_min"": -1.0, ""dist_hh60_min"": -1.0, ""atr_ratio_max"": 0.85, ""vol_ratio_min"": 0.0, ""up_close"": false, ""strong_close"": false}",119,16.986703167774735,0.19327731092436976,-0.3112294786776922,0.6500537953114666,11.0,0.0,-0.02829358897069929,234,58.459958932238195,0.3418803418803419,0.25733450382817286,1.3394550003272947,11.0,0.0,0.02339404580256117,64,15.989048596851472,0.265625,-0.07037021873307098,0.9203714992417308,11.0,0.03125,-0.006397292612097361
breakout,3.0,0.5,423,"{""family"": ""breakout"", ""min_ddv"": 10000000.0, ""min_price"": 5.0, ""regime"": ""none"", ""trend"": true, ""mom_min"": 0.15, ""rsi2_max"": 100.0, ""rsi14_max"": 100.0, ""ret21_max"": 1.0, ""dist_ema20_max"": 1.0, ""dist_ema50_min"": -1.0, ""dist_hh60_min"": -1.0, ""atr_ratio_max"": 0.85, ""vol_ratio_min"": 0.0, ""up_close"": false, ""strong_close"": false}",116,16.558466953461085,0.5431034482758621,-0.21357569131129656,0.560866934441495,7.0,0.0,-0.030510813044470935,225,56.21149897330595,0.6622222222222223,-0.0604664017564715,0.8387490174689596,5.0,0.0,-0.0120932803512943,59,14.739904175222451,0.576271186440678,-0.1847505113760861,0.599621199258587,9.0,0.03389830508474576,-0.020527834597342903
breakout,3.0,0.75,423,"{""family"": ""breakout"", ""min_ddv"": 10000000.0, ""min_price"": 5.0, ""regime"": ""none"", ""trend"": true, ""mom_min"": 0.15, ""rsi2_max"": 100.0, ""rsi14_max"": 100.0, ""ret21_max"": 1.0, ""dist_ema20_max"": 1.0, ""dist_ema50_min"": -1.0, ""dist_hh60_min"": -1.0, ""atr_ratio_max"": 0.85, ""vol_ratio_min"": 0.0, ""up_close"": false, ""strong_close"": false}",116,16.558466953461085,0.47413793103448276,-0.19566669648850574,0.6497988577294548,8.0,0.0,-0.024458337061063217,225,56.21149897330595,0.5911111111111111,-0.023401171731335293,0.9481701477756892,8.0,0.0,-0.0029251464664169116,59,14.739904175222451,0.5254237288135594,-0.14589207040696078,0.7224283628549975,12.0,0.03389830508474576,-0.0121576725339134
breakout,3.0,1.0,423,"{""family"": ""breakout"", ""min_ddv"": 10000000.0, ""min_price"": 5.0, ""regime"": ""none"", ""trend"": true, ""mom_min"": 0.15, ""rsi2_max"": 100.0, ""rsi14_max"": 100.0, ""ret21_max"": 1.0, ""dist_ema20_max"": 1.0, ""dist_ema50_min"": -1.0, ""dist_hh60_min"": -1.0, ""atr_ratio_max"": 0.85, ""vol_ratio_min"": 0.0, ""up_close"": false, ""strong_close"": false}",116,16.558466953461085,0.43103448275862066,-0.16884513194919332,0.7205995325972966,10.0,0.0,-0.01688451319491933,225,56.21149897330595,0.5422222222222223,0.004787032643193356,1.0091592468528703,10.0,0.0,0.00047870326431933565,59,14.739904175222451,0.5084745762711864,-0.03656230436243321,0.9327044733204192,14.0,0.03389830508474576,-0.0026115931687452293
breakout,3.0,1.5,423,"{""family"": ""breakout"", ""min_ddv"": 10000000.0, ""min_price"": 5.0, ""regime"": ""none"", ""trend"": true, ""mom_min"": 0.15, ""rsi2_max"": 100.0, ""rsi14_max"": 100.0, ""ret21_max"": 1.0, ""dist_ema20_max"": 1.0, ""dist_ema50_min"": -1.0, ""dist_hh60_min"": -1.0, ""atr_ratio_max"": 0.85, ""vol_ratio_min"": 0.0, ""up_close"": false, ""strong_close"": false}",116,16.558466953461085,0.3793103448275862,-0.09168752489291182,0.860720886256402,14.0,0.0,-0.006549108920922273,225,56.21149897330595,0.4577777777777778,0.06506488378316463,1.1049150889995132,14.0,0.0,0.004647491698797474,59,14.739904175222451,0.4406779661016949,0.0430964197549412,1.0702284806418603,20.0,0.03389830508474576,0.00215482098774706
breakout,3.0,2.0,423,"{""family"": ""breakout"", ""min_ddv"": 10000000.0, ""min_price"": 5.0, ""regime"": ""none"", ""trend"": true, ""mom_min"": 0.15, ""rsi2_max"": 100.0, ""rsi14_max"": 100.0, ""ret21_max"": 1.0, ""dist_ema20_max"": 1.0, ""dist_ema50_min"": -1.0, ""dist_hh60_min"": -1.0, ""atr_ratio_max"": 0.85, ""vol_ratio_min"": 0.0, ""up_close"": false, ""strong_close"": false}",116,16.558466953461085,0.28448275862068967,-0.18522130634869363,0.7563079934250401,17.0,0.0,-0.010895370961687861,225,56.21149897330595,0.4311111111111111,0.1972911567133441,1.3008309914014797,16.0,0.0,0.012330697294584006,59,14.739904175222451,0.3559322033898305,-0.0015039206354376944,0.99791698187132,25.0,0.03389830508474576,-6.015682541750777e-05
breakout,3.0,3.0,423,"{""family"": ""breakout"", ""min_ddv"": 10000000.0, ""min_price"": 5.0, ""regime"": ""none"", ""trend"": true, ""mom_min"": 0.15, ""rsi2_max"": 100.0, ""rsi14_max"": 100.0, ""ret21_max"": 1.0, ""dist_ema20_max"": 1.0, ""dist_ema50_min"": -1.0, ""dist_hh60_min"": -1.0, ""atr_ratio_max"": 0.85, ""vol_ratio_min"": 0.0, ""up_close"": false, ""strong_close"": false}",116,16.558466953461085,0.28448275862068967,0.11251884113376637,1.1480388121318859,18.0,0.0,0.006251046729653687,225,56.21149897330595,0.3377777777777778,0.27409216394747293,1.3644099045584233,24.0,0.0,0.011420506831144706,59,14.739904175222451,0.2711864406779661,-0.00492471999495523,0.9939285048790505,28.0,0.03389830508474576,-0.0001758828569626868
meanrev,1.0,0.5,7001,"{""family"": ""meanrev"", ""min_ddv"": 10000000.0, ""min_price"": 5.0, ""regime"": ""none"", ""trend"": true, ""mom_min"": 0.15, ""rsi2_max"": 100.0, ""rsi14_max"": 100.0, ""ret21_max"": 1.0, ""dist_ema20_max"": 0.0, ""dist_ema50_min"": -1.0, ""dist_hh60_min"": -0.1, ""atr_ratio_max"": 10.0, ""vol_ratio_min"": 0.0, ""up_close"": true, ""strong_close"": false}",2805,400.4008603832616,0.7026737967914438,-0.044084718226240764,0.8708361972584601,2.0,0.0,-0.022042359113120382,1975,493.41204654346336,0.6526582278481012,-0.10615625534111056,0.7297062150102634,2.0,0.0,-0.05307812767055528,2221,554.8699520876112,0.6605132823052678,-0.08906807514632771,0.7686940068916219,2.0,0.0013507429085997298,-0.044534037573163855
meanrev,1.0,0.75,7001,"{""family"": ""meanrev"", ""min_ddv"": 10000000.0, ""min_price"": 5.0, ""regime"": ""none"", ""trend"": true, ""mom_min"": 0.15, ""rsi2_max"": 100.0, ""rsi14_max"": 100.0, ""ret21_max"": 1.0, ""dist_ema20_max"": 0.0, ""dist_ema50_min"": -1.0, ""dist_hh60_min"": -0.1, ""atr_ratio_max"": 10.0, ""vol_ratio_min"": 0.0, ""up_close"": true, ""strong_close"": false}",2805,400.4008603832616,0.6163992869875223,-0.022540157878745973,0.9493632115843802,2.0,0.0,-0.011270078939372987,1975,493.41204654346336,0.5756962025316456,-0.080436682617766,0.8323273399152268,2.0,0.0,-0.040218341308883,2221,554.8699520876112,0.5727149932462855,-0.07403745378967302,0.8478253771664744,2.0,0.0018009905447996398,-0.03701872689483651
meanrev,1.0,1.0,7001,"{""family"": ""meanrev"", ""min_ddv"": 10000000.0, ""min_price"": 5.0, ""regime"": ""none"", ""trend"": true, ""mom_min"": 0.15, ""rsi2_max"": 100.0, ""rsi14_max"": 100.0, ""ret21_max"": 1.0, ""dist_ema20_max"": 0.0, ""dist_ema50_min"": -1.0, ""dist_hh60_min"": -0.1, ""atr_ratio_max"": 10.0, ""vol_ratio_min"": 0.0, ""up_close"": true, ""strong_close"": false}",2805,400.4008603832616,0.5532976827094475,0.01274249464354021,1.0246596528433152,3.0,0.0,0.004247498214513403,1975,493.41204654346336,0.5139240506329114,-0.06050769917470137,0.8902351460213316,3.0,0.0,-0.02016923305823379,2221,554.8699520876112,0.5006753714542999,-0.08176963796000249,0.8572242499825978,3.0,0.0027014858171994596,-0.027256545986667494
meanrev,1.0,1.5,7001,"{""family"": ""meanrev"", ""min_ddv"": 10000000.0, ""min_price"": 5.0, ""regime"": ""none"", ""trend"": true, ""mom_min"": 0.15, ""rsi2_max"": 100.0, ""rsi14_max"": 100.0, ""ret21_max"": 1.0, ""dist_ema20_max"": 0.0, ""dist_ema50_min"": -1.0, ""dist_hh60_min"": -0.1, ""atr_ratio_max"": 10.0, ""vol_ratio_min"": 0.0, ""up_close"": true, ""strong_close"": false}",2805,400.4008603832616,0.45846702317290555,0.05852068501175081,1.093547691655919,4.0,0.0,0.014630171252937703,1975,493.41204654346336,0.4111392405063291,-0.06829342946638992,0.8977456101103755,3.0,0.0,-0.022764476488796637,2221,554.8699520876112,0.4025213867627195,-0.09784453963635197,0.8595604483334109,3.0,0.0031517334533993696,-0.03261484654545065
meanrev,1.0,2.0,7001,"{""family"": ""meanrev"", ""min_ddv"": 10000000.0, ""min_price"": 5.0, ""regime"": ""none"", ""trend"": true, ""mom_min"": 0.15, ""rsi2_max"": 100.0, ""rsi14_max"": 100.0, ""ret21_max"": 1.0, ""dist_ema20_max"": 0.0, ""dist_ema50_min"": -1.0, ""dist_hh60_min"": -0.1, ""atr_ratio_max"": 10.0, ""vol_ratio_min"": 0.0, ""up_close"": true, ""strong_close"": false}",2805,400.4008603832616,0.3925133689839572,0.0839231271447313,1.119881301866825,4.0,0.0,0.020980781786182824,1975,493.41204654346336,0.3478481012658228,-0.058450861828412505,0.920975442214622,4.0,0.0,-0.014612715457103126,2221,554.8699520876112,0.3345339936965331,-0.10898605782638528,0.8598281297678992,4.0,0.004502476361999099,-0.02724651445659632
meanrev,1.0,3.0,7001,"{""family"": ""meanrev"", ""min_ddv"": 10000000.0, ""min_price"": 5.0, ""regime"": ""none"", ""trend"": true, ""mom_min"": 0.15, ""rsi2_max"": 100.0, ""rsi14_max"": 100.0, ""ret21_max"": 1.0, ""dist_ema20_max"": 0.0, ""dist_ema50_min"": -1.0, ""dist_hh60_min"": -0.1, ""atr_ratio_max"": 10.0, ""vol_ratio_min"": 0.0, ""up_close"": true, ""strong_close"": false}",2805,400.4008603832616,0.3073083778966132,0.11044172370412884,1.1371845913268643,6.0,0.0,0.01840695395068814,1975,493.41204654346336,0.27848101265822783,0.006919979266358897,1.0084529344518787,5.0,0.0,0.0013839958532717795,2221,554.8699520876112,0.2669968482665466,-0.06346027478672188,0.9269895812426926,5.0,0.005402971634398919,-0.012692054957344375
meanrev,1.5,0.5,7001,"{""family"": ""meanrev"", ""min_ddv"": 10000000.0, ""min_price"": 5.0, ""regime"": ""none"", ""trend"": true, ""mom_min"": 0.15, ""rsi2_max"": 100.0, ""rsi14_max"": 100.0, ""ret21_max"": 1.0, ""dist_ema20_max"": 0.0, ""dist_ema50_min"": -1.0, ""dist_hh60_min"": -0.1, ""atr_ratio_max"": 10.0, ""vol_ratio_min"": 0.0, ""up_close"": true, ""strong_close"": false}",2805,400.4008603832616,0.720855614973262,0.022610961241816316,1.0725990401574041,3.0,0.0,0.007536987080605438,1975,493.41204654346336,0.6627848101265823,-0.06368469957694249,0.8278424300744426,3.0,0.0,-0.021228233192314164,2221,554.8699520876112,0.660063034669068,-0.056990503370772216,0.8480346539985797,3.0,0.0018009905447996398,-0.018996834456924072
meanrev,1.5,0.75,7001,"{""family"": ""meanrev"", ""min_ddv"": 10000000.0, ""min_price"": 5.0, ""regime"": ""none"", ""trend"": true, ""mom_min"": 0.15, ""rsi2_max"": 100.0, ""rsi14_max"": 100.0, ""ret21_max"": 1.0, ""dist_ema20_max"": 0.0, ""dist_ema50_min"": -1.0, ""dist_hh60_min"": -0.1, ""atr_ratio_max"": 10.0, ""vol_ratio_min"": 0.0, ""up_close"": true, ""strong_close"": false}",2805,400.4008603832616,0.6303030303030303,0.05279964887700819,1.1285446602108504,4.0,0.0,0.013199912219252048,1975,493.41204654346336,0.5670886075949367,-0.06668152493337277,0.8596130766990243,4.0,0.0,-0.016670381233343193,2221,554.8699520876112,0.5682125168842863,-0.05920304401941071,0.8767710515051469,4.0,0.0031517334533993696,-0.014800761004852678
meanrev,1.5,1.0,7001,"{""family"": ""meanrev"", ""min_ddv"": 10000000.0, ""min_price"": 5.0, ""regime"": ""none"", ""trend"": true, ""mom_min"": 0.15, ""rsi2_max"": 100.0, ""rsi14_max"": 100.0, ""ret21_max"": 1.0, ""dist_ema20_max"": 0.0, ""dist_ema50_min"": -1.0, ""dist_hh60_min"": -0.1, ""atr_ratio_max"": 10.0, ""vol_ratio_min"": 0.0, ""up_close"": true, ""strong_close"": false}",2805,400.4008603832616,0.568270944741533,0.08579500536755717,1.1789444969000888,5.0,0.0,0.017159001073511433,1975,493.41204654346336,0.5037974683544304,-0.05378044624466672,0.9010170657551607,4.0,0.0,-0.01344511156116668,2221,554.8699520876112,0.49662314272850067,-0.07080755226591558,0.8747516604054938,5.0,0.0036019810895992796,-0.014161510453183115
meanrev,1.5,1.5,7001,"{""family"": ""meanrev"", ""min_ddv"": 10000000.0, ""min_price"": 5.0, ""regime"": ""none"", ""trend"": true, ""mom_min"": 0.15, ""rsi2_max"": 100.0, ""rsi14_max"": 100.0, ""ret21_max"": 1.0, ""dist_ema20_max"": 0.0, ""dist_ema50_min"": -1.0, ""dist_hh60_min"": -0.1, ""atr_ratio_max"": 10.0, ""vol_ratio_min"": 0.0, ""up_close"": true, ""strong_close"": false}",2805,400.4008603832616,0.47201426024955434,0.11678571509457497,1.1990391019560707,6.0,0.0,0.01946428584909583,1975,493.41204654346336,0.41670886075949365,-0.023747140606273615,0.9627702289425437,6.0,0.0,-0.003957856767712269,2221,554.8699520876112,0.40522287257991896,-0.05889121756772637,0.9121996196064883,6.0,0.00675371454299865,-0.009815202927954394
meanrev,1.5,2.0,7001,"{""family"": ""meanrev"", ""min_ddv"": 10000000.0, ""min_price"": 5.0, ""regime"": ""none"", ""trend"": true, ""mom_min"": 0.15, ""rsi2_max"": 100.0, ""rsi14_max"": 100.0, ""ret21_max"": 1.0, ""dist_ema20_max"": 0.0, ""dist_ema50_min"": -1.0, ""dist_hh60_min"": -0.1, ""atr_ratio_max"": 10.0, ""vol_ratio_min"": 0.0, ""up_close"": true, ""strong_close"": false}",2805,400.4008603832616,0.4014260249554367,0.1292996911983866,1.1934739050321728,8.0,0.0,0.016162461399798326,1975,493.41204654346336,0.36,0.009520702362590339,1.0135678576077793,8.0,0.0,0.0011900877953237923,2221,554.8699520876112,0.3484916704187303,-0.03526019838222005,0.9522371179755071,7.0,0.007203962179198559,-0.005037171197460007
meanrev,1.5,3.0,7001,"{""family"": ""meanrev"", ""min_ddv"": 10000000.0, ""min_price"": 5.0, ""regime"": ""none"", ""trend"": true, ""mom_min"": 0.15, ""rsi2_max"": 100.0, ""rsi14_max"": 100.0, ""ret21_max"": 1.0, ""dist_ema20_max"": 0.0, ""dist_ema50_min"": -1.0, ""dist_hh60_min"": -0.1, ""atr_ratio_max"": 10.0, ""vol_ratio_min"": 0.0, ""up_close"": true, ""strong_close"": false}",2805,400.4008603832616,0.3126559714795009,0.18466960575699556,1.240649284195965,11.0,0.0,0.01678814597790869,1975,493.41204654346336,0.2810126582278481,0.0490303682522931,1.0620702027199969,9.0,0.0,0.005447818694699233,2221,554.8699520876112,0.2818550202611436,0.019823192604741052,1.024266867022455,9.0,0.01170643854119766,0.002202576956082339
meanrev,2.0,0.5,7001,"{""family"": ""meanrev"", ""min_ddv"": 10000000.0, ""min_price"": 5.0, ""regime"": ""none"", ""trend"": true, ""mom_min"": 0.15, ""rsi2_max"": 100.0, ""rsi14_max"": 100.0, ""ret21_max"": 1.0, ""dist_ema20_max"": 0.0, ""dist_ema50_min"": -1.0, ""dist_hh60_min"": -0.1, ""atr_ratio_max"": 10.0, ""vol_ratio_min"": 0.0, ""up_close"": true, ""strong_close"": false}",2805,400.4008603832616,0.7229946524064171,0.04891625432025542,1.1617240246255887,4.0,0.0,0.012229063580063855,1975,493.41204654346336,0.6632911392405063,-0.045361519039123305,0.8745797137967062,4.0,0.0,-0.011340379759780826,2221,554.8699520876112,0.6672669968482665,-0.03152334707118142,0.9126332507705394,4.0,0.0027014858171994596,-0.007880836767795356
meanrev,2.0,0.75,7001,"{""family"": ""meanrev"", ""min_ddv"": 10000000.0, ""min_price"": 5.0, ""regime"": ""none"", ""trend"": true, ""mom_min"": 0.15, ""rsi2_max"": 100.0, ""rsi14_max"": 100.0, ""ret21_max"": 1.0, ""dist_ema20_max"": 0.0, ""dist_ema50_min"": -1.0, ""dist_hh60_min"": -0.1, ""atr_ratio_max"": 10.0, ""vol_ratio_min"": 0.0, ""up_close"": true, ""strong_close"": false}",2805,400.4008603832616,0.6349376114081996,0.07524941162936273,1.1884395514139074,6.0,0.0,0.012541568604893789,1975,493.41204654346336,0.5746835443037974,-0.03984220024012588,0.9130940803418633,5.0,0.0,-0.007968440048025176,2221,554.8699520876112,0.5821701936064836,-0.019359397603918128,0.9574293935202115,6.0,0.00405222872579919,-0.003226566267319688
meanrev,2.0,1.0,7001,"{""family"": ""meanrev"", ""min_ddv"": 10000000.0, ""min_price"": 5.0, ""regime"": ""none"", ""trend"": true, ""mom_min"": 0.15, ""rsi2_max"": 100.0, ""rsi14_max"": 100.0, ""ret21_max"": 1.0, ""dist_ema20_max"": 0.0, ""dist_ema50_min"": -1.0, ""dist_hh60_min"": -0.1, ""atr_ratio_max"": 10.0, ""vol_ratio_min"": 0.0, ""up_close"": true, ""strong_close"": false}",2805,400.4008603832616,0.5736185383244207,0.10485636477251375,1.2242686641308707,7.0,0.0,0.01497948068178768,1975,493.41204654346336,0.5144303797468355,-0.01968164414296297,0.9623608561228617,7.0,0.0,-0.0028116634489947097,2221,554.8699520876112,0.5123818099954975,-0.015485507978924496,0.9708001314778115,7.0,0.00675371454299865,-0.0022122154255606423
meanrev,2.0,1.5,7001,"{""family"": ""meanrev"", ""min_ddv"": 10000000.0, ""min_price"": 5.0, ""regime"": ""none"", ""trend"": true, ""mom_min"": 0.15, ""rsi2_max"": 100.0, ""rsi14_max"": 100.0, ""ret21_max"": 1.0, ""dist_ema20_max"": 0.0, ""dist_ema50_min"": -1.0, ""dist_hh60_min"": -0.1, ""atr_ratio_max"": 10.0, ""vol_ratio_min"": 0.0, ""up_close"": true, ""strong_close"": false}",2805,400.4008603832616,0.47878787878787876,0.14217477752502128,1.2482245444646984,10.0,0.0,0.014217477752502128,1975,493.41204654346336,0.4293670886075949,0.021514578948391438,1.0350529754805942,10.0,0.0,0.0021514578948391436,2221,554.8699520876112,0.4308869878433138,0.02920256302701499,1.046911715353958,10.0,0.00810445745159838,0.002920256302701499
meanrev,2.0,2.0,7001,"{""family"": ""meanrev"", ""min_ddv"": 10000000.0, ""min_price"": 5.0, ""regime"": ""none"", ""trend"": true, ""mom_min"": 0.15, ""rsi2_max"": 100.0, ""rsi14_max"": 100.0, ""ret21_max"": 1.0, ""dist_ema20_max"": 0.0, ""dist_ema50_min"": -1.0, ""dist_hh60_min"": -0.1, ""atr_ratio_max"": 10.0, ""vol_ratio_min"": 0.0, ""up_close"": true, ""strong_close"": false}",2805,400.4008603832616,0.4121212121212121,0.18122346623379684,1.2804839303440303,13.0,0.0,0.013940266633368987,1975,493.41204654346336,0.3630379746835443,0.03759740532174006,1.0548600589760333,12.0,0.0,0.003133117110145005,2221,554.8699520876112,0.37820801440792434,0.06967499957521164,1.1022712909365733,12.0,0.01170643854119766,0.005806249964600971
meanrev,2.0,3.0,7001,"{""family"": ""meanrev"", ""min_ddv"": 10000000.0, ""min_price"": 5.0, ""regime"": ""none"", ""trend"": true, ""mom_min"": 0.15, ""rsi2_max"": 100.0, ""rsi14_max"": 100.0, ""ret21_max"": 1.0, ""dist_ema20_max"": 0.0, ""dist_ema50_min"": -1.0, ""dist_hh60_min"": -0.1, ""atr_ratio_max"": 10.0, ""vol_ratio_min"": 0.0, ""up_close"": true, ""strong_close"": false}",2805,400.4008603832616,0.32905525846702316,0.25387539126292136,1.3432805764434357,19.0,0.0,0.013361862698048493,1975,493.41204654346336,0.30075949367088606,0.15102623586867042,1.2003160645586632,16.0,0.0,0.009439139741791901,2221,554.8699520876112,0.31922557406573615,0.18147882850763722,1.242849858629041,16.0,0.01981089599279604,0.011342426781727326
meanrev,3.0,0.5,7001,"{""family"": ""meanrev"", ""min_ddv"": 10000000.0, ""min_price"": 5.0, ""regime"": ""none"", ""trend"": true, ""mom_min"": 0.15, ""rsi2_max"": 100.0, ""rsi14_max"": 100.0, ""ret21_max"": 1.0, ""dist_ema20_max"": 0.0, ""dist_ema50_min"": -1.0, ""dist_hh60_min"": -0.1, ""atr_ratio_max"": 10.0, ""vol_ratio_min"": 0.0, ""up_close"": true, ""strong_close"": false}",2805,400.4008603832616,0.73475935828877,0.07906067263971556,1.276454526848666,7.0,0.0,0.01129438180567365,1958,489.1649555099247,0.6797752808988764,-0.00434030220201025,0.9871105086721985,7.0,0.0,-0.00062004317171575,2212,552.6214921286789,0.6876130198915009,0.011812562403365135,1.0358345288577335,7.0,0.004972875226039783,0.0016875089147664478
meanrev,3.0,0.75,7001,"{""family"": ""meanrev"", ""min_ddv"": 10000000.0, ""min_price"": 5.0, ""regime"": ""none"", ""trend"": true, ""mom_min"": 0.15, ""rsi2_max"": 100.0, ""rsi14_max"": 100.0, ""ret21_max"": 1.0, ""dist_ema20_max"": 0.0, ""dist_ema50_min"": -1.0, ""dist_hh60_min"": -0.1, ""atr_ratio_max"": 10.0, ""vol_ratio_min"": 0.0, ""up_close"": true, ""strong_close"": false}",2805,400.4008603832616,0.6598930481283423,0.12710778249380386,1.347679692201232,11.0,0.0,0.01155525295398217,1958,489.1649555099247,0.608273748723187,0.03786437610152763,1.0920400941845487,11.0,0.0,0.0034422160092297846,2212,552.6214921286789,0.608499095840868,0.04690547892263153,1.1139257648577594,11.0,0.009041591320072333,0.004264134447511957
meanrev,3.0,1.0,7001,"{""family"": ""meanrev"", ""min_ddv"": 10000000.0, ""min_price"": 5.0, ""regime"": ""none"", ""trend"": true, ""mom_min"": 0.15, ""rsi2_max"": 100.0, ""rsi14_max"": 100.0, ""ret21_max"": 1.0, ""dist_ema20_max"": 0.0, ""dist_ema50_min"": -1.0, ""dist_hh60_min"": -0.1, ""atr_ratio_max"": 10.0, ""vol_ratio_min"": 0.0, ""up_close"": true, ""strong_close"": false}",2805,400.4008603832616,0.5971479500891266,0.1622686192815352,1.374468780259414,15.0,0.0,0.010817907952102346,1958,489.1649555099247,0.559244126659857,0.09028332499398707,1.1949963038312303,14.0,0.0,0.006448808928141933,2212,552.6214921286789,0.5551537070524413,0.08958420126703226,1.1911429543769148,14.0,0.0108499095840868,0.006398871519073733
meanrev,3.0,1.5,7001,"{""family"": ""meanrev"", ""min_ddv"": 10000000.0, ""min_price"": 5.0, ""regime"": ""none"", ""trend"": true, ""mom_min"": 0.15, ""rsi2_max"": 100.0, ""rsi14_max"": 100.0, ""ret21_max"": 1.0, ""dist_ema20_max"": 0.0, ""dist_ema50_min"": -1.0, ""dist_hh60_min"": -0.1, ""atr_ratio_max"": 10.0, ""vol_ratio_min"": 0.0, ""up_close"": true, ""strong_close"": false}",2805,400.4008603832616,0.5033868092691622,0.2277951047320735,1.427678698551268,22.0,0.0,0.010354322942366977,1958,489.1649555099247,0.4734422880490296,0.1544887675482781,1.2789050580085,21.0,0.0,0.007356607978489433,2212,552.6214921286789,0.4760397830018083,0.15240314493806503,1.2756472236193404,19.0,0.018083182640144666,0.008021218154635001
meanrev,3.0,2.0,7001,"{""family"": ""meanrev"", ""min_ddv"": 10000000.0, ""min_price"": 5.0, ""regime"": ""none"", ""trend"": true, ""mom_min"": 0.15, ""rsi2_max"": 100.0, ""rsi14_max"": 100.0, ""ret21_max"": 1.0, ""dist_ema20_max"": 0.0, ""dist_ema50_min"": -1.0, ""dist_hh60_min"": -0.1, ""atr_ratio_max"": 10.0, ""vol_ratio_min"": 0.0, ""up_close"": true, ""strong_close"": false}",2805,400.4008603832616,0.439572192513369,0.280646795216188,1.4666805059912917,28.0,0.00071301247771836,0.010023099829149573,1958,489.1649555099247,0.4284984678243105,0.2586452573064023,1.4295420925330444,27.0,0.0,0.009579453974311196,2212,552.6214921286789,0.4290235081374322,0.2274379277467186,1.3768570611584445,24.0,0.026220614828209764,0.009476580322779942
meanrev,3.0,3.0,7001,"{""family"": ""meanrev"", ""min_ddv"": 10000000.0, ""min_price"": 5.0, ""regime"": ""none"", ""trend"": true, ""mom_min"": 0.15, ""rsi2_max"": 100.0, ""rsi14_max"": 100.0, ""ret21_max"": 1.0, ""dist_ema20_max"": 0.0, ""dist_ema50_min"": -1.0, ""dist_hh60_min"": -0.1, ""atr_ratio_max"": 10.0, ""vol_ratio_min"": 0.0, ""up_close"": true, ""strong_close"": false}",2805,400.4008603832616,0.3586452762923351,0.38717664038097216,1.558984695184788,41.0,0.0021390374331550803,0.009443332692218833,1958,489.1649555099247,0.346782431052094,0.34400006794902627,1.4949391846940605,36.0,0.0020429009193054137,0.009555557443028507,2212,552.6214921286789,0.34900542495479203,0.2916126927304906,1.4234320583134938,34.0,0.039330922242314645,0.00857684390383796
meanrev,1.0,0.5,5350,"{""family"": ""meanrev"", ""min_ddv"": 10000000.0, ""min_price"": 5.0, ""regime"": ""none"", ""trend"": true, ""mom_min"": 0.15, ""rsi2_max"": 100.0, ""rsi14_max"": 50.0, ""ret21_max"": 1.0, ""dist_ema20_max"": 0.0, ""dist_ema50_min"": -1.0, ""dist_hh60_min"": -0.1, ""atr_ratio_max"": 10.0, ""vol_ratio_min"": 0.0, ""up_close"": true, ""strong_close"": false}",2118,302.33476730543606,0.7110481586402266,-0.027085326812431823,0.9182621349924688,2.0,0.0,-0.013542663406215912,1506,376.24229979466116,0.649402390438247,-0.11286678054362101,0.7161106832997776,2.0,0.0,-0.056433390271810505,1726,431.2046543463381,0.6546929316338355,-0.10116080498307836,0.7425754081262509,2.0,0.0011587485515643105,-0.05058040249153918
meanrev,1.0,0.75,5350,"{""family"": ""meanrev"", ""min_ddv"": 10000000.0, ""min_price"": 5.0, ""regime"": ""none"", ""trend"": true, ""mom_min"": 0.15, ""rsi2_max"": 100.0, ""rsi14_max"": 50.0, ""ret21_max"": 1.0, ""dist_ema20_max"": 0.0, ""dist_ema50_min"": -1.0, ""dist_hh60_min"": -0.1, ""atr_ratio_max"": 10.0, ""vol_ratio_min"": 0.0, ""up_close"": true, ""strong_close"": false}",2118,302.33476730543606,0.6241737488196412,-0.006472192128726931,0.9852181049756057,2.0,0.0,-0.0032360960643634655,1506,376.24229979466116,0.5690571049136787,-0.09251262549608147,0.8101467331337018,2.0,0.0,-0.046256312748040734,1726,431.2046543463381,0.5683661645422943,-0.0825159932134347,0.8323127474020534,2.0,0.0017381228273464658,-0.04125799660671735
meanrev,1.0,1.0,5350,"{""family"": ""meanrev"", ""min_ddv"": 10000000.0, ""min_price"": 5.0, ""regime"": ""none"", ""trend"": true, ""mom_min"": 0.15, ""rsi2_max"": 100.0, ""rsi14_max"": 50.0, ""ret21_max"": 1.0, ""dist_ema20_max"": 0.0, ""dist_ema50_min"": -1.0, ""dist_hh60_min"": -0.1, ""atr_ratio_max"": 10.0, ""vol_ratio_min"": 0.0, ""up_close"": true, ""strong_close"": false}",2118,302.33476730543606,0.5609065155807366,0.034846211412139644,1.0684590178608702,3.0,0.0,0.011615403804046548,1506,376.24229979466116,0.5066401062416999,-0.07703442414165522,0.8623571222780676,3.0,0.0,-0.02567814138055174,1726,431.2046543463381,0.4959443800695249,-0.09438752761132026,0.837117709276149,3.0,0.0028968713789107765,-0.03146250920377342
meanrev,1.0,1.5,5350,"{""family"": ""meanrev"", ""min_ddv"": 10000000.0, ""min_price"": 5.0, ""regime"": ""none"", ""trend"": true, ""mom_min"": 0.15, ""rsi2_max"": 100.0, ""rsi14_max"": 50.0, ""ret21_max"": 1.0, ""dist_ema20_max"": 0.0, ""dist_ema50_min"": -1.0, ""dist_hh60_min"": -0.1, ""atr_ratio_max"": 10.0, ""vol_ratio_min"": 0.0, ""up_close"": true, ""strong_close"": false}",2118,302.33476730543606,0.4660056657223796,0.08038941786921935,1.1300908387051216,4.0,0.0,0.02009735446730484,1506,376.24229979466116,0.4043824701195219,-0.08545310797395275,0.8736120859747069,3.0,0.0,-0.028484369324650916,1726,431.2046543463381,0.3945538818076477,-0.12183282420459014,0.828117644184476,3.0,0.0034762456546929316,-0.04061094140153005
meanrev,1.0,2.0,5350,"{""family"": ""meanrev"", ""min_ddv"": 10000000.0, ""min_price"": 5.0, ""regime"": ""none"", ""trend"": true, ""mom_min"": 0.15, ""rsi2_max"": 100.0, ""rsi14_max"": 50.0, ""ret21_max"": 1.0, ""dist_ema20_max"": 0.0, ""dist_ema50_min"": -1.0, ""dist_hh60_min"": -0.1, ""atr_ratio_max"": 10.0, ""vol_ratio_min"": 0.0, ""up_close"": true, ""strong_close"": false}",2118,302.33476730543606,0.40179414542020775,0.1106871675629862,1.160495921237194,5.0,0.0,0.02213743351259724,1506,376.24229979466116,0.34196547144754313,-0.07756399701698419,0.896121047328518,4.0,0.0,-0.019390999254246047,1726,431.2046543463381,0.328505214368482,-0.13223146000915417,0.8318387066827198,4.0,0.005214368482039398,-0.03305786500228854
meanrev,1.0,3.0,5350,"{""family"": ""meanrev"", ""min_ddv"": 10000000.0, ""min_price"": 5.0, ""regime"": ""none"", ""trend"": true, ""mom_min"": 0.15, ""rsi2_max"": 100.0, ""rsi14_max"": 50.0, ""ret21_max"": 1.0, ""dist_ema20_max"": 0.0, ""dist_ema50_min"": -1.0, ""dist_hh60_min"": -0.1, ""atr_ratio_max"": 10.0, ""vol_ratio_min"": 0.0, ""up_close"": true, ""strong_close"": false}",2118,302.33476730543606,0.32058545797922566,0.16404055671976728,1.2078301943958154,6.0,0.0,0.02734009278662788,1506,376.24229979466116,0.2702523240371846,-0.025783231912323915,0.9688610160003055,5.0,0.0,-0.005156646382464783,1726,431.2046543463381,0.26187717265353416,-0.10051061082725976,0.8857547939606372,5.0,0.005793742757821553,-0.02010212216545195
meanrev,1.5,0.5,5350,"{""family"": ""meanrev"", ""min_ddv"": 10000000.0, ""min_price"": 5.0, ""regime"": ""none"", ""trend"": true, ""mom_min"": 0.15, ""rsi2_max"": 100.0, ""rsi14_max"": 50.0, ""ret21_max"": 1.0, ""dist_ema20_max"": 0.0, ""dist_ema50_min"": -1.0, ""dist_hh60_min"": -0.1, ""atr_ratio_max"": 10.0, ""vol_ratio_min"": 0.0, ""up_close"": true, ""strong_close"": false}",2118,302.33476730543606,0.7280453257790368,0.03763984361951523,1.124267491136435,3.0,0.0,0.01254661453983841,1506,376.24229979466116,0.6586985391766268,-0.07121707956195976,0.8101809300499229,3.0,0.0,-0.023739026520653253,1726,431.2046543463381,0.6593279258400927,-0.057042805286876865,0.8482521722412669,3.0,0.0017381228273464658,-0.019014268428958956
meanrev,1.5,0.75,5350,"{""family"": ""meanrev"", ""min_ddv"": 10000000.0, ""min_price"": 5.0, ""regime"": ""none"", ""trend"": true, ""mom_min"": 0.15, ""rsi2_max"": 100.0, ""rsi14_max"": 50.0, ""ret21_max"": 1.0, ""dist_ema20_max"": 0.0, ""dist_ema50_min"": -1.0, ""dist_hh60_min"": -0.1, ""atr_ratio_max"": 10.0, ""vol_ratio_min"": 0.0, ""up_close"": true, ""strong_close"": false}",2118,302.33476730543606,0.6364494806421152,0.07163168942880005,1.1776211646582837,4.0,0.0,0.017907922357200012,1506,376.24229979466116,0.5584329349269588,-0.08415490812395646,0.8265685319694722,4.0,0.0,-0.021038727030989114,1726,431.2046543463381,0.56720741599073,-0.06240568351484305,0.8706270757709982,4.0,0.0034762456546929316,-0.015601420878710762
meanrev,1.5,1.0,5350,"{""family"": ""meanrev"", ""min_ddv"": 10000000.0, ""min_price"": 5.0, ""regime"": ""none"", ""trend"": true, ""mom_min"": 0.15, ""rsi2_max"": 100.0, ""rsi14_max"": 50.0, ""ret21_max"": 1.0, ""dist_ema20_max"": 0.0, ""dist_ema50_min"": -1.0, ""dist_hh60_min"": -0.1, ""atr_ratio_max"": 10.0, ""vol_ratio_min"": 0.0, ""up_close"": true, ""strong_close"": false}",2118,302.33476730543606,0.5741265344664778,0.10099251581360785,1.2134909378134822,5.0,0.0,0.020198503162721572,1506,376.24229979466116,0.49667994687915007,-0.06828812571684885,0.8761880096360992,4.0,0.0,-0.017072031429212212,1726,431.2046543463381,0.4942062572421784,-0.077571638444488,0.8639314233064538,5.0,0.004055619930475087,-0.0155143276888976
meanrev,1.5,1.5,5350,"{""family"": ""meanrev"", ""min_ddv"": 10000000.0, ""min_price"": 5.0, ""regime"": ""none"", ""trend"": true, ""mom_min"": 0.15, ""rsi2_max"": 100.0, ""rsi14_max"": 50.0, ""ret21_max"": 1.0, ""dist_ema20_max"": 0.0, ""dist_ema50_min"": -1.0, ""dist_hh60_min"": -0.1, ""atr_ratio_max"": 10.0, ""vol_ratio_min"": 0.0, ""up_close"": true, ""strong_close"": false}",2118,302.33476730543606,0.47828139754485366,0.13340368149557238,1.2301015947756444,6.0,0.0,0.02223394691592873,1506,376.24229979466116,0.40903054448871184,-0.04438596119694549,0.9313709180280924,6.0,0.0,-0.007397660199490915,1726,431.2046543463381,0.4044032444959444,-0.0661932668722264,0.9018340384556218,6.0,0.006952491309385863,-0.011032211145371068
meanrev,1.5,2.0,5350,"{""family"": ""meanrev"", ""min_ddv"": 10000000.0, ""min_price"": 5.0, ""regime"": ""none"", ""trend"": true, ""mom_min"": 0.15, ""rsi2_max"": 100.0, ""rsi14_max"": 50.0, ""ret21_max"": 1.0, ""dist_ema20_max"": 0.0, ""dist_ema50_min"": -1.0, ""dist_hh60_min"": -0.1, ""atr_ratio_max"": 10.0, ""vol_ratio_min"": 0.0, ""up_close"": true, ""strong_close"": false}",2118,302.33476730543606,0.4145420207743154,0.17044871532648964,1.2609440214065193,8.0,0.0,0.021306089415811205,1506,376.24229979466116,0.351925630810093,-0.015425659605104374,0.9783113913950104,8.0,0.0,-0.0019282074506380468,1726,431.2046543463381,0.3464658169177289,-0.05336303508102079,0.9282380726843008,7.0,0.006952491309385863,-0.007623290725860113
meanrev,1.5,3.0,5350,"{""family"": ""meanrev"", ""min_ddv"": 10000000.0, ""min_price"": 5.0, ""regime"": ""none"", ""trend"": true, ""mom_min"": 0.15, ""rsi2_max"": 100.0, ""rsi14_max"": 50.0, ""ret21_max"": 1.0, ""dist_ema20_max"": 0.0, ""dist_ema50_min"": -1.0, ""dist_hh60_min"": -0.1, ""atr_ratio_max"": 10.0, ""vol_ratio_min"": 0.0, ""up_close"": true, ""strong_close"": false}",2118,302.33476730543606,0.3271954674220963,0.24227115701539448,1.322229765333457,11.0,0.0,0.022024650637763134,1506,376.24229979466116,0.27622841965471445,0.024511435127464752,1.030751846234529,9.0,0.0,0.002723492791940528,1726,431.2046543463381,0.2867902665121669,0.030044457025282318,1.0369344320810108,9.0,0.011587485515643106,0.0033382730028091463
meanrev,2.0,0.5,5350,"{""family"": ""meanrev"", ""min_ddv"": 10000000.0, ""min_price"": 5.0, ""regime"": ""none"", ""trend"": true, ""mom_min"": 0.15, ""rsi2_max"": 100.0, ""rsi14_max"": 50.0, ""ret21_max"": 1.0, ""dist_ema20_max"": 0.0, ""dist_ema50_min"": -1.0, ""dist_hh60_min"": -0.1, ""atr_ratio_max"": 10.0, ""vol_ratio_min"": 0.0, ""up_close"": true, ""strong_close"": false}",2118,302.33476730543606,0.7261567516525024,0.058283184421516296,1.1947863076448273,4.0,0.0,0.014570796105379074,1506,376.24229979466116,0.6533864541832669,-0.06138745503922572,0.8352369747258218,4.0,0.0,-0.01534686375980643,1726,431.2046543463381,0.6697566628041715,-0.027351221585676665,0.9236991871732263,4.0,0.0028968713789107765,-0.006837805396419166
meanrev,2.0,0.75,5350,"{""family"": ""meanrev"", ""min_ddv"": 10000000.0, ""min_price"": 5.0, ""regime"": ""none"", ""trend"": true, ""mom_min"": 0.15, ""rsi2_max"": 100.0, ""rsi14_max"": 50.0, ""ret21_max"": 1.0, ""dist_ema20_max"": 0.0, ""dist_ema50_min"": -1.0, ""dist_hh60_min"": -0.1, ""atr_ratio_max"": 10.0, ""vol_ratio_min"": 0.0, ""up_close"": true, ""strong_close"": false}",2118,302.33476730543606,0.6369216241737489,0.0808669154685805,1.2035417998215134,6.0,0.0,0.013477819244763418,1506,376.24229979466116,0.5670650730411687,-0.05344659354750567,0.8854692916571985,5.0,0.0,-0.010689318709501135,1726,431.2046543463381,0.5822711471610661,-0.019759520380920954,0.9566736462722912,6.0,0.004634994206257242,-0.003293253396820159
meanrev,2.0,1.0,5350,"{""family"": ""meanrev"", ""min_ddv"": 10000000.0, ""min_price"": 5.0, ""regime"": ""none"", ""trend"": true, ""mom_min"": 0.15, ""rsi2_max"": 100.0, ""rsi14_max"": 50.0, ""ret21_max"": 1.0, ""dist_ema20_max"": 0.0, ""dist_ema50_min"": -1.0, ""dist_hh60_min"": -0.1, ""atr_ratio_max"": 10.0, ""vol_ratio_min"": 0.0, ""up_close"": true, ""strong_close"": false}",2118,302.33476730543606,0.5760151085930123,0.10970525034984191,1.2355519924404892,7.0,0.0,0.015672178621405988,1506,376.24229979466116,0.5086321381142098,-0.031504187221523594,0.9404448136338339,7.0,0.0,-0.004500598174503371,1726,431.2046543463381,0.5127462340672074,-0.017038611549029244,0.9678337239834186,7.0,0.007531865585168019,-0.0024340873641470347
meanrev,2.0,1.5,5350,"{""family"": ""meanrev"", ""min_ddv"": 10000000.0, ""min_price"": 5.0, ""regime"": ""none"", ""trend"": true, ""mom_min"": 0.15, ""rsi2_max"": 100.0, ""rsi14_max"": 50.0, ""ret21_max"": 1.0, ""dist_ema20_max"": 0.0, ""dist_ema50_min"": -1.0, ""dist_hh60_min"": -0.1, ""atr_ratio_max"": 10.0, ""vol_ratio_min"": 0.0, ""up_close"": true, ""strong_close"": false}",2118,302.33476730543606,0.48819641170915956,0.16655612734404282,1.2955317864583014,10.0,0.0,0.01665561273440428,1506,376.24229979466116,0.4243027888446215,0.008537876725693175,1.01377928956731,10.0,0.0,0.0008537876725693176,1726,431.2046543463381,0.4304750869061414,0.019254113050348187,1.030861740709515,10.0,0.008111239860950173,0.0019254113050348187
meanrev,2.0,2.0,5350,"{""family"": ""meanrev"", ""min_ddv"": 10000000.0, ""min_price"": 5.0, ""regime"": ""none"", ""trend"": true, ""mom_min"": 0.15, ""rsi2_max"": 100.0, ""rsi14_max"": 50.0, ""ret21_max"": 1.0, ""dist_ema20_max"": 0.0, ""dist_ema50_min"": -1.0, ""dist_hh60_min"": -0.1, ""atr_ratio_max"": 10.0, ""vol_ratio_min"": 0.0, ""up_close"": true, ""strong_close"": false}",2118,302.33476730543606,0.4225684608120869,0.2115894701537296,1.3323762771782497,13.0,0.0,0.01627611308874843,1506,376.24229979466116,0.3565737051792829,0.012514068029328402,1.018049773777643,12.5,0.0,0.001001125442346272,1726,431.2046543463381,0.3864426419466976,0.08640441788911811,1.1283597609228169,12.0,0.011587485515643106,0.007200368157426509
meanrev,2.0,3.0,5350,"{""family"": ""meanrev"", ""min_ddv"": 10000000.0, ""min_price"": 5.0, ""regime"": ""none"", ""trend"": true, ""mom_min"": 0.15, ""rsi2_max"": 100.0, ""rsi14_max"": 50.0, ""ret21_max"": 1.0, ""dist_ema20_max"": 0.0, ""dist_ema50_min"": -1.0, ""dist_hh60_min"": -0.1, ""atr_ratio_max"": 10.0, ""vol_ratio_min"": 0.0, ""up_close"": true, ""strong_close"": false}",2118,302.33476730543606,0.3347497639282342,0.2750200399935102,1.3738258270151837,19.0,0.0,0.014474738947026854,1506,376.24229979466116,0.300132802124834,0.1497604791170206,1.1984141572461058,16.0,0.0,0.009360029944813787,1726,431.2046543463381,0.32966396292004635,0.21358376567596196,1.2893421998096326,16.0,0.02085747392815759,0.013348985354747623
meanrev,3.0,0.5,5350,"{""family"": ""meanrev"", ""min_ddv"": 10000000.0, ""min_price"": 5.0, ""regime"": ""none"", ""trend"": true, ""mom_min"": 0.15, ""rsi2_max"": 100.0, ""rsi14_max"": 50.0, ""ret21_max"": 1.0, ""dist_ema20_max"": 0.0, ""dist_ema50_min"": -1.0, ""dist_hh60_min"": -0.1, ""atr_ratio_max"": 10.0, ""vol_ratio_min"": 0.0, ""up_close"": true, ""strong_close"": false}",2118,302.33476730543606,0.7403210576015109,0.08754211801588081,1.3109944125841495,7.0,0.0,0.012506016859411545,1501,374.99315537303215,0.681545636242505,-0.002443067835339721,0.9927158482263002,7.0,0.0,-0.0003490096907628173,1723,430.4551676933607,0.689495066744051,0.015170852648606079,1.0463203244484076,7.0,0.00522344747533372,0.0021672646640865825
meanrev,3.0,0.75,5350,"{""family"": ""meanrev"", ""min_ddv"": 10000000.0, ""min_price"": 5.0, ""regime"": ""none"", ""trend"": true, ""mom_min"": 0.15, ""rsi2_max"": 100.0, ""rsi14_max"": 50.0, ""ret21_max"": 1.0, ""dist_ema20_max"": 0.0, ""dist_ema50_min"": -1.0, ""dist_hh60_min"": -0.1, ""atr_ratio_max"": 10.0, ""vol_ratio_min"": 0.0, ""up_close"": true, ""strong_close"": false}",2118,302.33476730543606,0.6666666666666666,0.13757691860262897,1.381745862309388,11.0,0.0,0.012506992600238997,1501,374.99315537303215,0.6115922718187875,0.04255352488031621,1.1041217337236915,12.0,0.0,0.0035461270733596843,1723,430.4551676933607,0.6128845037724898,0.05311868287912003,1.1305057132876337,11.0,0.009286128845037725,0.0048289711708290935
meanrev,3.0,1.0,5350,"{""family"": ""meanrev"", ""min_ddv"": 10000000.0, ""min_price"": 5.0, ""regime"": ""none"", ""trend"": true, ""mom_min"": 0.15, ""rsi2_max"": 100.0, ""rsi14_max"": 50.0, ""ret21_max"": 1.0, ""dist_ema20_max"": 0.0, ""dist_ema50_min"": -1.0, ""dist_hh60_min"": -0.1, ""atr_ratio_max"": 10.0, ""vol_ratio_min"": 0.0, ""up_close"": true, ""strong_close"": false}",2118,302.33476730543606,0.6057601510859302,0.17854125149515254,1.418949142764942,14.0,0.0,0.01275294653536804,1501,374.99315537303215,0.5629580279813458,0.09611797238258603,1.2089409080876992,15.0,0.0,0.006407864825505735,1723,430.4551676933607,0.558908879860708,0.09275620144257343,1.1995407331482884,14.0,0.01044689495066744,0.006625442960183817
meanrev,3.0,1.5,5350,"{""family"": ""meanrev"", ""min_ddv"": 10000000.0, ""min_price"": 5.0, ""regime"": ""none"", ""trend"": true, ""mom_min"": 0.15, ""rsi2_max"": 100.0, ""rsi14_max"": 50.0, ""ret21_max"": 1.0, ""dist_ema20_max"": 0.0, ""dist_ema50_min"": -1.0, ""dist_hh60_min"": -0.1, ""atr_ratio_max"": 10.0, ""vol_ratio_min"": 0.0, ""up_close"": true, ""strong_close"": false}",2118,302.33476730543606,0.5118035882908404,0.2472941442693313,1.4705564242713258,22.0,0.0,0.011240642921333241,1501,374.99315537303215,0.47901399067288475,0.16464341413432448,1.2997967250535178,21.0,0.0,0.007840162577824975,1723,430.4551676933607,0.485780615206036,0.17311186351099506,1.3188010838764603,20.0,0.01857225769007545,0.008655593175549753
meanrev,3.0,2.0,5350,"{""family"": ""meanrev"", ""min_ddv"": 10000000.0, ""min_price"": 5.0, ""regime"": ""none"", ""trend"": true, ""mom_min"": 0.15, ""rsi2_max"": 100.0, ""rsi14_max"": 50.0, ""ret21_max"": 1.0, ""dist_ema20_max"": 0.0, ""dist_ema50_min"": -1.0, ""dist_hh60_min"": -0.1, ""atr_ratio_max"": 10.0, ""vol_ratio_min"": 0.0, ""up_close"": true, ""strong_close"": false}",2118,302.33476730543606,0.4442870632672332,0.2940092007606467,1.4914120128273436,28.0,0.0009442870632672333,0.010500328598594524,1501,374.99315537303215,0.43837441705529645,0.2903019187883011,1.4900745360565382,28.0,0.0,0.010367925671010752,1723,430.4551676933607,0.4410911201392919,0.2570062275777475,1.4342125282619724,25.0,0.027858386535113175,0.010280249103109899
meanrev,3.0,3.0,5350,"{""family"": ""meanrev"", ""min_ddv"": 10000000.0, ""min_price"": 5.0, ""regime"": ""none"", ""trend"": true, ""mom_min"": 0.15, ""rsi2_max"": 100.0, ""rsi14_max"": 50.0, ""ret21_max"": 1.0, ""dist_ema20_max"": 0.0, ""dist_ema50_min"": -1.0, ""dist_hh60_min"": -0.1, ""atr_ratio_max"": 10.0, ""vol_ratio_min"": 0.0, ""up_close"": true, ""strong_close"": false}",2118,302.33476730543606,0.362134088762984,0.39665263645005877,1.573172515180164,43.0,0.0028328611898017,0.009224479917443228,1501,374.99315537303215,0.3530979347101932,0.37255236026655864,1.5404807726391256,38.0,0.0013324450366422385,0.009804009480698912,1723,430.4551676933607,0.363319791062101,0.3445688016073759,1.5107725696640397,34.0,0.0412071967498549,0.010134376517863997
meanrev,1.0,0.5,1483,"{""family"": ""meanrev"", ""min_ddv"": 10000000.0, ""min_price"": 5.0, ""regime"": ""none"", ""trend"": true, ""mom_min"": 0.15, ""rsi2_max"": 100.0, ""rsi14_max"": 100.0, ""ret21_max"": 1.0, ""dist_ema20_max"": 0.0, ""dist_ema50_min"": -1.0, ""dist_hh60_min"": -0.05, ""atr_ratio_max"": 10.0, ""vol_ratio_min"": 0.0, ""up_close"": true, ""strong_close"": false}",845,120.61986703167774,0.7053254437869823,-0.06310510563471924,0.8209569943890186,1.0,0.0,-0.06310510563471924,306,76.44763860369609,0.6405228758169934,-0.1618324265554762,0.6108896976599258,1.5,0.0,-0.10788828437031746,332,82.943189596167,0.641566265060241,-0.14275924389231512,0.6509595414141817,1.0,0.0030120481927710845,-0.14275924389231512
meanrev,1.0,0.75,1483,"{""family"": ""meanrev"", ""min_ddv"": 10000000.0, ""min_price"": 5.0, ""regime"": ""none"", ""trend"": true, ""mom_min"": 0.15, ""rsi2_max"": 100.0, ""rsi14_max"": 100.0, ""ret21_max"": 1.0, ""dist_ema20_max"": 0.0, ""dist_ema50_min"": -1.0, ""dist_hh60_min"": -0.05, ""atr_ratio_max"": 10.0, ""vol_ratio_min"": 0.0, ""up_close"": true, ""strong_close"": false}",845,120.61986703167774,0.6189349112426036,-0.04129172974079638,0.9090652487152268,2.0,0.0,-0.02064586487039819,306,76.44763860369609,0.5490196078431373,-0.1609328074604913,0.6931855943983762,2.0,0.0,-0.08046640373024565,332,82.943189596167,0.5542168674698795,-0.11294868639230779,0.7795217895919653,2.0,0.0030120481927710845,-0.056474343196153895
meanrev,1.0,1.0,1483,"{""family"": ""meanrev"", ""min_ddv"": 10000000.0, ""min_price"": 5.0, ""regime"": ""none"", ""trend"": true, ""mom_min"": 0.15, ""rsi2_max"": 100.0, ""rsi14_max"": 100.0, ""ret21_max"": 1.0, ""dist_ema20_max"": 0.0, ""dist_ema50_min"": -1.0, ""dist_hh60_min"": -0.05, ""atr_ratio_max"": 10.0, ""vol_ratio_min"": 0.0, ""up_close"": true, ""strong_close"": false}",845,120.61986703167774,0.5538461538461539,-0.016729368890686117,0.9685436893956267,2.0,0.0,-0.008364684445343058,306,76.44763860369609,0.48366013071895425,-0.154987133077775,0.7423635607421538,3.0,0.0,-0.05166237769259167,332,82.943189596167,0.4789156626506024,-0.11617795462142338,0.8086068323823862,2.0,0.0030120481927710845,-0.05808897731071169
meanrev,1.0,1.5,1483,"{""family"": ""meanrev"", ""min_ddv"": 10000000.0, ""min_price"": 5.0, ""regime"": ""none"", ""trend"": true, ""mom_min"": 0.15, ""rsi2_max"": 100.0, ""rsi14_max"": 100.0, ""ret21_max"": 1.0, ""dist_ema20_max"": 0.0, ""dist_ema50_min"": -1.0, ""dist_hh60_min"": -0.05, ""atr_ratio_max"": 10.0, ""vol_ratio_min"": 0.0, ""up_close"": true, ""strong_close"": false}",845,120.61986703167774,0.4556213017751479,0.027321771028072143,1.0418500768710968,3.0,0.0,0.009107257009357382,306,76.44763860369609,0.4215686274509804,-0.07730861662216879,0.8851922344922901,3.0,0.0,-0.025769538874056263,332,82.943189596167,0.3855421686746988,-0.14636037782372274,0.8010280958703239,3.0,0.0030120481927710845,-0.04878679260790758
meanrev,1.0,2.0,1483,"{""family"": ""meanrev"", ""min_ddv"": 10000000.0, ""min_price"": 5.0, ""regime"": ""none"", ""trend"": true, ""mom_min"": 0.15, ""rsi2_max"": 100.0, ""rsi14_max"": 100.0, ""ret21_max"": 1.0, ""dist_ema20_max"": 0.0, ""dist_ema50_min"": -1.0, ""dist_hh60_min"": -0.05, ""atr_ratio_max"": 10.0, ""vol_ratio_min"": 0.0, ""up_close"": true, ""strong_close"": false}",845,120.61986703167774,0.3857988165680473,0.034094305241428695,1.0463713619340558,4.0,0.0,0.008523576310357174,306,76.44763860369609,0.3366013071895425,-0.1261311216334672,0.837244747123611,4.0,0.0,-0.0315327804083668,332,82.943189596167,0.3042168674698795,-0.22448982915988516,0.7316640282554518,3.0,0.0030120481927710845,-0.07482994305329506
meanrev,1.0,3.0,1483,"{""family"": ""meanrev"", ""min_ddv"": 10000000.0, ""min_price"": 5.0, ""regime"": ""none"", ""trend"": true, ""mom_min"": 0.15, ""rsi2_max"": 100.0, ""rsi14_max"": 100.0, ""ret21_max"": 1.0, ""dist_ema20_max"": 0.0, ""dist_ema50_min"": -1.0, ""dist_hh60_min"": -0.05, ""atr_ratio_max"": 10.0, ""vol_ratio_min"": 0.0, ""up_close"": true, ""strong_close"": false}",845,120.61986703167774,0.30414201183431955,0.06487422318131425,1.0780826329495443,5.0,0.0,0.01297484463626285,306,76.44763860369609,0.2875816993464052,0.004270017081090271,1.0051482166374608,5.0,0.0,0.0008540034162180542,332,82.943189596167,0.22590361445783133,-0.2625750062280489,0.727081142854986,4.0,0.0030120481927710845,-0.06564375155701223
meanrev,1.5,0.5,1483,"{""family"": ""meanrev"", ""min_ddv"": 10000000.0, ""min_price"": 5.0, ""regime"": ""none"", ""trend"": true, ""mom_min"": 0.15, ""rsi2_max"": 100.0, ""rsi14_max"": 100.0, ""ret21_max"": 1.0, ""dist_ema20_max"": 0.0, ""dist_ema50_min"": -1.0, ""dist_hh60_min"": -0.05, ""atr_ratio_max"": 10.0, ""vol_ratio_min"": 0.0, ""up_close"": true, ""strong_close"": false}",845,120.61986703167774,0.7266272189349112,0.010586441102601128,1.0338083319095333,2.0,0.0,0.005293220551300564,306,76.44763860369609,0.6405228758169934,-0.12517051744018293,0.6919941500983248,3.0,0.0,-0.04172350581339431,332,82.943189596167,0.6445783132530121,-0.09316735154204292,0.767166726566116,2.0,0.0030120481927710845,-0.04658367577102146
meanrev,1.5,0.75,1483,"{""family"": ""meanrev"", ""min_ddv"": 10000000.0, ""min_price"": 5.0, ""regime"": ""none"", ""trend"": true, ""mom_min"": 0.15, ""rsi2_max"": 100.0, ""rsi14_max"": 100.0, ""ret21_max"": 1.0, ""dist_ema20_max"": 0.0, ""dist_ema50_min"": -1.0, ""dist_hh60_min"": -0.05, ""atr_ratio_max"": 10.0, ""vol_ratio_min"": 0.0, ""up_close"": true, ""strong_close"": false}",845,120.61986703167774,0.6319526627218935,0.02780717466346302,1.0662042826429843,3.0,0.0,0.00926905822115434,306,76.44763860369609,0.565359477124183,-0.09765253485756735,0.8001194486516117,3.0,0.0,-0.03255084495252245,332,82.943189596167,0.5662650602409639,-0.06205818268950461,0.8734389521484885,4.0,0.0030120481927710845,-0.015514545672376152
meanrev,1.5,1.0,1483,"{""family"": ""meanrev"", ""min_ddv"": 10000000.0, ""min_price"": 5.0, ""regime"": ""none"", ""trend"": true, ""mom_min"": 0.15, ""rsi2_max"": 100.0, ""rsi14_max"": 100.0, ""ret21_max"": 1.0, ""dist_ema20_max"": 0.0, ""dist_ema50_min"": -1.0, ""dist_hh60_min"": -0.05, ""atr_ratio_max"": 10.0, ""vol_ratio_min"": 0.0, ""up_close"": true, ""strong_close"": false}",845,120.61986703167774,0.5680473372781065,0.06839370758816009,1.139233155219745,4.0,0.0,0.017098426897040022,306,76.44763860369609,0.5163398692810458,-0.05622043539446248,0.896234822376579,4.0,0.0,-0.01405510884861562,332,82.943189596167,0.4879518072289157,-0.09673357045492592,0.835660574220342,4.0,0.0030120481927710845,-0.02418339261373148
meanrev,1.5,1.5,1483,"{""family"": ""meanrev"", ""min_ddv"": 10000000.0, ""min_price"": 5.0, ""regime"": ""none"", ""trend"": true, ""mom_min"": 0.15, ""rsi2_max"": 100.0, ""rsi14_max"": 100.0, ""ret21_max"": 1.0, ""dist_ema20_max"": 0.0, ""dist_ema50_min"": -1.0, ""dist_hh60_min"": -0.05, ""atr_ratio_max"": 10.0, ""vol_ratio_min"": 0.0, ""up_close"": true, ""strong_close"": false}",845,120.61986703167774,0.4603550295857988,0.06650059018436677,1.10863173337888,6.0,0.0,0.011083431697394461,306,76.44763860369609,0.41830065359477125,-0.04252893908095159,0.9343943050662794,6.0,0.0,-0.007088156513491931,332,82.943189596167,0.3674698795180723,-0.17714960097809176,0.7626679998430097,6.0,0.0030120481927710845,-0.02952493349634863
meanrev,1.5,2.0,1483,"{""family"": ""meanrev"", ""min_ddv"": 10000000.0, ""min_price"": 5.0, ""regime"": ""none"", ""trend"": true, ""mom_min"": 0.15, ""rsi2_max"": 100.0, ""rsi14_max"": 100.0, ""ret21_max"": 1.0, ""dist_ema20_max"": 0.0, ""dist_ema50_min"": -1.0, ""dist_hh60_min"": -0.05, ""atr_ratio_max"": 10.0, ""vol_ratio_min"": 0.0, ""up_close"": true, ""strong_close"": false}",845,120.61986703167774,0.39289940828402364,0.0794012221070636,1.1151834850251134,8.0,0.0,0.00992515276338295,306,76.44763860369609,0.3660130718954248,-0.001454659136440378,0.9979459893165157,7.0,0.0,-0.00020780844806291113,332,82.943189596167,0.3102409638554217,-0.1611741381150928,0.8029043586826032,7.0,0.0030120481927710845,-0.023024876873584683
meanrev,1.5,3.0,1483,"{""family"": ""meanrev"", ""min_ddv"": 10000000.0, ""min_price"": 5.0, ""regime"": ""none"", ""trend"": true, ""mom_min"": 0.15, ""rsi2_max"": 100.0, ""rsi14_max"": 100.0, ""ret21_max"": 1.0, ""dist_ema20_max"": 0.0, ""dist_ema50_min"": -1.0, ""dist_hh60_min"": -0.05, ""atr_ratio_max"": 10.0, ""vol_ratio_min"": 0.0, ""up_close"": true, ""strong_close"": false}",845,120.61986703167774,0.3005917159763314,0.11797656449660553,1.1481312301863043,10.0,0.0,0.011797656449660552,306,76.44763860369609,0.24509803921568626,-0.11211317324456901,0.8664839793218854,9.0,0.0,-0.012457019249396557,332,82.943189596167,0.22590361445783133,-0.2244485592334509,0.7553030244193193,8.0,0.0030120481927710845,-0.02805606990418136
meanrev,2.0,0.5,1483,"{""family"": ""meanrev"", ""min_ddv"": 10000000.0, ""min_price"": 5.0, ""regime"": ""none"", ""trend"": true, ""mom_min"": 0.15, ""rsi2_max"": 100.0, ""rsi14_max"": 100.0, ""ret21_max"": 1.0, ""dist_ema20_max"": 0.0, ""dist_ema50_min"": -1.0, ""dist_hh60_min"": -0.05, ""atr_ratio_max"": 10.0, ""vol_ratio_min"": 0.0, ""up_close"": true, ""strong_close"": false}",845,120.61986703167774,0.7396449704142012,0.06110410464567957,1.2130675807488704,4.0,0.0,0.015276026161419893,306,76.44763860369609,0.6405228758169934,-0.09357026942141752,0.7611467448534438,4.0,0.0,-0.02339256735535438,332,82.943189596167,0.6325301204819277,-0.08365969431710828,0.790960142315731,4.0,0.0030120481927710845,-0.02091492357927707
meanrev,2.0,0.75,1483,"{""family"": ""meanrev"", ""min_ddv"": 10000000.0, ""min_price"": 5.0, ""regime"": ""none"", ""trend"": true, ""mom_min"": 0.15, ""rsi2_max"": 100.0, ""rsi14_max"": 100.0, ""ret21_max"": 1.0, ""dist_ema20_max"": 0.0, ""dist_ema50_min"": -1.0, ""dist_hh60_min"": -0.05, ""atr_ratio_max"": 10.0, ""vol_ratio_min"": 0.0, ""up_close"": true, ""strong_close"": false}",845,120.61986703167774,0.650887573964497,0.09614152351750731,1.2493378408863243,5.0,0.0,0.01922830470350146,306,76.44763860369609,0.5915032679738562,-0.024453598930403858,0.944912502060569,5.0,0.0,-0.004890719786080772,332,82.943189596167,0.5481927710843374,-0.0826302265018554,0.8333898517519034,5.0,0.0030120481927710845,-0.016526045300371082
meanrev,2.0,1.0,1483,"{""family"": ""meanrev"", ""min_ddv"": 10000000.0, ""min_price"": 5.0, ""regime"": ""none"", ""trend"": true, ""mom_min"": 0.15, ""rsi2_max"": 100.0, ""rsi14_max"": 100.0, ""ret21_max"": 1.0, ""dist_ema20_max"": 0.0, ""dist_ema50_min"": -1.0, ""dist_hh60_min"": -0.05, ""atr_ratio_max"": 10.0, ""vol_ratio_min"": 0.0, ""up_close"": true, ""strong_close"": false}",845,120.61986703167774,0.5822485207100592,0.11638164696635545,1.2532746849878658,7.0,0.0,0.016625949566622205,306,76.44763860369609,0.5065359477124183,-0.047926732843348176,0.9104779612704691,7.0,0.0,-0.006846676120478311,332,82.943189596167,0.44879518072289154,-0.1501413514436152,0.7537636922902687,7.0,0.0030120481927710845,-0.02144876449194503
meanrev,2.0,1.5,1483,"{""family"": ""meanrev"", ""min_ddv"": 10000000.0, ""min_price"": 5.0, ""regime"": ""none"", ""trend"": true, ""mom_min"": 0.15, ""rsi2_max"": 100.0, ""rsi14_max"": 100.0, ""ret21_max"": 1.0, ""dist_ema20_max"": 0.0, ""dist_ema50_min"": -1.0, ""dist_hh60_min"": -0.05, ""atr_ratio_max"": 10.0, ""vol_ratio_min"": 0.0, ""up_close"": true, ""strong_close"": false}",845,120.61986703167774,0.4804733727810651,0.1337835890861821,1.2342375930625922,9.0,0.0,0.01486484323179801,306,76.44763860369609,0.4444444444444444,0.04122404164257227,1.0684972809309459,9.0,0.0,0.004580449071396919,332,82.943189596167,0.3674698795180723,-0.13417942260774088,0.8118518063856895,9.0,0.0030120481927710845,-0.014908824734193431
meanrev,2.0,2.0,1483,"{""family"": ""meanrev"", ""min_ddv"": 10000000.0, ""min_price"": 5.0, ""regime"": ""none"", ""trend"": true, ""mom_min"": 0.15, ""rsi2_max"": 100.0, ""rsi14_max"": 100.0, ""ret21_max"": 1.0, ""dist_ema20_max"": 0.0, ""dist_ema50_min"": -1.0, ""dist_hh60_min"": -0.05, ""atr_ratio_max"": 10.0, ""vol_ratio_min"": 0.0, ""up_close"": true, ""strong_close"": false}",845,120.61986703167774,0.40473372781065087,0.14402024864873275,1.2182365194305746,12.0,0.0,0.012001687387394397,306,76.44763860369609,0.3562091503267974,0.017835706313247213,1.0256592115318335,11.0,0.0,0.0016214278466588376,332,82.943189596167,0.3072289156626506,-0.1448580226115953,0.8138403521570907,9.0,0.0030120481927710845,-0.016095335845732812
meanrev,2.0,3.0,1483,"{""family"": ""meanrev"", ""min_ddv"": 10000000.0, ""min_price"": 5.0, ""regime"": ""none"", ""trend"": true, ""mom_min"": 0.15, ""rsi2_max"": 100.0, ""rsi14_max"": 100.0, ""ret21_max"": 1.0, ""dist_ema20_max"": 0.0, ""dist_ema50_min"": -1.0, ""dist_hh60_min"": -0.05, ""atr_ratio_max"": 10.0, ""vol_ratio_min"": 0.0, ""up_close"": true, ""strong_close"": false}",845,120.61986703167774,0.33254437869822484,0.26355774932883497,1.3557000569402513,18.0,0.0,0.014642097184935275,306,76.44763860369609,0.2908496732026144,0.09951930105901387,1.1301648826038144,15.0,0.0,0.006634620070600924,332,82.943189596167,0.25301204819277107,-0.10190335435030755,0.8786406329083222,12.0,0.012048192771084338,-0.008491946195858963
meanrev,3.0,0.5,1483,"{""family"": ""meanrev"", ""min_ddv"": 10000000.0, ""min_price"": 5.0, ""regime"": ""none"", ""trend"": true, ""mom_min"": 0.15, ""rsi2_max"": 100.0, ""rsi14_max"": 100.0, ""ret21_max"": 1.0, ""dist_ema20_max"": 0.0, ""dist_ema50_min"": -1.0, ""dist_hh60_min"": -0.05, ""atr_ratio_max"": 10.0, ""vol_ratio_min"": 0.0, ""up_close"": true, ""strong_close"": false}",845,120.61986703167774,0.749112426035503,0.09748257742189341,1.3591689200380537,6.0,0.0,0.016247096236982235,306,76.44763860369609,0.6568627450980392,-0.049635147489590616,0.8621402175476462,7.0,0.0,-0.0070907353556558025,332,82.943189596167,0.6295180722891566,-0.07728185079415466,0.8031163163106343,7.0,0.0030120481927710845,-0.01104026439916495
meanrev,3.0,0.75,1483,"{""family"": ""meanrev"", ""min_ddv"": 10000000.0, ""min_price"": 5.0, ""regime"": ""none"", ""trend"": true, ""mom_min"": 0.15, ""rsi2_max"": 100.0, ""rsi14_max"": 100.0, ""ret21_max"": 1.0, ""dist_ema20_max"": 0.0, ""dist_ema50_min"": -1.0, ""dist_hh60_min"": -0.05, ""atr_ratio_max"": 10.0, ""vol_ratio_min"": 0.0, ""up_close"": true, ""strong_close"": false}",845,120.61986703167774,0.6627218934911243,0.12829997446331626,1.3540444253780581,10.0,0.0,0.012829997446331625,306,76.44763860369609,0.5849673202614379,-0.010850228432759271,0.9750454295888576,10.0,0.0,-0.001085022843275927,332,82.943189596167,0.5180722891566265,-0.12755513877811703,0.7552112187459654,9.0,0.0030120481927710845,-0.014172793197568558
meanrev,3.0,1.0,1483,"{""family"": ""meanrev"", ""min_ddv"": 10000000.0, ""min_price"": 5.0, ""regime"": ""none"", ""trend"": true, ""mom_min"": 0.15, ""rsi2_max"": 100.0, ""rsi14_max"": 100.0, ""ret21_max"": 1.0, ""dist_ema20_max"": 0.0, ""dist_ema50_min"": -1.0, ""dist_hh60_min"": -0.05, ""atr_ratio_max"": 10.0, ""vol_ratio_min"": 0.0, ""up_close"": true, ""strong_close"": false}",845,120.61986703167774,0.6059171597633136,0.17017974477536424,1.40099697939325,13.0,0.0,0.013090749598104941,306,76.44763860369609,0.5424836601307189,0.04373431282923592,1.0912822064404555,13.0,0.0,0.0033641779099412247,332,82.943189596167,0.4759036144578313,-0.07413752350926898,0.8687744470329043,12.0,0.0030120481927710845,-0.006178126959105749
meanrev,3.0,1.5,1483,"{""family"": ""meanrev"", ""min_ddv"": 10000000.0, ""min_price"": 5.0, ""regime"": ""none"", ""trend"": true, ""mom_min"": 0.15, ""rsi2_max"": 100.0, ""rsi14_max"": 100.0, ""ret21_max"": 1.0, ""dist_ema20_max"": 0.0, ""dist_ema50_min"": -1.0, ""dist_hh60_min"": -0.05, ""atr_ratio_max"": 10.0, ""vol_ratio_min"": 0.0, ""up_close"": true, ""strong_close"": false}",845,120.61986703167774,0.5017751479289941,0.21733996146201529,1.405223862031558,20.0,0.0,0.010866998073100764,306,76.44763860369609,0.4411764705882353,0.07178601006598645,1.1225806218430743,20.0,0.0,0.0035893005032993225,332,82.943189596167,0.39457831325301207,-0.055389947234870486,0.9148784653400017,16.5,0.0030120481927710845,-0.00335696649908306
meanrev,3.0,2.0,1483,"{""family"": ""meanrev"", ""min_ddv"": 10000000.0, ""min_price"": 5.0, ""regime"": ""none"", ""trend"": true, ""mom_min"": 0.15, ""rsi2_max"": 100.0, ""rsi14_max"": 100.0, ""ret21_max"": 1.0, ""dist_ema20_max"": 0.0, ""dist_ema50_min"": -1.0, ""dist_hh60_min"": -0.05, ""atr_ratio_max"": 10.0, ""vol_ratio_min"": 0.0, ""up_close"": true, ""strong_close"": false}",845,120.61986703167774,0.4544378698224852,0.3229884927169825,1.5507070888256305,27.0,0.0,0.011962536767295648,306,76.44763860369609,0.39215686274509803,0.137386812611685,1.2152070390051624,26.0,0.0,0.0052841081773725,332,82.943189596167,0.34036144578313254,-0.047758166669044436,0.9331122262735304,18.5,0.012048192771084338,-0.0025815225226510506
meanrev,3.0,3.0,1483,"{""family"": ""meanrev"", ""min_ddv"": 10000000.0, ""min_price"": 5.0, ""regime"": ""none"", ""trend"": true, ""mom_min"": 0.15, ""rsi2_max"": 100.0, ""rsi14_max"": 100.0, ""ret21_max"": 1.0, ""dist_ema20_max"": 0.0, ""dist_ema50_min"": -1.0, ""dist_hh60_min"": -0.05, ""atr_ratio_max"": 10.0, ""vol_ratio_min"": 0.0, ""up_close"": true, ""strong_close"": false}",845,120.61986703167774,0.38698224852071006,0.4972982004246888,1.751888570235206,36.0,0.0,0.0138138389006858,306,76.44763860369609,0.30718954248366015,0.17865794054205814,1.243757320374174,31.5,0.0,0.005671680652128829,332,82.943189596167,0.27710843373493976,0.019207011273783686,1.0245223999207083,21.0,0.012048192771084338,0.0009146195844658898
meanrev,1.0,0.5,815,"{""family"": ""meanrev"", ""min_ddv"": 10000000.0, ""min_price"": 5.0, ""regime"": ""none"", ""trend"": true, ""mom_min"": 0.15, ""rsi2_max"": 100.0, ""rsi14_max"": 50.0, ""ret21_max"": 1.0, ""dist_ema20_max"": 0.0, ""dist_ema50_min"": -1.0, ""dist_hh60_min"": -0.05, ""atr_ratio_max"": 10.0, ""vol_ratio_min"": 0.0, ""up_close"": true, ""strong_close"": false}",469,66.94759483770042,0.7270788912579957,-0.014719534056634214,0.9549329073290043,1.0,0.0,-0.014719534056634214,168,41.97125256673511,0.6428571428571429,-0.1518451484198904,0.6271194639618647,2.0,0.0,-0.0759225742099452,178,44.469541409993155,0.6235955056179775,-0.18705038329521712,0.5722079363941313,2.0,0.0056179775280898875,-0.09352519164760856
meanrev,1.0,0.75,815,"{""family"": ""meanrev"", ""min_ddv"": 10000000.0, ""min_price"": 5.0, ""regime"": ""none"", ""trend"": true, ""mom_min"": 0.15, ""rsi2_max"": 100.0, ""rsi14_max"": 50.0, ""ret21_max"": 1.0, ""dist_ema20_max"": 0.0, ""dist_ema50_min"": -1.0, ""dist_hh60_min"": -0.05, ""atr_ratio_max"": 10.0, ""vol_ratio_min"": 0.0, ""up_close"": true, ""strong_close"": false}",469,66.94759483770042,0.652452025586354,0.032457753699290444,1.0778632135463972,2.0,0.0,0.016228876849645222,168,41.97125256673511,0.5416666666666666,-0.16980795827862818,0.6740099974025604,2.0,0.0,-0.08490397913931409,178,44.469541409993155,0.550561797752809,-0.11957013452859773,0.7718026431021223,2.0,0.0056179775280898875,-0.059785067264298865
meanrev,1.0,1.0,815,"{""family"": ""meanrev"", ""min_ddv"": 10000000.0, ""min_price"": 5.0, ""regime"": ""none"", ""trend"": true, ""mom_min"": 0.15, ""rsi2_max"": 100.0, ""rsi14_max"": 50.0, ""ret21_max"": 1.0, ""dist_ema20_max"": 0.0, ""dist_ema50_min"": -1.0, ""dist_hh60_min"": -0.05, ""atr_ratio_max"": 10.0, ""vol_ratio_min"": 0.0, ""up_close"": true, ""strong_close"": false}",469,66.94759483770042,0.582089552238806,0.057861526500990794,1.11582479202494,2.0,0.0,0.028930763250495397,168,41.97125256673511,0.4642857142857143,-0.1904778150206164,0.6901296990253055,2.0,0.0,-0.0952389075103082,178,44.469541409993155,0.46629213483146065,-0.15697513732634324,0.754221620179597,2.0,0.0056179775280898875,-0.07848756866317162
meanrev,1.0,1.5,815,"{""family"": ""meanrev"", ""min_ddv"": 10000000.0, ""min_price"": 5.0, ""regime"": ""none"", ""trend"": true, ""mom_min"": 0.15, ""rsi2_max"": 100.0, ""rsi14_max"": 50.0, ""ret21_max"": 1.0, ""dist_ema20_max"": 0.0, ""dist_ema50_min"": -1.0, ""dist_hh60_min"": -0.05, ""atr_ratio_max"": 10.0, ""vol_ratio_min"": 0.0, ""up_close"": true, ""strong_close"": false}",469,66.94759483770042,0.4626865671641791,0.043568011618241774,1.0673901297710726,3.0,0.0,0.014522670539413925,168,41.97125256673511,0.40476190476190477,-0.12093575723784462,0.8236029174881787,3.0,0.0,-0.04031191907928154,178,44.469541409993155,0.3595505617977528,-0.24132617538734008,0.6967609084512002,3.0,0.0056179775280898875,-0.08044205846244669
meanrev,1.0,2.0,815,"{""family"": ""meanrev"", ""min_ddv"": 10000000.0, ""min_price"": 5.0, ""regime"": ""none"", ""trend"": true, ""mom_min"": 0.15, ""rsi2_max"": 100.0, ""rsi14_max"": 50.0, ""ret21_max"": 1.0, ""dist_ema20_max"": 0.0, ""dist_ema50_min"": -1.0, ""dist_hh60_min"": -0.05, ""atr_ratio_max"": 10.0, ""vol_ratio_min"": 0.0, ""up_close"": true, ""strong_close"": false}",469,66.94759483770042,0.40085287846481876,0.07430305992847988,1.1035815985804769,4.0,0.0,0.01857576498211997,168,41.97125256673511,0.3273809523809524,-0.15644365845500047,0.7982445140023424,4.0,0.0,-0.03911091461375012,178,44.469541409993155,0.28651685393258425,-0.31303647147147506,0.6492888388454916,3.0,0.0056179775280898875,-0.10434549049049169
meanrev,1.0,3.0,815,"{""family"": ""meanrev"", ""min_ddv"": 10000000.0, ""min_price"": 5.0, ""regime"": ""none"", ""trend"": true, ""mom_min"": 0.15, ""rsi2_max"": 100.0, ""rsi14_max"": 50.0, ""ret21_max"": 1.0, ""dist_ema20_max"": 0.0, ""dist_ema50_min"": -1.0, ""dist_hh60_min"": -0.05, ""atr_ratio_max"": 10.0, ""vol_ratio_min"": 0.0, ""up_close"": true, ""strong_close"": false}",469,66.94759483770042,0.32196162046908317,0.13276641463466854,1.1635743045424294,5.0,0.0,0.026553282926933708,168,41.97125256673511,0.27380952380952384,-0.04580998929086767,0.9451562501505097,5.0,0.0,-0.009161997858173534,178,44.469541409993155,0.2247191011235955,-0.3682648774220274,0.6435417877020961,4.0,0.0056179775280898875,-0.09206621935550685
meanrev,1.5,0.5,815,"{""family"": ""meanrev"", ""min_ddv"": 10000000.0, ""min_price"": 5.0, ""regime"": ""none"", ""trend"": true, ""mom_min"": 0.15, ""rsi2_max"": 100.0, ""rsi14_max"": 50.0, ""ret21_max"": 1.0, ""dist_ema20_max"": 0.0, ""dist_ema50_min"": -1.0, ""dist_hh60_min"": -0.05, ""atr_ratio_max"": 10.0, ""vol_ratio_min"": 0.0, ""up_close"": true, ""strong_close"": false}",469,66.94759483770042,0.7611940298507462,0.07667425218026575,1.2846367789648638,2.0,0.0,0.03833712609013287,168,41.97125256673511,0.6428571428571429,-0.12461236943244745,0.689566461300467,2.0,0.0,-0.06230618471622373,178,44.469541409993155,0.6460674157303371,-0.07434883212341935,0.8086360479683938,2.0,0.0056179775280898875,-0.037174416061709674
meanrev,1.5,0.75,815,"{""family"": ""meanrev"", ""min_ddv"": 10000000.0, ""min_price"": 5.0, ""regime"": ""none"", ""trend"": true, ""mom_min"": 0.15, ""rsi2_max"": 100.0, ""rsi14_max"": 50.0, ""ret21_max"": 1.0, ""dist_ema20_max"": 0.0, ""dist_ema50_min"": -1.0, ""dist_hh60_min"": -0.05, ""atr_ratio_max"": 10.0, ""vol_ratio_min"": 0.0, ""up_close"": true, ""strong_close"": false}",469,66.94759483770042,0.650319829424307,0.07572656504256017,1.1923765125260846,3.0,0.0,0.025242188347520057,168,41.97125256673511,0.5535714285714286,-0.11963846780672835,0.7603250441511741,3.0,0.0,-0.03987948926890945,178,44.469541409993155,0.5674157303370787,-0.05760011832882884,0.8807879571382004,4.0,0.0056179775280898875,-0.01440002958220721
meanrev,1.5,1.0,815,"{""family"": ""meanrev"", ""min_ddv"": 10000000.0, ""min_price"": 5.0, ""regime"": ""none"", ""trend"": true, ""mom_min"": 0.15, ""rsi2_max"": 100.0, ""rsi14_max"": 50.0, ""ret21_max"": 1.0, ""dist_ema20_max"": 0.0, ""dist_ema50_min"": -1.0, ""dist_hh60_min"": -0.05, ""atr_ratio_max"": 10.0, ""vol_ratio_min"": 0.0, ""up_close"": true, ""strong_close"": false}",469,66.94759483770042,0.5778251599147122,0.09121966099174038,1.1919790103747532,4.0,0.0,0.022804915247935095,168,41.97125256673511,0.49404761904761907,-0.10552924334097516,0.8130146073384571,4.0,0.0,-0.02638231083524379,178,44.469541409993155,0.47752808988764045,-0.125777366367836,0.7919133866232729,4.0,0.0056179775280898875,-0.031444341591959
meanrev,1.5,1.5,815,"{""family"": ""meanrev"", ""min_ddv"": 10000000.0, ""min_price"": 5.0, ""regime"": ""none"", ""trend"": true, ""mom_min"": 0.15, ""rsi2_max"": 100.0, ""rsi14_max"": 50.0, ""ret21_max"": 1.0, ""dist_ema20_max"": 0.0, ""dist_ema50_min"": -1.0, ""dist_hh60_min"": -0.05, ""atr_ratio_max"": 10.0, ""vol_ratio_min"": 0.0, ""up_close"": true, ""strong_close"": false}",469,66.94759483770042,0.4690831556503198,0.0901669779511475,1.1510936794836477,6.0,0.0,0.015027829658524583,168,41.97125256673511,0.39285714285714285,-0.11409835061873563,0.8305980808602057,6.0,0.0,-0.01901639176978927,178,44.469541409993155,0.3707865168539326,-0.16883321249202599,0.7789928565896312,5.0,0.0056179775280898875,-0.0337666424984052
meanrev,1.5,2.0,815,"{""family"": ""meanrev"", ""min_ddv"": 10000000.0, ""min_price"": 5.0, ""regime"": ""none"", ""trend"": true, ""mom_min"": 0.15, ""rsi2_max"": 100.0, ""rsi14_max"": 50.0, ""ret21_max"": 1.0, ""dist_ema20_max"": 0.0, ""dist_ema50_min"": -1.0, ""dist_hh60_min"": -0.05, ""atr_ratio_max"": 10.0, ""vol_ratio_min"": 0.0, ""up_close"": true, ""strong_close"": false}",469,66.94759483770042,0.4072494669509595,0.12800920485238834,1.1921196648510317,8.0,0.0,0.016001150606548543,168,41.97125256673511,0.35119047619047616,-0.04402378883851183,0.9388132799980561,7.0,0.0,-0.006289112691215975,178,44.469541409993155,0.3202247191011236,-0.16699650836909297,0.7984638711773566,6.0,0.0056179775280898875,-0.027832751394848827
meanrev,1.5,3.0,815,"{""family"": ""meanrev"", ""min_ddv"": 10000000.0, ""min_price"": 5.0, ""regime"": ""none"", ""trend"": true, ""mom_min"": 0.15, ""rsi2_max"": 100.0, ""rsi14_max"": 50.0, ""ret21_max"": 1.0, ""dist_ema20_max"": 0.0, ""dist_ema50_min"": -1.0, ""dist_hh60_min"": -0.05, ""atr_ratio_max"": 10.0, ""vol_ratio_min"": 0.0, ""up_close"": true, ""strong_close"": false}",469,66.94759483770042,0.31556503198294245,0.1719928754935715,1.2210588815607926,11.0,0.0,0.015635715953961047,168,41.97125256673511,0.2261904761904762,-0.18805521413686768,0.7798298941978246,10.0,0.0,-0.018805521413686768,178,44.469541409993155,0.20786516853932585,-0.3334616695846717,0.6540731002117708,8.0,0.0056179775280898875,-0.041682708698083965
meanrev,2.0,0.5,815,"{""family"": ""meanrev"", ""min_ddv"": 10000000.0, ""min_price"": 5.0, ""regime"": ""none"", ""trend"": true, ""mom_min"": 0.15, ""rsi2_max"": 100.0, ""rsi14_max"": 50.0, ""ret21_max"": 1.0, ""dist_ema20_max"": 0.0, ""dist_ema50_min"": -1.0, ""dist_hh60_min"": -0.05, ""atr_ratio_max"": 10.0, ""vol_ratio_min"": 0.0, ""up_close"": true, ""strong_close"": false}",469,66.94759483770042,0.7569296375266524,0.09553291885252521,1.36005001135611,3.0,0.0,0.03184430628417507,168,41.97125256673511,0.6130952380952381,-0.13562715923453686,0.6794142527446234,3.0,0.0,-0.045209053078178955,178,44.469541409993155,0.6348314606741573,-0.07650656633608605,0.8069801280868284,4.0,0.0056179775280898875,-0.01912664158402151
meanrev,2.0,0.75,815,"{""family"": ""meanrev"", ""min_ddv"": 10000000.0, ""min_price"": 5.0, ""regime"": ""none"", ""trend"": true, ""mom_min"": 0.15, ""rsi2_max"": 100.0, ""rsi14_max"": 50.0, ""ret21_max"": 1.0, ""dist_ema20_max"": 0.0, ""dist_ema50_min"": -1.0, ""dist_hh60_min"": -0.05, ""atr_ratio_max"": 10.0, ""vol_ratio_min"": 0.0, ""up_close"": true, ""strong_close"": false}",469,66.94759483770042,0.6545842217484008,0.10591340339010122,1.2820557197376856,5.0,0.0,0.021182680678020243,168,41.97125256673511,0.5714285714285714,-0.06376789669076144,0.863692264417671,5.0,0.0,-0.012753579338152288,178,44.469541409993155,0.5449438202247191,-0.09646065988617876,0.8085713606932897,5.0,0.0056179775280898875,-0.01929213197723575
meanrev,2.0,1.0,815,"{""family"": ""meanrev"", ""min_ddv"": 10000000.0, ""min_price"": 5.0, ""regime"": ""none"", ""trend"": true, ""mom_min"": 0.15, ""rsi2_max"": 100.0, ""rsi14_max"": 50.0, ""ret21_max"": 1.0, ""dist_ema20_max"": 0.0, ""dist_ema50_min"": -1.0, ""dist_hh60_min"": -0.05, ""atr_ratio_max"": 10.0, ""vol_ratio_min"": 0.0, ""up_close"": true, ""strong_close"": false}",469,66.94759483770042,0.5842217484008528,0.12513100317753167,1.2776222820822296,6.0,0.0,0.02085516719625528,168,41.97125256673511,0.49404761904761907,-0.07949816511884313,0.8557432510724358,7.0,0.0,-0.011356880731263303,178,44.469541409993155,0.449438202247191,-0.1406277492329539,0.7691885169697451,7.0,0.0056179775280898875,-0.020089678461850558
meanrev,2.0,1.5,815,"{""family"": ""meanrev"", ""min_ddv"": 10000000.0, ""min_price"": 5.0, ""regime"": ""none"", ""trend"": true, ""mom_min"": 0.15, ""rsi2_max"": 100.0, ""rsi14_max"": 50.0, ""ret21_max"": 1.0, ""dist_ema20_max"": 0.0, ""dist_ema50_min"": -1.0, ""dist_hh60_min"": -0.05, ""atr_ratio_max"": 10.0, ""vol_ratio_min"": 0.0, ""up_close"": true, ""strong_close"": false}",469,66.94759483770042,0.4861407249466951,0.15581314434659657,1.2796049145928527,9.0,0.0,0.017312571594066285,168,41.97125256673511,0.44047619047619047,0.02710876883217768,1.0445477428225938,9.5,0.0,0.00285355461391344,178,44.469541409993155,0.37640449438202245,-0.13804625179512467,0.8073138251576579,8.0,0.0056179775280898875,-0.017255781474390584
meanrev,2.0,2.0,815,"{""family"": ""meanrev"", ""min_ddv"": 10000000.0, ""min_price"": 5.0, ""regime"": ""none"", ""trend"": true, ""mom_min"": 0.15, ""rsi2_max"": 100.0, ""rsi14_max"": 50.0, ""ret21_max"": 1.0, ""dist_ema20_max"": 0.0, ""dist_ema50_min"": -1.0, ""dist_hh60_min"": -0.05, ""atr_ratio_max"": 10.0, ""vol_ratio_min"": 0.0, ""up_close"": true, ""strong_close"": false}",469,66.94759483770042,0.40298507462686567,0.13435334381572386,1.203591751175067,12.0,0.0,0.011196111984643655,168,41.97125256673511,0.3333333333333333,-0.06981661318523023,0.9032358748288093,11.5,0.0,-0.006071009842193933,178,44.469541409993155,0.29775280898876405,-0.20377640529233085,0.7458226547923528,9.0,0.0056179775280898875,-0.022641822810258984
meanrev,2.0,3.0,815,"{""family"": ""meanrev"", ""min_ddv"": 10000000.0, ""min_price"": 5.0, ""regime"": ""none"", ""trend"": true, ""mom_min"": 0.15, ""rsi2_max"": 100.0, ""rsi14_max"": 50.0, ""ret21_max"": 1.0, ""dist_ema20_max"": 0.0, ""dist_ema50_min"": -1.0, ""dist_hh60_min"": -0.05, ""atr_ratio_max"": 10.0, ""vol_ratio_min"": 0.0, ""up_close"": true, ""strong_close"": false}",469,66.94759483770042,0.326226012793177,0.2381682251222241,1.31833618301044,19.0,0.0,0.012535169743274953,168,41.97125256673511,0.2916666666666667,0.0910234824534448,1.1187992202135602,15.0,0.0,0.006068232163562987,178,44.469541409993155,0.24719101123595505,-0.1584939563897236,0.8164178066635475,11.0,0.02247191011235955,-0.014408541489974874
meanrev,3.0,0.5,815,"{""family"": ""meanrev"", ""min_ddv"": 10000000.0, ""min_price"": 5.0, ""regime"": ""none"", ""trend"": true, ""mom_min"": 0.15, ""rsi2_max"": 100.0, ""rsi14_max"": 50.0, ""ret21_max"": 1.0, ""dist_ema20_max"": 0.0, ""dist_ema50_min"": -1.0, ""dist_hh60_min"": -0.05, ""atr_ratio_max"": 10.0, ""vol_ratio_min"": 0.0, ""up_close"": true, ""strong_close"": false}",469,66.94759483770042,0.7505330490405118,0.09912095426907366,1.3680074345089606,6.0,0.0,0.01652015904484561,168,41.97125256673511,0.6547619047619048,-0.05458690846612009,0.8495496734283963,7.0,0.0,-0.007798129780874298,178,44.469541409993155,0.5955056179775281,-0.13077360573123056,0.6932491297090281,7.0,0.0056179775280898875,-0.01868194367589008
meanrev,3.0,0.75,815,"{""family"": ""meanrev"", ""min_ddv"": 10000000.0, ""min_price"": 5.0, ""regime"": ""none"", ""trend"": true, ""mom_min"": 0.15, ""rsi2_max"": 100.0, ""rsi14_max"": 50.0, ""ret21_max"": 1.0, ""dist_ema20_max"": 0.0, ""dist_ema50_min"": -1.0, ""dist_hh60_min"": -0.05, ""atr_ratio_max"": 10.0, ""vol_ratio_min"": 0.0, ""up_close"": true, ""strong_close"": false}",469,66.94759483770042,0.6588486140724946,0.11902849397575842,1.3252141822479584,9.0,0.0,0.013225388219528712,168,41.97125256673511,0.5833333333333334,-0.016253132287269517,0.962789975728896,11.0,0.0,-0.0014775574806608653,178,44.469541409993155,0.5056179775280899,-0.14682809994622825,0.7287637879488149,8.0,0.0056179775280898875,-0.01835351249327853
meanrev,3.0,1.0,815,"{""family"": ""meanrev"", ""min_ddv"": 10000000.0, ""min_price"": 5.0, ""regime"": ""none"", ""trend"": true, ""mom_min"": 0.15, ""rsi2_max"": 100.0, ""rsi14_max"": 50.0, ""ret21_max"": 1.0, ""dist_ema20_max"": 0.0, ""dist_ema50_min"": -1.0, ""dist_hh60_min"": -0.05, ""atr_ratio_max"": 10.0, ""vol_ratio_min"": 0.0, ""up_close"": true, ""strong_close"": false}",469,66.94759483770042,0.605543710021322,0.16746776415280545,1.3943348194850993,13.0,0.0,0.012882135704061957,168,41.97125256673511,0.5476190476190477,0.05294508700706248,1.1116793677366752,13.0,0.0,0.004072699000543268,178,44.469541409993155,0.46629213483146065,-0.10947026495253143,0.8119480664309335,10.0,0.0056179775280898875,-0.010947026495253143
meanrev,3.0,1.5,815,"{""family"": ""meanrev"", ""min_ddv"": 10000000.0, ""min_price"": 5.0, ""regime"": ""none"", ""trend"": true, ""mom_min"": 0.15, ""rsi2_max"": 100.0, ""rsi14_max"": 50.0, ""ret21_max"": 1.0, ""dist_ema20_max"": 0.0, ""dist_ema50_min"": -1.0, ""dist_hh60_min"": -0.05, ""atr_ratio_max"": 10.0, ""vol_ratio_min"": 0.0, ""up_close"": true, ""strong_close"": false}",469,66.94759483770042,0.4925373134328358,0.1886739729938094,1.3458376890955095,20.0,0.0,0.009433698649690469,168,41.97125256673511,0.4583333333333333,0.10479042318890375,1.184315318252057,23.0,0.0,0.004556105356039293,178,44.469541409993155,0.38202247191011235,-0.09789711365715915,0.8537931959933666,14.0,0.0056179775280898875,-0.006992650975511368
meanrev,3.0,2.0,815,"{""family"": ""meanrev"", ""min_ddv"": 10000000.0, ""min_price"": 5.0, ""regime"": ""none"", ""trend"": true, ""mom_min"": 0.15, ""rsi2_max"": 100.0, ""rsi14_max"": 50.0, ""ret21_max"": 1.0, ""dist_ema20_max"": 0.0, ""dist_ema50_min"": -1.0, ""dist_hh60_min"": -0.05, ""atr_ratio_max"": 10.0, ""vol_ratio_min"": 0.0, ""up_close"": true, ""strong_close"": false}",469,66.94759483770042,0.44349680170575695,0.2906617157871041,1.4862534910653544,26.0,0.0,0.011179296761042465,168,41.97125256673511,0.4166666666666667,0.2057719440590499,1.335991521754454,28.5,0.0,0.007220068212598242,178,44.469541409993155,0.3202247191011236,-0.13075599228116122,0.8248664290348215,16.0,0.02247191011235955,-0.008172249517572576
meanrev,3.0,3.0,815,"{""family"": ""meanrev"", ""min_ddv"": 10000000.0, ""min_price"": 5.0, ""regime"": ""none"", ""trend"": true, ""mom_min"": 0.15, ""rsi2_max"": 100.0, ""rsi14_max"": 50.0, ""ret21_max"": 1.0, ""dist_ema20_max"": 0.0, ""dist_ema50_min"": -1.0, ""dist_hh60_min"": -0.05, ""atr_ratio_max"": 10.0, ""vol_ratio_min"": 0.0, ""up_close"": true, ""strong_close"": false}",469,66.94759483770042,0.3859275053304904,0.49069703285085986,1.7401418086123754,37.0,0.0,0.013262081968942158,168,41.97125256673511,0.31547619047619047,0.21202760395894762,1.2930200911238423,38.5,0.0,0.005507210492440198,178,44.469541409993155,0.2696629213483146,-0.04524077652051372,0.9438747927897506,19.0,0.02247191011235955,-0.0023810935010796694
